configuration_id,study,dataset,condition,view,arm,budget,reference_only,fit_seed,perturbation_seed,source_record_index,source_path,true_class,predicted_class,count
PX080-0000,PX080,UNRAVELED,clean,,current_roles,,False,20260924,,0,px080_context_selector/results/METRICS.json,Benign,Benign,192076
PX080-0000,PX080,UNRAVELED,clean,,current_roles,,False,20260924,,0,px080_context_selector/results/METRICS.json,Benign,OtherAttackStage,1
PX080-0000,PX080,UNRAVELED,clean,,current_roles,,False,20260924,,0,px080_context_selector/results/METRICS.json,Benign,LateralMovement,115
PX080-0000,PX080,UNRAVELED,clean,,current_roles,,False,20260924,,0,px080_context_selector/results/METRICS.json,Benign,DataExfiltration,1
PX080-0000,PX080,UNRAVELED,clean,,current_roles,,False,20260924,,0,px080_context_selector/results/METRICS.json,OtherAttackStage,Benign,39
PX080-0000,PX080,UNRAVELED,clean,,current_roles,,False,20260924,,0,px080_context_selector/results/METRICS.json,OtherAttackStage,OtherAttackStage,12034
PX080-0000,PX080,UNRAVELED,clean,,current_roles,,False,20260924,,0,px080_context_selector/results/METRICS.json,OtherAttackStage,LateralMovement,0
PX080-0000,PX080,UNRAVELED,clean,,current_roles,,False,20260924,,0,px080_context_selector/results/METRICS.json,OtherAttackStage,DataExfiltration,351
PX080-0000,PX080,UNRAVELED,clean,,current_roles,,False,20260924,,0,px080_context_selector/results/METRICS.json,LateralMovement,Benign,9
PX080-0000,PX080,UNRAVELED,clean,,current_roles,,False,20260924,,0,px080_context_selector/results/METRICS.json,LateralMovement,OtherAttackStage,0
PX080-0000,PX080,UNRAVELED,clean,,current_roles,,False,20260924,,0,px080_context_selector/results/METRICS.json,LateralMovement,LateralMovement,26
PX080-0000,PX080,UNRAVELED,clean,,current_roles,,False,20260924,,0,px080_context_selector/results/METRICS.json,LateralMovement,DataExfiltration,0
PX080-0000,PX080,UNRAVELED,clean,,current_roles,,False,20260924,,0,px080_context_selector/results/METRICS.json,DataExfiltration,Benign,1118
PX080-0000,PX080,UNRAVELED,clean,,current_roles,,False,20260924,,0,px080_context_selector/results/METRICS.json,DataExfiltration,OtherAttackStage,0
PX080-0000,PX080,UNRAVELED,clean,,current_roles,,False,20260924,,0,px080_context_selector/results/METRICS.json,DataExfiltration,LateralMovement,0
PX080-0000,PX080,UNRAVELED,clean,,current_roles,,False,20260924,,0,px080_context_selector/results/METRICS.json,DataExfiltration,DataExfiltration,2324
PX080-0001,PX080,UNRAVELED,clean,,context,,False,20260924,,1,px080_context_selector/results/METRICS.json,Benign,Benign,192151
PX080-0001,PX080,UNRAVELED,clean,,context,,False,20260924,,1,px080_context_selector/results/METRICS.json,Benign,OtherAttackStage,1
PX080-0001,PX080,UNRAVELED,clean,,context,,False,20260924,,1,px080_context_selector/results/METRICS.json,Benign,LateralMovement,40
PX080-0001,PX080,UNRAVELED,clean,,context,,False,20260924,,1,px080_context_selector/results/METRICS.json,Benign,DataExfiltration,1
PX080-0001,PX080,UNRAVELED,clean,,context,,False,20260924,,1,px080_context_selector/results/METRICS.json,OtherAttackStage,Benign,63
PX080-0001,PX080,UNRAVELED,clean,,context,,False,20260924,,1,px080_context_selector/results/METRICS.json,OtherAttackStage,OtherAttackStage,12053
PX080-0001,PX080,UNRAVELED,clean,,context,,False,20260924,,1,px080_context_selector/results/METRICS.json,OtherAttackStage,LateralMovement,0
PX080-0001,PX080,UNRAVELED,clean,,context,,False,20260924,,1,px080_context_selector/results/METRICS.json,OtherAttackStage,DataExfiltration,308
PX080-0001,PX080,UNRAVELED,clean,,context,,False,20260924,,1,px080_context_selector/results/METRICS.json,LateralMovement,Benign,19
PX080-0001,PX080,UNRAVELED,clean,,context,,False,20260924,,1,px080_context_selector/results/METRICS.json,LateralMovement,OtherAttackStage,0
PX080-0001,PX080,UNRAVELED,clean,,context,,False,20260924,,1,px080_context_selector/results/METRICS.json,LateralMovement,LateralMovement,16
PX080-0001,PX080,UNRAVELED,clean,,context,,False,20260924,,1,px080_context_selector/results/METRICS.json,LateralMovement,DataExfiltration,0
PX080-0001,PX080,UNRAVELED,clean,,context,,False,20260924,,1,px080_context_selector/results/METRICS.json,DataExfiltration,Benign,1120
PX080-0001,PX080,UNRAVELED,clean,,context,,False,20260924,,1,px080_context_selector/results/METRICS.json,DataExfiltration,OtherAttackStage,1
PX080-0001,PX080,UNRAVELED,clean,,context,,False,20260924,,1,px080_context_selector/results/METRICS.json,DataExfiltration,LateralMovement,8
PX080-0001,PX080,UNRAVELED,clean,,context,,False,20260924,,1,px080_context_selector/results/METRICS.json,DataExfiltration,DataExfiltration,2313
PX080-0002,PX080,UNRAVELED,clean,,fixed_fusion,,False,20260924,,2,px080_context_selector/results/METRICS.json,Benign,Benign,192142
PX080-0002,PX080,UNRAVELED,clean,,fixed_fusion,,False,20260924,,2,px080_context_selector/results/METRICS.json,Benign,OtherAttackStage,0
PX080-0002,PX080,UNRAVELED,clean,,fixed_fusion,,False,20260924,,2,px080_context_selector/results/METRICS.json,Benign,LateralMovement,51
PX080-0002,PX080,UNRAVELED,clean,,fixed_fusion,,False,20260924,,2,px080_context_selector/results/METRICS.json,Benign,DataExfiltration,0
PX080-0002,PX080,UNRAVELED,clean,,fixed_fusion,,False,20260924,,2,px080_context_selector/results/METRICS.json,OtherAttackStage,Benign,50
PX080-0002,PX080,UNRAVELED,clean,,fixed_fusion,,False,20260924,,2,px080_context_selector/results/METRICS.json,OtherAttackStage,OtherAttackStage,12057
PX080-0002,PX080,UNRAVELED,clean,,fixed_fusion,,False,20260924,,2,px080_context_selector/results/METRICS.json,OtherAttackStage,LateralMovement,0
PX080-0002,PX080,UNRAVELED,clean,,fixed_fusion,,False,20260924,,2,px080_context_selector/results/METRICS.json,OtherAttackStage,DataExfiltration,317
PX080-0002,PX080,UNRAVELED,clean,,fixed_fusion,,False,20260924,,2,px080_context_selector/results/METRICS.json,LateralMovement,Benign,18
PX080-0002,PX080,UNRAVELED,clean,,fixed_fusion,,False,20260924,,2,px080_context_selector/results/METRICS.json,LateralMovement,OtherAttackStage,0
PX080-0002,PX080,UNRAVELED,clean,,fixed_fusion,,False,20260924,,2,px080_context_selector/results/METRICS.json,LateralMovement,LateralMovement,17
PX080-0002,PX080,UNRAVELED,clean,,fixed_fusion,,False,20260924,,2,px080_context_selector/results/METRICS.json,LateralMovement,DataExfiltration,0
PX080-0002,PX080,UNRAVELED,clean,,fixed_fusion,,False,20260924,,2,px080_context_selector/results/METRICS.json,DataExfiltration,Benign,1120
PX080-0002,PX080,UNRAVELED,clean,,fixed_fusion,,False,20260924,,2,px080_context_selector/results/METRICS.json,DataExfiltration,OtherAttackStage,1
PX080-0002,PX080,UNRAVELED,clean,,fixed_fusion,,False,20260924,,2,px080_context_selector/results/METRICS.json,DataExfiltration,LateralMovement,0
PX080-0002,PX080,UNRAVELED,clean,,fixed_fusion,,False,20260924,,2,px080_context_selector/results/METRICS.json,DataExfiltration,DataExfiltration,2321
PX080-0003,PX080,UNRAVELED,clean,,confidence_gate,,False,20260924,,3,px080_context_selector/results/METRICS.json,Benign,Benign,192141
PX080-0003,PX080,UNRAVELED,clean,,confidence_gate,,False,20260924,,3,px080_context_selector/results/METRICS.json,Benign,OtherAttackStage,0
PX080-0003,PX080,UNRAVELED,clean,,confidence_gate,,False,20260924,,3,px080_context_selector/results/METRICS.json,Benign,LateralMovement,52
PX080-0003,PX080,UNRAVELED,clean,,confidence_gate,,False,20260924,,3,px080_context_selector/results/METRICS.json,Benign,DataExfiltration,0
PX080-0003,PX080,UNRAVELED,clean,,confidence_gate,,False,20260924,,3,px080_context_selector/results/METRICS.json,OtherAttackStage,Benign,50
PX080-0003,PX080,UNRAVELED,clean,,confidence_gate,,False,20260924,,3,px080_context_selector/results/METRICS.json,OtherAttackStage,OtherAttackStage,12058
PX080-0003,PX080,UNRAVELED,clean,,confidence_gate,,False,20260924,,3,px080_context_selector/results/METRICS.json,OtherAttackStage,LateralMovement,0
PX080-0003,PX080,UNRAVELED,clean,,confidence_gate,,False,20260924,,3,px080_context_selector/results/METRICS.json,OtherAttackStage,DataExfiltration,316
PX080-0003,PX080,UNRAVELED,clean,,confidence_gate,,False,20260924,,3,px080_context_selector/results/METRICS.json,LateralMovement,Benign,18
PX080-0003,PX080,UNRAVELED,clean,,confidence_gate,,False,20260924,,3,px080_context_selector/results/METRICS.json,LateralMovement,OtherAttackStage,0
PX080-0003,PX080,UNRAVELED,clean,,confidence_gate,,False,20260924,,3,px080_context_selector/results/METRICS.json,LateralMovement,LateralMovement,17
PX080-0003,PX080,UNRAVELED,clean,,confidence_gate,,False,20260924,,3,px080_context_selector/results/METRICS.json,LateralMovement,DataExfiltration,0
PX080-0003,PX080,UNRAVELED,clean,,confidence_gate,,False,20260924,,3,px080_context_selector/results/METRICS.json,DataExfiltration,Benign,1120
PX080-0003,PX080,UNRAVELED,clean,,confidence_gate,,False,20260924,,3,px080_context_selector/results/METRICS.json,DataExfiltration,OtherAttackStage,1
PX080-0003,PX080,UNRAVELED,clean,,confidence_gate,,False,20260924,,3,px080_context_selector/results/METRICS.json,DataExfiltration,LateralMovement,0
PX080-0003,PX080,UNRAVELED,clean,,confidence_gate,,False,20260924,,3,px080_context_selector/results/METRICS.json,DataExfiltration,DataExfiltration,2321
PX080-0004,PX080,UNRAVELED,clean,,ordinary_gate,,False,20260924,,4,px080_context_selector/results/METRICS.json,Benign,Benign,192139
PX080-0004,PX080,UNRAVELED,clean,,ordinary_gate,,False,20260924,,4,px080_context_selector/results/METRICS.json,Benign,OtherAttackStage,2
PX080-0004,PX080,UNRAVELED,clean,,ordinary_gate,,False,20260924,,4,px080_context_selector/results/METRICS.json,Benign,LateralMovement,52
PX080-0004,PX080,UNRAVELED,clean,,ordinary_gate,,False,20260924,,4,px080_context_selector/results/METRICS.json,Benign,DataExfiltration,0
PX080-0004,PX080,UNRAVELED,clean,,ordinary_gate,,False,20260924,,4,px080_context_selector/results/METRICS.json,OtherAttackStage,Benign,41
PX080-0004,PX080,UNRAVELED,clean,,ordinary_gate,,False,20260924,,4,px080_context_selector/results/METRICS.json,OtherAttackStage,OtherAttackStage,12061
PX080-0004,PX080,UNRAVELED,clean,,ordinary_gate,,False,20260924,,4,px080_context_selector/results/METRICS.json,OtherAttackStage,LateralMovement,0
PX080-0004,PX080,UNRAVELED,clean,,ordinary_gate,,False,20260924,,4,px080_context_selector/results/METRICS.json,OtherAttackStage,DataExfiltration,322
PX080-0004,PX080,UNRAVELED,clean,,ordinary_gate,,False,20260924,,4,px080_context_selector/results/METRICS.json,LateralMovement,Benign,16
PX080-0004,PX080,UNRAVELED,clean,,ordinary_gate,,False,20260924,,4,px080_context_selector/results/METRICS.json,LateralMovement,OtherAttackStage,0
PX080-0004,PX080,UNRAVELED,clean,,ordinary_gate,,False,20260924,,4,px080_context_selector/results/METRICS.json,LateralMovement,LateralMovement,19
PX080-0004,PX080,UNRAVELED,clean,,ordinary_gate,,False,20260924,,4,px080_context_selector/results/METRICS.json,LateralMovement,DataExfiltration,0
PX080-0004,PX080,UNRAVELED,clean,,ordinary_gate,,False,20260924,,4,px080_context_selector/results/METRICS.json,DataExfiltration,Benign,1112
PX080-0004,PX080,UNRAVELED,clean,,ordinary_gate,,False,20260924,,4,px080_context_selector/results/METRICS.json,DataExfiltration,OtherAttackStage,1
PX080-0004,PX080,UNRAVELED,clean,,ordinary_gate,,False,20260924,,4,px080_context_selector/results/METRICS.json,DataExfiltration,LateralMovement,6
PX080-0004,PX080,UNRAVELED,clean,,ordinary_gate,,False,20260924,,4,px080_context_selector/results/METRICS.json,DataExfiltration,DataExfiltration,2323
PX080-0005,PX080,UNRAVELED,clean,,stage_harm_gate,,False,20260924,,5,px080_context_selector/results/METRICS.json,Benign,Benign,192098
PX080-0005,PX080,UNRAVELED,clean,,stage_harm_gate,,False,20260924,,5,px080_context_selector/results/METRICS.json,Benign,OtherAttackStage,2
PX080-0005,PX080,UNRAVELED,clean,,stage_harm_gate,,False,20260924,,5,px080_context_selector/results/METRICS.json,Benign,LateralMovement,92
PX080-0005,PX080,UNRAVELED,clean,,stage_harm_gate,,False,20260924,,5,px080_context_selector/results/METRICS.json,Benign,DataExfiltration,1
PX080-0005,PX080,UNRAVELED,clean,,stage_harm_gate,,False,20260924,,5,px080_context_selector/results/METRICS.json,OtherAttackStage,Benign,47
PX080-0005,PX080,UNRAVELED,clean,,stage_harm_gate,,False,20260924,,5,px080_context_selector/results/METRICS.json,OtherAttackStage,OtherAttackStage,12062
PX080-0005,PX080,UNRAVELED,clean,,stage_harm_gate,,False,20260924,,5,px080_context_selector/results/METRICS.json,OtherAttackStage,LateralMovement,0
PX080-0005,PX080,UNRAVELED,clean,,stage_harm_gate,,False,20260924,,5,px080_context_selector/results/METRICS.json,OtherAttackStage,DataExfiltration,315
PX080-0005,PX080,UNRAVELED,clean,,stage_harm_gate,,False,20260924,,5,px080_context_selector/results/METRICS.json,LateralMovement,Benign,14
PX080-0005,PX080,UNRAVELED,clean,,stage_harm_gate,,False,20260924,,5,px080_context_selector/results/METRICS.json,LateralMovement,OtherAttackStage,0
PX080-0005,PX080,UNRAVELED,clean,,stage_harm_gate,,False,20260924,,5,px080_context_selector/results/METRICS.json,LateralMovement,LateralMovement,21
PX080-0005,PX080,UNRAVELED,clean,,stage_harm_gate,,False,20260924,,5,px080_context_selector/results/METRICS.json,LateralMovement,DataExfiltration,0
PX080-0005,PX080,UNRAVELED,clean,,stage_harm_gate,,False,20260924,,5,px080_context_selector/results/METRICS.json,DataExfiltration,Benign,1119
PX080-0005,PX080,UNRAVELED,clean,,stage_harm_gate,,False,20260924,,5,px080_context_selector/results/METRICS.json,DataExfiltration,OtherAttackStage,1
PX080-0005,PX080,UNRAVELED,clean,,stage_harm_gate,,False,20260924,,5,px080_context_selector/results/METRICS.json,DataExfiltration,LateralMovement,8
PX080-0005,PX080,UNRAVELED,clean,,stage_harm_gate,,False,20260924,,5,px080_context_selector/results/METRICS.json,DataExfiltration,DataExfiltration,2314
PX080-0006,PX080,UNRAVELED,clean,,context_dropout,,False,20260924,,6,px080_context_selector/results/METRICS.json,Benign,Benign,192130
PX080-0006,PX080,UNRAVELED,clean,,context_dropout,,False,20260924,,6,px080_context_selector/results/METRICS.json,Benign,OtherAttackStage,9
PX080-0006,PX080,UNRAVELED,clean,,context_dropout,,False,20260924,,6,px080_context_selector/results/METRICS.json,Benign,LateralMovement,43
PX080-0006,PX080,UNRAVELED,clean,,context_dropout,,False,20260924,,6,px080_context_selector/results/METRICS.json,Benign,DataExfiltration,11
PX080-0006,PX080,UNRAVELED,clean,,context_dropout,,False,20260924,,6,px080_context_selector/results/METRICS.json,OtherAttackStage,Benign,37
PX080-0006,PX080,UNRAVELED,clean,,context_dropout,,False,20260924,,6,px080_context_selector/results/METRICS.json,OtherAttackStage,OtherAttackStage,12065
PX080-0006,PX080,UNRAVELED,clean,,context_dropout,,False,20260924,,6,px080_context_selector/results/METRICS.json,OtherAttackStage,LateralMovement,0
PX080-0006,PX080,UNRAVELED,clean,,context_dropout,,False,20260924,,6,px080_context_selector/results/METRICS.json,OtherAttackStage,DataExfiltration,322
PX080-0006,PX080,UNRAVELED,clean,,context_dropout,,False,20260924,,6,px080_context_selector/results/METRICS.json,LateralMovement,Benign,19
PX080-0006,PX080,UNRAVELED,clean,,context_dropout,,False,20260924,,6,px080_context_selector/results/METRICS.json,LateralMovement,OtherAttackStage,0
PX080-0006,PX080,UNRAVELED,clean,,context_dropout,,False,20260924,,6,px080_context_selector/results/METRICS.json,LateralMovement,LateralMovement,16
PX080-0006,PX080,UNRAVELED,clean,,context_dropout,,False,20260924,,6,px080_context_selector/results/METRICS.json,LateralMovement,DataExfiltration,0
PX080-0006,PX080,UNRAVELED,clean,,context_dropout,,False,20260924,,6,px080_context_selector/results/METRICS.json,DataExfiltration,Benign,1111
PX080-0006,PX080,UNRAVELED,clean,,context_dropout,,False,20260924,,6,px080_context_selector/results/METRICS.json,DataExfiltration,OtherAttackStage,1
PX080-0006,PX080,UNRAVELED,clean,,context_dropout,,False,20260924,,6,px080_context_selector/results/METRICS.json,DataExfiltration,LateralMovement,8
PX080-0006,PX080,UNRAVELED,clean,,context_dropout,,False,20260924,,6,px080_context_selector/results/METRICS.json,DataExfiltration,DataExfiltration,2322
PX080-0007,PX080,UNRAVELED,missing_half,,current_roles,,False,20260924,,7,px080_context_selector/results/METRICS.json,Benign,Benign,192076
PX080-0007,PX080,UNRAVELED,missing_half,,current_roles,,False,20260924,,7,px080_context_selector/results/METRICS.json,Benign,OtherAttackStage,1
PX080-0007,PX080,UNRAVELED,missing_half,,current_roles,,False,20260924,,7,px080_context_selector/results/METRICS.json,Benign,LateralMovement,115
PX080-0007,PX080,UNRAVELED,missing_half,,current_roles,,False,20260924,,7,px080_context_selector/results/METRICS.json,Benign,DataExfiltration,1
PX080-0007,PX080,UNRAVELED,missing_half,,current_roles,,False,20260924,,7,px080_context_selector/results/METRICS.json,OtherAttackStage,Benign,39
PX080-0007,PX080,UNRAVELED,missing_half,,current_roles,,False,20260924,,7,px080_context_selector/results/METRICS.json,OtherAttackStage,OtherAttackStage,12034
PX080-0007,PX080,UNRAVELED,missing_half,,current_roles,,False,20260924,,7,px080_context_selector/results/METRICS.json,OtherAttackStage,LateralMovement,0
PX080-0007,PX080,UNRAVELED,missing_half,,current_roles,,False,20260924,,7,px080_context_selector/results/METRICS.json,OtherAttackStage,DataExfiltration,351
PX080-0007,PX080,UNRAVELED,missing_half,,current_roles,,False,20260924,,7,px080_context_selector/results/METRICS.json,LateralMovement,Benign,9
PX080-0007,PX080,UNRAVELED,missing_half,,current_roles,,False,20260924,,7,px080_context_selector/results/METRICS.json,LateralMovement,OtherAttackStage,0
PX080-0007,PX080,UNRAVELED,missing_half,,current_roles,,False,20260924,,7,px080_context_selector/results/METRICS.json,LateralMovement,LateralMovement,26
PX080-0007,PX080,UNRAVELED,missing_half,,current_roles,,False,20260924,,7,px080_context_selector/results/METRICS.json,LateralMovement,DataExfiltration,0
PX080-0007,PX080,UNRAVELED,missing_half,,current_roles,,False,20260924,,7,px080_context_selector/results/METRICS.json,DataExfiltration,Benign,1118
PX080-0007,PX080,UNRAVELED,missing_half,,current_roles,,False,20260924,,7,px080_context_selector/results/METRICS.json,DataExfiltration,OtherAttackStage,0
PX080-0007,PX080,UNRAVELED,missing_half,,current_roles,,False,20260924,,7,px080_context_selector/results/METRICS.json,DataExfiltration,LateralMovement,0
PX080-0007,PX080,UNRAVELED,missing_half,,current_roles,,False,20260924,,7,px080_context_selector/results/METRICS.json,DataExfiltration,DataExfiltration,2324
PX080-0008,PX080,UNRAVELED,missing_half,,context,,False,20260924,,8,px080_context_selector/results/METRICS.json,Benign,Benign,192168
PX080-0008,PX080,UNRAVELED,missing_half,,context,,False,20260924,,8,px080_context_selector/results/METRICS.json,Benign,OtherAttackStage,1
PX080-0008,PX080,UNRAVELED,missing_half,,context,,False,20260924,,8,px080_context_selector/results/METRICS.json,Benign,LateralMovement,24
PX080-0008,PX080,UNRAVELED,missing_half,,context,,False,20260924,,8,px080_context_selector/results/METRICS.json,Benign,DataExfiltration,0
PX080-0008,PX080,UNRAVELED,missing_half,,context,,False,20260924,,8,px080_context_selector/results/METRICS.json,OtherAttackStage,Benign,6177
PX080-0008,PX080,UNRAVELED,missing_half,,context,,False,20260924,,8,px080_context_selector/results/METRICS.json,OtherAttackStage,OtherAttackStage,5986
PX080-0008,PX080,UNRAVELED,missing_half,,context,,False,20260924,,8,px080_context_selector/results/METRICS.json,OtherAttackStage,LateralMovement,0
PX080-0008,PX080,UNRAVELED,missing_half,,context,,False,20260924,,8,px080_context_selector/results/METRICS.json,OtherAttackStage,DataExfiltration,261
PX080-0008,PX080,UNRAVELED,missing_half,,context,,False,20260924,,8,px080_context_selector/results/METRICS.json,LateralMovement,Benign,25
PX080-0008,PX080,UNRAVELED,missing_half,,context,,False,20260924,,8,px080_context_selector/results/METRICS.json,LateralMovement,OtherAttackStage,0
PX080-0008,PX080,UNRAVELED,missing_half,,context,,False,20260924,,8,px080_context_selector/results/METRICS.json,LateralMovement,LateralMovement,10
PX080-0008,PX080,UNRAVELED,missing_half,,context,,False,20260924,,8,px080_context_selector/results/METRICS.json,LateralMovement,DataExfiltration,0
PX080-0008,PX080,UNRAVELED,missing_half,,context,,False,20260924,,8,px080_context_selector/results/METRICS.json,DataExfiltration,Benign,1132
PX080-0008,PX080,UNRAVELED,missing_half,,context,,False,20260924,,8,px080_context_selector/results/METRICS.json,DataExfiltration,OtherAttackStage,1
PX080-0008,PX080,UNRAVELED,missing_half,,context,,False,20260924,,8,px080_context_selector/results/METRICS.json,DataExfiltration,LateralMovement,5
PX080-0008,PX080,UNRAVELED,missing_half,,context,,False,20260924,,8,px080_context_selector/results/METRICS.json,DataExfiltration,DataExfiltration,2304
PX080-0009,PX080,UNRAVELED,missing_half,,fixed_fusion,,False,20260924,,9,px080_context_selector/results/METRICS.json,Benign,Benign,192154
PX080-0009,PX080,UNRAVELED,missing_half,,fixed_fusion,,False,20260924,,9,px080_context_selector/results/METRICS.json,Benign,OtherAttackStage,0
PX080-0009,PX080,UNRAVELED,missing_half,,fixed_fusion,,False,20260924,,9,px080_context_selector/results/METRICS.json,Benign,LateralMovement,39
PX080-0009,PX080,UNRAVELED,missing_half,,fixed_fusion,,False,20260924,,9,px080_context_selector/results/METRICS.json,Benign,DataExfiltration,0
PX080-0009,PX080,UNRAVELED,missing_half,,fixed_fusion,,False,20260924,,9,px080_context_selector/results/METRICS.json,OtherAttackStage,Benign,102
PX080-0009,PX080,UNRAVELED,missing_half,,fixed_fusion,,False,20260924,,9,px080_context_selector/results/METRICS.json,OtherAttackStage,OtherAttackStage,12022
PX080-0009,PX080,UNRAVELED,missing_half,,fixed_fusion,,False,20260924,,9,px080_context_selector/results/METRICS.json,OtherAttackStage,LateralMovement,0
PX080-0009,PX080,UNRAVELED,missing_half,,fixed_fusion,,False,20260924,,9,px080_context_selector/results/METRICS.json,OtherAttackStage,DataExfiltration,300
PX080-0009,PX080,UNRAVELED,missing_half,,fixed_fusion,,False,20260924,,9,px080_context_selector/results/METRICS.json,LateralMovement,Benign,22
PX080-0009,PX080,UNRAVELED,missing_half,,fixed_fusion,,False,20260924,,9,px080_context_selector/results/METRICS.json,LateralMovement,OtherAttackStage,0
PX080-0009,PX080,UNRAVELED,missing_half,,fixed_fusion,,False,20260924,,9,px080_context_selector/results/METRICS.json,LateralMovement,LateralMovement,13
PX080-0009,PX080,UNRAVELED,missing_half,,fixed_fusion,,False,20260924,,9,px080_context_selector/results/METRICS.json,LateralMovement,DataExfiltration,0
PX080-0009,PX080,UNRAVELED,missing_half,,fixed_fusion,,False,20260924,,9,px080_context_selector/results/METRICS.json,DataExfiltration,Benign,1124
PX080-0009,PX080,UNRAVELED,missing_half,,fixed_fusion,,False,20260924,,9,px080_context_selector/results/METRICS.json,DataExfiltration,OtherAttackStage,1
PX080-0009,PX080,UNRAVELED,missing_half,,fixed_fusion,,False,20260924,,9,px080_context_selector/results/METRICS.json,DataExfiltration,LateralMovement,0
PX080-0009,PX080,UNRAVELED,missing_half,,fixed_fusion,,False,20260924,,9,px080_context_selector/results/METRICS.json,DataExfiltration,DataExfiltration,2317
PX080-0010,PX080,UNRAVELED,missing_half,,confidence_gate,,False,20260924,,10,px080_context_selector/results/METRICS.json,Benign,Benign,192154
PX080-0010,PX080,UNRAVELED,missing_half,,confidence_gate,,False,20260924,,10,px080_context_selector/results/METRICS.json,Benign,OtherAttackStage,0
PX080-0010,PX080,UNRAVELED,missing_half,,confidence_gate,,False,20260924,,10,px080_context_selector/results/METRICS.json,Benign,LateralMovement,39
PX080-0010,PX080,UNRAVELED,missing_half,,confidence_gate,,False,20260924,,10,px080_context_selector/results/METRICS.json,Benign,DataExfiltration,0
PX080-0010,PX080,UNRAVELED,missing_half,,confidence_gate,,False,20260924,,10,px080_context_selector/results/METRICS.json,OtherAttackStage,Benign,142
PX080-0010,PX080,UNRAVELED,missing_half,,confidence_gate,,False,20260924,,10,px080_context_selector/results/METRICS.json,OtherAttackStage,OtherAttackStage,11992
PX080-0010,PX080,UNRAVELED,missing_half,,confidence_gate,,False,20260924,,10,px080_context_selector/results/METRICS.json,OtherAttackStage,LateralMovement,0
PX080-0010,PX080,UNRAVELED,missing_half,,confidence_gate,,False,20260924,,10,px080_context_selector/results/METRICS.json,OtherAttackStage,DataExfiltration,290
PX080-0010,PX080,UNRAVELED,missing_half,,confidence_gate,,False,20260924,,10,px080_context_selector/results/METRICS.json,LateralMovement,Benign,22
PX080-0010,PX080,UNRAVELED,missing_half,,confidence_gate,,False,20260924,,10,px080_context_selector/results/METRICS.json,LateralMovement,OtherAttackStage,0
PX080-0010,PX080,UNRAVELED,missing_half,,confidence_gate,,False,20260924,,10,px080_context_selector/results/METRICS.json,LateralMovement,LateralMovement,13
PX080-0010,PX080,UNRAVELED,missing_half,,confidence_gate,,False,20260924,,10,px080_context_selector/results/METRICS.json,LateralMovement,DataExfiltration,0
PX080-0010,PX080,UNRAVELED,missing_half,,confidence_gate,,False,20260924,,10,px080_context_selector/results/METRICS.json,DataExfiltration,Benign,1124
PX080-0010,PX080,UNRAVELED,missing_half,,confidence_gate,,False,20260924,,10,px080_context_selector/results/METRICS.json,DataExfiltration,OtherAttackStage,1
PX080-0010,PX080,UNRAVELED,missing_half,,confidence_gate,,False,20260924,,10,px080_context_selector/results/METRICS.json,DataExfiltration,LateralMovement,0
PX080-0010,PX080,UNRAVELED,missing_half,,confidence_gate,,False,20260924,,10,px080_context_selector/results/METRICS.json,DataExfiltration,DataExfiltration,2317
PX080-0011,PX080,UNRAVELED,missing_half,,ordinary_gate,,False,20260924,,11,px080_context_selector/results/METRICS.json,Benign,Benign,192154
PX080-0011,PX080,UNRAVELED,missing_half,,ordinary_gate,,False,20260924,,11,px080_context_selector/results/METRICS.json,Benign,OtherAttackStage,2
PX080-0011,PX080,UNRAVELED,missing_half,,ordinary_gate,,False,20260924,,11,px080_context_selector/results/METRICS.json,Benign,LateralMovement,36
PX080-0011,PX080,UNRAVELED,missing_half,,ordinary_gate,,False,20260924,,11,px080_context_selector/results/METRICS.json,Benign,DataExfiltration,1
PX080-0011,PX080,UNRAVELED,missing_half,,ordinary_gate,,False,20260924,,11,px080_context_selector/results/METRICS.json,OtherAttackStage,Benign,45
PX080-0011,PX080,UNRAVELED,missing_half,,ordinary_gate,,False,20260924,,11,px080_context_selector/results/METRICS.json,OtherAttackStage,OtherAttackStage,12049
PX080-0011,PX080,UNRAVELED,missing_half,,ordinary_gate,,False,20260924,,11,px080_context_selector/results/METRICS.json,OtherAttackStage,LateralMovement,0
PX080-0011,PX080,UNRAVELED,missing_half,,ordinary_gate,,False,20260924,,11,px080_context_selector/results/METRICS.json,OtherAttackStage,DataExfiltration,330
PX080-0011,PX080,UNRAVELED,missing_half,,ordinary_gate,,False,20260924,,11,px080_context_selector/results/METRICS.json,LateralMovement,Benign,22
PX080-0011,PX080,UNRAVELED,missing_half,,ordinary_gate,,False,20260924,,11,px080_context_selector/results/METRICS.json,LateralMovement,OtherAttackStage,0
PX080-0011,PX080,UNRAVELED,missing_half,,ordinary_gate,,False,20260924,,11,px080_context_selector/results/METRICS.json,LateralMovement,LateralMovement,13
PX080-0011,PX080,UNRAVELED,missing_half,,ordinary_gate,,False,20260924,,11,px080_context_selector/results/METRICS.json,LateralMovement,DataExfiltration,0
PX080-0011,PX080,UNRAVELED,missing_half,,ordinary_gate,,False,20260924,,11,px080_context_selector/results/METRICS.json,DataExfiltration,Benign,1113
PX080-0011,PX080,UNRAVELED,missing_half,,ordinary_gate,,False,20260924,,11,px080_context_selector/results/METRICS.json,DataExfiltration,OtherAttackStage,1
PX080-0011,PX080,UNRAVELED,missing_half,,ordinary_gate,,False,20260924,,11,px080_context_selector/results/METRICS.json,DataExfiltration,LateralMovement,5
PX080-0011,PX080,UNRAVELED,missing_half,,ordinary_gate,,False,20260924,,11,px080_context_selector/results/METRICS.json,DataExfiltration,DataExfiltration,2323
PX080-0012,PX080,UNRAVELED,missing_half,,stage_harm_gate,,False,20260924,,12,px080_context_selector/results/METRICS.json,Benign,Benign,192129
PX080-0012,PX080,UNRAVELED,missing_half,,stage_harm_gate,,False,20260924,,12,px080_context_selector/results/METRICS.json,Benign,OtherAttackStage,2
PX080-0012,PX080,UNRAVELED,missing_half,,stage_harm_gate,,False,20260924,,12,px080_context_selector/results/METRICS.json,Benign,LateralMovement,61
PX080-0012,PX080,UNRAVELED,missing_half,,stage_harm_gate,,False,20260924,,12,px080_context_selector/results/METRICS.json,Benign,DataExfiltration,1
PX080-0012,PX080,UNRAVELED,missing_half,,stage_harm_gate,,False,20260924,,12,px080_context_selector/results/METRICS.json,OtherAttackStage,Benign,67
PX080-0012,PX080,UNRAVELED,missing_half,,stage_harm_gate,,False,20260924,,12,px080_context_selector/results/METRICS.json,OtherAttackStage,OtherAttackStage,12050
PX080-0012,PX080,UNRAVELED,missing_half,,stage_harm_gate,,False,20260924,,12,px080_context_selector/results/METRICS.json,OtherAttackStage,LateralMovement,0
PX080-0012,PX080,UNRAVELED,missing_half,,stage_harm_gate,,False,20260924,,12,px080_context_selector/results/METRICS.json,OtherAttackStage,DataExfiltration,307
PX080-0012,PX080,UNRAVELED,missing_half,,stage_harm_gate,,False,20260924,,12,px080_context_selector/results/METRICS.json,LateralMovement,Benign,18
PX080-0012,PX080,UNRAVELED,missing_half,,stage_harm_gate,,False,20260924,,12,px080_context_selector/results/METRICS.json,LateralMovement,OtherAttackStage,0
PX080-0012,PX080,UNRAVELED,missing_half,,stage_harm_gate,,False,20260924,,12,px080_context_selector/results/METRICS.json,LateralMovement,LateralMovement,17
PX080-0012,PX080,UNRAVELED,missing_half,,stage_harm_gate,,False,20260924,,12,px080_context_selector/results/METRICS.json,LateralMovement,DataExfiltration,0
PX080-0012,PX080,UNRAVELED,missing_half,,stage_harm_gate,,False,20260924,,12,px080_context_selector/results/METRICS.json,DataExfiltration,Benign,1130
PX080-0012,PX080,UNRAVELED,missing_half,,stage_harm_gate,,False,20260924,,12,px080_context_selector/results/METRICS.json,DataExfiltration,OtherAttackStage,1
PX080-0012,PX080,UNRAVELED,missing_half,,stage_harm_gate,,False,20260924,,12,px080_context_selector/results/METRICS.json,DataExfiltration,LateralMovement,5
PX080-0012,PX080,UNRAVELED,missing_half,,stage_harm_gate,,False,20260924,,12,px080_context_selector/results/METRICS.json,DataExfiltration,DataExfiltration,2306
PX080-0013,PX080,UNRAVELED,missing_half,,context_dropout,,False,20260924,,13,px080_context_selector/results/METRICS.json,Benign,Benign,192111
PX080-0013,PX080,UNRAVELED,missing_half,,context_dropout,,False,20260924,,13,px080_context_selector/results/METRICS.json,Benign,OtherAttackStage,3
PX080-0013,PX080,UNRAVELED,missing_half,,context_dropout,,False,20260924,,13,px080_context_selector/results/METRICS.json,Benign,LateralMovement,62
PX080-0013,PX080,UNRAVELED,missing_half,,context_dropout,,False,20260924,,13,px080_context_selector/results/METRICS.json,Benign,DataExfiltration,17
PX080-0013,PX080,UNRAVELED,missing_half,,context_dropout,,False,20260924,,13,px080_context_selector/results/METRICS.json,OtherAttackStage,Benign,40
PX080-0013,PX080,UNRAVELED,missing_half,,context_dropout,,False,20260924,,13,px080_context_selector/results/METRICS.json,OtherAttackStage,OtherAttackStage,12053
PX080-0013,PX080,UNRAVELED,missing_half,,context_dropout,,False,20260924,,13,px080_context_selector/results/METRICS.json,OtherAttackStage,LateralMovement,0
PX080-0013,PX080,UNRAVELED,missing_half,,context_dropout,,False,20260924,,13,px080_context_selector/results/METRICS.json,OtherAttackStage,DataExfiltration,331
PX080-0013,PX080,UNRAVELED,missing_half,,context_dropout,,False,20260924,,13,px080_context_selector/results/METRICS.json,LateralMovement,Benign,13
PX080-0013,PX080,UNRAVELED,missing_half,,context_dropout,,False,20260924,,13,px080_context_selector/results/METRICS.json,LateralMovement,OtherAttackStage,0
PX080-0013,PX080,UNRAVELED,missing_half,,context_dropout,,False,20260924,,13,px080_context_selector/results/METRICS.json,LateralMovement,LateralMovement,22
PX080-0013,PX080,UNRAVELED,missing_half,,context_dropout,,False,20260924,,13,px080_context_selector/results/METRICS.json,LateralMovement,DataExfiltration,0
PX080-0013,PX080,UNRAVELED,missing_half,,context_dropout,,False,20260924,,13,px080_context_selector/results/METRICS.json,DataExfiltration,Benign,1109
PX080-0013,PX080,UNRAVELED,missing_half,,context_dropout,,False,20260924,,13,px080_context_selector/results/METRICS.json,DataExfiltration,OtherAttackStage,1
PX080-0013,PX080,UNRAVELED,missing_half,,context_dropout,,False,20260924,,13,px080_context_selector/results/METRICS.json,DataExfiltration,LateralMovement,10
PX080-0013,PX080,UNRAVELED,missing_half,,context_dropout,,False,20260924,,13,px080_context_selector/results/METRICS.json,DataExfiltration,DataExfiltration,2322
PX080-0014,PX080,UNRAVELED,missing_all,,current_roles,,False,20260924,,14,px080_context_selector/results/METRICS.json,Benign,Benign,192076
PX080-0014,PX080,UNRAVELED,missing_all,,current_roles,,False,20260924,,14,px080_context_selector/results/METRICS.json,Benign,OtherAttackStage,1
PX080-0014,PX080,UNRAVELED,missing_all,,current_roles,,False,20260924,,14,px080_context_selector/results/METRICS.json,Benign,LateralMovement,115
PX080-0014,PX080,UNRAVELED,missing_all,,current_roles,,False,20260924,,14,px080_context_selector/results/METRICS.json,Benign,DataExfiltration,1
PX080-0014,PX080,UNRAVELED,missing_all,,current_roles,,False,20260924,,14,px080_context_selector/results/METRICS.json,OtherAttackStage,Benign,39
PX080-0014,PX080,UNRAVELED,missing_all,,current_roles,,False,20260924,,14,px080_context_selector/results/METRICS.json,OtherAttackStage,OtherAttackStage,12034
PX080-0014,PX080,UNRAVELED,missing_all,,current_roles,,False,20260924,,14,px080_context_selector/results/METRICS.json,OtherAttackStage,LateralMovement,0
PX080-0014,PX080,UNRAVELED,missing_all,,current_roles,,False,20260924,,14,px080_context_selector/results/METRICS.json,OtherAttackStage,DataExfiltration,351
PX080-0014,PX080,UNRAVELED,missing_all,,current_roles,,False,20260924,,14,px080_context_selector/results/METRICS.json,LateralMovement,Benign,9
PX080-0014,PX080,UNRAVELED,missing_all,,current_roles,,False,20260924,,14,px080_context_selector/results/METRICS.json,LateralMovement,OtherAttackStage,0
PX080-0014,PX080,UNRAVELED,missing_all,,current_roles,,False,20260924,,14,px080_context_selector/results/METRICS.json,LateralMovement,LateralMovement,26
PX080-0014,PX080,UNRAVELED,missing_all,,current_roles,,False,20260924,,14,px080_context_selector/results/METRICS.json,LateralMovement,DataExfiltration,0
PX080-0014,PX080,UNRAVELED,missing_all,,current_roles,,False,20260924,,14,px080_context_selector/results/METRICS.json,DataExfiltration,Benign,1118
PX080-0014,PX080,UNRAVELED,missing_all,,current_roles,,False,20260924,,14,px080_context_selector/results/METRICS.json,DataExfiltration,OtherAttackStage,0
PX080-0014,PX080,UNRAVELED,missing_all,,current_roles,,False,20260924,,14,px080_context_selector/results/METRICS.json,DataExfiltration,LateralMovement,0
PX080-0014,PX080,UNRAVELED,missing_all,,current_roles,,False,20260924,,14,px080_context_selector/results/METRICS.json,DataExfiltration,DataExfiltration,2324
PX080-0015,PX080,UNRAVELED,missing_all,,context,,False,20260924,,15,px080_context_selector/results/METRICS.json,Benign,Benign,192193
PX080-0015,PX080,UNRAVELED,missing_all,,context,,False,20260924,,15,px080_context_selector/results/METRICS.json,Benign,OtherAttackStage,0
PX080-0015,PX080,UNRAVELED,missing_all,,context,,False,20260924,,15,px080_context_selector/results/METRICS.json,Benign,LateralMovement,0
PX080-0015,PX080,UNRAVELED,missing_all,,context,,False,20260924,,15,px080_context_selector/results/METRICS.json,Benign,DataExfiltration,0
PX080-0015,PX080,UNRAVELED,missing_all,,context,,False,20260924,,15,px080_context_selector/results/METRICS.json,OtherAttackStage,Benign,12203
PX080-0015,PX080,UNRAVELED,missing_all,,context,,False,20260924,,15,px080_context_selector/results/METRICS.json,OtherAttackStage,OtherAttackStage,0
PX080-0015,PX080,UNRAVELED,missing_all,,context,,False,20260924,,15,px080_context_selector/results/METRICS.json,OtherAttackStage,LateralMovement,0
PX080-0015,PX080,UNRAVELED,missing_all,,context,,False,20260924,,15,px080_context_selector/results/METRICS.json,OtherAttackStage,DataExfiltration,221
PX080-0015,PX080,UNRAVELED,missing_all,,context,,False,20260924,,15,px080_context_selector/results/METRICS.json,LateralMovement,Benign,35
PX080-0015,PX080,UNRAVELED,missing_all,,context,,False,20260924,,15,px080_context_selector/results/METRICS.json,LateralMovement,OtherAttackStage,0
PX080-0015,PX080,UNRAVELED,missing_all,,context,,False,20260924,,15,px080_context_selector/results/METRICS.json,LateralMovement,LateralMovement,0
PX080-0015,PX080,UNRAVELED,missing_all,,context,,False,20260924,,15,px080_context_selector/results/METRICS.json,LateralMovement,DataExfiltration,0
PX080-0015,PX080,UNRAVELED,missing_all,,context,,False,20260924,,15,px080_context_selector/results/METRICS.json,DataExfiltration,Benign,1146
PX080-0015,PX080,UNRAVELED,missing_all,,context,,False,20260924,,15,px080_context_selector/results/METRICS.json,DataExfiltration,OtherAttackStage,0
PX080-0015,PX080,UNRAVELED,missing_all,,context,,False,20260924,,15,px080_context_selector/results/METRICS.json,DataExfiltration,LateralMovement,0
PX080-0015,PX080,UNRAVELED,missing_all,,context,,False,20260924,,15,px080_context_selector/results/METRICS.json,DataExfiltration,DataExfiltration,2296
PX080-0016,PX080,UNRAVELED,missing_all,,fixed_fusion,,False,20260924,,16,px080_context_selector/results/METRICS.json,Benign,Benign,192171
PX080-0016,PX080,UNRAVELED,missing_all,,fixed_fusion,,False,20260924,,16,px080_context_selector/results/METRICS.json,Benign,OtherAttackStage,0
PX080-0016,PX080,UNRAVELED,missing_all,,fixed_fusion,,False,20260924,,16,px080_context_selector/results/METRICS.json,Benign,LateralMovement,22
PX080-0016,PX080,UNRAVELED,missing_all,,fixed_fusion,,False,20260924,,16,px080_context_selector/results/METRICS.json,Benign,DataExfiltration,0
PX080-0016,PX080,UNRAVELED,missing_all,,fixed_fusion,,False,20260924,,16,px080_context_selector/results/METRICS.json,OtherAttackStage,Benign,156
PX080-0016,PX080,UNRAVELED,missing_all,,fixed_fusion,,False,20260924,,16,px080_context_selector/results/METRICS.json,OtherAttackStage,OtherAttackStage,11980
PX080-0016,PX080,UNRAVELED,missing_all,,fixed_fusion,,False,20260924,,16,px080_context_selector/results/METRICS.json,OtherAttackStage,LateralMovement,0
PX080-0016,PX080,UNRAVELED,missing_all,,fixed_fusion,,False,20260924,,16,px080_context_selector/results/METRICS.json,OtherAttackStage,DataExfiltration,288
PX080-0016,PX080,UNRAVELED,missing_all,,fixed_fusion,,False,20260924,,16,px080_context_selector/results/METRICS.json,LateralMovement,Benign,31
PX080-0016,PX080,UNRAVELED,missing_all,,fixed_fusion,,False,20260924,,16,px080_context_selector/results/METRICS.json,LateralMovement,OtherAttackStage,0
PX080-0016,PX080,UNRAVELED,missing_all,,fixed_fusion,,False,20260924,,16,px080_context_selector/results/METRICS.json,LateralMovement,LateralMovement,4
PX080-0016,PX080,UNRAVELED,missing_all,,fixed_fusion,,False,20260924,,16,px080_context_selector/results/METRICS.json,LateralMovement,DataExfiltration,0
PX080-0016,PX080,UNRAVELED,missing_all,,fixed_fusion,,False,20260924,,16,px080_context_selector/results/METRICS.json,DataExfiltration,Benign,1127
PX080-0016,PX080,UNRAVELED,missing_all,,fixed_fusion,,False,20260924,,16,px080_context_selector/results/METRICS.json,DataExfiltration,OtherAttackStage,0
PX080-0016,PX080,UNRAVELED,missing_all,,fixed_fusion,,False,20260924,,16,px080_context_selector/results/METRICS.json,DataExfiltration,LateralMovement,0
PX080-0016,PX080,UNRAVELED,missing_all,,fixed_fusion,,False,20260924,,16,px080_context_selector/results/METRICS.json,DataExfiltration,DataExfiltration,2315
PX080-0017,PX080,UNRAVELED,missing_all,,confidence_gate,,False,20260924,,17,px080_context_selector/results/METRICS.json,Benign,Benign,192171
PX080-0017,PX080,UNRAVELED,missing_all,,confidence_gate,,False,20260924,,17,px080_context_selector/results/METRICS.json,Benign,OtherAttackStage,0
PX080-0017,PX080,UNRAVELED,missing_all,,confidence_gate,,False,20260924,,17,px080_context_selector/results/METRICS.json,Benign,LateralMovement,22
PX080-0017,PX080,UNRAVELED,missing_all,,confidence_gate,,False,20260924,,17,px080_context_selector/results/METRICS.json,Benign,DataExfiltration,0
PX080-0017,PX080,UNRAVELED,missing_all,,confidence_gate,,False,20260924,,17,px080_context_selector/results/METRICS.json,OtherAttackStage,Benign,237
PX080-0017,PX080,UNRAVELED,missing_all,,confidence_gate,,False,20260924,,17,px080_context_selector/results/METRICS.json,OtherAttackStage,OtherAttackStage,11917
PX080-0017,PX080,UNRAVELED,missing_all,,confidence_gate,,False,20260924,,17,px080_context_selector/results/METRICS.json,OtherAttackStage,LateralMovement,0
PX080-0017,PX080,UNRAVELED,missing_all,,confidence_gate,,False,20260924,,17,px080_context_selector/results/METRICS.json,OtherAttackStage,DataExfiltration,270
PX080-0017,PX080,UNRAVELED,missing_all,,confidence_gate,,False,20260924,,17,px080_context_selector/results/METRICS.json,LateralMovement,Benign,31
PX080-0017,PX080,UNRAVELED,missing_all,,confidence_gate,,False,20260924,,17,px080_context_selector/results/METRICS.json,LateralMovement,OtherAttackStage,0
PX080-0017,PX080,UNRAVELED,missing_all,,confidence_gate,,False,20260924,,17,px080_context_selector/results/METRICS.json,LateralMovement,LateralMovement,4
PX080-0017,PX080,UNRAVELED,missing_all,,confidence_gate,,False,20260924,,17,px080_context_selector/results/METRICS.json,LateralMovement,DataExfiltration,0
PX080-0017,PX080,UNRAVELED,missing_all,,confidence_gate,,False,20260924,,17,px080_context_selector/results/METRICS.json,DataExfiltration,Benign,1127
PX080-0017,PX080,UNRAVELED,missing_all,,confidence_gate,,False,20260924,,17,px080_context_selector/results/METRICS.json,DataExfiltration,OtherAttackStage,0
PX080-0017,PX080,UNRAVELED,missing_all,,confidence_gate,,False,20260924,,17,px080_context_selector/results/METRICS.json,DataExfiltration,LateralMovement,0
PX080-0017,PX080,UNRAVELED,missing_all,,confidence_gate,,False,20260924,,17,px080_context_selector/results/METRICS.json,DataExfiltration,DataExfiltration,2315
PX080-0018,PX080,UNRAVELED,missing_all,,ordinary_gate,,False,20260924,,18,px080_context_selector/results/METRICS.json,Benign,Benign,192172
PX080-0018,PX080,UNRAVELED,missing_all,,ordinary_gate,,False,20260924,,18,px080_context_selector/results/METRICS.json,Benign,OtherAttackStage,1
PX080-0018,PX080,UNRAVELED,missing_all,,ordinary_gate,,False,20260924,,18,px080_context_selector/results/METRICS.json,Benign,LateralMovement,19
PX080-0018,PX080,UNRAVELED,missing_all,,ordinary_gate,,False,20260924,,18,px080_context_selector/results/METRICS.json,Benign,DataExfiltration,1
PX080-0018,PX080,UNRAVELED,missing_all,,ordinary_gate,,False,20260924,,18,px080_context_selector/results/METRICS.json,OtherAttackStage,Benign,45
PX080-0018,PX080,UNRAVELED,missing_all,,ordinary_gate,,False,20260924,,18,px080_context_selector/results/METRICS.json,OtherAttackStage,OtherAttackStage,12034
PX080-0018,PX080,UNRAVELED,missing_all,,ordinary_gate,,False,20260924,,18,px080_context_selector/results/METRICS.json,OtherAttackStage,LateralMovement,0
PX080-0018,PX080,UNRAVELED,missing_all,,ordinary_gate,,False,20260924,,18,px080_context_selector/results/METRICS.json,OtherAttackStage,DataExfiltration,345
PX080-0018,PX080,UNRAVELED,missing_all,,ordinary_gate,,False,20260924,,18,px080_context_selector/results/METRICS.json,LateralMovement,Benign,30
PX080-0018,PX080,UNRAVELED,missing_all,,ordinary_gate,,False,20260924,,18,px080_context_selector/results/METRICS.json,LateralMovement,OtherAttackStage,0
PX080-0018,PX080,UNRAVELED,missing_all,,ordinary_gate,,False,20260924,,18,px080_context_selector/results/METRICS.json,LateralMovement,LateralMovement,5
PX080-0018,PX080,UNRAVELED,missing_all,,ordinary_gate,,False,20260924,,18,px080_context_selector/results/METRICS.json,LateralMovement,DataExfiltration,0
PX080-0018,PX080,UNRAVELED,missing_all,,ordinary_gate,,False,20260924,,18,px080_context_selector/results/METRICS.json,DataExfiltration,Benign,1119
PX080-0018,PX080,UNRAVELED,missing_all,,ordinary_gate,,False,20260924,,18,px080_context_selector/results/METRICS.json,DataExfiltration,OtherAttackStage,0
PX080-0018,PX080,UNRAVELED,missing_all,,ordinary_gate,,False,20260924,,18,px080_context_selector/results/METRICS.json,DataExfiltration,LateralMovement,0
PX080-0018,PX080,UNRAVELED,missing_all,,ordinary_gate,,False,20260924,,18,px080_context_selector/results/METRICS.json,DataExfiltration,DataExfiltration,2323
PX080-0019,PX080,UNRAVELED,missing_all,,stage_harm_gate,,False,20260924,,19,px080_context_selector/results/METRICS.json,Benign,Benign,192160
PX080-0019,PX080,UNRAVELED,missing_all,,stage_harm_gate,,False,20260924,,19,px080_context_selector/results/METRICS.json,Benign,OtherAttackStage,1
PX080-0019,PX080,UNRAVELED,missing_all,,stage_harm_gate,,False,20260924,,19,px080_context_selector/results/METRICS.json,Benign,LateralMovement,31
PX080-0019,PX080,UNRAVELED,missing_all,,stage_harm_gate,,False,20260924,,19,px080_context_selector/results/METRICS.json,Benign,DataExfiltration,1
PX080-0019,PX080,UNRAVELED,missing_all,,stage_harm_gate,,False,20260924,,19,px080_context_selector/results/METRICS.json,OtherAttackStage,Benign,89
PX080-0019,PX080,UNRAVELED,missing_all,,stage_harm_gate,,False,20260924,,19,px080_context_selector/results/METRICS.json,OtherAttackStage,OtherAttackStage,12034
PX080-0019,PX080,UNRAVELED,missing_all,,stage_harm_gate,,False,20260924,,19,px080_context_selector/results/METRICS.json,OtherAttackStage,LateralMovement,0
PX080-0019,PX080,UNRAVELED,missing_all,,stage_harm_gate,,False,20260924,,19,px080_context_selector/results/METRICS.json,OtherAttackStage,DataExfiltration,301
PX080-0019,PX080,UNRAVELED,missing_all,,stage_harm_gate,,False,20260924,,19,px080_context_selector/results/METRICS.json,LateralMovement,Benign,27
PX080-0019,PX080,UNRAVELED,missing_all,,stage_harm_gate,,False,20260924,,19,px080_context_selector/results/METRICS.json,LateralMovement,OtherAttackStage,0
PX080-0019,PX080,UNRAVELED,missing_all,,stage_harm_gate,,False,20260924,,19,px080_context_selector/results/METRICS.json,LateralMovement,LateralMovement,8
PX080-0019,PX080,UNRAVELED,missing_all,,stage_harm_gate,,False,20260924,,19,px080_context_selector/results/METRICS.json,LateralMovement,DataExfiltration,0
PX080-0019,PX080,UNRAVELED,missing_all,,stage_harm_gate,,False,20260924,,19,px080_context_selector/results/METRICS.json,DataExfiltration,Benign,1141
PX080-0019,PX080,UNRAVELED,missing_all,,stage_harm_gate,,False,20260924,,19,px080_context_selector/results/METRICS.json,DataExfiltration,OtherAttackStage,0
PX080-0019,PX080,UNRAVELED,missing_all,,stage_harm_gate,,False,20260924,,19,px080_context_selector/results/METRICS.json,DataExfiltration,LateralMovement,0
PX080-0019,PX080,UNRAVELED,missing_all,,stage_harm_gate,,False,20260924,,19,px080_context_selector/results/METRICS.json,DataExfiltration,DataExfiltration,2301
PX080-0020,PX080,UNRAVELED,missing_all,,context_dropout,,False,20260924,,20,px080_context_selector/results/METRICS.json,Benign,Benign,192088
PX080-0020,PX080,UNRAVELED,missing_all,,context_dropout,,False,20260924,,20,px080_context_selector/results/METRICS.json,Benign,OtherAttackStage,5
PX080-0020,PX080,UNRAVELED,missing_all,,context_dropout,,False,20260924,,20,px080_context_selector/results/METRICS.json,Benign,LateralMovement,82
PX080-0020,PX080,UNRAVELED,missing_all,,context_dropout,,False,20260924,,20,px080_context_selector/results/METRICS.json,Benign,DataExfiltration,18
PX080-0020,PX080,UNRAVELED,missing_all,,context_dropout,,False,20260924,,20,px080_context_selector/results/METRICS.json,OtherAttackStage,Benign,40
PX080-0020,PX080,UNRAVELED,missing_all,,context_dropout,,False,20260924,,20,px080_context_selector/results/METRICS.json,OtherAttackStage,OtherAttackStage,12041
PX080-0020,PX080,UNRAVELED,missing_all,,context_dropout,,False,20260924,,20,px080_context_selector/results/METRICS.json,OtherAttackStage,LateralMovement,0
PX080-0020,PX080,UNRAVELED,missing_all,,context_dropout,,False,20260924,,20,px080_context_selector/results/METRICS.json,OtherAttackStage,DataExfiltration,343
PX080-0020,PX080,UNRAVELED,missing_all,,context_dropout,,False,20260924,,20,px080_context_selector/results/METRICS.json,LateralMovement,Benign,11
PX080-0020,PX080,UNRAVELED,missing_all,,context_dropout,,False,20260924,,20,px080_context_selector/results/METRICS.json,LateralMovement,OtherAttackStage,0
PX080-0020,PX080,UNRAVELED,missing_all,,context_dropout,,False,20260924,,20,px080_context_selector/results/METRICS.json,LateralMovement,LateralMovement,24
PX080-0020,PX080,UNRAVELED,missing_all,,context_dropout,,False,20260924,,20,px080_context_selector/results/METRICS.json,LateralMovement,DataExfiltration,0
PX080-0020,PX080,UNRAVELED,missing_all,,context_dropout,,False,20260924,,20,px080_context_selector/results/METRICS.json,DataExfiltration,Benign,1113
PX080-0020,PX080,UNRAVELED,missing_all,,context_dropout,,False,20260924,,20,px080_context_selector/results/METRICS.json,DataExfiltration,OtherAttackStage,0
PX080-0020,PX080,UNRAVELED,missing_all,,context_dropout,,False,20260924,,20,px080_context_selector/results/METRICS.json,DataExfiltration,LateralMovement,5
PX080-0020,PX080,UNRAVELED,missing_all,,context_dropout,,False,20260924,,20,px080_context_selector/results/METRICS.json,DataExfiltration,DataExfiltration,2324
PX080-0021,PX080,UNRAVELED,stale_5min,,current_roles,,False,20260924,,21,px080_context_selector/results/METRICS.json,Benign,Benign,192076
PX080-0021,PX080,UNRAVELED,stale_5min,,current_roles,,False,20260924,,21,px080_context_selector/results/METRICS.json,Benign,OtherAttackStage,1
PX080-0021,PX080,UNRAVELED,stale_5min,,current_roles,,False,20260924,,21,px080_context_selector/results/METRICS.json,Benign,LateralMovement,115
PX080-0021,PX080,UNRAVELED,stale_5min,,current_roles,,False,20260924,,21,px080_context_selector/results/METRICS.json,Benign,DataExfiltration,1
PX080-0021,PX080,UNRAVELED,stale_5min,,current_roles,,False,20260924,,21,px080_context_selector/results/METRICS.json,OtherAttackStage,Benign,39
PX080-0021,PX080,UNRAVELED,stale_5min,,current_roles,,False,20260924,,21,px080_context_selector/results/METRICS.json,OtherAttackStage,OtherAttackStage,12034
PX080-0021,PX080,UNRAVELED,stale_5min,,current_roles,,False,20260924,,21,px080_context_selector/results/METRICS.json,OtherAttackStage,LateralMovement,0
PX080-0021,PX080,UNRAVELED,stale_5min,,current_roles,,False,20260924,,21,px080_context_selector/results/METRICS.json,OtherAttackStage,DataExfiltration,351
PX080-0021,PX080,UNRAVELED,stale_5min,,current_roles,,False,20260924,,21,px080_context_selector/results/METRICS.json,LateralMovement,Benign,9
PX080-0021,PX080,UNRAVELED,stale_5min,,current_roles,,False,20260924,,21,px080_context_selector/results/METRICS.json,LateralMovement,OtherAttackStage,0
PX080-0021,PX080,UNRAVELED,stale_5min,,current_roles,,False,20260924,,21,px080_context_selector/results/METRICS.json,LateralMovement,LateralMovement,26
PX080-0021,PX080,UNRAVELED,stale_5min,,current_roles,,False,20260924,,21,px080_context_selector/results/METRICS.json,LateralMovement,DataExfiltration,0
PX080-0021,PX080,UNRAVELED,stale_5min,,current_roles,,False,20260924,,21,px080_context_selector/results/METRICS.json,DataExfiltration,Benign,1118
PX080-0021,PX080,UNRAVELED,stale_5min,,current_roles,,False,20260924,,21,px080_context_selector/results/METRICS.json,DataExfiltration,OtherAttackStage,0
PX080-0021,PX080,UNRAVELED,stale_5min,,current_roles,,False,20260924,,21,px080_context_selector/results/METRICS.json,DataExfiltration,LateralMovement,0
PX080-0021,PX080,UNRAVELED,stale_5min,,current_roles,,False,20260924,,21,px080_context_selector/results/METRICS.json,DataExfiltration,DataExfiltration,2324
PX080-0022,PX080,UNRAVELED,stale_5min,,context,,False,20260924,,22,px080_context_selector/results/METRICS.json,Benign,Benign,192166
PX080-0022,PX080,UNRAVELED,stale_5min,,context,,False,20260924,,22,px080_context_selector/results/METRICS.json,Benign,OtherAttackStage,0
PX080-0022,PX080,UNRAVELED,stale_5min,,context,,False,20260924,,22,px080_context_selector/results/METRICS.json,Benign,LateralMovement,26
PX080-0022,PX080,UNRAVELED,stale_5min,,context,,False,20260924,,22,px080_context_selector/results/METRICS.json,Benign,DataExfiltration,1
PX080-0022,PX080,UNRAVELED,stale_5min,,context,,False,20260924,,22,px080_context_selector/results/METRICS.json,OtherAttackStage,Benign,67
PX080-0022,PX080,UNRAVELED,stale_5min,,context,,False,20260924,,22,px080_context_selector/results/METRICS.json,OtherAttackStage,OtherAttackStage,12056
PX080-0022,PX080,UNRAVELED,stale_5min,,context,,False,20260924,,22,px080_context_selector/results/METRICS.json,OtherAttackStage,LateralMovement,0
PX080-0022,PX080,UNRAVELED,stale_5min,,context,,False,20260924,,22,px080_context_selector/results/METRICS.json,OtherAttackStage,DataExfiltration,301
PX080-0022,PX080,UNRAVELED,stale_5min,,context,,False,20260924,,22,px080_context_selector/results/METRICS.json,LateralMovement,Benign,27
PX080-0022,PX080,UNRAVELED,stale_5min,,context,,False,20260924,,22,px080_context_selector/results/METRICS.json,LateralMovement,OtherAttackStage,0
PX080-0022,PX080,UNRAVELED,stale_5min,,context,,False,20260924,,22,px080_context_selector/results/METRICS.json,LateralMovement,LateralMovement,8
PX080-0022,PX080,UNRAVELED,stale_5min,,context,,False,20260924,,22,px080_context_selector/results/METRICS.json,LateralMovement,DataExfiltration,0
PX080-0022,PX080,UNRAVELED,stale_5min,,context,,False,20260924,,22,px080_context_selector/results/METRICS.json,DataExfiltration,Benign,1118
PX080-0022,PX080,UNRAVELED,stale_5min,,context,,False,20260924,,22,px080_context_selector/results/METRICS.json,DataExfiltration,OtherAttackStage,1
PX080-0022,PX080,UNRAVELED,stale_5min,,context,,False,20260924,,22,px080_context_selector/results/METRICS.json,DataExfiltration,LateralMovement,8
PX080-0022,PX080,UNRAVELED,stale_5min,,context,,False,20260924,,22,px080_context_selector/results/METRICS.json,DataExfiltration,DataExfiltration,2315
PX080-0023,PX080,UNRAVELED,stale_5min,,fixed_fusion,,False,20260924,,23,px080_context_selector/results/METRICS.json,Benign,Benign,192156
PX080-0023,PX080,UNRAVELED,stale_5min,,fixed_fusion,,False,20260924,,23,px080_context_selector/results/METRICS.json,Benign,OtherAttackStage,0
PX080-0023,PX080,UNRAVELED,stale_5min,,fixed_fusion,,False,20260924,,23,px080_context_selector/results/METRICS.json,Benign,LateralMovement,37
PX080-0023,PX080,UNRAVELED,stale_5min,,fixed_fusion,,False,20260924,,23,px080_context_selector/results/METRICS.json,Benign,DataExfiltration,0
PX080-0023,PX080,UNRAVELED,stale_5min,,fixed_fusion,,False,20260924,,23,px080_context_selector/results/METRICS.json,OtherAttackStage,Benign,47
PX080-0023,PX080,UNRAVELED,stale_5min,,fixed_fusion,,False,20260924,,23,px080_context_selector/results/METRICS.json,OtherAttackStage,OtherAttackStage,12065
PX080-0023,PX080,UNRAVELED,stale_5min,,fixed_fusion,,False,20260924,,23,px080_context_selector/results/METRICS.json,OtherAttackStage,LateralMovement,0
PX080-0023,PX080,UNRAVELED,stale_5min,,fixed_fusion,,False,20260924,,23,px080_context_selector/results/METRICS.json,OtherAttackStage,DataExfiltration,312
PX080-0023,PX080,UNRAVELED,stale_5min,,fixed_fusion,,False,20260924,,23,px080_context_selector/results/METRICS.json,LateralMovement,Benign,22
PX080-0023,PX080,UNRAVELED,stale_5min,,fixed_fusion,,False,20260924,,23,px080_context_selector/results/METRICS.json,LateralMovement,OtherAttackStage,0
PX080-0023,PX080,UNRAVELED,stale_5min,,fixed_fusion,,False,20260924,,23,px080_context_selector/results/METRICS.json,LateralMovement,LateralMovement,13
PX080-0023,PX080,UNRAVELED,stale_5min,,fixed_fusion,,False,20260924,,23,px080_context_selector/results/METRICS.json,LateralMovement,DataExfiltration,0
PX080-0023,PX080,UNRAVELED,stale_5min,,fixed_fusion,,False,20260924,,23,px080_context_selector/results/METRICS.json,DataExfiltration,Benign,1121
PX080-0023,PX080,UNRAVELED,stale_5min,,fixed_fusion,,False,20260924,,23,px080_context_selector/results/METRICS.json,DataExfiltration,OtherAttackStage,0
PX080-0023,PX080,UNRAVELED,stale_5min,,fixed_fusion,,False,20260924,,23,px080_context_selector/results/METRICS.json,DataExfiltration,LateralMovement,0
PX080-0023,PX080,UNRAVELED,stale_5min,,fixed_fusion,,False,20260924,,23,px080_context_selector/results/METRICS.json,DataExfiltration,DataExfiltration,2321
PX080-0024,PX080,UNRAVELED,stale_5min,,confidence_gate,,False,20260924,,24,px080_context_selector/results/METRICS.json,Benign,Benign,192156
PX080-0024,PX080,UNRAVELED,stale_5min,,confidence_gate,,False,20260924,,24,px080_context_selector/results/METRICS.json,Benign,OtherAttackStage,0
PX080-0024,PX080,UNRAVELED,stale_5min,,confidence_gate,,False,20260924,,24,px080_context_selector/results/METRICS.json,Benign,LateralMovement,37
PX080-0024,PX080,UNRAVELED,stale_5min,,confidence_gate,,False,20260924,,24,px080_context_selector/results/METRICS.json,Benign,DataExfiltration,0
PX080-0024,PX080,UNRAVELED,stale_5min,,confidence_gate,,False,20260924,,24,px080_context_selector/results/METRICS.json,OtherAttackStage,Benign,47
PX080-0024,PX080,UNRAVELED,stale_5min,,confidence_gate,,False,20260924,,24,px080_context_selector/results/METRICS.json,OtherAttackStage,OtherAttackStage,12064
PX080-0024,PX080,UNRAVELED,stale_5min,,confidence_gate,,False,20260924,,24,px080_context_selector/results/METRICS.json,OtherAttackStage,LateralMovement,0
PX080-0024,PX080,UNRAVELED,stale_5min,,confidence_gate,,False,20260924,,24,px080_context_selector/results/METRICS.json,OtherAttackStage,DataExfiltration,313
PX080-0024,PX080,UNRAVELED,stale_5min,,confidence_gate,,False,20260924,,24,px080_context_selector/results/METRICS.json,LateralMovement,Benign,22
PX080-0024,PX080,UNRAVELED,stale_5min,,confidence_gate,,False,20260924,,24,px080_context_selector/results/METRICS.json,LateralMovement,OtherAttackStage,0
PX080-0024,PX080,UNRAVELED,stale_5min,,confidence_gate,,False,20260924,,24,px080_context_selector/results/METRICS.json,LateralMovement,LateralMovement,13
PX080-0024,PX080,UNRAVELED,stale_5min,,confidence_gate,,False,20260924,,24,px080_context_selector/results/METRICS.json,LateralMovement,DataExfiltration,0
PX080-0024,PX080,UNRAVELED,stale_5min,,confidence_gate,,False,20260924,,24,px080_context_selector/results/METRICS.json,DataExfiltration,Benign,1121
PX080-0024,PX080,UNRAVELED,stale_5min,,confidence_gate,,False,20260924,,24,px080_context_selector/results/METRICS.json,DataExfiltration,OtherAttackStage,0
PX080-0024,PX080,UNRAVELED,stale_5min,,confidence_gate,,False,20260924,,24,px080_context_selector/results/METRICS.json,DataExfiltration,LateralMovement,0
PX080-0024,PX080,UNRAVELED,stale_5min,,confidence_gate,,False,20260924,,24,px080_context_selector/results/METRICS.json,DataExfiltration,DataExfiltration,2321
PX080-0025,PX080,UNRAVELED,stale_5min,,ordinary_gate,,False,20260924,,25,px080_context_selector/results/METRICS.json,Benign,Benign,192144
PX080-0025,PX080,UNRAVELED,stale_5min,,ordinary_gate,,False,20260924,,25,px080_context_selector/results/METRICS.json,Benign,OtherAttackStage,1
PX080-0025,PX080,UNRAVELED,stale_5min,,ordinary_gate,,False,20260924,,25,px080_context_selector/results/METRICS.json,Benign,LateralMovement,48
PX080-0025,PX080,UNRAVELED,stale_5min,,ordinary_gate,,False,20260924,,25,px080_context_selector/results/METRICS.json,Benign,DataExfiltration,0
PX080-0025,PX080,UNRAVELED,stale_5min,,ordinary_gate,,False,20260924,,25,px080_context_selector/results/METRICS.json,OtherAttackStage,Benign,36
PX080-0025,PX080,UNRAVELED,stale_5min,,ordinary_gate,,False,20260924,,25,px080_context_selector/results/METRICS.json,OtherAttackStage,OtherAttackStage,12069
PX080-0025,PX080,UNRAVELED,stale_5min,,ordinary_gate,,False,20260924,,25,px080_context_selector/results/METRICS.json,OtherAttackStage,LateralMovement,0
PX080-0025,PX080,UNRAVELED,stale_5min,,ordinary_gate,,False,20260924,,25,px080_context_selector/results/METRICS.json,OtherAttackStage,DataExfiltration,319
PX080-0025,PX080,UNRAVELED,stale_5min,,ordinary_gate,,False,20260924,,25,px080_context_selector/results/METRICS.json,LateralMovement,Benign,22
PX080-0025,PX080,UNRAVELED,stale_5min,,ordinary_gate,,False,20260924,,25,px080_context_selector/results/METRICS.json,LateralMovement,OtherAttackStage,0
PX080-0025,PX080,UNRAVELED,stale_5min,,ordinary_gate,,False,20260924,,25,px080_context_selector/results/METRICS.json,LateralMovement,LateralMovement,13
PX080-0025,PX080,UNRAVELED,stale_5min,,ordinary_gate,,False,20260924,,25,px080_context_selector/results/METRICS.json,LateralMovement,DataExfiltration,0
PX080-0025,PX080,UNRAVELED,stale_5min,,ordinary_gate,,False,20260924,,25,px080_context_selector/results/METRICS.json,DataExfiltration,Benign,1112
PX080-0025,PX080,UNRAVELED,stale_5min,,ordinary_gate,,False,20260924,,25,px080_context_selector/results/METRICS.json,DataExfiltration,OtherAttackStage,1
PX080-0025,PX080,UNRAVELED,stale_5min,,ordinary_gate,,False,20260924,,25,px080_context_selector/results/METRICS.json,DataExfiltration,LateralMovement,8
PX080-0025,PX080,UNRAVELED,stale_5min,,ordinary_gate,,False,20260924,,25,px080_context_selector/results/METRICS.json,DataExfiltration,DataExfiltration,2321
PX080-0026,PX080,UNRAVELED,stale_5min,,stage_harm_gate,,False,20260924,,26,px080_context_selector/results/METRICS.json,Benign,Benign,192086
PX080-0026,PX080,UNRAVELED,stale_5min,,stage_harm_gate,,False,20260924,,26,px080_context_selector/results/METRICS.json,Benign,OtherAttackStage,0
PX080-0026,PX080,UNRAVELED,stale_5min,,stage_harm_gate,,False,20260924,,26,px080_context_selector/results/METRICS.json,Benign,LateralMovement,106
PX080-0026,PX080,UNRAVELED,stale_5min,,stage_harm_gate,,False,20260924,,26,px080_context_selector/results/METRICS.json,Benign,DataExfiltration,1
PX080-0026,PX080,UNRAVELED,stale_5min,,stage_harm_gate,,False,20260924,,26,px080_context_selector/results/METRICS.json,OtherAttackStage,Benign,43
PX080-0026,PX080,UNRAVELED,stale_5min,,stage_harm_gate,,False,20260924,,26,px080_context_selector/results/METRICS.json,OtherAttackStage,OtherAttackStage,12069
PX080-0026,PX080,UNRAVELED,stale_5min,,stage_harm_gate,,False,20260924,,26,px080_context_selector/results/METRICS.json,OtherAttackStage,LateralMovement,0
PX080-0026,PX080,UNRAVELED,stale_5min,,stage_harm_gate,,False,20260924,,26,px080_context_selector/results/METRICS.json,OtherAttackStage,DataExfiltration,312
PX080-0026,PX080,UNRAVELED,stale_5min,,stage_harm_gate,,False,20260924,,26,px080_context_selector/results/METRICS.json,LateralMovement,Benign,9
PX080-0026,PX080,UNRAVELED,stale_5min,,stage_harm_gate,,False,20260924,,26,px080_context_selector/results/METRICS.json,LateralMovement,OtherAttackStage,0
PX080-0026,PX080,UNRAVELED,stale_5min,,stage_harm_gate,,False,20260924,,26,px080_context_selector/results/METRICS.json,LateralMovement,LateralMovement,26
PX080-0026,PX080,UNRAVELED,stale_5min,,stage_harm_gate,,False,20260924,,26,px080_context_selector/results/METRICS.json,LateralMovement,DataExfiltration,0
PX080-0026,PX080,UNRAVELED,stale_5min,,stage_harm_gate,,False,20260924,,26,px080_context_selector/results/METRICS.json,DataExfiltration,Benign,1116
PX080-0026,PX080,UNRAVELED,stale_5min,,stage_harm_gate,,False,20260924,,26,px080_context_selector/results/METRICS.json,DataExfiltration,OtherAttackStage,1
PX080-0026,PX080,UNRAVELED,stale_5min,,stage_harm_gate,,False,20260924,,26,px080_context_selector/results/METRICS.json,DataExfiltration,LateralMovement,8
PX080-0026,PX080,UNRAVELED,stale_5min,,stage_harm_gate,,False,20260924,,26,px080_context_selector/results/METRICS.json,DataExfiltration,DataExfiltration,2317
PX080-0027,PX080,UNRAVELED,stale_5min,,context_dropout,,False,20260924,,27,px080_context_selector/results/METRICS.json,Benign,Benign,192127
PX080-0027,PX080,UNRAVELED,stale_5min,,context_dropout,,False,20260924,,27,px080_context_selector/results/METRICS.json,Benign,OtherAttackStage,10
PX080-0027,PX080,UNRAVELED,stale_5min,,context_dropout,,False,20260924,,27,px080_context_selector/results/METRICS.json,Benign,LateralMovement,43
PX080-0027,PX080,UNRAVELED,stale_5min,,context_dropout,,False,20260924,,27,px080_context_selector/results/METRICS.json,Benign,DataExfiltration,13
PX080-0027,PX080,UNRAVELED,stale_5min,,context_dropout,,False,20260924,,27,px080_context_selector/results/METRICS.json,OtherAttackStage,Benign,34
PX080-0027,PX080,UNRAVELED,stale_5min,,context_dropout,,False,20260924,,27,px080_context_selector/results/METRICS.json,OtherAttackStage,OtherAttackStage,12071
PX080-0027,PX080,UNRAVELED,stale_5min,,context_dropout,,False,20260924,,27,px080_context_selector/results/METRICS.json,OtherAttackStage,LateralMovement,0
PX080-0027,PX080,UNRAVELED,stale_5min,,context_dropout,,False,20260924,,27,px080_context_selector/results/METRICS.json,OtherAttackStage,DataExfiltration,319
PX080-0027,PX080,UNRAVELED,stale_5min,,context_dropout,,False,20260924,,27,px080_context_selector/results/METRICS.json,LateralMovement,Benign,18
PX080-0027,PX080,UNRAVELED,stale_5min,,context_dropout,,False,20260924,,27,px080_context_selector/results/METRICS.json,LateralMovement,OtherAttackStage,0
PX080-0027,PX080,UNRAVELED,stale_5min,,context_dropout,,False,20260924,,27,px080_context_selector/results/METRICS.json,LateralMovement,LateralMovement,17
PX080-0027,PX080,UNRAVELED,stale_5min,,context_dropout,,False,20260924,,27,px080_context_selector/results/METRICS.json,LateralMovement,DataExfiltration,0
PX080-0027,PX080,UNRAVELED,stale_5min,,context_dropout,,False,20260924,,27,px080_context_selector/results/METRICS.json,DataExfiltration,Benign,1103
PX080-0027,PX080,UNRAVELED,stale_5min,,context_dropout,,False,20260924,,27,px080_context_selector/results/METRICS.json,DataExfiltration,OtherAttackStage,1
PX080-0027,PX080,UNRAVELED,stale_5min,,context_dropout,,False,20260924,,27,px080_context_selector/results/METRICS.json,DataExfiltration,LateralMovement,16
PX080-0027,PX080,UNRAVELED,stale_5min,,context_dropout,,False,20260924,,27,px080_context_selector/results/METRICS.json,DataExfiltration,DataExfiltration,2322
PX080-0028,PX080,UNRAVELED,wrong_host,,current_roles,,False,20260924,,28,px080_context_selector/results/METRICS.json,Benign,Benign,192076
PX080-0028,PX080,UNRAVELED,wrong_host,,current_roles,,False,20260924,,28,px080_context_selector/results/METRICS.json,Benign,OtherAttackStage,1
PX080-0028,PX080,UNRAVELED,wrong_host,,current_roles,,False,20260924,,28,px080_context_selector/results/METRICS.json,Benign,LateralMovement,115
PX080-0028,PX080,UNRAVELED,wrong_host,,current_roles,,False,20260924,,28,px080_context_selector/results/METRICS.json,Benign,DataExfiltration,1
PX080-0028,PX080,UNRAVELED,wrong_host,,current_roles,,False,20260924,,28,px080_context_selector/results/METRICS.json,OtherAttackStage,Benign,39
PX080-0028,PX080,UNRAVELED,wrong_host,,current_roles,,False,20260924,,28,px080_context_selector/results/METRICS.json,OtherAttackStage,OtherAttackStage,12034
PX080-0028,PX080,UNRAVELED,wrong_host,,current_roles,,False,20260924,,28,px080_context_selector/results/METRICS.json,OtherAttackStage,LateralMovement,0
PX080-0028,PX080,UNRAVELED,wrong_host,,current_roles,,False,20260924,,28,px080_context_selector/results/METRICS.json,OtherAttackStage,DataExfiltration,351
PX080-0028,PX080,UNRAVELED,wrong_host,,current_roles,,False,20260924,,28,px080_context_selector/results/METRICS.json,LateralMovement,Benign,9
PX080-0028,PX080,UNRAVELED,wrong_host,,current_roles,,False,20260924,,28,px080_context_selector/results/METRICS.json,LateralMovement,OtherAttackStage,0
PX080-0028,PX080,UNRAVELED,wrong_host,,current_roles,,False,20260924,,28,px080_context_selector/results/METRICS.json,LateralMovement,LateralMovement,26
PX080-0028,PX080,UNRAVELED,wrong_host,,current_roles,,False,20260924,,28,px080_context_selector/results/METRICS.json,LateralMovement,DataExfiltration,0
PX080-0028,PX080,UNRAVELED,wrong_host,,current_roles,,False,20260924,,28,px080_context_selector/results/METRICS.json,DataExfiltration,Benign,1118
PX080-0028,PX080,UNRAVELED,wrong_host,,current_roles,,False,20260924,,28,px080_context_selector/results/METRICS.json,DataExfiltration,OtherAttackStage,0
PX080-0028,PX080,UNRAVELED,wrong_host,,current_roles,,False,20260924,,28,px080_context_selector/results/METRICS.json,DataExfiltration,LateralMovement,0
PX080-0028,PX080,UNRAVELED,wrong_host,,current_roles,,False,20260924,,28,px080_context_selector/results/METRICS.json,DataExfiltration,DataExfiltration,2324
PX080-0029,PX080,UNRAVELED,wrong_host,,context,,False,20260924,,29,px080_context_selector/results/METRICS.json,Benign,Benign,192193
PX080-0029,PX080,UNRAVELED,wrong_host,,context,,False,20260924,,29,px080_context_selector/results/METRICS.json,Benign,OtherAttackStage,0
PX080-0029,PX080,UNRAVELED,wrong_host,,context,,False,20260924,,29,px080_context_selector/results/METRICS.json,Benign,LateralMovement,0
PX080-0029,PX080,UNRAVELED,wrong_host,,context,,False,20260924,,29,px080_context_selector/results/METRICS.json,Benign,DataExfiltration,0
PX080-0029,PX080,UNRAVELED,wrong_host,,context,,False,20260924,,29,px080_context_selector/results/METRICS.json,OtherAttackStage,Benign,11206
PX080-0029,PX080,UNRAVELED,wrong_host,,context,,False,20260924,,29,px080_context_selector/results/METRICS.json,OtherAttackStage,OtherAttackStage,891
PX080-0029,PX080,UNRAVELED,wrong_host,,context,,False,20260924,,29,px080_context_selector/results/METRICS.json,OtherAttackStage,LateralMovement,0
PX080-0029,PX080,UNRAVELED,wrong_host,,context,,False,20260924,,29,px080_context_selector/results/METRICS.json,OtherAttackStage,DataExfiltration,327
PX080-0029,PX080,UNRAVELED,wrong_host,,context,,False,20260924,,29,px080_context_selector/results/METRICS.json,LateralMovement,Benign,35
PX080-0029,PX080,UNRAVELED,wrong_host,,context,,False,20260924,,29,px080_context_selector/results/METRICS.json,LateralMovement,OtherAttackStage,0
PX080-0029,PX080,UNRAVELED,wrong_host,,context,,False,20260924,,29,px080_context_selector/results/METRICS.json,LateralMovement,LateralMovement,0
PX080-0029,PX080,UNRAVELED,wrong_host,,context,,False,20260924,,29,px080_context_selector/results/METRICS.json,LateralMovement,DataExfiltration,0
PX080-0029,PX080,UNRAVELED,wrong_host,,context,,False,20260924,,29,px080_context_selector/results/METRICS.json,DataExfiltration,Benign,1145
PX080-0029,PX080,UNRAVELED,wrong_host,,context,,False,20260924,,29,px080_context_selector/results/METRICS.json,DataExfiltration,OtherAttackStage,0
PX080-0029,PX080,UNRAVELED,wrong_host,,context,,False,20260924,,29,px080_context_selector/results/METRICS.json,DataExfiltration,LateralMovement,0
PX080-0029,PX080,UNRAVELED,wrong_host,,context,,False,20260924,,29,px080_context_selector/results/METRICS.json,DataExfiltration,DataExfiltration,2297
PX080-0030,PX080,UNRAVELED,wrong_host,,fixed_fusion,,False,20260924,,30,px080_context_selector/results/METRICS.json,Benign,Benign,192170
PX080-0030,PX080,UNRAVELED,wrong_host,,fixed_fusion,,False,20260924,,30,px080_context_selector/results/METRICS.json,Benign,OtherAttackStage,0
PX080-0030,PX080,UNRAVELED,wrong_host,,fixed_fusion,,False,20260924,,30,px080_context_selector/results/METRICS.json,Benign,LateralMovement,23
PX080-0030,PX080,UNRAVELED,wrong_host,,fixed_fusion,,False,20260924,,30,px080_context_selector/results/METRICS.json,Benign,DataExfiltration,0
PX080-0030,PX080,UNRAVELED,wrong_host,,fixed_fusion,,False,20260924,,30,px080_context_selector/results/METRICS.json,OtherAttackStage,Benign,154
PX080-0030,PX080,UNRAVELED,wrong_host,,fixed_fusion,,False,20260924,,30,px080_context_selector/results/METRICS.json,OtherAttackStage,OtherAttackStage,11976
PX080-0030,PX080,UNRAVELED,wrong_host,,fixed_fusion,,False,20260924,,30,px080_context_selector/results/METRICS.json,OtherAttackStage,LateralMovement,0
PX080-0030,PX080,UNRAVELED,wrong_host,,fixed_fusion,,False,20260924,,30,px080_context_selector/results/METRICS.json,OtherAttackStage,DataExfiltration,294
PX080-0030,PX080,UNRAVELED,wrong_host,,fixed_fusion,,False,20260924,,30,px080_context_selector/results/METRICS.json,LateralMovement,Benign,31
PX080-0030,PX080,UNRAVELED,wrong_host,,fixed_fusion,,False,20260924,,30,px080_context_selector/results/METRICS.json,LateralMovement,OtherAttackStage,0
PX080-0030,PX080,UNRAVELED,wrong_host,,fixed_fusion,,False,20260924,,30,px080_context_selector/results/METRICS.json,LateralMovement,LateralMovement,4
PX080-0030,PX080,UNRAVELED,wrong_host,,fixed_fusion,,False,20260924,,30,px080_context_selector/results/METRICS.json,LateralMovement,DataExfiltration,0
PX080-0030,PX080,UNRAVELED,wrong_host,,fixed_fusion,,False,20260924,,30,px080_context_selector/results/METRICS.json,DataExfiltration,Benign,1127
PX080-0030,PX080,UNRAVELED,wrong_host,,fixed_fusion,,False,20260924,,30,px080_context_selector/results/METRICS.json,DataExfiltration,OtherAttackStage,0
PX080-0030,PX080,UNRAVELED,wrong_host,,fixed_fusion,,False,20260924,,30,px080_context_selector/results/METRICS.json,DataExfiltration,LateralMovement,0
PX080-0030,PX080,UNRAVELED,wrong_host,,fixed_fusion,,False,20260924,,30,px080_context_selector/results/METRICS.json,DataExfiltration,DataExfiltration,2315
PX080-0031,PX080,UNRAVELED,wrong_host,,confidence_gate,,False,20260924,,31,px080_context_selector/results/METRICS.json,Benign,Benign,192170
PX080-0031,PX080,UNRAVELED,wrong_host,,confidence_gate,,False,20260924,,31,px080_context_selector/results/METRICS.json,Benign,OtherAttackStage,0
PX080-0031,PX080,UNRAVELED,wrong_host,,confidence_gate,,False,20260924,,31,px080_context_selector/results/METRICS.json,Benign,LateralMovement,23
PX080-0031,PX080,UNRAVELED,wrong_host,,confidence_gate,,False,20260924,,31,px080_context_selector/results/METRICS.json,Benign,DataExfiltration,0
PX080-0031,PX080,UNRAVELED,wrong_host,,confidence_gate,,False,20260924,,31,px080_context_selector/results/METRICS.json,OtherAttackStage,Benign,229
PX080-0031,PX080,UNRAVELED,wrong_host,,confidence_gate,,False,20260924,,31,px080_context_selector/results/METRICS.json,OtherAttackStage,OtherAttackStage,11921
PX080-0031,PX080,UNRAVELED,wrong_host,,confidence_gate,,False,20260924,,31,px080_context_selector/results/METRICS.json,OtherAttackStage,LateralMovement,0
PX080-0031,PX080,UNRAVELED,wrong_host,,confidence_gate,,False,20260924,,31,px080_context_selector/results/METRICS.json,OtherAttackStage,DataExfiltration,274
PX080-0031,PX080,UNRAVELED,wrong_host,,confidence_gate,,False,20260924,,31,px080_context_selector/results/METRICS.json,LateralMovement,Benign,31
PX080-0031,PX080,UNRAVELED,wrong_host,,confidence_gate,,False,20260924,,31,px080_context_selector/results/METRICS.json,LateralMovement,OtherAttackStage,0
PX080-0031,PX080,UNRAVELED,wrong_host,,confidence_gate,,False,20260924,,31,px080_context_selector/results/METRICS.json,LateralMovement,LateralMovement,4
PX080-0031,PX080,UNRAVELED,wrong_host,,confidence_gate,,False,20260924,,31,px080_context_selector/results/METRICS.json,LateralMovement,DataExfiltration,0
PX080-0031,PX080,UNRAVELED,wrong_host,,confidence_gate,,False,20260924,,31,px080_context_selector/results/METRICS.json,DataExfiltration,Benign,1127
PX080-0031,PX080,UNRAVELED,wrong_host,,confidence_gate,,False,20260924,,31,px080_context_selector/results/METRICS.json,DataExfiltration,OtherAttackStage,0
PX080-0031,PX080,UNRAVELED,wrong_host,,confidence_gate,,False,20260924,,31,px080_context_selector/results/METRICS.json,DataExfiltration,LateralMovement,0
PX080-0031,PX080,UNRAVELED,wrong_host,,confidence_gate,,False,20260924,,31,px080_context_selector/results/METRICS.json,DataExfiltration,DataExfiltration,2315
PX080-0032,PX080,UNRAVELED,wrong_host,,ordinary_gate,,False,20260924,,32,px080_context_selector/results/METRICS.json,Benign,Benign,192170
PX080-0032,PX080,UNRAVELED,wrong_host,,ordinary_gate,,False,20260924,,32,px080_context_selector/results/METRICS.json,Benign,OtherAttackStage,1
PX080-0032,PX080,UNRAVELED,wrong_host,,ordinary_gate,,False,20260924,,32,px080_context_selector/results/METRICS.json,Benign,LateralMovement,21
PX080-0032,PX080,UNRAVELED,wrong_host,,ordinary_gate,,False,20260924,,32,px080_context_selector/results/METRICS.json,Benign,DataExfiltration,1
PX080-0032,PX080,UNRAVELED,wrong_host,,ordinary_gate,,False,20260924,,32,px080_context_selector/results/METRICS.json,OtherAttackStage,Benign,45
PX080-0032,PX080,UNRAVELED,wrong_host,,ordinary_gate,,False,20260924,,32,px080_context_selector/results/METRICS.json,OtherAttackStage,OtherAttackStage,12034
PX080-0032,PX080,UNRAVELED,wrong_host,,ordinary_gate,,False,20260924,,32,px080_context_selector/results/METRICS.json,OtherAttackStage,LateralMovement,0
PX080-0032,PX080,UNRAVELED,wrong_host,,ordinary_gate,,False,20260924,,32,px080_context_selector/results/METRICS.json,OtherAttackStage,DataExfiltration,345
PX080-0032,PX080,UNRAVELED,wrong_host,,ordinary_gate,,False,20260924,,32,px080_context_selector/results/METRICS.json,LateralMovement,Benign,30
PX080-0032,PX080,UNRAVELED,wrong_host,,ordinary_gate,,False,20260924,,32,px080_context_selector/results/METRICS.json,LateralMovement,OtherAttackStage,0
PX080-0032,PX080,UNRAVELED,wrong_host,,ordinary_gate,,False,20260924,,32,px080_context_selector/results/METRICS.json,LateralMovement,LateralMovement,5
PX080-0032,PX080,UNRAVELED,wrong_host,,ordinary_gate,,False,20260924,,32,px080_context_selector/results/METRICS.json,LateralMovement,DataExfiltration,0
PX080-0032,PX080,UNRAVELED,wrong_host,,ordinary_gate,,False,20260924,,32,px080_context_selector/results/METRICS.json,DataExfiltration,Benign,1120
PX080-0032,PX080,UNRAVELED,wrong_host,,ordinary_gate,,False,20260924,,32,px080_context_selector/results/METRICS.json,DataExfiltration,OtherAttackStage,0
PX080-0032,PX080,UNRAVELED,wrong_host,,ordinary_gate,,False,20260924,,32,px080_context_selector/results/METRICS.json,DataExfiltration,LateralMovement,0
PX080-0032,PX080,UNRAVELED,wrong_host,,ordinary_gate,,False,20260924,,32,px080_context_selector/results/METRICS.json,DataExfiltration,DataExfiltration,2322
PX080-0033,PX080,UNRAVELED,wrong_host,,stage_harm_gate,,False,20260924,,33,px080_context_selector/results/METRICS.json,Benign,Benign,192146
PX080-0033,PX080,UNRAVELED,wrong_host,,stage_harm_gate,,False,20260924,,33,px080_context_selector/results/METRICS.json,Benign,OtherAttackStage,1
PX080-0033,PX080,UNRAVELED,wrong_host,,stage_harm_gate,,False,20260924,,33,px080_context_selector/results/METRICS.json,Benign,LateralMovement,45
PX080-0033,PX080,UNRAVELED,wrong_host,,stage_harm_gate,,False,20260924,,33,px080_context_selector/results/METRICS.json,Benign,DataExfiltration,1
PX080-0033,PX080,UNRAVELED,wrong_host,,stage_harm_gate,,False,20260924,,33,px080_context_selector/results/METRICS.json,OtherAttackStage,Benign,89
PX080-0033,PX080,UNRAVELED,wrong_host,,stage_harm_gate,,False,20260924,,33,px080_context_selector/results/METRICS.json,OtherAttackStage,OtherAttackStage,12034
PX080-0033,PX080,UNRAVELED,wrong_host,,stage_harm_gate,,False,20260924,,33,px080_context_selector/results/METRICS.json,OtherAttackStage,LateralMovement,0
PX080-0033,PX080,UNRAVELED,wrong_host,,stage_harm_gate,,False,20260924,,33,px080_context_selector/results/METRICS.json,OtherAttackStage,DataExfiltration,301
PX080-0033,PX080,UNRAVELED,wrong_host,,stage_harm_gate,,False,20260924,,33,px080_context_selector/results/METRICS.json,LateralMovement,Benign,25
PX080-0033,PX080,UNRAVELED,wrong_host,,stage_harm_gate,,False,20260924,,33,px080_context_selector/results/METRICS.json,LateralMovement,OtherAttackStage,0
PX080-0033,PX080,UNRAVELED,wrong_host,,stage_harm_gate,,False,20260924,,33,px080_context_selector/results/METRICS.json,LateralMovement,LateralMovement,10
PX080-0033,PX080,UNRAVELED,wrong_host,,stage_harm_gate,,False,20260924,,33,px080_context_selector/results/METRICS.json,LateralMovement,DataExfiltration,0
PX080-0033,PX080,UNRAVELED,wrong_host,,stage_harm_gate,,False,20260924,,33,px080_context_selector/results/METRICS.json,DataExfiltration,Benign,1141
PX080-0033,PX080,UNRAVELED,wrong_host,,stage_harm_gate,,False,20260924,,33,px080_context_selector/results/METRICS.json,DataExfiltration,OtherAttackStage,0
PX080-0033,PX080,UNRAVELED,wrong_host,,stage_harm_gate,,False,20260924,,33,px080_context_selector/results/METRICS.json,DataExfiltration,LateralMovement,0
PX080-0033,PX080,UNRAVELED,wrong_host,,stage_harm_gate,,False,20260924,,33,px080_context_selector/results/METRICS.json,DataExfiltration,DataExfiltration,2301
PX080-0034,PX080,UNRAVELED,wrong_host,,context_dropout,,False,20260924,,34,px080_context_selector/results/METRICS.json,Benign,Benign,192090
PX080-0034,PX080,UNRAVELED,wrong_host,,context_dropout,,False,20260924,,34,px080_context_selector/results/METRICS.json,Benign,OtherAttackStage,5
PX080-0034,PX080,UNRAVELED,wrong_host,,context_dropout,,False,20260924,,34,px080_context_selector/results/METRICS.json,Benign,LateralMovement,80
PX080-0034,PX080,UNRAVELED,wrong_host,,context_dropout,,False,20260924,,34,px080_context_selector/results/METRICS.json,Benign,DataExfiltration,18
PX080-0034,PX080,UNRAVELED,wrong_host,,context_dropout,,False,20260924,,34,px080_context_selector/results/METRICS.json,OtherAttackStage,Benign,40
PX080-0034,PX080,UNRAVELED,wrong_host,,context_dropout,,False,20260924,,34,px080_context_selector/results/METRICS.json,OtherAttackStage,OtherAttackStage,12030
PX080-0034,PX080,UNRAVELED,wrong_host,,context_dropout,,False,20260924,,34,px080_context_selector/results/METRICS.json,OtherAttackStage,LateralMovement,0
PX080-0034,PX080,UNRAVELED,wrong_host,,context_dropout,,False,20260924,,34,px080_context_selector/results/METRICS.json,OtherAttackStage,DataExfiltration,354
PX080-0034,PX080,UNRAVELED,wrong_host,,context_dropout,,False,20260924,,34,px080_context_selector/results/METRICS.json,LateralMovement,Benign,11
PX080-0034,PX080,UNRAVELED,wrong_host,,context_dropout,,False,20260924,,34,px080_context_selector/results/METRICS.json,LateralMovement,OtherAttackStage,0
PX080-0034,PX080,UNRAVELED,wrong_host,,context_dropout,,False,20260924,,34,px080_context_selector/results/METRICS.json,LateralMovement,LateralMovement,24
PX080-0034,PX080,UNRAVELED,wrong_host,,context_dropout,,False,20260924,,34,px080_context_selector/results/METRICS.json,LateralMovement,DataExfiltration,0
PX080-0034,PX080,UNRAVELED,wrong_host,,context_dropout,,False,20260924,,34,px080_context_selector/results/METRICS.json,DataExfiltration,Benign,1113
PX080-0034,PX080,UNRAVELED,wrong_host,,context_dropout,,False,20260924,,34,px080_context_selector/results/METRICS.json,DataExfiltration,OtherAttackStage,0
PX080-0034,PX080,UNRAVELED,wrong_host,,context_dropout,,False,20260924,,34,px080_context_selector/results/METRICS.json,DataExfiltration,LateralMovement,5
PX080-0034,PX080,UNRAVELED,wrong_host,,context_dropout,,False,20260924,,34,px080_context_selector/results/METRICS.json,DataExfiltration,DataExfiltration,2324
PX080-0035,PX080,UNRAVELED,clean,,current_roles,,False,20260925,,35,px080_context_selector/results/METRICS.json,Benign,Benign,192027
PX080-0035,PX080,UNRAVELED,clean,,current_roles,,False,20260925,,35,px080_context_selector/results/METRICS.json,Benign,OtherAttackStage,1
PX080-0035,PX080,UNRAVELED,clean,,current_roles,,False,20260925,,35,px080_context_selector/results/METRICS.json,Benign,LateralMovement,149
PX080-0035,PX080,UNRAVELED,clean,,current_roles,,False,20260925,,35,px080_context_selector/results/METRICS.json,Benign,DataExfiltration,16
PX080-0035,PX080,UNRAVELED,clean,,current_roles,,False,20260925,,35,px080_context_selector/results/METRICS.json,OtherAttackStage,Benign,34
PX080-0035,PX080,UNRAVELED,clean,,current_roles,,False,20260925,,35,px080_context_selector/results/METRICS.json,OtherAttackStage,OtherAttackStage,12026
PX080-0035,PX080,UNRAVELED,clean,,current_roles,,False,20260925,,35,px080_context_selector/results/METRICS.json,OtherAttackStage,LateralMovement,0
PX080-0035,PX080,UNRAVELED,clean,,current_roles,,False,20260925,,35,px080_context_selector/results/METRICS.json,OtherAttackStage,DataExfiltration,364
PX080-0035,PX080,UNRAVELED,clean,,current_roles,,False,20260925,,35,px080_context_selector/results/METRICS.json,LateralMovement,Benign,6
PX080-0035,PX080,UNRAVELED,clean,,current_roles,,False,20260925,,35,px080_context_selector/results/METRICS.json,LateralMovement,OtherAttackStage,0
PX080-0035,PX080,UNRAVELED,clean,,current_roles,,False,20260925,,35,px080_context_selector/results/METRICS.json,LateralMovement,LateralMovement,29
PX080-0035,PX080,UNRAVELED,clean,,current_roles,,False,20260925,,35,px080_context_selector/results/METRICS.json,LateralMovement,DataExfiltration,0
PX080-0035,PX080,UNRAVELED,clean,,current_roles,,False,20260925,,35,px080_context_selector/results/METRICS.json,DataExfiltration,Benign,1108
PX080-0035,PX080,UNRAVELED,clean,,current_roles,,False,20260925,,35,px080_context_selector/results/METRICS.json,DataExfiltration,OtherAttackStage,0
PX080-0035,PX080,UNRAVELED,clean,,current_roles,,False,20260925,,35,px080_context_selector/results/METRICS.json,DataExfiltration,LateralMovement,10
PX080-0035,PX080,UNRAVELED,clean,,current_roles,,False,20260925,,35,px080_context_selector/results/METRICS.json,DataExfiltration,DataExfiltration,2324
PX080-0036,PX080,UNRAVELED,clean,,context,,False,20260925,,36,px080_context_selector/results/METRICS.json,Benign,Benign,192141
PX080-0036,PX080,UNRAVELED,clean,,context,,False,20260925,,36,px080_context_selector/results/METRICS.json,Benign,OtherAttackStage,0
PX080-0036,PX080,UNRAVELED,clean,,context,,False,20260925,,36,px080_context_selector/results/METRICS.json,Benign,LateralMovement,52
PX080-0036,PX080,UNRAVELED,clean,,context,,False,20260925,,36,px080_context_selector/results/METRICS.json,Benign,DataExfiltration,0
PX080-0036,PX080,UNRAVELED,clean,,context,,False,20260925,,36,px080_context_selector/results/METRICS.json,OtherAttackStage,Benign,67
PX080-0036,PX080,UNRAVELED,clean,,context,,False,20260925,,36,px080_context_selector/results/METRICS.json,OtherAttackStage,OtherAttackStage,12050
PX080-0036,PX080,UNRAVELED,clean,,context,,False,20260925,,36,px080_context_selector/results/METRICS.json,OtherAttackStage,LateralMovement,0
PX080-0036,PX080,UNRAVELED,clean,,context,,False,20260925,,36,px080_context_selector/results/METRICS.json,OtherAttackStage,DataExfiltration,307
PX080-0036,PX080,UNRAVELED,clean,,context,,False,20260925,,36,px080_context_selector/results/METRICS.json,LateralMovement,Benign,13
PX080-0036,PX080,UNRAVELED,clean,,context,,False,20260925,,36,px080_context_selector/results/METRICS.json,LateralMovement,OtherAttackStage,0
PX080-0036,PX080,UNRAVELED,clean,,context,,False,20260925,,36,px080_context_selector/results/METRICS.json,LateralMovement,LateralMovement,22
PX080-0036,PX080,UNRAVELED,clean,,context,,False,20260925,,36,px080_context_selector/results/METRICS.json,LateralMovement,DataExfiltration,0
PX080-0036,PX080,UNRAVELED,clean,,context,,False,20260925,,36,px080_context_selector/results/METRICS.json,DataExfiltration,Benign,1108
PX080-0036,PX080,UNRAVELED,clean,,context,,False,20260925,,36,px080_context_selector/results/METRICS.json,DataExfiltration,OtherAttackStage,1
PX080-0036,PX080,UNRAVELED,clean,,context,,False,20260925,,36,px080_context_selector/results/METRICS.json,DataExfiltration,LateralMovement,21
PX080-0036,PX080,UNRAVELED,clean,,context,,False,20260925,,36,px080_context_selector/results/METRICS.json,DataExfiltration,DataExfiltration,2312
PX080-0037,PX080,UNRAVELED,clean,,fixed_fusion,,False,20260925,,37,px080_context_selector/results/METRICS.json,Benign,Benign,192082
PX080-0037,PX080,UNRAVELED,clean,,fixed_fusion,,False,20260925,,37,px080_context_selector/results/METRICS.json,Benign,OtherAttackStage,0
PX080-0037,PX080,UNRAVELED,clean,,fixed_fusion,,False,20260925,,37,px080_context_selector/results/METRICS.json,Benign,LateralMovement,111
PX080-0037,PX080,UNRAVELED,clean,,fixed_fusion,,False,20260925,,37,px080_context_selector/results/METRICS.json,Benign,DataExfiltration,0
PX080-0037,PX080,UNRAVELED,clean,,fixed_fusion,,False,20260925,,37,px080_context_selector/results/METRICS.json,OtherAttackStage,Benign,44
PX080-0037,PX080,UNRAVELED,clean,,fixed_fusion,,False,20260925,,37,px080_context_selector/results/METRICS.json,OtherAttackStage,OtherAttackStage,12055
PX080-0037,PX080,UNRAVELED,clean,,fixed_fusion,,False,20260925,,37,px080_context_selector/results/METRICS.json,OtherAttackStage,LateralMovement,0
PX080-0037,PX080,UNRAVELED,clean,,fixed_fusion,,False,20260925,,37,px080_context_selector/results/METRICS.json,OtherAttackStage,DataExfiltration,325
PX080-0037,PX080,UNRAVELED,clean,,fixed_fusion,,False,20260925,,37,px080_context_selector/results/METRICS.json,LateralMovement,Benign,10
PX080-0037,PX080,UNRAVELED,clean,,fixed_fusion,,False,20260925,,37,px080_context_selector/results/METRICS.json,LateralMovement,OtherAttackStage,0
PX080-0037,PX080,UNRAVELED,clean,,fixed_fusion,,False,20260925,,37,px080_context_selector/results/METRICS.json,LateralMovement,LateralMovement,25
PX080-0037,PX080,UNRAVELED,clean,,fixed_fusion,,False,20260925,,37,px080_context_selector/results/METRICS.json,LateralMovement,DataExfiltration,0
PX080-0037,PX080,UNRAVELED,clean,,fixed_fusion,,False,20260925,,37,px080_context_selector/results/METRICS.json,DataExfiltration,Benign,1110
PX080-0037,PX080,UNRAVELED,clean,,fixed_fusion,,False,20260925,,37,px080_context_selector/results/METRICS.json,DataExfiltration,OtherAttackStage,1
PX080-0037,PX080,UNRAVELED,clean,,fixed_fusion,,False,20260925,,37,px080_context_selector/results/METRICS.json,DataExfiltration,LateralMovement,9
PX080-0037,PX080,UNRAVELED,clean,,fixed_fusion,,False,20260925,,37,px080_context_selector/results/METRICS.json,DataExfiltration,DataExfiltration,2322
PX080-0038,PX080,UNRAVELED,clean,,confidence_gate,,False,20260925,,38,px080_context_selector/results/METRICS.json,Benign,Benign,192080
PX080-0038,PX080,UNRAVELED,clean,,confidence_gate,,False,20260925,,38,px080_context_selector/results/METRICS.json,Benign,OtherAttackStage,0
PX080-0038,PX080,UNRAVELED,clean,,confidence_gate,,False,20260925,,38,px080_context_selector/results/METRICS.json,Benign,LateralMovement,113
PX080-0038,PX080,UNRAVELED,clean,,confidence_gate,,False,20260925,,38,px080_context_selector/results/METRICS.json,Benign,DataExfiltration,0
PX080-0038,PX080,UNRAVELED,clean,,confidence_gate,,False,20260925,,38,px080_context_selector/results/METRICS.json,OtherAttackStage,Benign,44
PX080-0038,PX080,UNRAVELED,clean,,confidence_gate,,False,20260925,,38,px080_context_selector/results/METRICS.json,OtherAttackStage,OtherAttackStage,12055
PX080-0038,PX080,UNRAVELED,clean,,confidence_gate,,False,20260925,,38,px080_context_selector/results/METRICS.json,OtherAttackStage,LateralMovement,0
PX080-0038,PX080,UNRAVELED,clean,,confidence_gate,,False,20260925,,38,px080_context_selector/results/METRICS.json,OtherAttackStage,DataExfiltration,325
PX080-0038,PX080,UNRAVELED,clean,,confidence_gate,,False,20260925,,38,px080_context_selector/results/METRICS.json,LateralMovement,Benign,10
PX080-0038,PX080,UNRAVELED,clean,,confidence_gate,,False,20260925,,38,px080_context_selector/results/METRICS.json,LateralMovement,OtherAttackStage,0
PX080-0038,PX080,UNRAVELED,clean,,confidence_gate,,False,20260925,,38,px080_context_selector/results/METRICS.json,LateralMovement,LateralMovement,25
PX080-0038,PX080,UNRAVELED,clean,,confidence_gate,,False,20260925,,38,px080_context_selector/results/METRICS.json,LateralMovement,DataExfiltration,0
PX080-0038,PX080,UNRAVELED,clean,,confidence_gate,,False,20260925,,38,px080_context_selector/results/METRICS.json,DataExfiltration,Benign,1110
PX080-0038,PX080,UNRAVELED,clean,,confidence_gate,,False,20260925,,38,px080_context_selector/results/METRICS.json,DataExfiltration,OtherAttackStage,1
PX080-0038,PX080,UNRAVELED,clean,,confidence_gate,,False,20260925,,38,px080_context_selector/results/METRICS.json,DataExfiltration,LateralMovement,9
PX080-0038,PX080,UNRAVELED,clean,,confidence_gate,,False,20260925,,38,px080_context_selector/results/METRICS.json,DataExfiltration,DataExfiltration,2322
PX080-0039,PX080,UNRAVELED,clean,,ordinary_gate,,False,20260925,,39,px080_context_selector/results/METRICS.json,Benign,Benign,192056
PX080-0039,PX080,UNRAVELED,clean,,ordinary_gate,,False,20260925,,39,px080_context_selector/results/METRICS.json,Benign,OtherAttackStage,1
PX080-0039,PX080,UNRAVELED,clean,,ordinary_gate,,False,20260925,,39,px080_context_selector/results/METRICS.json,Benign,LateralMovement,121
PX080-0039,PX080,UNRAVELED,clean,,ordinary_gate,,False,20260925,,39,px080_context_selector/results/METRICS.json,Benign,DataExfiltration,15
PX080-0039,PX080,UNRAVELED,clean,,ordinary_gate,,False,20260925,,39,px080_context_selector/results/METRICS.json,OtherAttackStage,Benign,52
PX080-0039,PX080,UNRAVELED,clean,,ordinary_gate,,False,20260925,,39,px080_context_selector/results/METRICS.json,OtherAttackStage,OtherAttackStage,12059
PX080-0039,PX080,UNRAVELED,clean,,ordinary_gate,,False,20260925,,39,px080_context_selector/results/METRICS.json,OtherAttackStage,LateralMovement,0
PX080-0039,PX080,UNRAVELED,clean,,ordinary_gate,,False,20260925,,39,px080_context_selector/results/METRICS.json,OtherAttackStage,DataExfiltration,313
PX080-0039,PX080,UNRAVELED,clean,,ordinary_gate,,False,20260925,,39,px080_context_selector/results/METRICS.json,LateralMovement,Benign,7
PX080-0039,PX080,UNRAVELED,clean,,ordinary_gate,,False,20260925,,39,px080_context_selector/results/METRICS.json,LateralMovement,OtherAttackStage,0
PX080-0039,PX080,UNRAVELED,clean,,ordinary_gate,,False,20260925,,39,px080_context_selector/results/METRICS.json,LateralMovement,LateralMovement,28
PX080-0039,PX080,UNRAVELED,clean,,ordinary_gate,,False,20260925,,39,px080_context_selector/results/METRICS.json,LateralMovement,DataExfiltration,0
PX080-0039,PX080,UNRAVELED,clean,,ordinary_gate,,False,20260925,,39,px080_context_selector/results/METRICS.json,DataExfiltration,Benign,1104
PX080-0039,PX080,UNRAVELED,clean,,ordinary_gate,,False,20260925,,39,px080_context_selector/results/METRICS.json,DataExfiltration,OtherAttackStage,1
PX080-0039,PX080,UNRAVELED,clean,,ordinary_gate,,False,20260925,,39,px080_context_selector/results/METRICS.json,DataExfiltration,LateralMovement,24
PX080-0039,PX080,UNRAVELED,clean,,ordinary_gate,,False,20260925,,39,px080_context_selector/results/METRICS.json,DataExfiltration,DataExfiltration,2313
PX080-0040,PX080,UNRAVELED,clean,,stage_harm_gate,,False,20260925,,40,px080_context_selector/results/METRICS.json,Benign,Benign,192027
PX080-0040,PX080,UNRAVELED,clean,,stage_harm_gate,,False,20260925,,40,px080_context_selector/results/METRICS.json,Benign,OtherAttackStage,1
PX080-0040,PX080,UNRAVELED,clean,,stage_harm_gate,,False,20260925,,40,px080_context_selector/results/METRICS.json,Benign,LateralMovement,150
PX080-0040,PX080,UNRAVELED,clean,,stage_harm_gate,,False,20260925,,40,px080_context_selector/results/METRICS.json,Benign,DataExfiltration,15
PX080-0040,PX080,UNRAVELED,clean,,stage_harm_gate,,False,20260925,,40,px080_context_selector/results/METRICS.json,OtherAttackStage,Benign,46
PX080-0040,PX080,UNRAVELED,clean,,stage_harm_gate,,False,20260925,,40,px080_context_selector/results/METRICS.json,OtherAttackStage,OtherAttackStage,12059
PX080-0040,PX080,UNRAVELED,clean,,stage_harm_gate,,False,20260925,,40,px080_context_selector/results/METRICS.json,OtherAttackStage,LateralMovement,0
PX080-0040,PX080,UNRAVELED,clean,,stage_harm_gate,,False,20260925,,40,px080_context_selector/results/METRICS.json,OtherAttackStage,DataExfiltration,319
PX080-0040,PX080,UNRAVELED,clean,,stage_harm_gate,,False,20260925,,40,px080_context_selector/results/METRICS.json,LateralMovement,Benign,5
PX080-0040,PX080,UNRAVELED,clean,,stage_harm_gate,,False,20260925,,40,px080_context_selector/results/METRICS.json,LateralMovement,OtherAttackStage,0
PX080-0040,PX080,UNRAVELED,clean,,stage_harm_gate,,False,20260925,,40,px080_context_selector/results/METRICS.json,LateralMovement,LateralMovement,30
PX080-0040,PX080,UNRAVELED,clean,,stage_harm_gate,,False,20260925,,40,px080_context_selector/results/METRICS.json,LateralMovement,DataExfiltration,0
PX080-0040,PX080,UNRAVELED,clean,,stage_harm_gate,,False,20260925,,40,px080_context_selector/results/METRICS.json,DataExfiltration,Benign,1092
PX080-0040,PX080,UNRAVELED,clean,,stage_harm_gate,,False,20260925,,40,px080_context_selector/results/METRICS.json,DataExfiltration,OtherAttackStage,1
PX080-0040,PX080,UNRAVELED,clean,,stage_harm_gate,,False,20260925,,40,px080_context_selector/results/METRICS.json,DataExfiltration,LateralMovement,31
PX080-0040,PX080,UNRAVELED,clean,,stage_harm_gate,,False,20260925,,40,px080_context_selector/results/METRICS.json,DataExfiltration,DataExfiltration,2318
PX080-0041,PX080,UNRAVELED,clean,,context_dropout,,False,20260925,,41,px080_context_selector/results/METRICS.json,Benign,Benign,192110
PX080-0041,PX080,UNRAVELED,clean,,context_dropout,,False,20260925,,41,px080_context_selector/results/METRICS.json,Benign,OtherAttackStage,1
PX080-0041,PX080,UNRAVELED,clean,,context_dropout,,False,20260925,,41,px080_context_selector/results/METRICS.json,Benign,LateralMovement,75
PX080-0041,PX080,UNRAVELED,clean,,context_dropout,,False,20260925,,41,px080_context_selector/results/METRICS.json,Benign,DataExfiltration,7
PX080-0041,PX080,UNRAVELED,clean,,context_dropout,,False,20260925,,41,px080_context_selector/results/METRICS.json,OtherAttackStage,Benign,47
PX080-0041,PX080,UNRAVELED,clean,,context_dropout,,False,20260925,,41,px080_context_selector/results/METRICS.json,OtherAttackStage,OtherAttackStage,12060
PX080-0041,PX080,UNRAVELED,clean,,context_dropout,,False,20260925,,41,px080_context_selector/results/METRICS.json,OtherAttackStage,LateralMovement,0
PX080-0041,PX080,UNRAVELED,clean,,context_dropout,,False,20260925,,41,px080_context_selector/results/METRICS.json,OtherAttackStage,DataExfiltration,317
PX080-0041,PX080,UNRAVELED,clean,,context_dropout,,False,20260925,,41,px080_context_selector/results/METRICS.json,LateralMovement,Benign,13
PX080-0041,PX080,UNRAVELED,clean,,context_dropout,,False,20260925,,41,px080_context_selector/results/METRICS.json,LateralMovement,OtherAttackStage,0
PX080-0041,PX080,UNRAVELED,clean,,context_dropout,,False,20260925,,41,px080_context_selector/results/METRICS.json,LateralMovement,LateralMovement,22
PX080-0041,PX080,UNRAVELED,clean,,context_dropout,,False,20260925,,41,px080_context_selector/results/METRICS.json,LateralMovement,DataExfiltration,0
PX080-0041,PX080,UNRAVELED,clean,,context_dropout,,False,20260925,,41,px080_context_selector/results/METRICS.json,DataExfiltration,Benign,1095
PX080-0041,PX080,UNRAVELED,clean,,context_dropout,,False,20260925,,41,px080_context_selector/results/METRICS.json,DataExfiltration,OtherAttackStage,1
PX080-0041,PX080,UNRAVELED,clean,,context_dropout,,False,20260925,,41,px080_context_selector/results/METRICS.json,DataExfiltration,LateralMovement,26
PX080-0041,PX080,UNRAVELED,clean,,context_dropout,,False,20260925,,41,px080_context_selector/results/METRICS.json,DataExfiltration,DataExfiltration,2320
PX080-0042,PX080,UNRAVELED,missing_half,,current_roles,,False,20260925,,42,px080_context_selector/results/METRICS.json,Benign,Benign,192027
PX080-0042,PX080,UNRAVELED,missing_half,,current_roles,,False,20260925,,42,px080_context_selector/results/METRICS.json,Benign,OtherAttackStage,1
PX080-0042,PX080,UNRAVELED,missing_half,,current_roles,,False,20260925,,42,px080_context_selector/results/METRICS.json,Benign,LateralMovement,149
PX080-0042,PX080,UNRAVELED,missing_half,,current_roles,,False,20260925,,42,px080_context_selector/results/METRICS.json,Benign,DataExfiltration,16
PX080-0042,PX080,UNRAVELED,missing_half,,current_roles,,False,20260925,,42,px080_context_selector/results/METRICS.json,OtherAttackStage,Benign,34
PX080-0042,PX080,UNRAVELED,missing_half,,current_roles,,False,20260925,,42,px080_context_selector/results/METRICS.json,OtherAttackStage,OtherAttackStage,12026
PX080-0042,PX080,UNRAVELED,missing_half,,current_roles,,False,20260925,,42,px080_context_selector/results/METRICS.json,OtherAttackStage,LateralMovement,0
PX080-0042,PX080,UNRAVELED,missing_half,,current_roles,,False,20260925,,42,px080_context_selector/results/METRICS.json,OtherAttackStage,DataExfiltration,364
PX080-0042,PX080,UNRAVELED,missing_half,,current_roles,,False,20260925,,42,px080_context_selector/results/METRICS.json,LateralMovement,Benign,6
PX080-0042,PX080,UNRAVELED,missing_half,,current_roles,,False,20260925,,42,px080_context_selector/results/METRICS.json,LateralMovement,OtherAttackStage,0
PX080-0042,PX080,UNRAVELED,missing_half,,current_roles,,False,20260925,,42,px080_context_selector/results/METRICS.json,LateralMovement,LateralMovement,29
PX080-0042,PX080,UNRAVELED,missing_half,,current_roles,,False,20260925,,42,px080_context_selector/results/METRICS.json,LateralMovement,DataExfiltration,0
PX080-0042,PX080,UNRAVELED,missing_half,,current_roles,,False,20260925,,42,px080_context_selector/results/METRICS.json,DataExfiltration,Benign,1108
PX080-0042,PX080,UNRAVELED,missing_half,,current_roles,,False,20260925,,42,px080_context_selector/results/METRICS.json,DataExfiltration,OtherAttackStage,0
PX080-0042,PX080,UNRAVELED,missing_half,,current_roles,,False,20260925,,42,px080_context_selector/results/METRICS.json,DataExfiltration,LateralMovement,10
PX080-0042,PX080,UNRAVELED,missing_half,,current_roles,,False,20260925,,42,px080_context_selector/results/METRICS.json,DataExfiltration,DataExfiltration,2324
PX080-0043,PX080,UNRAVELED,missing_half,,context,,False,20260925,,43,px080_context_selector/results/METRICS.json,Benign,Benign,192162
PX080-0043,PX080,UNRAVELED,missing_half,,context,,False,20260925,,43,px080_context_selector/results/METRICS.json,Benign,OtherAttackStage,0
PX080-0043,PX080,UNRAVELED,missing_half,,context,,False,20260925,,43,px080_context_selector/results/METRICS.json,Benign,LateralMovement,31
PX080-0043,PX080,UNRAVELED,missing_half,,context,,False,20260925,,43,px080_context_selector/results/METRICS.json,Benign,DataExfiltration,0
PX080-0043,PX080,UNRAVELED,missing_half,,context,,False,20260925,,43,px080_context_selector/results/METRICS.json,OtherAttackStage,Benign,6151
PX080-0043,PX080,UNRAVELED,missing_half,,context,,False,20260925,,43,px080_context_selector/results/METRICS.json,OtherAttackStage,OtherAttackStage,5988
PX080-0043,PX080,UNRAVELED,missing_half,,context,,False,20260925,,43,px080_context_selector/results/METRICS.json,OtherAttackStage,LateralMovement,0
PX080-0043,PX080,UNRAVELED,missing_half,,context,,False,20260925,,43,px080_context_selector/results/METRICS.json,OtherAttackStage,DataExfiltration,285
PX080-0043,PX080,UNRAVELED,missing_half,,context,,False,20260925,,43,px080_context_selector/results/METRICS.json,LateralMovement,Benign,25
PX080-0043,PX080,UNRAVELED,missing_half,,context,,False,20260925,,43,px080_context_selector/results/METRICS.json,LateralMovement,OtherAttackStage,0
PX080-0043,PX080,UNRAVELED,missing_half,,context,,False,20260925,,43,px080_context_selector/results/METRICS.json,LateralMovement,LateralMovement,10
PX080-0043,PX080,UNRAVELED,missing_half,,context,,False,20260925,,43,px080_context_selector/results/METRICS.json,LateralMovement,DataExfiltration,0
PX080-0043,PX080,UNRAVELED,missing_half,,context,,False,20260925,,43,px080_context_selector/results/METRICS.json,DataExfiltration,Benign,1119
PX080-0043,PX080,UNRAVELED,missing_half,,context,,False,20260925,,43,px080_context_selector/results/METRICS.json,DataExfiltration,OtherAttackStage,1
PX080-0043,PX080,UNRAVELED,missing_half,,context,,False,20260925,,43,px080_context_selector/results/METRICS.json,DataExfiltration,LateralMovement,13
PX080-0043,PX080,UNRAVELED,missing_half,,context,,False,20260925,,43,px080_context_selector/results/METRICS.json,DataExfiltration,DataExfiltration,2309
PX080-0044,PX080,UNRAVELED,missing_half,,fixed_fusion,,False,20260925,,44,px080_context_selector/results/METRICS.json,Benign,Benign,192113
PX080-0044,PX080,UNRAVELED,missing_half,,fixed_fusion,,False,20260925,,44,px080_context_selector/results/METRICS.json,Benign,OtherAttackStage,0
PX080-0044,PX080,UNRAVELED,missing_half,,fixed_fusion,,False,20260925,,44,px080_context_selector/results/METRICS.json,Benign,LateralMovement,80
PX080-0044,PX080,UNRAVELED,missing_half,,fixed_fusion,,False,20260925,,44,px080_context_selector/results/METRICS.json,Benign,DataExfiltration,0
PX080-0044,PX080,UNRAVELED,missing_half,,fixed_fusion,,False,20260925,,44,px080_context_selector/results/METRICS.json,OtherAttackStage,Benign,60
PX080-0044,PX080,UNRAVELED,missing_half,,fixed_fusion,,False,20260925,,44,px080_context_selector/results/METRICS.json,OtherAttackStage,OtherAttackStage,12036
PX080-0044,PX080,UNRAVELED,missing_half,,fixed_fusion,,False,20260925,,44,px080_context_selector/results/METRICS.json,OtherAttackStage,LateralMovement,0
PX080-0044,PX080,UNRAVELED,missing_half,,fixed_fusion,,False,20260925,,44,px080_context_selector/results/METRICS.json,OtherAttackStage,DataExfiltration,328
PX080-0044,PX080,UNRAVELED,missing_half,,fixed_fusion,,False,20260925,,44,px080_context_selector/results/METRICS.json,LateralMovement,Benign,17
PX080-0044,PX080,UNRAVELED,missing_half,,fixed_fusion,,False,20260925,,44,px080_context_selector/results/METRICS.json,LateralMovement,OtherAttackStage,0
PX080-0044,PX080,UNRAVELED,missing_half,,fixed_fusion,,False,20260925,,44,px080_context_selector/results/METRICS.json,LateralMovement,LateralMovement,18
PX080-0044,PX080,UNRAVELED,missing_half,,fixed_fusion,,False,20260925,,44,px080_context_selector/results/METRICS.json,LateralMovement,DataExfiltration,0
PX080-0044,PX080,UNRAVELED,missing_half,,fixed_fusion,,False,20260925,,44,px080_context_selector/results/METRICS.json,DataExfiltration,Benign,1116
PX080-0044,PX080,UNRAVELED,missing_half,,fixed_fusion,,False,20260925,,44,px080_context_selector/results/METRICS.json,DataExfiltration,OtherAttackStage,1
PX080-0044,PX080,UNRAVELED,missing_half,,fixed_fusion,,False,20260925,,44,px080_context_selector/results/METRICS.json,DataExfiltration,LateralMovement,5
PX080-0044,PX080,UNRAVELED,missing_half,,fixed_fusion,,False,20260925,,44,px080_context_selector/results/METRICS.json,DataExfiltration,DataExfiltration,2320
PX080-0045,PX080,UNRAVELED,missing_half,,confidence_gate,,False,20260925,,45,px080_context_selector/results/METRICS.json,Benign,Benign,192113
PX080-0045,PX080,UNRAVELED,missing_half,,confidence_gate,,False,20260925,,45,px080_context_selector/results/METRICS.json,Benign,OtherAttackStage,0
PX080-0045,PX080,UNRAVELED,missing_half,,confidence_gate,,False,20260925,,45,px080_context_selector/results/METRICS.json,Benign,LateralMovement,80
PX080-0045,PX080,UNRAVELED,missing_half,,confidence_gate,,False,20260925,,45,px080_context_selector/results/METRICS.json,Benign,DataExfiltration,0
PX080-0045,PX080,UNRAVELED,missing_half,,confidence_gate,,False,20260925,,45,px080_context_selector/results/METRICS.json,OtherAttackStage,Benign,60
PX080-0045,PX080,UNRAVELED,missing_half,,confidence_gate,,False,20260925,,45,px080_context_selector/results/METRICS.json,OtherAttackStage,OtherAttackStage,12039
PX080-0045,PX080,UNRAVELED,missing_half,,confidence_gate,,False,20260925,,45,px080_context_selector/results/METRICS.json,OtherAttackStage,LateralMovement,0
PX080-0045,PX080,UNRAVELED,missing_half,,confidence_gate,,False,20260925,,45,px080_context_selector/results/METRICS.json,OtherAttackStage,DataExfiltration,325
PX080-0045,PX080,UNRAVELED,missing_half,,confidence_gate,,False,20260925,,45,px080_context_selector/results/METRICS.json,LateralMovement,Benign,17
PX080-0045,PX080,UNRAVELED,missing_half,,confidence_gate,,False,20260925,,45,px080_context_selector/results/METRICS.json,LateralMovement,OtherAttackStage,0
PX080-0045,PX080,UNRAVELED,missing_half,,confidence_gate,,False,20260925,,45,px080_context_selector/results/METRICS.json,LateralMovement,LateralMovement,18
PX080-0045,PX080,UNRAVELED,missing_half,,confidence_gate,,False,20260925,,45,px080_context_selector/results/METRICS.json,LateralMovement,DataExfiltration,0
PX080-0045,PX080,UNRAVELED,missing_half,,confidence_gate,,False,20260925,,45,px080_context_selector/results/METRICS.json,DataExfiltration,Benign,1117
PX080-0045,PX080,UNRAVELED,missing_half,,confidence_gate,,False,20260925,,45,px080_context_selector/results/METRICS.json,DataExfiltration,OtherAttackStage,1
PX080-0045,PX080,UNRAVELED,missing_half,,confidence_gate,,False,20260925,,45,px080_context_selector/results/METRICS.json,DataExfiltration,LateralMovement,5
PX080-0045,PX080,UNRAVELED,missing_half,,confidence_gate,,False,20260925,,45,px080_context_selector/results/METRICS.json,DataExfiltration,DataExfiltration,2319
PX080-0046,PX080,UNRAVELED,missing_half,,ordinary_gate,,False,20260925,,46,px080_context_selector/results/METRICS.json,Benign,Benign,192056
PX080-0046,PX080,UNRAVELED,missing_half,,ordinary_gate,,False,20260925,,46,px080_context_selector/results/METRICS.json,Benign,OtherAttackStage,1
PX080-0046,PX080,UNRAVELED,missing_half,,ordinary_gate,,False,20260925,,46,px080_context_selector/results/METRICS.json,Benign,LateralMovement,120
PX080-0046,PX080,UNRAVELED,missing_half,,ordinary_gate,,False,20260925,,46,px080_context_selector/results/METRICS.json,Benign,DataExfiltration,16
PX080-0046,PX080,UNRAVELED,missing_half,,ordinary_gate,,False,20260925,,46,px080_context_selector/results/METRICS.json,OtherAttackStage,Benign,71
PX080-0046,PX080,UNRAVELED,missing_half,,ordinary_gate,,False,20260925,,46,px080_context_selector/results/METRICS.json,OtherAttackStage,OtherAttackStage,12045
PX080-0046,PX080,UNRAVELED,missing_half,,ordinary_gate,,False,20260925,,46,px080_context_selector/results/METRICS.json,OtherAttackStage,LateralMovement,0
PX080-0046,PX080,UNRAVELED,missing_half,,ordinary_gate,,False,20260925,,46,px080_context_selector/results/METRICS.json,OtherAttackStage,DataExfiltration,308
PX080-0046,PX080,UNRAVELED,missing_half,,ordinary_gate,,False,20260925,,46,px080_context_selector/results/METRICS.json,LateralMovement,Benign,9
PX080-0046,PX080,UNRAVELED,missing_half,,ordinary_gate,,False,20260925,,46,px080_context_selector/results/METRICS.json,LateralMovement,OtherAttackStage,0
PX080-0046,PX080,UNRAVELED,missing_half,,ordinary_gate,,False,20260925,,46,px080_context_selector/results/METRICS.json,LateralMovement,LateralMovement,26
PX080-0046,PX080,UNRAVELED,missing_half,,ordinary_gate,,False,20260925,,46,px080_context_selector/results/METRICS.json,LateralMovement,DataExfiltration,0
PX080-0046,PX080,UNRAVELED,missing_half,,ordinary_gate,,False,20260925,,46,px080_context_selector/results/METRICS.json,DataExfiltration,Benign,1114
PX080-0046,PX080,UNRAVELED,missing_half,,ordinary_gate,,False,20260925,,46,px080_context_selector/results/METRICS.json,DataExfiltration,OtherAttackStage,1
PX080-0046,PX080,UNRAVELED,missing_half,,ordinary_gate,,False,20260925,,46,px080_context_selector/results/METRICS.json,DataExfiltration,LateralMovement,15
PX080-0046,PX080,UNRAVELED,missing_half,,ordinary_gate,,False,20260925,,46,px080_context_selector/results/METRICS.json,DataExfiltration,DataExfiltration,2312
PX080-0047,PX080,UNRAVELED,missing_half,,stage_harm_gate,,False,20260925,,47,px080_context_selector/results/METRICS.json,Benign,Benign,192028
PX080-0047,PX080,UNRAVELED,missing_half,,stage_harm_gate,,False,20260925,,47,px080_context_selector/results/METRICS.json,Benign,OtherAttackStage,1
PX080-0047,PX080,UNRAVELED,missing_half,,stage_harm_gate,,False,20260925,,47,px080_context_selector/results/METRICS.json,Benign,LateralMovement,150
PX080-0047,PX080,UNRAVELED,missing_half,,stage_harm_gate,,False,20260925,,47,px080_context_selector/results/METRICS.json,Benign,DataExfiltration,14
PX080-0047,PX080,UNRAVELED,missing_half,,stage_harm_gate,,False,20260925,,47,px080_context_selector/results/METRICS.json,OtherAttackStage,Benign,48
PX080-0047,PX080,UNRAVELED,missing_half,,stage_harm_gate,,False,20260925,,47,px080_context_selector/results/METRICS.json,OtherAttackStage,OtherAttackStage,12045
PX080-0047,PX080,UNRAVELED,missing_half,,stage_harm_gate,,False,20260925,,47,px080_context_selector/results/METRICS.json,OtherAttackStage,LateralMovement,0
PX080-0047,PX080,UNRAVELED,missing_half,,stage_harm_gate,,False,20260925,,47,px080_context_selector/results/METRICS.json,OtherAttackStage,DataExfiltration,331
PX080-0047,PX080,UNRAVELED,missing_half,,stage_harm_gate,,False,20260925,,47,px080_context_selector/results/METRICS.json,LateralMovement,Benign,5
PX080-0047,PX080,UNRAVELED,missing_half,,stage_harm_gate,,False,20260925,,47,px080_context_selector/results/METRICS.json,LateralMovement,OtherAttackStage,0
PX080-0047,PX080,UNRAVELED,missing_half,,stage_harm_gate,,False,20260925,,47,px080_context_selector/results/METRICS.json,LateralMovement,LateralMovement,30
PX080-0047,PX080,UNRAVELED,missing_half,,stage_harm_gate,,False,20260925,,47,px080_context_selector/results/METRICS.json,LateralMovement,DataExfiltration,0
PX080-0047,PX080,UNRAVELED,missing_half,,stage_harm_gate,,False,20260925,,47,px080_context_selector/results/METRICS.json,DataExfiltration,Benign,1099
PX080-0047,PX080,UNRAVELED,missing_half,,stage_harm_gate,,False,20260925,,47,px080_context_selector/results/METRICS.json,DataExfiltration,OtherAttackStage,1
PX080-0047,PX080,UNRAVELED,missing_half,,stage_harm_gate,,False,20260925,,47,px080_context_selector/results/METRICS.json,DataExfiltration,LateralMovement,23
PX080-0047,PX080,UNRAVELED,missing_half,,stage_harm_gate,,False,20260925,,47,px080_context_selector/results/METRICS.json,DataExfiltration,DataExfiltration,2319
PX080-0048,PX080,UNRAVELED,missing_half,,context_dropout,,False,20260925,,48,px080_context_selector/results/METRICS.json,Benign,Benign,192087
PX080-0048,PX080,UNRAVELED,missing_half,,context_dropout,,False,20260925,,48,px080_context_selector/results/METRICS.json,Benign,OtherAttackStage,1
PX080-0048,PX080,UNRAVELED,missing_half,,context_dropout,,False,20260925,,48,px080_context_selector/results/METRICS.json,Benign,LateralMovement,91
PX080-0048,PX080,UNRAVELED,missing_half,,context_dropout,,False,20260925,,48,px080_context_selector/results/METRICS.json,Benign,DataExfiltration,14
PX080-0048,PX080,UNRAVELED,missing_half,,context_dropout,,False,20260925,,48,px080_context_selector/results/METRICS.json,OtherAttackStage,Benign,41
PX080-0048,PX080,UNRAVELED,missing_half,,context_dropout,,False,20260925,,48,px080_context_selector/results/METRICS.json,OtherAttackStage,OtherAttackStage,12057
PX080-0048,PX080,UNRAVELED,missing_half,,context_dropout,,False,20260925,,48,px080_context_selector/results/METRICS.json,OtherAttackStage,LateralMovement,0
PX080-0048,PX080,UNRAVELED,missing_half,,context_dropout,,False,20260925,,48,px080_context_selector/results/METRICS.json,OtherAttackStage,DataExfiltration,326
PX080-0048,PX080,UNRAVELED,missing_half,,context_dropout,,False,20260925,,48,px080_context_selector/results/METRICS.json,LateralMovement,Benign,13
PX080-0048,PX080,UNRAVELED,missing_half,,context_dropout,,False,20260925,,48,px080_context_selector/results/METRICS.json,LateralMovement,OtherAttackStage,0
PX080-0048,PX080,UNRAVELED,missing_half,,context_dropout,,False,20260925,,48,px080_context_selector/results/METRICS.json,LateralMovement,LateralMovement,22
PX080-0048,PX080,UNRAVELED,missing_half,,context_dropout,,False,20260925,,48,px080_context_selector/results/METRICS.json,LateralMovement,DataExfiltration,0
PX080-0048,PX080,UNRAVELED,missing_half,,context_dropout,,False,20260925,,48,px080_context_selector/results/METRICS.json,DataExfiltration,Benign,1100
PX080-0048,PX080,UNRAVELED,missing_half,,context_dropout,,False,20260925,,48,px080_context_selector/results/METRICS.json,DataExfiltration,OtherAttackStage,1
PX080-0048,PX080,UNRAVELED,missing_half,,context_dropout,,False,20260925,,48,px080_context_selector/results/METRICS.json,DataExfiltration,LateralMovement,19
PX080-0048,PX080,UNRAVELED,missing_half,,context_dropout,,False,20260925,,48,px080_context_selector/results/METRICS.json,DataExfiltration,DataExfiltration,2322
PX080-0049,PX080,UNRAVELED,missing_all,,current_roles,,False,20260925,,49,px080_context_selector/results/METRICS.json,Benign,Benign,192027
PX080-0049,PX080,UNRAVELED,missing_all,,current_roles,,False,20260925,,49,px080_context_selector/results/METRICS.json,Benign,OtherAttackStage,1
PX080-0049,PX080,UNRAVELED,missing_all,,current_roles,,False,20260925,,49,px080_context_selector/results/METRICS.json,Benign,LateralMovement,149
PX080-0049,PX080,UNRAVELED,missing_all,,current_roles,,False,20260925,,49,px080_context_selector/results/METRICS.json,Benign,DataExfiltration,16
PX080-0049,PX080,UNRAVELED,missing_all,,current_roles,,False,20260925,,49,px080_context_selector/results/METRICS.json,OtherAttackStage,Benign,34
PX080-0049,PX080,UNRAVELED,missing_all,,current_roles,,False,20260925,,49,px080_context_selector/results/METRICS.json,OtherAttackStage,OtherAttackStage,12026
PX080-0049,PX080,UNRAVELED,missing_all,,current_roles,,False,20260925,,49,px080_context_selector/results/METRICS.json,OtherAttackStage,LateralMovement,0
PX080-0049,PX080,UNRAVELED,missing_all,,current_roles,,False,20260925,,49,px080_context_selector/results/METRICS.json,OtherAttackStage,DataExfiltration,364
PX080-0049,PX080,UNRAVELED,missing_all,,current_roles,,False,20260925,,49,px080_context_selector/results/METRICS.json,LateralMovement,Benign,6
PX080-0049,PX080,UNRAVELED,missing_all,,current_roles,,False,20260925,,49,px080_context_selector/results/METRICS.json,LateralMovement,OtherAttackStage,0
PX080-0049,PX080,UNRAVELED,missing_all,,current_roles,,False,20260925,,49,px080_context_selector/results/METRICS.json,LateralMovement,LateralMovement,29
PX080-0049,PX080,UNRAVELED,missing_all,,current_roles,,False,20260925,,49,px080_context_selector/results/METRICS.json,LateralMovement,DataExfiltration,0
PX080-0049,PX080,UNRAVELED,missing_all,,current_roles,,False,20260925,,49,px080_context_selector/results/METRICS.json,DataExfiltration,Benign,1108
PX080-0049,PX080,UNRAVELED,missing_all,,current_roles,,False,20260925,,49,px080_context_selector/results/METRICS.json,DataExfiltration,OtherAttackStage,0
PX080-0049,PX080,UNRAVELED,missing_all,,current_roles,,False,20260925,,49,px080_context_selector/results/METRICS.json,DataExfiltration,LateralMovement,10
PX080-0049,PX080,UNRAVELED,missing_all,,current_roles,,False,20260925,,49,px080_context_selector/results/METRICS.json,DataExfiltration,DataExfiltration,2324
PX080-0050,PX080,UNRAVELED,missing_all,,context,,False,20260925,,50,px080_context_selector/results/METRICS.json,Benign,Benign,192193
PX080-0050,PX080,UNRAVELED,missing_all,,context,,False,20260925,,50,px080_context_selector/results/METRICS.json,Benign,OtherAttackStage,0
PX080-0050,PX080,UNRAVELED,missing_all,,context,,False,20260925,,50,px080_context_selector/results/METRICS.json,Benign,LateralMovement,0
PX080-0050,PX080,UNRAVELED,missing_all,,context,,False,20260925,,50,px080_context_selector/results/METRICS.json,Benign,DataExfiltration,0
PX080-0050,PX080,UNRAVELED,missing_all,,context,,False,20260925,,50,px080_context_selector/results/METRICS.json,OtherAttackStage,Benign,12154
PX080-0050,PX080,UNRAVELED,missing_all,,context,,False,20260925,,50,px080_context_selector/results/METRICS.json,OtherAttackStage,OtherAttackStage,0
PX080-0050,PX080,UNRAVELED,missing_all,,context,,False,20260925,,50,px080_context_selector/results/METRICS.json,OtherAttackStage,LateralMovement,0
PX080-0050,PX080,UNRAVELED,missing_all,,context,,False,20260925,,50,px080_context_selector/results/METRICS.json,OtherAttackStage,DataExfiltration,270
PX080-0050,PX080,UNRAVELED,missing_all,,context,,False,20260925,,50,px080_context_selector/results/METRICS.json,LateralMovement,Benign,35
PX080-0050,PX080,UNRAVELED,missing_all,,context,,False,20260925,,50,px080_context_selector/results/METRICS.json,LateralMovement,OtherAttackStage,0
PX080-0050,PX080,UNRAVELED,missing_all,,context,,False,20260925,,50,px080_context_selector/results/METRICS.json,LateralMovement,LateralMovement,0
PX080-0050,PX080,UNRAVELED,missing_all,,context,,False,20260925,,50,px080_context_selector/results/METRICS.json,LateralMovement,DataExfiltration,0
PX080-0050,PX080,UNRAVELED,missing_all,,context,,False,20260925,,50,px080_context_selector/results/METRICS.json,DataExfiltration,Benign,1135
PX080-0050,PX080,UNRAVELED,missing_all,,context,,False,20260925,,50,px080_context_selector/results/METRICS.json,DataExfiltration,OtherAttackStage,0
PX080-0050,PX080,UNRAVELED,missing_all,,context,,False,20260925,,50,px080_context_selector/results/METRICS.json,DataExfiltration,LateralMovement,0
PX080-0050,PX080,UNRAVELED,missing_all,,context,,False,20260925,,50,px080_context_selector/results/METRICS.json,DataExfiltration,DataExfiltration,2307
PX080-0051,PX080,UNRAVELED,missing_all,,fixed_fusion,,False,20260925,,51,px080_context_selector/results/METRICS.json,Benign,Benign,192146
PX080-0051,PX080,UNRAVELED,missing_all,,fixed_fusion,,False,20260925,,51,px080_context_selector/results/METRICS.json,Benign,OtherAttackStage,0
PX080-0051,PX080,UNRAVELED,missing_all,,fixed_fusion,,False,20260925,,51,px080_context_selector/results/METRICS.json,Benign,LateralMovement,47
PX080-0051,PX080,UNRAVELED,missing_all,,fixed_fusion,,False,20260925,,51,px080_context_selector/results/METRICS.json,Benign,DataExfiltration,0
PX080-0051,PX080,UNRAVELED,missing_all,,fixed_fusion,,False,20260925,,51,px080_context_selector/results/METRICS.json,OtherAttackStage,Benign,74
PX080-0051,PX080,UNRAVELED,missing_all,,fixed_fusion,,False,20260925,,51,px080_context_selector/results/METRICS.json,OtherAttackStage,OtherAttackStage,12011
PX080-0051,PX080,UNRAVELED,missing_all,,fixed_fusion,,False,20260925,,51,px080_context_selector/results/METRICS.json,OtherAttackStage,LateralMovement,0
PX080-0051,PX080,UNRAVELED,missing_all,,fixed_fusion,,False,20260925,,51,px080_context_selector/results/METRICS.json,OtherAttackStage,DataExfiltration,339
PX080-0051,PX080,UNRAVELED,missing_all,,fixed_fusion,,False,20260925,,51,px080_context_selector/results/METRICS.json,LateralMovement,Benign,26
PX080-0051,PX080,UNRAVELED,missing_all,,fixed_fusion,,False,20260925,,51,px080_context_selector/results/METRICS.json,LateralMovement,OtherAttackStage,0
PX080-0051,PX080,UNRAVELED,missing_all,,fixed_fusion,,False,20260925,,51,px080_context_selector/results/METRICS.json,LateralMovement,LateralMovement,9
PX080-0051,PX080,UNRAVELED,missing_all,,fixed_fusion,,False,20260925,,51,px080_context_selector/results/METRICS.json,LateralMovement,DataExfiltration,0
PX080-0051,PX080,UNRAVELED,missing_all,,fixed_fusion,,False,20260925,,51,px080_context_selector/results/METRICS.json,DataExfiltration,Benign,1122
PX080-0051,PX080,UNRAVELED,missing_all,,fixed_fusion,,False,20260925,,51,px080_context_selector/results/METRICS.json,DataExfiltration,OtherAttackStage,0
PX080-0051,PX080,UNRAVELED,missing_all,,fixed_fusion,,False,20260925,,51,px080_context_selector/results/METRICS.json,DataExfiltration,LateralMovement,0
PX080-0051,PX080,UNRAVELED,missing_all,,fixed_fusion,,False,20260925,,51,px080_context_selector/results/METRICS.json,DataExfiltration,DataExfiltration,2320
PX080-0052,PX080,UNRAVELED,missing_all,,confidence_gate,,False,20260925,,52,px080_context_selector/results/METRICS.json,Benign,Benign,192146
PX080-0052,PX080,UNRAVELED,missing_all,,confidence_gate,,False,20260925,,52,px080_context_selector/results/METRICS.json,Benign,OtherAttackStage,0
PX080-0052,PX080,UNRAVELED,missing_all,,confidence_gate,,False,20260925,,52,px080_context_selector/results/METRICS.json,Benign,LateralMovement,47
PX080-0052,PX080,UNRAVELED,missing_all,,confidence_gate,,False,20260925,,52,px080_context_selector/results/METRICS.json,Benign,DataExfiltration,0
PX080-0052,PX080,UNRAVELED,missing_all,,confidence_gate,,False,20260925,,52,px080_context_selector/results/METRICS.json,OtherAttackStage,Benign,80
PX080-0052,PX080,UNRAVELED,missing_all,,confidence_gate,,False,20260925,,52,px080_context_selector/results/METRICS.json,OtherAttackStage,OtherAttackStage,12012
PX080-0052,PX080,UNRAVELED,missing_all,,confidence_gate,,False,20260925,,52,px080_context_selector/results/METRICS.json,OtherAttackStage,LateralMovement,0
PX080-0052,PX080,UNRAVELED,missing_all,,confidence_gate,,False,20260925,,52,px080_context_selector/results/METRICS.json,OtherAttackStage,DataExfiltration,332
PX080-0052,PX080,UNRAVELED,missing_all,,confidence_gate,,False,20260925,,52,px080_context_selector/results/METRICS.json,LateralMovement,Benign,26
PX080-0052,PX080,UNRAVELED,missing_all,,confidence_gate,,False,20260925,,52,px080_context_selector/results/METRICS.json,LateralMovement,OtherAttackStage,0
PX080-0052,PX080,UNRAVELED,missing_all,,confidence_gate,,False,20260925,,52,px080_context_selector/results/METRICS.json,LateralMovement,LateralMovement,9
PX080-0052,PX080,UNRAVELED,missing_all,,confidence_gate,,False,20260925,,52,px080_context_selector/results/METRICS.json,LateralMovement,DataExfiltration,0
PX080-0052,PX080,UNRAVELED,missing_all,,confidence_gate,,False,20260925,,52,px080_context_selector/results/METRICS.json,DataExfiltration,Benign,1123
PX080-0052,PX080,UNRAVELED,missing_all,,confidence_gate,,False,20260925,,52,px080_context_selector/results/METRICS.json,DataExfiltration,OtherAttackStage,0
PX080-0052,PX080,UNRAVELED,missing_all,,confidence_gate,,False,20260925,,52,px080_context_selector/results/METRICS.json,DataExfiltration,LateralMovement,0
PX080-0052,PX080,UNRAVELED,missing_all,,confidence_gate,,False,20260925,,52,px080_context_selector/results/METRICS.json,DataExfiltration,DataExfiltration,2319
PX080-0053,PX080,UNRAVELED,missing_all,,ordinary_gate,,False,20260925,,53,px080_context_selector/results/METRICS.json,Benign,Benign,192053
PX080-0053,PX080,UNRAVELED,missing_all,,ordinary_gate,,False,20260925,,53,px080_context_selector/results/METRICS.json,Benign,OtherAttackStage,1
PX080-0053,PX080,UNRAVELED,missing_all,,ordinary_gate,,False,20260925,,53,px080_context_selector/results/METRICS.json,Benign,LateralMovement,123
PX080-0053,PX080,UNRAVELED,missing_all,,ordinary_gate,,False,20260925,,53,px080_context_selector/results/METRICS.json,Benign,DataExfiltration,16
PX080-0053,PX080,UNRAVELED,missing_all,,ordinary_gate,,False,20260925,,53,px080_context_selector/results/METRICS.json,OtherAttackStage,Benign,97
PX080-0053,PX080,UNRAVELED,missing_all,,ordinary_gate,,False,20260925,,53,px080_context_selector/results/METRICS.json,OtherAttackStage,OtherAttackStage,12026
PX080-0053,PX080,UNRAVELED,missing_all,,ordinary_gate,,False,20260925,,53,px080_context_selector/results/METRICS.json,OtherAttackStage,LateralMovement,0
PX080-0053,PX080,UNRAVELED,missing_all,,ordinary_gate,,False,20260925,,53,px080_context_selector/results/METRICS.json,OtherAttackStage,DataExfiltration,301
PX080-0053,PX080,UNRAVELED,missing_all,,ordinary_gate,,False,20260925,,53,px080_context_selector/results/METRICS.json,LateralMovement,Benign,10
PX080-0053,PX080,UNRAVELED,missing_all,,ordinary_gate,,False,20260925,,53,px080_context_selector/results/METRICS.json,LateralMovement,OtherAttackStage,0
PX080-0053,PX080,UNRAVELED,missing_all,,ordinary_gate,,False,20260925,,53,px080_context_selector/results/METRICS.json,LateralMovement,LateralMovement,25
PX080-0053,PX080,UNRAVELED,missing_all,,ordinary_gate,,False,20260925,,53,px080_context_selector/results/METRICS.json,LateralMovement,DataExfiltration,0
PX080-0053,PX080,UNRAVELED,missing_all,,ordinary_gate,,False,20260925,,53,px080_context_selector/results/METRICS.json,DataExfiltration,Benign,1131
PX080-0053,PX080,UNRAVELED,missing_all,,ordinary_gate,,False,20260925,,53,px080_context_selector/results/METRICS.json,DataExfiltration,OtherAttackStage,0
PX080-0053,PX080,UNRAVELED,missing_all,,ordinary_gate,,False,20260925,,53,px080_context_selector/results/METRICS.json,DataExfiltration,LateralMovement,0
PX080-0053,PX080,UNRAVELED,missing_all,,ordinary_gate,,False,20260925,,53,px080_context_selector/results/METRICS.json,DataExfiltration,DataExfiltration,2311
PX080-0054,PX080,UNRAVELED,missing_all,,stage_harm_gate,,False,20260925,,54,px080_context_selector/results/METRICS.json,Benign,Benign,192029
PX080-0054,PX080,UNRAVELED,missing_all,,stage_harm_gate,,False,20260925,,54,px080_context_selector/results/METRICS.json,Benign,OtherAttackStage,1
PX080-0054,PX080,UNRAVELED,missing_all,,stage_harm_gate,,False,20260925,,54,px080_context_selector/results/METRICS.json,Benign,LateralMovement,149
PX080-0054,PX080,UNRAVELED,missing_all,,stage_harm_gate,,False,20260925,,54,px080_context_selector/results/METRICS.json,Benign,DataExfiltration,14
PX080-0054,PX080,UNRAVELED,missing_all,,stage_harm_gate,,False,20260925,,54,px080_context_selector/results/METRICS.json,OtherAttackStage,Benign,57
PX080-0054,PX080,UNRAVELED,missing_all,,stage_harm_gate,,False,20260925,,54,px080_context_selector/results/METRICS.json,OtherAttackStage,OtherAttackStage,12026
PX080-0054,PX080,UNRAVELED,missing_all,,stage_harm_gate,,False,20260925,,54,px080_context_selector/results/METRICS.json,OtherAttackStage,LateralMovement,0
PX080-0054,PX080,UNRAVELED,missing_all,,stage_harm_gate,,False,20260925,,54,px080_context_selector/results/METRICS.json,OtherAttackStage,DataExfiltration,341
PX080-0054,PX080,UNRAVELED,missing_all,,stage_harm_gate,,False,20260925,,54,px080_context_selector/results/METRICS.json,LateralMovement,Benign,6
PX080-0054,PX080,UNRAVELED,missing_all,,stage_harm_gate,,False,20260925,,54,px080_context_selector/results/METRICS.json,LateralMovement,OtherAttackStage,0
PX080-0054,PX080,UNRAVELED,missing_all,,stage_harm_gate,,False,20260925,,54,px080_context_selector/results/METRICS.json,LateralMovement,LateralMovement,29
PX080-0054,PX080,UNRAVELED,missing_all,,stage_harm_gate,,False,20260925,,54,px080_context_selector/results/METRICS.json,LateralMovement,DataExfiltration,0
PX080-0054,PX080,UNRAVELED,missing_all,,stage_harm_gate,,False,20260925,,54,px080_context_selector/results/METRICS.json,DataExfiltration,Benign,1116
PX080-0054,PX080,UNRAVELED,missing_all,,stage_harm_gate,,False,20260925,,54,px080_context_selector/results/METRICS.json,DataExfiltration,OtherAttackStage,0
PX080-0054,PX080,UNRAVELED,missing_all,,stage_harm_gate,,False,20260925,,54,px080_context_selector/results/METRICS.json,DataExfiltration,LateralMovement,10
PX080-0054,PX080,UNRAVELED,missing_all,,stage_harm_gate,,False,20260925,,54,px080_context_selector/results/METRICS.json,DataExfiltration,DataExfiltration,2316
PX080-0055,PX080,UNRAVELED,missing_all,,context_dropout,,False,20260925,,55,px080_context_selector/results/METRICS.json,Benign,Benign,192077
PX080-0055,PX080,UNRAVELED,missing_all,,context_dropout,,False,20260925,,55,px080_context_selector/results/METRICS.json,Benign,OtherAttackStage,1
PX080-0055,PX080,UNRAVELED,missing_all,,context_dropout,,False,20260925,,55,px080_context_selector/results/METRICS.json,Benign,LateralMovement,94
PX080-0055,PX080,UNRAVELED,missing_all,,context_dropout,,False,20260925,,55,px080_context_selector/results/METRICS.json,Benign,DataExfiltration,21
PX080-0055,PX080,UNRAVELED,missing_all,,context_dropout,,False,20260925,,55,px080_context_selector/results/METRICS.json,OtherAttackStage,Benign,33
PX080-0055,PX080,UNRAVELED,missing_all,,context_dropout,,False,20260925,,55,px080_context_selector/results/METRICS.json,OtherAttackStage,OtherAttackStage,12052
PX080-0055,PX080,UNRAVELED,missing_all,,context_dropout,,False,20260925,,55,px080_context_selector/results/METRICS.json,OtherAttackStage,LateralMovement,0
PX080-0055,PX080,UNRAVELED,missing_all,,context_dropout,,False,20260925,,55,px080_context_selector/results/METRICS.json,OtherAttackStage,DataExfiltration,339
PX080-0055,PX080,UNRAVELED,missing_all,,context_dropout,,False,20260925,,55,px080_context_selector/results/METRICS.json,LateralMovement,Benign,13
PX080-0055,PX080,UNRAVELED,missing_all,,context_dropout,,False,20260925,,55,px080_context_selector/results/METRICS.json,LateralMovement,OtherAttackStage,0
PX080-0055,PX080,UNRAVELED,missing_all,,context_dropout,,False,20260925,,55,px080_context_selector/results/METRICS.json,LateralMovement,LateralMovement,22
PX080-0055,PX080,UNRAVELED,missing_all,,context_dropout,,False,20260925,,55,px080_context_selector/results/METRICS.json,LateralMovement,DataExfiltration,0
PX080-0055,PX080,UNRAVELED,missing_all,,context_dropout,,False,20260925,,55,px080_context_selector/results/METRICS.json,DataExfiltration,Benign,1108
PX080-0055,PX080,UNRAVELED,missing_all,,context_dropout,,False,20260925,,55,px080_context_selector/results/METRICS.json,DataExfiltration,OtherAttackStage,0
PX080-0055,PX080,UNRAVELED,missing_all,,context_dropout,,False,20260925,,55,px080_context_selector/results/METRICS.json,DataExfiltration,LateralMovement,10
PX080-0055,PX080,UNRAVELED,missing_all,,context_dropout,,False,20260925,,55,px080_context_selector/results/METRICS.json,DataExfiltration,DataExfiltration,2324
PX080-0056,PX080,UNRAVELED,stale_5min,,current_roles,,False,20260925,,56,px080_context_selector/results/METRICS.json,Benign,Benign,192027
PX080-0056,PX080,UNRAVELED,stale_5min,,current_roles,,False,20260925,,56,px080_context_selector/results/METRICS.json,Benign,OtherAttackStage,1
PX080-0056,PX080,UNRAVELED,stale_5min,,current_roles,,False,20260925,,56,px080_context_selector/results/METRICS.json,Benign,LateralMovement,149
PX080-0056,PX080,UNRAVELED,stale_5min,,current_roles,,False,20260925,,56,px080_context_selector/results/METRICS.json,Benign,DataExfiltration,16
PX080-0056,PX080,UNRAVELED,stale_5min,,current_roles,,False,20260925,,56,px080_context_selector/results/METRICS.json,OtherAttackStage,Benign,34
PX080-0056,PX080,UNRAVELED,stale_5min,,current_roles,,False,20260925,,56,px080_context_selector/results/METRICS.json,OtherAttackStage,OtherAttackStage,12026
PX080-0056,PX080,UNRAVELED,stale_5min,,current_roles,,False,20260925,,56,px080_context_selector/results/METRICS.json,OtherAttackStage,LateralMovement,0
PX080-0056,PX080,UNRAVELED,stale_5min,,current_roles,,False,20260925,,56,px080_context_selector/results/METRICS.json,OtherAttackStage,DataExfiltration,364
PX080-0056,PX080,UNRAVELED,stale_5min,,current_roles,,False,20260925,,56,px080_context_selector/results/METRICS.json,LateralMovement,Benign,6
PX080-0056,PX080,UNRAVELED,stale_5min,,current_roles,,False,20260925,,56,px080_context_selector/results/METRICS.json,LateralMovement,OtherAttackStage,0
PX080-0056,PX080,UNRAVELED,stale_5min,,current_roles,,False,20260925,,56,px080_context_selector/results/METRICS.json,LateralMovement,LateralMovement,29
PX080-0056,PX080,UNRAVELED,stale_5min,,current_roles,,False,20260925,,56,px080_context_selector/results/METRICS.json,LateralMovement,DataExfiltration,0
PX080-0056,PX080,UNRAVELED,stale_5min,,current_roles,,False,20260925,,56,px080_context_selector/results/METRICS.json,DataExfiltration,Benign,1108
PX080-0056,PX080,UNRAVELED,stale_5min,,current_roles,,False,20260925,,56,px080_context_selector/results/METRICS.json,DataExfiltration,OtherAttackStage,0
PX080-0056,PX080,UNRAVELED,stale_5min,,current_roles,,False,20260925,,56,px080_context_selector/results/METRICS.json,DataExfiltration,LateralMovement,10
PX080-0056,PX080,UNRAVELED,stale_5min,,current_roles,,False,20260925,,56,px080_context_selector/results/METRICS.json,DataExfiltration,DataExfiltration,2324
PX080-0057,PX080,UNRAVELED,stale_5min,,context,,False,20260925,,57,px080_context_selector/results/METRICS.json,Benign,Benign,192149
PX080-0057,PX080,UNRAVELED,stale_5min,,context,,False,20260925,,57,px080_context_selector/results/METRICS.json,Benign,OtherAttackStage,0
PX080-0057,PX080,UNRAVELED,stale_5min,,context,,False,20260925,,57,px080_context_selector/results/METRICS.json,Benign,LateralMovement,44
PX080-0057,PX080,UNRAVELED,stale_5min,,context,,False,20260925,,57,px080_context_selector/results/METRICS.json,Benign,DataExfiltration,0
PX080-0057,PX080,UNRAVELED,stale_5min,,context,,False,20260925,,57,px080_context_selector/results/METRICS.json,OtherAttackStage,Benign,74
PX080-0057,PX080,UNRAVELED,stale_5min,,context,,False,20260925,,57,px080_context_selector/results/METRICS.json,OtherAttackStage,OtherAttackStage,12040
PX080-0057,PX080,UNRAVELED,stale_5min,,context,,False,20260925,,57,px080_context_selector/results/METRICS.json,OtherAttackStage,LateralMovement,0
PX080-0057,PX080,UNRAVELED,stale_5min,,context,,False,20260925,,57,px080_context_selector/results/METRICS.json,OtherAttackStage,DataExfiltration,310
PX080-0057,PX080,UNRAVELED,stale_5min,,context,,False,20260925,,57,px080_context_selector/results/METRICS.json,LateralMovement,Benign,27
PX080-0057,PX080,UNRAVELED,stale_5min,,context,,False,20260925,,57,px080_context_selector/results/METRICS.json,LateralMovement,OtherAttackStage,0
PX080-0057,PX080,UNRAVELED,stale_5min,,context,,False,20260925,,57,px080_context_selector/results/METRICS.json,LateralMovement,LateralMovement,8
PX080-0057,PX080,UNRAVELED,stale_5min,,context,,False,20260925,,57,px080_context_selector/results/METRICS.json,LateralMovement,DataExfiltration,0
PX080-0057,PX080,UNRAVELED,stale_5min,,context,,False,20260925,,57,px080_context_selector/results/METRICS.json,DataExfiltration,Benign,1095
PX080-0057,PX080,UNRAVELED,stale_5min,,context,,False,20260925,,57,px080_context_selector/results/METRICS.json,DataExfiltration,OtherAttackStage,1
PX080-0057,PX080,UNRAVELED,stale_5min,,context,,False,20260925,,57,px080_context_selector/results/METRICS.json,DataExfiltration,LateralMovement,32
PX080-0057,PX080,UNRAVELED,stale_5min,,context,,False,20260925,,57,px080_context_selector/results/METRICS.json,DataExfiltration,DataExfiltration,2314
PX080-0058,PX080,UNRAVELED,stale_5min,,fixed_fusion,,False,20260925,,58,px080_context_selector/results/METRICS.json,Benign,Benign,192089
PX080-0058,PX080,UNRAVELED,stale_5min,,fixed_fusion,,False,20260925,,58,px080_context_selector/results/METRICS.json,Benign,OtherAttackStage,0
PX080-0058,PX080,UNRAVELED,stale_5min,,fixed_fusion,,False,20260925,,58,px080_context_selector/results/METRICS.json,Benign,LateralMovement,103
PX080-0058,PX080,UNRAVELED,stale_5min,,fixed_fusion,,False,20260925,,58,px080_context_selector/results/METRICS.json,Benign,DataExfiltration,1
PX080-0058,PX080,UNRAVELED,stale_5min,,fixed_fusion,,False,20260925,,58,px080_context_selector/results/METRICS.json,OtherAttackStage,Benign,44
PX080-0058,PX080,UNRAVELED,stale_5min,,fixed_fusion,,False,20260925,,58,px080_context_selector/results/METRICS.json,OtherAttackStage,OtherAttackStage,12054
PX080-0058,PX080,UNRAVELED,stale_5min,,fixed_fusion,,False,20260925,,58,px080_context_selector/results/METRICS.json,OtherAttackStage,LateralMovement,0
PX080-0058,PX080,UNRAVELED,stale_5min,,fixed_fusion,,False,20260925,,58,px080_context_selector/results/METRICS.json,OtherAttackStage,DataExfiltration,326
PX080-0058,PX080,UNRAVELED,stale_5min,,fixed_fusion,,False,20260925,,58,px080_context_selector/results/METRICS.json,LateralMovement,Benign,17
PX080-0058,PX080,UNRAVELED,stale_5min,,fixed_fusion,,False,20260925,,58,px080_context_selector/results/METRICS.json,LateralMovement,OtherAttackStage,0
PX080-0058,PX080,UNRAVELED,stale_5min,,fixed_fusion,,False,20260925,,58,px080_context_selector/results/METRICS.json,LateralMovement,LateralMovement,18
PX080-0058,PX080,UNRAVELED,stale_5min,,fixed_fusion,,False,20260925,,58,px080_context_selector/results/METRICS.json,LateralMovement,DataExfiltration,0
PX080-0058,PX080,UNRAVELED,stale_5min,,fixed_fusion,,False,20260925,,58,px080_context_selector/results/METRICS.json,DataExfiltration,Benign,1106
PX080-0058,PX080,UNRAVELED,stale_5min,,fixed_fusion,,False,20260925,,58,px080_context_selector/results/METRICS.json,DataExfiltration,OtherAttackStage,1
PX080-0058,PX080,UNRAVELED,stale_5min,,fixed_fusion,,False,20260925,,58,px080_context_selector/results/METRICS.json,DataExfiltration,LateralMovement,14
PX080-0058,PX080,UNRAVELED,stale_5min,,fixed_fusion,,False,20260925,,58,px080_context_selector/results/METRICS.json,DataExfiltration,DataExfiltration,2321
PX080-0059,PX080,UNRAVELED,stale_5min,,confidence_gate,,False,20260925,,59,px080_context_selector/results/METRICS.json,Benign,Benign,192086
PX080-0059,PX080,UNRAVELED,stale_5min,,confidence_gate,,False,20260925,,59,px080_context_selector/results/METRICS.json,Benign,OtherAttackStage,0
PX080-0059,PX080,UNRAVELED,stale_5min,,confidence_gate,,False,20260925,,59,px080_context_selector/results/METRICS.json,Benign,LateralMovement,107
PX080-0059,PX080,UNRAVELED,stale_5min,,confidence_gate,,False,20260925,,59,px080_context_selector/results/METRICS.json,Benign,DataExfiltration,0
PX080-0059,PX080,UNRAVELED,stale_5min,,confidence_gate,,False,20260925,,59,px080_context_selector/results/METRICS.json,OtherAttackStage,Benign,43
PX080-0059,PX080,UNRAVELED,stale_5min,,confidence_gate,,False,20260925,,59,px080_context_selector/results/METRICS.json,OtherAttackStage,OtherAttackStage,12054
PX080-0059,PX080,UNRAVELED,stale_5min,,confidence_gate,,False,20260925,,59,px080_context_selector/results/METRICS.json,OtherAttackStage,LateralMovement,0
PX080-0059,PX080,UNRAVELED,stale_5min,,confidence_gate,,False,20260925,,59,px080_context_selector/results/METRICS.json,OtherAttackStage,DataExfiltration,327
PX080-0059,PX080,UNRAVELED,stale_5min,,confidence_gate,,False,20260925,,59,px080_context_selector/results/METRICS.json,LateralMovement,Benign,17
PX080-0059,PX080,UNRAVELED,stale_5min,,confidence_gate,,False,20260925,,59,px080_context_selector/results/METRICS.json,LateralMovement,OtherAttackStage,0
PX080-0059,PX080,UNRAVELED,stale_5min,,confidence_gate,,False,20260925,,59,px080_context_selector/results/METRICS.json,LateralMovement,LateralMovement,18
PX080-0059,PX080,UNRAVELED,stale_5min,,confidence_gate,,False,20260925,,59,px080_context_selector/results/METRICS.json,LateralMovement,DataExfiltration,0
PX080-0059,PX080,UNRAVELED,stale_5min,,confidence_gate,,False,20260925,,59,px080_context_selector/results/METRICS.json,DataExfiltration,Benign,1106
PX080-0059,PX080,UNRAVELED,stale_5min,,confidence_gate,,False,20260925,,59,px080_context_selector/results/METRICS.json,DataExfiltration,OtherAttackStage,1
PX080-0059,PX080,UNRAVELED,stale_5min,,confidence_gate,,False,20260925,,59,px080_context_selector/results/METRICS.json,DataExfiltration,LateralMovement,14
PX080-0059,PX080,UNRAVELED,stale_5min,,confidence_gate,,False,20260925,,59,px080_context_selector/results/METRICS.json,DataExfiltration,DataExfiltration,2321
PX080-0060,PX080,UNRAVELED,stale_5min,,ordinary_gate,,False,20260925,,60,px080_context_selector/results/METRICS.json,Benign,Benign,192049
PX080-0060,PX080,UNRAVELED,stale_5min,,ordinary_gate,,False,20260925,,60,px080_context_selector/results/METRICS.json,Benign,OtherAttackStage,1
PX080-0060,PX080,UNRAVELED,stale_5min,,ordinary_gate,,False,20260925,,60,px080_context_selector/results/METRICS.json,Benign,LateralMovement,135
PX080-0060,PX080,UNRAVELED,stale_5min,,ordinary_gate,,False,20260925,,60,px080_context_selector/results/METRICS.json,Benign,DataExfiltration,8
PX080-0060,PX080,UNRAVELED,stale_5min,,ordinary_gate,,False,20260925,,60,px080_context_selector/results/METRICS.json,OtherAttackStage,Benign,56
PX080-0060,PX080,UNRAVELED,stale_5min,,ordinary_gate,,False,20260925,,60,px080_context_selector/results/METRICS.json,OtherAttackStage,OtherAttackStage,12060
PX080-0060,PX080,UNRAVELED,stale_5min,,ordinary_gate,,False,20260925,,60,px080_context_selector/results/METRICS.json,OtherAttackStage,LateralMovement,0
PX080-0060,PX080,UNRAVELED,stale_5min,,ordinary_gate,,False,20260925,,60,px080_context_selector/results/METRICS.json,OtherAttackStage,DataExfiltration,308
PX080-0060,PX080,UNRAVELED,stale_5min,,ordinary_gate,,False,20260925,,60,px080_context_selector/results/METRICS.json,LateralMovement,Benign,8
PX080-0060,PX080,UNRAVELED,stale_5min,,ordinary_gate,,False,20260925,,60,px080_context_selector/results/METRICS.json,LateralMovement,OtherAttackStage,0
PX080-0060,PX080,UNRAVELED,stale_5min,,ordinary_gate,,False,20260925,,60,px080_context_selector/results/METRICS.json,LateralMovement,LateralMovement,27
PX080-0060,PX080,UNRAVELED,stale_5min,,ordinary_gate,,False,20260925,,60,px080_context_selector/results/METRICS.json,LateralMovement,DataExfiltration,0
PX080-0060,PX080,UNRAVELED,stale_5min,,ordinary_gate,,False,20260925,,60,px080_context_selector/results/METRICS.json,DataExfiltration,Benign,1097
PX080-0060,PX080,UNRAVELED,stale_5min,,ordinary_gate,,False,20260925,,60,px080_context_selector/results/METRICS.json,DataExfiltration,OtherAttackStage,1
PX080-0060,PX080,UNRAVELED,stale_5min,,ordinary_gate,,False,20260925,,60,px080_context_selector/results/METRICS.json,DataExfiltration,LateralMovement,29
PX080-0060,PX080,UNRAVELED,stale_5min,,ordinary_gate,,False,20260925,,60,px080_context_selector/results/METRICS.json,DataExfiltration,DataExfiltration,2315
PX080-0061,PX080,UNRAVELED,stale_5min,,stage_harm_gate,,False,20260925,,61,px080_context_selector/results/METRICS.json,Benign,Benign,192025
PX080-0061,PX080,UNRAVELED,stale_5min,,stage_harm_gate,,False,20260925,,61,px080_context_selector/results/METRICS.json,Benign,OtherAttackStage,1
PX080-0061,PX080,UNRAVELED,stale_5min,,stage_harm_gate,,False,20260925,,61,px080_context_selector/results/METRICS.json,Benign,LateralMovement,152
PX080-0061,PX080,UNRAVELED,stale_5min,,stage_harm_gate,,False,20260925,,61,px080_context_selector/results/METRICS.json,Benign,DataExfiltration,15
PX080-0061,PX080,UNRAVELED,stale_5min,,stage_harm_gate,,False,20260925,,61,px080_context_selector/results/METRICS.json,OtherAttackStage,Benign,45
PX080-0061,PX080,UNRAVELED,stale_5min,,stage_harm_gate,,False,20260925,,61,px080_context_selector/results/METRICS.json,OtherAttackStage,OtherAttackStage,12060
PX080-0061,PX080,UNRAVELED,stale_5min,,stage_harm_gate,,False,20260925,,61,px080_context_selector/results/METRICS.json,OtherAttackStage,LateralMovement,0
PX080-0061,PX080,UNRAVELED,stale_5min,,stage_harm_gate,,False,20260925,,61,px080_context_selector/results/METRICS.json,OtherAttackStage,DataExfiltration,319
PX080-0061,PX080,UNRAVELED,stale_5min,,stage_harm_gate,,False,20260925,,61,px080_context_selector/results/METRICS.json,LateralMovement,Benign,6
PX080-0061,PX080,UNRAVELED,stale_5min,,stage_harm_gate,,False,20260925,,61,px080_context_selector/results/METRICS.json,LateralMovement,OtherAttackStage,0
PX080-0061,PX080,UNRAVELED,stale_5min,,stage_harm_gate,,False,20260925,,61,px080_context_selector/results/METRICS.json,LateralMovement,LateralMovement,29
PX080-0061,PX080,UNRAVELED,stale_5min,,stage_harm_gate,,False,20260925,,61,px080_context_selector/results/METRICS.json,LateralMovement,DataExfiltration,0
PX080-0061,PX080,UNRAVELED,stale_5min,,stage_harm_gate,,False,20260925,,61,px080_context_selector/results/METRICS.json,DataExfiltration,Benign,1077
PX080-0061,PX080,UNRAVELED,stale_5min,,stage_harm_gate,,False,20260925,,61,px080_context_selector/results/METRICS.json,DataExfiltration,OtherAttackStage,1
PX080-0061,PX080,UNRAVELED,stale_5min,,stage_harm_gate,,False,20260925,,61,px080_context_selector/results/METRICS.json,DataExfiltration,LateralMovement,42
PX080-0061,PX080,UNRAVELED,stale_5min,,stage_harm_gate,,False,20260925,,61,px080_context_selector/results/METRICS.json,DataExfiltration,DataExfiltration,2322
PX080-0062,PX080,UNRAVELED,stale_5min,,context_dropout,,False,20260925,,62,px080_context_selector/results/METRICS.json,Benign,Benign,192104
PX080-0062,PX080,UNRAVELED,stale_5min,,context_dropout,,False,20260925,,62,px080_context_selector/results/METRICS.json,Benign,OtherAttackStage,1
PX080-0062,PX080,UNRAVELED,stale_5min,,context_dropout,,False,20260925,,62,px080_context_selector/results/METRICS.json,Benign,LateralMovement,78
PX080-0062,PX080,UNRAVELED,stale_5min,,context_dropout,,False,20260925,,62,px080_context_selector/results/METRICS.json,Benign,DataExfiltration,10
PX080-0062,PX080,UNRAVELED,stale_5min,,context_dropout,,False,20260925,,62,px080_context_selector/results/METRICS.json,OtherAttackStage,Benign,46
PX080-0062,PX080,UNRAVELED,stale_5min,,context_dropout,,False,20260925,,62,px080_context_selector/results/METRICS.json,OtherAttackStage,OtherAttackStage,12061
PX080-0062,PX080,UNRAVELED,stale_5min,,context_dropout,,False,20260925,,62,px080_context_selector/results/METRICS.json,OtherAttackStage,LateralMovement,0
PX080-0062,PX080,UNRAVELED,stale_5min,,context_dropout,,False,20260925,,62,px080_context_selector/results/METRICS.json,OtherAttackStage,DataExfiltration,317
PX080-0062,PX080,UNRAVELED,stale_5min,,context_dropout,,False,20260925,,62,px080_context_selector/results/METRICS.json,LateralMovement,Benign,16
PX080-0062,PX080,UNRAVELED,stale_5min,,context_dropout,,False,20260925,,62,px080_context_selector/results/METRICS.json,LateralMovement,OtherAttackStage,0
PX080-0062,PX080,UNRAVELED,stale_5min,,context_dropout,,False,20260925,,62,px080_context_selector/results/METRICS.json,LateralMovement,LateralMovement,19
PX080-0062,PX080,UNRAVELED,stale_5min,,context_dropout,,False,20260925,,62,px080_context_selector/results/METRICS.json,LateralMovement,DataExfiltration,0
PX080-0062,PX080,UNRAVELED,stale_5min,,context_dropout,,False,20260925,,62,px080_context_selector/results/METRICS.json,DataExfiltration,Benign,1095
PX080-0062,PX080,UNRAVELED,stale_5min,,context_dropout,,False,20260925,,62,px080_context_selector/results/METRICS.json,DataExfiltration,OtherAttackStage,1
PX080-0062,PX080,UNRAVELED,stale_5min,,context_dropout,,False,20260925,,62,px080_context_selector/results/METRICS.json,DataExfiltration,LateralMovement,27
PX080-0062,PX080,UNRAVELED,stale_5min,,context_dropout,,False,20260925,,62,px080_context_selector/results/METRICS.json,DataExfiltration,DataExfiltration,2319
PX080-0063,PX080,UNRAVELED,wrong_host,,current_roles,,False,20260925,,63,px080_context_selector/results/METRICS.json,Benign,Benign,192027
PX080-0063,PX080,UNRAVELED,wrong_host,,current_roles,,False,20260925,,63,px080_context_selector/results/METRICS.json,Benign,OtherAttackStage,1
PX080-0063,PX080,UNRAVELED,wrong_host,,current_roles,,False,20260925,,63,px080_context_selector/results/METRICS.json,Benign,LateralMovement,149
PX080-0063,PX080,UNRAVELED,wrong_host,,current_roles,,False,20260925,,63,px080_context_selector/results/METRICS.json,Benign,DataExfiltration,16
PX080-0063,PX080,UNRAVELED,wrong_host,,current_roles,,False,20260925,,63,px080_context_selector/results/METRICS.json,OtherAttackStage,Benign,34
PX080-0063,PX080,UNRAVELED,wrong_host,,current_roles,,False,20260925,,63,px080_context_selector/results/METRICS.json,OtherAttackStage,OtherAttackStage,12026
PX080-0063,PX080,UNRAVELED,wrong_host,,current_roles,,False,20260925,,63,px080_context_selector/results/METRICS.json,OtherAttackStage,LateralMovement,0
PX080-0063,PX080,UNRAVELED,wrong_host,,current_roles,,False,20260925,,63,px080_context_selector/results/METRICS.json,OtherAttackStage,DataExfiltration,364
PX080-0063,PX080,UNRAVELED,wrong_host,,current_roles,,False,20260925,,63,px080_context_selector/results/METRICS.json,LateralMovement,Benign,6
PX080-0063,PX080,UNRAVELED,wrong_host,,current_roles,,False,20260925,,63,px080_context_selector/results/METRICS.json,LateralMovement,OtherAttackStage,0
PX080-0063,PX080,UNRAVELED,wrong_host,,current_roles,,False,20260925,,63,px080_context_selector/results/METRICS.json,LateralMovement,LateralMovement,29
PX080-0063,PX080,UNRAVELED,wrong_host,,current_roles,,False,20260925,,63,px080_context_selector/results/METRICS.json,LateralMovement,DataExfiltration,0
PX080-0063,PX080,UNRAVELED,wrong_host,,current_roles,,False,20260925,,63,px080_context_selector/results/METRICS.json,DataExfiltration,Benign,1108
PX080-0063,PX080,UNRAVELED,wrong_host,,current_roles,,False,20260925,,63,px080_context_selector/results/METRICS.json,DataExfiltration,OtherAttackStage,0
PX080-0063,PX080,UNRAVELED,wrong_host,,current_roles,,False,20260925,,63,px080_context_selector/results/METRICS.json,DataExfiltration,LateralMovement,10
PX080-0063,PX080,UNRAVELED,wrong_host,,current_roles,,False,20260925,,63,px080_context_selector/results/METRICS.json,DataExfiltration,DataExfiltration,2324
PX080-0064,PX080,UNRAVELED,wrong_host,,context,,False,20260925,,64,px080_context_selector/results/METRICS.json,Benign,Benign,192193
PX080-0064,PX080,UNRAVELED,wrong_host,,context,,False,20260925,,64,px080_context_selector/results/METRICS.json,Benign,OtherAttackStage,0
PX080-0064,PX080,UNRAVELED,wrong_host,,context,,False,20260925,,64,px080_context_selector/results/METRICS.json,Benign,LateralMovement,0
PX080-0064,PX080,UNRAVELED,wrong_host,,context,,False,20260925,,64,px080_context_selector/results/METRICS.json,Benign,DataExfiltration,0
PX080-0064,PX080,UNRAVELED,wrong_host,,context,,False,20260925,,64,px080_context_selector/results/METRICS.json,OtherAttackStage,Benign,11110
PX080-0064,PX080,UNRAVELED,wrong_host,,context,,False,20260925,,64,px080_context_selector/results/METRICS.json,OtherAttackStage,OtherAttackStage,929
PX080-0064,PX080,UNRAVELED,wrong_host,,context,,False,20260925,,64,px080_context_selector/results/METRICS.json,OtherAttackStage,LateralMovement,0
PX080-0064,PX080,UNRAVELED,wrong_host,,context,,False,20260925,,64,px080_context_selector/results/METRICS.json,OtherAttackStage,DataExfiltration,385
PX080-0064,PX080,UNRAVELED,wrong_host,,context,,False,20260925,,64,px080_context_selector/results/METRICS.json,LateralMovement,Benign,35
PX080-0064,PX080,UNRAVELED,wrong_host,,context,,False,20260925,,64,px080_context_selector/results/METRICS.json,LateralMovement,OtherAttackStage,0
PX080-0064,PX080,UNRAVELED,wrong_host,,context,,False,20260925,,64,px080_context_selector/results/METRICS.json,LateralMovement,LateralMovement,0
PX080-0064,PX080,UNRAVELED,wrong_host,,context,,False,20260925,,64,px080_context_selector/results/METRICS.json,LateralMovement,DataExfiltration,0
PX080-0064,PX080,UNRAVELED,wrong_host,,context,,False,20260925,,64,px080_context_selector/results/METRICS.json,DataExfiltration,Benign,1134
PX080-0064,PX080,UNRAVELED,wrong_host,,context,,False,20260925,,64,px080_context_selector/results/METRICS.json,DataExfiltration,OtherAttackStage,0
PX080-0064,PX080,UNRAVELED,wrong_host,,context,,False,20260925,,64,px080_context_selector/results/METRICS.json,DataExfiltration,LateralMovement,0
PX080-0064,PX080,UNRAVELED,wrong_host,,context,,False,20260925,,64,px080_context_selector/results/METRICS.json,DataExfiltration,DataExfiltration,2308
PX080-0065,PX080,UNRAVELED,wrong_host,,fixed_fusion,,False,20260925,,65,px080_context_selector/results/METRICS.json,Benign,Benign,192139
PX080-0065,PX080,UNRAVELED,wrong_host,,fixed_fusion,,False,20260925,,65,px080_context_selector/results/METRICS.json,Benign,OtherAttackStage,0
PX080-0065,PX080,UNRAVELED,wrong_host,,fixed_fusion,,False,20260925,,65,px080_context_selector/results/METRICS.json,Benign,LateralMovement,54
PX080-0065,PX080,UNRAVELED,wrong_host,,fixed_fusion,,False,20260925,,65,px080_context_selector/results/METRICS.json,Benign,DataExfiltration,0
PX080-0065,PX080,UNRAVELED,wrong_host,,fixed_fusion,,False,20260925,,65,px080_context_selector/results/METRICS.json,OtherAttackStage,Benign,74
PX080-0065,PX080,UNRAVELED,wrong_host,,fixed_fusion,,False,20260925,,65,px080_context_selector/results/METRICS.json,OtherAttackStage,OtherAttackStage,12005
PX080-0065,PX080,UNRAVELED,wrong_host,,fixed_fusion,,False,20260925,,65,px080_context_selector/results/METRICS.json,OtherAttackStage,LateralMovement,0
PX080-0065,PX080,UNRAVELED,wrong_host,,fixed_fusion,,False,20260925,,65,px080_context_selector/results/METRICS.json,OtherAttackStage,DataExfiltration,345
PX080-0065,PX080,UNRAVELED,wrong_host,,fixed_fusion,,False,20260925,,65,px080_context_selector/results/METRICS.json,LateralMovement,Benign,25
PX080-0065,PX080,UNRAVELED,wrong_host,,fixed_fusion,,False,20260925,,65,px080_context_selector/results/METRICS.json,LateralMovement,OtherAttackStage,0
PX080-0065,PX080,UNRAVELED,wrong_host,,fixed_fusion,,False,20260925,,65,px080_context_selector/results/METRICS.json,LateralMovement,LateralMovement,10
PX080-0065,PX080,UNRAVELED,wrong_host,,fixed_fusion,,False,20260925,,65,px080_context_selector/results/METRICS.json,LateralMovement,DataExfiltration,0
PX080-0065,PX080,UNRAVELED,wrong_host,,fixed_fusion,,False,20260925,,65,px080_context_selector/results/METRICS.json,DataExfiltration,Benign,1121
PX080-0065,PX080,UNRAVELED,wrong_host,,fixed_fusion,,False,20260925,,65,px080_context_selector/results/METRICS.json,DataExfiltration,OtherAttackStage,0
PX080-0065,PX080,UNRAVELED,wrong_host,,fixed_fusion,,False,20260925,,65,px080_context_selector/results/METRICS.json,DataExfiltration,LateralMovement,0
PX080-0065,PX080,UNRAVELED,wrong_host,,fixed_fusion,,False,20260925,,65,px080_context_selector/results/METRICS.json,DataExfiltration,DataExfiltration,2321
PX080-0066,PX080,UNRAVELED,wrong_host,,confidence_gate,,False,20260925,,66,px080_context_selector/results/METRICS.json,Benign,Benign,192138
PX080-0066,PX080,UNRAVELED,wrong_host,,confidence_gate,,False,20260925,,66,px080_context_selector/results/METRICS.json,Benign,OtherAttackStage,0
PX080-0066,PX080,UNRAVELED,wrong_host,,confidence_gate,,False,20260925,,66,px080_context_selector/results/METRICS.json,Benign,LateralMovement,55
PX080-0066,PX080,UNRAVELED,wrong_host,,confidence_gate,,False,20260925,,66,px080_context_selector/results/METRICS.json,Benign,DataExfiltration,0
PX080-0066,PX080,UNRAVELED,wrong_host,,confidence_gate,,False,20260925,,66,px080_context_selector/results/METRICS.json,OtherAttackStage,Benign,80
PX080-0066,PX080,UNRAVELED,wrong_host,,confidence_gate,,False,20260925,,66,px080_context_selector/results/METRICS.json,OtherAttackStage,OtherAttackStage,12009
PX080-0066,PX080,UNRAVELED,wrong_host,,confidence_gate,,False,20260925,,66,px080_context_selector/results/METRICS.json,OtherAttackStage,LateralMovement,0
PX080-0066,PX080,UNRAVELED,wrong_host,,confidence_gate,,False,20260925,,66,px080_context_selector/results/METRICS.json,OtherAttackStage,DataExfiltration,335
PX080-0066,PX080,UNRAVELED,wrong_host,,confidence_gate,,False,20260925,,66,px080_context_selector/results/METRICS.json,LateralMovement,Benign,25
PX080-0066,PX080,UNRAVELED,wrong_host,,confidence_gate,,False,20260925,,66,px080_context_selector/results/METRICS.json,LateralMovement,OtherAttackStage,0
PX080-0066,PX080,UNRAVELED,wrong_host,,confidence_gate,,False,20260925,,66,px080_context_selector/results/METRICS.json,LateralMovement,LateralMovement,10
PX080-0066,PX080,UNRAVELED,wrong_host,,confidence_gate,,False,20260925,,66,px080_context_selector/results/METRICS.json,LateralMovement,DataExfiltration,0
PX080-0066,PX080,UNRAVELED,wrong_host,,confidence_gate,,False,20260925,,66,px080_context_selector/results/METRICS.json,DataExfiltration,Benign,1122
PX080-0066,PX080,UNRAVELED,wrong_host,,confidence_gate,,False,20260925,,66,px080_context_selector/results/METRICS.json,DataExfiltration,OtherAttackStage,0
PX080-0066,PX080,UNRAVELED,wrong_host,,confidence_gate,,False,20260925,,66,px080_context_selector/results/METRICS.json,DataExfiltration,LateralMovement,0
PX080-0066,PX080,UNRAVELED,wrong_host,,confidence_gate,,False,20260925,,66,px080_context_selector/results/METRICS.json,DataExfiltration,DataExfiltration,2320
PX080-0067,PX080,UNRAVELED,wrong_host,,ordinary_gate,,False,20260925,,67,px080_context_selector/results/METRICS.json,Benign,Benign,192057
PX080-0067,PX080,UNRAVELED,wrong_host,,ordinary_gate,,False,20260925,,67,px080_context_selector/results/METRICS.json,Benign,OtherAttackStage,1
PX080-0067,PX080,UNRAVELED,wrong_host,,ordinary_gate,,False,20260925,,67,px080_context_selector/results/METRICS.json,Benign,LateralMovement,124
PX080-0067,PX080,UNRAVELED,wrong_host,,ordinary_gate,,False,20260925,,67,px080_context_selector/results/METRICS.json,Benign,DataExfiltration,11
PX080-0067,PX080,UNRAVELED,wrong_host,,ordinary_gate,,False,20260925,,67,px080_context_selector/results/METRICS.json,OtherAttackStage,Benign,97
PX080-0067,PX080,UNRAVELED,wrong_host,,ordinary_gate,,False,20260925,,67,px080_context_selector/results/METRICS.json,OtherAttackStage,OtherAttackStage,12026
PX080-0067,PX080,UNRAVELED,wrong_host,,ordinary_gate,,False,20260925,,67,px080_context_selector/results/METRICS.json,OtherAttackStage,LateralMovement,0
PX080-0067,PX080,UNRAVELED,wrong_host,,ordinary_gate,,False,20260925,,67,px080_context_selector/results/METRICS.json,OtherAttackStage,DataExfiltration,301
PX080-0067,PX080,UNRAVELED,wrong_host,,ordinary_gate,,False,20260925,,67,px080_context_selector/results/METRICS.json,LateralMovement,Benign,11
PX080-0067,PX080,UNRAVELED,wrong_host,,ordinary_gate,,False,20260925,,67,px080_context_selector/results/METRICS.json,LateralMovement,OtherAttackStage,0
PX080-0067,PX080,UNRAVELED,wrong_host,,ordinary_gate,,False,20260925,,67,px080_context_selector/results/METRICS.json,LateralMovement,LateralMovement,24
PX080-0067,PX080,UNRAVELED,wrong_host,,ordinary_gate,,False,20260925,,67,px080_context_selector/results/METRICS.json,LateralMovement,DataExfiltration,0
PX080-0067,PX080,UNRAVELED,wrong_host,,ordinary_gate,,False,20260925,,67,px080_context_selector/results/METRICS.json,DataExfiltration,Benign,1130
PX080-0067,PX080,UNRAVELED,wrong_host,,ordinary_gate,,False,20260925,,67,px080_context_selector/results/METRICS.json,DataExfiltration,OtherAttackStage,0
PX080-0067,PX080,UNRAVELED,wrong_host,,ordinary_gate,,False,20260925,,67,px080_context_selector/results/METRICS.json,DataExfiltration,LateralMovement,0
PX080-0067,PX080,UNRAVELED,wrong_host,,ordinary_gate,,False,20260925,,67,px080_context_selector/results/METRICS.json,DataExfiltration,DataExfiltration,2312
PX080-0068,PX080,UNRAVELED,wrong_host,,stage_harm_gate,,False,20260925,,68,px080_context_selector/results/METRICS.json,Benign,Benign,192029
PX080-0068,PX080,UNRAVELED,wrong_host,,stage_harm_gate,,False,20260925,,68,px080_context_selector/results/METRICS.json,Benign,OtherAttackStage,1
PX080-0068,PX080,UNRAVELED,wrong_host,,stage_harm_gate,,False,20260925,,68,px080_context_selector/results/METRICS.json,Benign,LateralMovement,149
PX080-0068,PX080,UNRAVELED,wrong_host,,stage_harm_gate,,False,20260925,,68,px080_context_selector/results/METRICS.json,Benign,DataExfiltration,14
PX080-0068,PX080,UNRAVELED,wrong_host,,stage_harm_gate,,False,20260925,,68,px080_context_selector/results/METRICS.json,OtherAttackStage,Benign,60
PX080-0068,PX080,UNRAVELED,wrong_host,,stage_harm_gate,,False,20260925,,68,px080_context_selector/results/METRICS.json,OtherAttackStage,OtherAttackStage,12026
PX080-0068,PX080,UNRAVELED,wrong_host,,stage_harm_gate,,False,20260925,,68,px080_context_selector/results/METRICS.json,OtherAttackStage,LateralMovement,0
PX080-0068,PX080,UNRAVELED,wrong_host,,stage_harm_gate,,False,20260925,,68,px080_context_selector/results/METRICS.json,OtherAttackStage,DataExfiltration,338
PX080-0068,PX080,UNRAVELED,wrong_host,,stage_harm_gate,,False,20260925,,68,px080_context_selector/results/METRICS.json,LateralMovement,Benign,6
PX080-0068,PX080,UNRAVELED,wrong_host,,stage_harm_gate,,False,20260925,,68,px080_context_selector/results/METRICS.json,LateralMovement,OtherAttackStage,0
PX080-0068,PX080,UNRAVELED,wrong_host,,stage_harm_gate,,False,20260925,,68,px080_context_selector/results/METRICS.json,LateralMovement,LateralMovement,29
PX080-0068,PX080,UNRAVELED,wrong_host,,stage_harm_gate,,False,20260925,,68,px080_context_selector/results/METRICS.json,LateralMovement,DataExfiltration,0
PX080-0068,PX080,UNRAVELED,wrong_host,,stage_harm_gate,,False,20260925,,68,px080_context_selector/results/METRICS.json,DataExfiltration,Benign,1115
PX080-0068,PX080,UNRAVELED,wrong_host,,stage_harm_gate,,False,20260925,,68,px080_context_selector/results/METRICS.json,DataExfiltration,OtherAttackStage,0
PX080-0068,PX080,UNRAVELED,wrong_host,,stage_harm_gate,,False,20260925,,68,px080_context_selector/results/METRICS.json,DataExfiltration,LateralMovement,10
PX080-0068,PX080,UNRAVELED,wrong_host,,stage_harm_gate,,False,20260925,,68,px080_context_selector/results/METRICS.json,DataExfiltration,DataExfiltration,2317
PX080-0069,PX080,UNRAVELED,wrong_host,,context_dropout,,False,20260925,,69,px080_context_selector/results/METRICS.json,Benign,Benign,192079
PX080-0069,PX080,UNRAVELED,wrong_host,,context_dropout,,False,20260925,,69,px080_context_selector/results/METRICS.json,Benign,OtherAttackStage,1
PX080-0069,PX080,UNRAVELED,wrong_host,,context_dropout,,False,20260925,,69,px080_context_selector/results/METRICS.json,Benign,LateralMovement,92
PX080-0069,PX080,UNRAVELED,wrong_host,,context_dropout,,False,20260925,,69,px080_context_selector/results/METRICS.json,Benign,DataExfiltration,21
PX080-0069,PX080,UNRAVELED,wrong_host,,context_dropout,,False,20260925,,69,px080_context_selector/results/METRICS.json,OtherAttackStage,Benign,35
PX080-0069,PX080,UNRAVELED,wrong_host,,context_dropout,,False,20260925,,69,px080_context_selector/results/METRICS.json,OtherAttackStage,OtherAttackStage,12037
PX080-0069,PX080,UNRAVELED,wrong_host,,context_dropout,,False,20260925,,69,px080_context_selector/results/METRICS.json,OtherAttackStage,LateralMovement,0
PX080-0069,PX080,UNRAVELED,wrong_host,,context_dropout,,False,20260925,,69,px080_context_selector/results/METRICS.json,OtherAttackStage,DataExfiltration,352
PX080-0069,PX080,UNRAVELED,wrong_host,,context_dropout,,False,20260925,,69,px080_context_selector/results/METRICS.json,LateralMovement,Benign,13
PX080-0069,PX080,UNRAVELED,wrong_host,,context_dropout,,False,20260925,,69,px080_context_selector/results/METRICS.json,LateralMovement,OtherAttackStage,0
PX080-0069,PX080,UNRAVELED,wrong_host,,context_dropout,,False,20260925,,69,px080_context_selector/results/METRICS.json,LateralMovement,LateralMovement,22
PX080-0069,PX080,UNRAVELED,wrong_host,,context_dropout,,False,20260925,,69,px080_context_selector/results/METRICS.json,LateralMovement,DataExfiltration,0
PX080-0069,PX080,UNRAVELED,wrong_host,,context_dropout,,False,20260925,,69,px080_context_selector/results/METRICS.json,DataExfiltration,Benign,1108
PX080-0069,PX080,UNRAVELED,wrong_host,,context_dropout,,False,20260925,,69,px080_context_selector/results/METRICS.json,DataExfiltration,OtherAttackStage,0
PX080-0069,PX080,UNRAVELED,wrong_host,,context_dropout,,False,20260925,,69,px080_context_selector/results/METRICS.json,DataExfiltration,LateralMovement,10
PX080-0069,PX080,UNRAVELED,wrong_host,,context_dropout,,False,20260925,,69,px080_context_selector/results/METRICS.json,DataExfiltration,DataExfiltration,2324
PX080-0070,PX080,UNRAVELED,clean,,current_roles,,False,20260926,,70,px080_context_selector/results/METRICS.json,Benign,Benign,192058
PX080-0070,PX080,UNRAVELED,clean,,current_roles,,False,20260926,,70,px080_context_selector/results/METRICS.json,Benign,OtherAttackStage,0
PX080-0070,PX080,UNRAVELED,clean,,current_roles,,False,20260926,,70,px080_context_selector/results/METRICS.json,Benign,LateralMovement,128
PX080-0070,PX080,UNRAVELED,clean,,current_roles,,False,20260926,,70,px080_context_selector/results/METRICS.json,Benign,DataExfiltration,7
PX080-0070,PX080,UNRAVELED,clean,,current_roles,,False,20260926,,70,px080_context_selector/results/METRICS.json,OtherAttackStage,Benign,41
PX080-0070,PX080,UNRAVELED,clean,,current_roles,,False,20260926,,70,px080_context_selector/results/METRICS.json,OtherAttackStage,OtherAttackStage,12023
PX080-0070,PX080,UNRAVELED,clean,,current_roles,,False,20260926,,70,px080_context_selector/results/METRICS.json,OtherAttackStage,LateralMovement,0
PX080-0070,PX080,UNRAVELED,clean,,current_roles,,False,20260926,,70,px080_context_selector/results/METRICS.json,OtherAttackStage,DataExfiltration,360
PX080-0070,PX080,UNRAVELED,clean,,current_roles,,False,20260926,,70,px080_context_selector/results/METRICS.json,LateralMovement,Benign,8
PX080-0070,PX080,UNRAVELED,clean,,current_roles,,False,20260926,,70,px080_context_selector/results/METRICS.json,LateralMovement,OtherAttackStage,0
PX080-0070,PX080,UNRAVELED,clean,,current_roles,,False,20260926,,70,px080_context_selector/results/METRICS.json,LateralMovement,LateralMovement,27
PX080-0070,PX080,UNRAVELED,clean,,current_roles,,False,20260926,,70,px080_context_selector/results/METRICS.json,LateralMovement,DataExfiltration,0
PX080-0070,PX080,UNRAVELED,clean,,current_roles,,False,20260926,,70,px080_context_selector/results/METRICS.json,DataExfiltration,Benign,1120
PX080-0070,PX080,UNRAVELED,clean,,current_roles,,False,20260926,,70,px080_context_selector/results/METRICS.json,DataExfiltration,OtherAttackStage,0
PX080-0070,PX080,UNRAVELED,clean,,current_roles,,False,20260926,,70,px080_context_selector/results/METRICS.json,DataExfiltration,LateralMovement,0
PX080-0070,PX080,UNRAVELED,clean,,current_roles,,False,20260926,,70,px080_context_selector/results/METRICS.json,DataExfiltration,DataExfiltration,2322
PX080-0071,PX080,UNRAVELED,clean,,context,,False,20260926,,71,px080_context_selector/results/METRICS.json,Benign,Benign,192142
PX080-0071,PX080,UNRAVELED,clean,,context,,False,20260926,,71,px080_context_selector/results/METRICS.json,Benign,OtherAttackStage,0
PX080-0071,PX080,UNRAVELED,clean,,context,,False,20260926,,71,px080_context_selector/results/METRICS.json,Benign,LateralMovement,51
PX080-0071,PX080,UNRAVELED,clean,,context,,False,20260926,,71,px080_context_selector/results/METRICS.json,Benign,DataExfiltration,0
PX080-0071,PX080,UNRAVELED,clean,,context,,False,20260926,,71,px080_context_selector/results/METRICS.json,OtherAttackStage,Benign,81
PX080-0071,PX080,UNRAVELED,clean,,context,,False,20260926,,71,px080_context_selector/results/METRICS.json,OtherAttackStage,OtherAttackStage,12048
PX080-0071,PX080,UNRAVELED,clean,,context,,False,20260926,,71,px080_context_selector/results/METRICS.json,OtherAttackStage,LateralMovement,0
PX080-0071,PX080,UNRAVELED,clean,,context,,False,20260926,,71,px080_context_selector/results/METRICS.json,OtherAttackStage,DataExfiltration,295
PX080-0071,PX080,UNRAVELED,clean,,context,,False,20260926,,71,px080_context_selector/results/METRICS.json,LateralMovement,Benign,18
PX080-0071,PX080,UNRAVELED,clean,,context,,False,20260926,,71,px080_context_selector/results/METRICS.json,LateralMovement,OtherAttackStage,0
PX080-0071,PX080,UNRAVELED,clean,,context,,False,20260926,,71,px080_context_selector/results/METRICS.json,LateralMovement,LateralMovement,17
PX080-0071,PX080,UNRAVELED,clean,,context,,False,20260926,,71,px080_context_selector/results/METRICS.json,LateralMovement,DataExfiltration,0
PX080-0071,PX080,UNRAVELED,clean,,context,,False,20260926,,71,px080_context_selector/results/METRICS.json,DataExfiltration,Benign,1113
PX080-0071,PX080,UNRAVELED,clean,,context,,False,20260926,,71,px080_context_selector/results/METRICS.json,DataExfiltration,OtherAttackStage,1
PX080-0071,PX080,UNRAVELED,clean,,context,,False,20260926,,71,px080_context_selector/results/METRICS.json,DataExfiltration,LateralMovement,13
PX080-0071,PX080,UNRAVELED,clean,,context,,False,20260926,,71,px080_context_selector/results/METRICS.json,DataExfiltration,DataExfiltration,2315
PX080-0072,PX080,UNRAVELED,clean,,fixed_fusion,,False,20260926,,72,px080_context_selector/results/METRICS.json,Benign,Benign,192127
PX080-0072,PX080,UNRAVELED,clean,,fixed_fusion,,False,20260926,,72,px080_context_selector/results/METRICS.json,Benign,OtherAttackStage,0
PX080-0072,PX080,UNRAVELED,clean,,fixed_fusion,,False,20260926,,72,px080_context_selector/results/METRICS.json,Benign,LateralMovement,66
PX080-0072,PX080,UNRAVELED,clean,,fixed_fusion,,False,20260926,,72,px080_context_selector/results/METRICS.json,Benign,DataExfiltration,0
PX080-0072,PX080,UNRAVELED,clean,,fixed_fusion,,False,20260926,,72,px080_context_selector/results/METRICS.json,OtherAttackStage,Benign,54
PX080-0072,PX080,UNRAVELED,clean,,fixed_fusion,,False,20260926,,72,px080_context_selector/results/METRICS.json,OtherAttackStage,OtherAttackStage,12054
PX080-0072,PX080,UNRAVELED,clean,,fixed_fusion,,False,20260926,,72,px080_context_selector/results/METRICS.json,OtherAttackStage,LateralMovement,0
PX080-0072,PX080,UNRAVELED,clean,,fixed_fusion,,False,20260926,,72,px080_context_selector/results/METRICS.json,OtherAttackStage,DataExfiltration,316
PX080-0072,PX080,UNRAVELED,clean,,fixed_fusion,,False,20260926,,72,px080_context_selector/results/METRICS.json,LateralMovement,Benign,14
PX080-0072,PX080,UNRAVELED,clean,,fixed_fusion,,False,20260926,,72,px080_context_selector/results/METRICS.json,LateralMovement,OtherAttackStage,0
PX080-0072,PX080,UNRAVELED,clean,,fixed_fusion,,False,20260926,,72,px080_context_selector/results/METRICS.json,LateralMovement,LateralMovement,21
PX080-0072,PX080,UNRAVELED,clean,,fixed_fusion,,False,20260926,,72,px080_context_selector/results/METRICS.json,LateralMovement,DataExfiltration,0
PX080-0072,PX080,UNRAVELED,clean,,fixed_fusion,,False,20260926,,72,px080_context_selector/results/METRICS.json,DataExfiltration,Benign,1122
PX080-0072,PX080,UNRAVELED,clean,,fixed_fusion,,False,20260926,,72,px080_context_selector/results/METRICS.json,DataExfiltration,OtherAttackStage,1
PX080-0072,PX080,UNRAVELED,clean,,fixed_fusion,,False,20260926,,72,px080_context_selector/results/METRICS.json,DataExfiltration,LateralMovement,0
PX080-0072,PX080,UNRAVELED,clean,,fixed_fusion,,False,20260926,,72,px080_context_selector/results/METRICS.json,DataExfiltration,DataExfiltration,2319
PX080-0073,PX080,UNRAVELED,clean,,confidence_gate,,False,20260926,,73,px080_context_selector/results/METRICS.json,Benign,Benign,192127
PX080-0073,PX080,UNRAVELED,clean,,confidence_gate,,False,20260926,,73,px080_context_selector/results/METRICS.json,Benign,OtherAttackStage,0
PX080-0073,PX080,UNRAVELED,clean,,confidence_gate,,False,20260926,,73,px080_context_selector/results/METRICS.json,Benign,LateralMovement,66
PX080-0073,PX080,UNRAVELED,clean,,confidence_gate,,False,20260926,,73,px080_context_selector/results/METRICS.json,Benign,DataExfiltration,0
PX080-0073,PX080,UNRAVELED,clean,,confidence_gate,,False,20260926,,73,px080_context_selector/results/METRICS.json,OtherAttackStage,Benign,51
PX080-0073,PX080,UNRAVELED,clean,,confidence_gate,,False,20260926,,73,px080_context_selector/results/METRICS.json,OtherAttackStage,OtherAttackStage,12054
PX080-0073,PX080,UNRAVELED,clean,,confidence_gate,,False,20260926,,73,px080_context_selector/results/METRICS.json,OtherAttackStage,LateralMovement,0
PX080-0073,PX080,UNRAVELED,clean,,confidence_gate,,False,20260926,,73,px080_context_selector/results/METRICS.json,OtherAttackStage,DataExfiltration,319
PX080-0073,PX080,UNRAVELED,clean,,confidence_gate,,False,20260926,,73,px080_context_selector/results/METRICS.json,LateralMovement,Benign,14
PX080-0073,PX080,UNRAVELED,clean,,confidence_gate,,False,20260926,,73,px080_context_selector/results/METRICS.json,LateralMovement,OtherAttackStage,0
PX080-0073,PX080,UNRAVELED,clean,,confidence_gate,,False,20260926,,73,px080_context_selector/results/METRICS.json,LateralMovement,LateralMovement,21
PX080-0073,PX080,UNRAVELED,clean,,confidence_gate,,False,20260926,,73,px080_context_selector/results/METRICS.json,LateralMovement,DataExfiltration,0
PX080-0073,PX080,UNRAVELED,clean,,confidence_gate,,False,20260926,,73,px080_context_selector/results/METRICS.json,DataExfiltration,Benign,1122
PX080-0073,PX080,UNRAVELED,clean,,confidence_gate,,False,20260926,,73,px080_context_selector/results/METRICS.json,DataExfiltration,OtherAttackStage,1
PX080-0073,PX080,UNRAVELED,clean,,confidence_gate,,False,20260926,,73,px080_context_selector/results/METRICS.json,DataExfiltration,LateralMovement,0
PX080-0073,PX080,UNRAVELED,clean,,confidence_gate,,False,20260926,,73,px080_context_selector/results/METRICS.json,DataExfiltration,DataExfiltration,2319
PX080-0074,PX080,UNRAVELED,clean,,ordinary_gate,,False,20260926,,74,px080_context_selector/results/METRICS.json,Benign,Benign,192127
PX080-0074,PX080,UNRAVELED,clean,,ordinary_gate,,False,20260926,,74,px080_context_selector/results/METRICS.json,Benign,OtherAttackStage,0
PX080-0074,PX080,UNRAVELED,clean,,ordinary_gate,,False,20260926,,74,px080_context_selector/results/METRICS.json,Benign,LateralMovement,64
PX080-0074,PX080,UNRAVELED,clean,,ordinary_gate,,False,20260926,,74,px080_context_selector/results/METRICS.json,Benign,DataExfiltration,2
PX080-0074,PX080,UNRAVELED,clean,,ordinary_gate,,False,20260926,,74,px080_context_selector/results/METRICS.json,OtherAttackStage,Benign,42
PX080-0074,PX080,UNRAVELED,clean,,ordinary_gate,,False,20260926,,74,px080_context_selector/results/METRICS.json,OtherAttackStage,OtherAttackStage,12062
PX080-0074,PX080,UNRAVELED,clean,,ordinary_gate,,False,20260926,,74,px080_context_selector/results/METRICS.json,OtherAttackStage,LateralMovement,0
PX080-0074,PX080,UNRAVELED,clean,,ordinary_gate,,False,20260926,,74,px080_context_selector/results/METRICS.json,OtherAttackStage,DataExfiltration,320
PX080-0074,PX080,UNRAVELED,clean,,ordinary_gate,,False,20260926,,74,px080_context_selector/results/METRICS.json,LateralMovement,Benign,14
PX080-0074,PX080,UNRAVELED,clean,,ordinary_gate,,False,20260926,,74,px080_context_selector/results/METRICS.json,LateralMovement,OtherAttackStage,0
PX080-0074,PX080,UNRAVELED,clean,,ordinary_gate,,False,20260926,,74,px080_context_selector/results/METRICS.json,LateralMovement,LateralMovement,21
PX080-0074,PX080,UNRAVELED,clean,,ordinary_gate,,False,20260926,,74,px080_context_selector/results/METRICS.json,LateralMovement,DataExfiltration,0
PX080-0074,PX080,UNRAVELED,clean,,ordinary_gate,,False,20260926,,74,px080_context_selector/results/METRICS.json,DataExfiltration,Benign,1121
PX080-0074,PX080,UNRAVELED,clean,,ordinary_gate,,False,20260926,,74,px080_context_selector/results/METRICS.json,DataExfiltration,OtherAttackStage,1
PX080-0074,PX080,UNRAVELED,clean,,ordinary_gate,,False,20260926,,74,px080_context_selector/results/METRICS.json,DataExfiltration,LateralMovement,0
PX080-0074,PX080,UNRAVELED,clean,,ordinary_gate,,False,20260926,,74,px080_context_selector/results/METRICS.json,DataExfiltration,DataExfiltration,2320
PX080-0075,PX080,UNRAVELED,clean,,stage_harm_gate,,False,20260926,,75,px080_context_selector/results/METRICS.json,Benign,Benign,192127
PX080-0075,PX080,UNRAVELED,clean,,stage_harm_gate,,False,20260926,,75,px080_context_selector/results/METRICS.json,Benign,OtherAttackStage,0
PX080-0075,PX080,UNRAVELED,clean,,stage_harm_gate,,False,20260926,,75,px080_context_selector/results/METRICS.json,Benign,LateralMovement,65
PX080-0075,PX080,UNRAVELED,clean,,stage_harm_gate,,False,20260926,,75,px080_context_selector/results/METRICS.json,Benign,DataExfiltration,1
PX080-0075,PX080,UNRAVELED,clean,,stage_harm_gate,,False,20260926,,75,px080_context_selector/results/METRICS.json,OtherAttackStage,Benign,63
PX080-0075,PX080,UNRAVELED,clean,,stage_harm_gate,,False,20260926,,75,px080_context_selector/results/METRICS.json,OtherAttackStage,OtherAttackStage,12063
PX080-0075,PX080,UNRAVELED,clean,,stage_harm_gate,,False,20260926,,75,px080_context_selector/results/METRICS.json,OtherAttackStage,LateralMovement,0
PX080-0075,PX080,UNRAVELED,clean,,stage_harm_gate,,False,20260926,,75,px080_context_selector/results/METRICS.json,OtherAttackStage,DataExfiltration,298
PX080-0075,PX080,UNRAVELED,clean,,stage_harm_gate,,False,20260926,,75,px080_context_selector/results/METRICS.json,LateralMovement,Benign,13
PX080-0075,PX080,UNRAVELED,clean,,stage_harm_gate,,False,20260926,,75,px080_context_selector/results/METRICS.json,LateralMovement,OtherAttackStage,0
PX080-0075,PX080,UNRAVELED,clean,,stage_harm_gate,,False,20260926,,75,px080_context_selector/results/METRICS.json,LateralMovement,LateralMovement,22
PX080-0075,PX080,UNRAVELED,clean,,stage_harm_gate,,False,20260926,,75,px080_context_selector/results/METRICS.json,LateralMovement,DataExfiltration,0
PX080-0075,PX080,UNRAVELED,clean,,stage_harm_gate,,False,20260926,,75,px080_context_selector/results/METRICS.json,DataExfiltration,Benign,1113
PX080-0075,PX080,UNRAVELED,clean,,stage_harm_gate,,False,20260926,,75,px080_context_selector/results/METRICS.json,DataExfiltration,OtherAttackStage,1
PX080-0075,PX080,UNRAVELED,clean,,stage_harm_gate,,False,20260926,,75,px080_context_selector/results/METRICS.json,DataExfiltration,LateralMovement,13
PX080-0075,PX080,UNRAVELED,clean,,stage_harm_gate,,False,20260926,,75,px080_context_selector/results/METRICS.json,DataExfiltration,DataExfiltration,2315
PX080-0076,PX080,UNRAVELED,clean,,context_dropout,,False,20260926,,76,px080_context_selector/results/METRICS.json,Benign,Benign,192133
PX080-0076,PX080,UNRAVELED,clean,,context_dropout,,False,20260926,,76,px080_context_selector/results/METRICS.json,Benign,OtherAttackStage,0
PX080-0076,PX080,UNRAVELED,clean,,context_dropout,,False,20260926,,76,px080_context_selector/results/METRICS.json,Benign,LateralMovement,56
PX080-0076,PX080,UNRAVELED,clean,,context_dropout,,False,20260926,,76,px080_context_selector/results/METRICS.json,Benign,DataExfiltration,4
PX080-0076,PX080,UNRAVELED,clean,,context_dropout,,False,20260926,,76,px080_context_selector/results/METRICS.json,OtherAttackStage,Benign,48
PX080-0076,PX080,UNRAVELED,clean,,context_dropout,,False,20260926,,76,px080_context_selector/results/METRICS.json,OtherAttackStage,OtherAttackStage,12056
PX080-0076,PX080,UNRAVELED,clean,,context_dropout,,False,20260926,,76,px080_context_selector/results/METRICS.json,OtherAttackStage,LateralMovement,0
PX080-0076,PX080,UNRAVELED,clean,,context_dropout,,False,20260926,,76,px080_context_selector/results/METRICS.json,OtherAttackStage,DataExfiltration,320
PX080-0076,PX080,UNRAVELED,clean,,context_dropout,,False,20260926,,76,px080_context_selector/results/METRICS.json,LateralMovement,Benign,19
PX080-0076,PX080,UNRAVELED,clean,,context_dropout,,False,20260926,,76,px080_context_selector/results/METRICS.json,LateralMovement,OtherAttackStage,0
PX080-0076,PX080,UNRAVELED,clean,,context_dropout,,False,20260926,,76,px080_context_selector/results/METRICS.json,LateralMovement,LateralMovement,16
PX080-0076,PX080,UNRAVELED,clean,,context_dropout,,False,20260926,,76,px080_context_selector/results/METRICS.json,LateralMovement,DataExfiltration,0
PX080-0076,PX080,UNRAVELED,clean,,context_dropout,,False,20260926,,76,px080_context_selector/results/METRICS.json,DataExfiltration,Benign,1116
PX080-0076,PX080,UNRAVELED,clean,,context_dropout,,False,20260926,,76,px080_context_selector/results/METRICS.json,DataExfiltration,OtherAttackStage,1
PX080-0076,PX080,UNRAVELED,clean,,context_dropout,,False,20260926,,76,px080_context_selector/results/METRICS.json,DataExfiltration,LateralMovement,6
PX080-0076,PX080,UNRAVELED,clean,,context_dropout,,False,20260926,,76,px080_context_selector/results/METRICS.json,DataExfiltration,DataExfiltration,2319
PX080-0077,PX080,UNRAVELED,missing_half,,current_roles,,False,20260926,,77,px080_context_selector/results/METRICS.json,Benign,Benign,192058
PX080-0077,PX080,UNRAVELED,missing_half,,current_roles,,False,20260926,,77,px080_context_selector/results/METRICS.json,Benign,OtherAttackStage,0
PX080-0077,PX080,UNRAVELED,missing_half,,current_roles,,False,20260926,,77,px080_context_selector/results/METRICS.json,Benign,LateralMovement,128
PX080-0077,PX080,UNRAVELED,missing_half,,current_roles,,False,20260926,,77,px080_context_selector/results/METRICS.json,Benign,DataExfiltration,7
PX080-0077,PX080,UNRAVELED,missing_half,,current_roles,,False,20260926,,77,px080_context_selector/results/METRICS.json,OtherAttackStage,Benign,41
PX080-0077,PX080,UNRAVELED,missing_half,,current_roles,,False,20260926,,77,px080_context_selector/results/METRICS.json,OtherAttackStage,OtherAttackStage,12023
PX080-0077,PX080,UNRAVELED,missing_half,,current_roles,,False,20260926,,77,px080_context_selector/results/METRICS.json,OtherAttackStage,LateralMovement,0
PX080-0077,PX080,UNRAVELED,missing_half,,current_roles,,False,20260926,,77,px080_context_selector/results/METRICS.json,OtherAttackStage,DataExfiltration,360
PX080-0077,PX080,UNRAVELED,missing_half,,current_roles,,False,20260926,,77,px080_context_selector/results/METRICS.json,LateralMovement,Benign,8
PX080-0077,PX080,UNRAVELED,missing_half,,current_roles,,False,20260926,,77,px080_context_selector/results/METRICS.json,LateralMovement,OtherAttackStage,0
PX080-0077,PX080,UNRAVELED,missing_half,,current_roles,,False,20260926,,77,px080_context_selector/results/METRICS.json,LateralMovement,LateralMovement,27
PX080-0077,PX080,UNRAVELED,missing_half,,current_roles,,False,20260926,,77,px080_context_selector/results/METRICS.json,LateralMovement,DataExfiltration,0
PX080-0077,PX080,UNRAVELED,missing_half,,current_roles,,False,20260926,,77,px080_context_selector/results/METRICS.json,DataExfiltration,Benign,1120
PX080-0077,PX080,UNRAVELED,missing_half,,current_roles,,False,20260926,,77,px080_context_selector/results/METRICS.json,DataExfiltration,OtherAttackStage,0
PX080-0077,PX080,UNRAVELED,missing_half,,current_roles,,False,20260926,,77,px080_context_selector/results/METRICS.json,DataExfiltration,LateralMovement,0
PX080-0077,PX080,UNRAVELED,missing_half,,current_roles,,False,20260926,,77,px080_context_selector/results/METRICS.json,DataExfiltration,DataExfiltration,2322
PX080-0078,PX080,UNRAVELED,missing_half,,context,,False,20260926,,78,px080_context_selector/results/METRICS.json,Benign,Benign,192163
PX080-0078,PX080,UNRAVELED,missing_half,,context,,False,20260926,,78,px080_context_selector/results/METRICS.json,Benign,OtherAttackStage,0
PX080-0078,PX080,UNRAVELED,missing_half,,context,,False,20260926,,78,px080_context_selector/results/METRICS.json,Benign,LateralMovement,30
PX080-0078,PX080,UNRAVELED,missing_half,,context,,False,20260926,,78,px080_context_selector/results/METRICS.json,Benign,DataExfiltration,0
PX080-0078,PX080,UNRAVELED,missing_half,,context,,False,20260926,,78,px080_context_selector/results/METRICS.json,OtherAttackStage,Benign,6188
PX080-0078,PX080,UNRAVELED,missing_half,,context,,False,20260926,,78,px080_context_selector/results/METRICS.json,OtherAttackStage,OtherAttackStage,5984
PX080-0078,PX080,UNRAVELED,missing_half,,context,,False,20260926,,78,px080_context_selector/results/METRICS.json,OtherAttackStage,LateralMovement,0
PX080-0078,PX080,UNRAVELED,missing_half,,context,,False,20260926,,78,px080_context_selector/results/METRICS.json,OtherAttackStage,DataExfiltration,252
PX080-0078,PX080,UNRAVELED,missing_half,,context,,False,20260926,,78,px080_context_selector/results/METRICS.json,LateralMovement,Benign,24
PX080-0078,PX080,UNRAVELED,missing_half,,context,,False,20260926,,78,px080_context_selector/results/METRICS.json,LateralMovement,OtherAttackStage,0
PX080-0078,PX080,UNRAVELED,missing_half,,context,,False,20260926,,78,px080_context_selector/results/METRICS.json,LateralMovement,LateralMovement,11
PX080-0078,PX080,UNRAVELED,missing_half,,context,,False,20260926,,78,px080_context_selector/results/METRICS.json,LateralMovement,DataExfiltration,0
PX080-0078,PX080,UNRAVELED,missing_half,,context,,False,20260926,,78,px080_context_selector/results/METRICS.json,DataExfiltration,Benign,1129
PX080-0078,PX080,UNRAVELED,missing_half,,context,,False,20260926,,78,px080_context_selector/results/METRICS.json,DataExfiltration,OtherAttackStage,1
PX080-0078,PX080,UNRAVELED,missing_half,,context,,False,20260926,,78,px080_context_selector/results/METRICS.json,DataExfiltration,LateralMovement,8
PX080-0078,PX080,UNRAVELED,missing_half,,context,,False,20260926,,78,px080_context_selector/results/METRICS.json,DataExfiltration,DataExfiltration,2304
PX080-0079,PX080,UNRAVELED,missing_half,,fixed_fusion,,False,20260926,,79,px080_context_selector/results/METRICS.json,Benign,Benign,192149
PX080-0079,PX080,UNRAVELED,missing_half,,fixed_fusion,,False,20260926,,79,px080_context_selector/results/METRICS.json,Benign,OtherAttackStage,0
PX080-0079,PX080,UNRAVELED,missing_half,,fixed_fusion,,False,20260926,,79,px080_context_selector/results/METRICS.json,Benign,LateralMovement,44
PX080-0079,PX080,UNRAVELED,missing_half,,fixed_fusion,,False,20260926,,79,px080_context_selector/results/METRICS.json,Benign,DataExfiltration,0
PX080-0079,PX080,UNRAVELED,missing_half,,fixed_fusion,,False,20260926,,79,px080_context_selector/results/METRICS.json,OtherAttackStage,Benign,251
PX080-0079,PX080,UNRAVELED,missing_half,,fixed_fusion,,False,20260926,,79,px080_context_selector/results/METRICS.json,OtherAttackStage,OtherAttackStage,11874
PX080-0079,PX080,UNRAVELED,missing_half,,fixed_fusion,,False,20260926,,79,px080_context_selector/results/METRICS.json,OtherAttackStage,LateralMovement,0
PX080-0079,PX080,UNRAVELED,missing_half,,fixed_fusion,,False,20260926,,79,px080_context_selector/results/METRICS.json,OtherAttackStage,DataExfiltration,299
PX080-0079,PX080,UNRAVELED,missing_half,,fixed_fusion,,False,20260926,,79,px080_context_selector/results/METRICS.json,LateralMovement,Benign,19
PX080-0079,PX080,UNRAVELED,missing_half,,fixed_fusion,,False,20260926,,79,px080_context_selector/results/METRICS.json,LateralMovement,OtherAttackStage,0
PX080-0079,PX080,UNRAVELED,missing_half,,fixed_fusion,,False,20260926,,79,px080_context_selector/results/METRICS.json,LateralMovement,LateralMovement,16
PX080-0079,PX080,UNRAVELED,missing_half,,fixed_fusion,,False,20260926,,79,px080_context_selector/results/METRICS.json,LateralMovement,DataExfiltration,0
PX080-0079,PX080,UNRAVELED,missing_half,,fixed_fusion,,False,20260926,,79,px080_context_selector/results/METRICS.json,DataExfiltration,Benign,1125
PX080-0079,PX080,UNRAVELED,missing_half,,fixed_fusion,,False,20260926,,79,px080_context_selector/results/METRICS.json,DataExfiltration,OtherAttackStage,1
PX080-0079,PX080,UNRAVELED,missing_half,,fixed_fusion,,False,20260926,,79,px080_context_selector/results/METRICS.json,DataExfiltration,LateralMovement,0
PX080-0079,PX080,UNRAVELED,missing_half,,fixed_fusion,,False,20260926,,79,px080_context_selector/results/METRICS.json,DataExfiltration,DataExfiltration,2316
PX080-0080,PX080,UNRAVELED,missing_half,,confidence_gate,,False,20260926,,80,px080_context_selector/results/METRICS.json,Benign,Benign,192149
PX080-0080,PX080,UNRAVELED,missing_half,,confidence_gate,,False,20260926,,80,px080_context_selector/results/METRICS.json,Benign,OtherAttackStage,0
PX080-0080,PX080,UNRAVELED,missing_half,,confidence_gate,,False,20260926,,80,px080_context_selector/results/METRICS.json,Benign,LateralMovement,44
PX080-0080,PX080,UNRAVELED,missing_half,,confidence_gate,,False,20260926,,80,px080_context_selector/results/METRICS.json,Benign,DataExfiltration,0
PX080-0080,PX080,UNRAVELED,missing_half,,confidence_gate,,False,20260926,,80,px080_context_selector/results/METRICS.json,OtherAttackStage,Benign,536
PX080-0080,PX080,UNRAVELED,missing_half,,confidence_gate,,False,20260926,,80,px080_context_selector/results/METRICS.json,OtherAttackStage,OtherAttackStage,11590
PX080-0080,PX080,UNRAVELED,missing_half,,confidence_gate,,False,20260926,,80,px080_context_selector/results/METRICS.json,OtherAttackStage,LateralMovement,0
PX080-0080,PX080,UNRAVELED,missing_half,,confidence_gate,,False,20260926,,80,px080_context_selector/results/METRICS.json,OtherAttackStage,DataExfiltration,298
PX080-0080,PX080,UNRAVELED,missing_half,,confidence_gate,,False,20260926,,80,px080_context_selector/results/METRICS.json,LateralMovement,Benign,19
PX080-0080,PX080,UNRAVELED,missing_half,,confidence_gate,,False,20260926,,80,px080_context_selector/results/METRICS.json,LateralMovement,OtherAttackStage,0
PX080-0080,PX080,UNRAVELED,missing_half,,confidence_gate,,False,20260926,,80,px080_context_selector/results/METRICS.json,LateralMovement,LateralMovement,16
PX080-0080,PX080,UNRAVELED,missing_half,,confidence_gate,,False,20260926,,80,px080_context_selector/results/METRICS.json,LateralMovement,DataExfiltration,0
PX080-0080,PX080,UNRAVELED,missing_half,,confidence_gate,,False,20260926,,80,px080_context_selector/results/METRICS.json,DataExfiltration,Benign,1125
PX080-0080,PX080,UNRAVELED,missing_half,,confidence_gate,,False,20260926,,80,px080_context_selector/results/METRICS.json,DataExfiltration,OtherAttackStage,1
PX080-0080,PX080,UNRAVELED,missing_half,,confidence_gate,,False,20260926,,80,px080_context_selector/results/METRICS.json,DataExfiltration,LateralMovement,0
PX080-0080,PX080,UNRAVELED,missing_half,,confidence_gate,,False,20260926,,80,px080_context_selector/results/METRICS.json,DataExfiltration,DataExfiltration,2316
PX080-0081,PX080,UNRAVELED,missing_half,,ordinary_gate,,False,20260926,,81,px080_context_selector/results/METRICS.json,Benign,Benign,192146
PX080-0081,PX080,UNRAVELED,missing_half,,ordinary_gate,,False,20260926,,81,px080_context_selector/results/METRICS.json,Benign,OtherAttackStage,0
PX080-0081,PX080,UNRAVELED,missing_half,,ordinary_gate,,False,20260926,,81,px080_context_selector/results/METRICS.json,Benign,LateralMovement,45
PX080-0081,PX080,UNRAVELED,missing_half,,ordinary_gate,,False,20260926,,81,px080_context_selector/results/METRICS.json,Benign,DataExfiltration,2
PX080-0081,PX080,UNRAVELED,missing_half,,ordinary_gate,,False,20260926,,81,px080_context_selector/results/METRICS.json,OtherAttackStage,Benign,54
PX080-0081,PX080,UNRAVELED,missing_half,,ordinary_gate,,False,20260926,,81,px080_context_selector/results/METRICS.json,OtherAttackStage,OtherAttackStage,12044
PX080-0081,PX080,UNRAVELED,missing_half,,ordinary_gate,,False,20260926,,81,px080_context_selector/results/METRICS.json,OtherAttackStage,LateralMovement,0
PX080-0081,PX080,UNRAVELED,missing_half,,ordinary_gate,,False,20260926,,81,px080_context_selector/results/METRICS.json,OtherAttackStage,DataExfiltration,326
PX080-0081,PX080,UNRAVELED,missing_half,,ordinary_gate,,False,20260926,,81,px080_context_selector/results/METRICS.json,LateralMovement,Benign,19
PX080-0081,PX080,UNRAVELED,missing_half,,ordinary_gate,,False,20260926,,81,px080_context_selector/results/METRICS.json,LateralMovement,OtherAttackStage,0
PX080-0081,PX080,UNRAVELED,missing_half,,ordinary_gate,,False,20260926,,81,px080_context_selector/results/METRICS.json,LateralMovement,LateralMovement,16
PX080-0081,PX080,UNRAVELED,missing_half,,ordinary_gate,,False,20260926,,81,px080_context_selector/results/METRICS.json,LateralMovement,DataExfiltration,0
PX080-0081,PX080,UNRAVELED,missing_half,,ordinary_gate,,False,20260926,,81,px080_context_selector/results/METRICS.json,DataExfiltration,Benign,1127
PX080-0081,PX080,UNRAVELED,missing_half,,ordinary_gate,,False,20260926,,81,px080_context_selector/results/METRICS.json,DataExfiltration,OtherAttackStage,1
PX080-0081,PX080,UNRAVELED,missing_half,,ordinary_gate,,False,20260926,,81,px080_context_selector/results/METRICS.json,DataExfiltration,LateralMovement,0
PX080-0081,PX080,UNRAVELED,missing_half,,ordinary_gate,,False,20260926,,81,px080_context_selector/results/METRICS.json,DataExfiltration,DataExfiltration,2314
PX080-0082,PX080,UNRAVELED,missing_half,,stage_harm_gate,,False,20260926,,82,px080_context_selector/results/METRICS.json,Benign,Benign,192141
PX080-0082,PX080,UNRAVELED,missing_half,,stage_harm_gate,,False,20260926,,82,px080_context_selector/results/METRICS.json,Benign,OtherAttackStage,0
PX080-0082,PX080,UNRAVELED,missing_half,,stage_harm_gate,,False,20260926,,82,px080_context_selector/results/METRICS.json,Benign,LateralMovement,51
PX080-0082,PX080,UNRAVELED,missing_half,,stage_harm_gate,,False,20260926,,82,px080_context_selector/results/METRICS.json,Benign,DataExfiltration,1
PX080-0082,PX080,UNRAVELED,missing_half,,stage_harm_gate,,False,20260926,,82,px080_context_selector/results/METRICS.json,OtherAttackStage,Benign,68
PX080-0082,PX080,UNRAVELED,missing_half,,stage_harm_gate,,False,20260926,,82,px080_context_selector/results/METRICS.json,OtherAttackStage,OtherAttackStage,12044
PX080-0082,PX080,UNRAVELED,missing_half,,stage_harm_gate,,False,20260926,,82,px080_context_selector/results/METRICS.json,OtherAttackStage,LateralMovement,0
PX080-0082,PX080,UNRAVELED,missing_half,,stage_harm_gate,,False,20260926,,82,px080_context_selector/results/METRICS.json,OtherAttackStage,DataExfiltration,312
PX080-0082,PX080,UNRAVELED,missing_half,,stage_harm_gate,,False,20260926,,82,px080_context_selector/results/METRICS.json,LateralMovement,Benign,18
PX080-0082,PX080,UNRAVELED,missing_half,,stage_harm_gate,,False,20260926,,82,px080_context_selector/results/METRICS.json,LateralMovement,OtherAttackStage,0
PX080-0082,PX080,UNRAVELED,missing_half,,stage_harm_gate,,False,20260926,,82,px080_context_selector/results/METRICS.json,LateralMovement,LateralMovement,17
PX080-0082,PX080,UNRAVELED,missing_half,,stage_harm_gate,,False,20260926,,82,px080_context_selector/results/METRICS.json,LateralMovement,DataExfiltration,0
PX080-0082,PX080,UNRAVELED,missing_half,,stage_harm_gate,,False,20260926,,82,px080_context_selector/results/METRICS.json,DataExfiltration,Benign,1122
PX080-0082,PX080,UNRAVELED,missing_half,,stage_harm_gate,,False,20260926,,82,px080_context_selector/results/METRICS.json,DataExfiltration,OtherAttackStage,1
PX080-0082,PX080,UNRAVELED,missing_half,,stage_harm_gate,,False,20260926,,82,px080_context_selector/results/METRICS.json,DataExfiltration,LateralMovement,8
PX080-0082,PX080,UNRAVELED,missing_half,,stage_harm_gate,,False,20260926,,82,px080_context_selector/results/METRICS.json,DataExfiltration,DataExfiltration,2311
PX080-0083,PX080,UNRAVELED,missing_half,,context_dropout,,False,20260926,,83,px080_context_selector/results/METRICS.json,Benign,Benign,192096
PX080-0083,PX080,UNRAVELED,missing_half,,context_dropout,,False,20260926,,83,px080_context_selector/results/METRICS.json,Benign,OtherAttackStage,0
PX080-0083,PX080,UNRAVELED,missing_half,,context_dropout,,False,20260926,,83,px080_context_selector/results/METRICS.json,Benign,LateralMovement,96
PX080-0083,PX080,UNRAVELED,missing_half,,context_dropout,,False,20260926,,83,px080_context_selector/results/METRICS.json,Benign,DataExfiltration,1
PX080-0083,PX080,UNRAVELED,missing_half,,context_dropout,,False,20260926,,83,px080_context_selector/results/METRICS.json,OtherAttackStage,Benign,47
PX080-0083,PX080,UNRAVELED,missing_half,,context_dropout,,False,20260926,,83,px080_context_selector/results/METRICS.json,OtherAttackStage,OtherAttackStage,12053
PX080-0083,PX080,UNRAVELED,missing_half,,context_dropout,,False,20260926,,83,px080_context_selector/results/METRICS.json,OtherAttackStage,LateralMovement,0
PX080-0083,PX080,UNRAVELED,missing_half,,context_dropout,,False,20260926,,83,px080_context_selector/results/METRICS.json,OtherAttackStage,DataExfiltration,324
PX080-0083,PX080,UNRAVELED,missing_half,,context_dropout,,False,20260926,,83,px080_context_selector/results/METRICS.json,LateralMovement,Benign,13
PX080-0083,PX080,UNRAVELED,missing_half,,context_dropout,,False,20260926,,83,px080_context_selector/results/METRICS.json,LateralMovement,OtherAttackStage,0
PX080-0083,PX080,UNRAVELED,missing_half,,context_dropout,,False,20260926,,83,px080_context_selector/results/METRICS.json,LateralMovement,LateralMovement,22
PX080-0083,PX080,UNRAVELED,missing_half,,context_dropout,,False,20260926,,83,px080_context_selector/results/METRICS.json,LateralMovement,DataExfiltration,0
PX080-0083,PX080,UNRAVELED,missing_half,,context_dropout,,False,20260926,,83,px080_context_selector/results/METRICS.json,DataExfiltration,Benign,1119
PX080-0083,PX080,UNRAVELED,missing_half,,context_dropout,,False,20260926,,83,px080_context_selector/results/METRICS.json,DataExfiltration,OtherAttackStage,1
PX080-0083,PX080,UNRAVELED,missing_half,,context_dropout,,False,20260926,,83,px080_context_selector/results/METRICS.json,DataExfiltration,LateralMovement,3
PX080-0083,PX080,UNRAVELED,missing_half,,context_dropout,,False,20260926,,83,px080_context_selector/results/METRICS.json,DataExfiltration,DataExfiltration,2319
PX080-0084,PX080,UNRAVELED,missing_all,,current_roles,,False,20260926,,84,px080_context_selector/results/METRICS.json,Benign,Benign,192058
PX080-0084,PX080,UNRAVELED,missing_all,,current_roles,,False,20260926,,84,px080_context_selector/results/METRICS.json,Benign,OtherAttackStage,0
PX080-0084,PX080,UNRAVELED,missing_all,,current_roles,,False,20260926,,84,px080_context_selector/results/METRICS.json,Benign,LateralMovement,128
PX080-0084,PX080,UNRAVELED,missing_all,,current_roles,,False,20260926,,84,px080_context_selector/results/METRICS.json,Benign,DataExfiltration,7
PX080-0084,PX080,UNRAVELED,missing_all,,current_roles,,False,20260926,,84,px080_context_selector/results/METRICS.json,OtherAttackStage,Benign,41
PX080-0084,PX080,UNRAVELED,missing_all,,current_roles,,False,20260926,,84,px080_context_selector/results/METRICS.json,OtherAttackStage,OtherAttackStage,12023
PX080-0084,PX080,UNRAVELED,missing_all,,current_roles,,False,20260926,,84,px080_context_selector/results/METRICS.json,OtherAttackStage,LateralMovement,0
PX080-0084,PX080,UNRAVELED,missing_all,,current_roles,,False,20260926,,84,px080_context_selector/results/METRICS.json,OtherAttackStage,DataExfiltration,360
PX080-0084,PX080,UNRAVELED,missing_all,,current_roles,,False,20260926,,84,px080_context_selector/results/METRICS.json,LateralMovement,Benign,8
PX080-0084,PX080,UNRAVELED,missing_all,,current_roles,,False,20260926,,84,px080_context_selector/results/METRICS.json,LateralMovement,OtherAttackStage,0
PX080-0084,PX080,UNRAVELED,missing_all,,current_roles,,False,20260926,,84,px080_context_selector/results/METRICS.json,LateralMovement,LateralMovement,27
PX080-0084,PX080,UNRAVELED,missing_all,,current_roles,,False,20260926,,84,px080_context_selector/results/METRICS.json,LateralMovement,DataExfiltration,0
PX080-0084,PX080,UNRAVELED,missing_all,,current_roles,,False,20260926,,84,px080_context_selector/results/METRICS.json,DataExfiltration,Benign,1120
PX080-0084,PX080,UNRAVELED,missing_all,,current_roles,,False,20260926,,84,px080_context_selector/results/METRICS.json,DataExfiltration,OtherAttackStage,0
PX080-0084,PX080,UNRAVELED,missing_all,,current_roles,,False,20260926,,84,px080_context_selector/results/METRICS.json,DataExfiltration,LateralMovement,0
PX080-0084,PX080,UNRAVELED,missing_all,,current_roles,,False,20260926,,84,px080_context_selector/results/METRICS.json,DataExfiltration,DataExfiltration,2322
PX080-0085,PX080,UNRAVELED,missing_all,,context,,False,20260926,,85,px080_context_selector/results/METRICS.json,Benign,Benign,192193
PX080-0085,PX080,UNRAVELED,missing_all,,context,,False,20260926,,85,px080_context_selector/results/METRICS.json,Benign,OtherAttackStage,0
PX080-0085,PX080,UNRAVELED,missing_all,,context,,False,20260926,,85,px080_context_selector/results/METRICS.json,Benign,LateralMovement,0
PX080-0085,PX080,UNRAVELED,missing_all,,context,,False,20260926,,85,px080_context_selector/results/METRICS.json,Benign,DataExfiltration,0
PX080-0085,PX080,UNRAVELED,missing_all,,context,,False,20260926,,85,px080_context_selector/results/METRICS.json,OtherAttackStage,Benign,12213
PX080-0085,PX080,UNRAVELED,missing_all,,context,,False,20260926,,85,px080_context_selector/results/METRICS.json,OtherAttackStage,OtherAttackStage,0
PX080-0085,PX080,UNRAVELED,missing_all,,context,,False,20260926,,85,px080_context_selector/results/METRICS.json,OtherAttackStage,LateralMovement,0
PX080-0085,PX080,UNRAVELED,missing_all,,context,,False,20260926,,85,px080_context_selector/results/METRICS.json,OtherAttackStage,DataExfiltration,211
PX080-0085,PX080,UNRAVELED,missing_all,,context,,False,20260926,,85,px080_context_selector/results/METRICS.json,LateralMovement,Benign,35
PX080-0085,PX080,UNRAVELED,missing_all,,context,,False,20260926,,85,px080_context_selector/results/METRICS.json,LateralMovement,OtherAttackStage,0
PX080-0085,PX080,UNRAVELED,missing_all,,context,,False,20260926,,85,px080_context_selector/results/METRICS.json,LateralMovement,LateralMovement,0
PX080-0085,PX080,UNRAVELED,missing_all,,context,,False,20260926,,85,px080_context_selector/results/METRICS.json,LateralMovement,DataExfiltration,0
PX080-0085,PX080,UNRAVELED,missing_all,,context,,False,20260926,,85,px080_context_selector/results/METRICS.json,DataExfiltration,Benign,1152
PX080-0085,PX080,UNRAVELED,missing_all,,context,,False,20260926,,85,px080_context_selector/results/METRICS.json,DataExfiltration,OtherAttackStage,0
PX080-0085,PX080,UNRAVELED,missing_all,,context,,False,20260926,,85,px080_context_selector/results/METRICS.json,DataExfiltration,LateralMovement,0
PX080-0085,PX080,UNRAVELED,missing_all,,context,,False,20260926,,85,px080_context_selector/results/METRICS.json,DataExfiltration,DataExfiltration,2290
PX080-0086,PX080,UNRAVELED,missing_all,,fixed_fusion,,False,20260926,,86,px080_context_selector/results/METRICS.json,Benign,Benign,192173
PX080-0086,PX080,UNRAVELED,missing_all,,fixed_fusion,,False,20260926,,86,px080_context_selector/results/METRICS.json,Benign,OtherAttackStage,0
PX080-0086,PX080,UNRAVELED,missing_all,,fixed_fusion,,False,20260926,,86,px080_context_selector/results/METRICS.json,Benign,LateralMovement,20
PX080-0086,PX080,UNRAVELED,missing_all,,fixed_fusion,,False,20260926,,86,px080_context_selector/results/METRICS.json,Benign,DataExfiltration,0
PX080-0086,PX080,UNRAVELED,missing_all,,fixed_fusion,,False,20260926,,86,px080_context_selector/results/METRICS.json,OtherAttackStage,Benign,444
PX080-0086,PX080,UNRAVELED,missing_all,,fixed_fusion,,False,20260926,,86,px080_context_selector/results/METRICS.json,OtherAttackStage,OtherAttackStage,11695
PX080-0086,PX080,UNRAVELED,missing_all,,fixed_fusion,,False,20260926,,86,px080_context_selector/results/METRICS.json,OtherAttackStage,LateralMovement,0
PX080-0086,PX080,UNRAVELED,missing_all,,fixed_fusion,,False,20260926,,86,px080_context_selector/results/METRICS.json,OtherAttackStage,DataExfiltration,285
PX080-0086,PX080,UNRAVELED,missing_all,,fixed_fusion,,False,20260926,,86,px080_context_selector/results/METRICS.json,LateralMovement,Benign,29
PX080-0086,PX080,UNRAVELED,missing_all,,fixed_fusion,,False,20260926,,86,px080_context_selector/results/METRICS.json,LateralMovement,OtherAttackStage,0
PX080-0086,PX080,UNRAVELED,missing_all,,fixed_fusion,,False,20260926,,86,px080_context_selector/results/METRICS.json,LateralMovement,LateralMovement,6
PX080-0086,PX080,UNRAVELED,missing_all,,fixed_fusion,,False,20260926,,86,px080_context_selector/results/METRICS.json,LateralMovement,DataExfiltration,0
PX080-0086,PX080,UNRAVELED,missing_all,,fixed_fusion,,False,20260926,,86,px080_context_selector/results/METRICS.json,DataExfiltration,Benign,1128
PX080-0086,PX080,UNRAVELED,missing_all,,fixed_fusion,,False,20260926,,86,px080_context_selector/results/METRICS.json,DataExfiltration,OtherAttackStage,0
PX080-0086,PX080,UNRAVELED,missing_all,,fixed_fusion,,False,20260926,,86,px080_context_selector/results/METRICS.json,DataExfiltration,LateralMovement,0
PX080-0086,PX080,UNRAVELED,missing_all,,fixed_fusion,,False,20260926,,86,px080_context_selector/results/METRICS.json,DataExfiltration,DataExfiltration,2314
PX080-0087,PX080,UNRAVELED,missing_all,,confidence_gate,,False,20260926,,87,px080_context_selector/results/METRICS.json,Benign,Benign,192173
PX080-0087,PX080,UNRAVELED,missing_all,,confidence_gate,,False,20260926,,87,px080_context_selector/results/METRICS.json,Benign,OtherAttackStage,0
PX080-0087,PX080,UNRAVELED,missing_all,,confidence_gate,,False,20260926,,87,px080_context_selector/results/METRICS.json,Benign,LateralMovement,20
PX080-0087,PX080,UNRAVELED,missing_all,,confidence_gate,,False,20260926,,87,px080_context_selector/results/METRICS.json,Benign,DataExfiltration,0
PX080-0087,PX080,UNRAVELED,missing_all,,confidence_gate,,False,20260926,,87,px080_context_selector/results/METRICS.json,OtherAttackStage,Benign,998
PX080-0087,PX080,UNRAVELED,missing_all,,confidence_gate,,False,20260926,,87,px080_context_selector/results/METRICS.json,OtherAttackStage,OtherAttackStage,11149
PX080-0087,PX080,UNRAVELED,missing_all,,confidence_gate,,False,20260926,,87,px080_context_selector/results/METRICS.json,OtherAttackStage,LateralMovement,0
PX080-0087,PX080,UNRAVELED,missing_all,,confidence_gate,,False,20260926,,87,px080_context_selector/results/METRICS.json,OtherAttackStage,DataExfiltration,277
PX080-0087,PX080,UNRAVELED,missing_all,,confidence_gate,,False,20260926,,87,px080_context_selector/results/METRICS.json,LateralMovement,Benign,29
PX080-0087,PX080,UNRAVELED,missing_all,,confidence_gate,,False,20260926,,87,px080_context_selector/results/METRICS.json,LateralMovement,OtherAttackStage,0
PX080-0087,PX080,UNRAVELED,missing_all,,confidence_gate,,False,20260926,,87,px080_context_selector/results/METRICS.json,LateralMovement,LateralMovement,6
PX080-0087,PX080,UNRAVELED,missing_all,,confidence_gate,,False,20260926,,87,px080_context_selector/results/METRICS.json,LateralMovement,DataExfiltration,0
PX080-0087,PX080,UNRAVELED,missing_all,,confidence_gate,,False,20260926,,87,px080_context_selector/results/METRICS.json,DataExfiltration,Benign,1128
PX080-0087,PX080,UNRAVELED,missing_all,,confidence_gate,,False,20260926,,87,px080_context_selector/results/METRICS.json,DataExfiltration,OtherAttackStage,0
PX080-0087,PX080,UNRAVELED,missing_all,,confidence_gate,,False,20260926,,87,px080_context_selector/results/METRICS.json,DataExfiltration,LateralMovement,0
PX080-0087,PX080,UNRAVELED,missing_all,,confidence_gate,,False,20260926,,87,px080_context_selector/results/METRICS.json,DataExfiltration,DataExfiltration,2314
PX080-0088,PX080,UNRAVELED,missing_all,,ordinary_gate,,False,20260926,,88,px080_context_selector/results/METRICS.json,Benign,Benign,192167
PX080-0088,PX080,UNRAVELED,missing_all,,ordinary_gate,,False,20260926,,88,px080_context_selector/results/METRICS.json,Benign,OtherAttackStage,0
PX080-0088,PX080,UNRAVELED,missing_all,,ordinary_gate,,False,20260926,,88,px080_context_selector/results/METRICS.json,Benign,LateralMovement,24
PX080-0088,PX080,UNRAVELED,missing_all,,ordinary_gate,,False,20260926,,88,px080_context_selector/results/METRICS.json,Benign,DataExfiltration,2
PX080-0088,PX080,UNRAVELED,missing_all,,ordinary_gate,,False,20260926,,88,px080_context_selector/results/METRICS.json,OtherAttackStage,Benign,68
PX080-0088,PX080,UNRAVELED,missing_all,,ordinary_gate,,False,20260926,,88,px080_context_selector/results/METRICS.json,OtherAttackStage,OtherAttackStage,12023
PX080-0088,PX080,UNRAVELED,missing_all,,ordinary_gate,,False,20260926,,88,px080_context_selector/results/METRICS.json,OtherAttackStage,LateralMovement,0
PX080-0088,PX080,UNRAVELED,missing_all,,ordinary_gate,,False,20260926,,88,px080_context_selector/results/METRICS.json,OtherAttackStage,DataExfiltration,333
PX080-0088,PX080,UNRAVELED,missing_all,,ordinary_gate,,False,20260926,,88,px080_context_selector/results/METRICS.json,LateralMovement,Benign,27
PX080-0088,PX080,UNRAVELED,missing_all,,ordinary_gate,,False,20260926,,88,px080_context_selector/results/METRICS.json,LateralMovement,OtherAttackStage,0
PX080-0088,PX080,UNRAVELED,missing_all,,ordinary_gate,,False,20260926,,88,px080_context_selector/results/METRICS.json,LateralMovement,LateralMovement,8
PX080-0088,PX080,UNRAVELED,missing_all,,ordinary_gate,,False,20260926,,88,px080_context_selector/results/METRICS.json,LateralMovement,DataExfiltration,0
PX080-0088,PX080,UNRAVELED,missing_all,,ordinary_gate,,False,20260926,,88,px080_context_selector/results/METRICS.json,DataExfiltration,Benign,1134
PX080-0088,PX080,UNRAVELED,missing_all,,ordinary_gate,,False,20260926,,88,px080_context_selector/results/METRICS.json,DataExfiltration,OtherAttackStage,0
PX080-0088,PX080,UNRAVELED,missing_all,,ordinary_gate,,False,20260926,,88,px080_context_selector/results/METRICS.json,DataExfiltration,LateralMovement,0
PX080-0088,PX080,UNRAVELED,missing_all,,ordinary_gate,,False,20260926,,88,px080_context_selector/results/METRICS.json,DataExfiltration,DataExfiltration,2308
PX080-0089,PX080,UNRAVELED,missing_all,,stage_harm_gate,,False,20260926,,89,px080_context_selector/results/METRICS.json,Benign,Benign,192159
PX080-0089,PX080,UNRAVELED,missing_all,,stage_harm_gate,,False,20260926,,89,px080_context_selector/results/METRICS.json,Benign,OtherAttackStage,0
PX080-0089,PX080,UNRAVELED,missing_all,,stage_harm_gate,,False,20260926,,89,px080_context_selector/results/METRICS.json,Benign,LateralMovement,33
PX080-0089,PX080,UNRAVELED,missing_all,,stage_harm_gate,,False,20260926,,89,px080_context_selector/results/METRICS.json,Benign,DataExfiltration,1
PX080-0089,PX080,UNRAVELED,missing_all,,stage_harm_gate,,False,20260926,,89,px080_context_selector/results/METRICS.json,OtherAttackStage,Benign,79
PX080-0089,PX080,UNRAVELED,missing_all,,stage_harm_gate,,False,20260926,,89,px080_context_selector/results/METRICS.json,OtherAttackStage,OtherAttackStage,12023
PX080-0089,PX080,UNRAVELED,missing_all,,stage_harm_gate,,False,20260926,,89,px080_context_selector/results/METRICS.json,OtherAttackStage,LateralMovement,0
PX080-0089,PX080,UNRAVELED,missing_all,,stage_harm_gate,,False,20260926,,89,px080_context_selector/results/METRICS.json,OtherAttackStage,DataExfiltration,322
PX080-0089,PX080,UNRAVELED,missing_all,,stage_harm_gate,,False,20260926,,89,px080_context_selector/results/METRICS.json,LateralMovement,Benign,27
PX080-0089,PX080,UNRAVELED,missing_all,,stage_harm_gate,,False,20260926,,89,px080_context_selector/results/METRICS.json,LateralMovement,OtherAttackStage,0
PX080-0089,PX080,UNRAVELED,missing_all,,stage_harm_gate,,False,20260926,,89,px080_context_selector/results/METRICS.json,LateralMovement,LateralMovement,8
PX080-0089,PX080,UNRAVELED,missing_all,,stage_harm_gate,,False,20260926,,89,px080_context_selector/results/METRICS.json,LateralMovement,DataExfiltration,0
PX080-0089,PX080,UNRAVELED,missing_all,,stage_harm_gate,,False,20260926,,89,px080_context_selector/results/METRICS.json,DataExfiltration,Benign,1139
PX080-0089,PX080,UNRAVELED,missing_all,,stage_harm_gate,,False,20260926,,89,px080_context_selector/results/METRICS.json,DataExfiltration,OtherAttackStage,0
PX080-0089,PX080,UNRAVELED,missing_all,,stage_harm_gate,,False,20260926,,89,px080_context_selector/results/METRICS.json,DataExfiltration,LateralMovement,0
PX080-0089,PX080,UNRAVELED,missing_all,,stage_harm_gate,,False,20260926,,89,px080_context_selector/results/METRICS.json,DataExfiltration,DataExfiltration,2303
PX080-0090,PX080,UNRAVELED,missing_all,,context_dropout,,False,20260926,,90,px080_context_selector/results/METRICS.json,Benign,Benign,192066
PX080-0090,PX080,UNRAVELED,missing_all,,context_dropout,,False,20260926,,90,px080_context_selector/results/METRICS.json,Benign,OtherAttackStage,0
PX080-0090,PX080,UNRAVELED,missing_all,,context_dropout,,False,20260926,,90,px080_context_selector/results/METRICS.json,Benign,LateralMovement,125
PX080-0090,PX080,UNRAVELED,missing_all,,context_dropout,,False,20260926,,90,px080_context_selector/results/METRICS.json,Benign,DataExfiltration,2
PX080-0090,PX080,UNRAVELED,missing_all,,context_dropout,,False,20260926,,90,px080_context_selector/results/METRICS.json,OtherAttackStage,Benign,43
PX080-0090,PX080,UNRAVELED,missing_all,,context_dropout,,False,20260926,,90,px080_context_selector/results/METRICS.json,OtherAttackStage,OtherAttackStage,12051
PX080-0090,PX080,UNRAVELED,missing_all,,context_dropout,,False,20260926,,90,px080_context_selector/results/METRICS.json,OtherAttackStage,LateralMovement,0
PX080-0090,PX080,UNRAVELED,missing_all,,context_dropout,,False,20260926,,90,px080_context_selector/results/METRICS.json,OtherAttackStage,DataExfiltration,330
PX080-0090,PX080,UNRAVELED,missing_all,,context_dropout,,False,20260926,,90,px080_context_selector/results/METRICS.json,LateralMovement,Benign,9
PX080-0090,PX080,UNRAVELED,missing_all,,context_dropout,,False,20260926,,90,px080_context_selector/results/METRICS.json,LateralMovement,OtherAttackStage,0
PX080-0090,PX080,UNRAVELED,missing_all,,context_dropout,,False,20260926,,90,px080_context_selector/results/METRICS.json,LateralMovement,LateralMovement,26
PX080-0090,PX080,UNRAVELED,missing_all,,context_dropout,,False,20260926,,90,px080_context_selector/results/METRICS.json,LateralMovement,DataExfiltration,0
PX080-0090,PX080,UNRAVELED,missing_all,,context_dropout,,False,20260926,,90,px080_context_selector/results/METRICS.json,DataExfiltration,Benign,1120
PX080-0090,PX080,UNRAVELED,missing_all,,context_dropout,,False,20260926,,90,px080_context_selector/results/METRICS.json,DataExfiltration,OtherAttackStage,0
PX080-0090,PX080,UNRAVELED,missing_all,,context_dropout,,False,20260926,,90,px080_context_selector/results/METRICS.json,DataExfiltration,LateralMovement,0
PX080-0090,PX080,UNRAVELED,missing_all,,context_dropout,,False,20260926,,90,px080_context_selector/results/METRICS.json,DataExfiltration,DataExfiltration,2322
PX080-0091,PX080,UNRAVELED,stale_5min,,current_roles,,False,20260926,,91,px080_context_selector/results/METRICS.json,Benign,Benign,192058
PX080-0091,PX080,UNRAVELED,stale_5min,,current_roles,,False,20260926,,91,px080_context_selector/results/METRICS.json,Benign,OtherAttackStage,0
PX080-0091,PX080,UNRAVELED,stale_5min,,current_roles,,False,20260926,,91,px080_context_selector/results/METRICS.json,Benign,LateralMovement,128
PX080-0091,PX080,UNRAVELED,stale_5min,,current_roles,,False,20260926,,91,px080_context_selector/results/METRICS.json,Benign,DataExfiltration,7
PX080-0091,PX080,UNRAVELED,stale_5min,,current_roles,,False,20260926,,91,px080_context_selector/results/METRICS.json,OtherAttackStage,Benign,41
PX080-0091,PX080,UNRAVELED,stale_5min,,current_roles,,False,20260926,,91,px080_context_selector/results/METRICS.json,OtherAttackStage,OtherAttackStage,12023
PX080-0091,PX080,UNRAVELED,stale_5min,,current_roles,,False,20260926,,91,px080_context_selector/results/METRICS.json,OtherAttackStage,LateralMovement,0
PX080-0091,PX080,UNRAVELED,stale_5min,,current_roles,,False,20260926,,91,px080_context_selector/results/METRICS.json,OtherAttackStage,DataExfiltration,360
PX080-0091,PX080,UNRAVELED,stale_5min,,current_roles,,False,20260926,,91,px080_context_selector/results/METRICS.json,LateralMovement,Benign,8
PX080-0091,PX080,UNRAVELED,stale_5min,,current_roles,,False,20260926,,91,px080_context_selector/results/METRICS.json,LateralMovement,OtherAttackStage,0
PX080-0091,PX080,UNRAVELED,stale_5min,,current_roles,,False,20260926,,91,px080_context_selector/results/METRICS.json,LateralMovement,LateralMovement,27
PX080-0091,PX080,UNRAVELED,stale_5min,,current_roles,,False,20260926,,91,px080_context_selector/results/METRICS.json,LateralMovement,DataExfiltration,0
PX080-0091,PX080,UNRAVELED,stale_5min,,current_roles,,False,20260926,,91,px080_context_selector/results/METRICS.json,DataExfiltration,Benign,1120
PX080-0091,PX080,UNRAVELED,stale_5min,,current_roles,,False,20260926,,91,px080_context_selector/results/METRICS.json,DataExfiltration,OtherAttackStage,0
PX080-0091,PX080,UNRAVELED,stale_5min,,current_roles,,False,20260926,,91,px080_context_selector/results/METRICS.json,DataExfiltration,LateralMovement,0
PX080-0091,PX080,UNRAVELED,stale_5min,,current_roles,,False,20260926,,91,px080_context_selector/results/METRICS.json,DataExfiltration,DataExfiltration,2322
PX080-0092,PX080,UNRAVELED,stale_5min,,context,,False,20260926,,92,px080_context_selector/results/METRICS.json,Benign,Benign,192151
PX080-0092,PX080,UNRAVELED,stale_5min,,context,,False,20260926,,92,px080_context_selector/results/METRICS.json,Benign,OtherAttackStage,0
PX080-0092,PX080,UNRAVELED,stale_5min,,context,,False,20260926,,92,px080_context_selector/results/METRICS.json,Benign,LateralMovement,42
PX080-0092,PX080,UNRAVELED,stale_5min,,context,,False,20260926,,92,px080_context_selector/results/METRICS.json,Benign,DataExfiltration,0
PX080-0092,PX080,UNRAVELED,stale_5min,,context,,False,20260926,,92,px080_context_selector/results/METRICS.json,OtherAttackStage,Benign,80
PX080-0092,PX080,UNRAVELED,stale_5min,,context,,False,20260926,,92,px080_context_selector/results/METRICS.json,OtherAttackStage,OtherAttackStage,12052
PX080-0092,PX080,UNRAVELED,stale_5min,,context,,False,20260926,,92,px080_context_selector/results/METRICS.json,OtherAttackStage,LateralMovement,0
PX080-0092,PX080,UNRAVELED,stale_5min,,context,,False,20260926,,92,px080_context_selector/results/METRICS.json,OtherAttackStage,DataExfiltration,292
PX080-0092,PX080,UNRAVELED,stale_5min,,context,,False,20260926,,92,px080_context_selector/results/METRICS.json,LateralMovement,Benign,28
PX080-0092,PX080,UNRAVELED,stale_5min,,context,,False,20260926,,92,px080_context_selector/results/METRICS.json,LateralMovement,OtherAttackStage,0
PX080-0092,PX080,UNRAVELED,stale_5min,,context,,False,20260926,,92,px080_context_selector/results/METRICS.json,LateralMovement,LateralMovement,7
PX080-0092,PX080,UNRAVELED,stale_5min,,context,,False,20260926,,92,px080_context_selector/results/METRICS.json,LateralMovement,DataExfiltration,0
PX080-0092,PX080,UNRAVELED,stale_5min,,context,,False,20260926,,92,px080_context_selector/results/METRICS.json,DataExfiltration,Benign,1109
PX080-0092,PX080,UNRAVELED,stale_5min,,context,,False,20260926,,92,px080_context_selector/results/METRICS.json,DataExfiltration,OtherAttackStage,1
PX080-0092,PX080,UNRAVELED,stale_5min,,context,,False,20260926,,92,px080_context_selector/results/METRICS.json,DataExfiltration,LateralMovement,20
PX080-0092,PX080,UNRAVELED,stale_5min,,context,,False,20260926,,92,px080_context_selector/results/METRICS.json,DataExfiltration,DataExfiltration,2312
PX080-0093,PX080,UNRAVELED,stale_5min,,fixed_fusion,,False,20260926,,93,px080_context_selector/results/METRICS.json,Benign,Benign,192131
PX080-0093,PX080,UNRAVELED,stale_5min,,fixed_fusion,,False,20260926,,93,px080_context_selector/results/METRICS.json,Benign,OtherAttackStage,0
PX080-0093,PX080,UNRAVELED,stale_5min,,fixed_fusion,,False,20260926,,93,px080_context_selector/results/METRICS.json,Benign,LateralMovement,62
PX080-0093,PX080,UNRAVELED,stale_5min,,fixed_fusion,,False,20260926,,93,px080_context_selector/results/METRICS.json,Benign,DataExfiltration,0
PX080-0093,PX080,UNRAVELED,stale_5min,,fixed_fusion,,False,20260926,,93,px080_context_selector/results/METRICS.json,OtherAttackStage,Benign,51
PX080-0093,PX080,UNRAVELED,stale_5min,,fixed_fusion,,False,20260926,,93,px080_context_selector/results/METRICS.json,OtherAttackStage,OtherAttackStage,12057
PX080-0093,PX080,UNRAVELED,stale_5min,,fixed_fusion,,False,20260926,,93,px080_context_selector/results/METRICS.json,OtherAttackStage,LateralMovement,0
PX080-0093,PX080,UNRAVELED,stale_5min,,fixed_fusion,,False,20260926,,93,px080_context_selector/results/METRICS.json,OtherAttackStage,DataExfiltration,316
PX080-0093,PX080,UNRAVELED,stale_5min,,fixed_fusion,,False,20260926,,93,px080_context_selector/results/METRICS.json,LateralMovement,Benign,22
PX080-0093,PX080,UNRAVELED,stale_5min,,fixed_fusion,,False,20260926,,93,px080_context_selector/results/METRICS.json,LateralMovement,OtherAttackStage,0
PX080-0093,PX080,UNRAVELED,stale_5min,,fixed_fusion,,False,20260926,,93,px080_context_selector/results/METRICS.json,LateralMovement,LateralMovement,13
PX080-0093,PX080,UNRAVELED,stale_5min,,fixed_fusion,,False,20260926,,93,px080_context_selector/results/METRICS.json,LateralMovement,DataExfiltration,0
PX080-0093,PX080,UNRAVELED,stale_5min,,fixed_fusion,,False,20260926,,93,px080_context_selector/results/METRICS.json,DataExfiltration,Benign,1123
PX080-0093,PX080,UNRAVELED,stale_5min,,fixed_fusion,,False,20260926,,93,px080_context_selector/results/METRICS.json,DataExfiltration,OtherAttackStage,0
PX080-0093,PX080,UNRAVELED,stale_5min,,fixed_fusion,,False,20260926,,93,px080_context_selector/results/METRICS.json,DataExfiltration,LateralMovement,0
PX080-0093,PX080,UNRAVELED,stale_5min,,fixed_fusion,,False,20260926,,93,px080_context_selector/results/METRICS.json,DataExfiltration,DataExfiltration,2319
PX080-0094,PX080,UNRAVELED,stale_5min,,confidence_gate,,False,20260926,,94,px080_context_selector/results/METRICS.json,Benign,Benign,192130
PX080-0094,PX080,UNRAVELED,stale_5min,,confidence_gate,,False,20260926,,94,px080_context_selector/results/METRICS.json,Benign,OtherAttackStage,0
PX080-0094,PX080,UNRAVELED,stale_5min,,confidence_gate,,False,20260926,,94,px080_context_selector/results/METRICS.json,Benign,LateralMovement,63
PX080-0094,PX080,UNRAVELED,stale_5min,,confidence_gate,,False,20260926,,94,px080_context_selector/results/METRICS.json,Benign,DataExfiltration,0
PX080-0094,PX080,UNRAVELED,stale_5min,,confidence_gate,,False,20260926,,94,px080_context_selector/results/METRICS.json,OtherAttackStage,Benign,48
PX080-0094,PX080,UNRAVELED,stale_5min,,confidence_gate,,False,20260926,,94,px080_context_selector/results/METRICS.json,OtherAttackStage,OtherAttackStage,12057
PX080-0094,PX080,UNRAVELED,stale_5min,,confidence_gate,,False,20260926,,94,px080_context_selector/results/METRICS.json,OtherAttackStage,LateralMovement,0
PX080-0094,PX080,UNRAVELED,stale_5min,,confidence_gate,,False,20260926,,94,px080_context_selector/results/METRICS.json,OtherAttackStage,DataExfiltration,319
PX080-0094,PX080,UNRAVELED,stale_5min,,confidence_gate,,False,20260926,,94,px080_context_selector/results/METRICS.json,LateralMovement,Benign,22
PX080-0094,PX080,UNRAVELED,stale_5min,,confidence_gate,,False,20260926,,94,px080_context_selector/results/METRICS.json,LateralMovement,OtherAttackStage,0
PX080-0094,PX080,UNRAVELED,stale_5min,,confidence_gate,,False,20260926,,94,px080_context_selector/results/METRICS.json,LateralMovement,LateralMovement,13
PX080-0094,PX080,UNRAVELED,stale_5min,,confidence_gate,,False,20260926,,94,px080_context_selector/results/METRICS.json,LateralMovement,DataExfiltration,0
PX080-0094,PX080,UNRAVELED,stale_5min,,confidence_gate,,False,20260926,,94,px080_context_selector/results/METRICS.json,DataExfiltration,Benign,1122
PX080-0094,PX080,UNRAVELED,stale_5min,,confidence_gate,,False,20260926,,94,px080_context_selector/results/METRICS.json,DataExfiltration,OtherAttackStage,0
PX080-0094,PX080,UNRAVELED,stale_5min,,confidence_gate,,False,20260926,,94,px080_context_selector/results/METRICS.json,DataExfiltration,LateralMovement,0
PX080-0094,PX080,UNRAVELED,stale_5min,,confidence_gate,,False,20260926,,94,px080_context_selector/results/METRICS.json,DataExfiltration,DataExfiltration,2320
PX080-0095,PX080,UNRAVELED,stale_5min,,ordinary_gate,,False,20260926,,95,px080_context_selector/results/METRICS.json,Benign,Benign,192131
PX080-0095,PX080,UNRAVELED,stale_5min,,ordinary_gate,,False,20260926,,95,px080_context_selector/results/METRICS.json,Benign,OtherAttackStage,0
PX080-0095,PX080,UNRAVELED,stale_5min,,ordinary_gate,,False,20260926,,95,px080_context_selector/results/METRICS.json,Benign,LateralMovement,60
PX080-0095,PX080,UNRAVELED,stale_5min,,ordinary_gate,,False,20260926,,95,px080_context_selector/results/METRICS.json,Benign,DataExfiltration,2
PX080-0095,PX080,UNRAVELED,stale_5min,,ordinary_gate,,False,20260926,,95,px080_context_selector/results/METRICS.json,OtherAttackStage,Benign,48
PX080-0095,PX080,UNRAVELED,stale_5min,,ordinary_gate,,False,20260926,,95,px080_context_selector/results/METRICS.json,OtherAttackStage,OtherAttackStage,12065
PX080-0095,PX080,UNRAVELED,stale_5min,,ordinary_gate,,False,20260926,,95,px080_context_selector/results/METRICS.json,OtherAttackStage,LateralMovement,0
PX080-0095,PX080,UNRAVELED,stale_5min,,ordinary_gate,,False,20260926,,95,px080_context_selector/results/METRICS.json,OtherAttackStage,DataExfiltration,311
PX080-0095,PX080,UNRAVELED,stale_5min,,ordinary_gate,,False,20260926,,95,px080_context_selector/results/METRICS.json,LateralMovement,Benign,23
PX080-0095,PX080,UNRAVELED,stale_5min,,ordinary_gate,,False,20260926,,95,px080_context_selector/results/METRICS.json,LateralMovement,OtherAttackStage,0
PX080-0095,PX080,UNRAVELED,stale_5min,,ordinary_gate,,False,20260926,,95,px080_context_selector/results/METRICS.json,LateralMovement,LateralMovement,12
PX080-0095,PX080,UNRAVELED,stale_5min,,ordinary_gate,,False,20260926,,95,px080_context_selector/results/METRICS.json,LateralMovement,DataExfiltration,0
PX080-0095,PX080,UNRAVELED,stale_5min,,ordinary_gate,,False,20260926,,95,px080_context_selector/results/METRICS.json,DataExfiltration,Benign,1128
PX080-0095,PX080,UNRAVELED,stale_5min,,ordinary_gate,,False,20260926,,95,px080_context_selector/results/METRICS.json,DataExfiltration,OtherAttackStage,1
PX080-0095,PX080,UNRAVELED,stale_5min,,ordinary_gate,,False,20260926,,95,px080_context_selector/results/METRICS.json,DataExfiltration,LateralMovement,0
PX080-0095,PX080,UNRAVELED,stale_5min,,ordinary_gate,,False,20260926,,95,px080_context_selector/results/METRICS.json,DataExfiltration,DataExfiltration,2313
PX080-0096,PX080,UNRAVELED,stale_5min,,stage_harm_gate,,False,20260926,,96,px080_context_selector/results/METRICS.json,Benign,Benign,192128
PX080-0096,PX080,UNRAVELED,stale_5min,,stage_harm_gate,,False,20260926,,96,px080_context_selector/results/METRICS.json,Benign,OtherAttackStage,0
PX080-0096,PX080,UNRAVELED,stale_5min,,stage_harm_gate,,False,20260926,,96,px080_context_selector/results/METRICS.json,Benign,LateralMovement,64
PX080-0096,PX080,UNRAVELED,stale_5min,,stage_harm_gate,,False,20260926,,96,px080_context_selector/results/METRICS.json,Benign,DataExfiltration,1
PX080-0096,PX080,UNRAVELED,stale_5min,,stage_harm_gate,,False,20260926,,96,px080_context_selector/results/METRICS.json,OtherAttackStage,Benign,58
PX080-0096,PX080,UNRAVELED,stale_5min,,stage_harm_gate,,False,20260926,,96,px080_context_selector/results/METRICS.json,OtherAttackStage,OtherAttackStage,12070
PX080-0096,PX080,UNRAVELED,stale_5min,,stage_harm_gate,,False,20260926,,96,px080_context_selector/results/METRICS.json,OtherAttackStage,LateralMovement,0
PX080-0096,PX080,UNRAVELED,stale_5min,,stage_harm_gate,,False,20260926,,96,px080_context_selector/results/METRICS.json,OtherAttackStage,DataExfiltration,296
PX080-0096,PX080,UNRAVELED,stale_5min,,stage_harm_gate,,False,20260926,,96,px080_context_selector/results/METRICS.json,LateralMovement,Benign,23
PX080-0096,PX080,UNRAVELED,stale_5min,,stage_harm_gate,,False,20260926,,96,px080_context_selector/results/METRICS.json,LateralMovement,OtherAttackStage,0
PX080-0096,PX080,UNRAVELED,stale_5min,,stage_harm_gate,,False,20260926,,96,px080_context_selector/results/METRICS.json,LateralMovement,LateralMovement,12
PX080-0096,PX080,UNRAVELED,stale_5min,,stage_harm_gate,,False,20260926,,96,px080_context_selector/results/METRICS.json,LateralMovement,DataExfiltration,0
PX080-0096,PX080,UNRAVELED,stale_5min,,stage_harm_gate,,False,20260926,,96,px080_context_selector/results/METRICS.json,DataExfiltration,Benign,1124
PX080-0096,PX080,UNRAVELED,stale_5min,,stage_harm_gate,,False,20260926,,96,px080_context_selector/results/METRICS.json,DataExfiltration,OtherAttackStage,1
PX080-0096,PX080,UNRAVELED,stale_5min,,stage_harm_gate,,False,20260926,,96,px080_context_selector/results/METRICS.json,DataExfiltration,LateralMovement,4
PX080-0096,PX080,UNRAVELED,stale_5min,,stage_harm_gate,,False,20260926,,96,px080_context_selector/results/METRICS.json,DataExfiltration,DataExfiltration,2313
PX080-0097,PX080,UNRAVELED,stale_5min,,context_dropout,,False,20260926,,97,px080_context_selector/results/METRICS.json,Benign,Benign,192115
PX080-0097,PX080,UNRAVELED,stale_5min,,context_dropout,,False,20260926,,97,px080_context_selector/results/METRICS.json,Benign,OtherAttackStage,0
PX080-0097,PX080,UNRAVELED,stale_5min,,context_dropout,,False,20260926,,97,px080_context_selector/results/METRICS.json,Benign,LateralMovement,71
PX080-0097,PX080,UNRAVELED,stale_5min,,context_dropout,,False,20260926,,97,px080_context_selector/results/METRICS.json,Benign,DataExfiltration,7
PX080-0097,PX080,UNRAVELED,stale_5min,,context_dropout,,False,20260926,,97,px080_context_selector/results/METRICS.json,OtherAttackStage,Benign,50
PX080-0097,PX080,UNRAVELED,stale_5min,,context_dropout,,False,20260926,,97,px080_context_selector/results/METRICS.json,OtherAttackStage,OtherAttackStage,12059
PX080-0097,PX080,UNRAVELED,stale_5min,,context_dropout,,False,20260926,,97,px080_context_selector/results/METRICS.json,OtherAttackStage,LateralMovement,0
PX080-0097,PX080,UNRAVELED,stale_5min,,context_dropout,,False,20260926,,97,px080_context_selector/results/METRICS.json,OtherAttackStage,DataExfiltration,315
PX080-0097,PX080,UNRAVELED,stale_5min,,context_dropout,,False,20260926,,97,px080_context_selector/results/METRICS.json,LateralMovement,Benign,20
PX080-0097,PX080,UNRAVELED,stale_5min,,context_dropout,,False,20260926,,97,px080_context_selector/results/METRICS.json,LateralMovement,OtherAttackStage,0
PX080-0097,PX080,UNRAVELED,stale_5min,,context_dropout,,False,20260926,,97,px080_context_selector/results/METRICS.json,LateralMovement,LateralMovement,15
PX080-0097,PX080,UNRAVELED,stale_5min,,context_dropout,,False,20260926,,97,px080_context_selector/results/METRICS.json,LateralMovement,DataExfiltration,0
PX080-0097,PX080,UNRAVELED,stale_5min,,context_dropout,,False,20260926,,97,px080_context_selector/results/METRICS.json,DataExfiltration,Benign,1119
PX080-0097,PX080,UNRAVELED,stale_5min,,context_dropout,,False,20260926,,97,px080_context_selector/results/METRICS.json,DataExfiltration,OtherAttackStage,1
PX080-0097,PX080,UNRAVELED,stale_5min,,context_dropout,,False,20260926,,97,px080_context_selector/results/METRICS.json,DataExfiltration,LateralMovement,4
PX080-0097,PX080,UNRAVELED,stale_5min,,context_dropout,,False,20260926,,97,px080_context_selector/results/METRICS.json,DataExfiltration,DataExfiltration,2318
PX080-0098,PX080,UNRAVELED,wrong_host,,current_roles,,False,20260926,,98,px080_context_selector/results/METRICS.json,Benign,Benign,192058
PX080-0098,PX080,UNRAVELED,wrong_host,,current_roles,,False,20260926,,98,px080_context_selector/results/METRICS.json,Benign,OtherAttackStage,0
PX080-0098,PX080,UNRAVELED,wrong_host,,current_roles,,False,20260926,,98,px080_context_selector/results/METRICS.json,Benign,LateralMovement,128
PX080-0098,PX080,UNRAVELED,wrong_host,,current_roles,,False,20260926,,98,px080_context_selector/results/METRICS.json,Benign,DataExfiltration,7
PX080-0098,PX080,UNRAVELED,wrong_host,,current_roles,,False,20260926,,98,px080_context_selector/results/METRICS.json,OtherAttackStage,Benign,41
PX080-0098,PX080,UNRAVELED,wrong_host,,current_roles,,False,20260926,,98,px080_context_selector/results/METRICS.json,OtherAttackStage,OtherAttackStage,12023
PX080-0098,PX080,UNRAVELED,wrong_host,,current_roles,,False,20260926,,98,px080_context_selector/results/METRICS.json,OtherAttackStage,LateralMovement,0
PX080-0098,PX080,UNRAVELED,wrong_host,,current_roles,,False,20260926,,98,px080_context_selector/results/METRICS.json,OtherAttackStage,DataExfiltration,360
PX080-0098,PX080,UNRAVELED,wrong_host,,current_roles,,False,20260926,,98,px080_context_selector/results/METRICS.json,LateralMovement,Benign,8
PX080-0098,PX080,UNRAVELED,wrong_host,,current_roles,,False,20260926,,98,px080_context_selector/results/METRICS.json,LateralMovement,OtherAttackStage,0
PX080-0098,PX080,UNRAVELED,wrong_host,,current_roles,,False,20260926,,98,px080_context_selector/results/METRICS.json,LateralMovement,LateralMovement,27
PX080-0098,PX080,UNRAVELED,wrong_host,,current_roles,,False,20260926,,98,px080_context_selector/results/METRICS.json,LateralMovement,DataExfiltration,0
PX080-0098,PX080,UNRAVELED,wrong_host,,current_roles,,False,20260926,,98,px080_context_selector/results/METRICS.json,DataExfiltration,Benign,1120
PX080-0098,PX080,UNRAVELED,wrong_host,,current_roles,,False,20260926,,98,px080_context_selector/results/METRICS.json,DataExfiltration,OtherAttackStage,0
PX080-0098,PX080,UNRAVELED,wrong_host,,current_roles,,False,20260926,,98,px080_context_selector/results/METRICS.json,DataExfiltration,LateralMovement,0
PX080-0098,PX080,UNRAVELED,wrong_host,,current_roles,,False,20260926,,98,px080_context_selector/results/METRICS.json,DataExfiltration,DataExfiltration,2322
PX080-0099,PX080,UNRAVELED,wrong_host,,context,,False,20260926,,99,px080_context_selector/results/METRICS.json,Benign,Benign,192193
PX080-0099,PX080,UNRAVELED,wrong_host,,context,,False,20260926,,99,px080_context_selector/results/METRICS.json,Benign,OtherAttackStage,0
PX080-0099,PX080,UNRAVELED,wrong_host,,context,,False,20260926,,99,px080_context_selector/results/METRICS.json,Benign,LateralMovement,0
PX080-0099,PX080,UNRAVELED,wrong_host,,context,,False,20260926,,99,px080_context_selector/results/METRICS.json,Benign,DataExfiltration,0
PX080-0099,PX080,UNRAVELED,wrong_host,,context,,False,20260926,,99,px080_context_selector/results/METRICS.json,OtherAttackStage,Benign,12115
PX080-0099,PX080,UNRAVELED,wrong_host,,context,,False,20260926,,99,px080_context_selector/results/METRICS.json,OtherAttackStage,OtherAttackStage,87
PX080-0099,PX080,UNRAVELED,wrong_host,,context,,False,20260926,,99,px080_context_selector/results/METRICS.json,OtherAttackStage,LateralMovement,0
PX080-0099,PX080,UNRAVELED,wrong_host,,context,,False,20260926,,99,px080_context_selector/results/METRICS.json,OtherAttackStage,DataExfiltration,222
PX080-0099,PX080,UNRAVELED,wrong_host,,context,,False,20260926,,99,px080_context_selector/results/METRICS.json,LateralMovement,Benign,35
PX080-0099,PX080,UNRAVELED,wrong_host,,context,,False,20260926,,99,px080_context_selector/results/METRICS.json,LateralMovement,OtherAttackStage,0
PX080-0099,PX080,UNRAVELED,wrong_host,,context,,False,20260926,,99,px080_context_selector/results/METRICS.json,LateralMovement,LateralMovement,0
PX080-0099,PX080,UNRAVELED,wrong_host,,context,,False,20260926,,99,px080_context_selector/results/METRICS.json,LateralMovement,DataExfiltration,0
PX080-0099,PX080,UNRAVELED,wrong_host,,context,,False,20260926,,99,px080_context_selector/results/METRICS.json,DataExfiltration,Benign,1149
PX080-0099,PX080,UNRAVELED,wrong_host,,context,,False,20260926,,99,px080_context_selector/results/METRICS.json,DataExfiltration,OtherAttackStage,0
PX080-0099,PX080,UNRAVELED,wrong_host,,context,,False,20260926,,99,px080_context_selector/results/METRICS.json,DataExfiltration,LateralMovement,0
PX080-0099,PX080,UNRAVELED,wrong_host,,context,,False,20260926,,99,px080_context_selector/results/METRICS.json,DataExfiltration,DataExfiltration,2293
PX080-0100,PX080,UNRAVELED,wrong_host,,fixed_fusion,,False,20260926,,100,px080_context_selector/results/METRICS.json,Benign,Benign,192173
PX080-0100,PX080,UNRAVELED,wrong_host,,fixed_fusion,,False,20260926,,100,px080_context_selector/results/METRICS.json,Benign,OtherAttackStage,0
PX080-0100,PX080,UNRAVELED,wrong_host,,fixed_fusion,,False,20260926,,100,px080_context_selector/results/METRICS.json,Benign,LateralMovement,20
PX080-0100,PX080,UNRAVELED,wrong_host,,fixed_fusion,,False,20260926,,100,px080_context_selector/results/METRICS.json,Benign,DataExfiltration,0
PX080-0100,PX080,UNRAVELED,wrong_host,,fixed_fusion,,False,20260926,,100,px080_context_selector/results/METRICS.json,OtherAttackStage,Benign,407
PX080-0100,PX080,UNRAVELED,wrong_host,,fixed_fusion,,False,20260926,,100,px080_context_selector/results/METRICS.json,OtherAttackStage,OtherAttackStage,11727
PX080-0100,PX080,UNRAVELED,wrong_host,,fixed_fusion,,False,20260926,,100,px080_context_selector/results/METRICS.json,OtherAttackStage,LateralMovement,0
PX080-0100,PX080,UNRAVELED,wrong_host,,fixed_fusion,,False,20260926,,100,px080_context_selector/results/METRICS.json,OtherAttackStage,DataExfiltration,290
PX080-0100,PX080,UNRAVELED,wrong_host,,fixed_fusion,,False,20260926,,100,px080_context_selector/results/METRICS.json,LateralMovement,Benign,29
PX080-0100,PX080,UNRAVELED,wrong_host,,fixed_fusion,,False,20260926,,100,px080_context_selector/results/METRICS.json,LateralMovement,OtherAttackStage,0
PX080-0100,PX080,UNRAVELED,wrong_host,,fixed_fusion,,False,20260926,,100,px080_context_selector/results/METRICS.json,LateralMovement,LateralMovement,6
PX080-0100,PX080,UNRAVELED,wrong_host,,fixed_fusion,,False,20260926,,100,px080_context_selector/results/METRICS.json,LateralMovement,DataExfiltration,0
PX080-0100,PX080,UNRAVELED,wrong_host,,fixed_fusion,,False,20260926,,100,px080_context_selector/results/METRICS.json,DataExfiltration,Benign,1128
PX080-0100,PX080,UNRAVELED,wrong_host,,fixed_fusion,,False,20260926,,100,px080_context_selector/results/METRICS.json,DataExfiltration,OtherAttackStage,0
PX080-0100,PX080,UNRAVELED,wrong_host,,fixed_fusion,,False,20260926,,100,px080_context_selector/results/METRICS.json,DataExfiltration,LateralMovement,0
PX080-0100,PX080,UNRAVELED,wrong_host,,fixed_fusion,,False,20260926,,100,px080_context_selector/results/METRICS.json,DataExfiltration,DataExfiltration,2314
PX080-0101,PX080,UNRAVELED,wrong_host,,confidence_gate,,False,20260926,,101,px080_context_selector/results/METRICS.json,Benign,Benign,192173
PX080-0101,PX080,UNRAVELED,wrong_host,,confidence_gate,,False,20260926,,101,px080_context_selector/results/METRICS.json,Benign,OtherAttackStage,0
PX080-0101,PX080,UNRAVELED,wrong_host,,confidence_gate,,False,20260926,,101,px080_context_selector/results/METRICS.json,Benign,LateralMovement,20
PX080-0101,PX080,UNRAVELED,wrong_host,,confidence_gate,,False,20260926,,101,px080_context_selector/results/METRICS.json,Benign,DataExfiltration,0
PX080-0101,PX080,UNRAVELED,wrong_host,,confidence_gate,,False,20260926,,101,px080_context_selector/results/METRICS.json,OtherAttackStage,Benign,923
PX080-0101,PX080,UNRAVELED,wrong_host,,confidence_gate,,False,20260926,,101,px080_context_selector/results/METRICS.json,OtherAttackStage,OtherAttackStage,11223
PX080-0101,PX080,UNRAVELED,wrong_host,,confidence_gate,,False,20260926,,101,px080_context_selector/results/METRICS.json,OtherAttackStage,LateralMovement,0
PX080-0101,PX080,UNRAVELED,wrong_host,,confidence_gate,,False,20260926,,101,px080_context_selector/results/METRICS.json,OtherAttackStage,DataExfiltration,278
PX080-0101,PX080,UNRAVELED,wrong_host,,confidence_gate,,False,20260926,,101,px080_context_selector/results/METRICS.json,LateralMovement,Benign,29
PX080-0101,PX080,UNRAVELED,wrong_host,,confidence_gate,,False,20260926,,101,px080_context_selector/results/METRICS.json,LateralMovement,OtherAttackStage,0
PX080-0101,PX080,UNRAVELED,wrong_host,,confidence_gate,,False,20260926,,101,px080_context_selector/results/METRICS.json,LateralMovement,LateralMovement,6
PX080-0101,PX080,UNRAVELED,wrong_host,,confidence_gate,,False,20260926,,101,px080_context_selector/results/METRICS.json,LateralMovement,DataExfiltration,0
PX080-0101,PX080,UNRAVELED,wrong_host,,confidence_gate,,False,20260926,,101,px080_context_selector/results/METRICS.json,DataExfiltration,Benign,1128
PX080-0101,PX080,UNRAVELED,wrong_host,,confidence_gate,,False,20260926,,101,px080_context_selector/results/METRICS.json,DataExfiltration,OtherAttackStage,0
PX080-0101,PX080,UNRAVELED,wrong_host,,confidence_gate,,False,20260926,,101,px080_context_selector/results/METRICS.json,DataExfiltration,LateralMovement,0
PX080-0101,PX080,UNRAVELED,wrong_host,,confidence_gate,,False,20260926,,101,px080_context_selector/results/METRICS.json,DataExfiltration,DataExfiltration,2314
PX080-0102,PX080,UNRAVELED,wrong_host,,ordinary_gate,,False,20260926,,102,px080_context_selector/results/METRICS.json,Benign,Benign,192167
PX080-0102,PX080,UNRAVELED,wrong_host,,ordinary_gate,,False,20260926,,102,px080_context_selector/results/METRICS.json,Benign,OtherAttackStage,0
PX080-0102,PX080,UNRAVELED,wrong_host,,ordinary_gate,,False,20260926,,102,px080_context_selector/results/METRICS.json,Benign,LateralMovement,24
PX080-0102,PX080,UNRAVELED,wrong_host,,ordinary_gate,,False,20260926,,102,px080_context_selector/results/METRICS.json,Benign,DataExfiltration,2
PX080-0102,PX080,UNRAVELED,wrong_host,,ordinary_gate,,False,20260926,,102,px080_context_selector/results/METRICS.json,OtherAttackStage,Benign,70
PX080-0102,PX080,UNRAVELED,wrong_host,,ordinary_gate,,False,20260926,,102,px080_context_selector/results/METRICS.json,OtherAttackStage,OtherAttackStage,12023
PX080-0102,PX080,UNRAVELED,wrong_host,,ordinary_gate,,False,20260926,,102,px080_context_selector/results/METRICS.json,OtherAttackStage,LateralMovement,0
PX080-0102,PX080,UNRAVELED,wrong_host,,ordinary_gate,,False,20260926,,102,px080_context_selector/results/METRICS.json,OtherAttackStage,DataExfiltration,331
PX080-0102,PX080,UNRAVELED,wrong_host,,ordinary_gate,,False,20260926,,102,px080_context_selector/results/METRICS.json,LateralMovement,Benign,27
PX080-0102,PX080,UNRAVELED,wrong_host,,ordinary_gate,,False,20260926,,102,px080_context_selector/results/METRICS.json,LateralMovement,OtherAttackStage,0
PX080-0102,PX080,UNRAVELED,wrong_host,,ordinary_gate,,False,20260926,,102,px080_context_selector/results/METRICS.json,LateralMovement,LateralMovement,8
PX080-0102,PX080,UNRAVELED,wrong_host,,ordinary_gate,,False,20260926,,102,px080_context_selector/results/METRICS.json,LateralMovement,DataExfiltration,0
PX080-0102,PX080,UNRAVELED,wrong_host,,ordinary_gate,,False,20260926,,102,px080_context_selector/results/METRICS.json,DataExfiltration,Benign,1133
PX080-0102,PX080,UNRAVELED,wrong_host,,ordinary_gate,,False,20260926,,102,px080_context_selector/results/METRICS.json,DataExfiltration,OtherAttackStage,0
PX080-0102,PX080,UNRAVELED,wrong_host,,ordinary_gate,,False,20260926,,102,px080_context_selector/results/METRICS.json,DataExfiltration,LateralMovement,0
PX080-0102,PX080,UNRAVELED,wrong_host,,ordinary_gate,,False,20260926,,102,px080_context_selector/results/METRICS.json,DataExfiltration,DataExfiltration,2309
PX080-0103,PX080,UNRAVELED,wrong_host,,stage_harm_gate,,False,20260926,,103,px080_context_selector/results/METRICS.json,Benign,Benign,192160
PX080-0103,PX080,UNRAVELED,wrong_host,,stage_harm_gate,,False,20260926,,103,px080_context_selector/results/METRICS.json,Benign,OtherAttackStage,0
PX080-0103,PX080,UNRAVELED,wrong_host,,stage_harm_gate,,False,20260926,,103,px080_context_selector/results/METRICS.json,Benign,LateralMovement,32
PX080-0103,PX080,UNRAVELED,wrong_host,,stage_harm_gate,,False,20260926,,103,px080_context_selector/results/METRICS.json,Benign,DataExfiltration,1
PX080-0103,PX080,UNRAVELED,wrong_host,,stage_harm_gate,,False,20260926,,103,px080_context_selector/results/METRICS.json,OtherAttackStage,Benign,81
PX080-0103,PX080,UNRAVELED,wrong_host,,stage_harm_gate,,False,20260926,,103,px080_context_selector/results/METRICS.json,OtherAttackStage,OtherAttackStage,12023
PX080-0103,PX080,UNRAVELED,wrong_host,,stage_harm_gate,,False,20260926,,103,px080_context_selector/results/METRICS.json,OtherAttackStage,LateralMovement,0
PX080-0103,PX080,UNRAVELED,wrong_host,,stage_harm_gate,,False,20260926,,103,px080_context_selector/results/METRICS.json,OtherAttackStage,DataExfiltration,320
PX080-0103,PX080,UNRAVELED,wrong_host,,stage_harm_gate,,False,20260926,,103,px080_context_selector/results/METRICS.json,LateralMovement,Benign,27
PX080-0103,PX080,UNRAVELED,wrong_host,,stage_harm_gate,,False,20260926,,103,px080_context_selector/results/METRICS.json,LateralMovement,OtherAttackStage,0
PX080-0103,PX080,UNRAVELED,wrong_host,,stage_harm_gate,,False,20260926,,103,px080_context_selector/results/METRICS.json,LateralMovement,LateralMovement,8
PX080-0103,PX080,UNRAVELED,wrong_host,,stage_harm_gate,,False,20260926,,103,px080_context_selector/results/METRICS.json,LateralMovement,DataExfiltration,0
PX080-0103,PX080,UNRAVELED,wrong_host,,stage_harm_gate,,False,20260926,,103,px080_context_selector/results/METRICS.json,DataExfiltration,Benign,1138
PX080-0103,PX080,UNRAVELED,wrong_host,,stage_harm_gate,,False,20260926,,103,px080_context_selector/results/METRICS.json,DataExfiltration,OtherAttackStage,0
PX080-0103,PX080,UNRAVELED,wrong_host,,stage_harm_gate,,False,20260926,,103,px080_context_selector/results/METRICS.json,DataExfiltration,LateralMovement,0
PX080-0103,PX080,UNRAVELED,wrong_host,,stage_harm_gate,,False,20260926,,103,px080_context_selector/results/METRICS.json,DataExfiltration,DataExfiltration,2304
PX080-0104,PX080,UNRAVELED,wrong_host,,context_dropout,,False,20260926,,104,px080_context_selector/results/METRICS.json,Benign,Benign,192066
PX080-0104,PX080,UNRAVELED,wrong_host,,context_dropout,,False,20260926,,104,px080_context_selector/results/METRICS.json,Benign,OtherAttackStage,0
PX080-0104,PX080,UNRAVELED,wrong_host,,context_dropout,,False,20260926,,104,px080_context_selector/results/METRICS.json,Benign,LateralMovement,122
PX080-0104,PX080,UNRAVELED,wrong_host,,context_dropout,,False,20260926,,104,px080_context_selector/results/METRICS.json,Benign,DataExfiltration,5
PX080-0104,PX080,UNRAVELED,wrong_host,,context_dropout,,False,20260926,,104,px080_context_selector/results/METRICS.json,OtherAttackStage,Benign,43
PX080-0104,PX080,UNRAVELED,wrong_host,,context_dropout,,False,20260926,,104,px080_context_selector/results/METRICS.json,OtherAttackStage,OtherAttackStage,12019
PX080-0104,PX080,UNRAVELED,wrong_host,,context_dropout,,False,20260926,,104,px080_context_selector/results/METRICS.json,OtherAttackStage,LateralMovement,0
PX080-0104,PX080,UNRAVELED,wrong_host,,context_dropout,,False,20260926,,104,px080_context_selector/results/METRICS.json,OtherAttackStage,DataExfiltration,362
PX080-0104,PX080,UNRAVELED,wrong_host,,context_dropout,,False,20260926,,104,px080_context_selector/results/METRICS.json,LateralMovement,Benign,9
PX080-0104,PX080,UNRAVELED,wrong_host,,context_dropout,,False,20260926,,104,px080_context_selector/results/METRICS.json,LateralMovement,OtherAttackStage,0
PX080-0104,PX080,UNRAVELED,wrong_host,,context_dropout,,False,20260926,,104,px080_context_selector/results/METRICS.json,LateralMovement,LateralMovement,26
PX080-0104,PX080,UNRAVELED,wrong_host,,context_dropout,,False,20260926,,104,px080_context_selector/results/METRICS.json,LateralMovement,DataExfiltration,0
PX080-0104,PX080,UNRAVELED,wrong_host,,context_dropout,,False,20260926,,104,px080_context_selector/results/METRICS.json,DataExfiltration,Benign,1120
PX080-0104,PX080,UNRAVELED,wrong_host,,context_dropout,,False,20260926,,104,px080_context_selector/results/METRICS.json,DataExfiltration,OtherAttackStage,0
PX080-0104,PX080,UNRAVELED,wrong_host,,context_dropout,,False,20260926,,104,px080_context_selector/results/METRICS.json,DataExfiltration,LateralMovement,0
PX080-0104,PX080,UNRAVELED,wrong_host,,context_dropout,,False,20260926,,104,px080_context_selector/results/METRICS.json,DataExfiltration,DataExfiltration,2322
PX081-0000,PX081,UNRAVELED,clean,,none,1,False,8101,,0,px081_evidence_acquisition/RESULTS.json,Benign,Benign,192026
PX081-0000,PX081,UNRAVELED,clean,,none,1,False,8101,,0,px081_evidence_acquisition/RESULTS.json,Benign,OtherAttackStage,2
PX081-0000,PX081,UNRAVELED,clean,,none,1,False,8101,,0,px081_evidence_acquisition/RESULTS.json,Benign,LateralMovement,142
PX081-0000,PX081,UNRAVELED,clean,,none,1,False,8101,,0,px081_evidence_acquisition/RESULTS.json,Benign,DataExfiltration,23
PX081-0000,PX081,UNRAVELED,clean,,none,1,False,8101,,0,px081_evidence_acquisition/RESULTS.json,OtherAttackStage,Benign,38
PX081-0000,PX081,UNRAVELED,clean,,none,1,False,8101,,0,px081_evidence_acquisition/RESULTS.json,OtherAttackStage,OtherAttackStage,12023
PX081-0000,PX081,UNRAVELED,clean,,none,1,False,8101,,0,px081_evidence_acquisition/RESULTS.json,OtherAttackStage,LateralMovement,0
PX081-0000,PX081,UNRAVELED,clean,,none,1,False,8101,,0,px081_evidence_acquisition/RESULTS.json,OtherAttackStage,DataExfiltration,363
PX081-0000,PX081,UNRAVELED,clean,,none,1,False,8101,,0,px081_evidence_acquisition/RESULTS.json,LateralMovement,Benign,7
PX081-0000,PX081,UNRAVELED,clean,,none,1,False,8101,,0,px081_evidence_acquisition/RESULTS.json,LateralMovement,OtherAttackStage,0
PX081-0000,PX081,UNRAVELED,clean,,none,1,False,8101,,0,px081_evidence_acquisition/RESULTS.json,LateralMovement,LateralMovement,28
PX081-0000,PX081,UNRAVELED,clean,,none,1,False,8101,,0,px081_evidence_acquisition/RESULTS.json,LateralMovement,DataExfiltration,0
PX081-0000,PX081,UNRAVELED,clean,,none,1,False,8101,,0,px081_evidence_acquisition/RESULTS.json,DataExfiltration,Benign,1118
PX081-0000,PX081,UNRAVELED,clean,,none,1,False,8101,,0,px081_evidence_acquisition/RESULTS.json,DataExfiltration,OtherAttackStage,0
PX081-0000,PX081,UNRAVELED,clean,,none,1,False,8101,,0,px081_evidence_acquisition/RESULTS.json,DataExfiltration,LateralMovement,0
PX081-0000,PX081,UNRAVELED,clean,,none,1,False,8101,,0,px081_evidence_acquisition/RESULTS.json,DataExfiltration,DataExfiltration,2324
PX081-0001,PX081,UNRAVELED,clean,,roles_first,1,False,8101,,1,px081_evidence_acquisition/RESULTS.json,Benign,Benign,192007
PX081-0001,PX081,UNRAVELED,clean,,roles_first,1,False,8101,,1,px081_evidence_acquisition/RESULTS.json,Benign,OtherAttackStage,3
PX081-0001,PX081,UNRAVELED,clean,,roles_first,1,False,8101,,1,px081_evidence_acquisition/RESULTS.json,Benign,LateralMovement,160
PX081-0001,PX081,UNRAVELED,clean,,roles_first,1,False,8101,,1,px081_evidence_acquisition/RESULTS.json,Benign,DataExfiltration,23
PX081-0001,PX081,UNRAVELED,clean,,roles_first,1,False,8101,,1,px081_evidence_acquisition/RESULTS.json,OtherAttackStage,Benign,40
PX081-0001,PX081,UNRAVELED,clean,,roles_first,1,False,8101,,1,px081_evidence_acquisition/RESULTS.json,OtherAttackStage,OtherAttackStage,12022
PX081-0001,PX081,UNRAVELED,clean,,roles_first,1,False,8101,,1,px081_evidence_acquisition/RESULTS.json,OtherAttackStage,LateralMovement,0
PX081-0001,PX081,UNRAVELED,clean,,roles_first,1,False,8101,,1,px081_evidence_acquisition/RESULTS.json,OtherAttackStage,DataExfiltration,362
PX081-0001,PX081,UNRAVELED,clean,,roles_first,1,False,8101,,1,px081_evidence_acquisition/RESULTS.json,LateralMovement,Benign,3
PX081-0001,PX081,UNRAVELED,clean,,roles_first,1,False,8101,,1,px081_evidence_acquisition/RESULTS.json,LateralMovement,OtherAttackStage,0
PX081-0001,PX081,UNRAVELED,clean,,roles_first,1,False,8101,,1,px081_evidence_acquisition/RESULTS.json,LateralMovement,LateralMovement,32
PX081-0001,PX081,UNRAVELED,clean,,roles_first,1,False,8101,,1,px081_evidence_acquisition/RESULTS.json,LateralMovement,DataExfiltration,0
PX081-0001,PX081,UNRAVELED,clean,,roles_first,1,False,8101,,1,px081_evidence_acquisition/RESULTS.json,DataExfiltration,Benign,43
PX081-0001,PX081,UNRAVELED,clean,,roles_first,1,False,8101,,1,px081_evidence_acquisition/RESULTS.json,DataExfiltration,OtherAttackStage,0
PX081-0001,PX081,UNRAVELED,clean,,roles_first,1,False,8101,,1,px081_evidence_acquisition/RESULTS.json,DataExfiltration,LateralMovement,1075
PX081-0001,PX081,UNRAVELED,clean,,roles_first,1,False,8101,,1,px081_evidence_acquisition/RESULTS.json,DataExfiltration,DataExfiltration,2324
PX081-0002,PX081,UNRAVELED,clean,,history_first,1,False,8101,,2,px081_evidence_acquisition/RESULTS.json,Benign,Benign,192007
PX081-0002,PX081,UNRAVELED,clean,,history_first,1,False,8101,,2,px081_evidence_acquisition/RESULTS.json,Benign,OtherAttackStage,3
PX081-0002,PX081,UNRAVELED,clean,,history_first,1,False,8101,,2,px081_evidence_acquisition/RESULTS.json,Benign,LateralMovement,160
PX081-0002,PX081,UNRAVELED,clean,,history_first,1,False,8101,,2,px081_evidence_acquisition/RESULTS.json,Benign,DataExfiltration,23
PX081-0002,PX081,UNRAVELED,clean,,history_first,1,False,8101,,2,px081_evidence_acquisition/RESULTS.json,OtherAttackStage,Benign,40
PX081-0002,PX081,UNRAVELED,clean,,history_first,1,False,8101,,2,px081_evidence_acquisition/RESULTS.json,OtherAttackStage,OtherAttackStage,12022
PX081-0002,PX081,UNRAVELED,clean,,history_first,1,False,8101,,2,px081_evidence_acquisition/RESULTS.json,OtherAttackStage,LateralMovement,0
PX081-0002,PX081,UNRAVELED,clean,,history_first,1,False,8101,,2,px081_evidence_acquisition/RESULTS.json,OtherAttackStage,DataExfiltration,362
PX081-0002,PX081,UNRAVELED,clean,,history_first,1,False,8101,,2,px081_evidence_acquisition/RESULTS.json,LateralMovement,Benign,3
PX081-0002,PX081,UNRAVELED,clean,,history_first,1,False,8101,,2,px081_evidence_acquisition/RESULTS.json,LateralMovement,OtherAttackStage,0
PX081-0002,PX081,UNRAVELED,clean,,history_first,1,False,8101,,2,px081_evidence_acquisition/RESULTS.json,LateralMovement,LateralMovement,32
PX081-0002,PX081,UNRAVELED,clean,,history_first,1,False,8101,,2,px081_evidence_acquisition/RESULTS.json,LateralMovement,DataExfiltration,0
PX081-0002,PX081,UNRAVELED,clean,,history_first,1,False,8101,,2,px081_evidence_acquisition/RESULTS.json,DataExfiltration,Benign,43
PX081-0002,PX081,UNRAVELED,clean,,history_first,1,False,8101,,2,px081_evidence_acquisition/RESULTS.json,DataExfiltration,OtherAttackStage,0
PX081-0002,PX081,UNRAVELED,clean,,history_first,1,False,8101,,2,px081_evidence_acquisition/RESULTS.json,DataExfiltration,LateralMovement,1075
PX081-0002,PX081,UNRAVELED,clean,,history_first,1,False,8101,,2,px081_evidence_acquisition/RESULTS.json,DataExfiltration,DataExfiltration,2324
PX081-0003,PX081,UNRAVELED,clean,,random,1,False,8101,,3,px081_evidence_acquisition/RESULTS.json,Benign,Benign,192007
PX081-0003,PX081,UNRAVELED,clean,,random,1,False,8101,,3,px081_evidence_acquisition/RESULTS.json,Benign,OtherAttackStage,3
PX081-0003,PX081,UNRAVELED,clean,,random,1,False,8101,,3,px081_evidence_acquisition/RESULTS.json,Benign,LateralMovement,160
PX081-0003,PX081,UNRAVELED,clean,,random,1,False,8101,,3,px081_evidence_acquisition/RESULTS.json,Benign,DataExfiltration,23
PX081-0003,PX081,UNRAVELED,clean,,random,1,False,8101,,3,px081_evidence_acquisition/RESULTS.json,OtherAttackStage,Benign,40
PX081-0003,PX081,UNRAVELED,clean,,random,1,False,8101,,3,px081_evidence_acquisition/RESULTS.json,OtherAttackStage,OtherAttackStage,12022
PX081-0003,PX081,UNRAVELED,clean,,random,1,False,8101,,3,px081_evidence_acquisition/RESULTS.json,OtherAttackStage,LateralMovement,0
PX081-0003,PX081,UNRAVELED,clean,,random,1,False,8101,,3,px081_evidence_acquisition/RESULTS.json,OtherAttackStage,DataExfiltration,362
PX081-0003,PX081,UNRAVELED,clean,,random,1,False,8101,,3,px081_evidence_acquisition/RESULTS.json,LateralMovement,Benign,3
PX081-0003,PX081,UNRAVELED,clean,,random,1,False,8101,,3,px081_evidence_acquisition/RESULTS.json,LateralMovement,OtherAttackStage,0
PX081-0003,PX081,UNRAVELED,clean,,random,1,False,8101,,3,px081_evidence_acquisition/RESULTS.json,LateralMovement,LateralMovement,32
PX081-0003,PX081,UNRAVELED,clean,,random,1,False,8101,,3,px081_evidence_acquisition/RESULTS.json,LateralMovement,DataExfiltration,0
PX081-0003,PX081,UNRAVELED,clean,,random,1,False,8101,,3,px081_evidence_acquisition/RESULTS.json,DataExfiltration,Benign,43
PX081-0003,PX081,UNRAVELED,clean,,random,1,False,8101,,3,px081_evidence_acquisition/RESULTS.json,DataExfiltration,OtherAttackStage,0
PX081-0003,PX081,UNRAVELED,clean,,random,1,False,8101,,3,px081_evidence_acquisition/RESULTS.json,DataExfiltration,LateralMovement,1075
PX081-0003,PX081,UNRAVELED,clean,,random,1,False,8101,,3,px081_evidence_acquisition/RESULTS.json,DataExfiltration,DataExfiltration,2324
PX081-0004,PX081,UNRAVELED,clean,,entropy,1,False,8101,,4,px081_evidence_acquisition/RESULTS.json,Benign,Benign,192025
PX081-0004,PX081,UNRAVELED,clean,,entropy,1,False,8101,,4,px081_evidence_acquisition/RESULTS.json,Benign,OtherAttackStage,3
PX081-0004,PX081,UNRAVELED,clean,,entropy,1,False,8101,,4,px081_evidence_acquisition/RESULTS.json,Benign,LateralMovement,142
PX081-0004,PX081,UNRAVELED,clean,,entropy,1,False,8101,,4,px081_evidence_acquisition/RESULTS.json,Benign,DataExfiltration,23
PX081-0004,PX081,UNRAVELED,clean,,entropy,1,False,8101,,4,px081_evidence_acquisition/RESULTS.json,OtherAttackStage,Benign,40
PX081-0004,PX081,UNRAVELED,clean,,entropy,1,False,8101,,4,px081_evidence_acquisition/RESULTS.json,OtherAttackStage,OtherAttackStage,12022
PX081-0004,PX081,UNRAVELED,clean,,entropy,1,False,8101,,4,px081_evidence_acquisition/RESULTS.json,OtherAttackStage,LateralMovement,0
PX081-0004,PX081,UNRAVELED,clean,,entropy,1,False,8101,,4,px081_evidence_acquisition/RESULTS.json,OtherAttackStage,DataExfiltration,362
PX081-0004,PX081,UNRAVELED,clean,,entropy,1,False,8101,,4,px081_evidence_acquisition/RESULTS.json,LateralMovement,Benign,7
PX081-0004,PX081,UNRAVELED,clean,,entropy,1,False,8101,,4,px081_evidence_acquisition/RESULTS.json,LateralMovement,OtherAttackStage,0
PX081-0004,PX081,UNRAVELED,clean,,entropy,1,False,8101,,4,px081_evidence_acquisition/RESULTS.json,LateralMovement,LateralMovement,28
PX081-0004,PX081,UNRAVELED,clean,,entropy,1,False,8101,,4,px081_evidence_acquisition/RESULTS.json,LateralMovement,DataExfiltration,0
PX081-0004,PX081,UNRAVELED,clean,,entropy,1,False,8101,,4,px081_evidence_acquisition/RESULTS.json,DataExfiltration,Benign,74
PX081-0004,PX081,UNRAVELED,clean,,entropy,1,False,8101,,4,px081_evidence_acquisition/RESULTS.json,DataExfiltration,OtherAttackStage,0
PX081-0004,PX081,UNRAVELED,clean,,entropy,1,False,8101,,4,px081_evidence_acquisition/RESULTS.json,DataExfiltration,LateralMovement,1044
PX081-0004,PX081,UNRAVELED,clean,,entropy,1,False,8101,,4,px081_evidence_acquisition/RESULTS.json,DataExfiltration,DataExfiltration,2324
PX081-0005,PX081,UNRAVELED,clean,,harm,1,False,8101,,5,px081_evidence_acquisition/RESULTS.json,Benign,Benign,192009
PX081-0005,PX081,UNRAVELED,clean,,harm,1,False,8101,,5,px081_evidence_acquisition/RESULTS.json,Benign,OtherAttackStage,2
PX081-0005,PX081,UNRAVELED,clean,,harm,1,False,8101,,5,px081_evidence_acquisition/RESULTS.json,Benign,LateralMovement,159
PX081-0005,PX081,UNRAVELED,clean,,harm,1,False,8101,,5,px081_evidence_acquisition/RESULTS.json,Benign,DataExfiltration,23
PX081-0005,PX081,UNRAVELED,clean,,harm,1,False,8101,,5,px081_evidence_acquisition/RESULTS.json,OtherAttackStage,Benign,37
PX081-0005,PX081,UNRAVELED,clean,,harm,1,False,8101,,5,px081_evidence_acquisition/RESULTS.json,OtherAttackStage,OtherAttackStage,12024
PX081-0005,PX081,UNRAVELED,clean,,harm,1,False,8101,,5,px081_evidence_acquisition/RESULTS.json,OtherAttackStage,LateralMovement,0
PX081-0005,PX081,UNRAVELED,clean,,harm,1,False,8101,,5,px081_evidence_acquisition/RESULTS.json,OtherAttackStage,DataExfiltration,363
PX081-0005,PX081,UNRAVELED,clean,,harm,1,False,8101,,5,px081_evidence_acquisition/RESULTS.json,LateralMovement,Benign,3
PX081-0005,PX081,UNRAVELED,clean,,harm,1,False,8101,,5,px081_evidence_acquisition/RESULTS.json,LateralMovement,OtherAttackStage,0
PX081-0005,PX081,UNRAVELED,clean,,harm,1,False,8101,,5,px081_evidence_acquisition/RESULTS.json,LateralMovement,LateralMovement,32
PX081-0005,PX081,UNRAVELED,clean,,harm,1,False,8101,,5,px081_evidence_acquisition/RESULTS.json,LateralMovement,DataExfiltration,0
PX081-0005,PX081,UNRAVELED,clean,,harm,1,False,8101,,5,px081_evidence_acquisition/RESULTS.json,DataExfiltration,Benign,1100
PX081-0005,PX081,UNRAVELED,clean,,harm,1,False,8101,,5,px081_evidence_acquisition/RESULTS.json,DataExfiltration,OtherAttackStage,0
PX081-0005,PX081,UNRAVELED,clean,,harm,1,False,8101,,5,px081_evidence_acquisition/RESULTS.json,DataExfiltration,LateralMovement,18
PX081-0005,PX081,UNRAVELED,clean,,harm,1,False,8101,,5,px081_evidence_acquisition/RESULTS.json,DataExfiltration,DataExfiltration,2324
PX081-0006,PX081,UNRAVELED,clean,,none,2,False,8101,,6,px081_evidence_acquisition/RESULTS.json,Benign,Benign,192026
PX081-0006,PX081,UNRAVELED,clean,,none,2,False,8101,,6,px081_evidence_acquisition/RESULTS.json,Benign,OtherAttackStage,2
PX081-0006,PX081,UNRAVELED,clean,,none,2,False,8101,,6,px081_evidence_acquisition/RESULTS.json,Benign,LateralMovement,142
PX081-0006,PX081,UNRAVELED,clean,,none,2,False,8101,,6,px081_evidence_acquisition/RESULTS.json,Benign,DataExfiltration,23
PX081-0006,PX081,UNRAVELED,clean,,none,2,False,8101,,6,px081_evidence_acquisition/RESULTS.json,OtherAttackStage,Benign,38
PX081-0006,PX081,UNRAVELED,clean,,none,2,False,8101,,6,px081_evidence_acquisition/RESULTS.json,OtherAttackStage,OtherAttackStage,12023
PX081-0006,PX081,UNRAVELED,clean,,none,2,False,8101,,6,px081_evidence_acquisition/RESULTS.json,OtherAttackStage,LateralMovement,0
PX081-0006,PX081,UNRAVELED,clean,,none,2,False,8101,,6,px081_evidence_acquisition/RESULTS.json,OtherAttackStage,DataExfiltration,363
PX081-0006,PX081,UNRAVELED,clean,,none,2,False,8101,,6,px081_evidence_acquisition/RESULTS.json,LateralMovement,Benign,7
PX081-0006,PX081,UNRAVELED,clean,,none,2,False,8101,,6,px081_evidence_acquisition/RESULTS.json,LateralMovement,OtherAttackStage,0
PX081-0006,PX081,UNRAVELED,clean,,none,2,False,8101,,6,px081_evidence_acquisition/RESULTS.json,LateralMovement,LateralMovement,28
PX081-0006,PX081,UNRAVELED,clean,,none,2,False,8101,,6,px081_evidence_acquisition/RESULTS.json,LateralMovement,DataExfiltration,0
PX081-0006,PX081,UNRAVELED,clean,,none,2,False,8101,,6,px081_evidence_acquisition/RESULTS.json,DataExfiltration,Benign,1118
PX081-0006,PX081,UNRAVELED,clean,,none,2,False,8101,,6,px081_evidence_acquisition/RESULTS.json,DataExfiltration,OtherAttackStage,0
PX081-0006,PX081,UNRAVELED,clean,,none,2,False,8101,,6,px081_evidence_acquisition/RESULTS.json,DataExfiltration,LateralMovement,0
PX081-0006,PX081,UNRAVELED,clean,,none,2,False,8101,,6,px081_evidence_acquisition/RESULTS.json,DataExfiltration,DataExfiltration,2324
PX081-0007,PX081,UNRAVELED,clean,,roles_first,2,False,8101,,7,px081_evidence_acquisition/RESULTS.json,Benign,Benign,192007
PX081-0007,PX081,UNRAVELED,clean,,roles_first,2,False,8101,,7,px081_evidence_acquisition/RESULTS.json,Benign,OtherAttackStage,3
PX081-0007,PX081,UNRAVELED,clean,,roles_first,2,False,8101,,7,px081_evidence_acquisition/RESULTS.json,Benign,LateralMovement,160
PX081-0007,PX081,UNRAVELED,clean,,roles_first,2,False,8101,,7,px081_evidence_acquisition/RESULTS.json,Benign,DataExfiltration,23
PX081-0007,PX081,UNRAVELED,clean,,roles_first,2,False,8101,,7,px081_evidence_acquisition/RESULTS.json,OtherAttackStage,Benign,40
PX081-0007,PX081,UNRAVELED,clean,,roles_first,2,False,8101,,7,px081_evidence_acquisition/RESULTS.json,OtherAttackStage,OtherAttackStage,12022
PX081-0007,PX081,UNRAVELED,clean,,roles_first,2,False,8101,,7,px081_evidence_acquisition/RESULTS.json,OtherAttackStage,LateralMovement,0
PX081-0007,PX081,UNRAVELED,clean,,roles_first,2,False,8101,,7,px081_evidence_acquisition/RESULTS.json,OtherAttackStage,DataExfiltration,362
PX081-0007,PX081,UNRAVELED,clean,,roles_first,2,False,8101,,7,px081_evidence_acquisition/RESULTS.json,LateralMovement,Benign,3
PX081-0007,PX081,UNRAVELED,clean,,roles_first,2,False,8101,,7,px081_evidence_acquisition/RESULTS.json,LateralMovement,OtherAttackStage,0
PX081-0007,PX081,UNRAVELED,clean,,roles_first,2,False,8101,,7,px081_evidence_acquisition/RESULTS.json,LateralMovement,LateralMovement,32
PX081-0007,PX081,UNRAVELED,clean,,roles_first,2,False,8101,,7,px081_evidence_acquisition/RESULTS.json,LateralMovement,DataExfiltration,0
PX081-0007,PX081,UNRAVELED,clean,,roles_first,2,False,8101,,7,px081_evidence_acquisition/RESULTS.json,DataExfiltration,Benign,43
PX081-0007,PX081,UNRAVELED,clean,,roles_first,2,False,8101,,7,px081_evidence_acquisition/RESULTS.json,DataExfiltration,OtherAttackStage,0
PX081-0007,PX081,UNRAVELED,clean,,roles_first,2,False,8101,,7,px081_evidence_acquisition/RESULTS.json,DataExfiltration,LateralMovement,1075
PX081-0007,PX081,UNRAVELED,clean,,roles_first,2,False,8101,,7,px081_evidence_acquisition/RESULTS.json,DataExfiltration,DataExfiltration,2324
PX081-0008,PX081,UNRAVELED,clean,,history_first,2,False,8101,,8,px081_evidence_acquisition/RESULTS.json,Benign,Benign,192064
PX081-0008,PX081,UNRAVELED,clean,,history_first,2,False,8101,,8,px081_evidence_acquisition/RESULTS.json,Benign,OtherAttackStage,1
PX081-0008,PX081,UNRAVELED,clean,,history_first,2,False,8101,,8,px081_evidence_acquisition/RESULTS.json,Benign,LateralMovement,125
PX081-0008,PX081,UNRAVELED,clean,,history_first,2,False,8101,,8,px081_evidence_acquisition/RESULTS.json,Benign,DataExfiltration,3
PX081-0008,PX081,UNRAVELED,clean,,history_first,2,False,8101,,8,px081_evidence_acquisition/RESULTS.json,OtherAttackStage,Benign,62
PX081-0008,PX081,UNRAVELED,clean,,history_first,2,False,8101,,8,px081_evidence_acquisition/RESULTS.json,OtherAttackStage,OtherAttackStage,12061
PX081-0008,PX081,UNRAVELED,clean,,history_first,2,False,8101,,8,px081_evidence_acquisition/RESULTS.json,OtherAttackStage,LateralMovement,0
PX081-0008,PX081,UNRAVELED,clean,,history_first,2,False,8101,,8,px081_evidence_acquisition/RESULTS.json,OtherAttackStage,DataExfiltration,301
PX081-0008,PX081,UNRAVELED,clean,,history_first,2,False,8101,,8,px081_evidence_acquisition/RESULTS.json,LateralMovement,Benign,7
PX081-0008,PX081,UNRAVELED,clean,,history_first,2,False,8101,,8,px081_evidence_acquisition/RESULTS.json,LateralMovement,OtherAttackStage,0
PX081-0008,PX081,UNRAVELED,clean,,history_first,2,False,8101,,8,px081_evidence_acquisition/RESULTS.json,LateralMovement,LateralMovement,28
PX081-0008,PX081,UNRAVELED,clean,,history_first,2,False,8101,,8,px081_evidence_acquisition/RESULTS.json,LateralMovement,DataExfiltration,0
PX081-0008,PX081,UNRAVELED,clean,,history_first,2,False,8101,,8,px081_evidence_acquisition/RESULTS.json,DataExfiltration,Benign,1132
PX081-0008,PX081,UNRAVELED,clean,,history_first,2,False,8101,,8,px081_evidence_acquisition/RESULTS.json,DataExfiltration,OtherAttackStage,1
PX081-0008,PX081,UNRAVELED,clean,,history_first,2,False,8101,,8,px081_evidence_acquisition/RESULTS.json,DataExfiltration,LateralMovement,0
PX081-0008,PX081,UNRAVELED,clean,,history_first,2,False,8101,,8,px081_evidence_acquisition/RESULTS.json,DataExfiltration,DataExfiltration,2309
PX081-0009,PX081,UNRAVELED,clean,,random,2,False,8101,,9,px081_evidence_acquisition/RESULTS.json,Benign,Benign,192038
PX081-0009,PX081,UNRAVELED,clean,,random,2,False,8101,,9,px081_evidence_acquisition/RESULTS.json,Benign,OtherAttackStage,3
PX081-0009,PX081,UNRAVELED,clean,,random,2,False,8101,,9,px081_evidence_acquisition/RESULTS.json,Benign,LateralMovement,137
PX081-0009,PX081,UNRAVELED,clean,,random,2,False,8101,,9,px081_evidence_acquisition/RESULTS.json,Benign,DataExfiltration,15
PX081-0009,PX081,UNRAVELED,clean,,random,2,False,8101,,9,px081_evidence_acquisition/RESULTS.json,OtherAttackStage,Benign,50
PX081-0009,PX081,UNRAVELED,clean,,random,2,False,8101,,9,px081_evidence_acquisition/RESULTS.json,OtherAttackStage,OtherAttackStage,12036
PX081-0009,PX081,UNRAVELED,clean,,random,2,False,8101,,9,px081_evidence_acquisition/RESULTS.json,OtherAttackStage,LateralMovement,0
PX081-0009,PX081,UNRAVELED,clean,,random,2,False,8101,,9,px081_evidence_acquisition/RESULTS.json,OtherAttackStage,DataExfiltration,338
PX081-0009,PX081,UNRAVELED,clean,,random,2,False,8101,,9,px081_evidence_acquisition/RESULTS.json,LateralMovement,Benign,4
PX081-0009,PX081,UNRAVELED,clean,,random,2,False,8101,,9,px081_evidence_acquisition/RESULTS.json,LateralMovement,OtherAttackStage,0
PX081-0009,PX081,UNRAVELED,clean,,random,2,False,8101,,9,px081_evidence_acquisition/RESULTS.json,LateralMovement,LateralMovement,31
PX081-0009,PX081,UNRAVELED,clean,,random,2,False,8101,,9,px081_evidence_acquisition/RESULTS.json,LateralMovement,DataExfiltration,0
PX081-0009,PX081,UNRAVELED,clean,,random,2,False,8101,,9,px081_evidence_acquisition/RESULTS.json,DataExfiltration,Benign,574
PX081-0009,PX081,UNRAVELED,clean,,random,2,False,8101,,9,px081_evidence_acquisition/RESULTS.json,DataExfiltration,OtherAttackStage,0
PX081-0009,PX081,UNRAVELED,clean,,random,2,False,8101,,9,px081_evidence_acquisition/RESULTS.json,DataExfiltration,LateralMovement,551
PX081-0009,PX081,UNRAVELED,clean,,random,2,False,8101,,9,px081_evidence_acquisition/RESULTS.json,DataExfiltration,DataExfiltration,2317
PX081-0010,PX081,UNRAVELED,clean,,entropy,2,False,8101,,10,px081_evidence_acquisition/RESULTS.json,Benign,Benign,192059
PX081-0010,PX081,UNRAVELED,clean,,entropy,2,False,8101,,10,px081_evidence_acquisition/RESULTS.json,Benign,OtherAttackStage,1
PX081-0010,PX081,UNRAVELED,clean,,entropy,2,False,8101,,10,px081_evidence_acquisition/RESULTS.json,Benign,LateralMovement,130
PX081-0010,PX081,UNRAVELED,clean,,entropy,2,False,8101,,10,px081_evidence_acquisition/RESULTS.json,Benign,DataExfiltration,3
PX081-0010,PX081,UNRAVELED,clean,,entropy,2,False,8101,,10,px081_evidence_acquisition/RESULTS.json,OtherAttackStage,Benign,50
PX081-0010,PX081,UNRAVELED,clean,,entropy,2,False,8101,,10,px081_evidence_acquisition/RESULTS.json,OtherAttackStage,OtherAttackStage,12061
PX081-0010,PX081,UNRAVELED,clean,,entropy,2,False,8101,,10,px081_evidence_acquisition/RESULTS.json,OtherAttackStage,LateralMovement,0
PX081-0010,PX081,UNRAVELED,clean,,entropy,2,False,8101,,10,px081_evidence_acquisition/RESULTS.json,OtherAttackStage,DataExfiltration,313
PX081-0010,PX081,UNRAVELED,clean,,entropy,2,False,8101,,10,px081_evidence_acquisition/RESULTS.json,LateralMovement,Benign,7
PX081-0010,PX081,UNRAVELED,clean,,entropy,2,False,8101,,10,px081_evidence_acquisition/RESULTS.json,LateralMovement,OtherAttackStage,0
PX081-0010,PX081,UNRAVELED,clean,,entropy,2,False,8101,,10,px081_evidence_acquisition/RESULTS.json,LateralMovement,LateralMovement,28
PX081-0010,PX081,UNRAVELED,clean,,entropy,2,False,8101,,10,px081_evidence_acquisition/RESULTS.json,LateralMovement,DataExfiltration,0
PX081-0010,PX081,UNRAVELED,clean,,entropy,2,False,8101,,10,px081_evidence_acquisition/RESULTS.json,DataExfiltration,Benign,79
PX081-0010,PX081,UNRAVELED,clean,,entropy,2,False,8101,,10,px081_evidence_acquisition/RESULTS.json,DataExfiltration,OtherAttackStage,1
PX081-0010,PX081,UNRAVELED,clean,,entropy,2,False,8101,,10,px081_evidence_acquisition/RESULTS.json,DataExfiltration,LateralMovement,1042
PX081-0010,PX081,UNRAVELED,clean,,entropy,2,False,8101,,10,px081_evidence_acquisition/RESULTS.json,DataExfiltration,DataExfiltration,2320
PX081-0011,PX081,UNRAVELED,clean,,harm,2,False,8101,,11,px081_evidence_acquisition/RESULTS.json,Benign,Benign,192055
PX081-0011,PX081,UNRAVELED,clean,,harm,2,False,8101,,11,px081_evidence_acquisition/RESULTS.json,Benign,OtherAttackStage,1
PX081-0011,PX081,UNRAVELED,clean,,harm,2,False,8101,,11,px081_evidence_acquisition/RESULTS.json,Benign,LateralMovement,133
PX081-0011,PX081,UNRAVELED,clean,,harm,2,False,8101,,11,px081_evidence_acquisition/RESULTS.json,Benign,DataExfiltration,4
PX081-0011,PX081,UNRAVELED,clean,,harm,2,False,8101,,11,px081_evidence_acquisition/RESULTS.json,OtherAttackStage,Benign,60
PX081-0011,PX081,UNRAVELED,clean,,harm,2,False,8101,,11,px081_evidence_acquisition/RESULTS.json,OtherAttackStage,OtherAttackStage,12051
PX081-0011,PX081,UNRAVELED,clean,,harm,2,False,8101,,11,px081_evidence_acquisition/RESULTS.json,OtherAttackStage,LateralMovement,0
PX081-0011,PX081,UNRAVELED,clean,,harm,2,False,8101,,11,px081_evidence_acquisition/RESULTS.json,OtherAttackStage,DataExfiltration,313
PX081-0011,PX081,UNRAVELED,clean,,harm,2,False,8101,,11,px081_evidence_acquisition/RESULTS.json,LateralMovement,Benign,7
PX081-0011,PX081,UNRAVELED,clean,,harm,2,False,8101,,11,px081_evidence_acquisition/RESULTS.json,LateralMovement,OtherAttackStage,0
PX081-0011,PX081,UNRAVELED,clean,,harm,2,False,8101,,11,px081_evidence_acquisition/RESULTS.json,LateralMovement,LateralMovement,28
PX081-0011,PX081,UNRAVELED,clean,,harm,2,False,8101,,11,px081_evidence_acquisition/RESULTS.json,LateralMovement,DataExfiltration,0
PX081-0011,PX081,UNRAVELED,clean,,harm,2,False,8101,,11,px081_evidence_acquisition/RESULTS.json,DataExfiltration,Benign,1124
PX081-0011,PX081,UNRAVELED,clean,,harm,2,False,8101,,11,px081_evidence_acquisition/RESULTS.json,DataExfiltration,OtherAttackStage,1
PX081-0011,PX081,UNRAVELED,clean,,harm,2,False,8101,,11,px081_evidence_acquisition/RESULTS.json,DataExfiltration,LateralMovement,2
PX081-0011,PX081,UNRAVELED,clean,,harm,2,False,8101,,11,px081_evidence_acquisition/RESULTS.json,DataExfiltration,DataExfiltration,2315
PX081-0012,PX081,UNRAVELED,clean,,none,3,False,8101,,12,px081_evidence_acquisition/RESULTS.json,Benign,Benign,192026
PX081-0012,PX081,UNRAVELED,clean,,none,3,False,8101,,12,px081_evidence_acquisition/RESULTS.json,Benign,OtherAttackStage,2
PX081-0012,PX081,UNRAVELED,clean,,none,3,False,8101,,12,px081_evidence_acquisition/RESULTS.json,Benign,LateralMovement,142
PX081-0012,PX081,UNRAVELED,clean,,none,3,False,8101,,12,px081_evidence_acquisition/RESULTS.json,Benign,DataExfiltration,23
PX081-0012,PX081,UNRAVELED,clean,,none,3,False,8101,,12,px081_evidence_acquisition/RESULTS.json,OtherAttackStage,Benign,38
PX081-0012,PX081,UNRAVELED,clean,,none,3,False,8101,,12,px081_evidence_acquisition/RESULTS.json,OtherAttackStage,OtherAttackStage,12023
PX081-0012,PX081,UNRAVELED,clean,,none,3,False,8101,,12,px081_evidence_acquisition/RESULTS.json,OtherAttackStage,LateralMovement,0
PX081-0012,PX081,UNRAVELED,clean,,none,3,False,8101,,12,px081_evidence_acquisition/RESULTS.json,OtherAttackStage,DataExfiltration,363
PX081-0012,PX081,UNRAVELED,clean,,none,3,False,8101,,12,px081_evidence_acquisition/RESULTS.json,LateralMovement,Benign,7
PX081-0012,PX081,UNRAVELED,clean,,none,3,False,8101,,12,px081_evidence_acquisition/RESULTS.json,LateralMovement,OtherAttackStage,0
PX081-0012,PX081,UNRAVELED,clean,,none,3,False,8101,,12,px081_evidence_acquisition/RESULTS.json,LateralMovement,LateralMovement,28
PX081-0012,PX081,UNRAVELED,clean,,none,3,False,8101,,12,px081_evidence_acquisition/RESULTS.json,LateralMovement,DataExfiltration,0
PX081-0012,PX081,UNRAVELED,clean,,none,3,False,8101,,12,px081_evidence_acquisition/RESULTS.json,DataExfiltration,Benign,1118
PX081-0012,PX081,UNRAVELED,clean,,none,3,False,8101,,12,px081_evidence_acquisition/RESULTS.json,DataExfiltration,OtherAttackStage,0
PX081-0012,PX081,UNRAVELED,clean,,none,3,False,8101,,12,px081_evidence_acquisition/RESULTS.json,DataExfiltration,LateralMovement,0
PX081-0012,PX081,UNRAVELED,clean,,none,3,False,8101,,12,px081_evidence_acquisition/RESULTS.json,DataExfiltration,DataExfiltration,2324
PX081-0013,PX081,UNRAVELED,clean,,roles_first,3,False,8101,,13,px081_evidence_acquisition/RESULTS.json,Benign,Benign,192042
PX081-0013,PX081,UNRAVELED,clean,,roles_first,3,False,8101,,13,px081_evidence_acquisition/RESULTS.json,Benign,OtherAttackStage,0
PX081-0013,PX081,UNRAVELED,clean,,roles_first,3,False,8101,,13,px081_evidence_acquisition/RESULTS.json,Benign,LateralMovement,149
PX081-0013,PX081,UNRAVELED,clean,,roles_first,3,False,8101,,13,px081_evidence_acquisition/RESULTS.json,Benign,DataExfiltration,2
PX081-0013,PX081,UNRAVELED,clean,,roles_first,3,False,8101,,13,px081_evidence_acquisition/RESULTS.json,OtherAttackStage,Benign,67
PX081-0013,PX081,UNRAVELED,clean,,roles_first,3,False,8101,,13,px081_evidence_acquisition/RESULTS.json,OtherAttackStage,OtherAttackStage,12054
PX081-0013,PX081,UNRAVELED,clean,,roles_first,3,False,8101,,13,px081_evidence_acquisition/RESULTS.json,OtherAttackStage,LateralMovement,0
PX081-0013,PX081,UNRAVELED,clean,,roles_first,3,False,8101,,13,px081_evidence_acquisition/RESULTS.json,OtherAttackStage,DataExfiltration,303
PX081-0013,PX081,UNRAVELED,clean,,roles_first,3,False,8101,,13,px081_evidence_acquisition/RESULTS.json,LateralMovement,Benign,3
PX081-0013,PX081,UNRAVELED,clean,,roles_first,3,False,8101,,13,px081_evidence_acquisition/RESULTS.json,LateralMovement,OtherAttackStage,0
PX081-0013,PX081,UNRAVELED,clean,,roles_first,3,False,8101,,13,px081_evidence_acquisition/RESULTS.json,LateralMovement,LateralMovement,32
PX081-0013,PX081,UNRAVELED,clean,,roles_first,3,False,8101,,13,px081_evidence_acquisition/RESULTS.json,LateralMovement,DataExfiltration,0
PX081-0013,PX081,UNRAVELED,clean,,roles_first,3,False,8101,,13,px081_evidence_acquisition/RESULTS.json,DataExfiltration,Benign,217
PX081-0013,PX081,UNRAVELED,clean,,roles_first,3,False,8101,,13,px081_evidence_acquisition/RESULTS.json,DataExfiltration,OtherAttackStage,1
PX081-0013,PX081,UNRAVELED,clean,,roles_first,3,False,8101,,13,px081_evidence_acquisition/RESULTS.json,DataExfiltration,LateralMovement,914
PX081-0013,PX081,UNRAVELED,clean,,roles_first,3,False,8101,,13,px081_evidence_acquisition/RESULTS.json,DataExfiltration,DataExfiltration,2310
PX081-0014,PX081,UNRAVELED,clean,,history_first,3,False,8101,,14,px081_evidence_acquisition/RESULTS.json,Benign,Benign,192042
PX081-0014,PX081,UNRAVELED,clean,,history_first,3,False,8101,,14,px081_evidence_acquisition/RESULTS.json,Benign,OtherAttackStage,0
PX081-0014,PX081,UNRAVELED,clean,,history_first,3,False,8101,,14,px081_evidence_acquisition/RESULTS.json,Benign,LateralMovement,149
PX081-0014,PX081,UNRAVELED,clean,,history_first,3,False,8101,,14,px081_evidence_acquisition/RESULTS.json,Benign,DataExfiltration,2
PX081-0014,PX081,UNRAVELED,clean,,history_first,3,False,8101,,14,px081_evidence_acquisition/RESULTS.json,OtherAttackStage,Benign,67
PX081-0014,PX081,UNRAVELED,clean,,history_first,3,False,8101,,14,px081_evidence_acquisition/RESULTS.json,OtherAttackStage,OtherAttackStage,12054
PX081-0014,PX081,UNRAVELED,clean,,history_first,3,False,8101,,14,px081_evidence_acquisition/RESULTS.json,OtherAttackStage,LateralMovement,0
PX081-0014,PX081,UNRAVELED,clean,,history_first,3,False,8101,,14,px081_evidence_acquisition/RESULTS.json,OtherAttackStage,DataExfiltration,303
PX081-0014,PX081,UNRAVELED,clean,,history_first,3,False,8101,,14,px081_evidence_acquisition/RESULTS.json,LateralMovement,Benign,3
PX081-0014,PX081,UNRAVELED,clean,,history_first,3,False,8101,,14,px081_evidence_acquisition/RESULTS.json,LateralMovement,OtherAttackStage,0
PX081-0014,PX081,UNRAVELED,clean,,history_first,3,False,8101,,14,px081_evidence_acquisition/RESULTS.json,LateralMovement,LateralMovement,32
PX081-0014,PX081,UNRAVELED,clean,,history_first,3,False,8101,,14,px081_evidence_acquisition/RESULTS.json,LateralMovement,DataExfiltration,0
PX081-0014,PX081,UNRAVELED,clean,,history_first,3,False,8101,,14,px081_evidence_acquisition/RESULTS.json,DataExfiltration,Benign,217
PX081-0014,PX081,UNRAVELED,clean,,history_first,3,False,8101,,14,px081_evidence_acquisition/RESULTS.json,DataExfiltration,OtherAttackStage,1
PX081-0014,PX081,UNRAVELED,clean,,history_first,3,False,8101,,14,px081_evidence_acquisition/RESULTS.json,DataExfiltration,LateralMovement,914
PX081-0014,PX081,UNRAVELED,clean,,history_first,3,False,8101,,14,px081_evidence_acquisition/RESULTS.json,DataExfiltration,DataExfiltration,2310
PX081-0015,PX081,UNRAVELED,clean,,random,3,False,8101,,15,px081_evidence_acquisition/RESULTS.json,Benign,Benign,192042
PX081-0015,PX081,UNRAVELED,clean,,random,3,False,8101,,15,px081_evidence_acquisition/RESULTS.json,Benign,OtherAttackStage,0
PX081-0015,PX081,UNRAVELED,clean,,random,3,False,8101,,15,px081_evidence_acquisition/RESULTS.json,Benign,LateralMovement,149
PX081-0015,PX081,UNRAVELED,clean,,random,3,False,8101,,15,px081_evidence_acquisition/RESULTS.json,Benign,DataExfiltration,2
PX081-0015,PX081,UNRAVELED,clean,,random,3,False,8101,,15,px081_evidence_acquisition/RESULTS.json,OtherAttackStage,Benign,67
PX081-0015,PX081,UNRAVELED,clean,,random,3,False,8101,,15,px081_evidence_acquisition/RESULTS.json,OtherAttackStage,OtherAttackStage,12054
PX081-0015,PX081,UNRAVELED,clean,,random,3,False,8101,,15,px081_evidence_acquisition/RESULTS.json,OtherAttackStage,LateralMovement,0
PX081-0015,PX081,UNRAVELED,clean,,random,3,False,8101,,15,px081_evidence_acquisition/RESULTS.json,OtherAttackStage,DataExfiltration,303
PX081-0015,PX081,UNRAVELED,clean,,random,3,False,8101,,15,px081_evidence_acquisition/RESULTS.json,LateralMovement,Benign,3
PX081-0015,PX081,UNRAVELED,clean,,random,3,False,8101,,15,px081_evidence_acquisition/RESULTS.json,LateralMovement,OtherAttackStage,0
PX081-0015,PX081,UNRAVELED,clean,,random,3,False,8101,,15,px081_evidence_acquisition/RESULTS.json,LateralMovement,LateralMovement,32
PX081-0015,PX081,UNRAVELED,clean,,random,3,False,8101,,15,px081_evidence_acquisition/RESULTS.json,LateralMovement,DataExfiltration,0
PX081-0015,PX081,UNRAVELED,clean,,random,3,False,8101,,15,px081_evidence_acquisition/RESULTS.json,DataExfiltration,Benign,217
PX081-0015,PX081,UNRAVELED,clean,,random,3,False,8101,,15,px081_evidence_acquisition/RESULTS.json,DataExfiltration,OtherAttackStage,1
PX081-0015,PX081,UNRAVELED,clean,,random,3,False,8101,,15,px081_evidence_acquisition/RESULTS.json,DataExfiltration,LateralMovement,914
PX081-0015,PX081,UNRAVELED,clean,,random,3,False,8101,,15,px081_evidence_acquisition/RESULTS.json,DataExfiltration,DataExfiltration,2310
PX081-0016,PX081,UNRAVELED,clean,,entropy,3,False,8101,,16,px081_evidence_acquisition/RESULTS.json,Benign,Benign,192045
PX081-0016,PX081,UNRAVELED,clean,,entropy,3,False,8101,,16,px081_evidence_acquisition/RESULTS.json,Benign,OtherAttackStage,0
PX081-0016,PX081,UNRAVELED,clean,,entropy,3,False,8101,,16,px081_evidence_acquisition/RESULTS.json,Benign,LateralMovement,146
PX081-0016,PX081,UNRAVELED,clean,,entropy,3,False,8101,,16,px081_evidence_acquisition/RESULTS.json,Benign,DataExfiltration,2
PX081-0016,PX081,UNRAVELED,clean,,entropy,3,False,8101,,16,px081_evidence_acquisition/RESULTS.json,OtherAttackStage,Benign,55
PX081-0016,PX081,UNRAVELED,clean,,entropy,3,False,8101,,16,px081_evidence_acquisition/RESULTS.json,OtherAttackStage,OtherAttackStage,12054
PX081-0016,PX081,UNRAVELED,clean,,entropy,3,False,8101,,16,px081_evidence_acquisition/RESULTS.json,OtherAttackStage,LateralMovement,0
PX081-0016,PX081,UNRAVELED,clean,,entropy,3,False,8101,,16,px081_evidence_acquisition/RESULTS.json,OtherAttackStage,DataExfiltration,315
PX081-0016,PX081,UNRAVELED,clean,,entropy,3,False,8101,,16,px081_evidence_acquisition/RESULTS.json,LateralMovement,Benign,5
PX081-0016,PX081,UNRAVELED,clean,,entropy,3,False,8101,,16,px081_evidence_acquisition/RESULTS.json,LateralMovement,OtherAttackStage,0
PX081-0016,PX081,UNRAVELED,clean,,entropy,3,False,8101,,16,px081_evidence_acquisition/RESULTS.json,LateralMovement,LateralMovement,30
PX081-0016,PX081,UNRAVELED,clean,,entropy,3,False,8101,,16,px081_evidence_acquisition/RESULTS.json,LateralMovement,DataExfiltration,0
PX081-0016,PX081,UNRAVELED,clean,,entropy,3,False,8101,,16,px081_evidence_acquisition/RESULTS.json,DataExfiltration,Benign,222
PX081-0016,PX081,UNRAVELED,clean,,entropy,3,False,8101,,16,px081_evidence_acquisition/RESULTS.json,DataExfiltration,OtherAttackStage,1
PX081-0016,PX081,UNRAVELED,clean,,entropy,3,False,8101,,16,px081_evidence_acquisition/RESULTS.json,DataExfiltration,LateralMovement,899
PX081-0016,PX081,UNRAVELED,clean,,entropy,3,False,8101,,16,px081_evidence_acquisition/RESULTS.json,DataExfiltration,DataExfiltration,2320
PX081-0017,PX081,UNRAVELED,clean,,harm,3,False,8101,,17,px081_evidence_acquisition/RESULTS.json,Benign,Benign,192040
PX081-0017,PX081,UNRAVELED,clean,,harm,3,False,8101,,17,px081_evidence_acquisition/RESULTS.json,Benign,OtherAttackStage,1
PX081-0017,PX081,UNRAVELED,clean,,harm,3,False,8101,,17,px081_evidence_acquisition/RESULTS.json,Benign,LateralMovement,149
PX081-0017,PX081,UNRAVELED,clean,,harm,3,False,8101,,17,px081_evidence_acquisition/RESULTS.json,Benign,DataExfiltration,3
PX081-0017,PX081,UNRAVELED,clean,,harm,3,False,8101,,17,px081_evidence_acquisition/RESULTS.json,OtherAttackStage,Benign,65
PX081-0017,PX081,UNRAVELED,clean,,harm,3,False,8101,,17,px081_evidence_acquisition/RESULTS.json,OtherAttackStage,OtherAttackStage,12052
PX081-0017,PX081,UNRAVELED,clean,,harm,3,False,8101,,17,px081_evidence_acquisition/RESULTS.json,OtherAttackStage,LateralMovement,0
PX081-0017,PX081,UNRAVELED,clean,,harm,3,False,8101,,17,px081_evidence_acquisition/RESULTS.json,OtherAttackStage,DataExfiltration,307
PX081-0017,PX081,UNRAVELED,clean,,harm,3,False,8101,,17,px081_evidence_acquisition/RESULTS.json,LateralMovement,Benign,3
PX081-0017,PX081,UNRAVELED,clean,,harm,3,False,8101,,17,px081_evidence_acquisition/RESULTS.json,LateralMovement,OtherAttackStage,0
PX081-0017,PX081,UNRAVELED,clean,,harm,3,False,8101,,17,px081_evidence_acquisition/RESULTS.json,LateralMovement,LateralMovement,32
PX081-0017,PX081,UNRAVELED,clean,,harm,3,False,8101,,17,px081_evidence_acquisition/RESULTS.json,LateralMovement,DataExfiltration,0
PX081-0017,PX081,UNRAVELED,clean,,harm,3,False,8101,,17,px081_evidence_acquisition/RESULTS.json,DataExfiltration,Benign,1119
PX081-0017,PX081,UNRAVELED,clean,,harm,3,False,8101,,17,px081_evidence_acquisition/RESULTS.json,DataExfiltration,OtherAttackStage,1
PX081-0017,PX081,UNRAVELED,clean,,harm,3,False,8101,,17,px081_evidence_acquisition/RESULTS.json,DataExfiltration,LateralMovement,10
PX081-0017,PX081,UNRAVELED,clean,,harm,3,False,8101,,17,px081_evidence_acquisition/RESULTS.json,DataExfiltration,DataExfiltration,2312
PX081-0018,PX081,UNRAVELED,clean,,full_context_reference,,True,8101,,18,px081_evidence_acquisition/RESULTS.json,Benign,Benign,192042
PX081-0018,PX081,UNRAVELED,clean,,full_context_reference,,True,8101,,18,px081_evidence_acquisition/RESULTS.json,Benign,OtherAttackStage,0
PX081-0018,PX081,UNRAVELED,clean,,full_context_reference,,True,8101,,18,px081_evidence_acquisition/RESULTS.json,Benign,LateralMovement,149
PX081-0018,PX081,UNRAVELED,clean,,full_context_reference,,True,8101,,18,px081_evidence_acquisition/RESULTS.json,Benign,DataExfiltration,2
PX081-0018,PX081,UNRAVELED,clean,,full_context_reference,,True,8101,,18,px081_evidence_acquisition/RESULTS.json,OtherAttackStage,Benign,67
PX081-0018,PX081,UNRAVELED,clean,,full_context_reference,,True,8101,,18,px081_evidence_acquisition/RESULTS.json,OtherAttackStage,OtherAttackStage,12054
PX081-0018,PX081,UNRAVELED,clean,,full_context_reference,,True,8101,,18,px081_evidence_acquisition/RESULTS.json,OtherAttackStage,LateralMovement,0
PX081-0018,PX081,UNRAVELED,clean,,full_context_reference,,True,8101,,18,px081_evidence_acquisition/RESULTS.json,OtherAttackStage,DataExfiltration,303
PX081-0018,PX081,UNRAVELED,clean,,full_context_reference,,True,8101,,18,px081_evidence_acquisition/RESULTS.json,LateralMovement,Benign,3
PX081-0018,PX081,UNRAVELED,clean,,full_context_reference,,True,8101,,18,px081_evidence_acquisition/RESULTS.json,LateralMovement,OtherAttackStage,0
PX081-0018,PX081,UNRAVELED,clean,,full_context_reference,,True,8101,,18,px081_evidence_acquisition/RESULTS.json,LateralMovement,LateralMovement,32
PX081-0018,PX081,UNRAVELED,clean,,full_context_reference,,True,8101,,18,px081_evidence_acquisition/RESULTS.json,LateralMovement,DataExfiltration,0
PX081-0018,PX081,UNRAVELED,clean,,full_context_reference,,True,8101,,18,px081_evidence_acquisition/RESULTS.json,DataExfiltration,Benign,217
PX081-0018,PX081,UNRAVELED,clean,,full_context_reference,,True,8101,,18,px081_evidence_acquisition/RESULTS.json,DataExfiltration,OtherAttackStage,1
PX081-0018,PX081,UNRAVELED,clean,,full_context_reference,,True,8101,,18,px081_evidence_acquisition/RESULTS.json,DataExfiltration,LateralMovement,914
PX081-0018,PX081,UNRAVELED,clean,,full_context_reference,,True,8101,,18,px081_evidence_acquisition/RESULTS.json,DataExfiltration,DataExfiltration,2310
PX081-0019,PX081,UNRAVELED,delayed_unavailable,,none,1,False,8101,,19,px081_evidence_acquisition/RESULTS.json,Benign,Benign,192026
PX081-0019,PX081,UNRAVELED,delayed_unavailable,,none,1,False,8101,,19,px081_evidence_acquisition/RESULTS.json,Benign,OtherAttackStage,2
PX081-0019,PX081,UNRAVELED,delayed_unavailable,,none,1,False,8101,,19,px081_evidence_acquisition/RESULTS.json,Benign,LateralMovement,142
PX081-0019,PX081,UNRAVELED,delayed_unavailable,,none,1,False,8101,,19,px081_evidence_acquisition/RESULTS.json,Benign,DataExfiltration,23
PX081-0019,PX081,UNRAVELED,delayed_unavailable,,none,1,False,8101,,19,px081_evidence_acquisition/RESULTS.json,OtherAttackStage,Benign,38
PX081-0019,PX081,UNRAVELED,delayed_unavailable,,none,1,False,8101,,19,px081_evidence_acquisition/RESULTS.json,OtherAttackStage,OtherAttackStage,12023
PX081-0019,PX081,UNRAVELED,delayed_unavailable,,none,1,False,8101,,19,px081_evidence_acquisition/RESULTS.json,OtherAttackStage,LateralMovement,0
PX081-0019,PX081,UNRAVELED,delayed_unavailable,,none,1,False,8101,,19,px081_evidence_acquisition/RESULTS.json,OtherAttackStage,DataExfiltration,363
PX081-0019,PX081,UNRAVELED,delayed_unavailable,,none,1,False,8101,,19,px081_evidence_acquisition/RESULTS.json,LateralMovement,Benign,7
PX081-0019,PX081,UNRAVELED,delayed_unavailable,,none,1,False,8101,,19,px081_evidence_acquisition/RESULTS.json,LateralMovement,OtherAttackStage,0
PX081-0019,PX081,UNRAVELED,delayed_unavailable,,none,1,False,8101,,19,px081_evidence_acquisition/RESULTS.json,LateralMovement,LateralMovement,28
PX081-0019,PX081,UNRAVELED,delayed_unavailable,,none,1,False,8101,,19,px081_evidence_acquisition/RESULTS.json,LateralMovement,DataExfiltration,0
PX081-0019,PX081,UNRAVELED,delayed_unavailable,,none,1,False,8101,,19,px081_evidence_acquisition/RESULTS.json,DataExfiltration,Benign,1118
PX081-0019,PX081,UNRAVELED,delayed_unavailable,,none,1,False,8101,,19,px081_evidence_acquisition/RESULTS.json,DataExfiltration,OtherAttackStage,0
PX081-0019,PX081,UNRAVELED,delayed_unavailable,,none,1,False,8101,,19,px081_evidence_acquisition/RESULTS.json,DataExfiltration,LateralMovement,0
PX081-0019,PX081,UNRAVELED,delayed_unavailable,,none,1,False,8101,,19,px081_evidence_acquisition/RESULTS.json,DataExfiltration,DataExfiltration,2324
PX081-0020,PX081,UNRAVELED,delayed_unavailable,,roles_first,1,False,8101,,20,px081_evidence_acquisition/RESULTS.json,Benign,Benign,192013
PX081-0020,PX081,UNRAVELED,delayed_unavailable,,roles_first,1,False,8101,,20,px081_evidence_acquisition/RESULTS.json,Benign,OtherAttackStage,3
PX081-0020,PX081,UNRAVELED,delayed_unavailable,,roles_first,1,False,8101,,20,px081_evidence_acquisition/RESULTS.json,Benign,LateralMovement,154
PX081-0020,PX081,UNRAVELED,delayed_unavailable,,roles_first,1,False,8101,,20,px081_evidence_acquisition/RESULTS.json,Benign,DataExfiltration,23
PX081-0020,PX081,UNRAVELED,delayed_unavailable,,roles_first,1,False,8101,,20,px081_evidence_acquisition/RESULTS.json,OtherAttackStage,Benign,42
PX081-0020,PX081,UNRAVELED,delayed_unavailable,,roles_first,1,False,8101,,20,px081_evidence_acquisition/RESULTS.json,OtherAttackStage,OtherAttackStage,12021
PX081-0020,PX081,UNRAVELED,delayed_unavailable,,roles_first,1,False,8101,,20,px081_evidence_acquisition/RESULTS.json,OtherAttackStage,LateralMovement,0
PX081-0020,PX081,UNRAVELED,delayed_unavailable,,roles_first,1,False,8101,,20,px081_evidence_acquisition/RESULTS.json,OtherAttackStage,DataExfiltration,361
PX081-0020,PX081,UNRAVELED,delayed_unavailable,,roles_first,1,False,8101,,20,px081_evidence_acquisition/RESULTS.json,LateralMovement,Benign,4
PX081-0020,PX081,UNRAVELED,delayed_unavailable,,roles_first,1,False,8101,,20,px081_evidence_acquisition/RESULTS.json,LateralMovement,OtherAttackStage,0
PX081-0020,PX081,UNRAVELED,delayed_unavailable,,roles_first,1,False,8101,,20,px081_evidence_acquisition/RESULTS.json,LateralMovement,LateralMovement,31
PX081-0020,PX081,UNRAVELED,delayed_unavailable,,roles_first,1,False,8101,,20,px081_evidence_acquisition/RESULTS.json,LateralMovement,DataExfiltration,0
PX081-0020,PX081,UNRAVELED,delayed_unavailable,,roles_first,1,False,8101,,20,px081_evidence_acquisition/RESULTS.json,DataExfiltration,Benign,369
PX081-0020,PX081,UNRAVELED,delayed_unavailable,,roles_first,1,False,8101,,20,px081_evidence_acquisition/RESULTS.json,DataExfiltration,OtherAttackStage,0
PX081-0020,PX081,UNRAVELED,delayed_unavailable,,roles_first,1,False,8101,,20,px081_evidence_acquisition/RESULTS.json,DataExfiltration,LateralMovement,749
PX081-0020,PX081,UNRAVELED,delayed_unavailable,,roles_first,1,False,8101,,20,px081_evidence_acquisition/RESULTS.json,DataExfiltration,DataExfiltration,2324
PX081-0021,PX081,UNRAVELED,delayed_unavailable,,history_first,1,False,8101,,21,px081_evidence_acquisition/RESULTS.json,Benign,Benign,192013
PX081-0021,PX081,UNRAVELED,delayed_unavailable,,history_first,1,False,8101,,21,px081_evidence_acquisition/RESULTS.json,Benign,OtherAttackStage,3
PX081-0021,PX081,UNRAVELED,delayed_unavailable,,history_first,1,False,8101,,21,px081_evidence_acquisition/RESULTS.json,Benign,LateralMovement,154
PX081-0021,PX081,UNRAVELED,delayed_unavailable,,history_first,1,False,8101,,21,px081_evidence_acquisition/RESULTS.json,Benign,DataExfiltration,23
PX081-0021,PX081,UNRAVELED,delayed_unavailable,,history_first,1,False,8101,,21,px081_evidence_acquisition/RESULTS.json,OtherAttackStage,Benign,42
PX081-0021,PX081,UNRAVELED,delayed_unavailable,,history_first,1,False,8101,,21,px081_evidence_acquisition/RESULTS.json,OtherAttackStage,OtherAttackStage,12021
PX081-0021,PX081,UNRAVELED,delayed_unavailable,,history_first,1,False,8101,,21,px081_evidence_acquisition/RESULTS.json,OtherAttackStage,LateralMovement,0
PX081-0021,PX081,UNRAVELED,delayed_unavailable,,history_first,1,False,8101,,21,px081_evidence_acquisition/RESULTS.json,OtherAttackStage,DataExfiltration,361
PX081-0021,PX081,UNRAVELED,delayed_unavailable,,history_first,1,False,8101,,21,px081_evidence_acquisition/RESULTS.json,LateralMovement,Benign,4
PX081-0021,PX081,UNRAVELED,delayed_unavailable,,history_first,1,False,8101,,21,px081_evidence_acquisition/RESULTS.json,LateralMovement,OtherAttackStage,0
PX081-0021,PX081,UNRAVELED,delayed_unavailable,,history_first,1,False,8101,,21,px081_evidence_acquisition/RESULTS.json,LateralMovement,LateralMovement,31
PX081-0021,PX081,UNRAVELED,delayed_unavailable,,history_first,1,False,8101,,21,px081_evidence_acquisition/RESULTS.json,LateralMovement,DataExfiltration,0
PX081-0021,PX081,UNRAVELED,delayed_unavailable,,history_first,1,False,8101,,21,px081_evidence_acquisition/RESULTS.json,DataExfiltration,Benign,369
PX081-0021,PX081,UNRAVELED,delayed_unavailable,,history_first,1,False,8101,,21,px081_evidence_acquisition/RESULTS.json,DataExfiltration,OtherAttackStage,0
PX081-0021,PX081,UNRAVELED,delayed_unavailable,,history_first,1,False,8101,,21,px081_evidence_acquisition/RESULTS.json,DataExfiltration,LateralMovement,749
PX081-0021,PX081,UNRAVELED,delayed_unavailable,,history_first,1,False,8101,,21,px081_evidence_acquisition/RESULTS.json,DataExfiltration,DataExfiltration,2324
PX081-0022,PX081,UNRAVELED,delayed_unavailable,,random,1,False,8101,,22,px081_evidence_acquisition/RESULTS.json,Benign,Benign,192013
PX081-0022,PX081,UNRAVELED,delayed_unavailable,,random,1,False,8101,,22,px081_evidence_acquisition/RESULTS.json,Benign,OtherAttackStage,3
PX081-0022,PX081,UNRAVELED,delayed_unavailable,,random,1,False,8101,,22,px081_evidence_acquisition/RESULTS.json,Benign,LateralMovement,154
PX081-0022,PX081,UNRAVELED,delayed_unavailable,,random,1,False,8101,,22,px081_evidence_acquisition/RESULTS.json,Benign,DataExfiltration,23
PX081-0022,PX081,UNRAVELED,delayed_unavailable,,random,1,False,8101,,22,px081_evidence_acquisition/RESULTS.json,OtherAttackStage,Benign,42
PX081-0022,PX081,UNRAVELED,delayed_unavailable,,random,1,False,8101,,22,px081_evidence_acquisition/RESULTS.json,OtherAttackStage,OtherAttackStage,12021
PX081-0022,PX081,UNRAVELED,delayed_unavailable,,random,1,False,8101,,22,px081_evidence_acquisition/RESULTS.json,OtherAttackStage,LateralMovement,0
PX081-0022,PX081,UNRAVELED,delayed_unavailable,,random,1,False,8101,,22,px081_evidence_acquisition/RESULTS.json,OtherAttackStage,DataExfiltration,361
PX081-0022,PX081,UNRAVELED,delayed_unavailable,,random,1,False,8101,,22,px081_evidence_acquisition/RESULTS.json,LateralMovement,Benign,4
PX081-0022,PX081,UNRAVELED,delayed_unavailable,,random,1,False,8101,,22,px081_evidence_acquisition/RESULTS.json,LateralMovement,OtherAttackStage,0
PX081-0022,PX081,UNRAVELED,delayed_unavailable,,random,1,False,8101,,22,px081_evidence_acquisition/RESULTS.json,LateralMovement,LateralMovement,31
PX081-0022,PX081,UNRAVELED,delayed_unavailable,,random,1,False,8101,,22,px081_evidence_acquisition/RESULTS.json,LateralMovement,DataExfiltration,0
PX081-0022,PX081,UNRAVELED,delayed_unavailable,,random,1,False,8101,,22,px081_evidence_acquisition/RESULTS.json,DataExfiltration,Benign,369
PX081-0022,PX081,UNRAVELED,delayed_unavailable,,random,1,False,8101,,22,px081_evidence_acquisition/RESULTS.json,DataExfiltration,OtherAttackStage,0
PX081-0022,PX081,UNRAVELED,delayed_unavailable,,random,1,False,8101,,22,px081_evidence_acquisition/RESULTS.json,DataExfiltration,LateralMovement,749
PX081-0022,PX081,UNRAVELED,delayed_unavailable,,random,1,False,8101,,22,px081_evidence_acquisition/RESULTS.json,DataExfiltration,DataExfiltration,2324
PX081-0023,PX081,UNRAVELED,delayed_unavailable,,entropy,1,False,8101,,23,px081_evidence_acquisition/RESULTS.json,Benign,Benign,192025
PX081-0023,PX081,UNRAVELED,delayed_unavailable,,entropy,1,False,8101,,23,px081_evidence_acquisition/RESULTS.json,Benign,OtherAttackStage,3
PX081-0023,PX081,UNRAVELED,delayed_unavailable,,entropy,1,False,8101,,23,px081_evidence_acquisition/RESULTS.json,Benign,LateralMovement,142
PX081-0023,PX081,UNRAVELED,delayed_unavailable,,entropy,1,False,8101,,23,px081_evidence_acquisition/RESULTS.json,Benign,DataExfiltration,23
PX081-0023,PX081,UNRAVELED,delayed_unavailable,,entropy,1,False,8101,,23,px081_evidence_acquisition/RESULTS.json,OtherAttackStage,Benign,42
PX081-0023,PX081,UNRAVELED,delayed_unavailable,,entropy,1,False,8101,,23,px081_evidence_acquisition/RESULTS.json,OtherAttackStage,OtherAttackStage,12020
PX081-0023,PX081,UNRAVELED,delayed_unavailable,,entropy,1,False,8101,,23,px081_evidence_acquisition/RESULTS.json,OtherAttackStage,LateralMovement,0
PX081-0023,PX081,UNRAVELED,delayed_unavailable,,entropy,1,False,8101,,23,px081_evidence_acquisition/RESULTS.json,OtherAttackStage,DataExfiltration,362
PX081-0023,PX081,UNRAVELED,delayed_unavailable,,entropy,1,False,8101,,23,px081_evidence_acquisition/RESULTS.json,LateralMovement,Benign,7
PX081-0023,PX081,UNRAVELED,delayed_unavailable,,entropy,1,False,8101,,23,px081_evidence_acquisition/RESULTS.json,LateralMovement,OtherAttackStage,0
PX081-0023,PX081,UNRAVELED,delayed_unavailable,,entropy,1,False,8101,,23,px081_evidence_acquisition/RESULTS.json,LateralMovement,LateralMovement,28
PX081-0023,PX081,UNRAVELED,delayed_unavailable,,entropy,1,False,8101,,23,px081_evidence_acquisition/RESULTS.json,LateralMovement,DataExfiltration,0
PX081-0023,PX081,UNRAVELED,delayed_unavailable,,entropy,1,False,8101,,23,px081_evidence_acquisition/RESULTS.json,DataExfiltration,Benign,392
PX081-0023,PX081,UNRAVELED,delayed_unavailable,,entropy,1,False,8101,,23,px081_evidence_acquisition/RESULTS.json,DataExfiltration,OtherAttackStage,0
PX081-0023,PX081,UNRAVELED,delayed_unavailable,,entropy,1,False,8101,,23,px081_evidence_acquisition/RESULTS.json,DataExfiltration,LateralMovement,726
PX081-0023,PX081,UNRAVELED,delayed_unavailable,,entropy,1,False,8101,,23,px081_evidence_acquisition/RESULTS.json,DataExfiltration,DataExfiltration,2324
PX081-0024,PX081,UNRAVELED,delayed_unavailable,,harm,1,False,8101,,24,px081_evidence_acquisition/RESULTS.json,Benign,Benign,192015
PX081-0024,PX081,UNRAVELED,delayed_unavailable,,harm,1,False,8101,,24,px081_evidence_acquisition/RESULTS.json,Benign,OtherAttackStage,2
PX081-0024,PX081,UNRAVELED,delayed_unavailable,,harm,1,False,8101,,24,px081_evidence_acquisition/RESULTS.json,Benign,LateralMovement,153
PX081-0024,PX081,UNRAVELED,delayed_unavailable,,harm,1,False,8101,,24,px081_evidence_acquisition/RESULTS.json,Benign,DataExfiltration,23
PX081-0024,PX081,UNRAVELED,delayed_unavailable,,harm,1,False,8101,,24,px081_evidence_acquisition/RESULTS.json,OtherAttackStage,Benign,38
PX081-0024,PX081,UNRAVELED,delayed_unavailable,,harm,1,False,8101,,24,px081_evidence_acquisition/RESULTS.json,OtherAttackStage,OtherAttackStage,12023
PX081-0024,PX081,UNRAVELED,delayed_unavailable,,harm,1,False,8101,,24,px081_evidence_acquisition/RESULTS.json,OtherAttackStage,LateralMovement,0
PX081-0024,PX081,UNRAVELED,delayed_unavailable,,harm,1,False,8101,,24,px081_evidence_acquisition/RESULTS.json,OtherAttackStage,DataExfiltration,363
PX081-0024,PX081,UNRAVELED,delayed_unavailable,,harm,1,False,8101,,24,px081_evidence_acquisition/RESULTS.json,LateralMovement,Benign,4
PX081-0024,PX081,UNRAVELED,delayed_unavailable,,harm,1,False,8101,,24,px081_evidence_acquisition/RESULTS.json,LateralMovement,OtherAttackStage,0
PX081-0024,PX081,UNRAVELED,delayed_unavailable,,harm,1,False,8101,,24,px081_evidence_acquisition/RESULTS.json,LateralMovement,LateralMovement,31
PX081-0024,PX081,UNRAVELED,delayed_unavailable,,harm,1,False,8101,,24,px081_evidence_acquisition/RESULTS.json,LateralMovement,DataExfiltration,0
PX081-0024,PX081,UNRAVELED,delayed_unavailable,,harm,1,False,8101,,24,px081_evidence_acquisition/RESULTS.json,DataExfiltration,Benign,1105
PX081-0024,PX081,UNRAVELED,delayed_unavailable,,harm,1,False,8101,,24,px081_evidence_acquisition/RESULTS.json,DataExfiltration,OtherAttackStage,0
PX081-0024,PX081,UNRAVELED,delayed_unavailable,,harm,1,False,8101,,24,px081_evidence_acquisition/RESULTS.json,DataExfiltration,LateralMovement,13
PX081-0024,PX081,UNRAVELED,delayed_unavailable,,harm,1,False,8101,,24,px081_evidence_acquisition/RESULTS.json,DataExfiltration,DataExfiltration,2324
PX081-0025,PX081,UNRAVELED,delayed_unavailable,,none,2,False,8101,,25,px081_evidence_acquisition/RESULTS.json,Benign,Benign,192026
PX081-0025,PX081,UNRAVELED,delayed_unavailable,,none,2,False,8101,,25,px081_evidence_acquisition/RESULTS.json,Benign,OtherAttackStage,2
PX081-0025,PX081,UNRAVELED,delayed_unavailable,,none,2,False,8101,,25,px081_evidence_acquisition/RESULTS.json,Benign,LateralMovement,142
PX081-0025,PX081,UNRAVELED,delayed_unavailable,,none,2,False,8101,,25,px081_evidence_acquisition/RESULTS.json,Benign,DataExfiltration,23
PX081-0025,PX081,UNRAVELED,delayed_unavailable,,none,2,False,8101,,25,px081_evidence_acquisition/RESULTS.json,OtherAttackStage,Benign,38
PX081-0025,PX081,UNRAVELED,delayed_unavailable,,none,2,False,8101,,25,px081_evidence_acquisition/RESULTS.json,OtherAttackStage,OtherAttackStage,12023
PX081-0025,PX081,UNRAVELED,delayed_unavailable,,none,2,False,8101,,25,px081_evidence_acquisition/RESULTS.json,OtherAttackStage,LateralMovement,0
PX081-0025,PX081,UNRAVELED,delayed_unavailable,,none,2,False,8101,,25,px081_evidence_acquisition/RESULTS.json,OtherAttackStage,DataExfiltration,363
PX081-0025,PX081,UNRAVELED,delayed_unavailable,,none,2,False,8101,,25,px081_evidence_acquisition/RESULTS.json,LateralMovement,Benign,7
PX081-0025,PX081,UNRAVELED,delayed_unavailable,,none,2,False,8101,,25,px081_evidence_acquisition/RESULTS.json,LateralMovement,OtherAttackStage,0
PX081-0025,PX081,UNRAVELED,delayed_unavailable,,none,2,False,8101,,25,px081_evidence_acquisition/RESULTS.json,LateralMovement,LateralMovement,28
PX081-0025,PX081,UNRAVELED,delayed_unavailable,,none,2,False,8101,,25,px081_evidence_acquisition/RESULTS.json,LateralMovement,DataExfiltration,0
PX081-0025,PX081,UNRAVELED,delayed_unavailable,,none,2,False,8101,,25,px081_evidence_acquisition/RESULTS.json,DataExfiltration,Benign,1118
PX081-0025,PX081,UNRAVELED,delayed_unavailable,,none,2,False,8101,,25,px081_evidence_acquisition/RESULTS.json,DataExfiltration,OtherAttackStage,0
PX081-0025,PX081,UNRAVELED,delayed_unavailable,,none,2,False,8101,,25,px081_evidence_acquisition/RESULTS.json,DataExfiltration,LateralMovement,0
PX081-0025,PX081,UNRAVELED,delayed_unavailable,,none,2,False,8101,,25,px081_evidence_acquisition/RESULTS.json,DataExfiltration,DataExfiltration,2324
PX081-0026,PX081,UNRAVELED,delayed_unavailable,,roles_first,2,False,8101,,26,px081_evidence_acquisition/RESULTS.json,Benign,Benign,192013
PX081-0026,PX081,UNRAVELED,delayed_unavailable,,roles_first,2,False,8101,,26,px081_evidence_acquisition/RESULTS.json,Benign,OtherAttackStage,3
PX081-0026,PX081,UNRAVELED,delayed_unavailable,,roles_first,2,False,8101,,26,px081_evidence_acquisition/RESULTS.json,Benign,LateralMovement,154
PX081-0026,PX081,UNRAVELED,delayed_unavailable,,roles_first,2,False,8101,,26,px081_evidence_acquisition/RESULTS.json,Benign,DataExfiltration,23
PX081-0026,PX081,UNRAVELED,delayed_unavailable,,roles_first,2,False,8101,,26,px081_evidence_acquisition/RESULTS.json,OtherAttackStage,Benign,42
PX081-0026,PX081,UNRAVELED,delayed_unavailable,,roles_first,2,False,8101,,26,px081_evidence_acquisition/RESULTS.json,OtherAttackStage,OtherAttackStage,12021
PX081-0026,PX081,UNRAVELED,delayed_unavailable,,roles_first,2,False,8101,,26,px081_evidence_acquisition/RESULTS.json,OtherAttackStage,LateralMovement,0
PX081-0026,PX081,UNRAVELED,delayed_unavailable,,roles_first,2,False,8101,,26,px081_evidence_acquisition/RESULTS.json,OtherAttackStage,DataExfiltration,361
PX081-0026,PX081,UNRAVELED,delayed_unavailable,,roles_first,2,False,8101,,26,px081_evidence_acquisition/RESULTS.json,LateralMovement,Benign,4
PX081-0026,PX081,UNRAVELED,delayed_unavailable,,roles_first,2,False,8101,,26,px081_evidence_acquisition/RESULTS.json,LateralMovement,OtherAttackStage,0
PX081-0026,PX081,UNRAVELED,delayed_unavailable,,roles_first,2,False,8101,,26,px081_evidence_acquisition/RESULTS.json,LateralMovement,LateralMovement,31
PX081-0026,PX081,UNRAVELED,delayed_unavailable,,roles_first,2,False,8101,,26,px081_evidence_acquisition/RESULTS.json,LateralMovement,DataExfiltration,0
PX081-0026,PX081,UNRAVELED,delayed_unavailable,,roles_first,2,False,8101,,26,px081_evidence_acquisition/RESULTS.json,DataExfiltration,Benign,369
PX081-0026,PX081,UNRAVELED,delayed_unavailable,,roles_first,2,False,8101,,26,px081_evidence_acquisition/RESULTS.json,DataExfiltration,OtherAttackStage,0
PX081-0026,PX081,UNRAVELED,delayed_unavailable,,roles_first,2,False,8101,,26,px081_evidence_acquisition/RESULTS.json,DataExfiltration,LateralMovement,749
PX081-0026,PX081,UNRAVELED,delayed_unavailable,,roles_first,2,False,8101,,26,px081_evidence_acquisition/RESULTS.json,DataExfiltration,DataExfiltration,2324
PX081-0027,PX081,UNRAVELED,delayed_unavailable,,history_first,2,False,8101,,27,px081_evidence_acquisition/RESULTS.json,Benign,Benign,192044
PX081-0027,PX081,UNRAVELED,delayed_unavailable,,history_first,2,False,8101,,27,px081_evidence_acquisition/RESULTS.json,Benign,OtherAttackStage,1
PX081-0027,PX081,UNRAVELED,delayed_unavailable,,history_first,2,False,8101,,27,px081_evidence_acquisition/RESULTS.json,Benign,LateralMovement,135
PX081-0027,PX081,UNRAVELED,delayed_unavailable,,history_first,2,False,8101,,27,px081_evidence_acquisition/RESULTS.json,Benign,DataExfiltration,13
PX081-0027,PX081,UNRAVELED,delayed_unavailable,,history_first,2,False,8101,,27,px081_evidence_acquisition/RESULTS.json,OtherAttackStage,Benign,47
PX081-0027,PX081,UNRAVELED,delayed_unavailable,,history_first,2,False,8101,,27,px081_evidence_acquisition/RESULTS.json,OtherAttackStage,OtherAttackStage,12039
PX081-0027,PX081,UNRAVELED,delayed_unavailable,,history_first,2,False,8101,,27,px081_evidence_acquisition/RESULTS.json,OtherAttackStage,LateralMovement,0
PX081-0027,PX081,UNRAVELED,delayed_unavailable,,history_first,2,False,8101,,27,px081_evidence_acquisition/RESULTS.json,OtherAttackStage,DataExfiltration,338
PX081-0027,PX081,UNRAVELED,delayed_unavailable,,history_first,2,False,8101,,27,px081_evidence_acquisition/RESULTS.json,LateralMovement,Benign,7
PX081-0027,PX081,UNRAVELED,delayed_unavailable,,history_first,2,False,8101,,27,px081_evidence_acquisition/RESULTS.json,LateralMovement,OtherAttackStage,0
PX081-0027,PX081,UNRAVELED,delayed_unavailable,,history_first,2,False,8101,,27,px081_evidence_acquisition/RESULTS.json,LateralMovement,LateralMovement,28
PX081-0027,PX081,UNRAVELED,delayed_unavailable,,history_first,2,False,8101,,27,px081_evidence_acquisition/RESULTS.json,LateralMovement,DataExfiltration,0
PX081-0027,PX081,UNRAVELED,delayed_unavailable,,history_first,2,False,8101,,27,px081_evidence_acquisition/RESULTS.json,DataExfiltration,Benign,1122
PX081-0027,PX081,UNRAVELED,delayed_unavailable,,history_first,2,False,8101,,27,px081_evidence_acquisition/RESULTS.json,DataExfiltration,OtherAttackStage,1
PX081-0027,PX081,UNRAVELED,delayed_unavailable,,history_first,2,False,8101,,27,px081_evidence_acquisition/RESULTS.json,DataExfiltration,LateralMovement,0
PX081-0027,PX081,UNRAVELED,delayed_unavailable,,history_first,2,False,8101,,27,px081_evidence_acquisition/RESULTS.json,DataExfiltration,DataExfiltration,2319
PX081-0028,PX081,UNRAVELED,delayed_unavailable,,random,2,False,8101,,28,px081_evidence_acquisition/RESULTS.json,Benign,Benign,192029
PX081-0028,PX081,UNRAVELED,delayed_unavailable,,random,2,False,8101,,28,px081_evidence_acquisition/RESULTS.json,Benign,OtherAttackStage,2
PX081-0028,PX081,UNRAVELED,delayed_unavailable,,random,2,False,8101,,28,px081_evidence_acquisition/RESULTS.json,Benign,LateralMovement,143
PX081-0028,PX081,UNRAVELED,delayed_unavailable,,random,2,False,8101,,28,px081_evidence_acquisition/RESULTS.json,Benign,DataExfiltration,19
PX081-0028,PX081,UNRAVELED,delayed_unavailable,,random,2,False,8101,,28,px081_evidence_acquisition/RESULTS.json,OtherAttackStage,Benign,43
PX081-0028,PX081,UNRAVELED,delayed_unavailable,,random,2,False,8101,,28,px081_evidence_acquisition/RESULTS.json,OtherAttackStage,OtherAttackStage,12027
PX081-0028,PX081,UNRAVELED,delayed_unavailable,,random,2,False,8101,,28,px081_evidence_acquisition/RESULTS.json,OtherAttackStage,LateralMovement,0
PX081-0028,PX081,UNRAVELED,delayed_unavailable,,random,2,False,8101,,28,px081_evidence_acquisition/RESULTS.json,OtherAttackStage,DataExfiltration,354
PX081-0028,PX081,UNRAVELED,delayed_unavailable,,random,2,False,8101,,28,px081_evidence_acquisition/RESULTS.json,LateralMovement,Benign,5
PX081-0028,PX081,UNRAVELED,delayed_unavailable,,random,2,False,8101,,28,px081_evidence_acquisition/RESULTS.json,LateralMovement,OtherAttackStage,0
PX081-0028,PX081,UNRAVELED,delayed_unavailable,,random,2,False,8101,,28,px081_evidence_acquisition/RESULTS.json,LateralMovement,LateralMovement,30
PX081-0028,PX081,UNRAVELED,delayed_unavailable,,random,2,False,8101,,28,px081_evidence_acquisition/RESULTS.json,LateralMovement,DataExfiltration,0
PX081-0028,PX081,UNRAVELED,delayed_unavailable,,random,2,False,8101,,28,px081_evidence_acquisition/RESULTS.json,DataExfiltration,Benign,722
PX081-0028,PX081,UNRAVELED,delayed_unavailable,,random,2,False,8101,,28,px081_evidence_acquisition/RESULTS.json,DataExfiltration,OtherAttackStage,0
PX081-0028,PX081,UNRAVELED,delayed_unavailable,,random,2,False,8101,,28,px081_evidence_acquisition/RESULTS.json,DataExfiltration,LateralMovement,400
PX081-0028,PX081,UNRAVELED,delayed_unavailable,,random,2,False,8101,,28,px081_evidence_acquisition/RESULTS.json,DataExfiltration,DataExfiltration,2320
PX081-0029,PX081,UNRAVELED,delayed_unavailable,,entropy,2,False,8101,,29,px081_evidence_acquisition/RESULTS.json,Benign,Benign,192040
PX081-0029,PX081,UNRAVELED,delayed_unavailable,,entropy,2,False,8101,,29,px081_evidence_acquisition/RESULTS.json,Benign,OtherAttackStage,2
PX081-0029,PX081,UNRAVELED,delayed_unavailable,,entropy,2,False,8101,,29,px081_evidence_acquisition/RESULTS.json,Benign,LateralMovement,138
PX081-0029,PX081,UNRAVELED,delayed_unavailable,,entropy,2,False,8101,,29,px081_evidence_acquisition/RESULTS.json,Benign,DataExfiltration,13
PX081-0029,PX081,UNRAVELED,delayed_unavailable,,entropy,2,False,8101,,29,px081_evidence_acquisition/RESULTS.json,OtherAttackStage,Benign,44
PX081-0029,PX081,UNRAVELED,delayed_unavailable,,entropy,2,False,8101,,29,px081_evidence_acquisition/RESULTS.json,OtherAttackStage,OtherAttackStage,12039
PX081-0029,PX081,UNRAVELED,delayed_unavailable,,entropy,2,False,8101,,29,px081_evidence_acquisition/RESULTS.json,OtherAttackStage,LateralMovement,0
PX081-0029,PX081,UNRAVELED,delayed_unavailable,,entropy,2,False,8101,,29,px081_evidence_acquisition/RESULTS.json,OtherAttackStage,DataExfiltration,341
PX081-0029,PX081,UNRAVELED,delayed_unavailable,,entropy,2,False,8101,,29,px081_evidence_acquisition/RESULTS.json,LateralMovement,Benign,7
PX081-0029,PX081,UNRAVELED,delayed_unavailable,,entropy,2,False,8101,,29,px081_evidence_acquisition/RESULTS.json,LateralMovement,OtherAttackStage,0
PX081-0029,PX081,UNRAVELED,delayed_unavailable,,entropy,2,False,8101,,29,px081_evidence_acquisition/RESULTS.json,LateralMovement,LateralMovement,28
PX081-0029,PX081,UNRAVELED,delayed_unavailable,,entropy,2,False,8101,,29,px081_evidence_acquisition/RESULTS.json,LateralMovement,DataExfiltration,0
PX081-0029,PX081,UNRAVELED,delayed_unavailable,,entropy,2,False,8101,,29,px081_evidence_acquisition/RESULTS.json,DataExfiltration,Benign,393
PX081-0029,PX081,UNRAVELED,delayed_unavailable,,entropy,2,False,8101,,29,px081_evidence_acquisition/RESULTS.json,DataExfiltration,OtherAttackStage,1
PX081-0029,PX081,UNRAVELED,delayed_unavailable,,entropy,2,False,8101,,29,px081_evidence_acquisition/RESULTS.json,DataExfiltration,LateralMovement,726
PX081-0029,PX081,UNRAVELED,delayed_unavailable,,entropy,2,False,8101,,29,px081_evidence_acquisition/RESULTS.json,DataExfiltration,DataExfiltration,2322
PX081-0030,PX081,UNRAVELED,delayed_unavailable,,harm,2,False,8101,,30,px081_evidence_acquisition/RESULTS.json,Benign,Benign,192039
PX081-0030,PX081,UNRAVELED,delayed_unavailable,,harm,2,False,8101,,30,px081_evidence_acquisition/RESULTS.json,Benign,OtherAttackStage,1
PX081-0030,PX081,UNRAVELED,delayed_unavailable,,harm,2,False,8101,,30,px081_evidence_acquisition/RESULTS.json,Benign,LateralMovement,139
PX081-0030,PX081,UNRAVELED,delayed_unavailable,,harm,2,False,8101,,30,px081_evidence_acquisition/RESULTS.json,Benign,DataExfiltration,14
PX081-0030,PX081,UNRAVELED,delayed_unavailable,,harm,2,False,8101,,30,px081_evidence_acquisition/RESULTS.json,OtherAttackStage,Benign,45
PX081-0030,PX081,UNRAVELED,delayed_unavailable,,harm,2,False,8101,,30,px081_evidence_acquisition/RESULTS.json,OtherAttackStage,OtherAttackStage,12038
PX081-0030,PX081,UNRAVELED,delayed_unavailable,,harm,2,False,8101,,30,px081_evidence_acquisition/RESULTS.json,OtherAttackStage,LateralMovement,0
PX081-0030,PX081,UNRAVELED,delayed_unavailable,,harm,2,False,8101,,30,px081_evidence_acquisition/RESULTS.json,OtherAttackStage,DataExfiltration,341
PX081-0030,PX081,UNRAVELED,delayed_unavailable,,harm,2,False,8101,,30,px081_evidence_acquisition/RESULTS.json,LateralMovement,Benign,7
PX081-0030,PX081,UNRAVELED,delayed_unavailable,,harm,2,False,8101,,30,px081_evidence_acquisition/RESULTS.json,LateralMovement,OtherAttackStage,0
PX081-0030,PX081,UNRAVELED,delayed_unavailable,,harm,2,False,8101,,30,px081_evidence_acquisition/RESULTS.json,LateralMovement,LateralMovement,28
PX081-0030,PX081,UNRAVELED,delayed_unavailable,,harm,2,False,8101,,30,px081_evidence_acquisition/RESULTS.json,LateralMovement,DataExfiltration,0
PX081-0030,PX081,UNRAVELED,delayed_unavailable,,harm,2,False,8101,,30,px081_evidence_acquisition/RESULTS.json,DataExfiltration,Benign,1120
PX081-0030,PX081,UNRAVELED,delayed_unavailable,,harm,2,False,8101,,30,px081_evidence_acquisition/RESULTS.json,DataExfiltration,OtherAttackStage,1
PX081-0030,PX081,UNRAVELED,delayed_unavailable,,harm,2,False,8101,,30,px081_evidence_acquisition/RESULTS.json,DataExfiltration,LateralMovement,1
PX081-0030,PX081,UNRAVELED,delayed_unavailable,,harm,2,False,8101,,30,px081_evidence_acquisition/RESULTS.json,DataExfiltration,DataExfiltration,2320
PX081-0031,PX081,UNRAVELED,delayed_unavailable,,none,3,False,8101,,31,px081_evidence_acquisition/RESULTS.json,Benign,Benign,192026
PX081-0031,PX081,UNRAVELED,delayed_unavailable,,none,3,False,8101,,31,px081_evidence_acquisition/RESULTS.json,Benign,OtherAttackStage,2
PX081-0031,PX081,UNRAVELED,delayed_unavailable,,none,3,False,8101,,31,px081_evidence_acquisition/RESULTS.json,Benign,LateralMovement,142
PX081-0031,PX081,UNRAVELED,delayed_unavailable,,none,3,False,8101,,31,px081_evidence_acquisition/RESULTS.json,Benign,DataExfiltration,23
PX081-0031,PX081,UNRAVELED,delayed_unavailable,,none,3,False,8101,,31,px081_evidence_acquisition/RESULTS.json,OtherAttackStage,Benign,38
PX081-0031,PX081,UNRAVELED,delayed_unavailable,,none,3,False,8101,,31,px081_evidence_acquisition/RESULTS.json,OtherAttackStage,OtherAttackStage,12023
PX081-0031,PX081,UNRAVELED,delayed_unavailable,,none,3,False,8101,,31,px081_evidence_acquisition/RESULTS.json,OtherAttackStage,LateralMovement,0
PX081-0031,PX081,UNRAVELED,delayed_unavailable,,none,3,False,8101,,31,px081_evidence_acquisition/RESULTS.json,OtherAttackStage,DataExfiltration,363
PX081-0031,PX081,UNRAVELED,delayed_unavailable,,none,3,False,8101,,31,px081_evidence_acquisition/RESULTS.json,LateralMovement,Benign,7
PX081-0031,PX081,UNRAVELED,delayed_unavailable,,none,3,False,8101,,31,px081_evidence_acquisition/RESULTS.json,LateralMovement,OtherAttackStage,0
PX081-0031,PX081,UNRAVELED,delayed_unavailable,,none,3,False,8101,,31,px081_evidence_acquisition/RESULTS.json,LateralMovement,LateralMovement,28
PX081-0031,PX081,UNRAVELED,delayed_unavailable,,none,3,False,8101,,31,px081_evidence_acquisition/RESULTS.json,LateralMovement,DataExfiltration,0
PX081-0031,PX081,UNRAVELED,delayed_unavailable,,none,3,False,8101,,31,px081_evidence_acquisition/RESULTS.json,DataExfiltration,Benign,1118
PX081-0031,PX081,UNRAVELED,delayed_unavailable,,none,3,False,8101,,31,px081_evidence_acquisition/RESULTS.json,DataExfiltration,OtherAttackStage,0
PX081-0031,PX081,UNRAVELED,delayed_unavailable,,none,3,False,8101,,31,px081_evidence_acquisition/RESULTS.json,DataExfiltration,LateralMovement,0
PX081-0031,PX081,UNRAVELED,delayed_unavailable,,none,3,False,8101,,31,px081_evidence_acquisition/RESULTS.json,DataExfiltration,DataExfiltration,2324
PX081-0032,PX081,UNRAVELED,delayed_unavailable,,roles_first,3,False,8101,,32,px081_evidence_acquisition/RESULTS.json,Benign,Benign,192025
PX081-0032,PX081,UNRAVELED,delayed_unavailable,,roles_first,3,False,8101,,32,px081_evidence_acquisition/RESULTS.json,Benign,OtherAttackStage,2
PX081-0032,PX081,UNRAVELED,delayed_unavailable,,roles_first,3,False,8101,,32,px081_evidence_acquisition/RESULTS.json,Benign,LateralMovement,149
PX081-0032,PX081,UNRAVELED,delayed_unavailable,,roles_first,3,False,8101,,32,px081_evidence_acquisition/RESULTS.json,Benign,DataExfiltration,17
PX081-0032,PX081,UNRAVELED,delayed_unavailable,,roles_first,3,False,8101,,32,px081_evidence_acquisition/RESULTS.json,OtherAttackStage,Benign,50
PX081-0032,PX081,UNRAVELED,delayed_unavailable,,roles_first,3,False,8101,,32,px081_evidence_acquisition/RESULTS.json,OtherAttackStage,OtherAttackStage,12031
PX081-0032,PX081,UNRAVELED,delayed_unavailable,,roles_first,3,False,8101,,32,px081_evidence_acquisition/RESULTS.json,OtherAttackStage,LateralMovement,0
PX081-0032,PX081,UNRAVELED,delayed_unavailable,,roles_first,3,False,8101,,32,px081_evidence_acquisition/RESULTS.json,OtherAttackStage,DataExfiltration,343
PX081-0032,PX081,UNRAVELED,delayed_unavailable,,roles_first,3,False,8101,,32,px081_evidence_acquisition/RESULTS.json,LateralMovement,Benign,4
PX081-0032,PX081,UNRAVELED,delayed_unavailable,,roles_first,3,False,8101,,32,px081_evidence_acquisition/RESULTS.json,LateralMovement,OtherAttackStage,0
PX081-0032,PX081,UNRAVELED,delayed_unavailable,,roles_first,3,False,8101,,32,px081_evidence_acquisition/RESULTS.json,LateralMovement,LateralMovement,31
PX081-0032,PX081,UNRAVELED,delayed_unavailable,,roles_first,3,False,8101,,32,px081_evidence_acquisition/RESULTS.json,LateralMovement,DataExfiltration,0
PX081-0032,PX081,UNRAVELED,delayed_unavailable,,roles_first,3,False,8101,,32,px081_evidence_acquisition/RESULTS.json,DataExfiltration,Benign,399
PX081-0032,PX081,UNRAVELED,delayed_unavailable,,roles_first,3,False,8101,,32,px081_evidence_acquisition/RESULTS.json,DataExfiltration,OtherAttackStage,1
PX081-0032,PX081,UNRAVELED,delayed_unavailable,,roles_first,3,False,8101,,32,px081_evidence_acquisition/RESULTS.json,DataExfiltration,LateralMovement,719
PX081-0032,PX081,UNRAVELED,delayed_unavailable,,roles_first,3,False,8101,,32,px081_evidence_acquisition/RESULTS.json,DataExfiltration,DataExfiltration,2323
PX081-0033,PX081,UNRAVELED,delayed_unavailable,,history_first,3,False,8101,,33,px081_evidence_acquisition/RESULTS.json,Benign,Benign,192040
PX081-0033,PX081,UNRAVELED,delayed_unavailable,,history_first,3,False,8101,,33,px081_evidence_acquisition/RESULTS.json,Benign,OtherAttackStage,1
PX081-0033,PX081,UNRAVELED,delayed_unavailable,,history_first,3,False,8101,,33,px081_evidence_acquisition/RESULTS.json,Benign,LateralMovement,139
PX081-0033,PX081,UNRAVELED,delayed_unavailable,,history_first,3,False,8101,,33,px081_evidence_acquisition/RESULTS.json,Benign,DataExfiltration,13
PX081-0033,PX081,UNRAVELED,delayed_unavailable,,history_first,3,False,8101,,33,px081_evidence_acquisition/RESULTS.json,OtherAttackStage,Benign,49
PX081-0033,PX081,UNRAVELED,delayed_unavailable,,history_first,3,False,8101,,33,px081_evidence_acquisition/RESULTS.json,OtherAttackStage,OtherAttackStage,12039
PX081-0033,PX081,UNRAVELED,delayed_unavailable,,history_first,3,False,8101,,33,px081_evidence_acquisition/RESULTS.json,OtherAttackStage,LateralMovement,0
PX081-0033,PX081,UNRAVELED,delayed_unavailable,,history_first,3,False,8101,,33,px081_evidence_acquisition/RESULTS.json,OtherAttackStage,DataExfiltration,336
PX081-0033,PX081,UNRAVELED,delayed_unavailable,,history_first,3,False,8101,,33,px081_evidence_acquisition/RESULTS.json,LateralMovement,Benign,6
PX081-0033,PX081,UNRAVELED,delayed_unavailable,,history_first,3,False,8101,,33,px081_evidence_acquisition/RESULTS.json,LateralMovement,OtherAttackStage,0
PX081-0033,PX081,UNRAVELED,delayed_unavailable,,history_first,3,False,8101,,33,px081_evidence_acquisition/RESULTS.json,LateralMovement,LateralMovement,29
PX081-0033,PX081,UNRAVELED,delayed_unavailable,,history_first,3,False,8101,,33,px081_evidence_acquisition/RESULTS.json,LateralMovement,DataExfiltration,0
PX081-0033,PX081,UNRAVELED,delayed_unavailable,,history_first,3,False,8101,,33,px081_evidence_acquisition/RESULTS.json,DataExfiltration,Benign,827
PX081-0033,PX081,UNRAVELED,delayed_unavailable,,history_first,3,False,8101,,33,px081_evidence_acquisition/RESULTS.json,DataExfiltration,OtherAttackStage,1
PX081-0033,PX081,UNRAVELED,delayed_unavailable,,history_first,3,False,8101,,33,px081_evidence_acquisition/RESULTS.json,DataExfiltration,LateralMovement,294
PX081-0033,PX081,UNRAVELED,delayed_unavailable,,history_first,3,False,8101,,33,px081_evidence_acquisition/RESULTS.json,DataExfiltration,DataExfiltration,2320
PX081-0034,PX081,UNRAVELED,delayed_unavailable,,random,3,False,8101,,34,px081_evidence_acquisition/RESULTS.json,Benign,Benign,192031
PX081-0034,PX081,UNRAVELED,delayed_unavailable,,random,3,False,8101,,34,px081_evidence_acquisition/RESULTS.json,Benign,OtherAttackStage,2
PX081-0034,PX081,UNRAVELED,delayed_unavailable,,random,3,False,8101,,34,px081_evidence_acquisition/RESULTS.json,Benign,LateralMovement,144
PX081-0034,PX081,UNRAVELED,delayed_unavailable,,random,3,False,8101,,34,px081_evidence_acquisition/RESULTS.json,Benign,DataExfiltration,16
PX081-0034,PX081,UNRAVELED,delayed_unavailable,,random,3,False,8101,,34,px081_evidence_acquisition/RESULTS.json,OtherAttackStage,Benign,50
PX081-0034,PX081,UNRAVELED,delayed_unavailable,,random,3,False,8101,,34,px081_evidence_acquisition/RESULTS.json,OtherAttackStage,OtherAttackStage,12035
PX081-0034,PX081,UNRAVELED,delayed_unavailable,,random,3,False,8101,,34,px081_evidence_acquisition/RESULTS.json,OtherAttackStage,LateralMovement,0
PX081-0034,PX081,UNRAVELED,delayed_unavailable,,random,3,False,8101,,34,px081_evidence_acquisition/RESULTS.json,OtherAttackStage,DataExfiltration,339
PX081-0034,PX081,UNRAVELED,delayed_unavailable,,random,3,False,8101,,34,px081_evidence_acquisition/RESULTS.json,LateralMovement,Benign,4
PX081-0034,PX081,UNRAVELED,delayed_unavailable,,random,3,False,8101,,34,px081_evidence_acquisition/RESULTS.json,LateralMovement,OtherAttackStage,0
PX081-0034,PX081,UNRAVELED,delayed_unavailable,,random,3,False,8101,,34,px081_evidence_acquisition/RESULTS.json,LateralMovement,LateralMovement,31
PX081-0034,PX081,UNRAVELED,delayed_unavailable,,random,3,False,8101,,34,px081_evidence_acquisition/RESULTS.json,LateralMovement,DataExfiltration,0
PX081-0034,PX081,UNRAVELED,delayed_unavailable,,random,3,False,8101,,34,px081_evidence_acquisition/RESULTS.json,DataExfiltration,Benign,605
PX081-0034,PX081,UNRAVELED,delayed_unavailable,,random,3,False,8101,,34,px081_evidence_acquisition/RESULTS.json,DataExfiltration,OtherAttackStage,1
PX081-0034,PX081,UNRAVELED,delayed_unavailable,,random,3,False,8101,,34,px081_evidence_acquisition/RESULTS.json,DataExfiltration,LateralMovement,515
PX081-0034,PX081,UNRAVELED,delayed_unavailable,,random,3,False,8101,,34,px081_evidence_acquisition/RESULTS.json,DataExfiltration,DataExfiltration,2321
PX081-0035,PX081,UNRAVELED,delayed_unavailable,,entropy,3,False,8101,,35,px081_evidence_acquisition/RESULTS.json,Benign,Benign,192038
PX081-0035,PX081,UNRAVELED,delayed_unavailable,,entropy,3,False,8101,,35,px081_evidence_acquisition/RESULTS.json,Benign,OtherAttackStage,2
PX081-0035,PX081,UNRAVELED,delayed_unavailable,,entropy,3,False,8101,,35,px081_evidence_acquisition/RESULTS.json,Benign,LateralMovement,140
PX081-0035,PX081,UNRAVELED,delayed_unavailable,,entropy,3,False,8101,,35,px081_evidence_acquisition/RESULTS.json,Benign,DataExfiltration,13
PX081-0035,PX081,UNRAVELED,delayed_unavailable,,entropy,3,False,8101,,35,px081_evidence_acquisition/RESULTS.json,OtherAttackStage,Benign,46
PX081-0035,PX081,UNRAVELED,delayed_unavailable,,entropy,3,False,8101,,35,px081_evidence_acquisition/RESULTS.json,OtherAttackStage,OtherAttackStage,12038
PX081-0035,PX081,UNRAVELED,delayed_unavailable,,entropy,3,False,8101,,35,px081_evidence_acquisition/RESULTS.json,OtherAttackStage,LateralMovement,0
PX081-0035,PX081,UNRAVELED,delayed_unavailable,,entropy,3,False,8101,,35,px081_evidence_acquisition/RESULTS.json,OtherAttackStage,DataExfiltration,340
PX081-0035,PX081,UNRAVELED,delayed_unavailable,,entropy,3,False,8101,,35,px081_evidence_acquisition/RESULTS.json,LateralMovement,Benign,7
PX081-0035,PX081,UNRAVELED,delayed_unavailable,,entropy,3,False,8101,,35,px081_evidence_acquisition/RESULTS.json,LateralMovement,OtherAttackStage,0
PX081-0035,PX081,UNRAVELED,delayed_unavailable,,entropy,3,False,8101,,35,px081_evidence_acquisition/RESULTS.json,LateralMovement,LateralMovement,28
PX081-0035,PX081,UNRAVELED,delayed_unavailable,,entropy,3,False,8101,,35,px081_evidence_acquisition/RESULTS.json,LateralMovement,DataExfiltration,0
PX081-0035,PX081,UNRAVELED,delayed_unavailable,,entropy,3,False,8101,,35,px081_evidence_acquisition/RESULTS.json,DataExfiltration,Benign,416
PX081-0035,PX081,UNRAVELED,delayed_unavailable,,entropy,3,False,8101,,35,px081_evidence_acquisition/RESULTS.json,DataExfiltration,OtherAttackStage,1
PX081-0035,PX081,UNRAVELED,delayed_unavailable,,entropy,3,False,8101,,35,px081_evidence_acquisition/RESULTS.json,DataExfiltration,LateralMovement,703
PX081-0035,PX081,UNRAVELED,delayed_unavailable,,entropy,3,False,8101,,35,px081_evidence_acquisition/RESULTS.json,DataExfiltration,DataExfiltration,2322
PX081-0036,PX081,UNRAVELED,delayed_unavailable,,harm,3,False,8101,,36,px081_evidence_acquisition/RESULTS.json,Benign,Benign,192038
PX081-0036,PX081,UNRAVELED,delayed_unavailable,,harm,3,False,8101,,36,px081_evidence_acquisition/RESULTS.json,Benign,OtherAttackStage,1
PX081-0036,PX081,UNRAVELED,delayed_unavailable,,harm,3,False,8101,,36,px081_evidence_acquisition/RESULTS.json,Benign,LateralMovement,141
PX081-0036,PX081,UNRAVELED,delayed_unavailable,,harm,3,False,8101,,36,px081_evidence_acquisition/RESULTS.json,Benign,DataExfiltration,13
PX081-0036,PX081,UNRAVELED,delayed_unavailable,,harm,3,False,8101,,36,px081_evidence_acquisition/RESULTS.json,OtherAttackStage,Benign,47
PX081-0036,PX081,UNRAVELED,delayed_unavailable,,harm,3,False,8101,,36,px081_evidence_acquisition/RESULTS.json,OtherAttackStage,OtherAttackStage,12038
PX081-0036,PX081,UNRAVELED,delayed_unavailable,,harm,3,False,8101,,36,px081_evidence_acquisition/RESULTS.json,OtherAttackStage,LateralMovement,0
PX081-0036,PX081,UNRAVELED,delayed_unavailable,,harm,3,False,8101,,36,px081_evidence_acquisition/RESULTS.json,OtherAttackStage,DataExfiltration,339
PX081-0036,PX081,UNRAVELED,delayed_unavailable,,harm,3,False,8101,,36,px081_evidence_acquisition/RESULTS.json,LateralMovement,Benign,6
PX081-0036,PX081,UNRAVELED,delayed_unavailable,,harm,3,False,8101,,36,px081_evidence_acquisition/RESULTS.json,LateralMovement,OtherAttackStage,0
PX081-0036,PX081,UNRAVELED,delayed_unavailable,,harm,3,False,8101,,36,px081_evidence_acquisition/RESULTS.json,LateralMovement,LateralMovement,29
PX081-0036,PX081,UNRAVELED,delayed_unavailable,,harm,3,False,8101,,36,px081_evidence_acquisition/RESULTS.json,LateralMovement,DataExfiltration,0
PX081-0036,PX081,UNRAVELED,delayed_unavailable,,harm,3,False,8101,,36,px081_evidence_acquisition/RESULTS.json,DataExfiltration,Benign,1114
PX081-0036,PX081,UNRAVELED,delayed_unavailable,,harm,3,False,8101,,36,px081_evidence_acquisition/RESULTS.json,DataExfiltration,OtherAttackStage,1
PX081-0036,PX081,UNRAVELED,delayed_unavailable,,harm,3,False,8101,,36,px081_evidence_acquisition/RESULTS.json,DataExfiltration,LateralMovement,6
PX081-0036,PX081,UNRAVELED,delayed_unavailable,,harm,3,False,8101,,36,px081_evidence_acquisition/RESULTS.json,DataExfiltration,DataExfiltration,2321
PX081-0037,PX081,UNRAVELED,delayed_unavailable,,full_context_reference,,True,8101,,37,px081_evidence_acquisition/RESULTS.json,Benign,Benign,192042
PX081-0037,PX081,UNRAVELED,delayed_unavailable,,full_context_reference,,True,8101,,37,px081_evidence_acquisition/RESULTS.json,Benign,OtherAttackStage,0
PX081-0037,PX081,UNRAVELED,delayed_unavailable,,full_context_reference,,True,8101,,37,px081_evidence_acquisition/RESULTS.json,Benign,LateralMovement,149
PX081-0037,PX081,UNRAVELED,delayed_unavailable,,full_context_reference,,True,8101,,37,px081_evidence_acquisition/RESULTS.json,Benign,DataExfiltration,2
PX081-0037,PX081,UNRAVELED,delayed_unavailable,,full_context_reference,,True,8101,,37,px081_evidence_acquisition/RESULTS.json,OtherAttackStage,Benign,67
PX081-0037,PX081,UNRAVELED,delayed_unavailable,,full_context_reference,,True,8101,,37,px081_evidence_acquisition/RESULTS.json,OtherAttackStage,OtherAttackStage,12054
PX081-0037,PX081,UNRAVELED,delayed_unavailable,,full_context_reference,,True,8101,,37,px081_evidence_acquisition/RESULTS.json,OtherAttackStage,LateralMovement,0
PX081-0037,PX081,UNRAVELED,delayed_unavailable,,full_context_reference,,True,8101,,37,px081_evidence_acquisition/RESULTS.json,OtherAttackStage,DataExfiltration,303
PX081-0037,PX081,UNRAVELED,delayed_unavailable,,full_context_reference,,True,8101,,37,px081_evidence_acquisition/RESULTS.json,LateralMovement,Benign,3
PX081-0037,PX081,UNRAVELED,delayed_unavailable,,full_context_reference,,True,8101,,37,px081_evidence_acquisition/RESULTS.json,LateralMovement,OtherAttackStage,0
PX081-0037,PX081,UNRAVELED,delayed_unavailable,,full_context_reference,,True,8101,,37,px081_evidence_acquisition/RESULTS.json,LateralMovement,LateralMovement,32
PX081-0037,PX081,UNRAVELED,delayed_unavailable,,full_context_reference,,True,8101,,37,px081_evidence_acquisition/RESULTS.json,LateralMovement,DataExfiltration,0
PX081-0037,PX081,UNRAVELED,delayed_unavailable,,full_context_reference,,True,8101,,37,px081_evidence_acquisition/RESULTS.json,DataExfiltration,Benign,217
PX081-0037,PX081,UNRAVELED,delayed_unavailable,,full_context_reference,,True,8101,,37,px081_evidence_acquisition/RESULTS.json,DataExfiltration,OtherAttackStage,1
PX081-0037,PX081,UNRAVELED,delayed_unavailable,,full_context_reference,,True,8101,,37,px081_evidence_acquisition/RESULTS.json,DataExfiltration,LateralMovement,914
PX081-0037,PX081,UNRAVELED,delayed_unavailable,,full_context_reference,,True,8101,,37,px081_evidence_acquisition/RESULTS.json,DataExfiltration,DataExfiltration,2310
PX081-0038,PX081,UNRAVELED,wrong_host_history,,none,1,False,8101,,38,px081_evidence_acquisition/RESULTS.json,Benign,Benign,192026
PX081-0038,PX081,UNRAVELED,wrong_host_history,,none,1,False,8101,,38,px081_evidence_acquisition/RESULTS.json,Benign,OtherAttackStage,2
PX081-0038,PX081,UNRAVELED,wrong_host_history,,none,1,False,8101,,38,px081_evidence_acquisition/RESULTS.json,Benign,LateralMovement,142
PX081-0038,PX081,UNRAVELED,wrong_host_history,,none,1,False,8101,,38,px081_evidence_acquisition/RESULTS.json,Benign,DataExfiltration,23
PX081-0038,PX081,UNRAVELED,wrong_host_history,,none,1,False,8101,,38,px081_evidence_acquisition/RESULTS.json,OtherAttackStage,Benign,38
PX081-0038,PX081,UNRAVELED,wrong_host_history,,none,1,False,8101,,38,px081_evidence_acquisition/RESULTS.json,OtherAttackStage,OtherAttackStage,12023
PX081-0038,PX081,UNRAVELED,wrong_host_history,,none,1,False,8101,,38,px081_evidence_acquisition/RESULTS.json,OtherAttackStage,LateralMovement,0
PX081-0038,PX081,UNRAVELED,wrong_host_history,,none,1,False,8101,,38,px081_evidence_acquisition/RESULTS.json,OtherAttackStage,DataExfiltration,363
PX081-0038,PX081,UNRAVELED,wrong_host_history,,none,1,False,8101,,38,px081_evidence_acquisition/RESULTS.json,LateralMovement,Benign,7
PX081-0038,PX081,UNRAVELED,wrong_host_history,,none,1,False,8101,,38,px081_evidence_acquisition/RESULTS.json,LateralMovement,OtherAttackStage,0
PX081-0038,PX081,UNRAVELED,wrong_host_history,,none,1,False,8101,,38,px081_evidence_acquisition/RESULTS.json,LateralMovement,LateralMovement,28
PX081-0038,PX081,UNRAVELED,wrong_host_history,,none,1,False,8101,,38,px081_evidence_acquisition/RESULTS.json,LateralMovement,DataExfiltration,0
PX081-0038,PX081,UNRAVELED,wrong_host_history,,none,1,False,8101,,38,px081_evidence_acquisition/RESULTS.json,DataExfiltration,Benign,1118
PX081-0038,PX081,UNRAVELED,wrong_host_history,,none,1,False,8101,,38,px081_evidence_acquisition/RESULTS.json,DataExfiltration,OtherAttackStage,0
PX081-0038,PX081,UNRAVELED,wrong_host_history,,none,1,False,8101,,38,px081_evidence_acquisition/RESULTS.json,DataExfiltration,LateralMovement,0
PX081-0038,PX081,UNRAVELED,wrong_host_history,,none,1,False,8101,,38,px081_evidence_acquisition/RESULTS.json,DataExfiltration,DataExfiltration,2324
PX081-0039,PX081,UNRAVELED,wrong_host_history,,roles_first,1,False,8101,,39,px081_evidence_acquisition/RESULTS.json,Benign,Benign,192007
PX081-0039,PX081,UNRAVELED,wrong_host_history,,roles_first,1,False,8101,,39,px081_evidence_acquisition/RESULTS.json,Benign,OtherAttackStage,3
PX081-0039,PX081,UNRAVELED,wrong_host_history,,roles_first,1,False,8101,,39,px081_evidence_acquisition/RESULTS.json,Benign,LateralMovement,160
PX081-0039,PX081,UNRAVELED,wrong_host_history,,roles_first,1,False,8101,,39,px081_evidence_acquisition/RESULTS.json,Benign,DataExfiltration,23
PX081-0039,PX081,UNRAVELED,wrong_host_history,,roles_first,1,False,8101,,39,px081_evidence_acquisition/RESULTS.json,OtherAttackStage,Benign,40
PX081-0039,PX081,UNRAVELED,wrong_host_history,,roles_first,1,False,8101,,39,px081_evidence_acquisition/RESULTS.json,OtherAttackStage,OtherAttackStage,12022
PX081-0039,PX081,UNRAVELED,wrong_host_history,,roles_first,1,False,8101,,39,px081_evidence_acquisition/RESULTS.json,OtherAttackStage,LateralMovement,0
PX081-0039,PX081,UNRAVELED,wrong_host_history,,roles_first,1,False,8101,,39,px081_evidence_acquisition/RESULTS.json,OtherAttackStage,DataExfiltration,362
PX081-0039,PX081,UNRAVELED,wrong_host_history,,roles_first,1,False,8101,,39,px081_evidence_acquisition/RESULTS.json,LateralMovement,Benign,3
PX081-0039,PX081,UNRAVELED,wrong_host_history,,roles_first,1,False,8101,,39,px081_evidence_acquisition/RESULTS.json,LateralMovement,OtherAttackStage,0
PX081-0039,PX081,UNRAVELED,wrong_host_history,,roles_first,1,False,8101,,39,px081_evidence_acquisition/RESULTS.json,LateralMovement,LateralMovement,32
PX081-0039,PX081,UNRAVELED,wrong_host_history,,roles_first,1,False,8101,,39,px081_evidence_acquisition/RESULTS.json,LateralMovement,DataExfiltration,0
PX081-0039,PX081,UNRAVELED,wrong_host_history,,roles_first,1,False,8101,,39,px081_evidence_acquisition/RESULTS.json,DataExfiltration,Benign,43
PX081-0039,PX081,UNRAVELED,wrong_host_history,,roles_first,1,False,8101,,39,px081_evidence_acquisition/RESULTS.json,DataExfiltration,OtherAttackStage,0
PX081-0039,PX081,UNRAVELED,wrong_host_history,,roles_first,1,False,8101,,39,px081_evidence_acquisition/RESULTS.json,DataExfiltration,LateralMovement,1075
PX081-0039,PX081,UNRAVELED,wrong_host_history,,roles_first,1,False,8101,,39,px081_evidence_acquisition/RESULTS.json,DataExfiltration,DataExfiltration,2324
PX081-0040,PX081,UNRAVELED,wrong_host_history,,history_first,1,False,8101,,40,px081_evidence_acquisition/RESULTS.json,Benign,Benign,192007
PX081-0040,PX081,UNRAVELED,wrong_host_history,,history_first,1,False,8101,,40,px081_evidence_acquisition/RESULTS.json,Benign,OtherAttackStage,3
PX081-0040,PX081,UNRAVELED,wrong_host_history,,history_first,1,False,8101,,40,px081_evidence_acquisition/RESULTS.json,Benign,LateralMovement,160
PX081-0040,PX081,UNRAVELED,wrong_host_history,,history_first,1,False,8101,,40,px081_evidence_acquisition/RESULTS.json,Benign,DataExfiltration,23
PX081-0040,PX081,UNRAVELED,wrong_host_history,,history_first,1,False,8101,,40,px081_evidence_acquisition/RESULTS.json,OtherAttackStage,Benign,40
PX081-0040,PX081,UNRAVELED,wrong_host_history,,history_first,1,False,8101,,40,px081_evidence_acquisition/RESULTS.json,OtherAttackStage,OtherAttackStage,12022
PX081-0040,PX081,UNRAVELED,wrong_host_history,,history_first,1,False,8101,,40,px081_evidence_acquisition/RESULTS.json,OtherAttackStage,LateralMovement,0
PX081-0040,PX081,UNRAVELED,wrong_host_history,,history_first,1,False,8101,,40,px081_evidence_acquisition/RESULTS.json,OtherAttackStage,DataExfiltration,362
PX081-0040,PX081,UNRAVELED,wrong_host_history,,history_first,1,False,8101,,40,px081_evidence_acquisition/RESULTS.json,LateralMovement,Benign,3
PX081-0040,PX081,UNRAVELED,wrong_host_history,,history_first,1,False,8101,,40,px081_evidence_acquisition/RESULTS.json,LateralMovement,OtherAttackStage,0
PX081-0040,PX081,UNRAVELED,wrong_host_history,,history_first,1,False,8101,,40,px081_evidence_acquisition/RESULTS.json,LateralMovement,LateralMovement,32
PX081-0040,PX081,UNRAVELED,wrong_host_history,,history_first,1,False,8101,,40,px081_evidence_acquisition/RESULTS.json,LateralMovement,DataExfiltration,0
PX081-0040,PX081,UNRAVELED,wrong_host_history,,history_first,1,False,8101,,40,px081_evidence_acquisition/RESULTS.json,DataExfiltration,Benign,43
PX081-0040,PX081,UNRAVELED,wrong_host_history,,history_first,1,False,8101,,40,px081_evidence_acquisition/RESULTS.json,DataExfiltration,OtherAttackStage,0
PX081-0040,PX081,UNRAVELED,wrong_host_history,,history_first,1,False,8101,,40,px081_evidence_acquisition/RESULTS.json,DataExfiltration,LateralMovement,1075
PX081-0040,PX081,UNRAVELED,wrong_host_history,,history_first,1,False,8101,,40,px081_evidence_acquisition/RESULTS.json,DataExfiltration,DataExfiltration,2324
PX081-0041,PX081,UNRAVELED,wrong_host_history,,random,1,False,8101,,41,px081_evidence_acquisition/RESULTS.json,Benign,Benign,192007
PX081-0041,PX081,UNRAVELED,wrong_host_history,,random,1,False,8101,,41,px081_evidence_acquisition/RESULTS.json,Benign,OtherAttackStage,3
PX081-0041,PX081,UNRAVELED,wrong_host_history,,random,1,False,8101,,41,px081_evidence_acquisition/RESULTS.json,Benign,LateralMovement,160
PX081-0041,PX081,UNRAVELED,wrong_host_history,,random,1,False,8101,,41,px081_evidence_acquisition/RESULTS.json,Benign,DataExfiltration,23
PX081-0041,PX081,UNRAVELED,wrong_host_history,,random,1,False,8101,,41,px081_evidence_acquisition/RESULTS.json,OtherAttackStage,Benign,40
PX081-0041,PX081,UNRAVELED,wrong_host_history,,random,1,False,8101,,41,px081_evidence_acquisition/RESULTS.json,OtherAttackStage,OtherAttackStage,12022
PX081-0041,PX081,UNRAVELED,wrong_host_history,,random,1,False,8101,,41,px081_evidence_acquisition/RESULTS.json,OtherAttackStage,LateralMovement,0
PX081-0041,PX081,UNRAVELED,wrong_host_history,,random,1,False,8101,,41,px081_evidence_acquisition/RESULTS.json,OtherAttackStage,DataExfiltration,362
PX081-0041,PX081,UNRAVELED,wrong_host_history,,random,1,False,8101,,41,px081_evidence_acquisition/RESULTS.json,LateralMovement,Benign,3
PX081-0041,PX081,UNRAVELED,wrong_host_history,,random,1,False,8101,,41,px081_evidence_acquisition/RESULTS.json,LateralMovement,OtherAttackStage,0
PX081-0041,PX081,UNRAVELED,wrong_host_history,,random,1,False,8101,,41,px081_evidence_acquisition/RESULTS.json,LateralMovement,LateralMovement,32
PX081-0041,PX081,UNRAVELED,wrong_host_history,,random,1,False,8101,,41,px081_evidence_acquisition/RESULTS.json,LateralMovement,DataExfiltration,0
PX081-0041,PX081,UNRAVELED,wrong_host_history,,random,1,False,8101,,41,px081_evidence_acquisition/RESULTS.json,DataExfiltration,Benign,43
PX081-0041,PX081,UNRAVELED,wrong_host_history,,random,1,False,8101,,41,px081_evidence_acquisition/RESULTS.json,DataExfiltration,OtherAttackStage,0
PX081-0041,PX081,UNRAVELED,wrong_host_history,,random,1,False,8101,,41,px081_evidence_acquisition/RESULTS.json,DataExfiltration,LateralMovement,1075
PX081-0041,PX081,UNRAVELED,wrong_host_history,,random,1,False,8101,,41,px081_evidence_acquisition/RESULTS.json,DataExfiltration,DataExfiltration,2324
PX081-0042,PX081,UNRAVELED,wrong_host_history,,entropy,1,False,8101,,42,px081_evidence_acquisition/RESULTS.json,Benign,Benign,192025
PX081-0042,PX081,UNRAVELED,wrong_host_history,,entropy,1,False,8101,,42,px081_evidence_acquisition/RESULTS.json,Benign,OtherAttackStage,3
PX081-0042,PX081,UNRAVELED,wrong_host_history,,entropy,1,False,8101,,42,px081_evidence_acquisition/RESULTS.json,Benign,LateralMovement,142
PX081-0042,PX081,UNRAVELED,wrong_host_history,,entropy,1,False,8101,,42,px081_evidence_acquisition/RESULTS.json,Benign,DataExfiltration,23
PX081-0042,PX081,UNRAVELED,wrong_host_history,,entropy,1,False,8101,,42,px081_evidence_acquisition/RESULTS.json,OtherAttackStage,Benign,40
PX081-0042,PX081,UNRAVELED,wrong_host_history,,entropy,1,False,8101,,42,px081_evidence_acquisition/RESULTS.json,OtherAttackStage,OtherAttackStage,12022
PX081-0042,PX081,UNRAVELED,wrong_host_history,,entropy,1,False,8101,,42,px081_evidence_acquisition/RESULTS.json,OtherAttackStage,LateralMovement,0
PX081-0042,PX081,UNRAVELED,wrong_host_history,,entropy,1,False,8101,,42,px081_evidence_acquisition/RESULTS.json,OtherAttackStage,DataExfiltration,362
PX081-0042,PX081,UNRAVELED,wrong_host_history,,entropy,1,False,8101,,42,px081_evidence_acquisition/RESULTS.json,LateralMovement,Benign,7
PX081-0042,PX081,UNRAVELED,wrong_host_history,,entropy,1,False,8101,,42,px081_evidence_acquisition/RESULTS.json,LateralMovement,OtherAttackStage,0
PX081-0042,PX081,UNRAVELED,wrong_host_history,,entropy,1,False,8101,,42,px081_evidence_acquisition/RESULTS.json,LateralMovement,LateralMovement,28
PX081-0042,PX081,UNRAVELED,wrong_host_history,,entropy,1,False,8101,,42,px081_evidence_acquisition/RESULTS.json,LateralMovement,DataExfiltration,0
PX081-0042,PX081,UNRAVELED,wrong_host_history,,entropy,1,False,8101,,42,px081_evidence_acquisition/RESULTS.json,DataExfiltration,Benign,74
PX081-0042,PX081,UNRAVELED,wrong_host_history,,entropy,1,False,8101,,42,px081_evidence_acquisition/RESULTS.json,DataExfiltration,OtherAttackStage,0
PX081-0042,PX081,UNRAVELED,wrong_host_history,,entropy,1,False,8101,,42,px081_evidence_acquisition/RESULTS.json,DataExfiltration,LateralMovement,1044
PX081-0042,PX081,UNRAVELED,wrong_host_history,,entropy,1,False,8101,,42,px081_evidence_acquisition/RESULTS.json,DataExfiltration,DataExfiltration,2324
PX081-0043,PX081,UNRAVELED,wrong_host_history,,harm,1,False,8101,,43,px081_evidence_acquisition/RESULTS.json,Benign,Benign,192009
PX081-0043,PX081,UNRAVELED,wrong_host_history,,harm,1,False,8101,,43,px081_evidence_acquisition/RESULTS.json,Benign,OtherAttackStage,2
PX081-0043,PX081,UNRAVELED,wrong_host_history,,harm,1,False,8101,,43,px081_evidence_acquisition/RESULTS.json,Benign,LateralMovement,159
PX081-0043,PX081,UNRAVELED,wrong_host_history,,harm,1,False,8101,,43,px081_evidence_acquisition/RESULTS.json,Benign,DataExfiltration,23
PX081-0043,PX081,UNRAVELED,wrong_host_history,,harm,1,False,8101,,43,px081_evidence_acquisition/RESULTS.json,OtherAttackStage,Benign,37
PX081-0043,PX081,UNRAVELED,wrong_host_history,,harm,1,False,8101,,43,px081_evidence_acquisition/RESULTS.json,OtherAttackStage,OtherAttackStage,12024
PX081-0043,PX081,UNRAVELED,wrong_host_history,,harm,1,False,8101,,43,px081_evidence_acquisition/RESULTS.json,OtherAttackStage,LateralMovement,0
PX081-0043,PX081,UNRAVELED,wrong_host_history,,harm,1,False,8101,,43,px081_evidence_acquisition/RESULTS.json,OtherAttackStage,DataExfiltration,363
PX081-0043,PX081,UNRAVELED,wrong_host_history,,harm,1,False,8101,,43,px081_evidence_acquisition/RESULTS.json,LateralMovement,Benign,3
PX081-0043,PX081,UNRAVELED,wrong_host_history,,harm,1,False,8101,,43,px081_evidence_acquisition/RESULTS.json,LateralMovement,OtherAttackStage,0
PX081-0043,PX081,UNRAVELED,wrong_host_history,,harm,1,False,8101,,43,px081_evidence_acquisition/RESULTS.json,LateralMovement,LateralMovement,32
PX081-0043,PX081,UNRAVELED,wrong_host_history,,harm,1,False,8101,,43,px081_evidence_acquisition/RESULTS.json,LateralMovement,DataExfiltration,0
PX081-0043,PX081,UNRAVELED,wrong_host_history,,harm,1,False,8101,,43,px081_evidence_acquisition/RESULTS.json,DataExfiltration,Benign,1100
PX081-0043,PX081,UNRAVELED,wrong_host_history,,harm,1,False,8101,,43,px081_evidence_acquisition/RESULTS.json,DataExfiltration,OtherAttackStage,0
PX081-0043,PX081,UNRAVELED,wrong_host_history,,harm,1,False,8101,,43,px081_evidence_acquisition/RESULTS.json,DataExfiltration,LateralMovement,18
PX081-0043,PX081,UNRAVELED,wrong_host_history,,harm,1,False,8101,,43,px081_evidence_acquisition/RESULTS.json,DataExfiltration,DataExfiltration,2324
PX081-0044,PX081,UNRAVELED,wrong_host_history,,none,2,False,8101,,44,px081_evidence_acquisition/RESULTS.json,Benign,Benign,192026
PX081-0044,PX081,UNRAVELED,wrong_host_history,,none,2,False,8101,,44,px081_evidence_acquisition/RESULTS.json,Benign,OtherAttackStage,2
PX081-0044,PX081,UNRAVELED,wrong_host_history,,none,2,False,8101,,44,px081_evidence_acquisition/RESULTS.json,Benign,LateralMovement,142
PX081-0044,PX081,UNRAVELED,wrong_host_history,,none,2,False,8101,,44,px081_evidence_acquisition/RESULTS.json,Benign,DataExfiltration,23
PX081-0044,PX081,UNRAVELED,wrong_host_history,,none,2,False,8101,,44,px081_evidence_acquisition/RESULTS.json,OtherAttackStage,Benign,38
PX081-0044,PX081,UNRAVELED,wrong_host_history,,none,2,False,8101,,44,px081_evidence_acquisition/RESULTS.json,OtherAttackStage,OtherAttackStage,12023
PX081-0044,PX081,UNRAVELED,wrong_host_history,,none,2,False,8101,,44,px081_evidence_acquisition/RESULTS.json,OtherAttackStage,LateralMovement,0
PX081-0044,PX081,UNRAVELED,wrong_host_history,,none,2,False,8101,,44,px081_evidence_acquisition/RESULTS.json,OtherAttackStage,DataExfiltration,363
PX081-0044,PX081,UNRAVELED,wrong_host_history,,none,2,False,8101,,44,px081_evidence_acquisition/RESULTS.json,LateralMovement,Benign,7
PX081-0044,PX081,UNRAVELED,wrong_host_history,,none,2,False,8101,,44,px081_evidence_acquisition/RESULTS.json,LateralMovement,OtherAttackStage,0
PX081-0044,PX081,UNRAVELED,wrong_host_history,,none,2,False,8101,,44,px081_evidence_acquisition/RESULTS.json,LateralMovement,LateralMovement,28
PX081-0044,PX081,UNRAVELED,wrong_host_history,,none,2,False,8101,,44,px081_evidence_acquisition/RESULTS.json,LateralMovement,DataExfiltration,0
PX081-0044,PX081,UNRAVELED,wrong_host_history,,none,2,False,8101,,44,px081_evidence_acquisition/RESULTS.json,DataExfiltration,Benign,1118
PX081-0044,PX081,UNRAVELED,wrong_host_history,,none,2,False,8101,,44,px081_evidence_acquisition/RESULTS.json,DataExfiltration,OtherAttackStage,0
PX081-0044,PX081,UNRAVELED,wrong_host_history,,none,2,False,8101,,44,px081_evidence_acquisition/RESULTS.json,DataExfiltration,LateralMovement,0
PX081-0044,PX081,UNRAVELED,wrong_host_history,,none,2,False,8101,,44,px081_evidence_acquisition/RESULTS.json,DataExfiltration,DataExfiltration,2324
PX081-0045,PX081,UNRAVELED,wrong_host_history,,roles_first,2,False,8101,,45,px081_evidence_acquisition/RESULTS.json,Benign,Benign,192007
PX081-0045,PX081,UNRAVELED,wrong_host_history,,roles_first,2,False,8101,,45,px081_evidence_acquisition/RESULTS.json,Benign,OtherAttackStage,3
PX081-0045,PX081,UNRAVELED,wrong_host_history,,roles_first,2,False,8101,,45,px081_evidence_acquisition/RESULTS.json,Benign,LateralMovement,160
PX081-0045,PX081,UNRAVELED,wrong_host_history,,roles_first,2,False,8101,,45,px081_evidence_acquisition/RESULTS.json,Benign,DataExfiltration,23
PX081-0045,PX081,UNRAVELED,wrong_host_history,,roles_first,2,False,8101,,45,px081_evidence_acquisition/RESULTS.json,OtherAttackStage,Benign,40
PX081-0045,PX081,UNRAVELED,wrong_host_history,,roles_first,2,False,8101,,45,px081_evidence_acquisition/RESULTS.json,OtherAttackStage,OtherAttackStage,12022
PX081-0045,PX081,UNRAVELED,wrong_host_history,,roles_first,2,False,8101,,45,px081_evidence_acquisition/RESULTS.json,OtherAttackStage,LateralMovement,0
PX081-0045,PX081,UNRAVELED,wrong_host_history,,roles_first,2,False,8101,,45,px081_evidence_acquisition/RESULTS.json,OtherAttackStage,DataExfiltration,362
PX081-0045,PX081,UNRAVELED,wrong_host_history,,roles_first,2,False,8101,,45,px081_evidence_acquisition/RESULTS.json,LateralMovement,Benign,3
PX081-0045,PX081,UNRAVELED,wrong_host_history,,roles_first,2,False,8101,,45,px081_evidence_acquisition/RESULTS.json,LateralMovement,OtherAttackStage,0
PX081-0045,PX081,UNRAVELED,wrong_host_history,,roles_first,2,False,8101,,45,px081_evidence_acquisition/RESULTS.json,LateralMovement,LateralMovement,32
PX081-0045,PX081,UNRAVELED,wrong_host_history,,roles_first,2,False,8101,,45,px081_evidence_acquisition/RESULTS.json,LateralMovement,DataExfiltration,0
PX081-0045,PX081,UNRAVELED,wrong_host_history,,roles_first,2,False,8101,,45,px081_evidence_acquisition/RESULTS.json,DataExfiltration,Benign,43
PX081-0045,PX081,UNRAVELED,wrong_host_history,,roles_first,2,False,8101,,45,px081_evidence_acquisition/RESULTS.json,DataExfiltration,OtherAttackStage,0
PX081-0045,PX081,UNRAVELED,wrong_host_history,,roles_first,2,False,8101,,45,px081_evidence_acquisition/RESULTS.json,DataExfiltration,LateralMovement,1075
PX081-0045,PX081,UNRAVELED,wrong_host_history,,roles_first,2,False,8101,,45,px081_evidence_acquisition/RESULTS.json,DataExfiltration,DataExfiltration,2324
PX081-0046,PX081,UNRAVELED,wrong_host_history,,history_first,2,False,8101,,46,px081_evidence_acquisition/RESULTS.json,Benign,Benign,192185
PX081-0046,PX081,UNRAVELED,wrong_host_history,,history_first,2,False,8101,,46,px081_evidence_acquisition/RESULTS.json,Benign,OtherAttackStage,0
PX081-0046,PX081,UNRAVELED,wrong_host_history,,history_first,2,False,8101,,46,px081_evidence_acquisition/RESULTS.json,Benign,LateralMovement,8
PX081-0046,PX081,UNRAVELED,wrong_host_history,,history_first,2,False,8101,,46,px081_evidence_acquisition/RESULTS.json,Benign,DataExfiltration,0
PX081-0046,PX081,UNRAVELED,wrong_host_history,,history_first,2,False,8101,,46,px081_evidence_acquisition/RESULTS.json,OtherAttackStage,Benign,629
PX081-0046,PX081,UNRAVELED,wrong_host_history,,history_first,2,False,8101,,46,px081_evidence_acquisition/RESULTS.json,OtherAttackStage,OtherAttackStage,11567
PX081-0046,PX081,UNRAVELED,wrong_host_history,,history_first,2,False,8101,,46,px081_evidence_acquisition/RESULTS.json,OtherAttackStage,LateralMovement,0
PX081-0046,PX081,UNRAVELED,wrong_host_history,,history_first,2,False,8101,,46,px081_evidence_acquisition/RESULTS.json,OtherAttackStage,DataExfiltration,228
PX081-0046,PX081,UNRAVELED,wrong_host_history,,history_first,2,False,8101,,46,px081_evidence_acquisition/RESULTS.json,LateralMovement,Benign,35
PX081-0046,PX081,UNRAVELED,wrong_host_history,,history_first,2,False,8101,,46,px081_evidence_acquisition/RESULTS.json,LateralMovement,OtherAttackStage,0
PX081-0046,PX081,UNRAVELED,wrong_host_history,,history_first,2,False,8101,,46,px081_evidence_acquisition/RESULTS.json,LateralMovement,LateralMovement,0
PX081-0046,PX081,UNRAVELED,wrong_host_history,,history_first,2,False,8101,,46,px081_evidence_acquisition/RESULTS.json,LateralMovement,DataExfiltration,0
PX081-0046,PX081,UNRAVELED,wrong_host_history,,history_first,2,False,8101,,46,px081_evidence_acquisition/RESULTS.json,DataExfiltration,Benign,1142
PX081-0046,PX081,UNRAVELED,wrong_host_history,,history_first,2,False,8101,,46,px081_evidence_acquisition/RESULTS.json,DataExfiltration,OtherAttackStage,0
PX081-0046,PX081,UNRAVELED,wrong_host_history,,history_first,2,False,8101,,46,px081_evidence_acquisition/RESULTS.json,DataExfiltration,LateralMovement,0
PX081-0046,PX081,UNRAVELED,wrong_host_history,,history_first,2,False,8101,,46,px081_evidence_acquisition/RESULTS.json,DataExfiltration,DataExfiltration,2300
PX081-0047,PX081,UNRAVELED,wrong_host_history,,random,2,False,8101,,47,px081_evidence_acquisition/RESULTS.json,Benign,Benign,192104
PX081-0047,PX081,UNRAVELED,wrong_host_history,,random,2,False,8101,,47,px081_evidence_acquisition/RESULTS.json,Benign,OtherAttackStage,2
PX081-0047,PX081,UNRAVELED,wrong_host_history,,random,2,False,8101,,47,px081_evidence_acquisition/RESULTS.json,Benign,LateralMovement,75
PX081-0047,PX081,UNRAVELED,wrong_host_history,,random,2,False,8101,,47,px081_evidence_acquisition/RESULTS.json,Benign,DataExfiltration,12
PX081-0047,PX081,UNRAVELED,wrong_host_history,,random,2,False,8101,,47,px081_evidence_acquisition/RESULTS.json,OtherAttackStage,Benign,353
PX081-0047,PX081,UNRAVELED,wrong_host_history,,random,2,False,8101,,47,px081_evidence_acquisition/RESULTS.json,OtherAttackStage,OtherAttackStage,11777
PX081-0047,PX081,UNRAVELED,wrong_host_history,,random,2,False,8101,,47,px081_evidence_acquisition/RESULTS.json,OtherAttackStage,LateralMovement,0
PX081-0047,PX081,UNRAVELED,wrong_host_history,,random,2,False,8101,,47,px081_evidence_acquisition/RESULTS.json,OtherAttackStage,DataExfiltration,294
PX081-0047,PX081,UNRAVELED,wrong_host_history,,random,2,False,8101,,47,px081_evidence_acquisition/RESULTS.json,LateralMovement,Benign,16
PX081-0047,PX081,UNRAVELED,wrong_host_history,,random,2,False,8101,,47,px081_evidence_acquisition/RESULTS.json,LateralMovement,OtherAttackStage,0
PX081-0047,PX081,UNRAVELED,wrong_host_history,,random,2,False,8101,,47,px081_evidence_acquisition/RESULTS.json,LateralMovement,LateralMovement,19
PX081-0047,PX081,UNRAVELED,wrong_host_history,,random,2,False,8101,,47,px081_evidence_acquisition/RESULTS.json,LateralMovement,DataExfiltration,0
PX081-0047,PX081,UNRAVELED,wrong_host_history,,random,2,False,8101,,47,px081_evidence_acquisition/RESULTS.json,DataExfiltration,Benign,581
PX081-0047,PX081,UNRAVELED,wrong_host_history,,random,2,False,8101,,47,px081_evidence_acquisition/RESULTS.json,DataExfiltration,OtherAttackStage,0
PX081-0047,PX081,UNRAVELED,wrong_host_history,,random,2,False,8101,,47,px081_evidence_acquisition/RESULTS.json,DataExfiltration,LateralMovement,551
PX081-0047,PX081,UNRAVELED,wrong_host_history,,random,2,False,8101,,47,px081_evidence_acquisition/RESULTS.json,DataExfiltration,DataExfiltration,2310
PX081-0048,PX081,UNRAVELED,wrong_host_history,,entropy,2,False,8101,,48,px081_evidence_acquisition/RESULTS.json,Benign,Benign,192155
PX081-0048,PX081,UNRAVELED,wrong_host_history,,entropy,2,False,8101,,48,px081_evidence_acquisition/RESULTS.json,Benign,OtherAttackStage,1
PX081-0048,PX081,UNRAVELED,wrong_host_history,,entropy,2,False,8101,,48,px081_evidence_acquisition/RESULTS.json,Benign,LateralMovement,37
PX081-0048,PX081,UNRAVELED,wrong_host_history,,entropy,2,False,8101,,48,px081_evidence_acquisition/RESULTS.json,Benign,DataExfiltration,0
PX081-0048,PX081,UNRAVELED,wrong_host_history,,entropy,2,False,8101,,48,px081_evidence_acquisition/RESULTS.json,OtherAttackStage,Benign,596
PX081-0048,PX081,UNRAVELED,wrong_host_history,,entropy,2,False,8101,,48,px081_evidence_acquisition/RESULTS.json,OtherAttackStage,OtherAttackStage,11568
PX081-0048,PX081,UNRAVELED,wrong_host_history,,entropy,2,False,8101,,48,px081_evidence_acquisition/RESULTS.json,OtherAttackStage,LateralMovement,0
PX081-0048,PX081,UNRAVELED,wrong_host_history,,entropy,2,False,8101,,48,px081_evidence_acquisition/RESULTS.json,OtherAttackStage,DataExfiltration,260
PX081-0048,PX081,UNRAVELED,wrong_host_history,,entropy,2,False,8101,,48,px081_evidence_acquisition/RESULTS.json,LateralMovement,Benign,28
PX081-0048,PX081,UNRAVELED,wrong_host_history,,entropy,2,False,8101,,48,px081_evidence_acquisition/RESULTS.json,LateralMovement,OtherAttackStage,0
PX081-0048,PX081,UNRAVELED,wrong_host_history,,entropy,2,False,8101,,48,px081_evidence_acquisition/RESULTS.json,LateralMovement,LateralMovement,7
PX081-0048,PX081,UNRAVELED,wrong_host_history,,entropy,2,False,8101,,48,px081_evidence_acquisition/RESULTS.json,LateralMovement,DataExfiltration,0
PX081-0048,PX081,UNRAVELED,wrong_host_history,,entropy,2,False,8101,,48,px081_evidence_acquisition/RESULTS.json,DataExfiltration,Benign,81
PX081-0048,PX081,UNRAVELED,wrong_host_history,,entropy,2,False,8101,,48,px081_evidence_acquisition/RESULTS.json,DataExfiltration,OtherAttackStage,0
PX081-0048,PX081,UNRAVELED,wrong_host_history,,entropy,2,False,8101,,48,px081_evidence_acquisition/RESULTS.json,DataExfiltration,LateralMovement,1042
PX081-0048,PX081,UNRAVELED,wrong_host_history,,entropy,2,False,8101,,48,px081_evidence_acquisition/RESULTS.json,DataExfiltration,DataExfiltration,2319
PX081-0049,PX081,UNRAVELED,wrong_host_history,,harm,2,False,8101,,49,px081_evidence_acquisition/RESULTS.json,Benign,Benign,192131
PX081-0049,PX081,UNRAVELED,wrong_host_history,,harm,2,False,8101,,49,px081_evidence_acquisition/RESULTS.json,Benign,OtherAttackStage,0
PX081-0049,PX081,UNRAVELED,wrong_host_history,,harm,2,False,8101,,49,px081_evidence_acquisition/RESULTS.json,Benign,LateralMovement,61
PX081-0049,PX081,UNRAVELED,wrong_host_history,,harm,2,False,8101,,49,px081_evidence_acquisition/RESULTS.json,Benign,DataExfiltration,1
PX081-0049,PX081,UNRAVELED,wrong_host_history,,harm,2,False,8101,,49,px081_evidence_acquisition/RESULTS.json,OtherAttackStage,Benign,547
PX081-0049,PX081,UNRAVELED,wrong_host_history,,harm,2,False,8101,,49,px081_evidence_acquisition/RESULTS.json,OtherAttackStage,OtherAttackStage,11627
PX081-0049,PX081,UNRAVELED,wrong_host_history,,harm,2,False,8101,,49,px081_evidence_acquisition/RESULTS.json,OtherAttackStage,LateralMovement,0
PX081-0049,PX081,UNRAVELED,wrong_host_history,,harm,2,False,8101,,49,px081_evidence_acquisition/RESULTS.json,OtherAttackStage,DataExfiltration,250
PX081-0049,PX081,UNRAVELED,wrong_host_history,,harm,2,False,8101,,49,px081_evidence_acquisition/RESULTS.json,LateralMovement,Benign,25
PX081-0049,PX081,UNRAVELED,wrong_host_history,,harm,2,False,8101,,49,px081_evidence_acquisition/RESULTS.json,LateralMovement,OtherAttackStage,0
PX081-0049,PX081,UNRAVELED,wrong_host_history,,harm,2,False,8101,,49,px081_evidence_acquisition/RESULTS.json,LateralMovement,LateralMovement,10
PX081-0049,PX081,UNRAVELED,wrong_host_history,,harm,2,False,8101,,49,px081_evidence_acquisition/RESULTS.json,LateralMovement,DataExfiltration,0
PX081-0049,PX081,UNRAVELED,wrong_host_history,,harm,2,False,8101,,49,px081_evidence_acquisition/RESULTS.json,DataExfiltration,Benign,1130
PX081-0049,PX081,UNRAVELED,wrong_host_history,,harm,2,False,8101,,49,px081_evidence_acquisition/RESULTS.json,DataExfiltration,OtherAttackStage,0
PX081-0049,PX081,UNRAVELED,wrong_host_history,,harm,2,False,8101,,49,px081_evidence_acquisition/RESULTS.json,DataExfiltration,LateralMovement,2
PX081-0049,PX081,UNRAVELED,wrong_host_history,,harm,2,False,8101,,49,px081_evidence_acquisition/RESULTS.json,DataExfiltration,DataExfiltration,2310
PX081-0050,PX081,UNRAVELED,wrong_host_history,,none,3,False,8101,,50,px081_evidence_acquisition/RESULTS.json,Benign,Benign,192026
PX081-0050,PX081,UNRAVELED,wrong_host_history,,none,3,False,8101,,50,px081_evidence_acquisition/RESULTS.json,Benign,OtherAttackStage,2
PX081-0050,PX081,UNRAVELED,wrong_host_history,,none,3,False,8101,,50,px081_evidence_acquisition/RESULTS.json,Benign,LateralMovement,142
PX081-0050,PX081,UNRAVELED,wrong_host_history,,none,3,False,8101,,50,px081_evidence_acquisition/RESULTS.json,Benign,DataExfiltration,23
PX081-0050,PX081,UNRAVELED,wrong_host_history,,none,3,False,8101,,50,px081_evidence_acquisition/RESULTS.json,OtherAttackStage,Benign,38
PX081-0050,PX081,UNRAVELED,wrong_host_history,,none,3,False,8101,,50,px081_evidence_acquisition/RESULTS.json,OtherAttackStage,OtherAttackStage,12023
PX081-0050,PX081,UNRAVELED,wrong_host_history,,none,3,False,8101,,50,px081_evidence_acquisition/RESULTS.json,OtherAttackStage,LateralMovement,0
PX081-0050,PX081,UNRAVELED,wrong_host_history,,none,3,False,8101,,50,px081_evidence_acquisition/RESULTS.json,OtherAttackStage,DataExfiltration,363
PX081-0050,PX081,UNRAVELED,wrong_host_history,,none,3,False,8101,,50,px081_evidence_acquisition/RESULTS.json,LateralMovement,Benign,7
PX081-0050,PX081,UNRAVELED,wrong_host_history,,none,3,False,8101,,50,px081_evidence_acquisition/RESULTS.json,LateralMovement,OtherAttackStage,0
PX081-0050,PX081,UNRAVELED,wrong_host_history,,none,3,False,8101,,50,px081_evidence_acquisition/RESULTS.json,LateralMovement,LateralMovement,28
PX081-0050,PX081,UNRAVELED,wrong_host_history,,none,3,False,8101,,50,px081_evidence_acquisition/RESULTS.json,LateralMovement,DataExfiltration,0
PX081-0050,PX081,UNRAVELED,wrong_host_history,,none,3,False,8101,,50,px081_evidence_acquisition/RESULTS.json,DataExfiltration,Benign,1118
PX081-0050,PX081,UNRAVELED,wrong_host_history,,none,3,False,8101,,50,px081_evidence_acquisition/RESULTS.json,DataExfiltration,OtherAttackStage,0
PX081-0050,PX081,UNRAVELED,wrong_host_history,,none,3,False,8101,,50,px081_evidence_acquisition/RESULTS.json,DataExfiltration,LateralMovement,0
PX081-0050,PX081,UNRAVELED,wrong_host_history,,none,3,False,8101,,50,px081_evidence_acquisition/RESULTS.json,DataExfiltration,DataExfiltration,2324
PX081-0051,PX081,UNRAVELED,wrong_host_history,,roles_first,3,False,8101,,51,px081_evidence_acquisition/RESULTS.json,Benign,Benign,192158
PX081-0051,PX081,UNRAVELED,wrong_host_history,,roles_first,3,False,8101,,51,px081_evidence_acquisition/RESULTS.json,Benign,OtherAttackStage,0
PX081-0051,PX081,UNRAVELED,wrong_host_history,,roles_first,3,False,8101,,51,px081_evidence_acquisition/RESULTS.json,Benign,LateralMovement,35
PX081-0051,PX081,UNRAVELED,wrong_host_history,,roles_first,3,False,8101,,51,px081_evidence_acquisition/RESULTS.json,Benign,DataExfiltration,0
PX081-0051,PX081,UNRAVELED,wrong_host_history,,roles_first,3,False,8101,,51,px081_evidence_acquisition/RESULTS.json,OtherAttackStage,Benign,200
PX081-0051,PX081,UNRAVELED,wrong_host_history,,roles_first,3,False,8101,,51,px081_evidence_acquisition/RESULTS.json,OtherAttackStage,OtherAttackStage,11992
PX081-0051,PX081,UNRAVELED,wrong_host_history,,roles_first,3,False,8101,,51,px081_evidence_acquisition/RESULTS.json,OtherAttackStage,LateralMovement,0
PX081-0051,PX081,UNRAVELED,wrong_host_history,,roles_first,3,False,8101,,51,px081_evidence_acquisition/RESULTS.json,OtherAttackStage,DataExfiltration,232
PX081-0051,PX081,UNRAVELED,wrong_host_history,,roles_first,3,False,8101,,51,px081_evidence_acquisition/RESULTS.json,LateralMovement,Benign,25
PX081-0051,PX081,UNRAVELED,wrong_host_history,,roles_first,3,False,8101,,51,px081_evidence_acquisition/RESULTS.json,LateralMovement,OtherAttackStage,0
PX081-0051,PX081,UNRAVELED,wrong_host_history,,roles_first,3,False,8101,,51,px081_evidence_acquisition/RESULTS.json,LateralMovement,LateralMovement,10
PX081-0051,PX081,UNRAVELED,wrong_host_history,,roles_first,3,False,8101,,51,px081_evidence_acquisition/RESULTS.json,LateralMovement,DataExfiltration,0
PX081-0051,PX081,UNRAVELED,wrong_host_history,,roles_first,3,False,8101,,51,px081_evidence_acquisition/RESULTS.json,DataExfiltration,Benign,1137
PX081-0051,PX081,UNRAVELED,wrong_host_history,,roles_first,3,False,8101,,51,px081_evidence_acquisition/RESULTS.json,DataExfiltration,OtherAttackStage,0
PX081-0051,PX081,UNRAVELED,wrong_host_history,,roles_first,3,False,8101,,51,px081_evidence_acquisition/RESULTS.json,DataExfiltration,LateralMovement,2
PX081-0051,PX081,UNRAVELED,wrong_host_history,,roles_first,3,False,8101,,51,px081_evidence_acquisition/RESULTS.json,DataExfiltration,DataExfiltration,2303
PX081-0052,PX081,UNRAVELED,wrong_host_history,,history_first,3,False,8101,,52,px081_evidence_acquisition/RESULTS.json,Benign,Benign,192158
PX081-0052,PX081,UNRAVELED,wrong_host_history,,history_first,3,False,8101,,52,px081_evidence_acquisition/RESULTS.json,Benign,OtherAttackStage,0
PX081-0052,PX081,UNRAVELED,wrong_host_history,,history_first,3,False,8101,,52,px081_evidence_acquisition/RESULTS.json,Benign,LateralMovement,35
PX081-0052,PX081,UNRAVELED,wrong_host_history,,history_first,3,False,8101,,52,px081_evidence_acquisition/RESULTS.json,Benign,DataExfiltration,0
PX081-0052,PX081,UNRAVELED,wrong_host_history,,history_first,3,False,8101,,52,px081_evidence_acquisition/RESULTS.json,OtherAttackStage,Benign,200
PX081-0052,PX081,UNRAVELED,wrong_host_history,,history_first,3,False,8101,,52,px081_evidence_acquisition/RESULTS.json,OtherAttackStage,OtherAttackStage,11992
PX081-0052,PX081,UNRAVELED,wrong_host_history,,history_first,3,False,8101,,52,px081_evidence_acquisition/RESULTS.json,OtherAttackStage,LateralMovement,0
PX081-0052,PX081,UNRAVELED,wrong_host_history,,history_first,3,False,8101,,52,px081_evidence_acquisition/RESULTS.json,OtherAttackStage,DataExfiltration,232
PX081-0052,PX081,UNRAVELED,wrong_host_history,,history_first,3,False,8101,,52,px081_evidence_acquisition/RESULTS.json,LateralMovement,Benign,25
PX081-0052,PX081,UNRAVELED,wrong_host_history,,history_first,3,False,8101,,52,px081_evidence_acquisition/RESULTS.json,LateralMovement,OtherAttackStage,0
PX081-0052,PX081,UNRAVELED,wrong_host_history,,history_first,3,False,8101,,52,px081_evidence_acquisition/RESULTS.json,LateralMovement,LateralMovement,10
PX081-0052,PX081,UNRAVELED,wrong_host_history,,history_first,3,False,8101,,52,px081_evidence_acquisition/RESULTS.json,LateralMovement,DataExfiltration,0
PX081-0052,PX081,UNRAVELED,wrong_host_history,,history_first,3,False,8101,,52,px081_evidence_acquisition/RESULTS.json,DataExfiltration,Benign,1137
PX081-0052,PX081,UNRAVELED,wrong_host_history,,history_first,3,False,8101,,52,px081_evidence_acquisition/RESULTS.json,DataExfiltration,OtherAttackStage,0
PX081-0052,PX081,UNRAVELED,wrong_host_history,,history_first,3,False,8101,,52,px081_evidence_acquisition/RESULTS.json,DataExfiltration,LateralMovement,2
PX081-0052,PX081,UNRAVELED,wrong_host_history,,history_first,3,False,8101,,52,px081_evidence_acquisition/RESULTS.json,DataExfiltration,DataExfiltration,2303
PX081-0053,PX081,UNRAVELED,wrong_host_history,,random,3,False,8101,,53,px081_evidence_acquisition/RESULTS.json,Benign,Benign,192158
PX081-0053,PX081,UNRAVELED,wrong_host_history,,random,3,False,8101,,53,px081_evidence_acquisition/RESULTS.json,Benign,OtherAttackStage,0
PX081-0053,PX081,UNRAVELED,wrong_host_history,,random,3,False,8101,,53,px081_evidence_acquisition/RESULTS.json,Benign,LateralMovement,35
PX081-0053,PX081,UNRAVELED,wrong_host_history,,random,3,False,8101,,53,px081_evidence_acquisition/RESULTS.json,Benign,DataExfiltration,0
PX081-0053,PX081,UNRAVELED,wrong_host_history,,random,3,False,8101,,53,px081_evidence_acquisition/RESULTS.json,OtherAttackStage,Benign,200
PX081-0053,PX081,UNRAVELED,wrong_host_history,,random,3,False,8101,,53,px081_evidence_acquisition/RESULTS.json,OtherAttackStage,OtherAttackStage,11992
PX081-0053,PX081,UNRAVELED,wrong_host_history,,random,3,False,8101,,53,px081_evidence_acquisition/RESULTS.json,OtherAttackStage,LateralMovement,0
PX081-0053,PX081,UNRAVELED,wrong_host_history,,random,3,False,8101,,53,px081_evidence_acquisition/RESULTS.json,OtherAttackStage,DataExfiltration,232
PX081-0053,PX081,UNRAVELED,wrong_host_history,,random,3,False,8101,,53,px081_evidence_acquisition/RESULTS.json,LateralMovement,Benign,25
PX081-0053,PX081,UNRAVELED,wrong_host_history,,random,3,False,8101,,53,px081_evidence_acquisition/RESULTS.json,LateralMovement,OtherAttackStage,0
PX081-0053,PX081,UNRAVELED,wrong_host_history,,random,3,False,8101,,53,px081_evidence_acquisition/RESULTS.json,LateralMovement,LateralMovement,10
PX081-0053,PX081,UNRAVELED,wrong_host_history,,random,3,False,8101,,53,px081_evidence_acquisition/RESULTS.json,LateralMovement,DataExfiltration,0
PX081-0053,PX081,UNRAVELED,wrong_host_history,,random,3,False,8101,,53,px081_evidence_acquisition/RESULTS.json,DataExfiltration,Benign,1137
PX081-0053,PX081,UNRAVELED,wrong_host_history,,random,3,False,8101,,53,px081_evidence_acquisition/RESULTS.json,DataExfiltration,OtherAttackStage,0
PX081-0053,PX081,UNRAVELED,wrong_host_history,,random,3,False,8101,,53,px081_evidence_acquisition/RESULTS.json,DataExfiltration,LateralMovement,2
PX081-0053,PX081,UNRAVELED,wrong_host_history,,random,3,False,8101,,53,px081_evidence_acquisition/RESULTS.json,DataExfiltration,DataExfiltration,2303
PX081-0054,PX081,UNRAVELED,wrong_host_history,,entropy,3,False,8101,,54,px081_evidence_acquisition/RESULTS.json,Benign,Benign,192154
PX081-0054,PX081,UNRAVELED,wrong_host_history,,entropy,3,False,8101,,54,px081_evidence_acquisition/RESULTS.json,Benign,OtherAttackStage,0
PX081-0054,PX081,UNRAVELED,wrong_host_history,,entropy,3,False,8101,,54,px081_evidence_acquisition/RESULTS.json,Benign,LateralMovement,39
PX081-0054,PX081,UNRAVELED,wrong_host_history,,entropy,3,False,8101,,54,px081_evidence_acquisition/RESULTS.json,Benign,DataExfiltration,0
PX081-0054,PX081,UNRAVELED,wrong_host_history,,entropy,3,False,8101,,54,px081_evidence_acquisition/RESULTS.json,OtherAttackStage,Benign,190
PX081-0054,PX081,UNRAVELED,wrong_host_history,,entropy,3,False,8101,,54,px081_evidence_acquisition/RESULTS.json,OtherAttackStage,OtherAttackStage,11974
PX081-0054,PX081,UNRAVELED,wrong_host_history,,entropy,3,False,8101,,54,px081_evidence_acquisition/RESULTS.json,OtherAttackStage,LateralMovement,0
PX081-0054,PX081,UNRAVELED,wrong_host_history,,entropy,3,False,8101,,54,px081_evidence_acquisition/RESULTS.json,OtherAttackStage,DataExfiltration,260
PX081-0054,PX081,UNRAVELED,wrong_host_history,,entropy,3,False,8101,,54,px081_evidence_acquisition/RESULTS.json,LateralMovement,Benign,26
PX081-0054,PX081,UNRAVELED,wrong_host_history,,entropy,3,False,8101,,54,px081_evidence_acquisition/RESULTS.json,LateralMovement,OtherAttackStage,0
PX081-0054,PX081,UNRAVELED,wrong_host_history,,entropy,3,False,8101,,54,px081_evidence_acquisition/RESULTS.json,LateralMovement,LateralMovement,9
PX081-0054,PX081,UNRAVELED,wrong_host_history,,entropy,3,False,8101,,54,px081_evidence_acquisition/RESULTS.json,LateralMovement,DataExfiltration,0
PX081-0054,PX081,UNRAVELED,wrong_host_history,,entropy,3,False,8101,,54,px081_evidence_acquisition/RESULTS.json,DataExfiltration,Benign,1123
PX081-0054,PX081,UNRAVELED,wrong_host_history,,entropy,3,False,8101,,54,px081_evidence_acquisition/RESULTS.json,DataExfiltration,OtherAttackStage,0
PX081-0054,PX081,UNRAVELED,wrong_host_history,,entropy,3,False,8101,,54,px081_evidence_acquisition/RESULTS.json,DataExfiltration,LateralMovement,0
PX081-0054,PX081,UNRAVELED,wrong_host_history,,entropy,3,False,8101,,54,px081_evidence_acquisition/RESULTS.json,DataExfiltration,DataExfiltration,2319
PX081-0055,PX081,UNRAVELED,wrong_host_history,,harm,3,False,8101,,55,px081_evidence_acquisition/RESULTS.json,Benign,Benign,192136
PX081-0055,PX081,UNRAVELED,wrong_host_history,,harm,3,False,8101,,55,px081_evidence_acquisition/RESULTS.json,Benign,OtherAttackStage,0
PX081-0055,PX081,UNRAVELED,wrong_host_history,,harm,3,False,8101,,55,px081_evidence_acquisition/RESULTS.json,Benign,LateralMovement,57
PX081-0055,PX081,UNRAVELED,wrong_host_history,,harm,3,False,8101,,55,px081_evidence_acquisition/RESULTS.json,Benign,DataExfiltration,0
PX081-0055,PX081,UNRAVELED,wrong_host_history,,harm,3,False,8101,,55,px081_evidence_acquisition/RESULTS.json,OtherAttackStage,Benign,563
PX081-0055,PX081,UNRAVELED,wrong_host_history,,harm,3,False,8101,,55,px081_evidence_acquisition/RESULTS.json,OtherAttackStage,OtherAttackStage,11619
PX081-0055,PX081,UNRAVELED,wrong_host_history,,harm,3,False,8101,,55,px081_evidence_acquisition/RESULTS.json,OtherAttackStage,LateralMovement,0
PX081-0055,PX081,UNRAVELED,wrong_host_history,,harm,3,False,8101,,55,px081_evidence_acquisition/RESULTS.json,OtherAttackStage,DataExfiltration,242
PX081-0055,PX081,UNRAVELED,wrong_host_history,,harm,3,False,8101,,55,px081_evidence_acquisition/RESULTS.json,LateralMovement,Benign,25
PX081-0055,PX081,UNRAVELED,wrong_host_history,,harm,3,False,8101,,55,px081_evidence_acquisition/RESULTS.json,LateralMovement,OtherAttackStage,0
PX081-0055,PX081,UNRAVELED,wrong_host_history,,harm,3,False,8101,,55,px081_evidence_acquisition/RESULTS.json,LateralMovement,LateralMovement,10
PX081-0055,PX081,UNRAVELED,wrong_host_history,,harm,3,False,8101,,55,px081_evidence_acquisition/RESULTS.json,LateralMovement,DataExfiltration,0
PX081-0055,PX081,UNRAVELED,wrong_host_history,,harm,3,False,8101,,55,px081_evidence_acquisition/RESULTS.json,DataExfiltration,Benign,1134
PX081-0055,PX081,UNRAVELED,wrong_host_history,,harm,3,False,8101,,55,px081_evidence_acquisition/RESULTS.json,DataExfiltration,OtherAttackStage,0
PX081-0055,PX081,UNRAVELED,wrong_host_history,,harm,3,False,8101,,55,px081_evidence_acquisition/RESULTS.json,DataExfiltration,LateralMovement,2
PX081-0055,PX081,UNRAVELED,wrong_host_history,,harm,3,False,8101,,55,px081_evidence_acquisition/RESULTS.json,DataExfiltration,DataExfiltration,2306
PX081-0056,PX081,UNRAVELED,wrong_host_history,,full_context_reference,,True,8101,,56,px081_evidence_acquisition/RESULTS.json,Benign,Benign,192158
PX081-0056,PX081,UNRAVELED,wrong_host_history,,full_context_reference,,True,8101,,56,px081_evidence_acquisition/RESULTS.json,Benign,OtherAttackStage,0
PX081-0056,PX081,UNRAVELED,wrong_host_history,,full_context_reference,,True,8101,,56,px081_evidence_acquisition/RESULTS.json,Benign,LateralMovement,35
PX081-0056,PX081,UNRAVELED,wrong_host_history,,full_context_reference,,True,8101,,56,px081_evidence_acquisition/RESULTS.json,Benign,DataExfiltration,0
PX081-0056,PX081,UNRAVELED,wrong_host_history,,full_context_reference,,True,8101,,56,px081_evidence_acquisition/RESULTS.json,OtherAttackStage,Benign,200
PX081-0056,PX081,UNRAVELED,wrong_host_history,,full_context_reference,,True,8101,,56,px081_evidence_acquisition/RESULTS.json,OtherAttackStage,OtherAttackStage,11992
PX081-0056,PX081,UNRAVELED,wrong_host_history,,full_context_reference,,True,8101,,56,px081_evidence_acquisition/RESULTS.json,OtherAttackStage,LateralMovement,0
PX081-0056,PX081,UNRAVELED,wrong_host_history,,full_context_reference,,True,8101,,56,px081_evidence_acquisition/RESULTS.json,OtherAttackStage,DataExfiltration,232
PX081-0056,PX081,UNRAVELED,wrong_host_history,,full_context_reference,,True,8101,,56,px081_evidence_acquisition/RESULTS.json,LateralMovement,Benign,25
PX081-0056,PX081,UNRAVELED,wrong_host_history,,full_context_reference,,True,8101,,56,px081_evidence_acquisition/RESULTS.json,LateralMovement,OtherAttackStage,0
PX081-0056,PX081,UNRAVELED,wrong_host_history,,full_context_reference,,True,8101,,56,px081_evidence_acquisition/RESULTS.json,LateralMovement,LateralMovement,10
PX081-0056,PX081,UNRAVELED,wrong_host_history,,full_context_reference,,True,8101,,56,px081_evidence_acquisition/RESULTS.json,LateralMovement,DataExfiltration,0
PX081-0056,PX081,UNRAVELED,wrong_host_history,,full_context_reference,,True,8101,,56,px081_evidence_acquisition/RESULTS.json,DataExfiltration,Benign,1137
PX081-0056,PX081,UNRAVELED,wrong_host_history,,full_context_reference,,True,8101,,56,px081_evidence_acquisition/RESULTS.json,DataExfiltration,OtherAttackStage,0
PX081-0056,PX081,UNRAVELED,wrong_host_history,,full_context_reference,,True,8101,,56,px081_evidence_acquisition/RESULTS.json,DataExfiltration,LateralMovement,2
PX081-0056,PX081,UNRAVELED,wrong_host_history,,full_context_reference,,True,8101,,56,px081_evidence_acquisition/RESULTS.json,DataExfiltration,DataExfiltration,2303
PX081-0057,PX081,UNRAVELED,clean,,none,1,False,8102,,57,px081_evidence_acquisition/RESULTS.json,Benign,Benign,192035
PX081-0057,PX081,UNRAVELED,clean,,none,1,False,8102,,57,px081_evidence_acquisition/RESULTS.json,Benign,OtherAttackStage,14
PX081-0057,PX081,UNRAVELED,clean,,none,1,False,8102,,57,px081_evidence_acquisition/RESULTS.json,Benign,LateralMovement,129
PX081-0057,PX081,UNRAVELED,clean,,none,1,False,8102,,57,px081_evidence_acquisition/RESULTS.json,Benign,DataExfiltration,15
PX081-0057,PX081,UNRAVELED,clean,,none,1,False,8102,,57,px081_evidence_acquisition/RESULTS.json,OtherAttackStage,Benign,43
PX081-0057,PX081,UNRAVELED,clean,,none,1,False,8102,,57,px081_evidence_acquisition/RESULTS.json,OtherAttackStage,OtherAttackStage,12018
PX081-0057,PX081,UNRAVELED,clean,,none,1,False,8102,,57,px081_evidence_acquisition/RESULTS.json,OtherAttackStage,LateralMovement,0
PX081-0057,PX081,UNRAVELED,clean,,none,1,False,8102,,57,px081_evidence_acquisition/RESULTS.json,OtherAttackStage,DataExfiltration,363
PX081-0057,PX081,UNRAVELED,clean,,none,1,False,8102,,57,px081_evidence_acquisition/RESULTS.json,LateralMovement,Benign,8
PX081-0057,PX081,UNRAVELED,clean,,none,1,False,8102,,57,px081_evidence_acquisition/RESULTS.json,LateralMovement,OtherAttackStage,0
PX081-0057,PX081,UNRAVELED,clean,,none,1,False,8102,,57,px081_evidence_acquisition/RESULTS.json,LateralMovement,LateralMovement,27
PX081-0057,PX081,UNRAVELED,clean,,none,1,False,8102,,57,px081_evidence_acquisition/RESULTS.json,LateralMovement,DataExfiltration,0
PX081-0057,PX081,UNRAVELED,clean,,none,1,False,8102,,57,px081_evidence_acquisition/RESULTS.json,DataExfiltration,Benign,1119
PX081-0057,PX081,UNRAVELED,clean,,none,1,False,8102,,57,px081_evidence_acquisition/RESULTS.json,DataExfiltration,OtherAttackStage,0
PX081-0057,PX081,UNRAVELED,clean,,none,1,False,8102,,57,px081_evidence_acquisition/RESULTS.json,DataExfiltration,LateralMovement,0
PX081-0057,PX081,UNRAVELED,clean,,none,1,False,8102,,57,px081_evidence_acquisition/RESULTS.json,DataExfiltration,DataExfiltration,2323
PX081-0058,PX081,UNRAVELED,clean,,roles_first,1,False,8102,,58,px081_evidence_acquisition/RESULTS.json,Benign,Benign,192023
PX081-0058,PX081,UNRAVELED,clean,,roles_first,1,False,8102,,58,px081_evidence_acquisition/RESULTS.json,Benign,OtherAttackStage,13
PX081-0058,PX081,UNRAVELED,clean,,roles_first,1,False,8102,,58,px081_evidence_acquisition/RESULTS.json,Benign,LateralMovement,142
PX081-0058,PX081,UNRAVELED,clean,,roles_first,1,False,8102,,58,px081_evidence_acquisition/RESULTS.json,Benign,DataExfiltration,15
PX081-0058,PX081,UNRAVELED,clean,,roles_first,1,False,8102,,58,px081_evidence_acquisition/RESULTS.json,OtherAttackStage,Benign,39
PX081-0058,PX081,UNRAVELED,clean,,roles_first,1,False,8102,,58,px081_evidence_acquisition/RESULTS.json,OtherAttackStage,OtherAttackStage,12021
PX081-0058,PX081,UNRAVELED,clean,,roles_first,1,False,8102,,58,px081_evidence_acquisition/RESULTS.json,OtherAttackStage,LateralMovement,0
PX081-0058,PX081,UNRAVELED,clean,,roles_first,1,False,8102,,58,px081_evidence_acquisition/RESULTS.json,OtherAttackStage,DataExfiltration,364
PX081-0058,PX081,UNRAVELED,clean,,roles_first,1,False,8102,,58,px081_evidence_acquisition/RESULTS.json,LateralMovement,Benign,8
PX081-0058,PX081,UNRAVELED,clean,,roles_first,1,False,8102,,58,px081_evidence_acquisition/RESULTS.json,LateralMovement,OtherAttackStage,0
PX081-0058,PX081,UNRAVELED,clean,,roles_first,1,False,8102,,58,px081_evidence_acquisition/RESULTS.json,LateralMovement,LateralMovement,27
PX081-0058,PX081,UNRAVELED,clean,,roles_first,1,False,8102,,58,px081_evidence_acquisition/RESULTS.json,LateralMovement,DataExfiltration,0
PX081-0058,PX081,UNRAVELED,clean,,roles_first,1,False,8102,,58,px081_evidence_acquisition/RESULTS.json,DataExfiltration,Benign,61
PX081-0058,PX081,UNRAVELED,clean,,roles_first,1,False,8102,,58,px081_evidence_acquisition/RESULTS.json,DataExfiltration,OtherAttackStage,0
PX081-0058,PX081,UNRAVELED,clean,,roles_first,1,False,8102,,58,px081_evidence_acquisition/RESULTS.json,DataExfiltration,LateralMovement,1058
PX081-0058,PX081,UNRAVELED,clean,,roles_first,1,False,8102,,58,px081_evidence_acquisition/RESULTS.json,DataExfiltration,DataExfiltration,2323
PX081-0059,PX081,UNRAVELED,clean,,history_first,1,False,8102,,59,px081_evidence_acquisition/RESULTS.json,Benign,Benign,192023
PX081-0059,PX081,UNRAVELED,clean,,history_first,1,False,8102,,59,px081_evidence_acquisition/RESULTS.json,Benign,OtherAttackStage,13
PX081-0059,PX081,UNRAVELED,clean,,history_first,1,False,8102,,59,px081_evidence_acquisition/RESULTS.json,Benign,LateralMovement,142
PX081-0059,PX081,UNRAVELED,clean,,history_first,1,False,8102,,59,px081_evidence_acquisition/RESULTS.json,Benign,DataExfiltration,15
PX081-0059,PX081,UNRAVELED,clean,,history_first,1,False,8102,,59,px081_evidence_acquisition/RESULTS.json,OtherAttackStage,Benign,39
PX081-0059,PX081,UNRAVELED,clean,,history_first,1,False,8102,,59,px081_evidence_acquisition/RESULTS.json,OtherAttackStage,OtherAttackStage,12021
PX081-0059,PX081,UNRAVELED,clean,,history_first,1,False,8102,,59,px081_evidence_acquisition/RESULTS.json,OtherAttackStage,LateralMovement,0
PX081-0059,PX081,UNRAVELED,clean,,history_first,1,False,8102,,59,px081_evidence_acquisition/RESULTS.json,OtherAttackStage,DataExfiltration,364
PX081-0059,PX081,UNRAVELED,clean,,history_first,1,False,8102,,59,px081_evidence_acquisition/RESULTS.json,LateralMovement,Benign,8
PX081-0059,PX081,UNRAVELED,clean,,history_first,1,False,8102,,59,px081_evidence_acquisition/RESULTS.json,LateralMovement,OtherAttackStage,0
PX081-0059,PX081,UNRAVELED,clean,,history_first,1,False,8102,,59,px081_evidence_acquisition/RESULTS.json,LateralMovement,LateralMovement,27
PX081-0059,PX081,UNRAVELED,clean,,history_first,1,False,8102,,59,px081_evidence_acquisition/RESULTS.json,LateralMovement,DataExfiltration,0
PX081-0059,PX081,UNRAVELED,clean,,history_first,1,False,8102,,59,px081_evidence_acquisition/RESULTS.json,DataExfiltration,Benign,61
PX081-0059,PX081,UNRAVELED,clean,,history_first,1,False,8102,,59,px081_evidence_acquisition/RESULTS.json,DataExfiltration,OtherAttackStage,0
PX081-0059,PX081,UNRAVELED,clean,,history_first,1,False,8102,,59,px081_evidence_acquisition/RESULTS.json,DataExfiltration,LateralMovement,1058
PX081-0059,PX081,UNRAVELED,clean,,history_first,1,False,8102,,59,px081_evidence_acquisition/RESULTS.json,DataExfiltration,DataExfiltration,2323
PX081-0060,PX081,UNRAVELED,clean,,random,1,False,8102,,60,px081_evidence_acquisition/RESULTS.json,Benign,Benign,192023
PX081-0060,PX081,UNRAVELED,clean,,random,1,False,8102,,60,px081_evidence_acquisition/RESULTS.json,Benign,OtherAttackStage,13
PX081-0060,PX081,UNRAVELED,clean,,random,1,False,8102,,60,px081_evidence_acquisition/RESULTS.json,Benign,LateralMovement,142
PX081-0060,PX081,UNRAVELED,clean,,random,1,False,8102,,60,px081_evidence_acquisition/RESULTS.json,Benign,DataExfiltration,15
PX081-0060,PX081,UNRAVELED,clean,,random,1,False,8102,,60,px081_evidence_acquisition/RESULTS.json,OtherAttackStage,Benign,39
PX081-0060,PX081,UNRAVELED,clean,,random,1,False,8102,,60,px081_evidence_acquisition/RESULTS.json,OtherAttackStage,OtherAttackStage,12021
PX081-0060,PX081,UNRAVELED,clean,,random,1,False,8102,,60,px081_evidence_acquisition/RESULTS.json,OtherAttackStage,LateralMovement,0
PX081-0060,PX081,UNRAVELED,clean,,random,1,False,8102,,60,px081_evidence_acquisition/RESULTS.json,OtherAttackStage,DataExfiltration,364
PX081-0060,PX081,UNRAVELED,clean,,random,1,False,8102,,60,px081_evidence_acquisition/RESULTS.json,LateralMovement,Benign,8
PX081-0060,PX081,UNRAVELED,clean,,random,1,False,8102,,60,px081_evidence_acquisition/RESULTS.json,LateralMovement,OtherAttackStage,0
PX081-0060,PX081,UNRAVELED,clean,,random,1,False,8102,,60,px081_evidence_acquisition/RESULTS.json,LateralMovement,LateralMovement,27
PX081-0060,PX081,UNRAVELED,clean,,random,1,False,8102,,60,px081_evidence_acquisition/RESULTS.json,LateralMovement,DataExfiltration,0
PX081-0060,PX081,UNRAVELED,clean,,random,1,False,8102,,60,px081_evidence_acquisition/RESULTS.json,DataExfiltration,Benign,61
PX081-0060,PX081,UNRAVELED,clean,,random,1,False,8102,,60,px081_evidence_acquisition/RESULTS.json,DataExfiltration,OtherAttackStage,0
PX081-0060,PX081,UNRAVELED,clean,,random,1,False,8102,,60,px081_evidence_acquisition/RESULTS.json,DataExfiltration,LateralMovement,1058
PX081-0060,PX081,UNRAVELED,clean,,random,1,False,8102,,60,px081_evidence_acquisition/RESULTS.json,DataExfiltration,DataExfiltration,2323
PX081-0061,PX081,UNRAVELED,clean,,entropy,1,False,8102,,61,px081_evidence_acquisition/RESULTS.json,Benign,Benign,192022
PX081-0061,PX081,UNRAVELED,clean,,entropy,1,False,8102,,61,px081_evidence_acquisition/RESULTS.json,Benign,OtherAttackStage,14
PX081-0061,PX081,UNRAVELED,clean,,entropy,1,False,8102,,61,px081_evidence_acquisition/RESULTS.json,Benign,LateralMovement,142
PX081-0061,PX081,UNRAVELED,clean,,entropy,1,False,8102,,61,px081_evidence_acquisition/RESULTS.json,Benign,DataExfiltration,15
PX081-0061,PX081,UNRAVELED,clean,,entropy,1,False,8102,,61,px081_evidence_acquisition/RESULTS.json,OtherAttackStage,Benign,42
PX081-0061,PX081,UNRAVELED,clean,,entropy,1,False,8102,,61,px081_evidence_acquisition/RESULTS.json,OtherAttackStage,OtherAttackStage,12022
PX081-0061,PX081,UNRAVELED,clean,,entropy,1,False,8102,,61,px081_evidence_acquisition/RESULTS.json,OtherAttackStage,LateralMovement,0
PX081-0061,PX081,UNRAVELED,clean,,entropy,1,False,8102,,61,px081_evidence_acquisition/RESULTS.json,OtherAttackStage,DataExfiltration,360
PX081-0061,PX081,UNRAVELED,clean,,entropy,1,False,8102,,61,px081_evidence_acquisition/RESULTS.json,LateralMovement,Benign,8
PX081-0061,PX081,UNRAVELED,clean,,entropy,1,False,8102,,61,px081_evidence_acquisition/RESULTS.json,LateralMovement,OtherAttackStage,0
PX081-0061,PX081,UNRAVELED,clean,,entropy,1,False,8102,,61,px081_evidence_acquisition/RESULTS.json,LateralMovement,LateralMovement,27
PX081-0061,PX081,UNRAVELED,clean,,entropy,1,False,8102,,61,px081_evidence_acquisition/RESULTS.json,LateralMovement,DataExfiltration,0
PX081-0061,PX081,UNRAVELED,clean,,entropy,1,False,8102,,61,px081_evidence_acquisition/RESULTS.json,DataExfiltration,Benign,63
PX081-0061,PX081,UNRAVELED,clean,,entropy,1,False,8102,,61,px081_evidence_acquisition/RESULTS.json,DataExfiltration,OtherAttackStage,0
PX081-0061,PX081,UNRAVELED,clean,,entropy,1,False,8102,,61,px081_evidence_acquisition/RESULTS.json,DataExfiltration,LateralMovement,1056
PX081-0061,PX081,UNRAVELED,clean,,entropy,1,False,8102,,61,px081_evidence_acquisition/RESULTS.json,DataExfiltration,DataExfiltration,2323
PX081-0062,PX081,UNRAVELED,clean,,harm,1,False,8102,,62,px081_evidence_acquisition/RESULTS.json,Benign,Benign,192035
PX081-0062,PX081,UNRAVELED,clean,,harm,1,False,8102,,62,px081_evidence_acquisition/RESULTS.json,Benign,OtherAttackStage,14
PX081-0062,PX081,UNRAVELED,clean,,harm,1,False,8102,,62,px081_evidence_acquisition/RESULTS.json,Benign,LateralMovement,129
PX081-0062,PX081,UNRAVELED,clean,,harm,1,False,8102,,62,px081_evidence_acquisition/RESULTS.json,Benign,DataExfiltration,15
PX081-0062,PX081,UNRAVELED,clean,,harm,1,False,8102,,62,px081_evidence_acquisition/RESULTS.json,OtherAttackStage,Benign,43
PX081-0062,PX081,UNRAVELED,clean,,harm,1,False,8102,,62,px081_evidence_acquisition/RESULTS.json,OtherAttackStage,OtherAttackStage,12018
PX081-0062,PX081,UNRAVELED,clean,,harm,1,False,8102,,62,px081_evidence_acquisition/RESULTS.json,OtherAttackStage,LateralMovement,0
PX081-0062,PX081,UNRAVELED,clean,,harm,1,False,8102,,62,px081_evidence_acquisition/RESULTS.json,OtherAttackStage,DataExfiltration,363
PX081-0062,PX081,UNRAVELED,clean,,harm,1,False,8102,,62,px081_evidence_acquisition/RESULTS.json,LateralMovement,Benign,8
PX081-0062,PX081,UNRAVELED,clean,,harm,1,False,8102,,62,px081_evidence_acquisition/RESULTS.json,LateralMovement,OtherAttackStage,0
PX081-0062,PX081,UNRAVELED,clean,,harm,1,False,8102,,62,px081_evidence_acquisition/RESULTS.json,LateralMovement,LateralMovement,27
PX081-0062,PX081,UNRAVELED,clean,,harm,1,False,8102,,62,px081_evidence_acquisition/RESULTS.json,LateralMovement,DataExfiltration,0
PX081-0062,PX081,UNRAVELED,clean,,harm,1,False,8102,,62,px081_evidence_acquisition/RESULTS.json,DataExfiltration,Benign,1115
PX081-0062,PX081,UNRAVELED,clean,,harm,1,False,8102,,62,px081_evidence_acquisition/RESULTS.json,DataExfiltration,OtherAttackStage,0
PX081-0062,PX081,UNRAVELED,clean,,harm,1,False,8102,,62,px081_evidence_acquisition/RESULTS.json,DataExfiltration,LateralMovement,4
PX081-0062,PX081,UNRAVELED,clean,,harm,1,False,8102,,62,px081_evidence_acquisition/RESULTS.json,DataExfiltration,DataExfiltration,2323
PX081-0063,PX081,UNRAVELED,clean,,none,2,False,8102,,63,px081_evidence_acquisition/RESULTS.json,Benign,Benign,192035
PX081-0063,PX081,UNRAVELED,clean,,none,2,False,8102,,63,px081_evidence_acquisition/RESULTS.json,Benign,OtherAttackStage,14
PX081-0063,PX081,UNRAVELED,clean,,none,2,False,8102,,63,px081_evidence_acquisition/RESULTS.json,Benign,LateralMovement,129
PX081-0063,PX081,UNRAVELED,clean,,none,2,False,8102,,63,px081_evidence_acquisition/RESULTS.json,Benign,DataExfiltration,15
PX081-0063,PX081,UNRAVELED,clean,,none,2,False,8102,,63,px081_evidence_acquisition/RESULTS.json,OtherAttackStage,Benign,43
PX081-0063,PX081,UNRAVELED,clean,,none,2,False,8102,,63,px081_evidence_acquisition/RESULTS.json,OtherAttackStage,OtherAttackStage,12018
PX081-0063,PX081,UNRAVELED,clean,,none,2,False,8102,,63,px081_evidence_acquisition/RESULTS.json,OtherAttackStage,LateralMovement,0
PX081-0063,PX081,UNRAVELED,clean,,none,2,False,8102,,63,px081_evidence_acquisition/RESULTS.json,OtherAttackStage,DataExfiltration,363
PX081-0063,PX081,UNRAVELED,clean,,none,2,False,8102,,63,px081_evidence_acquisition/RESULTS.json,LateralMovement,Benign,8
PX081-0063,PX081,UNRAVELED,clean,,none,2,False,8102,,63,px081_evidence_acquisition/RESULTS.json,LateralMovement,OtherAttackStage,0
PX081-0063,PX081,UNRAVELED,clean,,none,2,False,8102,,63,px081_evidence_acquisition/RESULTS.json,LateralMovement,LateralMovement,27
PX081-0063,PX081,UNRAVELED,clean,,none,2,False,8102,,63,px081_evidence_acquisition/RESULTS.json,LateralMovement,DataExfiltration,0
PX081-0063,PX081,UNRAVELED,clean,,none,2,False,8102,,63,px081_evidence_acquisition/RESULTS.json,DataExfiltration,Benign,1119
PX081-0063,PX081,UNRAVELED,clean,,none,2,False,8102,,63,px081_evidence_acquisition/RESULTS.json,DataExfiltration,OtherAttackStage,0
PX081-0063,PX081,UNRAVELED,clean,,none,2,False,8102,,63,px081_evidence_acquisition/RESULTS.json,DataExfiltration,LateralMovement,0
PX081-0063,PX081,UNRAVELED,clean,,none,2,False,8102,,63,px081_evidence_acquisition/RESULTS.json,DataExfiltration,DataExfiltration,2323
PX081-0064,PX081,UNRAVELED,clean,,roles_first,2,False,8102,,64,px081_evidence_acquisition/RESULTS.json,Benign,Benign,192023
PX081-0064,PX081,UNRAVELED,clean,,roles_first,2,False,8102,,64,px081_evidence_acquisition/RESULTS.json,Benign,OtherAttackStage,13
PX081-0064,PX081,UNRAVELED,clean,,roles_first,2,False,8102,,64,px081_evidence_acquisition/RESULTS.json,Benign,LateralMovement,142
PX081-0064,PX081,UNRAVELED,clean,,roles_first,2,False,8102,,64,px081_evidence_acquisition/RESULTS.json,Benign,DataExfiltration,15
PX081-0064,PX081,UNRAVELED,clean,,roles_first,2,False,8102,,64,px081_evidence_acquisition/RESULTS.json,OtherAttackStage,Benign,39
PX081-0064,PX081,UNRAVELED,clean,,roles_first,2,False,8102,,64,px081_evidence_acquisition/RESULTS.json,OtherAttackStage,OtherAttackStage,12021
PX081-0064,PX081,UNRAVELED,clean,,roles_first,2,False,8102,,64,px081_evidence_acquisition/RESULTS.json,OtherAttackStage,LateralMovement,0
PX081-0064,PX081,UNRAVELED,clean,,roles_first,2,False,8102,,64,px081_evidence_acquisition/RESULTS.json,OtherAttackStage,DataExfiltration,364
PX081-0064,PX081,UNRAVELED,clean,,roles_first,2,False,8102,,64,px081_evidence_acquisition/RESULTS.json,LateralMovement,Benign,8
PX081-0064,PX081,UNRAVELED,clean,,roles_first,2,False,8102,,64,px081_evidence_acquisition/RESULTS.json,LateralMovement,OtherAttackStage,0
PX081-0064,PX081,UNRAVELED,clean,,roles_first,2,False,8102,,64,px081_evidence_acquisition/RESULTS.json,LateralMovement,LateralMovement,27
PX081-0064,PX081,UNRAVELED,clean,,roles_first,2,False,8102,,64,px081_evidence_acquisition/RESULTS.json,LateralMovement,DataExfiltration,0
PX081-0064,PX081,UNRAVELED,clean,,roles_first,2,False,8102,,64,px081_evidence_acquisition/RESULTS.json,DataExfiltration,Benign,61
PX081-0064,PX081,UNRAVELED,clean,,roles_first,2,False,8102,,64,px081_evidence_acquisition/RESULTS.json,DataExfiltration,OtherAttackStage,0
PX081-0064,PX081,UNRAVELED,clean,,roles_first,2,False,8102,,64,px081_evidence_acquisition/RESULTS.json,DataExfiltration,LateralMovement,1058
PX081-0064,PX081,UNRAVELED,clean,,roles_first,2,False,8102,,64,px081_evidence_acquisition/RESULTS.json,DataExfiltration,DataExfiltration,2323
PX081-0065,PX081,UNRAVELED,clean,,history_first,2,False,8102,,65,px081_evidence_acquisition/RESULTS.json,Benign,Benign,192116
PX081-0065,PX081,UNRAVELED,clean,,history_first,2,False,8102,,65,px081_evidence_acquisition/RESULTS.json,Benign,OtherAttackStage,1
PX081-0065,PX081,UNRAVELED,clean,,history_first,2,False,8102,,65,px081_evidence_acquisition/RESULTS.json,Benign,LateralMovement,73
PX081-0065,PX081,UNRAVELED,clean,,history_first,2,False,8102,,65,px081_evidence_acquisition/RESULTS.json,Benign,DataExfiltration,3
PX081-0065,PX081,UNRAVELED,clean,,history_first,2,False,8102,,65,px081_evidence_acquisition/RESULTS.json,OtherAttackStage,Benign,70
PX081-0065,PX081,UNRAVELED,clean,,history_first,2,False,8102,,65,px081_evidence_acquisition/RESULTS.json,OtherAttackStage,OtherAttackStage,12046
PX081-0065,PX081,UNRAVELED,clean,,history_first,2,False,8102,,65,px081_evidence_acquisition/RESULTS.json,OtherAttackStage,LateralMovement,0
PX081-0065,PX081,UNRAVELED,clean,,history_first,2,False,8102,,65,px081_evidence_acquisition/RESULTS.json,OtherAttackStage,DataExfiltration,308
PX081-0065,PX081,UNRAVELED,clean,,history_first,2,False,8102,,65,px081_evidence_acquisition/RESULTS.json,LateralMovement,Benign,19
PX081-0065,PX081,UNRAVELED,clean,,history_first,2,False,8102,,65,px081_evidence_acquisition/RESULTS.json,LateralMovement,OtherAttackStage,0
PX081-0065,PX081,UNRAVELED,clean,,history_first,2,False,8102,,65,px081_evidence_acquisition/RESULTS.json,LateralMovement,LateralMovement,16
PX081-0065,PX081,UNRAVELED,clean,,history_first,2,False,8102,,65,px081_evidence_acquisition/RESULTS.json,LateralMovement,DataExfiltration,0
PX081-0065,PX081,UNRAVELED,clean,,history_first,2,False,8102,,65,px081_evidence_acquisition/RESULTS.json,DataExfiltration,Benign,1127
PX081-0065,PX081,UNRAVELED,clean,,history_first,2,False,8102,,65,px081_evidence_acquisition/RESULTS.json,DataExfiltration,OtherAttackStage,1
PX081-0065,PX081,UNRAVELED,clean,,history_first,2,False,8102,,65,px081_evidence_acquisition/RESULTS.json,DataExfiltration,LateralMovement,0
PX081-0065,PX081,UNRAVELED,clean,,history_first,2,False,8102,,65,px081_evidence_acquisition/RESULTS.json,DataExfiltration,DataExfiltration,2314
PX081-0066,PX081,UNRAVELED,clean,,random,2,False,8102,,66,px081_evidence_acquisition/RESULTS.json,Benign,Benign,192073
PX081-0066,PX081,UNRAVELED,clean,,random,2,False,8102,,66,px081_evidence_acquisition/RESULTS.json,Benign,OtherAttackStage,8
PX081-0066,PX081,UNRAVELED,clean,,random,2,False,8102,,66,px081_evidence_acquisition/RESULTS.json,Benign,LateralMovement,104
PX081-0066,PX081,UNRAVELED,clean,,random,2,False,8102,,66,px081_evidence_acquisition/RESULTS.json,Benign,DataExfiltration,8
PX081-0066,PX081,UNRAVELED,clean,,random,2,False,8102,,66,px081_evidence_acquisition/RESULTS.json,OtherAttackStage,Benign,57
PX081-0066,PX081,UNRAVELED,clean,,random,2,False,8102,,66,px081_evidence_acquisition/RESULTS.json,OtherAttackStage,OtherAttackStage,12030
PX081-0066,PX081,UNRAVELED,clean,,random,2,False,8102,,66,px081_evidence_acquisition/RESULTS.json,OtherAttackStage,LateralMovement,0
PX081-0066,PX081,UNRAVELED,clean,,random,2,False,8102,,66,px081_evidence_acquisition/RESULTS.json,OtherAttackStage,DataExfiltration,337
PX081-0066,PX081,UNRAVELED,clean,,random,2,False,8102,,66,px081_evidence_acquisition/RESULTS.json,LateralMovement,Benign,11
PX081-0066,PX081,UNRAVELED,clean,,random,2,False,8102,,66,px081_evidence_acquisition/RESULTS.json,LateralMovement,OtherAttackStage,0
PX081-0066,PX081,UNRAVELED,clean,,random,2,False,8102,,66,px081_evidence_acquisition/RESULTS.json,LateralMovement,LateralMovement,24
PX081-0066,PX081,UNRAVELED,clean,,random,2,False,8102,,66,px081_evidence_acquisition/RESULTS.json,LateralMovement,DataExfiltration,0
PX081-0066,PX081,UNRAVELED,clean,,random,2,False,8102,,66,px081_evidence_acquisition/RESULTS.json,DataExfiltration,Benign,611
PX081-0066,PX081,UNRAVELED,clean,,random,2,False,8102,,66,px081_evidence_acquisition/RESULTS.json,DataExfiltration,OtherAttackStage,0
PX081-0066,PX081,UNRAVELED,clean,,random,2,False,8102,,66,px081_evidence_acquisition/RESULTS.json,DataExfiltration,LateralMovement,514
PX081-0066,PX081,UNRAVELED,clean,,random,2,False,8102,,66,px081_evidence_acquisition/RESULTS.json,DataExfiltration,DataExfiltration,2317
PX081-0067,PX081,UNRAVELED,clean,,entropy,2,False,8102,,67,px081_evidence_acquisition/RESULTS.json,Benign,Benign,192116
PX081-0067,PX081,UNRAVELED,clean,,entropy,2,False,8102,,67,px081_evidence_acquisition/RESULTS.json,Benign,OtherAttackStage,1
PX081-0067,PX081,UNRAVELED,clean,,entropy,2,False,8102,,67,px081_evidence_acquisition/RESULTS.json,Benign,LateralMovement,73
PX081-0067,PX081,UNRAVELED,clean,,entropy,2,False,8102,,67,px081_evidence_acquisition/RESULTS.json,Benign,DataExfiltration,3
PX081-0067,PX081,UNRAVELED,clean,,entropy,2,False,8102,,67,px081_evidence_acquisition/RESULTS.json,OtherAttackStage,Benign,70
PX081-0067,PX081,UNRAVELED,clean,,entropy,2,False,8102,,67,px081_evidence_acquisition/RESULTS.json,OtherAttackStage,OtherAttackStage,12048
PX081-0067,PX081,UNRAVELED,clean,,entropy,2,False,8102,,67,px081_evidence_acquisition/RESULTS.json,OtherAttackStage,LateralMovement,0
PX081-0067,PX081,UNRAVELED,clean,,entropy,2,False,8102,,67,px081_evidence_acquisition/RESULTS.json,OtherAttackStage,DataExfiltration,306
PX081-0067,PX081,UNRAVELED,clean,,entropy,2,False,8102,,67,px081_evidence_acquisition/RESULTS.json,LateralMovement,Benign,19
PX081-0067,PX081,UNRAVELED,clean,,entropy,2,False,8102,,67,px081_evidence_acquisition/RESULTS.json,LateralMovement,OtherAttackStage,0
PX081-0067,PX081,UNRAVELED,clean,,entropy,2,False,8102,,67,px081_evidence_acquisition/RESULTS.json,LateralMovement,LateralMovement,16
PX081-0067,PX081,UNRAVELED,clean,,entropy,2,False,8102,,67,px081_evidence_acquisition/RESULTS.json,LateralMovement,DataExfiltration,0
PX081-0067,PX081,UNRAVELED,clean,,entropy,2,False,8102,,67,px081_evidence_acquisition/RESULTS.json,DataExfiltration,Benign,78
PX081-0067,PX081,UNRAVELED,clean,,entropy,2,False,8102,,67,px081_evidence_acquisition/RESULTS.json,DataExfiltration,OtherAttackStage,1
PX081-0067,PX081,UNRAVELED,clean,,entropy,2,False,8102,,67,px081_evidence_acquisition/RESULTS.json,DataExfiltration,LateralMovement,1049
PX081-0067,PX081,UNRAVELED,clean,,entropy,2,False,8102,,67,px081_evidence_acquisition/RESULTS.json,DataExfiltration,DataExfiltration,2314
PX081-0068,PX081,UNRAVELED,clean,,harm,2,False,8102,,68,px081_evidence_acquisition/RESULTS.json,Benign,Benign,192096
PX081-0068,PX081,UNRAVELED,clean,,harm,2,False,8102,,68,px081_evidence_acquisition/RESULTS.json,Benign,OtherAttackStage,6
PX081-0068,PX081,UNRAVELED,clean,,harm,2,False,8102,,68,px081_evidence_acquisition/RESULTS.json,Benign,LateralMovement,74
PX081-0068,PX081,UNRAVELED,clean,,harm,2,False,8102,,68,px081_evidence_acquisition/RESULTS.json,Benign,DataExfiltration,17
PX081-0068,PX081,UNRAVELED,clean,,harm,2,False,8102,,68,px081_evidence_acquisition/RESULTS.json,OtherAttackStage,Benign,63
PX081-0068,PX081,UNRAVELED,clean,,harm,2,False,8102,,68,px081_evidence_acquisition/RESULTS.json,OtherAttackStage,OtherAttackStage,12039
PX081-0068,PX081,UNRAVELED,clean,,harm,2,False,8102,,68,px081_evidence_acquisition/RESULTS.json,OtherAttackStage,LateralMovement,0
PX081-0068,PX081,UNRAVELED,clean,,harm,2,False,8102,,68,px081_evidence_acquisition/RESULTS.json,OtherAttackStage,DataExfiltration,322
PX081-0068,PX081,UNRAVELED,clean,,harm,2,False,8102,,68,px081_evidence_acquisition/RESULTS.json,LateralMovement,Benign,19
PX081-0068,PX081,UNRAVELED,clean,,harm,2,False,8102,,68,px081_evidence_acquisition/RESULTS.json,LateralMovement,OtherAttackStage,0
PX081-0068,PX081,UNRAVELED,clean,,harm,2,False,8102,,68,px081_evidence_acquisition/RESULTS.json,LateralMovement,LateralMovement,16
PX081-0068,PX081,UNRAVELED,clean,,harm,2,False,8102,,68,px081_evidence_acquisition/RESULTS.json,LateralMovement,DataExfiltration,0
PX081-0068,PX081,UNRAVELED,clean,,harm,2,False,8102,,68,px081_evidence_acquisition/RESULTS.json,DataExfiltration,Benign,1125
PX081-0068,PX081,UNRAVELED,clean,,harm,2,False,8102,,68,px081_evidence_acquisition/RESULTS.json,DataExfiltration,OtherAttackStage,1
PX081-0068,PX081,UNRAVELED,clean,,harm,2,False,8102,,68,px081_evidence_acquisition/RESULTS.json,DataExfiltration,LateralMovement,2
PX081-0068,PX081,UNRAVELED,clean,,harm,2,False,8102,,68,px081_evidence_acquisition/RESULTS.json,DataExfiltration,DataExfiltration,2314
PX081-0069,PX081,UNRAVELED,clean,,none,3,False,8102,,69,px081_evidence_acquisition/RESULTS.json,Benign,Benign,192035
PX081-0069,PX081,UNRAVELED,clean,,none,3,False,8102,,69,px081_evidence_acquisition/RESULTS.json,Benign,OtherAttackStage,14
PX081-0069,PX081,UNRAVELED,clean,,none,3,False,8102,,69,px081_evidence_acquisition/RESULTS.json,Benign,LateralMovement,129
PX081-0069,PX081,UNRAVELED,clean,,none,3,False,8102,,69,px081_evidence_acquisition/RESULTS.json,Benign,DataExfiltration,15
PX081-0069,PX081,UNRAVELED,clean,,none,3,False,8102,,69,px081_evidence_acquisition/RESULTS.json,OtherAttackStage,Benign,43
PX081-0069,PX081,UNRAVELED,clean,,none,3,False,8102,,69,px081_evidence_acquisition/RESULTS.json,OtherAttackStage,OtherAttackStage,12018
PX081-0069,PX081,UNRAVELED,clean,,none,3,False,8102,,69,px081_evidence_acquisition/RESULTS.json,OtherAttackStage,LateralMovement,0
PX081-0069,PX081,UNRAVELED,clean,,none,3,False,8102,,69,px081_evidence_acquisition/RESULTS.json,OtherAttackStage,DataExfiltration,363
PX081-0069,PX081,UNRAVELED,clean,,none,3,False,8102,,69,px081_evidence_acquisition/RESULTS.json,LateralMovement,Benign,8
PX081-0069,PX081,UNRAVELED,clean,,none,3,False,8102,,69,px081_evidence_acquisition/RESULTS.json,LateralMovement,OtherAttackStage,0
PX081-0069,PX081,UNRAVELED,clean,,none,3,False,8102,,69,px081_evidence_acquisition/RESULTS.json,LateralMovement,LateralMovement,27
PX081-0069,PX081,UNRAVELED,clean,,none,3,False,8102,,69,px081_evidence_acquisition/RESULTS.json,LateralMovement,DataExfiltration,0
PX081-0069,PX081,UNRAVELED,clean,,none,3,False,8102,,69,px081_evidence_acquisition/RESULTS.json,DataExfiltration,Benign,1119
PX081-0069,PX081,UNRAVELED,clean,,none,3,False,8102,,69,px081_evidence_acquisition/RESULTS.json,DataExfiltration,OtherAttackStage,0
PX081-0069,PX081,UNRAVELED,clean,,none,3,False,8102,,69,px081_evidence_acquisition/RESULTS.json,DataExfiltration,LateralMovement,0
PX081-0069,PX081,UNRAVELED,clean,,none,3,False,8102,,69,px081_evidence_acquisition/RESULTS.json,DataExfiltration,DataExfiltration,2323
PX081-0070,PX081,UNRAVELED,clean,,roles_first,3,False,8102,,70,px081_evidence_acquisition/RESULTS.json,Benign,Benign,192065
PX081-0070,PX081,UNRAVELED,clean,,roles_first,3,False,8102,,70,px081_evidence_acquisition/RESULTS.json,Benign,OtherAttackStage,1
PX081-0070,PX081,UNRAVELED,clean,,roles_first,3,False,8102,,70,px081_evidence_acquisition/RESULTS.json,Benign,LateralMovement,124
PX081-0070,PX081,UNRAVELED,clean,,roles_first,3,False,8102,,70,px081_evidence_acquisition/RESULTS.json,Benign,DataExfiltration,3
PX081-0070,PX081,UNRAVELED,clean,,roles_first,3,False,8102,,70,px081_evidence_acquisition/RESULTS.json,OtherAttackStage,Benign,64
PX081-0070,PX081,UNRAVELED,clean,,roles_first,3,False,8102,,70,px081_evidence_acquisition/RESULTS.json,OtherAttackStage,OtherAttackStage,12083
PX081-0070,PX081,UNRAVELED,clean,,roles_first,3,False,8102,,70,px081_evidence_acquisition/RESULTS.json,OtherAttackStage,LateralMovement,0
PX081-0070,PX081,UNRAVELED,clean,,roles_first,3,False,8102,,70,px081_evidence_acquisition/RESULTS.json,OtherAttackStage,DataExfiltration,277
PX081-0070,PX081,UNRAVELED,clean,,roles_first,3,False,8102,,70,px081_evidence_acquisition/RESULTS.json,LateralMovement,Benign,12
PX081-0070,PX081,UNRAVELED,clean,,roles_first,3,False,8102,,70,px081_evidence_acquisition/RESULTS.json,LateralMovement,OtherAttackStage,0
PX081-0070,PX081,UNRAVELED,clean,,roles_first,3,False,8102,,70,px081_evidence_acquisition/RESULTS.json,LateralMovement,LateralMovement,23
PX081-0070,PX081,UNRAVELED,clean,,roles_first,3,False,8102,,70,px081_evidence_acquisition/RESULTS.json,LateralMovement,DataExfiltration,0
PX081-0070,PX081,UNRAVELED,clean,,roles_first,3,False,8102,,70,px081_evidence_acquisition/RESULTS.json,DataExfiltration,Benign,204
PX081-0070,PX081,UNRAVELED,clean,,roles_first,3,False,8102,,70,px081_evidence_acquisition/RESULTS.json,DataExfiltration,OtherAttackStage,1
PX081-0070,PX081,UNRAVELED,clean,,roles_first,3,False,8102,,70,px081_evidence_acquisition/RESULTS.json,DataExfiltration,LateralMovement,924
PX081-0070,PX081,UNRAVELED,clean,,roles_first,3,False,8102,,70,px081_evidence_acquisition/RESULTS.json,DataExfiltration,DataExfiltration,2313
PX081-0071,PX081,UNRAVELED,clean,,history_first,3,False,8102,,71,px081_evidence_acquisition/RESULTS.json,Benign,Benign,192065
PX081-0071,PX081,UNRAVELED,clean,,history_first,3,False,8102,,71,px081_evidence_acquisition/RESULTS.json,Benign,OtherAttackStage,1
PX081-0071,PX081,UNRAVELED,clean,,history_first,3,False,8102,,71,px081_evidence_acquisition/RESULTS.json,Benign,LateralMovement,124
PX081-0071,PX081,UNRAVELED,clean,,history_first,3,False,8102,,71,px081_evidence_acquisition/RESULTS.json,Benign,DataExfiltration,3
PX081-0071,PX081,UNRAVELED,clean,,history_first,3,False,8102,,71,px081_evidence_acquisition/RESULTS.json,OtherAttackStage,Benign,64
PX081-0071,PX081,UNRAVELED,clean,,history_first,3,False,8102,,71,px081_evidence_acquisition/RESULTS.json,OtherAttackStage,OtherAttackStage,12083
PX081-0071,PX081,UNRAVELED,clean,,history_first,3,False,8102,,71,px081_evidence_acquisition/RESULTS.json,OtherAttackStage,LateralMovement,0
PX081-0071,PX081,UNRAVELED,clean,,history_first,3,False,8102,,71,px081_evidence_acquisition/RESULTS.json,OtherAttackStage,DataExfiltration,277
PX081-0071,PX081,UNRAVELED,clean,,history_first,3,False,8102,,71,px081_evidence_acquisition/RESULTS.json,LateralMovement,Benign,12
PX081-0071,PX081,UNRAVELED,clean,,history_first,3,False,8102,,71,px081_evidence_acquisition/RESULTS.json,LateralMovement,OtherAttackStage,0
PX081-0071,PX081,UNRAVELED,clean,,history_first,3,False,8102,,71,px081_evidence_acquisition/RESULTS.json,LateralMovement,LateralMovement,23
PX081-0071,PX081,UNRAVELED,clean,,history_first,3,False,8102,,71,px081_evidence_acquisition/RESULTS.json,LateralMovement,DataExfiltration,0
PX081-0071,PX081,UNRAVELED,clean,,history_first,3,False,8102,,71,px081_evidence_acquisition/RESULTS.json,DataExfiltration,Benign,204
PX081-0071,PX081,UNRAVELED,clean,,history_first,3,False,8102,,71,px081_evidence_acquisition/RESULTS.json,DataExfiltration,OtherAttackStage,1
PX081-0071,PX081,UNRAVELED,clean,,history_first,3,False,8102,,71,px081_evidence_acquisition/RESULTS.json,DataExfiltration,LateralMovement,924
PX081-0071,PX081,UNRAVELED,clean,,history_first,3,False,8102,,71,px081_evidence_acquisition/RESULTS.json,DataExfiltration,DataExfiltration,2313
PX081-0072,PX081,UNRAVELED,clean,,random,3,False,8102,,72,px081_evidence_acquisition/RESULTS.json,Benign,Benign,192065
PX081-0072,PX081,UNRAVELED,clean,,random,3,False,8102,,72,px081_evidence_acquisition/RESULTS.json,Benign,OtherAttackStage,1
PX081-0072,PX081,UNRAVELED,clean,,random,3,False,8102,,72,px081_evidence_acquisition/RESULTS.json,Benign,LateralMovement,124
PX081-0072,PX081,UNRAVELED,clean,,random,3,False,8102,,72,px081_evidence_acquisition/RESULTS.json,Benign,DataExfiltration,3
PX081-0072,PX081,UNRAVELED,clean,,random,3,False,8102,,72,px081_evidence_acquisition/RESULTS.json,OtherAttackStage,Benign,64
PX081-0072,PX081,UNRAVELED,clean,,random,3,False,8102,,72,px081_evidence_acquisition/RESULTS.json,OtherAttackStage,OtherAttackStage,12083
PX081-0072,PX081,UNRAVELED,clean,,random,3,False,8102,,72,px081_evidence_acquisition/RESULTS.json,OtherAttackStage,LateralMovement,0
PX081-0072,PX081,UNRAVELED,clean,,random,3,False,8102,,72,px081_evidence_acquisition/RESULTS.json,OtherAttackStage,DataExfiltration,277
PX081-0072,PX081,UNRAVELED,clean,,random,3,False,8102,,72,px081_evidence_acquisition/RESULTS.json,LateralMovement,Benign,12
PX081-0072,PX081,UNRAVELED,clean,,random,3,False,8102,,72,px081_evidence_acquisition/RESULTS.json,LateralMovement,OtherAttackStage,0
PX081-0072,PX081,UNRAVELED,clean,,random,3,False,8102,,72,px081_evidence_acquisition/RESULTS.json,LateralMovement,LateralMovement,23
PX081-0072,PX081,UNRAVELED,clean,,random,3,False,8102,,72,px081_evidence_acquisition/RESULTS.json,LateralMovement,DataExfiltration,0
PX081-0072,PX081,UNRAVELED,clean,,random,3,False,8102,,72,px081_evidence_acquisition/RESULTS.json,DataExfiltration,Benign,204
PX081-0072,PX081,UNRAVELED,clean,,random,3,False,8102,,72,px081_evidence_acquisition/RESULTS.json,DataExfiltration,OtherAttackStage,1
PX081-0072,PX081,UNRAVELED,clean,,random,3,False,8102,,72,px081_evidence_acquisition/RESULTS.json,DataExfiltration,LateralMovement,924
PX081-0072,PX081,UNRAVELED,clean,,random,3,False,8102,,72,px081_evidence_acquisition/RESULTS.json,DataExfiltration,DataExfiltration,2313
PX081-0073,PX081,UNRAVELED,clean,,entropy,3,False,8102,,73,px081_evidence_acquisition/RESULTS.json,Benign,Benign,192074
PX081-0073,PX081,UNRAVELED,clean,,entropy,3,False,8102,,73,px081_evidence_acquisition/RESULTS.json,Benign,OtherAttackStage,1
PX081-0073,PX081,UNRAVELED,clean,,entropy,3,False,8102,,73,px081_evidence_acquisition/RESULTS.json,Benign,LateralMovement,115
PX081-0073,PX081,UNRAVELED,clean,,entropy,3,False,8102,,73,px081_evidence_acquisition/RESULTS.json,Benign,DataExfiltration,3
PX081-0073,PX081,UNRAVELED,clean,,entropy,3,False,8102,,73,px081_evidence_acquisition/RESULTS.json,OtherAttackStage,Benign,69
PX081-0073,PX081,UNRAVELED,clean,,entropy,3,False,8102,,73,px081_evidence_acquisition/RESULTS.json,OtherAttackStage,OtherAttackStage,12050
PX081-0073,PX081,UNRAVELED,clean,,entropy,3,False,8102,,73,px081_evidence_acquisition/RESULTS.json,OtherAttackStage,LateralMovement,0
PX081-0073,PX081,UNRAVELED,clean,,entropy,3,False,8102,,73,px081_evidence_acquisition/RESULTS.json,OtherAttackStage,DataExfiltration,305
PX081-0073,PX081,UNRAVELED,clean,,entropy,3,False,8102,,73,px081_evidence_acquisition/RESULTS.json,LateralMovement,Benign,13
PX081-0073,PX081,UNRAVELED,clean,,entropy,3,False,8102,,73,px081_evidence_acquisition/RESULTS.json,LateralMovement,OtherAttackStage,0
PX081-0073,PX081,UNRAVELED,clean,,entropy,3,False,8102,,73,px081_evidence_acquisition/RESULTS.json,LateralMovement,LateralMovement,22
PX081-0073,PX081,UNRAVELED,clean,,entropy,3,False,8102,,73,px081_evidence_acquisition/RESULTS.json,LateralMovement,DataExfiltration,0
PX081-0073,PX081,UNRAVELED,clean,,entropy,3,False,8102,,73,px081_evidence_acquisition/RESULTS.json,DataExfiltration,Benign,203
PX081-0073,PX081,UNRAVELED,clean,,entropy,3,False,8102,,73,px081_evidence_acquisition/RESULTS.json,DataExfiltration,OtherAttackStage,1
PX081-0073,PX081,UNRAVELED,clean,,entropy,3,False,8102,,73,px081_evidence_acquisition/RESULTS.json,DataExfiltration,LateralMovement,924
PX081-0073,PX081,UNRAVELED,clean,,entropy,3,False,8102,,73,px081_evidence_acquisition/RESULTS.json,DataExfiltration,DataExfiltration,2314
PX081-0074,PX081,UNRAVELED,clean,,harm,3,False,8102,,74,px081_evidence_acquisition/RESULTS.json,Benign,Benign,192047
PX081-0074,PX081,UNRAVELED,clean,,harm,3,False,8102,,74,px081_evidence_acquisition/RESULTS.json,Benign,OtherAttackStage,6
PX081-0074,PX081,UNRAVELED,clean,,harm,3,False,8102,,74,px081_evidence_acquisition/RESULTS.json,Benign,LateralMovement,123
PX081-0074,PX081,UNRAVELED,clean,,harm,3,False,8102,,74,px081_evidence_acquisition/RESULTS.json,Benign,DataExfiltration,17
PX081-0074,PX081,UNRAVELED,clean,,harm,3,False,8102,,74,px081_evidence_acquisition/RESULTS.json,OtherAttackStage,Benign,60
PX081-0074,PX081,UNRAVELED,clean,,harm,3,False,8102,,74,px081_evidence_acquisition/RESULTS.json,OtherAttackStage,OtherAttackStage,12041
PX081-0074,PX081,UNRAVELED,clean,,harm,3,False,8102,,74,px081_evidence_acquisition/RESULTS.json,OtherAttackStage,LateralMovement,0
PX081-0074,PX081,UNRAVELED,clean,,harm,3,False,8102,,74,px081_evidence_acquisition/RESULTS.json,OtherAttackStage,DataExfiltration,323
PX081-0074,PX081,UNRAVELED,clean,,harm,3,False,8102,,74,px081_evidence_acquisition/RESULTS.json,LateralMovement,Benign,12
PX081-0074,PX081,UNRAVELED,clean,,harm,3,False,8102,,74,px081_evidence_acquisition/RESULTS.json,LateralMovement,OtherAttackStage,0
PX081-0074,PX081,UNRAVELED,clean,,harm,3,False,8102,,74,px081_evidence_acquisition/RESULTS.json,LateralMovement,LateralMovement,23
PX081-0074,PX081,UNRAVELED,clean,,harm,3,False,8102,,74,px081_evidence_acquisition/RESULTS.json,LateralMovement,DataExfiltration,0
PX081-0074,PX081,UNRAVELED,clean,,harm,3,False,8102,,74,px081_evidence_acquisition/RESULTS.json,DataExfiltration,Benign,206
PX081-0074,PX081,UNRAVELED,clean,,harm,3,False,8102,,74,px081_evidence_acquisition/RESULTS.json,DataExfiltration,OtherAttackStage,1
PX081-0074,PX081,UNRAVELED,clean,,harm,3,False,8102,,74,px081_evidence_acquisition/RESULTS.json,DataExfiltration,LateralMovement,922
PX081-0074,PX081,UNRAVELED,clean,,harm,3,False,8102,,74,px081_evidence_acquisition/RESULTS.json,DataExfiltration,DataExfiltration,2313
PX081-0075,PX081,UNRAVELED,clean,,full_context_reference,,True,8102,,75,px081_evidence_acquisition/RESULTS.json,Benign,Benign,192065
PX081-0075,PX081,UNRAVELED,clean,,full_context_reference,,True,8102,,75,px081_evidence_acquisition/RESULTS.json,Benign,OtherAttackStage,1
PX081-0075,PX081,UNRAVELED,clean,,full_context_reference,,True,8102,,75,px081_evidence_acquisition/RESULTS.json,Benign,LateralMovement,124
PX081-0075,PX081,UNRAVELED,clean,,full_context_reference,,True,8102,,75,px081_evidence_acquisition/RESULTS.json,Benign,DataExfiltration,3
PX081-0075,PX081,UNRAVELED,clean,,full_context_reference,,True,8102,,75,px081_evidence_acquisition/RESULTS.json,OtherAttackStage,Benign,64
PX081-0075,PX081,UNRAVELED,clean,,full_context_reference,,True,8102,,75,px081_evidence_acquisition/RESULTS.json,OtherAttackStage,OtherAttackStage,12083
PX081-0075,PX081,UNRAVELED,clean,,full_context_reference,,True,8102,,75,px081_evidence_acquisition/RESULTS.json,OtherAttackStage,LateralMovement,0
PX081-0075,PX081,UNRAVELED,clean,,full_context_reference,,True,8102,,75,px081_evidence_acquisition/RESULTS.json,OtherAttackStage,DataExfiltration,277
PX081-0075,PX081,UNRAVELED,clean,,full_context_reference,,True,8102,,75,px081_evidence_acquisition/RESULTS.json,LateralMovement,Benign,12
PX081-0075,PX081,UNRAVELED,clean,,full_context_reference,,True,8102,,75,px081_evidence_acquisition/RESULTS.json,LateralMovement,OtherAttackStage,0
PX081-0075,PX081,UNRAVELED,clean,,full_context_reference,,True,8102,,75,px081_evidence_acquisition/RESULTS.json,LateralMovement,LateralMovement,23
PX081-0075,PX081,UNRAVELED,clean,,full_context_reference,,True,8102,,75,px081_evidence_acquisition/RESULTS.json,LateralMovement,DataExfiltration,0
PX081-0075,PX081,UNRAVELED,clean,,full_context_reference,,True,8102,,75,px081_evidence_acquisition/RESULTS.json,DataExfiltration,Benign,204
PX081-0075,PX081,UNRAVELED,clean,,full_context_reference,,True,8102,,75,px081_evidence_acquisition/RESULTS.json,DataExfiltration,OtherAttackStage,1
PX081-0075,PX081,UNRAVELED,clean,,full_context_reference,,True,8102,,75,px081_evidence_acquisition/RESULTS.json,DataExfiltration,LateralMovement,924
PX081-0075,PX081,UNRAVELED,clean,,full_context_reference,,True,8102,,75,px081_evidence_acquisition/RESULTS.json,DataExfiltration,DataExfiltration,2313
PX081-0076,PX081,UNRAVELED,delayed_unavailable,,none,1,False,8102,,76,px081_evidence_acquisition/RESULTS.json,Benign,Benign,192035
PX081-0076,PX081,UNRAVELED,delayed_unavailable,,none,1,False,8102,,76,px081_evidence_acquisition/RESULTS.json,Benign,OtherAttackStage,14
PX081-0076,PX081,UNRAVELED,delayed_unavailable,,none,1,False,8102,,76,px081_evidence_acquisition/RESULTS.json,Benign,LateralMovement,129
PX081-0076,PX081,UNRAVELED,delayed_unavailable,,none,1,False,8102,,76,px081_evidence_acquisition/RESULTS.json,Benign,DataExfiltration,15
PX081-0076,PX081,UNRAVELED,delayed_unavailable,,none,1,False,8102,,76,px081_evidence_acquisition/RESULTS.json,OtherAttackStage,Benign,43
PX081-0076,PX081,UNRAVELED,delayed_unavailable,,none,1,False,8102,,76,px081_evidence_acquisition/RESULTS.json,OtherAttackStage,OtherAttackStage,12018
PX081-0076,PX081,UNRAVELED,delayed_unavailable,,none,1,False,8102,,76,px081_evidence_acquisition/RESULTS.json,OtherAttackStage,LateralMovement,0
PX081-0076,PX081,UNRAVELED,delayed_unavailable,,none,1,False,8102,,76,px081_evidence_acquisition/RESULTS.json,OtherAttackStage,DataExfiltration,363
PX081-0076,PX081,UNRAVELED,delayed_unavailable,,none,1,False,8102,,76,px081_evidence_acquisition/RESULTS.json,LateralMovement,Benign,8
PX081-0076,PX081,UNRAVELED,delayed_unavailable,,none,1,False,8102,,76,px081_evidence_acquisition/RESULTS.json,LateralMovement,OtherAttackStage,0
PX081-0076,PX081,UNRAVELED,delayed_unavailable,,none,1,False,8102,,76,px081_evidence_acquisition/RESULTS.json,LateralMovement,LateralMovement,27
PX081-0076,PX081,UNRAVELED,delayed_unavailable,,none,1,False,8102,,76,px081_evidence_acquisition/RESULTS.json,LateralMovement,DataExfiltration,0
PX081-0076,PX081,UNRAVELED,delayed_unavailable,,none,1,False,8102,,76,px081_evidence_acquisition/RESULTS.json,DataExfiltration,Benign,1119
PX081-0076,PX081,UNRAVELED,delayed_unavailable,,none,1,False,8102,,76,px081_evidence_acquisition/RESULTS.json,DataExfiltration,OtherAttackStage,0
PX081-0076,PX081,UNRAVELED,delayed_unavailable,,none,1,False,8102,,76,px081_evidence_acquisition/RESULTS.json,DataExfiltration,LateralMovement,0
PX081-0076,PX081,UNRAVELED,delayed_unavailable,,none,1,False,8102,,76,px081_evidence_acquisition/RESULTS.json,DataExfiltration,DataExfiltration,2323
PX081-0077,PX081,UNRAVELED,delayed_unavailable,,roles_first,1,False,8102,,77,px081_evidence_acquisition/RESULTS.json,Benign,Benign,192029
PX081-0077,PX081,UNRAVELED,delayed_unavailable,,roles_first,1,False,8102,,77,px081_evidence_acquisition/RESULTS.json,Benign,OtherAttackStage,13
PX081-0077,PX081,UNRAVELED,delayed_unavailable,,roles_first,1,False,8102,,77,px081_evidence_acquisition/RESULTS.json,Benign,LateralMovement,136
PX081-0077,PX081,UNRAVELED,delayed_unavailable,,roles_first,1,False,8102,,77,px081_evidence_acquisition/RESULTS.json,Benign,DataExfiltration,15
PX081-0077,PX081,UNRAVELED,delayed_unavailable,,roles_first,1,False,8102,,77,px081_evidence_acquisition/RESULTS.json,OtherAttackStage,Benign,39
PX081-0077,PX081,UNRAVELED,delayed_unavailable,,roles_first,1,False,8102,,77,px081_evidence_acquisition/RESULTS.json,OtherAttackStage,OtherAttackStage,12019
PX081-0077,PX081,UNRAVELED,delayed_unavailable,,roles_first,1,False,8102,,77,px081_evidence_acquisition/RESULTS.json,OtherAttackStage,LateralMovement,0
PX081-0077,PX081,UNRAVELED,delayed_unavailable,,roles_first,1,False,8102,,77,px081_evidence_acquisition/RESULTS.json,OtherAttackStage,DataExfiltration,366
PX081-0077,PX081,UNRAVELED,delayed_unavailable,,roles_first,1,False,8102,,77,px081_evidence_acquisition/RESULTS.json,LateralMovement,Benign,8
PX081-0077,PX081,UNRAVELED,delayed_unavailable,,roles_first,1,False,8102,,77,px081_evidence_acquisition/RESULTS.json,LateralMovement,OtherAttackStage,0
PX081-0077,PX081,UNRAVELED,delayed_unavailable,,roles_first,1,False,8102,,77,px081_evidence_acquisition/RESULTS.json,LateralMovement,LateralMovement,27
PX081-0077,PX081,UNRAVELED,delayed_unavailable,,roles_first,1,False,8102,,77,px081_evidence_acquisition/RESULTS.json,LateralMovement,DataExfiltration,0
PX081-0077,PX081,UNRAVELED,delayed_unavailable,,roles_first,1,False,8102,,77,px081_evidence_acquisition/RESULTS.json,DataExfiltration,Benign,401
PX081-0077,PX081,UNRAVELED,delayed_unavailable,,roles_first,1,False,8102,,77,px081_evidence_acquisition/RESULTS.json,DataExfiltration,OtherAttackStage,0
PX081-0077,PX081,UNRAVELED,delayed_unavailable,,roles_first,1,False,8102,,77,px081_evidence_acquisition/RESULTS.json,DataExfiltration,LateralMovement,718
PX081-0077,PX081,UNRAVELED,delayed_unavailable,,roles_first,1,False,8102,,77,px081_evidence_acquisition/RESULTS.json,DataExfiltration,DataExfiltration,2323
PX081-0078,PX081,UNRAVELED,delayed_unavailable,,history_first,1,False,8102,,78,px081_evidence_acquisition/RESULTS.json,Benign,Benign,192029
PX081-0078,PX081,UNRAVELED,delayed_unavailable,,history_first,1,False,8102,,78,px081_evidence_acquisition/RESULTS.json,Benign,OtherAttackStage,13
PX081-0078,PX081,UNRAVELED,delayed_unavailable,,history_first,1,False,8102,,78,px081_evidence_acquisition/RESULTS.json,Benign,LateralMovement,136
PX081-0078,PX081,UNRAVELED,delayed_unavailable,,history_first,1,False,8102,,78,px081_evidence_acquisition/RESULTS.json,Benign,DataExfiltration,15
PX081-0078,PX081,UNRAVELED,delayed_unavailable,,history_first,1,False,8102,,78,px081_evidence_acquisition/RESULTS.json,OtherAttackStage,Benign,39
PX081-0078,PX081,UNRAVELED,delayed_unavailable,,history_first,1,False,8102,,78,px081_evidence_acquisition/RESULTS.json,OtherAttackStage,OtherAttackStage,12019
PX081-0078,PX081,UNRAVELED,delayed_unavailable,,history_first,1,False,8102,,78,px081_evidence_acquisition/RESULTS.json,OtherAttackStage,LateralMovement,0
PX081-0078,PX081,UNRAVELED,delayed_unavailable,,history_first,1,False,8102,,78,px081_evidence_acquisition/RESULTS.json,OtherAttackStage,DataExfiltration,366
PX081-0078,PX081,UNRAVELED,delayed_unavailable,,history_first,1,False,8102,,78,px081_evidence_acquisition/RESULTS.json,LateralMovement,Benign,8
PX081-0078,PX081,UNRAVELED,delayed_unavailable,,history_first,1,False,8102,,78,px081_evidence_acquisition/RESULTS.json,LateralMovement,OtherAttackStage,0
PX081-0078,PX081,UNRAVELED,delayed_unavailable,,history_first,1,False,8102,,78,px081_evidence_acquisition/RESULTS.json,LateralMovement,LateralMovement,27
PX081-0078,PX081,UNRAVELED,delayed_unavailable,,history_first,1,False,8102,,78,px081_evidence_acquisition/RESULTS.json,LateralMovement,DataExfiltration,0
PX081-0078,PX081,UNRAVELED,delayed_unavailable,,history_first,1,False,8102,,78,px081_evidence_acquisition/RESULTS.json,DataExfiltration,Benign,401
PX081-0078,PX081,UNRAVELED,delayed_unavailable,,history_first,1,False,8102,,78,px081_evidence_acquisition/RESULTS.json,DataExfiltration,OtherAttackStage,0
PX081-0078,PX081,UNRAVELED,delayed_unavailable,,history_first,1,False,8102,,78,px081_evidence_acquisition/RESULTS.json,DataExfiltration,LateralMovement,718
PX081-0078,PX081,UNRAVELED,delayed_unavailable,,history_first,1,False,8102,,78,px081_evidence_acquisition/RESULTS.json,DataExfiltration,DataExfiltration,2323
PX081-0079,PX081,UNRAVELED,delayed_unavailable,,random,1,False,8102,,79,px081_evidence_acquisition/RESULTS.json,Benign,Benign,192029
PX081-0079,PX081,UNRAVELED,delayed_unavailable,,random,1,False,8102,,79,px081_evidence_acquisition/RESULTS.json,Benign,OtherAttackStage,13
PX081-0079,PX081,UNRAVELED,delayed_unavailable,,random,1,False,8102,,79,px081_evidence_acquisition/RESULTS.json,Benign,LateralMovement,136
PX081-0079,PX081,UNRAVELED,delayed_unavailable,,random,1,False,8102,,79,px081_evidence_acquisition/RESULTS.json,Benign,DataExfiltration,15
PX081-0079,PX081,UNRAVELED,delayed_unavailable,,random,1,False,8102,,79,px081_evidence_acquisition/RESULTS.json,OtherAttackStage,Benign,39
PX081-0079,PX081,UNRAVELED,delayed_unavailable,,random,1,False,8102,,79,px081_evidence_acquisition/RESULTS.json,OtherAttackStage,OtherAttackStage,12019
PX081-0079,PX081,UNRAVELED,delayed_unavailable,,random,1,False,8102,,79,px081_evidence_acquisition/RESULTS.json,OtherAttackStage,LateralMovement,0
PX081-0079,PX081,UNRAVELED,delayed_unavailable,,random,1,False,8102,,79,px081_evidence_acquisition/RESULTS.json,OtherAttackStage,DataExfiltration,366
PX081-0079,PX081,UNRAVELED,delayed_unavailable,,random,1,False,8102,,79,px081_evidence_acquisition/RESULTS.json,LateralMovement,Benign,8
PX081-0079,PX081,UNRAVELED,delayed_unavailable,,random,1,False,8102,,79,px081_evidence_acquisition/RESULTS.json,LateralMovement,OtherAttackStage,0
PX081-0079,PX081,UNRAVELED,delayed_unavailable,,random,1,False,8102,,79,px081_evidence_acquisition/RESULTS.json,LateralMovement,LateralMovement,27
PX081-0079,PX081,UNRAVELED,delayed_unavailable,,random,1,False,8102,,79,px081_evidence_acquisition/RESULTS.json,LateralMovement,DataExfiltration,0
PX081-0079,PX081,UNRAVELED,delayed_unavailable,,random,1,False,8102,,79,px081_evidence_acquisition/RESULTS.json,DataExfiltration,Benign,401
PX081-0079,PX081,UNRAVELED,delayed_unavailable,,random,1,False,8102,,79,px081_evidence_acquisition/RESULTS.json,DataExfiltration,OtherAttackStage,0
PX081-0079,PX081,UNRAVELED,delayed_unavailable,,random,1,False,8102,,79,px081_evidence_acquisition/RESULTS.json,DataExfiltration,LateralMovement,718
PX081-0079,PX081,UNRAVELED,delayed_unavailable,,random,1,False,8102,,79,px081_evidence_acquisition/RESULTS.json,DataExfiltration,DataExfiltration,2323
PX081-0080,PX081,UNRAVELED,delayed_unavailable,,entropy,1,False,8102,,80,px081_evidence_acquisition/RESULTS.json,Benign,Benign,192028
PX081-0080,PX081,UNRAVELED,delayed_unavailable,,entropy,1,False,8102,,80,px081_evidence_acquisition/RESULTS.json,Benign,OtherAttackStage,14
PX081-0080,PX081,UNRAVELED,delayed_unavailable,,entropy,1,False,8102,,80,px081_evidence_acquisition/RESULTS.json,Benign,LateralMovement,136
PX081-0080,PX081,UNRAVELED,delayed_unavailable,,entropy,1,False,8102,,80,px081_evidence_acquisition/RESULTS.json,Benign,DataExfiltration,15
PX081-0080,PX081,UNRAVELED,delayed_unavailable,,entropy,1,False,8102,,80,px081_evidence_acquisition/RESULTS.json,OtherAttackStage,Benign,42
PX081-0080,PX081,UNRAVELED,delayed_unavailable,,entropy,1,False,8102,,80,px081_evidence_acquisition/RESULTS.json,OtherAttackStage,OtherAttackStage,12020
PX081-0080,PX081,UNRAVELED,delayed_unavailable,,entropy,1,False,8102,,80,px081_evidence_acquisition/RESULTS.json,OtherAttackStage,LateralMovement,0
PX081-0080,PX081,UNRAVELED,delayed_unavailable,,entropy,1,False,8102,,80,px081_evidence_acquisition/RESULTS.json,OtherAttackStage,DataExfiltration,362
PX081-0080,PX081,UNRAVELED,delayed_unavailable,,entropy,1,False,8102,,80,px081_evidence_acquisition/RESULTS.json,LateralMovement,Benign,8
PX081-0080,PX081,UNRAVELED,delayed_unavailable,,entropy,1,False,8102,,80,px081_evidence_acquisition/RESULTS.json,LateralMovement,OtherAttackStage,0
PX081-0080,PX081,UNRAVELED,delayed_unavailable,,entropy,1,False,8102,,80,px081_evidence_acquisition/RESULTS.json,LateralMovement,LateralMovement,27
PX081-0080,PX081,UNRAVELED,delayed_unavailable,,entropy,1,False,8102,,80,px081_evidence_acquisition/RESULTS.json,LateralMovement,DataExfiltration,0
PX081-0080,PX081,UNRAVELED,delayed_unavailable,,entropy,1,False,8102,,80,px081_evidence_acquisition/RESULTS.json,DataExfiltration,Benign,403
PX081-0080,PX081,UNRAVELED,delayed_unavailable,,entropy,1,False,8102,,80,px081_evidence_acquisition/RESULTS.json,DataExfiltration,OtherAttackStage,0
PX081-0080,PX081,UNRAVELED,delayed_unavailable,,entropy,1,False,8102,,80,px081_evidence_acquisition/RESULTS.json,DataExfiltration,LateralMovement,716
PX081-0080,PX081,UNRAVELED,delayed_unavailable,,entropy,1,False,8102,,80,px081_evidence_acquisition/RESULTS.json,DataExfiltration,DataExfiltration,2323
PX081-0081,PX081,UNRAVELED,delayed_unavailable,,harm,1,False,8102,,81,px081_evidence_acquisition/RESULTS.json,Benign,Benign,192035
PX081-0081,PX081,UNRAVELED,delayed_unavailable,,harm,1,False,8102,,81,px081_evidence_acquisition/RESULTS.json,Benign,OtherAttackStage,14
PX081-0081,PX081,UNRAVELED,delayed_unavailable,,harm,1,False,8102,,81,px081_evidence_acquisition/RESULTS.json,Benign,LateralMovement,129
PX081-0081,PX081,UNRAVELED,delayed_unavailable,,harm,1,False,8102,,81,px081_evidence_acquisition/RESULTS.json,Benign,DataExfiltration,15
PX081-0081,PX081,UNRAVELED,delayed_unavailable,,harm,1,False,8102,,81,px081_evidence_acquisition/RESULTS.json,OtherAttackStage,Benign,43
PX081-0081,PX081,UNRAVELED,delayed_unavailable,,harm,1,False,8102,,81,px081_evidence_acquisition/RESULTS.json,OtherAttackStage,OtherAttackStage,12018
PX081-0081,PX081,UNRAVELED,delayed_unavailable,,harm,1,False,8102,,81,px081_evidence_acquisition/RESULTS.json,OtherAttackStage,LateralMovement,0
PX081-0081,PX081,UNRAVELED,delayed_unavailable,,harm,1,False,8102,,81,px081_evidence_acquisition/RESULTS.json,OtherAttackStage,DataExfiltration,363
PX081-0081,PX081,UNRAVELED,delayed_unavailable,,harm,1,False,8102,,81,px081_evidence_acquisition/RESULTS.json,LateralMovement,Benign,8
PX081-0081,PX081,UNRAVELED,delayed_unavailable,,harm,1,False,8102,,81,px081_evidence_acquisition/RESULTS.json,LateralMovement,OtherAttackStage,0
PX081-0081,PX081,UNRAVELED,delayed_unavailable,,harm,1,False,8102,,81,px081_evidence_acquisition/RESULTS.json,LateralMovement,LateralMovement,27
PX081-0081,PX081,UNRAVELED,delayed_unavailable,,harm,1,False,8102,,81,px081_evidence_acquisition/RESULTS.json,LateralMovement,DataExfiltration,0
PX081-0081,PX081,UNRAVELED,delayed_unavailable,,harm,1,False,8102,,81,px081_evidence_acquisition/RESULTS.json,DataExfiltration,Benign,1116
PX081-0081,PX081,UNRAVELED,delayed_unavailable,,harm,1,False,8102,,81,px081_evidence_acquisition/RESULTS.json,DataExfiltration,OtherAttackStage,0
PX081-0081,PX081,UNRAVELED,delayed_unavailable,,harm,1,False,8102,,81,px081_evidence_acquisition/RESULTS.json,DataExfiltration,LateralMovement,3
PX081-0081,PX081,UNRAVELED,delayed_unavailable,,harm,1,False,8102,,81,px081_evidence_acquisition/RESULTS.json,DataExfiltration,DataExfiltration,2323
PX081-0082,PX081,UNRAVELED,delayed_unavailable,,none,2,False,8102,,82,px081_evidence_acquisition/RESULTS.json,Benign,Benign,192035
PX081-0082,PX081,UNRAVELED,delayed_unavailable,,none,2,False,8102,,82,px081_evidence_acquisition/RESULTS.json,Benign,OtherAttackStage,14
PX081-0082,PX081,UNRAVELED,delayed_unavailable,,none,2,False,8102,,82,px081_evidence_acquisition/RESULTS.json,Benign,LateralMovement,129
PX081-0082,PX081,UNRAVELED,delayed_unavailable,,none,2,False,8102,,82,px081_evidence_acquisition/RESULTS.json,Benign,DataExfiltration,15
PX081-0082,PX081,UNRAVELED,delayed_unavailable,,none,2,False,8102,,82,px081_evidence_acquisition/RESULTS.json,OtherAttackStage,Benign,43
PX081-0082,PX081,UNRAVELED,delayed_unavailable,,none,2,False,8102,,82,px081_evidence_acquisition/RESULTS.json,OtherAttackStage,OtherAttackStage,12018
PX081-0082,PX081,UNRAVELED,delayed_unavailable,,none,2,False,8102,,82,px081_evidence_acquisition/RESULTS.json,OtherAttackStage,LateralMovement,0
PX081-0082,PX081,UNRAVELED,delayed_unavailable,,none,2,False,8102,,82,px081_evidence_acquisition/RESULTS.json,OtherAttackStage,DataExfiltration,363
PX081-0082,PX081,UNRAVELED,delayed_unavailable,,none,2,False,8102,,82,px081_evidence_acquisition/RESULTS.json,LateralMovement,Benign,8
PX081-0082,PX081,UNRAVELED,delayed_unavailable,,none,2,False,8102,,82,px081_evidence_acquisition/RESULTS.json,LateralMovement,OtherAttackStage,0
PX081-0082,PX081,UNRAVELED,delayed_unavailable,,none,2,False,8102,,82,px081_evidence_acquisition/RESULTS.json,LateralMovement,LateralMovement,27
PX081-0082,PX081,UNRAVELED,delayed_unavailable,,none,2,False,8102,,82,px081_evidence_acquisition/RESULTS.json,LateralMovement,DataExfiltration,0
PX081-0082,PX081,UNRAVELED,delayed_unavailable,,none,2,False,8102,,82,px081_evidence_acquisition/RESULTS.json,DataExfiltration,Benign,1119
PX081-0082,PX081,UNRAVELED,delayed_unavailable,,none,2,False,8102,,82,px081_evidence_acquisition/RESULTS.json,DataExfiltration,OtherAttackStage,0
PX081-0082,PX081,UNRAVELED,delayed_unavailable,,none,2,False,8102,,82,px081_evidence_acquisition/RESULTS.json,DataExfiltration,LateralMovement,0
PX081-0082,PX081,UNRAVELED,delayed_unavailable,,none,2,False,8102,,82,px081_evidence_acquisition/RESULTS.json,DataExfiltration,DataExfiltration,2323
PX081-0083,PX081,UNRAVELED,delayed_unavailable,,roles_first,2,False,8102,,83,px081_evidence_acquisition/RESULTS.json,Benign,Benign,192029
PX081-0083,PX081,UNRAVELED,delayed_unavailable,,roles_first,2,False,8102,,83,px081_evidence_acquisition/RESULTS.json,Benign,OtherAttackStage,13
PX081-0083,PX081,UNRAVELED,delayed_unavailable,,roles_first,2,False,8102,,83,px081_evidence_acquisition/RESULTS.json,Benign,LateralMovement,136
PX081-0083,PX081,UNRAVELED,delayed_unavailable,,roles_first,2,False,8102,,83,px081_evidence_acquisition/RESULTS.json,Benign,DataExfiltration,15
PX081-0083,PX081,UNRAVELED,delayed_unavailable,,roles_first,2,False,8102,,83,px081_evidence_acquisition/RESULTS.json,OtherAttackStage,Benign,39
PX081-0083,PX081,UNRAVELED,delayed_unavailable,,roles_first,2,False,8102,,83,px081_evidence_acquisition/RESULTS.json,OtherAttackStage,OtherAttackStage,12019
PX081-0083,PX081,UNRAVELED,delayed_unavailable,,roles_first,2,False,8102,,83,px081_evidence_acquisition/RESULTS.json,OtherAttackStage,LateralMovement,0
PX081-0083,PX081,UNRAVELED,delayed_unavailable,,roles_first,2,False,8102,,83,px081_evidence_acquisition/RESULTS.json,OtherAttackStage,DataExfiltration,366
PX081-0083,PX081,UNRAVELED,delayed_unavailable,,roles_first,2,False,8102,,83,px081_evidence_acquisition/RESULTS.json,LateralMovement,Benign,8
PX081-0083,PX081,UNRAVELED,delayed_unavailable,,roles_first,2,False,8102,,83,px081_evidence_acquisition/RESULTS.json,LateralMovement,OtherAttackStage,0
PX081-0083,PX081,UNRAVELED,delayed_unavailable,,roles_first,2,False,8102,,83,px081_evidence_acquisition/RESULTS.json,LateralMovement,LateralMovement,27
PX081-0083,PX081,UNRAVELED,delayed_unavailable,,roles_first,2,False,8102,,83,px081_evidence_acquisition/RESULTS.json,LateralMovement,DataExfiltration,0
PX081-0083,PX081,UNRAVELED,delayed_unavailable,,roles_first,2,False,8102,,83,px081_evidence_acquisition/RESULTS.json,DataExfiltration,Benign,401
PX081-0083,PX081,UNRAVELED,delayed_unavailable,,roles_first,2,False,8102,,83,px081_evidence_acquisition/RESULTS.json,DataExfiltration,OtherAttackStage,0
PX081-0083,PX081,UNRAVELED,delayed_unavailable,,roles_first,2,False,8102,,83,px081_evidence_acquisition/RESULTS.json,DataExfiltration,LateralMovement,718
PX081-0083,PX081,UNRAVELED,delayed_unavailable,,roles_first,2,False,8102,,83,px081_evidence_acquisition/RESULTS.json,DataExfiltration,DataExfiltration,2323
PX081-0084,PX081,UNRAVELED,delayed_unavailable,,history_first,2,False,8102,,84,px081_evidence_acquisition/RESULTS.json,Benign,Benign,192063
PX081-0084,PX081,UNRAVELED,delayed_unavailable,,history_first,2,False,8102,,84,px081_evidence_acquisition/RESULTS.json,Benign,OtherAttackStage,10
PX081-0084,PX081,UNRAVELED,delayed_unavailable,,history_first,2,False,8102,,84,px081_evidence_acquisition/RESULTS.json,Benign,LateralMovement,112
PX081-0084,PX081,UNRAVELED,delayed_unavailable,,history_first,2,False,8102,,84,px081_evidence_acquisition/RESULTS.json,Benign,DataExfiltration,8
PX081-0084,PX081,UNRAVELED,delayed_unavailable,,history_first,2,False,8102,,84,px081_evidence_acquisition/RESULTS.json,OtherAttackStage,Benign,54
PX081-0084,PX081,UNRAVELED,delayed_unavailable,,history_first,2,False,8102,,84,px081_evidence_acquisition/RESULTS.json,OtherAttackStage,OtherAttackStage,12028
PX081-0084,PX081,UNRAVELED,delayed_unavailable,,history_first,2,False,8102,,84,px081_evidence_acquisition/RESULTS.json,OtherAttackStage,LateralMovement,0
PX081-0084,PX081,UNRAVELED,delayed_unavailable,,history_first,2,False,8102,,84,px081_evidence_acquisition/RESULTS.json,OtherAttackStage,DataExfiltration,342
PX081-0084,PX081,UNRAVELED,delayed_unavailable,,history_first,2,False,8102,,84,px081_evidence_acquisition/RESULTS.json,LateralMovement,Benign,11
PX081-0084,PX081,UNRAVELED,delayed_unavailable,,history_first,2,False,8102,,84,px081_evidence_acquisition/RESULTS.json,LateralMovement,OtherAttackStage,0
PX081-0084,PX081,UNRAVELED,delayed_unavailable,,history_first,2,False,8102,,84,px081_evidence_acquisition/RESULTS.json,LateralMovement,LateralMovement,24
PX081-0084,PX081,UNRAVELED,delayed_unavailable,,history_first,2,False,8102,,84,px081_evidence_acquisition/RESULTS.json,LateralMovement,DataExfiltration,0
PX081-0084,PX081,UNRAVELED,delayed_unavailable,,history_first,2,False,8102,,84,px081_evidence_acquisition/RESULTS.json,DataExfiltration,Benign,1121
PX081-0084,PX081,UNRAVELED,delayed_unavailable,,history_first,2,False,8102,,84,px081_evidence_acquisition/RESULTS.json,DataExfiltration,OtherAttackStage,0
PX081-0084,PX081,UNRAVELED,delayed_unavailable,,history_first,2,False,8102,,84,px081_evidence_acquisition/RESULTS.json,DataExfiltration,LateralMovement,0
PX081-0084,PX081,UNRAVELED,delayed_unavailable,,history_first,2,False,8102,,84,px081_evidence_acquisition/RESULTS.json,DataExfiltration,DataExfiltration,2321
PX081-0085,PX081,UNRAVELED,delayed_unavailable,,random,2,False,8102,,85,px081_evidence_acquisition/RESULTS.json,Benign,Benign,192045
PX081-0085,PX081,UNRAVELED,delayed_unavailable,,random,2,False,8102,,85,px081_evidence_acquisition/RESULTS.json,Benign,OtherAttackStage,11
PX081-0085,PX081,UNRAVELED,delayed_unavailable,,random,2,False,8102,,85,px081_evidence_acquisition/RESULTS.json,Benign,LateralMovement,126
PX081-0085,PX081,UNRAVELED,delayed_unavailable,,random,2,False,8102,,85,px081_evidence_acquisition/RESULTS.json,Benign,DataExfiltration,11
PX081-0085,PX081,UNRAVELED,delayed_unavailable,,random,2,False,8102,,85,px081_evidence_acquisition/RESULTS.json,OtherAttackStage,Benign,48
PX081-0085,PX081,UNRAVELED,delayed_unavailable,,random,2,False,8102,,85,px081_evidence_acquisition/RESULTS.json,OtherAttackStage,OtherAttackStage,12025
PX081-0085,PX081,UNRAVELED,delayed_unavailable,,random,2,False,8102,,85,px081_evidence_acquisition/RESULTS.json,OtherAttackStage,LateralMovement,0
PX081-0085,PX081,UNRAVELED,delayed_unavailable,,random,2,False,8102,,85,px081_evidence_acquisition/RESULTS.json,OtherAttackStage,DataExfiltration,351
PX081-0085,PX081,UNRAVELED,delayed_unavailable,,random,2,False,8102,,85,px081_evidence_acquisition/RESULTS.json,LateralMovement,Benign,10
PX081-0085,PX081,UNRAVELED,delayed_unavailable,,random,2,False,8102,,85,px081_evidence_acquisition/RESULTS.json,LateralMovement,OtherAttackStage,0
PX081-0085,PX081,UNRAVELED,delayed_unavailable,,random,2,False,8102,,85,px081_evidence_acquisition/RESULTS.json,LateralMovement,LateralMovement,25
PX081-0085,PX081,UNRAVELED,delayed_unavailable,,random,2,False,8102,,85,px081_evidence_acquisition/RESULTS.json,LateralMovement,DataExfiltration,0
PX081-0085,PX081,UNRAVELED,delayed_unavailable,,random,2,False,8102,,85,px081_evidence_acquisition/RESULTS.json,DataExfiltration,Benign,773
PX081-0085,PX081,UNRAVELED,delayed_unavailable,,random,2,False,8102,,85,px081_evidence_acquisition/RESULTS.json,DataExfiltration,OtherAttackStage,0
PX081-0085,PX081,UNRAVELED,delayed_unavailable,,random,2,False,8102,,85,px081_evidence_acquisition/RESULTS.json,DataExfiltration,LateralMovement,348
PX081-0085,PX081,UNRAVELED,delayed_unavailable,,random,2,False,8102,,85,px081_evidence_acquisition/RESULTS.json,DataExfiltration,DataExfiltration,2321
PX081-0086,PX081,UNRAVELED,delayed_unavailable,,entropy,2,False,8102,,86,px081_evidence_acquisition/RESULTS.json,Benign,Benign,192063
PX081-0086,PX081,UNRAVELED,delayed_unavailable,,entropy,2,False,8102,,86,px081_evidence_acquisition/RESULTS.json,Benign,OtherAttackStage,10
PX081-0086,PX081,UNRAVELED,delayed_unavailable,,entropy,2,False,8102,,86,px081_evidence_acquisition/RESULTS.json,Benign,LateralMovement,112
PX081-0086,PX081,UNRAVELED,delayed_unavailable,,entropy,2,False,8102,,86,px081_evidence_acquisition/RESULTS.json,Benign,DataExfiltration,8
PX081-0086,PX081,UNRAVELED,delayed_unavailable,,entropy,2,False,8102,,86,px081_evidence_acquisition/RESULTS.json,OtherAttackStage,Benign,54
PX081-0086,PX081,UNRAVELED,delayed_unavailable,,entropy,2,False,8102,,86,px081_evidence_acquisition/RESULTS.json,OtherAttackStage,OtherAttackStage,12029
PX081-0086,PX081,UNRAVELED,delayed_unavailable,,entropy,2,False,8102,,86,px081_evidence_acquisition/RESULTS.json,OtherAttackStage,LateralMovement,0
PX081-0086,PX081,UNRAVELED,delayed_unavailable,,entropy,2,False,8102,,86,px081_evidence_acquisition/RESULTS.json,OtherAttackStage,DataExfiltration,341
PX081-0086,PX081,UNRAVELED,delayed_unavailable,,entropy,2,False,8102,,86,px081_evidence_acquisition/RESULTS.json,LateralMovement,Benign,11
PX081-0086,PX081,UNRAVELED,delayed_unavailable,,entropy,2,False,8102,,86,px081_evidence_acquisition/RESULTS.json,LateralMovement,OtherAttackStage,0
PX081-0086,PX081,UNRAVELED,delayed_unavailable,,entropy,2,False,8102,,86,px081_evidence_acquisition/RESULTS.json,LateralMovement,LateralMovement,24
PX081-0086,PX081,UNRAVELED,delayed_unavailable,,entropy,2,False,8102,,86,px081_evidence_acquisition/RESULTS.json,LateralMovement,DataExfiltration,0
PX081-0086,PX081,UNRAVELED,delayed_unavailable,,entropy,2,False,8102,,86,px081_evidence_acquisition/RESULTS.json,DataExfiltration,Benign,408
PX081-0086,PX081,UNRAVELED,delayed_unavailable,,entropy,2,False,8102,,86,px081_evidence_acquisition/RESULTS.json,DataExfiltration,OtherAttackStage,0
PX081-0086,PX081,UNRAVELED,delayed_unavailable,,entropy,2,False,8102,,86,px081_evidence_acquisition/RESULTS.json,DataExfiltration,LateralMovement,713
PX081-0086,PX081,UNRAVELED,delayed_unavailable,,entropy,2,False,8102,,86,px081_evidence_acquisition/RESULTS.json,DataExfiltration,DataExfiltration,2321
PX081-0087,PX081,UNRAVELED,delayed_unavailable,,harm,2,False,8102,,87,px081_evidence_acquisition/RESULTS.json,Benign,Benign,192054
PX081-0087,PX081,UNRAVELED,delayed_unavailable,,harm,2,False,8102,,87,px081_evidence_acquisition/RESULTS.json,Benign,OtherAttackStage,12
PX081-0087,PX081,UNRAVELED,delayed_unavailable,,harm,2,False,8102,,87,px081_evidence_acquisition/RESULTS.json,Benign,LateralMovement,112
PX081-0087,PX081,UNRAVELED,delayed_unavailable,,harm,2,False,8102,,87,px081_evidence_acquisition/RESULTS.json,Benign,DataExfiltration,15
PX081-0087,PX081,UNRAVELED,delayed_unavailable,,harm,2,False,8102,,87,px081_evidence_acquisition/RESULTS.json,OtherAttackStage,Benign,51
PX081-0087,PX081,UNRAVELED,delayed_unavailable,,harm,2,False,8102,,87,px081_evidence_acquisition/RESULTS.json,OtherAttackStage,OtherAttackStage,12024
PX081-0087,PX081,UNRAVELED,delayed_unavailable,,harm,2,False,8102,,87,px081_evidence_acquisition/RESULTS.json,OtherAttackStage,LateralMovement,0
PX081-0087,PX081,UNRAVELED,delayed_unavailable,,harm,2,False,8102,,87,px081_evidence_acquisition/RESULTS.json,OtherAttackStage,DataExfiltration,349
PX081-0087,PX081,UNRAVELED,delayed_unavailable,,harm,2,False,8102,,87,px081_evidence_acquisition/RESULTS.json,LateralMovement,Benign,11
PX081-0087,PX081,UNRAVELED,delayed_unavailable,,harm,2,False,8102,,87,px081_evidence_acquisition/RESULTS.json,LateralMovement,OtherAttackStage,0
PX081-0087,PX081,UNRAVELED,delayed_unavailable,,harm,2,False,8102,,87,px081_evidence_acquisition/RESULTS.json,LateralMovement,LateralMovement,24
PX081-0087,PX081,UNRAVELED,delayed_unavailable,,harm,2,False,8102,,87,px081_evidence_acquisition/RESULTS.json,LateralMovement,DataExfiltration,0
PX081-0087,PX081,UNRAVELED,delayed_unavailable,,harm,2,False,8102,,87,px081_evidence_acquisition/RESULTS.json,DataExfiltration,Benign,1120
PX081-0087,PX081,UNRAVELED,delayed_unavailable,,harm,2,False,8102,,87,px081_evidence_acquisition/RESULTS.json,DataExfiltration,OtherAttackStage,0
PX081-0087,PX081,UNRAVELED,delayed_unavailable,,harm,2,False,8102,,87,px081_evidence_acquisition/RESULTS.json,DataExfiltration,LateralMovement,1
PX081-0087,PX081,UNRAVELED,delayed_unavailable,,harm,2,False,8102,,87,px081_evidence_acquisition/RESULTS.json,DataExfiltration,DataExfiltration,2321
PX081-0088,PX081,UNRAVELED,delayed_unavailable,,none,3,False,8102,,88,px081_evidence_acquisition/RESULTS.json,Benign,Benign,192035
PX081-0088,PX081,UNRAVELED,delayed_unavailable,,none,3,False,8102,,88,px081_evidence_acquisition/RESULTS.json,Benign,OtherAttackStage,14
PX081-0088,PX081,UNRAVELED,delayed_unavailable,,none,3,False,8102,,88,px081_evidence_acquisition/RESULTS.json,Benign,LateralMovement,129
PX081-0088,PX081,UNRAVELED,delayed_unavailable,,none,3,False,8102,,88,px081_evidence_acquisition/RESULTS.json,Benign,DataExfiltration,15
PX081-0088,PX081,UNRAVELED,delayed_unavailable,,none,3,False,8102,,88,px081_evidence_acquisition/RESULTS.json,OtherAttackStage,Benign,43
PX081-0088,PX081,UNRAVELED,delayed_unavailable,,none,3,False,8102,,88,px081_evidence_acquisition/RESULTS.json,OtherAttackStage,OtherAttackStage,12018
PX081-0088,PX081,UNRAVELED,delayed_unavailable,,none,3,False,8102,,88,px081_evidence_acquisition/RESULTS.json,OtherAttackStage,LateralMovement,0
PX081-0088,PX081,UNRAVELED,delayed_unavailable,,none,3,False,8102,,88,px081_evidence_acquisition/RESULTS.json,OtherAttackStage,DataExfiltration,363
PX081-0088,PX081,UNRAVELED,delayed_unavailable,,none,3,False,8102,,88,px081_evidence_acquisition/RESULTS.json,LateralMovement,Benign,8
PX081-0088,PX081,UNRAVELED,delayed_unavailable,,none,3,False,8102,,88,px081_evidence_acquisition/RESULTS.json,LateralMovement,OtherAttackStage,0
PX081-0088,PX081,UNRAVELED,delayed_unavailable,,none,3,False,8102,,88,px081_evidence_acquisition/RESULTS.json,LateralMovement,LateralMovement,27
PX081-0088,PX081,UNRAVELED,delayed_unavailable,,none,3,False,8102,,88,px081_evidence_acquisition/RESULTS.json,LateralMovement,DataExfiltration,0
PX081-0088,PX081,UNRAVELED,delayed_unavailable,,none,3,False,8102,,88,px081_evidence_acquisition/RESULTS.json,DataExfiltration,Benign,1119
PX081-0088,PX081,UNRAVELED,delayed_unavailable,,none,3,False,8102,,88,px081_evidence_acquisition/RESULTS.json,DataExfiltration,OtherAttackStage,0
PX081-0088,PX081,UNRAVELED,delayed_unavailable,,none,3,False,8102,,88,px081_evidence_acquisition/RESULTS.json,DataExfiltration,LateralMovement,0
PX081-0088,PX081,UNRAVELED,delayed_unavailable,,none,3,False,8102,,88,px081_evidence_acquisition/RESULTS.json,DataExfiltration,DataExfiltration,2323
PX081-0089,PX081,UNRAVELED,delayed_unavailable,,roles_first,3,False,8102,,89,px081_evidence_acquisition/RESULTS.json,Benign,Benign,192037
PX081-0089,PX081,UNRAVELED,delayed_unavailable,,roles_first,3,False,8102,,89,px081_evidence_acquisition/RESULTS.json,Benign,OtherAttackStage,10
PX081-0089,PX081,UNRAVELED,delayed_unavailable,,roles_first,3,False,8102,,89,px081_evidence_acquisition/RESULTS.json,Benign,LateralMovement,134
PX081-0089,PX081,UNRAVELED,delayed_unavailable,,roles_first,3,False,8102,,89,px081_evidence_acquisition/RESULTS.json,Benign,DataExfiltration,12
PX081-0089,PX081,UNRAVELED,delayed_unavailable,,roles_first,3,False,8102,,89,px081_evidence_acquisition/RESULTS.json,OtherAttackStage,Benign,44
PX081-0089,PX081,UNRAVELED,delayed_unavailable,,roles_first,3,False,8102,,89,px081_evidence_acquisition/RESULTS.json,OtherAttackStage,OtherAttackStage,12036
PX081-0089,PX081,UNRAVELED,delayed_unavailable,,roles_first,3,False,8102,,89,px081_evidence_acquisition/RESULTS.json,OtherAttackStage,LateralMovement,0
PX081-0089,PX081,UNRAVELED,delayed_unavailable,,roles_first,3,False,8102,,89,px081_evidence_acquisition/RESULTS.json,OtherAttackStage,DataExfiltration,344
PX081-0089,PX081,UNRAVELED,delayed_unavailable,,roles_first,3,False,8102,,89,px081_evidence_acquisition/RESULTS.json,LateralMovement,Benign,9
PX081-0089,PX081,UNRAVELED,delayed_unavailable,,roles_first,3,False,8102,,89,px081_evidence_acquisition/RESULTS.json,LateralMovement,OtherAttackStage,0
PX081-0089,PX081,UNRAVELED,delayed_unavailable,,roles_first,3,False,8102,,89,px081_evidence_acquisition/RESULTS.json,LateralMovement,LateralMovement,26
PX081-0089,PX081,UNRAVELED,delayed_unavailable,,roles_first,3,False,8102,,89,px081_evidence_acquisition/RESULTS.json,LateralMovement,DataExfiltration,0
PX081-0089,PX081,UNRAVELED,delayed_unavailable,,roles_first,3,False,8102,,89,px081_evidence_acquisition/RESULTS.json,DataExfiltration,Benign,425
PX081-0089,PX081,UNRAVELED,delayed_unavailable,,roles_first,3,False,8102,,89,px081_evidence_acquisition/RESULTS.json,DataExfiltration,OtherAttackStage,0
PX081-0089,PX081,UNRAVELED,delayed_unavailable,,roles_first,3,False,8102,,89,px081_evidence_acquisition/RESULTS.json,DataExfiltration,LateralMovement,695
PX081-0089,PX081,UNRAVELED,delayed_unavailable,,roles_first,3,False,8102,,89,px081_evidence_acquisition/RESULTS.json,DataExfiltration,DataExfiltration,2322
PX081-0090,PX081,UNRAVELED,delayed_unavailable,,history_first,3,False,8102,,90,px081_evidence_acquisition/RESULTS.json,Benign,Benign,192053
PX081-0090,PX081,UNRAVELED,delayed_unavailable,,history_first,3,False,8102,,90,px081_evidence_acquisition/RESULTS.json,Benign,OtherAttackStage,10
PX081-0090,PX081,UNRAVELED,delayed_unavailable,,history_first,3,False,8102,,90,px081_evidence_acquisition/RESULTS.json,Benign,LateralMovement,122
PX081-0090,PX081,UNRAVELED,delayed_unavailable,,history_first,3,False,8102,,90,px081_evidence_acquisition/RESULTS.json,Benign,DataExfiltration,8
PX081-0090,PX081,UNRAVELED,delayed_unavailable,,history_first,3,False,8102,,90,px081_evidence_acquisition/RESULTS.json,OtherAttackStage,Benign,53
PX081-0090,PX081,UNRAVELED,delayed_unavailable,,history_first,3,False,8102,,90,px081_evidence_acquisition/RESULTS.json,OtherAttackStage,OtherAttackStage,12036
PX081-0090,PX081,UNRAVELED,delayed_unavailable,,history_first,3,False,8102,,90,px081_evidence_acquisition/RESULTS.json,OtherAttackStage,LateralMovement,0
PX081-0090,PX081,UNRAVELED,delayed_unavailable,,history_first,3,False,8102,,90,px081_evidence_acquisition/RESULTS.json,OtherAttackStage,DataExfiltration,335
PX081-0090,PX081,UNRAVELED,delayed_unavailable,,history_first,3,False,8102,,90,px081_evidence_acquisition/RESULTS.json,LateralMovement,Benign,10
PX081-0090,PX081,UNRAVELED,delayed_unavailable,,history_first,3,False,8102,,90,px081_evidence_acquisition/RESULTS.json,LateralMovement,OtherAttackStage,0
PX081-0090,PX081,UNRAVELED,delayed_unavailable,,history_first,3,False,8102,,90,px081_evidence_acquisition/RESULTS.json,LateralMovement,LateralMovement,25
PX081-0090,PX081,UNRAVELED,delayed_unavailable,,history_first,3,False,8102,,90,px081_evidence_acquisition/RESULTS.json,LateralMovement,DataExfiltration,0
PX081-0090,PX081,UNRAVELED,delayed_unavailable,,history_first,3,False,8102,,90,px081_evidence_acquisition/RESULTS.json,DataExfiltration,Benign,854
PX081-0090,PX081,UNRAVELED,delayed_unavailable,,history_first,3,False,8102,,90,px081_evidence_acquisition/RESULTS.json,DataExfiltration,OtherAttackStage,0
PX081-0090,PX081,UNRAVELED,delayed_unavailable,,history_first,3,False,8102,,90,px081_evidence_acquisition/RESULTS.json,DataExfiltration,LateralMovement,267
PX081-0090,PX081,UNRAVELED,delayed_unavailable,,history_first,3,False,8102,,90,px081_evidence_acquisition/RESULTS.json,DataExfiltration,DataExfiltration,2321
PX081-0091,PX081,UNRAVELED,delayed_unavailable,,random,3,False,8102,,91,px081_evidence_acquisition/RESULTS.json,Benign,Benign,192045
PX081-0091,PX081,UNRAVELED,delayed_unavailable,,random,3,False,8102,,91,px081_evidence_acquisition/RESULTS.json,Benign,OtherAttackStage,9
PX081-0091,PX081,UNRAVELED,delayed_unavailable,,random,3,False,8102,,91,px081_evidence_acquisition/RESULTS.json,Benign,LateralMovement,129
PX081-0091,PX081,UNRAVELED,delayed_unavailable,,random,3,False,8102,,91,px081_evidence_acquisition/RESULTS.json,Benign,DataExfiltration,10
PX081-0091,PX081,UNRAVELED,delayed_unavailable,,random,3,False,8102,,91,px081_evidence_acquisition/RESULTS.json,OtherAttackStage,Benign,47
PX081-0091,PX081,UNRAVELED,delayed_unavailable,,random,3,False,8102,,91,px081_evidence_acquisition/RESULTS.json,OtherAttackStage,OtherAttackStage,12038
PX081-0091,PX081,UNRAVELED,delayed_unavailable,,random,3,False,8102,,91,px081_evidence_acquisition/RESULTS.json,OtherAttackStage,LateralMovement,0
PX081-0091,PX081,UNRAVELED,delayed_unavailable,,random,3,False,8102,,91,px081_evidence_acquisition/RESULTS.json,OtherAttackStage,DataExfiltration,339
PX081-0091,PX081,UNRAVELED,delayed_unavailable,,random,3,False,8102,,91,px081_evidence_acquisition/RESULTS.json,LateralMovement,Benign,10
PX081-0091,PX081,UNRAVELED,delayed_unavailable,,random,3,False,8102,,91,px081_evidence_acquisition/RESULTS.json,LateralMovement,OtherAttackStage,0
PX081-0091,PX081,UNRAVELED,delayed_unavailable,,random,3,False,8102,,91,px081_evidence_acquisition/RESULTS.json,LateralMovement,LateralMovement,25
PX081-0091,PX081,UNRAVELED,delayed_unavailable,,random,3,False,8102,,91,px081_evidence_acquisition/RESULTS.json,LateralMovement,DataExfiltration,0
PX081-0091,PX081,UNRAVELED,delayed_unavailable,,random,3,False,8102,,91,px081_evidence_acquisition/RESULTS.json,DataExfiltration,Benign,636
PX081-0091,PX081,UNRAVELED,delayed_unavailable,,random,3,False,8102,,91,px081_evidence_acquisition/RESULTS.json,DataExfiltration,OtherAttackStage,0
PX081-0091,PX081,UNRAVELED,delayed_unavailable,,random,3,False,8102,,91,px081_evidence_acquisition/RESULTS.json,DataExfiltration,LateralMovement,485
PX081-0091,PX081,UNRAVELED,delayed_unavailable,,random,3,False,8102,,91,px081_evidence_acquisition/RESULTS.json,DataExfiltration,DataExfiltration,2321
PX081-0092,PX081,UNRAVELED,delayed_unavailable,,entropy,3,False,8102,,92,px081_evidence_acquisition/RESULTS.json,Benign,Benign,192057
PX081-0092,PX081,UNRAVELED,delayed_unavailable,,entropy,3,False,8102,,92,px081_evidence_acquisition/RESULTS.json,Benign,OtherAttackStage,10
PX081-0092,PX081,UNRAVELED,delayed_unavailable,,entropy,3,False,8102,,92,px081_evidence_acquisition/RESULTS.json,Benign,LateralMovement,118
PX081-0092,PX081,UNRAVELED,delayed_unavailable,,entropy,3,False,8102,,92,px081_evidence_acquisition/RESULTS.json,Benign,DataExfiltration,8
PX081-0092,PX081,UNRAVELED,delayed_unavailable,,entropy,3,False,8102,,92,px081_evidence_acquisition/RESULTS.json,OtherAttackStage,Benign,54
PX081-0092,PX081,UNRAVELED,delayed_unavailable,,entropy,3,False,8102,,92,px081_evidence_acquisition/RESULTS.json,OtherAttackStage,OtherAttackStage,12029
PX081-0092,PX081,UNRAVELED,delayed_unavailable,,entropy,3,False,8102,,92,px081_evidence_acquisition/RESULTS.json,OtherAttackStage,LateralMovement,0
PX081-0092,PX081,UNRAVELED,delayed_unavailable,,entropy,3,False,8102,,92,px081_evidence_acquisition/RESULTS.json,OtherAttackStage,DataExfiltration,341
PX081-0092,PX081,UNRAVELED,delayed_unavailable,,entropy,3,False,8102,,92,px081_evidence_acquisition/RESULTS.json,LateralMovement,Benign,10
PX081-0092,PX081,UNRAVELED,delayed_unavailable,,entropy,3,False,8102,,92,px081_evidence_acquisition/RESULTS.json,LateralMovement,OtherAttackStage,0
PX081-0092,PX081,UNRAVELED,delayed_unavailable,,entropy,3,False,8102,,92,px081_evidence_acquisition/RESULTS.json,LateralMovement,LateralMovement,25
PX081-0092,PX081,UNRAVELED,delayed_unavailable,,entropy,3,False,8102,,92,px081_evidence_acquisition/RESULTS.json,LateralMovement,DataExfiltration,0
PX081-0092,PX081,UNRAVELED,delayed_unavailable,,entropy,3,False,8102,,92,px081_evidence_acquisition/RESULTS.json,DataExfiltration,Benign,429
PX081-0092,PX081,UNRAVELED,delayed_unavailable,,entropy,3,False,8102,,92,px081_evidence_acquisition/RESULTS.json,DataExfiltration,OtherAttackStage,0
PX081-0092,PX081,UNRAVELED,delayed_unavailable,,entropy,3,False,8102,,92,px081_evidence_acquisition/RESULTS.json,DataExfiltration,LateralMovement,692
PX081-0092,PX081,UNRAVELED,delayed_unavailable,,entropy,3,False,8102,,92,px081_evidence_acquisition/RESULTS.json,DataExfiltration,DataExfiltration,2321
PX081-0093,PX081,UNRAVELED,delayed_unavailable,,harm,3,False,8102,,93,px081_evidence_acquisition/RESULTS.json,Benign,Benign,192044
PX081-0093,PX081,UNRAVELED,delayed_unavailable,,harm,3,False,8102,,93,px081_evidence_acquisition/RESULTS.json,Benign,OtherAttackStage,12
PX081-0093,PX081,UNRAVELED,delayed_unavailable,,harm,3,False,8102,,93,px081_evidence_acquisition/RESULTS.json,Benign,LateralMovement,122
PX081-0093,PX081,UNRAVELED,delayed_unavailable,,harm,3,False,8102,,93,px081_evidence_acquisition/RESULTS.json,Benign,DataExfiltration,15
PX081-0093,PX081,UNRAVELED,delayed_unavailable,,harm,3,False,8102,,93,px081_evidence_acquisition/RESULTS.json,OtherAttackStage,Benign,51
PX081-0093,PX081,UNRAVELED,delayed_unavailable,,harm,3,False,8102,,93,px081_evidence_acquisition/RESULTS.json,OtherAttackStage,OtherAttackStage,12023
PX081-0093,PX081,UNRAVELED,delayed_unavailable,,harm,3,False,8102,,93,px081_evidence_acquisition/RESULTS.json,OtherAttackStage,LateralMovement,0
PX081-0093,PX081,UNRAVELED,delayed_unavailable,,harm,3,False,8102,,93,px081_evidence_acquisition/RESULTS.json,OtherAttackStage,DataExfiltration,350
PX081-0093,PX081,UNRAVELED,delayed_unavailable,,harm,3,False,8102,,93,px081_evidence_acquisition/RESULTS.json,LateralMovement,Benign,10
PX081-0093,PX081,UNRAVELED,delayed_unavailable,,harm,3,False,8102,,93,px081_evidence_acquisition/RESULTS.json,LateralMovement,OtherAttackStage,0
PX081-0093,PX081,UNRAVELED,delayed_unavailable,,harm,3,False,8102,,93,px081_evidence_acquisition/RESULTS.json,LateralMovement,LateralMovement,25
PX081-0093,PX081,UNRAVELED,delayed_unavailable,,harm,3,False,8102,,93,px081_evidence_acquisition/RESULTS.json,LateralMovement,DataExfiltration,0
PX081-0093,PX081,UNRAVELED,delayed_unavailable,,harm,3,False,8102,,93,px081_evidence_acquisition/RESULTS.json,DataExfiltration,Benign,946
PX081-0093,PX081,UNRAVELED,delayed_unavailable,,harm,3,False,8102,,93,px081_evidence_acquisition/RESULTS.json,DataExfiltration,OtherAttackStage,0
PX081-0093,PX081,UNRAVELED,delayed_unavailable,,harm,3,False,8102,,93,px081_evidence_acquisition/RESULTS.json,DataExfiltration,LateralMovement,175
PX081-0093,PX081,UNRAVELED,delayed_unavailable,,harm,3,False,8102,,93,px081_evidence_acquisition/RESULTS.json,DataExfiltration,DataExfiltration,2321
PX081-0094,PX081,UNRAVELED,delayed_unavailable,,full_context_reference,,True,8102,,94,px081_evidence_acquisition/RESULTS.json,Benign,Benign,192065
PX081-0094,PX081,UNRAVELED,delayed_unavailable,,full_context_reference,,True,8102,,94,px081_evidence_acquisition/RESULTS.json,Benign,OtherAttackStage,1
PX081-0094,PX081,UNRAVELED,delayed_unavailable,,full_context_reference,,True,8102,,94,px081_evidence_acquisition/RESULTS.json,Benign,LateralMovement,124
PX081-0094,PX081,UNRAVELED,delayed_unavailable,,full_context_reference,,True,8102,,94,px081_evidence_acquisition/RESULTS.json,Benign,DataExfiltration,3
PX081-0094,PX081,UNRAVELED,delayed_unavailable,,full_context_reference,,True,8102,,94,px081_evidence_acquisition/RESULTS.json,OtherAttackStage,Benign,64
PX081-0094,PX081,UNRAVELED,delayed_unavailable,,full_context_reference,,True,8102,,94,px081_evidence_acquisition/RESULTS.json,OtherAttackStage,OtherAttackStage,12083
PX081-0094,PX081,UNRAVELED,delayed_unavailable,,full_context_reference,,True,8102,,94,px081_evidence_acquisition/RESULTS.json,OtherAttackStage,LateralMovement,0
PX081-0094,PX081,UNRAVELED,delayed_unavailable,,full_context_reference,,True,8102,,94,px081_evidence_acquisition/RESULTS.json,OtherAttackStage,DataExfiltration,277
PX081-0094,PX081,UNRAVELED,delayed_unavailable,,full_context_reference,,True,8102,,94,px081_evidence_acquisition/RESULTS.json,LateralMovement,Benign,12
PX081-0094,PX081,UNRAVELED,delayed_unavailable,,full_context_reference,,True,8102,,94,px081_evidence_acquisition/RESULTS.json,LateralMovement,OtherAttackStage,0
PX081-0094,PX081,UNRAVELED,delayed_unavailable,,full_context_reference,,True,8102,,94,px081_evidence_acquisition/RESULTS.json,LateralMovement,LateralMovement,23
PX081-0094,PX081,UNRAVELED,delayed_unavailable,,full_context_reference,,True,8102,,94,px081_evidence_acquisition/RESULTS.json,LateralMovement,DataExfiltration,0
PX081-0094,PX081,UNRAVELED,delayed_unavailable,,full_context_reference,,True,8102,,94,px081_evidence_acquisition/RESULTS.json,DataExfiltration,Benign,204
PX081-0094,PX081,UNRAVELED,delayed_unavailable,,full_context_reference,,True,8102,,94,px081_evidence_acquisition/RESULTS.json,DataExfiltration,OtherAttackStage,1
PX081-0094,PX081,UNRAVELED,delayed_unavailable,,full_context_reference,,True,8102,,94,px081_evidence_acquisition/RESULTS.json,DataExfiltration,LateralMovement,924
PX081-0094,PX081,UNRAVELED,delayed_unavailable,,full_context_reference,,True,8102,,94,px081_evidence_acquisition/RESULTS.json,DataExfiltration,DataExfiltration,2313
PX081-0095,PX081,UNRAVELED,wrong_host_history,,none,1,False,8102,,95,px081_evidence_acquisition/RESULTS.json,Benign,Benign,192035
PX081-0095,PX081,UNRAVELED,wrong_host_history,,none,1,False,8102,,95,px081_evidence_acquisition/RESULTS.json,Benign,OtherAttackStage,14
PX081-0095,PX081,UNRAVELED,wrong_host_history,,none,1,False,8102,,95,px081_evidence_acquisition/RESULTS.json,Benign,LateralMovement,129
PX081-0095,PX081,UNRAVELED,wrong_host_history,,none,1,False,8102,,95,px081_evidence_acquisition/RESULTS.json,Benign,DataExfiltration,15
PX081-0095,PX081,UNRAVELED,wrong_host_history,,none,1,False,8102,,95,px081_evidence_acquisition/RESULTS.json,OtherAttackStage,Benign,43
PX081-0095,PX081,UNRAVELED,wrong_host_history,,none,1,False,8102,,95,px081_evidence_acquisition/RESULTS.json,OtherAttackStage,OtherAttackStage,12018
PX081-0095,PX081,UNRAVELED,wrong_host_history,,none,1,False,8102,,95,px081_evidence_acquisition/RESULTS.json,OtherAttackStage,LateralMovement,0
PX081-0095,PX081,UNRAVELED,wrong_host_history,,none,1,False,8102,,95,px081_evidence_acquisition/RESULTS.json,OtherAttackStage,DataExfiltration,363
PX081-0095,PX081,UNRAVELED,wrong_host_history,,none,1,False,8102,,95,px081_evidence_acquisition/RESULTS.json,LateralMovement,Benign,8
PX081-0095,PX081,UNRAVELED,wrong_host_history,,none,1,False,8102,,95,px081_evidence_acquisition/RESULTS.json,LateralMovement,OtherAttackStage,0
PX081-0095,PX081,UNRAVELED,wrong_host_history,,none,1,False,8102,,95,px081_evidence_acquisition/RESULTS.json,LateralMovement,LateralMovement,27
PX081-0095,PX081,UNRAVELED,wrong_host_history,,none,1,False,8102,,95,px081_evidence_acquisition/RESULTS.json,LateralMovement,DataExfiltration,0
PX081-0095,PX081,UNRAVELED,wrong_host_history,,none,1,False,8102,,95,px081_evidence_acquisition/RESULTS.json,DataExfiltration,Benign,1119
PX081-0095,PX081,UNRAVELED,wrong_host_history,,none,1,False,8102,,95,px081_evidence_acquisition/RESULTS.json,DataExfiltration,OtherAttackStage,0
PX081-0095,PX081,UNRAVELED,wrong_host_history,,none,1,False,8102,,95,px081_evidence_acquisition/RESULTS.json,DataExfiltration,LateralMovement,0
PX081-0095,PX081,UNRAVELED,wrong_host_history,,none,1,False,8102,,95,px081_evidence_acquisition/RESULTS.json,DataExfiltration,DataExfiltration,2323
PX081-0096,PX081,UNRAVELED,wrong_host_history,,roles_first,1,False,8102,,96,px081_evidence_acquisition/RESULTS.json,Benign,Benign,192023
PX081-0096,PX081,UNRAVELED,wrong_host_history,,roles_first,1,False,8102,,96,px081_evidence_acquisition/RESULTS.json,Benign,OtherAttackStage,13
PX081-0096,PX081,UNRAVELED,wrong_host_history,,roles_first,1,False,8102,,96,px081_evidence_acquisition/RESULTS.json,Benign,LateralMovement,142
PX081-0096,PX081,UNRAVELED,wrong_host_history,,roles_first,1,False,8102,,96,px081_evidence_acquisition/RESULTS.json,Benign,DataExfiltration,15
PX081-0096,PX081,UNRAVELED,wrong_host_history,,roles_first,1,False,8102,,96,px081_evidence_acquisition/RESULTS.json,OtherAttackStage,Benign,39
PX081-0096,PX081,UNRAVELED,wrong_host_history,,roles_first,1,False,8102,,96,px081_evidence_acquisition/RESULTS.json,OtherAttackStage,OtherAttackStage,12021
PX081-0096,PX081,UNRAVELED,wrong_host_history,,roles_first,1,False,8102,,96,px081_evidence_acquisition/RESULTS.json,OtherAttackStage,LateralMovement,0
PX081-0096,PX081,UNRAVELED,wrong_host_history,,roles_first,1,False,8102,,96,px081_evidence_acquisition/RESULTS.json,OtherAttackStage,DataExfiltration,364
PX081-0096,PX081,UNRAVELED,wrong_host_history,,roles_first,1,False,8102,,96,px081_evidence_acquisition/RESULTS.json,LateralMovement,Benign,8
PX081-0096,PX081,UNRAVELED,wrong_host_history,,roles_first,1,False,8102,,96,px081_evidence_acquisition/RESULTS.json,LateralMovement,OtherAttackStage,0
PX081-0096,PX081,UNRAVELED,wrong_host_history,,roles_first,1,False,8102,,96,px081_evidence_acquisition/RESULTS.json,LateralMovement,LateralMovement,27
PX081-0096,PX081,UNRAVELED,wrong_host_history,,roles_first,1,False,8102,,96,px081_evidence_acquisition/RESULTS.json,LateralMovement,DataExfiltration,0
PX081-0096,PX081,UNRAVELED,wrong_host_history,,roles_first,1,False,8102,,96,px081_evidence_acquisition/RESULTS.json,DataExfiltration,Benign,61
PX081-0096,PX081,UNRAVELED,wrong_host_history,,roles_first,1,False,8102,,96,px081_evidence_acquisition/RESULTS.json,DataExfiltration,OtherAttackStage,0
PX081-0096,PX081,UNRAVELED,wrong_host_history,,roles_first,1,False,8102,,96,px081_evidence_acquisition/RESULTS.json,DataExfiltration,LateralMovement,1058
PX081-0096,PX081,UNRAVELED,wrong_host_history,,roles_first,1,False,8102,,96,px081_evidence_acquisition/RESULTS.json,DataExfiltration,DataExfiltration,2323
PX081-0097,PX081,UNRAVELED,wrong_host_history,,history_first,1,False,8102,,97,px081_evidence_acquisition/RESULTS.json,Benign,Benign,192023
PX081-0097,PX081,UNRAVELED,wrong_host_history,,history_first,1,False,8102,,97,px081_evidence_acquisition/RESULTS.json,Benign,OtherAttackStage,13
PX081-0097,PX081,UNRAVELED,wrong_host_history,,history_first,1,False,8102,,97,px081_evidence_acquisition/RESULTS.json,Benign,LateralMovement,142
PX081-0097,PX081,UNRAVELED,wrong_host_history,,history_first,1,False,8102,,97,px081_evidence_acquisition/RESULTS.json,Benign,DataExfiltration,15
PX081-0097,PX081,UNRAVELED,wrong_host_history,,history_first,1,False,8102,,97,px081_evidence_acquisition/RESULTS.json,OtherAttackStage,Benign,39
PX081-0097,PX081,UNRAVELED,wrong_host_history,,history_first,1,False,8102,,97,px081_evidence_acquisition/RESULTS.json,OtherAttackStage,OtherAttackStage,12021
PX081-0097,PX081,UNRAVELED,wrong_host_history,,history_first,1,False,8102,,97,px081_evidence_acquisition/RESULTS.json,OtherAttackStage,LateralMovement,0
PX081-0097,PX081,UNRAVELED,wrong_host_history,,history_first,1,False,8102,,97,px081_evidence_acquisition/RESULTS.json,OtherAttackStage,DataExfiltration,364
PX081-0097,PX081,UNRAVELED,wrong_host_history,,history_first,1,False,8102,,97,px081_evidence_acquisition/RESULTS.json,LateralMovement,Benign,8
PX081-0097,PX081,UNRAVELED,wrong_host_history,,history_first,1,False,8102,,97,px081_evidence_acquisition/RESULTS.json,LateralMovement,OtherAttackStage,0
PX081-0097,PX081,UNRAVELED,wrong_host_history,,history_first,1,False,8102,,97,px081_evidence_acquisition/RESULTS.json,LateralMovement,LateralMovement,27
PX081-0097,PX081,UNRAVELED,wrong_host_history,,history_first,1,False,8102,,97,px081_evidence_acquisition/RESULTS.json,LateralMovement,DataExfiltration,0
PX081-0097,PX081,UNRAVELED,wrong_host_history,,history_first,1,False,8102,,97,px081_evidence_acquisition/RESULTS.json,DataExfiltration,Benign,61
PX081-0097,PX081,UNRAVELED,wrong_host_history,,history_first,1,False,8102,,97,px081_evidence_acquisition/RESULTS.json,DataExfiltration,OtherAttackStage,0
PX081-0097,PX081,UNRAVELED,wrong_host_history,,history_first,1,False,8102,,97,px081_evidence_acquisition/RESULTS.json,DataExfiltration,LateralMovement,1058
PX081-0097,PX081,UNRAVELED,wrong_host_history,,history_first,1,False,8102,,97,px081_evidence_acquisition/RESULTS.json,DataExfiltration,DataExfiltration,2323
PX081-0098,PX081,UNRAVELED,wrong_host_history,,random,1,False,8102,,98,px081_evidence_acquisition/RESULTS.json,Benign,Benign,192023
PX081-0098,PX081,UNRAVELED,wrong_host_history,,random,1,False,8102,,98,px081_evidence_acquisition/RESULTS.json,Benign,OtherAttackStage,13
PX081-0098,PX081,UNRAVELED,wrong_host_history,,random,1,False,8102,,98,px081_evidence_acquisition/RESULTS.json,Benign,LateralMovement,142
PX081-0098,PX081,UNRAVELED,wrong_host_history,,random,1,False,8102,,98,px081_evidence_acquisition/RESULTS.json,Benign,DataExfiltration,15
PX081-0098,PX081,UNRAVELED,wrong_host_history,,random,1,False,8102,,98,px081_evidence_acquisition/RESULTS.json,OtherAttackStage,Benign,39
PX081-0098,PX081,UNRAVELED,wrong_host_history,,random,1,False,8102,,98,px081_evidence_acquisition/RESULTS.json,OtherAttackStage,OtherAttackStage,12021
PX081-0098,PX081,UNRAVELED,wrong_host_history,,random,1,False,8102,,98,px081_evidence_acquisition/RESULTS.json,OtherAttackStage,LateralMovement,0
PX081-0098,PX081,UNRAVELED,wrong_host_history,,random,1,False,8102,,98,px081_evidence_acquisition/RESULTS.json,OtherAttackStage,DataExfiltration,364
PX081-0098,PX081,UNRAVELED,wrong_host_history,,random,1,False,8102,,98,px081_evidence_acquisition/RESULTS.json,LateralMovement,Benign,8
PX081-0098,PX081,UNRAVELED,wrong_host_history,,random,1,False,8102,,98,px081_evidence_acquisition/RESULTS.json,LateralMovement,OtherAttackStage,0
PX081-0098,PX081,UNRAVELED,wrong_host_history,,random,1,False,8102,,98,px081_evidence_acquisition/RESULTS.json,LateralMovement,LateralMovement,27
PX081-0098,PX081,UNRAVELED,wrong_host_history,,random,1,False,8102,,98,px081_evidence_acquisition/RESULTS.json,LateralMovement,DataExfiltration,0
PX081-0098,PX081,UNRAVELED,wrong_host_history,,random,1,False,8102,,98,px081_evidence_acquisition/RESULTS.json,DataExfiltration,Benign,61
PX081-0098,PX081,UNRAVELED,wrong_host_history,,random,1,False,8102,,98,px081_evidence_acquisition/RESULTS.json,DataExfiltration,OtherAttackStage,0
PX081-0098,PX081,UNRAVELED,wrong_host_history,,random,1,False,8102,,98,px081_evidence_acquisition/RESULTS.json,DataExfiltration,LateralMovement,1058
PX081-0098,PX081,UNRAVELED,wrong_host_history,,random,1,False,8102,,98,px081_evidence_acquisition/RESULTS.json,DataExfiltration,DataExfiltration,2323
PX081-0099,PX081,UNRAVELED,wrong_host_history,,entropy,1,False,8102,,99,px081_evidence_acquisition/RESULTS.json,Benign,Benign,192022
PX081-0099,PX081,UNRAVELED,wrong_host_history,,entropy,1,False,8102,,99,px081_evidence_acquisition/RESULTS.json,Benign,OtherAttackStage,14
PX081-0099,PX081,UNRAVELED,wrong_host_history,,entropy,1,False,8102,,99,px081_evidence_acquisition/RESULTS.json,Benign,LateralMovement,142
PX081-0099,PX081,UNRAVELED,wrong_host_history,,entropy,1,False,8102,,99,px081_evidence_acquisition/RESULTS.json,Benign,DataExfiltration,15
PX081-0099,PX081,UNRAVELED,wrong_host_history,,entropy,1,False,8102,,99,px081_evidence_acquisition/RESULTS.json,OtherAttackStage,Benign,42
PX081-0099,PX081,UNRAVELED,wrong_host_history,,entropy,1,False,8102,,99,px081_evidence_acquisition/RESULTS.json,OtherAttackStage,OtherAttackStage,12022
PX081-0099,PX081,UNRAVELED,wrong_host_history,,entropy,1,False,8102,,99,px081_evidence_acquisition/RESULTS.json,OtherAttackStage,LateralMovement,0
PX081-0099,PX081,UNRAVELED,wrong_host_history,,entropy,1,False,8102,,99,px081_evidence_acquisition/RESULTS.json,OtherAttackStage,DataExfiltration,360
PX081-0099,PX081,UNRAVELED,wrong_host_history,,entropy,1,False,8102,,99,px081_evidence_acquisition/RESULTS.json,LateralMovement,Benign,8
PX081-0099,PX081,UNRAVELED,wrong_host_history,,entropy,1,False,8102,,99,px081_evidence_acquisition/RESULTS.json,LateralMovement,OtherAttackStage,0
PX081-0099,PX081,UNRAVELED,wrong_host_history,,entropy,1,False,8102,,99,px081_evidence_acquisition/RESULTS.json,LateralMovement,LateralMovement,27
PX081-0099,PX081,UNRAVELED,wrong_host_history,,entropy,1,False,8102,,99,px081_evidence_acquisition/RESULTS.json,LateralMovement,DataExfiltration,0
PX081-0099,PX081,UNRAVELED,wrong_host_history,,entropy,1,False,8102,,99,px081_evidence_acquisition/RESULTS.json,DataExfiltration,Benign,63
PX081-0099,PX081,UNRAVELED,wrong_host_history,,entropy,1,False,8102,,99,px081_evidence_acquisition/RESULTS.json,DataExfiltration,OtherAttackStage,0
PX081-0099,PX081,UNRAVELED,wrong_host_history,,entropy,1,False,8102,,99,px081_evidence_acquisition/RESULTS.json,DataExfiltration,LateralMovement,1056
PX081-0099,PX081,UNRAVELED,wrong_host_history,,entropy,1,False,8102,,99,px081_evidence_acquisition/RESULTS.json,DataExfiltration,DataExfiltration,2323
PX081-0100,PX081,UNRAVELED,wrong_host_history,,harm,1,False,8102,,100,px081_evidence_acquisition/RESULTS.json,Benign,Benign,192035
PX081-0100,PX081,UNRAVELED,wrong_host_history,,harm,1,False,8102,,100,px081_evidence_acquisition/RESULTS.json,Benign,OtherAttackStage,14
PX081-0100,PX081,UNRAVELED,wrong_host_history,,harm,1,False,8102,,100,px081_evidence_acquisition/RESULTS.json,Benign,LateralMovement,129
PX081-0100,PX081,UNRAVELED,wrong_host_history,,harm,1,False,8102,,100,px081_evidence_acquisition/RESULTS.json,Benign,DataExfiltration,15
PX081-0100,PX081,UNRAVELED,wrong_host_history,,harm,1,False,8102,,100,px081_evidence_acquisition/RESULTS.json,OtherAttackStage,Benign,43
PX081-0100,PX081,UNRAVELED,wrong_host_history,,harm,1,False,8102,,100,px081_evidence_acquisition/RESULTS.json,OtherAttackStage,OtherAttackStage,12018
PX081-0100,PX081,UNRAVELED,wrong_host_history,,harm,1,False,8102,,100,px081_evidence_acquisition/RESULTS.json,OtherAttackStage,LateralMovement,0
PX081-0100,PX081,UNRAVELED,wrong_host_history,,harm,1,False,8102,,100,px081_evidence_acquisition/RESULTS.json,OtherAttackStage,DataExfiltration,363
PX081-0100,PX081,UNRAVELED,wrong_host_history,,harm,1,False,8102,,100,px081_evidence_acquisition/RESULTS.json,LateralMovement,Benign,8
PX081-0100,PX081,UNRAVELED,wrong_host_history,,harm,1,False,8102,,100,px081_evidence_acquisition/RESULTS.json,LateralMovement,OtherAttackStage,0
PX081-0100,PX081,UNRAVELED,wrong_host_history,,harm,1,False,8102,,100,px081_evidence_acquisition/RESULTS.json,LateralMovement,LateralMovement,27
PX081-0100,PX081,UNRAVELED,wrong_host_history,,harm,1,False,8102,,100,px081_evidence_acquisition/RESULTS.json,LateralMovement,DataExfiltration,0
PX081-0100,PX081,UNRAVELED,wrong_host_history,,harm,1,False,8102,,100,px081_evidence_acquisition/RESULTS.json,DataExfiltration,Benign,1115
PX081-0100,PX081,UNRAVELED,wrong_host_history,,harm,1,False,8102,,100,px081_evidence_acquisition/RESULTS.json,DataExfiltration,OtherAttackStage,0
PX081-0100,PX081,UNRAVELED,wrong_host_history,,harm,1,False,8102,,100,px081_evidence_acquisition/RESULTS.json,DataExfiltration,LateralMovement,4
PX081-0100,PX081,UNRAVELED,wrong_host_history,,harm,1,False,8102,,100,px081_evidence_acquisition/RESULTS.json,DataExfiltration,DataExfiltration,2323
PX081-0101,PX081,UNRAVELED,wrong_host_history,,none,2,False,8102,,101,px081_evidence_acquisition/RESULTS.json,Benign,Benign,192035
PX081-0101,PX081,UNRAVELED,wrong_host_history,,none,2,False,8102,,101,px081_evidence_acquisition/RESULTS.json,Benign,OtherAttackStage,14
PX081-0101,PX081,UNRAVELED,wrong_host_history,,none,2,False,8102,,101,px081_evidence_acquisition/RESULTS.json,Benign,LateralMovement,129
PX081-0101,PX081,UNRAVELED,wrong_host_history,,none,2,False,8102,,101,px081_evidence_acquisition/RESULTS.json,Benign,DataExfiltration,15
PX081-0101,PX081,UNRAVELED,wrong_host_history,,none,2,False,8102,,101,px081_evidence_acquisition/RESULTS.json,OtherAttackStage,Benign,43
PX081-0101,PX081,UNRAVELED,wrong_host_history,,none,2,False,8102,,101,px081_evidence_acquisition/RESULTS.json,OtherAttackStage,OtherAttackStage,12018
PX081-0101,PX081,UNRAVELED,wrong_host_history,,none,2,False,8102,,101,px081_evidence_acquisition/RESULTS.json,OtherAttackStage,LateralMovement,0
PX081-0101,PX081,UNRAVELED,wrong_host_history,,none,2,False,8102,,101,px081_evidence_acquisition/RESULTS.json,OtherAttackStage,DataExfiltration,363
PX081-0101,PX081,UNRAVELED,wrong_host_history,,none,2,False,8102,,101,px081_evidence_acquisition/RESULTS.json,LateralMovement,Benign,8
PX081-0101,PX081,UNRAVELED,wrong_host_history,,none,2,False,8102,,101,px081_evidence_acquisition/RESULTS.json,LateralMovement,OtherAttackStage,0
PX081-0101,PX081,UNRAVELED,wrong_host_history,,none,2,False,8102,,101,px081_evidence_acquisition/RESULTS.json,LateralMovement,LateralMovement,27
PX081-0101,PX081,UNRAVELED,wrong_host_history,,none,2,False,8102,,101,px081_evidence_acquisition/RESULTS.json,LateralMovement,DataExfiltration,0
PX081-0101,PX081,UNRAVELED,wrong_host_history,,none,2,False,8102,,101,px081_evidence_acquisition/RESULTS.json,DataExfiltration,Benign,1119
PX081-0101,PX081,UNRAVELED,wrong_host_history,,none,2,False,8102,,101,px081_evidence_acquisition/RESULTS.json,DataExfiltration,OtherAttackStage,0
PX081-0101,PX081,UNRAVELED,wrong_host_history,,none,2,False,8102,,101,px081_evidence_acquisition/RESULTS.json,DataExfiltration,LateralMovement,0
PX081-0101,PX081,UNRAVELED,wrong_host_history,,none,2,False,8102,,101,px081_evidence_acquisition/RESULTS.json,DataExfiltration,DataExfiltration,2323
PX081-0102,PX081,UNRAVELED,wrong_host_history,,roles_first,2,False,8102,,102,px081_evidence_acquisition/RESULTS.json,Benign,Benign,192023
PX081-0102,PX081,UNRAVELED,wrong_host_history,,roles_first,2,False,8102,,102,px081_evidence_acquisition/RESULTS.json,Benign,OtherAttackStage,13
PX081-0102,PX081,UNRAVELED,wrong_host_history,,roles_first,2,False,8102,,102,px081_evidence_acquisition/RESULTS.json,Benign,LateralMovement,142
PX081-0102,PX081,UNRAVELED,wrong_host_history,,roles_first,2,False,8102,,102,px081_evidence_acquisition/RESULTS.json,Benign,DataExfiltration,15
PX081-0102,PX081,UNRAVELED,wrong_host_history,,roles_first,2,False,8102,,102,px081_evidence_acquisition/RESULTS.json,OtherAttackStage,Benign,39
PX081-0102,PX081,UNRAVELED,wrong_host_history,,roles_first,2,False,8102,,102,px081_evidence_acquisition/RESULTS.json,OtherAttackStage,OtherAttackStage,12021
PX081-0102,PX081,UNRAVELED,wrong_host_history,,roles_first,2,False,8102,,102,px081_evidence_acquisition/RESULTS.json,OtherAttackStage,LateralMovement,0
PX081-0102,PX081,UNRAVELED,wrong_host_history,,roles_first,2,False,8102,,102,px081_evidence_acquisition/RESULTS.json,OtherAttackStage,DataExfiltration,364
PX081-0102,PX081,UNRAVELED,wrong_host_history,,roles_first,2,False,8102,,102,px081_evidence_acquisition/RESULTS.json,LateralMovement,Benign,8
PX081-0102,PX081,UNRAVELED,wrong_host_history,,roles_first,2,False,8102,,102,px081_evidence_acquisition/RESULTS.json,LateralMovement,OtherAttackStage,0
PX081-0102,PX081,UNRAVELED,wrong_host_history,,roles_first,2,False,8102,,102,px081_evidence_acquisition/RESULTS.json,LateralMovement,LateralMovement,27
PX081-0102,PX081,UNRAVELED,wrong_host_history,,roles_first,2,False,8102,,102,px081_evidence_acquisition/RESULTS.json,LateralMovement,DataExfiltration,0
PX081-0102,PX081,UNRAVELED,wrong_host_history,,roles_first,2,False,8102,,102,px081_evidence_acquisition/RESULTS.json,DataExfiltration,Benign,61
PX081-0102,PX081,UNRAVELED,wrong_host_history,,roles_first,2,False,8102,,102,px081_evidence_acquisition/RESULTS.json,DataExfiltration,OtherAttackStage,0
PX081-0102,PX081,UNRAVELED,wrong_host_history,,roles_first,2,False,8102,,102,px081_evidence_acquisition/RESULTS.json,DataExfiltration,LateralMovement,1058
PX081-0102,PX081,UNRAVELED,wrong_host_history,,roles_first,2,False,8102,,102,px081_evidence_acquisition/RESULTS.json,DataExfiltration,DataExfiltration,2323
PX081-0103,PX081,UNRAVELED,wrong_host_history,,history_first,2,False,8102,,103,px081_evidence_acquisition/RESULTS.json,Benign,Benign,192082
PX081-0103,PX081,UNRAVELED,wrong_host_history,,history_first,2,False,8102,,103,px081_evidence_acquisition/RESULTS.json,Benign,OtherAttackStage,0
PX081-0103,PX081,UNRAVELED,wrong_host_history,,history_first,2,False,8102,,103,px081_evidence_acquisition/RESULTS.json,Benign,LateralMovement,111
PX081-0103,PX081,UNRAVELED,wrong_host_history,,history_first,2,False,8102,,103,px081_evidence_acquisition/RESULTS.json,Benign,DataExfiltration,0
PX081-0103,PX081,UNRAVELED,wrong_host_history,,history_first,2,False,8102,,103,px081_evidence_acquisition/RESULTS.json,OtherAttackStage,Benign,12020
PX081-0103,PX081,UNRAVELED,wrong_host_history,,history_first,2,False,8102,,103,px081_evidence_acquisition/RESULTS.json,OtherAttackStage,OtherAttackStage,149
PX081-0103,PX081,UNRAVELED,wrong_host_history,,history_first,2,False,8102,,103,px081_evidence_acquisition/RESULTS.json,OtherAttackStage,LateralMovement,0
PX081-0103,PX081,UNRAVELED,wrong_host_history,,history_first,2,False,8102,,103,px081_evidence_acquisition/RESULTS.json,OtherAttackStage,DataExfiltration,255
PX081-0103,PX081,UNRAVELED,wrong_host_history,,history_first,2,False,8102,,103,px081_evidence_acquisition/RESULTS.json,LateralMovement,Benign,10
PX081-0103,PX081,UNRAVELED,wrong_host_history,,history_first,2,False,8102,,103,px081_evidence_acquisition/RESULTS.json,LateralMovement,OtherAttackStage,0
PX081-0103,PX081,UNRAVELED,wrong_host_history,,history_first,2,False,8102,,103,px081_evidence_acquisition/RESULTS.json,LateralMovement,LateralMovement,25
PX081-0103,PX081,UNRAVELED,wrong_host_history,,history_first,2,False,8102,,103,px081_evidence_acquisition/RESULTS.json,LateralMovement,DataExfiltration,0
PX081-0103,PX081,UNRAVELED,wrong_host_history,,history_first,2,False,8102,,103,px081_evidence_acquisition/RESULTS.json,DataExfiltration,Benign,1138
PX081-0103,PX081,UNRAVELED,wrong_host_history,,history_first,2,False,8102,,103,px081_evidence_acquisition/RESULTS.json,DataExfiltration,OtherAttackStage,0
PX081-0103,PX081,UNRAVELED,wrong_host_history,,history_first,2,False,8102,,103,px081_evidence_acquisition/RESULTS.json,DataExfiltration,LateralMovement,0
PX081-0103,PX081,UNRAVELED,wrong_host_history,,history_first,2,False,8102,,103,px081_evidence_acquisition/RESULTS.json,DataExfiltration,DataExfiltration,2304
PX081-0104,PX081,UNRAVELED,wrong_host_history,,random,2,False,8102,,104,px081_evidence_acquisition/RESULTS.json,Benign,Benign,192052
PX081-0104,PX081,UNRAVELED,wrong_host_history,,random,2,False,8102,,104,px081_evidence_acquisition/RESULTS.json,Benign,OtherAttackStage,7
PX081-0104,PX081,UNRAVELED,wrong_host_history,,random,2,False,8102,,104,px081_evidence_acquisition/RESULTS.json,Benign,LateralMovement,127
PX081-0104,PX081,UNRAVELED,wrong_host_history,,random,2,False,8102,,104,px081_evidence_acquisition/RESULTS.json,Benign,DataExfiltration,7
PX081-0104,PX081,UNRAVELED,wrong_host_history,,random,2,False,8102,,104,px081_evidence_acquisition/RESULTS.json,OtherAttackStage,Benign,5978
PX081-0104,PX081,UNRAVELED,wrong_host_history,,random,2,False,8102,,104,px081_evidence_acquisition/RESULTS.json,OtherAttackStage,OtherAttackStage,6130
PX081-0104,PX081,UNRAVELED,wrong_host_history,,random,2,False,8102,,104,px081_evidence_acquisition/RESULTS.json,OtherAttackStage,LateralMovement,0
PX081-0104,PX081,UNRAVELED,wrong_host_history,,random,2,False,8102,,104,px081_evidence_acquisition/RESULTS.json,OtherAttackStage,DataExfiltration,316
PX081-0104,PX081,UNRAVELED,wrong_host_history,,random,2,False,8102,,104,px081_evidence_acquisition/RESULTS.json,LateralMovement,Benign,9
PX081-0104,PX081,UNRAVELED,wrong_host_history,,random,2,False,8102,,104,px081_evidence_acquisition/RESULTS.json,LateralMovement,OtherAttackStage,0
PX081-0104,PX081,UNRAVELED,wrong_host_history,,random,2,False,8102,,104,px081_evidence_acquisition/RESULTS.json,LateralMovement,LateralMovement,26
PX081-0104,PX081,UNRAVELED,wrong_host_history,,random,2,False,8102,,104,px081_evidence_acquisition/RESULTS.json,LateralMovement,DataExfiltration,0
PX081-0104,PX081,UNRAVELED,wrong_host_history,,random,2,False,8102,,104,px081_evidence_acquisition/RESULTS.json,DataExfiltration,Benign,614
PX081-0104,PX081,UNRAVELED,wrong_host_history,,random,2,False,8102,,104,px081_evidence_acquisition/RESULTS.json,DataExfiltration,OtherAttackStage,0
PX081-0104,PX081,UNRAVELED,wrong_host_history,,random,2,False,8102,,104,px081_evidence_acquisition/RESULTS.json,DataExfiltration,LateralMovement,514
PX081-0104,PX081,UNRAVELED,wrong_host_history,,random,2,False,8102,,104,px081_evidence_acquisition/RESULTS.json,DataExfiltration,DataExfiltration,2314
PX081-0105,PX081,UNRAVELED,wrong_host_history,,entropy,2,False,8102,,105,px081_evidence_acquisition/RESULTS.json,Benign,Benign,192082
PX081-0105,PX081,UNRAVELED,wrong_host_history,,entropy,2,False,8102,,105,px081_evidence_acquisition/RESULTS.json,Benign,OtherAttackStage,0
PX081-0105,PX081,UNRAVELED,wrong_host_history,,entropy,2,False,8102,,105,px081_evidence_acquisition/RESULTS.json,Benign,LateralMovement,111
PX081-0105,PX081,UNRAVELED,wrong_host_history,,entropy,2,False,8102,,105,px081_evidence_acquisition/RESULTS.json,Benign,DataExfiltration,0
PX081-0105,PX081,UNRAVELED,wrong_host_history,,entropy,2,False,8102,,105,px081_evidence_acquisition/RESULTS.json,OtherAttackStage,Benign,9736
PX081-0105,PX081,UNRAVELED,wrong_host_history,,entropy,2,False,8102,,105,px081_evidence_acquisition/RESULTS.json,OtherAttackStage,OtherAttackStage,2431
PX081-0105,PX081,UNRAVELED,wrong_host_history,,entropy,2,False,8102,,105,px081_evidence_acquisition/RESULTS.json,OtherAttackStage,LateralMovement,0
PX081-0105,PX081,UNRAVELED,wrong_host_history,,entropy,2,False,8102,,105,px081_evidence_acquisition/RESULTS.json,OtherAttackStage,DataExfiltration,257
PX081-0105,PX081,UNRAVELED,wrong_host_history,,entropy,2,False,8102,,105,px081_evidence_acquisition/RESULTS.json,LateralMovement,Benign,10
PX081-0105,PX081,UNRAVELED,wrong_host_history,,entropy,2,False,8102,,105,px081_evidence_acquisition/RESULTS.json,LateralMovement,OtherAttackStage,0
PX081-0105,PX081,UNRAVELED,wrong_host_history,,entropy,2,False,8102,,105,px081_evidence_acquisition/RESULTS.json,LateralMovement,LateralMovement,25
PX081-0105,PX081,UNRAVELED,wrong_host_history,,entropy,2,False,8102,,105,px081_evidence_acquisition/RESULTS.json,LateralMovement,DataExfiltration,0
PX081-0105,PX081,UNRAVELED,wrong_host_history,,entropy,2,False,8102,,105,px081_evidence_acquisition/RESULTS.json,DataExfiltration,Benign,84
PX081-0105,PX081,UNRAVELED,wrong_host_history,,entropy,2,False,8102,,105,px081_evidence_acquisition/RESULTS.json,DataExfiltration,OtherAttackStage,0
PX081-0105,PX081,UNRAVELED,wrong_host_history,,entropy,2,False,8102,,105,px081_evidence_acquisition/RESULTS.json,DataExfiltration,LateralMovement,1049
PX081-0105,PX081,UNRAVELED,wrong_host_history,,entropy,2,False,8102,,105,px081_evidence_acquisition/RESULTS.json,DataExfiltration,DataExfiltration,2309
PX081-0106,PX081,UNRAVELED,wrong_host_history,,harm,2,False,8102,,106,px081_evidence_acquisition/RESULTS.json,Benign,Benign,192061
PX081-0106,PX081,UNRAVELED,wrong_host_history,,harm,2,False,8102,,106,px081_evidence_acquisition/RESULTS.json,Benign,OtherAttackStage,5
PX081-0106,PX081,UNRAVELED,wrong_host_history,,harm,2,False,8102,,106,px081_evidence_acquisition/RESULTS.json,Benign,LateralMovement,113
PX081-0106,PX081,UNRAVELED,wrong_host_history,,harm,2,False,8102,,106,px081_evidence_acquisition/RESULTS.json,Benign,DataExfiltration,14
PX081-0106,PX081,UNRAVELED,wrong_host_history,,harm,2,False,8102,,106,px081_evidence_acquisition/RESULTS.json,OtherAttackStage,Benign,8555
PX081-0106,PX081,UNRAVELED,wrong_host_history,,harm,2,False,8102,,106,px081_evidence_acquisition/RESULTS.json,OtherAttackStage,OtherAttackStage,3600
PX081-0106,PX081,UNRAVELED,wrong_host_history,,harm,2,False,8102,,106,px081_evidence_acquisition/RESULTS.json,OtherAttackStage,LateralMovement,0
PX081-0106,PX081,UNRAVELED,wrong_host_history,,harm,2,False,8102,,106,px081_evidence_acquisition/RESULTS.json,OtherAttackStage,DataExfiltration,269
PX081-0106,PX081,UNRAVELED,wrong_host_history,,harm,2,False,8102,,106,px081_evidence_acquisition/RESULTS.json,LateralMovement,Benign,10
PX081-0106,PX081,UNRAVELED,wrong_host_history,,harm,2,False,8102,,106,px081_evidence_acquisition/RESULTS.json,LateralMovement,OtherAttackStage,0
PX081-0106,PX081,UNRAVELED,wrong_host_history,,harm,2,False,8102,,106,px081_evidence_acquisition/RESULTS.json,LateralMovement,LateralMovement,25
PX081-0106,PX081,UNRAVELED,wrong_host_history,,harm,2,False,8102,,106,px081_evidence_acquisition/RESULTS.json,LateralMovement,DataExfiltration,0
PX081-0106,PX081,UNRAVELED,wrong_host_history,,harm,2,False,8102,,106,px081_evidence_acquisition/RESULTS.json,DataExfiltration,Benign,1133
PX081-0106,PX081,UNRAVELED,wrong_host_history,,harm,2,False,8102,,106,px081_evidence_acquisition/RESULTS.json,DataExfiltration,OtherAttackStage,0
PX081-0106,PX081,UNRAVELED,wrong_host_history,,harm,2,False,8102,,106,px081_evidence_acquisition/RESULTS.json,DataExfiltration,LateralMovement,2
PX081-0106,PX081,UNRAVELED,wrong_host_history,,harm,2,False,8102,,106,px081_evidence_acquisition/RESULTS.json,DataExfiltration,DataExfiltration,2307
PX081-0107,PX081,UNRAVELED,wrong_host_history,,none,3,False,8102,,107,px081_evidence_acquisition/RESULTS.json,Benign,Benign,192035
PX081-0107,PX081,UNRAVELED,wrong_host_history,,none,3,False,8102,,107,px081_evidence_acquisition/RESULTS.json,Benign,OtherAttackStage,14
PX081-0107,PX081,UNRAVELED,wrong_host_history,,none,3,False,8102,,107,px081_evidence_acquisition/RESULTS.json,Benign,LateralMovement,129
PX081-0107,PX081,UNRAVELED,wrong_host_history,,none,3,False,8102,,107,px081_evidence_acquisition/RESULTS.json,Benign,DataExfiltration,15
PX081-0107,PX081,UNRAVELED,wrong_host_history,,none,3,False,8102,,107,px081_evidence_acquisition/RESULTS.json,OtherAttackStage,Benign,43
PX081-0107,PX081,UNRAVELED,wrong_host_history,,none,3,False,8102,,107,px081_evidence_acquisition/RESULTS.json,OtherAttackStage,OtherAttackStage,12018
PX081-0107,PX081,UNRAVELED,wrong_host_history,,none,3,False,8102,,107,px081_evidence_acquisition/RESULTS.json,OtherAttackStage,LateralMovement,0
PX081-0107,PX081,UNRAVELED,wrong_host_history,,none,3,False,8102,,107,px081_evidence_acquisition/RESULTS.json,OtherAttackStage,DataExfiltration,363
PX081-0107,PX081,UNRAVELED,wrong_host_history,,none,3,False,8102,,107,px081_evidence_acquisition/RESULTS.json,LateralMovement,Benign,8
PX081-0107,PX081,UNRAVELED,wrong_host_history,,none,3,False,8102,,107,px081_evidence_acquisition/RESULTS.json,LateralMovement,OtherAttackStage,0
PX081-0107,PX081,UNRAVELED,wrong_host_history,,none,3,False,8102,,107,px081_evidence_acquisition/RESULTS.json,LateralMovement,LateralMovement,27
PX081-0107,PX081,UNRAVELED,wrong_host_history,,none,3,False,8102,,107,px081_evidence_acquisition/RESULTS.json,LateralMovement,DataExfiltration,0
PX081-0107,PX081,UNRAVELED,wrong_host_history,,none,3,False,8102,,107,px081_evidence_acquisition/RESULTS.json,DataExfiltration,Benign,1119
PX081-0107,PX081,UNRAVELED,wrong_host_history,,none,3,False,8102,,107,px081_evidence_acquisition/RESULTS.json,DataExfiltration,OtherAttackStage,0
PX081-0107,PX081,UNRAVELED,wrong_host_history,,none,3,False,8102,,107,px081_evidence_acquisition/RESULTS.json,DataExfiltration,LateralMovement,0
PX081-0107,PX081,UNRAVELED,wrong_host_history,,none,3,False,8102,,107,px081_evidence_acquisition/RESULTS.json,DataExfiltration,DataExfiltration,2323
PX081-0108,PX081,UNRAVELED,wrong_host_history,,roles_first,3,False,8102,,108,px081_evidence_acquisition/RESULTS.json,Benign,Benign,192036
PX081-0108,PX081,UNRAVELED,wrong_host_history,,roles_first,3,False,8102,,108,px081_evidence_acquisition/RESULTS.json,Benign,OtherAttackStage,0
PX081-0108,PX081,UNRAVELED,wrong_host_history,,roles_first,3,False,8102,,108,px081_evidence_acquisition/RESULTS.json,Benign,LateralMovement,157
PX081-0108,PX081,UNRAVELED,wrong_host_history,,roles_first,3,False,8102,,108,px081_evidence_acquisition/RESULTS.json,Benign,DataExfiltration,0
PX081-0108,PX081,UNRAVELED,wrong_host_history,,roles_first,3,False,8102,,108,px081_evidence_acquisition/RESULTS.json,OtherAttackStage,Benign,7695
PX081-0108,PX081,UNRAVELED,wrong_host_history,,roles_first,3,False,8102,,108,px081_evidence_acquisition/RESULTS.json,OtherAttackStage,OtherAttackStage,4448
PX081-0108,PX081,UNRAVELED,wrong_host_history,,roles_first,3,False,8102,,108,px081_evidence_acquisition/RESULTS.json,OtherAttackStage,LateralMovement,0
PX081-0108,PX081,UNRAVELED,wrong_host_history,,roles_first,3,False,8102,,108,px081_evidence_acquisition/RESULTS.json,OtherAttackStage,DataExfiltration,281
PX081-0108,PX081,UNRAVELED,wrong_host_history,,roles_first,3,False,8102,,108,px081_evidence_acquisition/RESULTS.json,LateralMovement,Benign,3
PX081-0108,PX081,UNRAVELED,wrong_host_history,,roles_first,3,False,8102,,108,px081_evidence_acquisition/RESULTS.json,LateralMovement,OtherAttackStage,0
PX081-0108,PX081,UNRAVELED,wrong_host_history,,roles_first,3,False,8102,,108,px081_evidence_acquisition/RESULTS.json,LateralMovement,LateralMovement,32
PX081-0108,PX081,UNRAVELED,wrong_host_history,,roles_first,3,False,8102,,108,px081_evidence_acquisition/RESULTS.json,LateralMovement,DataExfiltration,0
PX081-0108,PX081,UNRAVELED,wrong_host_history,,roles_first,3,False,8102,,108,px081_evidence_acquisition/RESULTS.json,DataExfiltration,Benign,65
PX081-0108,PX081,UNRAVELED,wrong_host_history,,roles_first,3,False,8102,,108,px081_evidence_acquisition/RESULTS.json,DataExfiltration,OtherAttackStage,0
PX081-0108,PX081,UNRAVELED,wrong_host_history,,roles_first,3,False,8102,,108,px081_evidence_acquisition/RESULTS.json,DataExfiltration,LateralMovement,1071
PX081-0108,PX081,UNRAVELED,wrong_host_history,,roles_first,3,False,8102,,108,px081_evidence_acquisition/RESULTS.json,DataExfiltration,DataExfiltration,2306
PX081-0109,PX081,UNRAVELED,wrong_host_history,,history_first,3,False,8102,,109,px081_evidence_acquisition/RESULTS.json,Benign,Benign,192036
PX081-0109,PX081,UNRAVELED,wrong_host_history,,history_first,3,False,8102,,109,px081_evidence_acquisition/RESULTS.json,Benign,OtherAttackStage,0
PX081-0109,PX081,UNRAVELED,wrong_host_history,,history_first,3,False,8102,,109,px081_evidence_acquisition/RESULTS.json,Benign,LateralMovement,157
PX081-0109,PX081,UNRAVELED,wrong_host_history,,history_first,3,False,8102,,109,px081_evidence_acquisition/RESULTS.json,Benign,DataExfiltration,0
PX081-0109,PX081,UNRAVELED,wrong_host_history,,history_first,3,False,8102,,109,px081_evidence_acquisition/RESULTS.json,OtherAttackStage,Benign,7695
PX081-0109,PX081,UNRAVELED,wrong_host_history,,history_first,3,False,8102,,109,px081_evidence_acquisition/RESULTS.json,OtherAttackStage,OtherAttackStage,4448
PX081-0109,PX081,UNRAVELED,wrong_host_history,,history_first,3,False,8102,,109,px081_evidence_acquisition/RESULTS.json,OtherAttackStage,LateralMovement,0
PX081-0109,PX081,UNRAVELED,wrong_host_history,,history_first,3,False,8102,,109,px081_evidence_acquisition/RESULTS.json,OtherAttackStage,DataExfiltration,281
PX081-0109,PX081,UNRAVELED,wrong_host_history,,history_first,3,False,8102,,109,px081_evidence_acquisition/RESULTS.json,LateralMovement,Benign,3
PX081-0109,PX081,UNRAVELED,wrong_host_history,,history_first,3,False,8102,,109,px081_evidence_acquisition/RESULTS.json,LateralMovement,OtherAttackStage,0
PX081-0109,PX081,UNRAVELED,wrong_host_history,,history_first,3,False,8102,,109,px081_evidence_acquisition/RESULTS.json,LateralMovement,LateralMovement,32
PX081-0109,PX081,UNRAVELED,wrong_host_history,,history_first,3,False,8102,,109,px081_evidence_acquisition/RESULTS.json,LateralMovement,DataExfiltration,0
PX081-0109,PX081,UNRAVELED,wrong_host_history,,history_first,3,False,8102,,109,px081_evidence_acquisition/RESULTS.json,DataExfiltration,Benign,65
PX081-0109,PX081,UNRAVELED,wrong_host_history,,history_first,3,False,8102,,109,px081_evidence_acquisition/RESULTS.json,DataExfiltration,OtherAttackStage,0
PX081-0109,PX081,UNRAVELED,wrong_host_history,,history_first,3,False,8102,,109,px081_evidence_acquisition/RESULTS.json,DataExfiltration,LateralMovement,1071
PX081-0109,PX081,UNRAVELED,wrong_host_history,,history_first,3,False,8102,,109,px081_evidence_acquisition/RESULTS.json,DataExfiltration,DataExfiltration,2306
PX081-0110,PX081,UNRAVELED,wrong_host_history,,random,3,False,8102,,110,px081_evidence_acquisition/RESULTS.json,Benign,Benign,192036
PX081-0110,PX081,UNRAVELED,wrong_host_history,,random,3,False,8102,,110,px081_evidence_acquisition/RESULTS.json,Benign,OtherAttackStage,0
PX081-0110,PX081,UNRAVELED,wrong_host_history,,random,3,False,8102,,110,px081_evidence_acquisition/RESULTS.json,Benign,LateralMovement,157
PX081-0110,PX081,UNRAVELED,wrong_host_history,,random,3,False,8102,,110,px081_evidence_acquisition/RESULTS.json,Benign,DataExfiltration,0
PX081-0110,PX081,UNRAVELED,wrong_host_history,,random,3,False,8102,,110,px081_evidence_acquisition/RESULTS.json,OtherAttackStage,Benign,7695
PX081-0110,PX081,UNRAVELED,wrong_host_history,,random,3,False,8102,,110,px081_evidence_acquisition/RESULTS.json,OtherAttackStage,OtherAttackStage,4448
PX081-0110,PX081,UNRAVELED,wrong_host_history,,random,3,False,8102,,110,px081_evidence_acquisition/RESULTS.json,OtherAttackStage,LateralMovement,0
PX081-0110,PX081,UNRAVELED,wrong_host_history,,random,3,False,8102,,110,px081_evidence_acquisition/RESULTS.json,OtherAttackStage,DataExfiltration,281
PX081-0110,PX081,UNRAVELED,wrong_host_history,,random,3,False,8102,,110,px081_evidence_acquisition/RESULTS.json,LateralMovement,Benign,3
PX081-0110,PX081,UNRAVELED,wrong_host_history,,random,3,False,8102,,110,px081_evidence_acquisition/RESULTS.json,LateralMovement,OtherAttackStage,0
PX081-0110,PX081,UNRAVELED,wrong_host_history,,random,3,False,8102,,110,px081_evidence_acquisition/RESULTS.json,LateralMovement,LateralMovement,32
PX081-0110,PX081,UNRAVELED,wrong_host_history,,random,3,False,8102,,110,px081_evidence_acquisition/RESULTS.json,LateralMovement,DataExfiltration,0
PX081-0110,PX081,UNRAVELED,wrong_host_history,,random,3,False,8102,,110,px081_evidence_acquisition/RESULTS.json,DataExfiltration,Benign,65
PX081-0110,PX081,UNRAVELED,wrong_host_history,,random,3,False,8102,,110,px081_evidence_acquisition/RESULTS.json,DataExfiltration,OtherAttackStage,0
PX081-0110,PX081,UNRAVELED,wrong_host_history,,random,3,False,8102,,110,px081_evidence_acquisition/RESULTS.json,DataExfiltration,LateralMovement,1071
PX081-0110,PX081,UNRAVELED,wrong_host_history,,random,3,False,8102,,110,px081_evidence_acquisition/RESULTS.json,DataExfiltration,DataExfiltration,2306
PX081-0111,PX081,UNRAVELED,wrong_host_history,,entropy,3,False,8102,,111,px081_evidence_acquisition/RESULTS.json,Benign,Benign,192043
PX081-0111,PX081,UNRAVELED,wrong_host_history,,entropy,3,False,8102,,111,px081_evidence_acquisition/RESULTS.json,Benign,OtherAttackStage,0
PX081-0111,PX081,UNRAVELED,wrong_host_history,,entropy,3,False,8102,,111,px081_evidence_acquisition/RESULTS.json,Benign,LateralMovement,150
PX081-0111,PX081,UNRAVELED,wrong_host_history,,entropy,3,False,8102,,111,px081_evidence_acquisition/RESULTS.json,Benign,DataExfiltration,0
PX081-0111,PX081,UNRAVELED,wrong_host_history,,entropy,3,False,8102,,111,px081_evidence_acquisition/RESULTS.json,OtherAttackStage,Benign,6171
PX081-0111,PX081,UNRAVELED,wrong_host_history,,entropy,3,False,8102,,111,px081_evidence_acquisition/RESULTS.json,OtherAttackStage,OtherAttackStage,5984
PX081-0111,PX081,UNRAVELED,wrong_host_history,,entropy,3,False,8102,,111,px081_evidence_acquisition/RESULTS.json,OtherAttackStage,LateralMovement,0
PX081-0111,PX081,UNRAVELED,wrong_host_history,,entropy,3,False,8102,,111,px081_evidence_acquisition/RESULTS.json,OtherAttackStage,DataExfiltration,269
PX081-0111,PX081,UNRAVELED,wrong_host_history,,entropy,3,False,8102,,111,px081_evidence_acquisition/RESULTS.json,LateralMovement,Benign,6
PX081-0111,PX081,UNRAVELED,wrong_host_history,,entropy,3,False,8102,,111,px081_evidence_acquisition/RESULTS.json,LateralMovement,OtherAttackStage,0
PX081-0111,PX081,UNRAVELED,wrong_host_history,,entropy,3,False,8102,,111,px081_evidence_acquisition/RESULTS.json,LateralMovement,LateralMovement,29
PX081-0111,PX081,UNRAVELED,wrong_host_history,,entropy,3,False,8102,,111,px081_evidence_acquisition/RESULTS.json,LateralMovement,DataExfiltration,0
PX081-0111,PX081,UNRAVELED,wrong_host_history,,entropy,3,False,8102,,111,px081_evidence_acquisition/RESULTS.json,DataExfiltration,Benign,70
PX081-0111,PX081,UNRAVELED,wrong_host_history,,entropy,3,False,8102,,111,px081_evidence_acquisition/RESULTS.json,DataExfiltration,OtherAttackStage,0
PX081-0111,PX081,UNRAVELED,wrong_host_history,,entropy,3,False,8102,,111,px081_evidence_acquisition/RESULTS.json,DataExfiltration,LateralMovement,1061
PX081-0111,PX081,UNRAVELED,wrong_host_history,,entropy,3,False,8102,,111,px081_evidence_acquisition/RESULTS.json,DataExfiltration,DataExfiltration,2311
PX081-0112,PX081,UNRAVELED,wrong_host_history,,harm,3,False,8102,,112,px081_evidence_acquisition/RESULTS.json,Benign,Benign,192018
PX081-0112,PX081,UNRAVELED,wrong_host_history,,harm,3,False,8102,,112,px081_evidence_acquisition/RESULTS.json,Benign,OtherAttackStage,5
PX081-0112,PX081,UNRAVELED,wrong_host_history,,harm,3,False,8102,,112,px081_evidence_acquisition/RESULTS.json,Benign,LateralMovement,156
PX081-0112,PX081,UNRAVELED,wrong_host_history,,harm,3,False,8102,,112,px081_evidence_acquisition/RESULTS.json,Benign,DataExfiltration,14
PX081-0112,PX081,UNRAVELED,wrong_host_history,,harm,3,False,8102,,112,px081_evidence_acquisition/RESULTS.json,OtherAttackStage,Benign,7485
PX081-0112,PX081,UNRAVELED,wrong_host_history,,harm,3,False,8102,,112,px081_evidence_acquisition/RESULTS.json,OtherAttackStage,OtherAttackStage,4645
PX081-0112,PX081,UNRAVELED,wrong_host_history,,harm,3,False,8102,,112,px081_evidence_acquisition/RESULTS.json,OtherAttackStage,LateralMovement,0
PX081-0112,PX081,UNRAVELED,wrong_host_history,,harm,3,False,8102,,112,px081_evidence_acquisition/RESULTS.json,OtherAttackStage,DataExfiltration,294
PX081-0112,PX081,UNRAVELED,wrong_host_history,,harm,3,False,8102,,112,px081_evidence_acquisition/RESULTS.json,LateralMovement,Benign,3
PX081-0112,PX081,UNRAVELED,wrong_host_history,,harm,3,False,8102,,112,px081_evidence_acquisition/RESULTS.json,LateralMovement,OtherAttackStage,0
PX081-0112,PX081,UNRAVELED,wrong_host_history,,harm,3,False,8102,,112,px081_evidence_acquisition/RESULTS.json,LateralMovement,LateralMovement,32
PX081-0112,PX081,UNRAVELED,wrong_host_history,,harm,3,False,8102,,112,px081_evidence_acquisition/RESULTS.json,LateralMovement,DataExfiltration,0
PX081-0112,PX081,UNRAVELED,wrong_host_history,,harm,3,False,8102,,112,px081_evidence_acquisition/RESULTS.json,DataExfiltration,Benign,68
PX081-0112,PX081,UNRAVELED,wrong_host_history,,harm,3,False,8102,,112,px081_evidence_acquisition/RESULTS.json,DataExfiltration,OtherAttackStage,0
PX081-0112,PX081,UNRAVELED,wrong_host_history,,harm,3,False,8102,,112,px081_evidence_acquisition/RESULTS.json,DataExfiltration,LateralMovement,1068
PX081-0112,PX081,UNRAVELED,wrong_host_history,,harm,3,False,8102,,112,px081_evidence_acquisition/RESULTS.json,DataExfiltration,DataExfiltration,2306
PX081-0113,PX081,UNRAVELED,wrong_host_history,,full_context_reference,,True,8102,,113,px081_evidence_acquisition/RESULTS.json,Benign,Benign,192036
PX081-0113,PX081,UNRAVELED,wrong_host_history,,full_context_reference,,True,8102,,113,px081_evidence_acquisition/RESULTS.json,Benign,OtherAttackStage,0
PX081-0113,PX081,UNRAVELED,wrong_host_history,,full_context_reference,,True,8102,,113,px081_evidence_acquisition/RESULTS.json,Benign,LateralMovement,157
PX081-0113,PX081,UNRAVELED,wrong_host_history,,full_context_reference,,True,8102,,113,px081_evidence_acquisition/RESULTS.json,Benign,DataExfiltration,0
PX081-0113,PX081,UNRAVELED,wrong_host_history,,full_context_reference,,True,8102,,113,px081_evidence_acquisition/RESULTS.json,OtherAttackStage,Benign,7695
PX081-0113,PX081,UNRAVELED,wrong_host_history,,full_context_reference,,True,8102,,113,px081_evidence_acquisition/RESULTS.json,OtherAttackStage,OtherAttackStage,4448
PX081-0113,PX081,UNRAVELED,wrong_host_history,,full_context_reference,,True,8102,,113,px081_evidence_acquisition/RESULTS.json,OtherAttackStage,LateralMovement,0
PX081-0113,PX081,UNRAVELED,wrong_host_history,,full_context_reference,,True,8102,,113,px081_evidence_acquisition/RESULTS.json,OtherAttackStage,DataExfiltration,281
PX081-0113,PX081,UNRAVELED,wrong_host_history,,full_context_reference,,True,8102,,113,px081_evidence_acquisition/RESULTS.json,LateralMovement,Benign,3
PX081-0113,PX081,UNRAVELED,wrong_host_history,,full_context_reference,,True,8102,,113,px081_evidence_acquisition/RESULTS.json,LateralMovement,OtherAttackStage,0
PX081-0113,PX081,UNRAVELED,wrong_host_history,,full_context_reference,,True,8102,,113,px081_evidence_acquisition/RESULTS.json,LateralMovement,LateralMovement,32
PX081-0113,PX081,UNRAVELED,wrong_host_history,,full_context_reference,,True,8102,,113,px081_evidence_acquisition/RESULTS.json,LateralMovement,DataExfiltration,0
PX081-0113,PX081,UNRAVELED,wrong_host_history,,full_context_reference,,True,8102,,113,px081_evidence_acquisition/RESULTS.json,DataExfiltration,Benign,65
PX081-0113,PX081,UNRAVELED,wrong_host_history,,full_context_reference,,True,8102,,113,px081_evidence_acquisition/RESULTS.json,DataExfiltration,OtherAttackStage,0
PX081-0113,PX081,UNRAVELED,wrong_host_history,,full_context_reference,,True,8102,,113,px081_evidence_acquisition/RESULTS.json,DataExfiltration,LateralMovement,1071
PX081-0113,PX081,UNRAVELED,wrong_host_history,,full_context_reference,,True,8102,,113,px081_evidence_acquisition/RESULTS.json,DataExfiltration,DataExfiltration,2306
PX081-0114,PX081,UNRAVELED,clean,,none,1,False,8103,,114,px081_evidence_acquisition/RESULTS.json,Benign,Benign,192026
PX081-0114,PX081,UNRAVELED,clean,,none,1,False,8103,,114,px081_evidence_acquisition/RESULTS.json,Benign,OtherAttackStage,0
PX081-0114,PX081,UNRAVELED,clean,,none,1,False,8103,,114,px081_evidence_acquisition/RESULTS.json,Benign,LateralMovement,143
PX081-0114,PX081,UNRAVELED,clean,,none,1,False,8103,,114,px081_evidence_acquisition/RESULTS.json,Benign,DataExfiltration,24
PX081-0114,PX081,UNRAVELED,clean,,none,1,False,8103,,114,px081_evidence_acquisition/RESULTS.json,OtherAttackStage,Benign,38
PX081-0114,PX081,UNRAVELED,clean,,none,1,False,8103,,114,px081_evidence_acquisition/RESULTS.json,OtherAttackStage,OtherAttackStage,12034
PX081-0114,PX081,UNRAVELED,clean,,none,1,False,8103,,114,px081_evidence_acquisition/RESULTS.json,OtherAttackStage,LateralMovement,0
PX081-0114,PX081,UNRAVELED,clean,,none,1,False,8103,,114,px081_evidence_acquisition/RESULTS.json,OtherAttackStage,DataExfiltration,352
PX081-0114,PX081,UNRAVELED,clean,,none,1,False,8103,,114,px081_evidence_acquisition/RESULTS.json,LateralMovement,Benign,8
PX081-0114,PX081,UNRAVELED,clean,,none,1,False,8103,,114,px081_evidence_acquisition/RESULTS.json,LateralMovement,OtherAttackStage,0
PX081-0114,PX081,UNRAVELED,clean,,none,1,False,8103,,114,px081_evidence_acquisition/RESULTS.json,LateralMovement,LateralMovement,27
PX081-0114,PX081,UNRAVELED,clean,,none,1,False,8103,,114,px081_evidence_acquisition/RESULTS.json,LateralMovement,DataExfiltration,0
PX081-0114,PX081,UNRAVELED,clean,,none,1,False,8103,,114,px081_evidence_acquisition/RESULTS.json,DataExfiltration,Benign,1117
PX081-0114,PX081,UNRAVELED,clean,,none,1,False,8103,,114,px081_evidence_acquisition/RESULTS.json,DataExfiltration,OtherAttackStage,0
PX081-0114,PX081,UNRAVELED,clean,,none,1,False,8103,,114,px081_evidence_acquisition/RESULTS.json,DataExfiltration,LateralMovement,0
PX081-0114,PX081,UNRAVELED,clean,,none,1,False,8103,,114,px081_evidence_acquisition/RESULTS.json,DataExfiltration,DataExfiltration,2325
PX081-0115,PX081,UNRAVELED,clean,,roles_first,1,False,8103,,115,px081_evidence_acquisition/RESULTS.json,Benign,Benign,192010
PX081-0115,PX081,UNRAVELED,clean,,roles_first,1,False,8103,,115,px081_evidence_acquisition/RESULTS.json,Benign,OtherAttackStage,3
PX081-0115,PX081,UNRAVELED,clean,,roles_first,1,False,8103,,115,px081_evidence_acquisition/RESULTS.json,Benign,LateralMovement,159
PX081-0115,PX081,UNRAVELED,clean,,roles_first,1,False,8103,,115,px081_evidence_acquisition/RESULTS.json,Benign,DataExfiltration,21
PX081-0115,PX081,UNRAVELED,clean,,roles_first,1,False,8103,,115,px081_evidence_acquisition/RESULTS.json,OtherAttackStage,Benign,39
PX081-0115,PX081,UNRAVELED,clean,,roles_first,1,False,8103,,115,px081_evidence_acquisition/RESULTS.json,OtherAttackStage,OtherAttackStage,12036
PX081-0115,PX081,UNRAVELED,clean,,roles_first,1,False,8103,,115,px081_evidence_acquisition/RESULTS.json,OtherAttackStage,LateralMovement,0
PX081-0115,PX081,UNRAVELED,clean,,roles_first,1,False,8103,,115,px081_evidence_acquisition/RESULTS.json,OtherAttackStage,DataExfiltration,349
PX081-0115,PX081,UNRAVELED,clean,,roles_first,1,False,8103,,115,px081_evidence_acquisition/RESULTS.json,LateralMovement,Benign,4
PX081-0115,PX081,UNRAVELED,clean,,roles_first,1,False,8103,,115,px081_evidence_acquisition/RESULTS.json,LateralMovement,OtherAttackStage,0
PX081-0115,PX081,UNRAVELED,clean,,roles_first,1,False,8103,,115,px081_evidence_acquisition/RESULTS.json,LateralMovement,LateralMovement,31
PX081-0115,PX081,UNRAVELED,clean,,roles_first,1,False,8103,,115,px081_evidence_acquisition/RESULTS.json,LateralMovement,DataExfiltration,0
PX081-0115,PX081,UNRAVELED,clean,,roles_first,1,False,8103,,115,px081_evidence_acquisition/RESULTS.json,DataExfiltration,Benign,1100
PX081-0115,PX081,UNRAVELED,clean,,roles_first,1,False,8103,,115,px081_evidence_acquisition/RESULTS.json,DataExfiltration,OtherAttackStage,0
PX081-0115,PX081,UNRAVELED,clean,,roles_first,1,False,8103,,115,px081_evidence_acquisition/RESULTS.json,DataExfiltration,LateralMovement,17
PX081-0115,PX081,UNRAVELED,clean,,roles_first,1,False,8103,,115,px081_evidence_acquisition/RESULTS.json,DataExfiltration,DataExfiltration,2325
PX081-0116,PX081,UNRAVELED,clean,,history_first,1,False,8103,,116,px081_evidence_acquisition/RESULTS.json,Benign,Benign,192010
PX081-0116,PX081,UNRAVELED,clean,,history_first,1,False,8103,,116,px081_evidence_acquisition/RESULTS.json,Benign,OtherAttackStage,3
PX081-0116,PX081,UNRAVELED,clean,,history_first,1,False,8103,,116,px081_evidence_acquisition/RESULTS.json,Benign,LateralMovement,159
PX081-0116,PX081,UNRAVELED,clean,,history_first,1,False,8103,,116,px081_evidence_acquisition/RESULTS.json,Benign,DataExfiltration,21
PX081-0116,PX081,UNRAVELED,clean,,history_first,1,False,8103,,116,px081_evidence_acquisition/RESULTS.json,OtherAttackStage,Benign,39
PX081-0116,PX081,UNRAVELED,clean,,history_first,1,False,8103,,116,px081_evidence_acquisition/RESULTS.json,OtherAttackStage,OtherAttackStage,12036
PX081-0116,PX081,UNRAVELED,clean,,history_first,1,False,8103,,116,px081_evidence_acquisition/RESULTS.json,OtherAttackStage,LateralMovement,0
PX081-0116,PX081,UNRAVELED,clean,,history_first,1,False,8103,,116,px081_evidence_acquisition/RESULTS.json,OtherAttackStage,DataExfiltration,349
PX081-0116,PX081,UNRAVELED,clean,,history_first,1,False,8103,,116,px081_evidence_acquisition/RESULTS.json,LateralMovement,Benign,4
PX081-0116,PX081,UNRAVELED,clean,,history_first,1,False,8103,,116,px081_evidence_acquisition/RESULTS.json,LateralMovement,OtherAttackStage,0
PX081-0116,PX081,UNRAVELED,clean,,history_first,1,False,8103,,116,px081_evidence_acquisition/RESULTS.json,LateralMovement,LateralMovement,31
PX081-0116,PX081,UNRAVELED,clean,,history_first,1,False,8103,,116,px081_evidence_acquisition/RESULTS.json,LateralMovement,DataExfiltration,0
PX081-0116,PX081,UNRAVELED,clean,,history_first,1,False,8103,,116,px081_evidence_acquisition/RESULTS.json,DataExfiltration,Benign,1100
PX081-0116,PX081,UNRAVELED,clean,,history_first,1,False,8103,,116,px081_evidence_acquisition/RESULTS.json,DataExfiltration,OtherAttackStage,0
PX081-0116,PX081,UNRAVELED,clean,,history_first,1,False,8103,,116,px081_evidence_acquisition/RESULTS.json,DataExfiltration,LateralMovement,17
PX081-0116,PX081,UNRAVELED,clean,,history_first,1,False,8103,,116,px081_evidence_acquisition/RESULTS.json,DataExfiltration,DataExfiltration,2325
PX081-0117,PX081,UNRAVELED,clean,,random,1,False,8103,,117,px081_evidence_acquisition/RESULTS.json,Benign,Benign,192010
PX081-0117,PX081,UNRAVELED,clean,,random,1,False,8103,,117,px081_evidence_acquisition/RESULTS.json,Benign,OtherAttackStage,3
PX081-0117,PX081,UNRAVELED,clean,,random,1,False,8103,,117,px081_evidence_acquisition/RESULTS.json,Benign,LateralMovement,159
PX081-0117,PX081,UNRAVELED,clean,,random,1,False,8103,,117,px081_evidence_acquisition/RESULTS.json,Benign,DataExfiltration,21
PX081-0117,PX081,UNRAVELED,clean,,random,1,False,8103,,117,px081_evidence_acquisition/RESULTS.json,OtherAttackStage,Benign,39
PX081-0117,PX081,UNRAVELED,clean,,random,1,False,8103,,117,px081_evidence_acquisition/RESULTS.json,OtherAttackStage,OtherAttackStage,12036
PX081-0117,PX081,UNRAVELED,clean,,random,1,False,8103,,117,px081_evidence_acquisition/RESULTS.json,OtherAttackStage,LateralMovement,0
PX081-0117,PX081,UNRAVELED,clean,,random,1,False,8103,,117,px081_evidence_acquisition/RESULTS.json,OtherAttackStage,DataExfiltration,349
PX081-0117,PX081,UNRAVELED,clean,,random,1,False,8103,,117,px081_evidence_acquisition/RESULTS.json,LateralMovement,Benign,4
PX081-0117,PX081,UNRAVELED,clean,,random,1,False,8103,,117,px081_evidence_acquisition/RESULTS.json,LateralMovement,OtherAttackStage,0
PX081-0117,PX081,UNRAVELED,clean,,random,1,False,8103,,117,px081_evidence_acquisition/RESULTS.json,LateralMovement,LateralMovement,31
PX081-0117,PX081,UNRAVELED,clean,,random,1,False,8103,,117,px081_evidence_acquisition/RESULTS.json,LateralMovement,DataExfiltration,0
PX081-0117,PX081,UNRAVELED,clean,,random,1,False,8103,,117,px081_evidence_acquisition/RESULTS.json,DataExfiltration,Benign,1100
PX081-0117,PX081,UNRAVELED,clean,,random,1,False,8103,,117,px081_evidence_acquisition/RESULTS.json,DataExfiltration,OtherAttackStage,0
PX081-0117,PX081,UNRAVELED,clean,,random,1,False,8103,,117,px081_evidence_acquisition/RESULTS.json,DataExfiltration,LateralMovement,17
PX081-0117,PX081,UNRAVELED,clean,,random,1,False,8103,,117,px081_evidence_acquisition/RESULTS.json,DataExfiltration,DataExfiltration,2325
PX081-0118,PX081,UNRAVELED,clean,,entropy,1,False,8103,,118,px081_evidence_acquisition/RESULTS.json,Benign,Benign,192010
PX081-0118,PX081,UNRAVELED,clean,,entropy,1,False,8103,,118,px081_evidence_acquisition/RESULTS.json,Benign,OtherAttackStage,3
PX081-0118,PX081,UNRAVELED,clean,,entropy,1,False,8103,,118,px081_evidence_acquisition/RESULTS.json,Benign,LateralMovement,159
PX081-0118,PX081,UNRAVELED,clean,,entropy,1,False,8103,,118,px081_evidence_acquisition/RESULTS.json,Benign,DataExfiltration,21
PX081-0118,PX081,UNRAVELED,clean,,entropy,1,False,8103,,118,px081_evidence_acquisition/RESULTS.json,OtherAttackStage,Benign,39
PX081-0118,PX081,UNRAVELED,clean,,entropy,1,False,8103,,118,px081_evidence_acquisition/RESULTS.json,OtherAttackStage,OtherAttackStage,12036
PX081-0118,PX081,UNRAVELED,clean,,entropy,1,False,8103,,118,px081_evidence_acquisition/RESULTS.json,OtherAttackStage,LateralMovement,0
PX081-0118,PX081,UNRAVELED,clean,,entropy,1,False,8103,,118,px081_evidence_acquisition/RESULTS.json,OtherAttackStage,DataExfiltration,349
PX081-0118,PX081,UNRAVELED,clean,,entropy,1,False,8103,,118,px081_evidence_acquisition/RESULTS.json,LateralMovement,Benign,4
PX081-0118,PX081,UNRAVELED,clean,,entropy,1,False,8103,,118,px081_evidence_acquisition/RESULTS.json,LateralMovement,OtherAttackStage,0
PX081-0118,PX081,UNRAVELED,clean,,entropy,1,False,8103,,118,px081_evidence_acquisition/RESULTS.json,LateralMovement,LateralMovement,31
PX081-0118,PX081,UNRAVELED,clean,,entropy,1,False,8103,,118,px081_evidence_acquisition/RESULTS.json,LateralMovement,DataExfiltration,0
PX081-0118,PX081,UNRAVELED,clean,,entropy,1,False,8103,,118,px081_evidence_acquisition/RESULTS.json,DataExfiltration,Benign,1107
PX081-0118,PX081,UNRAVELED,clean,,entropy,1,False,8103,,118,px081_evidence_acquisition/RESULTS.json,DataExfiltration,OtherAttackStage,0
PX081-0118,PX081,UNRAVELED,clean,,entropy,1,False,8103,,118,px081_evidence_acquisition/RESULTS.json,DataExfiltration,LateralMovement,10
PX081-0118,PX081,UNRAVELED,clean,,entropy,1,False,8103,,118,px081_evidence_acquisition/RESULTS.json,DataExfiltration,DataExfiltration,2325
PX081-0119,PX081,UNRAVELED,clean,,harm,1,False,8103,,119,px081_evidence_acquisition/RESULTS.json,Benign,Benign,192026
PX081-0119,PX081,UNRAVELED,clean,,harm,1,False,8103,,119,px081_evidence_acquisition/RESULTS.json,Benign,OtherAttackStage,1
PX081-0119,PX081,UNRAVELED,clean,,harm,1,False,8103,,119,px081_evidence_acquisition/RESULTS.json,Benign,LateralMovement,143
PX081-0119,PX081,UNRAVELED,clean,,harm,1,False,8103,,119,px081_evidence_acquisition/RESULTS.json,Benign,DataExfiltration,23
PX081-0119,PX081,UNRAVELED,clean,,harm,1,False,8103,,119,px081_evidence_acquisition/RESULTS.json,OtherAttackStage,Benign,39
PX081-0119,PX081,UNRAVELED,clean,,harm,1,False,8103,,119,px081_evidence_acquisition/RESULTS.json,OtherAttackStage,OtherAttackStage,12039
PX081-0119,PX081,UNRAVELED,clean,,harm,1,False,8103,,119,px081_evidence_acquisition/RESULTS.json,OtherAttackStage,LateralMovement,0
PX081-0119,PX081,UNRAVELED,clean,,harm,1,False,8103,,119,px081_evidence_acquisition/RESULTS.json,OtherAttackStage,DataExfiltration,346
PX081-0119,PX081,UNRAVELED,clean,,harm,1,False,8103,,119,px081_evidence_acquisition/RESULTS.json,LateralMovement,Benign,8
PX081-0119,PX081,UNRAVELED,clean,,harm,1,False,8103,,119,px081_evidence_acquisition/RESULTS.json,LateralMovement,OtherAttackStage,0
PX081-0119,PX081,UNRAVELED,clean,,harm,1,False,8103,,119,px081_evidence_acquisition/RESULTS.json,LateralMovement,LateralMovement,27
PX081-0119,PX081,UNRAVELED,clean,,harm,1,False,8103,,119,px081_evidence_acquisition/RESULTS.json,LateralMovement,DataExfiltration,0
PX081-0119,PX081,UNRAVELED,clean,,harm,1,False,8103,,119,px081_evidence_acquisition/RESULTS.json,DataExfiltration,Benign,1107
PX081-0119,PX081,UNRAVELED,clean,,harm,1,False,8103,,119,px081_evidence_acquisition/RESULTS.json,DataExfiltration,OtherAttackStage,0
PX081-0119,PX081,UNRAVELED,clean,,harm,1,False,8103,,119,px081_evidence_acquisition/RESULTS.json,DataExfiltration,LateralMovement,10
PX081-0119,PX081,UNRAVELED,clean,,harm,1,False,8103,,119,px081_evidence_acquisition/RESULTS.json,DataExfiltration,DataExfiltration,2325
PX081-0120,PX081,UNRAVELED,clean,,none,2,False,8103,,120,px081_evidence_acquisition/RESULTS.json,Benign,Benign,192026
PX081-0120,PX081,UNRAVELED,clean,,none,2,False,8103,,120,px081_evidence_acquisition/RESULTS.json,Benign,OtherAttackStage,0
PX081-0120,PX081,UNRAVELED,clean,,none,2,False,8103,,120,px081_evidence_acquisition/RESULTS.json,Benign,LateralMovement,143
PX081-0120,PX081,UNRAVELED,clean,,none,2,False,8103,,120,px081_evidence_acquisition/RESULTS.json,Benign,DataExfiltration,24
PX081-0120,PX081,UNRAVELED,clean,,none,2,False,8103,,120,px081_evidence_acquisition/RESULTS.json,OtherAttackStage,Benign,38
PX081-0120,PX081,UNRAVELED,clean,,none,2,False,8103,,120,px081_evidence_acquisition/RESULTS.json,OtherAttackStage,OtherAttackStage,12034
PX081-0120,PX081,UNRAVELED,clean,,none,2,False,8103,,120,px081_evidence_acquisition/RESULTS.json,OtherAttackStage,LateralMovement,0
PX081-0120,PX081,UNRAVELED,clean,,none,2,False,8103,,120,px081_evidence_acquisition/RESULTS.json,OtherAttackStage,DataExfiltration,352
PX081-0120,PX081,UNRAVELED,clean,,none,2,False,8103,,120,px081_evidence_acquisition/RESULTS.json,LateralMovement,Benign,8
PX081-0120,PX081,UNRAVELED,clean,,none,2,False,8103,,120,px081_evidence_acquisition/RESULTS.json,LateralMovement,OtherAttackStage,0
PX081-0120,PX081,UNRAVELED,clean,,none,2,False,8103,,120,px081_evidence_acquisition/RESULTS.json,LateralMovement,LateralMovement,27
PX081-0120,PX081,UNRAVELED,clean,,none,2,False,8103,,120,px081_evidence_acquisition/RESULTS.json,LateralMovement,DataExfiltration,0
PX081-0120,PX081,UNRAVELED,clean,,none,2,False,8103,,120,px081_evidence_acquisition/RESULTS.json,DataExfiltration,Benign,1117
PX081-0120,PX081,UNRAVELED,clean,,none,2,False,8103,,120,px081_evidence_acquisition/RESULTS.json,DataExfiltration,OtherAttackStage,0
PX081-0120,PX081,UNRAVELED,clean,,none,2,False,8103,,120,px081_evidence_acquisition/RESULTS.json,DataExfiltration,LateralMovement,0
PX081-0120,PX081,UNRAVELED,clean,,none,2,False,8103,,120,px081_evidence_acquisition/RESULTS.json,DataExfiltration,DataExfiltration,2325
PX081-0121,PX081,UNRAVELED,clean,,roles_first,2,False,8103,,121,px081_evidence_acquisition/RESULTS.json,Benign,Benign,192010
PX081-0121,PX081,UNRAVELED,clean,,roles_first,2,False,8103,,121,px081_evidence_acquisition/RESULTS.json,Benign,OtherAttackStage,3
PX081-0121,PX081,UNRAVELED,clean,,roles_first,2,False,8103,,121,px081_evidence_acquisition/RESULTS.json,Benign,LateralMovement,159
PX081-0121,PX081,UNRAVELED,clean,,roles_first,2,False,8103,,121,px081_evidence_acquisition/RESULTS.json,Benign,DataExfiltration,21
PX081-0121,PX081,UNRAVELED,clean,,roles_first,2,False,8103,,121,px081_evidence_acquisition/RESULTS.json,OtherAttackStage,Benign,39
PX081-0121,PX081,UNRAVELED,clean,,roles_first,2,False,8103,,121,px081_evidence_acquisition/RESULTS.json,OtherAttackStage,OtherAttackStage,12036
PX081-0121,PX081,UNRAVELED,clean,,roles_first,2,False,8103,,121,px081_evidence_acquisition/RESULTS.json,OtherAttackStage,LateralMovement,0
PX081-0121,PX081,UNRAVELED,clean,,roles_first,2,False,8103,,121,px081_evidence_acquisition/RESULTS.json,OtherAttackStage,DataExfiltration,349
PX081-0121,PX081,UNRAVELED,clean,,roles_first,2,False,8103,,121,px081_evidence_acquisition/RESULTS.json,LateralMovement,Benign,4
PX081-0121,PX081,UNRAVELED,clean,,roles_first,2,False,8103,,121,px081_evidence_acquisition/RESULTS.json,LateralMovement,OtherAttackStage,0
PX081-0121,PX081,UNRAVELED,clean,,roles_first,2,False,8103,,121,px081_evidence_acquisition/RESULTS.json,LateralMovement,LateralMovement,31
PX081-0121,PX081,UNRAVELED,clean,,roles_first,2,False,8103,,121,px081_evidence_acquisition/RESULTS.json,LateralMovement,DataExfiltration,0
PX081-0121,PX081,UNRAVELED,clean,,roles_first,2,False,8103,,121,px081_evidence_acquisition/RESULTS.json,DataExfiltration,Benign,1100
PX081-0121,PX081,UNRAVELED,clean,,roles_first,2,False,8103,,121,px081_evidence_acquisition/RESULTS.json,DataExfiltration,OtherAttackStage,0
PX081-0121,PX081,UNRAVELED,clean,,roles_first,2,False,8103,,121,px081_evidence_acquisition/RESULTS.json,DataExfiltration,LateralMovement,17
PX081-0121,PX081,UNRAVELED,clean,,roles_first,2,False,8103,,121,px081_evidence_acquisition/RESULTS.json,DataExfiltration,DataExfiltration,2325
PX081-0122,PX081,UNRAVELED,clean,,history_first,2,False,8103,,122,px081_evidence_acquisition/RESULTS.json,Benign,Benign,192139
PX081-0122,PX081,UNRAVELED,clean,,history_first,2,False,8103,,122,px081_evidence_acquisition/RESULTS.json,Benign,OtherAttackStage,0
PX081-0122,PX081,UNRAVELED,clean,,history_first,2,False,8103,,122,px081_evidence_acquisition/RESULTS.json,Benign,LateralMovement,53
PX081-0122,PX081,UNRAVELED,clean,,history_first,2,False,8103,,122,px081_evidence_acquisition/RESULTS.json,Benign,DataExfiltration,1
PX081-0122,PX081,UNRAVELED,clean,,history_first,2,False,8103,,122,px081_evidence_acquisition/RESULTS.json,OtherAttackStage,Benign,72
PX081-0122,PX081,UNRAVELED,clean,,history_first,2,False,8103,,122,px081_evidence_acquisition/RESULTS.json,OtherAttackStage,OtherAttackStage,12054
PX081-0122,PX081,UNRAVELED,clean,,history_first,2,False,8103,,122,px081_evidence_acquisition/RESULTS.json,OtherAttackStage,LateralMovement,0
PX081-0122,PX081,UNRAVELED,clean,,history_first,2,False,8103,,122,px081_evidence_acquisition/RESULTS.json,OtherAttackStage,DataExfiltration,298
PX081-0122,PX081,UNRAVELED,clean,,history_first,2,False,8103,,122,px081_evidence_acquisition/RESULTS.json,LateralMovement,Benign,18
PX081-0122,PX081,UNRAVELED,clean,,history_first,2,False,8103,,122,px081_evidence_acquisition/RESULTS.json,LateralMovement,OtherAttackStage,0
PX081-0122,PX081,UNRAVELED,clean,,history_first,2,False,8103,,122,px081_evidence_acquisition/RESULTS.json,LateralMovement,LateralMovement,17
PX081-0122,PX081,UNRAVELED,clean,,history_first,2,False,8103,,122,px081_evidence_acquisition/RESULTS.json,LateralMovement,DataExfiltration,0
PX081-0122,PX081,UNRAVELED,clean,,history_first,2,False,8103,,122,px081_evidence_acquisition/RESULTS.json,DataExfiltration,Benign,1131
PX081-0122,PX081,UNRAVELED,clean,,history_first,2,False,8103,,122,px081_evidence_acquisition/RESULTS.json,DataExfiltration,OtherAttackStage,2
PX081-0122,PX081,UNRAVELED,clean,,history_first,2,False,8103,,122,px081_evidence_acquisition/RESULTS.json,DataExfiltration,LateralMovement,0
PX081-0122,PX081,UNRAVELED,clean,,history_first,2,False,8103,,122,px081_evidence_acquisition/RESULTS.json,DataExfiltration,DataExfiltration,2309
PX081-0123,PX081,UNRAVELED,clean,,random,2,False,8103,,123,px081_evidence_acquisition/RESULTS.json,Benign,Benign,192067
PX081-0123,PX081,UNRAVELED,clean,,random,2,False,8103,,123,px081_evidence_acquisition/RESULTS.json,Benign,OtherAttackStage,2
PX081-0123,PX081,UNRAVELED,clean,,random,2,False,8103,,123,px081_evidence_acquisition/RESULTS.json,Benign,LateralMovement,111
PX081-0123,PX081,UNRAVELED,clean,,random,2,False,8103,,123,px081_evidence_acquisition/RESULTS.json,Benign,DataExfiltration,13
PX081-0123,PX081,UNRAVELED,clean,,random,2,False,8103,,123,px081_evidence_acquisition/RESULTS.json,OtherAttackStage,Benign,64
PX081-0123,PX081,UNRAVELED,clean,,random,2,False,8103,,123,px081_evidence_acquisition/RESULTS.json,OtherAttackStage,OtherAttackStage,12039
PX081-0123,PX081,UNRAVELED,clean,,random,2,False,8103,,123,px081_evidence_acquisition/RESULTS.json,OtherAttackStage,LateralMovement,0
PX081-0123,PX081,UNRAVELED,clean,,random,2,False,8103,,123,px081_evidence_acquisition/RESULTS.json,OtherAttackStage,DataExfiltration,321
PX081-0123,PX081,UNRAVELED,clean,,random,2,False,8103,,123,px081_evidence_acquisition/RESULTS.json,LateralMovement,Benign,10
PX081-0123,PX081,UNRAVELED,clean,,random,2,False,8103,,123,px081_evidence_acquisition/RESULTS.json,LateralMovement,OtherAttackStage,0
PX081-0123,PX081,UNRAVELED,clean,,random,2,False,8103,,123,px081_evidence_acquisition/RESULTS.json,LateralMovement,LateralMovement,25
PX081-0123,PX081,UNRAVELED,clean,,random,2,False,8103,,123,px081_evidence_acquisition/RESULTS.json,LateralMovement,DataExfiltration,0
PX081-0123,PX081,UNRAVELED,clean,,random,2,False,8103,,123,px081_evidence_acquisition/RESULTS.json,DataExfiltration,Benign,1113
PX081-0123,PX081,UNRAVELED,clean,,random,2,False,8103,,123,px081_evidence_acquisition/RESULTS.json,DataExfiltration,OtherAttackStage,1
PX081-0123,PX081,UNRAVELED,clean,,random,2,False,8103,,123,px081_evidence_acquisition/RESULTS.json,DataExfiltration,LateralMovement,8
PX081-0123,PX081,UNRAVELED,clean,,random,2,False,8103,,123,px081_evidence_acquisition/RESULTS.json,DataExfiltration,DataExfiltration,2320
PX081-0124,PX081,UNRAVELED,clean,,entropy,2,False,8103,,124,px081_evidence_acquisition/RESULTS.json,Benign,Benign,192100
PX081-0124,PX081,UNRAVELED,clean,,entropy,2,False,8103,,124,px081_evidence_acquisition/RESULTS.json,Benign,OtherAttackStage,0
PX081-0124,PX081,UNRAVELED,clean,,entropy,2,False,8103,,124,px081_evidence_acquisition/RESULTS.json,Benign,LateralMovement,92
PX081-0124,PX081,UNRAVELED,clean,,entropy,2,False,8103,,124,px081_evidence_acquisition/RESULTS.json,Benign,DataExfiltration,1
PX081-0124,PX081,UNRAVELED,clean,,entropy,2,False,8103,,124,px081_evidence_acquisition/RESULTS.json,OtherAttackStage,Benign,65
PX081-0124,PX081,UNRAVELED,clean,,entropy,2,False,8103,,124,px081_evidence_acquisition/RESULTS.json,OtherAttackStage,OtherAttackStage,12054
PX081-0124,PX081,UNRAVELED,clean,,entropy,2,False,8103,,124,px081_evidence_acquisition/RESULTS.json,OtherAttackStage,LateralMovement,0
PX081-0124,PX081,UNRAVELED,clean,,entropy,2,False,8103,,124,px081_evidence_acquisition/RESULTS.json,OtherAttackStage,DataExfiltration,305
PX081-0124,PX081,UNRAVELED,clean,,entropy,2,False,8103,,124,px081_evidence_acquisition/RESULTS.json,LateralMovement,Benign,12
PX081-0124,PX081,UNRAVELED,clean,,entropy,2,False,8103,,124,px081_evidence_acquisition/RESULTS.json,LateralMovement,OtherAttackStage,0
PX081-0124,PX081,UNRAVELED,clean,,entropy,2,False,8103,,124,px081_evidence_acquisition/RESULTS.json,LateralMovement,LateralMovement,23
PX081-0124,PX081,UNRAVELED,clean,,entropy,2,False,8103,,124,px081_evidence_acquisition/RESULTS.json,LateralMovement,DataExfiltration,0
PX081-0124,PX081,UNRAVELED,clean,,entropy,2,False,8103,,124,px081_evidence_acquisition/RESULTS.json,DataExfiltration,Benign,1125
PX081-0124,PX081,UNRAVELED,clean,,entropy,2,False,8103,,124,px081_evidence_acquisition/RESULTS.json,DataExfiltration,OtherAttackStage,2
PX081-0124,PX081,UNRAVELED,clean,,entropy,2,False,8103,,124,px081_evidence_acquisition/RESULTS.json,DataExfiltration,LateralMovement,1
PX081-0124,PX081,UNRAVELED,clean,,entropy,2,False,8103,,124,px081_evidence_acquisition/RESULTS.json,DataExfiltration,DataExfiltration,2314
PX081-0125,PX081,UNRAVELED,clean,,harm,2,False,8103,,125,px081_evidence_acquisition/RESULTS.json,Benign,Benign,192106
PX081-0125,PX081,UNRAVELED,clean,,harm,2,False,8103,,125,px081_evidence_acquisition/RESULTS.json,Benign,OtherAttackStage,1
PX081-0125,PX081,UNRAVELED,clean,,harm,2,False,8103,,125,px081_evidence_acquisition/RESULTS.json,Benign,LateralMovement,84
PX081-0125,PX081,UNRAVELED,clean,,harm,2,False,8103,,125,px081_evidence_acquisition/RESULTS.json,Benign,DataExfiltration,2
PX081-0125,PX081,UNRAVELED,clean,,harm,2,False,8103,,125,px081_evidence_acquisition/RESULTS.json,OtherAttackStage,Benign,58
PX081-0125,PX081,UNRAVELED,clean,,harm,2,False,8103,,125,px081_evidence_acquisition/RESULTS.json,OtherAttackStage,OtherAttackStage,12059
PX081-0125,PX081,UNRAVELED,clean,,harm,2,False,8103,,125,px081_evidence_acquisition/RESULTS.json,OtherAttackStage,LateralMovement,0
PX081-0125,PX081,UNRAVELED,clean,,harm,2,False,8103,,125,px081_evidence_acquisition/RESULTS.json,OtherAttackStage,DataExfiltration,307
PX081-0125,PX081,UNRAVELED,clean,,harm,2,False,8103,,125,px081_evidence_acquisition/RESULTS.json,LateralMovement,Benign,14
PX081-0125,PX081,UNRAVELED,clean,,harm,2,False,8103,,125,px081_evidence_acquisition/RESULTS.json,LateralMovement,OtherAttackStage,0
PX081-0125,PX081,UNRAVELED,clean,,harm,2,False,8103,,125,px081_evidence_acquisition/RESULTS.json,LateralMovement,LateralMovement,21
PX081-0125,PX081,UNRAVELED,clean,,harm,2,False,8103,,125,px081_evidence_acquisition/RESULTS.json,LateralMovement,DataExfiltration,0
PX081-0125,PX081,UNRAVELED,clean,,harm,2,False,8103,,125,px081_evidence_acquisition/RESULTS.json,DataExfiltration,Benign,1125
PX081-0125,PX081,UNRAVELED,clean,,harm,2,False,8103,,125,px081_evidence_acquisition/RESULTS.json,DataExfiltration,OtherAttackStage,1
PX081-0125,PX081,UNRAVELED,clean,,harm,2,False,8103,,125,px081_evidence_acquisition/RESULTS.json,DataExfiltration,LateralMovement,1
PX081-0125,PX081,UNRAVELED,clean,,harm,2,False,8103,,125,px081_evidence_acquisition/RESULTS.json,DataExfiltration,DataExfiltration,2315
PX081-0126,PX081,UNRAVELED,clean,,none,3,False,8103,,126,px081_evidence_acquisition/RESULTS.json,Benign,Benign,192026
PX081-0126,PX081,UNRAVELED,clean,,none,3,False,8103,,126,px081_evidence_acquisition/RESULTS.json,Benign,OtherAttackStage,0
PX081-0126,PX081,UNRAVELED,clean,,none,3,False,8103,,126,px081_evidence_acquisition/RESULTS.json,Benign,LateralMovement,143
PX081-0126,PX081,UNRAVELED,clean,,none,3,False,8103,,126,px081_evidence_acquisition/RESULTS.json,Benign,DataExfiltration,24
PX081-0126,PX081,UNRAVELED,clean,,none,3,False,8103,,126,px081_evidence_acquisition/RESULTS.json,OtherAttackStage,Benign,38
PX081-0126,PX081,UNRAVELED,clean,,none,3,False,8103,,126,px081_evidence_acquisition/RESULTS.json,OtherAttackStage,OtherAttackStage,12034
PX081-0126,PX081,UNRAVELED,clean,,none,3,False,8103,,126,px081_evidence_acquisition/RESULTS.json,OtherAttackStage,LateralMovement,0
PX081-0126,PX081,UNRAVELED,clean,,none,3,False,8103,,126,px081_evidence_acquisition/RESULTS.json,OtherAttackStage,DataExfiltration,352
PX081-0126,PX081,UNRAVELED,clean,,none,3,False,8103,,126,px081_evidence_acquisition/RESULTS.json,LateralMovement,Benign,8
PX081-0126,PX081,UNRAVELED,clean,,none,3,False,8103,,126,px081_evidence_acquisition/RESULTS.json,LateralMovement,OtherAttackStage,0
PX081-0126,PX081,UNRAVELED,clean,,none,3,False,8103,,126,px081_evidence_acquisition/RESULTS.json,LateralMovement,LateralMovement,27
PX081-0126,PX081,UNRAVELED,clean,,none,3,False,8103,,126,px081_evidence_acquisition/RESULTS.json,LateralMovement,DataExfiltration,0
PX081-0126,PX081,UNRAVELED,clean,,none,3,False,8103,,126,px081_evidence_acquisition/RESULTS.json,DataExfiltration,Benign,1117
PX081-0126,PX081,UNRAVELED,clean,,none,3,False,8103,,126,px081_evidence_acquisition/RESULTS.json,DataExfiltration,OtherAttackStage,0
PX081-0126,PX081,UNRAVELED,clean,,none,3,False,8103,,126,px081_evidence_acquisition/RESULTS.json,DataExfiltration,LateralMovement,0
PX081-0126,PX081,UNRAVELED,clean,,none,3,False,8103,,126,px081_evidence_acquisition/RESULTS.json,DataExfiltration,DataExfiltration,2325
PX081-0127,PX081,UNRAVELED,clean,,roles_first,3,False,8103,,127,px081_evidence_acquisition/RESULTS.json,Benign,Benign,192126
PX081-0127,PX081,UNRAVELED,clean,,roles_first,3,False,8103,,127,px081_evidence_acquisition/RESULTS.json,Benign,OtherAttackStage,0
PX081-0127,PX081,UNRAVELED,clean,,roles_first,3,False,8103,,127,px081_evidence_acquisition/RESULTS.json,Benign,LateralMovement,66
PX081-0127,PX081,UNRAVELED,clean,,roles_first,3,False,8103,,127,px081_evidence_acquisition/RESULTS.json,Benign,DataExfiltration,1
PX081-0127,PX081,UNRAVELED,clean,,roles_first,3,False,8103,,127,px081_evidence_acquisition/RESULTS.json,OtherAttackStage,Benign,63
PX081-0127,PX081,UNRAVELED,clean,,roles_first,3,False,8103,,127,px081_evidence_acquisition/RESULTS.json,OtherAttackStage,OtherAttackStage,12060
PX081-0127,PX081,UNRAVELED,clean,,roles_first,3,False,8103,,127,px081_evidence_acquisition/RESULTS.json,OtherAttackStage,LateralMovement,0
PX081-0127,PX081,UNRAVELED,clean,,roles_first,3,False,8103,,127,px081_evidence_acquisition/RESULTS.json,OtherAttackStage,DataExfiltration,301
PX081-0127,PX081,UNRAVELED,clean,,roles_first,3,False,8103,,127,px081_evidence_acquisition/RESULTS.json,LateralMovement,Benign,18
PX081-0127,PX081,UNRAVELED,clean,,roles_first,3,False,8103,,127,px081_evidence_acquisition/RESULTS.json,LateralMovement,OtherAttackStage,0
PX081-0127,PX081,UNRAVELED,clean,,roles_first,3,False,8103,,127,px081_evidence_acquisition/RESULTS.json,LateralMovement,LateralMovement,17
PX081-0127,PX081,UNRAVELED,clean,,roles_first,3,False,8103,,127,px081_evidence_acquisition/RESULTS.json,LateralMovement,DataExfiltration,0
PX081-0127,PX081,UNRAVELED,clean,,roles_first,3,False,8103,,127,px081_evidence_acquisition/RESULTS.json,DataExfiltration,Benign,1107
PX081-0127,PX081,UNRAVELED,clean,,roles_first,3,False,8103,,127,px081_evidence_acquisition/RESULTS.json,DataExfiltration,OtherAttackStage,2
PX081-0127,PX081,UNRAVELED,clean,,roles_first,3,False,8103,,127,px081_evidence_acquisition/RESULTS.json,DataExfiltration,LateralMovement,22
PX081-0127,PX081,UNRAVELED,clean,,roles_first,3,False,8103,,127,px081_evidence_acquisition/RESULTS.json,DataExfiltration,DataExfiltration,2311
PX081-0128,PX081,UNRAVELED,clean,,history_first,3,False,8103,,128,px081_evidence_acquisition/RESULTS.json,Benign,Benign,192126
PX081-0128,PX081,UNRAVELED,clean,,history_first,3,False,8103,,128,px081_evidence_acquisition/RESULTS.json,Benign,OtherAttackStage,0
PX081-0128,PX081,UNRAVELED,clean,,history_first,3,False,8103,,128,px081_evidence_acquisition/RESULTS.json,Benign,LateralMovement,66
PX081-0128,PX081,UNRAVELED,clean,,history_first,3,False,8103,,128,px081_evidence_acquisition/RESULTS.json,Benign,DataExfiltration,1
PX081-0128,PX081,UNRAVELED,clean,,history_first,3,False,8103,,128,px081_evidence_acquisition/RESULTS.json,OtherAttackStage,Benign,63
PX081-0128,PX081,UNRAVELED,clean,,history_first,3,False,8103,,128,px081_evidence_acquisition/RESULTS.json,OtherAttackStage,OtherAttackStage,12060
PX081-0128,PX081,UNRAVELED,clean,,history_first,3,False,8103,,128,px081_evidence_acquisition/RESULTS.json,OtherAttackStage,LateralMovement,0
PX081-0128,PX081,UNRAVELED,clean,,history_first,3,False,8103,,128,px081_evidence_acquisition/RESULTS.json,OtherAttackStage,DataExfiltration,301
PX081-0128,PX081,UNRAVELED,clean,,history_first,3,False,8103,,128,px081_evidence_acquisition/RESULTS.json,LateralMovement,Benign,18
PX081-0128,PX081,UNRAVELED,clean,,history_first,3,False,8103,,128,px081_evidence_acquisition/RESULTS.json,LateralMovement,OtherAttackStage,0
PX081-0128,PX081,UNRAVELED,clean,,history_first,3,False,8103,,128,px081_evidence_acquisition/RESULTS.json,LateralMovement,LateralMovement,17
PX081-0128,PX081,UNRAVELED,clean,,history_first,3,False,8103,,128,px081_evidence_acquisition/RESULTS.json,LateralMovement,DataExfiltration,0
PX081-0128,PX081,UNRAVELED,clean,,history_first,3,False,8103,,128,px081_evidence_acquisition/RESULTS.json,DataExfiltration,Benign,1107
PX081-0128,PX081,UNRAVELED,clean,,history_first,3,False,8103,,128,px081_evidence_acquisition/RESULTS.json,DataExfiltration,OtherAttackStage,2
PX081-0128,PX081,UNRAVELED,clean,,history_first,3,False,8103,,128,px081_evidence_acquisition/RESULTS.json,DataExfiltration,LateralMovement,22
PX081-0128,PX081,UNRAVELED,clean,,history_first,3,False,8103,,128,px081_evidence_acquisition/RESULTS.json,DataExfiltration,DataExfiltration,2311
PX081-0129,PX081,UNRAVELED,clean,,random,3,False,8103,,129,px081_evidence_acquisition/RESULTS.json,Benign,Benign,192126
PX081-0129,PX081,UNRAVELED,clean,,random,3,False,8103,,129,px081_evidence_acquisition/RESULTS.json,Benign,OtherAttackStage,0
PX081-0129,PX081,UNRAVELED,clean,,random,3,False,8103,,129,px081_evidence_acquisition/RESULTS.json,Benign,LateralMovement,66
PX081-0129,PX081,UNRAVELED,clean,,random,3,False,8103,,129,px081_evidence_acquisition/RESULTS.json,Benign,DataExfiltration,1
PX081-0129,PX081,UNRAVELED,clean,,random,3,False,8103,,129,px081_evidence_acquisition/RESULTS.json,OtherAttackStage,Benign,63
PX081-0129,PX081,UNRAVELED,clean,,random,3,False,8103,,129,px081_evidence_acquisition/RESULTS.json,OtherAttackStage,OtherAttackStage,12060
PX081-0129,PX081,UNRAVELED,clean,,random,3,False,8103,,129,px081_evidence_acquisition/RESULTS.json,OtherAttackStage,LateralMovement,0
PX081-0129,PX081,UNRAVELED,clean,,random,3,False,8103,,129,px081_evidence_acquisition/RESULTS.json,OtherAttackStage,DataExfiltration,301
PX081-0129,PX081,UNRAVELED,clean,,random,3,False,8103,,129,px081_evidence_acquisition/RESULTS.json,LateralMovement,Benign,18
PX081-0129,PX081,UNRAVELED,clean,,random,3,False,8103,,129,px081_evidence_acquisition/RESULTS.json,LateralMovement,OtherAttackStage,0
PX081-0129,PX081,UNRAVELED,clean,,random,3,False,8103,,129,px081_evidence_acquisition/RESULTS.json,LateralMovement,LateralMovement,17
PX081-0129,PX081,UNRAVELED,clean,,random,3,False,8103,,129,px081_evidence_acquisition/RESULTS.json,LateralMovement,DataExfiltration,0
PX081-0129,PX081,UNRAVELED,clean,,random,3,False,8103,,129,px081_evidence_acquisition/RESULTS.json,DataExfiltration,Benign,1107
PX081-0129,PX081,UNRAVELED,clean,,random,3,False,8103,,129,px081_evidence_acquisition/RESULTS.json,DataExfiltration,OtherAttackStage,2
PX081-0129,PX081,UNRAVELED,clean,,random,3,False,8103,,129,px081_evidence_acquisition/RESULTS.json,DataExfiltration,LateralMovement,22
PX081-0129,PX081,UNRAVELED,clean,,random,3,False,8103,,129,px081_evidence_acquisition/RESULTS.json,DataExfiltration,DataExfiltration,2311
PX081-0130,PX081,UNRAVELED,clean,,entropy,3,False,8103,,130,px081_evidence_acquisition/RESULTS.json,Benign,Benign,192126
PX081-0130,PX081,UNRAVELED,clean,,entropy,3,False,8103,,130,px081_evidence_acquisition/RESULTS.json,Benign,OtherAttackStage,0
PX081-0130,PX081,UNRAVELED,clean,,entropy,3,False,8103,,130,px081_evidence_acquisition/RESULTS.json,Benign,LateralMovement,66
PX081-0130,PX081,UNRAVELED,clean,,entropy,3,False,8103,,130,px081_evidence_acquisition/RESULTS.json,Benign,DataExfiltration,1
PX081-0130,PX081,UNRAVELED,clean,,entropy,3,False,8103,,130,px081_evidence_acquisition/RESULTS.json,OtherAttackStage,Benign,57
PX081-0130,PX081,UNRAVELED,clean,,entropy,3,False,8103,,130,px081_evidence_acquisition/RESULTS.json,OtherAttackStage,OtherAttackStage,12060
PX081-0130,PX081,UNRAVELED,clean,,entropy,3,False,8103,,130,px081_evidence_acquisition/RESULTS.json,OtherAttackStage,LateralMovement,0
PX081-0130,PX081,UNRAVELED,clean,,entropy,3,False,8103,,130,px081_evidence_acquisition/RESULTS.json,OtherAttackStage,DataExfiltration,307
PX081-0130,PX081,UNRAVELED,clean,,entropy,3,False,8103,,130,px081_evidence_acquisition/RESULTS.json,LateralMovement,Benign,18
PX081-0130,PX081,UNRAVELED,clean,,entropy,3,False,8103,,130,px081_evidence_acquisition/RESULTS.json,LateralMovement,OtherAttackStage,0
PX081-0130,PX081,UNRAVELED,clean,,entropy,3,False,8103,,130,px081_evidence_acquisition/RESULTS.json,LateralMovement,LateralMovement,17
PX081-0130,PX081,UNRAVELED,clean,,entropy,3,False,8103,,130,px081_evidence_acquisition/RESULTS.json,LateralMovement,DataExfiltration,0
PX081-0130,PX081,UNRAVELED,clean,,entropy,3,False,8103,,130,px081_evidence_acquisition/RESULTS.json,DataExfiltration,Benign,1105
PX081-0130,PX081,UNRAVELED,clean,,entropy,3,False,8103,,130,px081_evidence_acquisition/RESULTS.json,DataExfiltration,OtherAttackStage,2
PX081-0130,PX081,UNRAVELED,clean,,entropy,3,False,8103,,130,px081_evidence_acquisition/RESULTS.json,DataExfiltration,LateralMovement,21
PX081-0130,PX081,UNRAVELED,clean,,entropy,3,False,8103,,130,px081_evidence_acquisition/RESULTS.json,DataExfiltration,DataExfiltration,2314
PX081-0131,PX081,UNRAVELED,clean,,harm,3,False,8103,,131,px081_evidence_acquisition/RESULTS.json,Benign,Benign,192125
PX081-0131,PX081,UNRAVELED,clean,,harm,3,False,8103,,131,px081_evidence_acquisition/RESULTS.json,Benign,OtherAttackStage,0
PX081-0131,PX081,UNRAVELED,clean,,harm,3,False,8103,,131,px081_evidence_acquisition/RESULTS.json,Benign,LateralMovement,66
PX081-0131,PX081,UNRAVELED,clean,,harm,3,False,8103,,131,px081_evidence_acquisition/RESULTS.json,Benign,DataExfiltration,2
PX081-0131,PX081,UNRAVELED,clean,,harm,3,False,8103,,131,px081_evidence_acquisition/RESULTS.json,OtherAttackStage,Benign,57
PX081-0131,PX081,UNRAVELED,clean,,harm,3,False,8103,,131,px081_evidence_acquisition/RESULTS.json,OtherAttackStage,OtherAttackStage,12062
PX081-0131,PX081,UNRAVELED,clean,,harm,3,False,8103,,131,px081_evidence_acquisition/RESULTS.json,OtherAttackStage,LateralMovement,0
PX081-0131,PX081,UNRAVELED,clean,,harm,3,False,8103,,131,px081_evidence_acquisition/RESULTS.json,OtherAttackStage,DataExfiltration,305
PX081-0131,PX081,UNRAVELED,clean,,harm,3,False,8103,,131,px081_evidence_acquisition/RESULTS.json,LateralMovement,Benign,17
PX081-0131,PX081,UNRAVELED,clean,,harm,3,False,8103,,131,px081_evidence_acquisition/RESULTS.json,LateralMovement,OtherAttackStage,0
PX081-0131,PX081,UNRAVELED,clean,,harm,3,False,8103,,131,px081_evidence_acquisition/RESULTS.json,LateralMovement,LateralMovement,18
PX081-0131,PX081,UNRAVELED,clean,,harm,3,False,8103,,131,px081_evidence_acquisition/RESULTS.json,LateralMovement,DataExfiltration,0
PX081-0131,PX081,UNRAVELED,clean,,harm,3,False,8103,,131,px081_evidence_acquisition/RESULTS.json,DataExfiltration,Benign,1127
PX081-0131,PX081,UNRAVELED,clean,,harm,3,False,8103,,131,px081_evidence_acquisition/RESULTS.json,DataExfiltration,OtherAttackStage,2
PX081-0131,PX081,UNRAVELED,clean,,harm,3,False,8103,,131,px081_evidence_acquisition/RESULTS.json,DataExfiltration,LateralMovement,1
PX081-0131,PX081,UNRAVELED,clean,,harm,3,False,8103,,131,px081_evidence_acquisition/RESULTS.json,DataExfiltration,DataExfiltration,2312
PX081-0132,PX081,UNRAVELED,clean,,full_context_reference,,True,8103,,132,px081_evidence_acquisition/RESULTS.json,Benign,Benign,192126
PX081-0132,PX081,UNRAVELED,clean,,full_context_reference,,True,8103,,132,px081_evidence_acquisition/RESULTS.json,Benign,OtherAttackStage,0
PX081-0132,PX081,UNRAVELED,clean,,full_context_reference,,True,8103,,132,px081_evidence_acquisition/RESULTS.json,Benign,LateralMovement,66
PX081-0132,PX081,UNRAVELED,clean,,full_context_reference,,True,8103,,132,px081_evidence_acquisition/RESULTS.json,Benign,DataExfiltration,1
PX081-0132,PX081,UNRAVELED,clean,,full_context_reference,,True,8103,,132,px081_evidence_acquisition/RESULTS.json,OtherAttackStage,Benign,63
PX081-0132,PX081,UNRAVELED,clean,,full_context_reference,,True,8103,,132,px081_evidence_acquisition/RESULTS.json,OtherAttackStage,OtherAttackStage,12060
PX081-0132,PX081,UNRAVELED,clean,,full_context_reference,,True,8103,,132,px081_evidence_acquisition/RESULTS.json,OtherAttackStage,LateralMovement,0
PX081-0132,PX081,UNRAVELED,clean,,full_context_reference,,True,8103,,132,px081_evidence_acquisition/RESULTS.json,OtherAttackStage,DataExfiltration,301
PX081-0132,PX081,UNRAVELED,clean,,full_context_reference,,True,8103,,132,px081_evidence_acquisition/RESULTS.json,LateralMovement,Benign,18
PX081-0132,PX081,UNRAVELED,clean,,full_context_reference,,True,8103,,132,px081_evidence_acquisition/RESULTS.json,LateralMovement,OtherAttackStage,0
PX081-0132,PX081,UNRAVELED,clean,,full_context_reference,,True,8103,,132,px081_evidence_acquisition/RESULTS.json,LateralMovement,LateralMovement,17
PX081-0132,PX081,UNRAVELED,clean,,full_context_reference,,True,8103,,132,px081_evidence_acquisition/RESULTS.json,LateralMovement,DataExfiltration,0
PX081-0132,PX081,UNRAVELED,clean,,full_context_reference,,True,8103,,132,px081_evidence_acquisition/RESULTS.json,DataExfiltration,Benign,1107
PX081-0132,PX081,UNRAVELED,clean,,full_context_reference,,True,8103,,132,px081_evidence_acquisition/RESULTS.json,DataExfiltration,OtherAttackStage,2
PX081-0132,PX081,UNRAVELED,clean,,full_context_reference,,True,8103,,132,px081_evidence_acquisition/RESULTS.json,DataExfiltration,LateralMovement,22
PX081-0132,PX081,UNRAVELED,clean,,full_context_reference,,True,8103,,132,px081_evidence_acquisition/RESULTS.json,DataExfiltration,DataExfiltration,2311
PX081-0133,PX081,UNRAVELED,delayed_unavailable,,none,1,False,8103,,133,px081_evidence_acquisition/RESULTS.json,Benign,Benign,192026
PX081-0133,PX081,UNRAVELED,delayed_unavailable,,none,1,False,8103,,133,px081_evidence_acquisition/RESULTS.json,Benign,OtherAttackStage,0
PX081-0133,PX081,UNRAVELED,delayed_unavailable,,none,1,False,8103,,133,px081_evidence_acquisition/RESULTS.json,Benign,LateralMovement,143
PX081-0133,PX081,UNRAVELED,delayed_unavailable,,none,1,False,8103,,133,px081_evidence_acquisition/RESULTS.json,Benign,DataExfiltration,24
PX081-0133,PX081,UNRAVELED,delayed_unavailable,,none,1,False,8103,,133,px081_evidence_acquisition/RESULTS.json,OtherAttackStage,Benign,38
PX081-0133,PX081,UNRAVELED,delayed_unavailable,,none,1,False,8103,,133,px081_evidence_acquisition/RESULTS.json,OtherAttackStage,OtherAttackStage,12034
PX081-0133,PX081,UNRAVELED,delayed_unavailable,,none,1,False,8103,,133,px081_evidence_acquisition/RESULTS.json,OtherAttackStage,LateralMovement,0
PX081-0133,PX081,UNRAVELED,delayed_unavailable,,none,1,False,8103,,133,px081_evidence_acquisition/RESULTS.json,OtherAttackStage,DataExfiltration,352
PX081-0133,PX081,UNRAVELED,delayed_unavailable,,none,1,False,8103,,133,px081_evidence_acquisition/RESULTS.json,LateralMovement,Benign,8
PX081-0133,PX081,UNRAVELED,delayed_unavailable,,none,1,False,8103,,133,px081_evidence_acquisition/RESULTS.json,LateralMovement,OtherAttackStage,0
PX081-0133,PX081,UNRAVELED,delayed_unavailable,,none,1,False,8103,,133,px081_evidence_acquisition/RESULTS.json,LateralMovement,LateralMovement,27
PX081-0133,PX081,UNRAVELED,delayed_unavailable,,none,1,False,8103,,133,px081_evidence_acquisition/RESULTS.json,LateralMovement,DataExfiltration,0
PX081-0133,PX081,UNRAVELED,delayed_unavailable,,none,1,False,8103,,133,px081_evidence_acquisition/RESULTS.json,DataExfiltration,Benign,1117
PX081-0133,PX081,UNRAVELED,delayed_unavailable,,none,1,False,8103,,133,px081_evidence_acquisition/RESULTS.json,DataExfiltration,OtherAttackStage,0
PX081-0133,PX081,UNRAVELED,delayed_unavailable,,none,1,False,8103,,133,px081_evidence_acquisition/RESULTS.json,DataExfiltration,LateralMovement,0
PX081-0133,PX081,UNRAVELED,delayed_unavailable,,none,1,False,8103,,133,px081_evidence_acquisition/RESULTS.json,DataExfiltration,DataExfiltration,2325
PX081-0134,PX081,UNRAVELED,delayed_unavailable,,roles_first,1,False,8103,,134,px081_evidence_acquisition/RESULTS.json,Benign,Benign,192017
PX081-0134,PX081,UNRAVELED,delayed_unavailable,,roles_first,1,False,8103,,134,px081_evidence_acquisition/RESULTS.json,Benign,OtherAttackStage,2
PX081-0134,PX081,UNRAVELED,delayed_unavailable,,roles_first,1,False,8103,,134,px081_evidence_acquisition/RESULTS.json,Benign,LateralMovement,152
PX081-0134,PX081,UNRAVELED,delayed_unavailable,,roles_first,1,False,8103,,134,px081_evidence_acquisition/RESULTS.json,Benign,DataExfiltration,22
PX081-0134,PX081,UNRAVELED,delayed_unavailable,,roles_first,1,False,8103,,134,px081_evidence_acquisition/RESULTS.json,OtherAttackStage,Benign,38
PX081-0134,PX081,UNRAVELED,delayed_unavailable,,roles_first,1,False,8103,,134,px081_evidence_acquisition/RESULTS.json,OtherAttackStage,OtherAttackStage,12033
PX081-0134,PX081,UNRAVELED,delayed_unavailable,,roles_first,1,False,8103,,134,px081_evidence_acquisition/RESULTS.json,OtherAttackStage,LateralMovement,0
PX081-0134,PX081,UNRAVELED,delayed_unavailable,,roles_first,1,False,8103,,134,px081_evidence_acquisition/RESULTS.json,OtherAttackStage,DataExfiltration,353
PX081-0134,PX081,UNRAVELED,delayed_unavailable,,roles_first,1,False,8103,,134,px081_evidence_acquisition/RESULTS.json,LateralMovement,Benign,5
PX081-0134,PX081,UNRAVELED,delayed_unavailable,,roles_first,1,False,8103,,134,px081_evidence_acquisition/RESULTS.json,LateralMovement,OtherAttackStage,0
PX081-0134,PX081,UNRAVELED,delayed_unavailable,,roles_first,1,False,8103,,134,px081_evidence_acquisition/RESULTS.json,LateralMovement,LateralMovement,30
PX081-0134,PX081,UNRAVELED,delayed_unavailable,,roles_first,1,False,8103,,134,px081_evidence_acquisition/RESULTS.json,LateralMovement,DataExfiltration,0
PX081-0134,PX081,UNRAVELED,delayed_unavailable,,roles_first,1,False,8103,,134,px081_evidence_acquisition/RESULTS.json,DataExfiltration,Benign,1108
PX081-0134,PX081,UNRAVELED,delayed_unavailable,,roles_first,1,False,8103,,134,px081_evidence_acquisition/RESULTS.json,DataExfiltration,OtherAttackStage,0
PX081-0134,PX081,UNRAVELED,delayed_unavailable,,roles_first,1,False,8103,,134,px081_evidence_acquisition/RESULTS.json,DataExfiltration,LateralMovement,9
PX081-0134,PX081,UNRAVELED,delayed_unavailable,,roles_first,1,False,8103,,134,px081_evidence_acquisition/RESULTS.json,DataExfiltration,DataExfiltration,2325
PX081-0135,PX081,UNRAVELED,delayed_unavailable,,history_first,1,False,8103,,135,px081_evidence_acquisition/RESULTS.json,Benign,Benign,192017
PX081-0135,PX081,UNRAVELED,delayed_unavailable,,history_first,1,False,8103,,135,px081_evidence_acquisition/RESULTS.json,Benign,OtherAttackStage,2
PX081-0135,PX081,UNRAVELED,delayed_unavailable,,history_first,1,False,8103,,135,px081_evidence_acquisition/RESULTS.json,Benign,LateralMovement,152
PX081-0135,PX081,UNRAVELED,delayed_unavailable,,history_first,1,False,8103,,135,px081_evidence_acquisition/RESULTS.json,Benign,DataExfiltration,22
PX081-0135,PX081,UNRAVELED,delayed_unavailable,,history_first,1,False,8103,,135,px081_evidence_acquisition/RESULTS.json,OtherAttackStage,Benign,38
PX081-0135,PX081,UNRAVELED,delayed_unavailable,,history_first,1,False,8103,,135,px081_evidence_acquisition/RESULTS.json,OtherAttackStage,OtherAttackStage,12033
PX081-0135,PX081,UNRAVELED,delayed_unavailable,,history_first,1,False,8103,,135,px081_evidence_acquisition/RESULTS.json,OtherAttackStage,LateralMovement,0
PX081-0135,PX081,UNRAVELED,delayed_unavailable,,history_first,1,False,8103,,135,px081_evidence_acquisition/RESULTS.json,OtherAttackStage,DataExfiltration,353
PX081-0135,PX081,UNRAVELED,delayed_unavailable,,history_first,1,False,8103,,135,px081_evidence_acquisition/RESULTS.json,LateralMovement,Benign,5
PX081-0135,PX081,UNRAVELED,delayed_unavailable,,history_first,1,False,8103,,135,px081_evidence_acquisition/RESULTS.json,LateralMovement,OtherAttackStage,0
PX081-0135,PX081,UNRAVELED,delayed_unavailable,,history_first,1,False,8103,,135,px081_evidence_acquisition/RESULTS.json,LateralMovement,LateralMovement,30
PX081-0135,PX081,UNRAVELED,delayed_unavailable,,history_first,1,False,8103,,135,px081_evidence_acquisition/RESULTS.json,LateralMovement,DataExfiltration,0
PX081-0135,PX081,UNRAVELED,delayed_unavailable,,history_first,1,False,8103,,135,px081_evidence_acquisition/RESULTS.json,DataExfiltration,Benign,1108
PX081-0135,PX081,UNRAVELED,delayed_unavailable,,history_first,1,False,8103,,135,px081_evidence_acquisition/RESULTS.json,DataExfiltration,OtherAttackStage,0
PX081-0135,PX081,UNRAVELED,delayed_unavailable,,history_first,1,False,8103,,135,px081_evidence_acquisition/RESULTS.json,DataExfiltration,LateralMovement,9
PX081-0135,PX081,UNRAVELED,delayed_unavailable,,history_first,1,False,8103,,135,px081_evidence_acquisition/RESULTS.json,DataExfiltration,DataExfiltration,2325
PX081-0136,PX081,UNRAVELED,delayed_unavailable,,random,1,False,8103,,136,px081_evidence_acquisition/RESULTS.json,Benign,Benign,192017
PX081-0136,PX081,UNRAVELED,delayed_unavailable,,random,1,False,8103,,136,px081_evidence_acquisition/RESULTS.json,Benign,OtherAttackStage,2
PX081-0136,PX081,UNRAVELED,delayed_unavailable,,random,1,False,8103,,136,px081_evidence_acquisition/RESULTS.json,Benign,LateralMovement,152
PX081-0136,PX081,UNRAVELED,delayed_unavailable,,random,1,False,8103,,136,px081_evidence_acquisition/RESULTS.json,Benign,DataExfiltration,22
PX081-0136,PX081,UNRAVELED,delayed_unavailable,,random,1,False,8103,,136,px081_evidence_acquisition/RESULTS.json,OtherAttackStage,Benign,38
PX081-0136,PX081,UNRAVELED,delayed_unavailable,,random,1,False,8103,,136,px081_evidence_acquisition/RESULTS.json,OtherAttackStage,OtherAttackStage,12033
PX081-0136,PX081,UNRAVELED,delayed_unavailable,,random,1,False,8103,,136,px081_evidence_acquisition/RESULTS.json,OtherAttackStage,LateralMovement,0
PX081-0136,PX081,UNRAVELED,delayed_unavailable,,random,1,False,8103,,136,px081_evidence_acquisition/RESULTS.json,OtherAttackStage,DataExfiltration,353
PX081-0136,PX081,UNRAVELED,delayed_unavailable,,random,1,False,8103,,136,px081_evidence_acquisition/RESULTS.json,LateralMovement,Benign,5
PX081-0136,PX081,UNRAVELED,delayed_unavailable,,random,1,False,8103,,136,px081_evidence_acquisition/RESULTS.json,LateralMovement,OtherAttackStage,0
PX081-0136,PX081,UNRAVELED,delayed_unavailable,,random,1,False,8103,,136,px081_evidence_acquisition/RESULTS.json,LateralMovement,LateralMovement,30
PX081-0136,PX081,UNRAVELED,delayed_unavailable,,random,1,False,8103,,136,px081_evidence_acquisition/RESULTS.json,LateralMovement,DataExfiltration,0
PX081-0136,PX081,UNRAVELED,delayed_unavailable,,random,1,False,8103,,136,px081_evidence_acquisition/RESULTS.json,DataExfiltration,Benign,1108
PX081-0136,PX081,UNRAVELED,delayed_unavailable,,random,1,False,8103,,136,px081_evidence_acquisition/RESULTS.json,DataExfiltration,OtherAttackStage,0
PX081-0136,PX081,UNRAVELED,delayed_unavailable,,random,1,False,8103,,136,px081_evidence_acquisition/RESULTS.json,DataExfiltration,LateralMovement,9
PX081-0136,PX081,UNRAVELED,delayed_unavailable,,random,1,False,8103,,136,px081_evidence_acquisition/RESULTS.json,DataExfiltration,DataExfiltration,2325
PX081-0137,PX081,UNRAVELED,delayed_unavailable,,entropy,1,False,8103,,137,px081_evidence_acquisition/RESULTS.json,Benign,Benign,192017
PX081-0137,PX081,UNRAVELED,delayed_unavailable,,entropy,1,False,8103,,137,px081_evidence_acquisition/RESULTS.json,Benign,OtherAttackStage,2
PX081-0137,PX081,UNRAVELED,delayed_unavailable,,entropy,1,False,8103,,137,px081_evidence_acquisition/RESULTS.json,Benign,LateralMovement,152
PX081-0137,PX081,UNRAVELED,delayed_unavailable,,entropy,1,False,8103,,137,px081_evidence_acquisition/RESULTS.json,Benign,DataExfiltration,22
PX081-0137,PX081,UNRAVELED,delayed_unavailable,,entropy,1,False,8103,,137,px081_evidence_acquisition/RESULTS.json,OtherAttackStage,Benign,38
PX081-0137,PX081,UNRAVELED,delayed_unavailable,,entropy,1,False,8103,,137,px081_evidence_acquisition/RESULTS.json,OtherAttackStage,OtherAttackStage,12033
PX081-0137,PX081,UNRAVELED,delayed_unavailable,,entropy,1,False,8103,,137,px081_evidence_acquisition/RESULTS.json,OtherAttackStage,LateralMovement,0
PX081-0137,PX081,UNRAVELED,delayed_unavailable,,entropy,1,False,8103,,137,px081_evidence_acquisition/RESULTS.json,OtherAttackStage,DataExfiltration,353
PX081-0137,PX081,UNRAVELED,delayed_unavailable,,entropy,1,False,8103,,137,px081_evidence_acquisition/RESULTS.json,LateralMovement,Benign,5
PX081-0137,PX081,UNRAVELED,delayed_unavailable,,entropy,1,False,8103,,137,px081_evidence_acquisition/RESULTS.json,LateralMovement,OtherAttackStage,0
PX081-0137,PX081,UNRAVELED,delayed_unavailable,,entropy,1,False,8103,,137,px081_evidence_acquisition/RESULTS.json,LateralMovement,LateralMovement,30
PX081-0137,PX081,UNRAVELED,delayed_unavailable,,entropy,1,False,8103,,137,px081_evidence_acquisition/RESULTS.json,LateralMovement,DataExfiltration,0
PX081-0137,PX081,UNRAVELED,delayed_unavailable,,entropy,1,False,8103,,137,px081_evidence_acquisition/RESULTS.json,DataExfiltration,Benign,1111
PX081-0137,PX081,UNRAVELED,delayed_unavailable,,entropy,1,False,8103,,137,px081_evidence_acquisition/RESULTS.json,DataExfiltration,OtherAttackStage,0
PX081-0137,PX081,UNRAVELED,delayed_unavailable,,entropy,1,False,8103,,137,px081_evidence_acquisition/RESULTS.json,DataExfiltration,LateralMovement,6
PX081-0137,PX081,UNRAVELED,delayed_unavailable,,entropy,1,False,8103,,137,px081_evidence_acquisition/RESULTS.json,DataExfiltration,DataExfiltration,2325
PX081-0138,PX081,UNRAVELED,delayed_unavailable,,harm,1,False,8103,,138,px081_evidence_acquisition/RESULTS.json,Benign,Benign,192026
PX081-0138,PX081,UNRAVELED,delayed_unavailable,,harm,1,False,8103,,138,px081_evidence_acquisition/RESULTS.json,Benign,OtherAttackStage,1
PX081-0138,PX081,UNRAVELED,delayed_unavailable,,harm,1,False,8103,,138,px081_evidence_acquisition/RESULTS.json,Benign,LateralMovement,143
PX081-0138,PX081,UNRAVELED,delayed_unavailable,,harm,1,False,8103,,138,px081_evidence_acquisition/RESULTS.json,Benign,DataExfiltration,23
PX081-0138,PX081,UNRAVELED,delayed_unavailable,,harm,1,False,8103,,138,px081_evidence_acquisition/RESULTS.json,OtherAttackStage,Benign,38
PX081-0138,PX081,UNRAVELED,delayed_unavailable,,harm,1,False,8103,,138,px081_evidence_acquisition/RESULTS.json,OtherAttackStage,OtherAttackStage,12036
PX081-0138,PX081,UNRAVELED,delayed_unavailable,,harm,1,False,8103,,138,px081_evidence_acquisition/RESULTS.json,OtherAttackStage,LateralMovement,0
PX081-0138,PX081,UNRAVELED,delayed_unavailable,,harm,1,False,8103,,138,px081_evidence_acquisition/RESULTS.json,OtherAttackStage,DataExfiltration,350
PX081-0138,PX081,UNRAVELED,delayed_unavailable,,harm,1,False,8103,,138,px081_evidence_acquisition/RESULTS.json,LateralMovement,Benign,8
PX081-0138,PX081,UNRAVELED,delayed_unavailable,,harm,1,False,8103,,138,px081_evidence_acquisition/RESULTS.json,LateralMovement,OtherAttackStage,0
PX081-0138,PX081,UNRAVELED,delayed_unavailable,,harm,1,False,8103,,138,px081_evidence_acquisition/RESULTS.json,LateralMovement,LateralMovement,27
PX081-0138,PX081,UNRAVELED,delayed_unavailable,,harm,1,False,8103,,138,px081_evidence_acquisition/RESULTS.json,LateralMovement,DataExfiltration,0
PX081-0138,PX081,UNRAVELED,delayed_unavailable,,harm,1,False,8103,,138,px081_evidence_acquisition/RESULTS.json,DataExfiltration,Benign,1111
PX081-0138,PX081,UNRAVELED,delayed_unavailable,,harm,1,False,8103,,138,px081_evidence_acquisition/RESULTS.json,DataExfiltration,OtherAttackStage,0
PX081-0138,PX081,UNRAVELED,delayed_unavailable,,harm,1,False,8103,,138,px081_evidence_acquisition/RESULTS.json,DataExfiltration,LateralMovement,6
PX081-0138,PX081,UNRAVELED,delayed_unavailable,,harm,1,False,8103,,138,px081_evidence_acquisition/RESULTS.json,DataExfiltration,DataExfiltration,2325
PX081-0139,PX081,UNRAVELED,delayed_unavailable,,none,2,False,8103,,139,px081_evidence_acquisition/RESULTS.json,Benign,Benign,192026
PX081-0139,PX081,UNRAVELED,delayed_unavailable,,none,2,False,8103,,139,px081_evidence_acquisition/RESULTS.json,Benign,OtherAttackStage,0
PX081-0139,PX081,UNRAVELED,delayed_unavailable,,none,2,False,8103,,139,px081_evidence_acquisition/RESULTS.json,Benign,LateralMovement,143
PX081-0139,PX081,UNRAVELED,delayed_unavailable,,none,2,False,8103,,139,px081_evidence_acquisition/RESULTS.json,Benign,DataExfiltration,24
PX081-0139,PX081,UNRAVELED,delayed_unavailable,,none,2,False,8103,,139,px081_evidence_acquisition/RESULTS.json,OtherAttackStage,Benign,38
PX081-0139,PX081,UNRAVELED,delayed_unavailable,,none,2,False,8103,,139,px081_evidence_acquisition/RESULTS.json,OtherAttackStage,OtherAttackStage,12034
PX081-0139,PX081,UNRAVELED,delayed_unavailable,,none,2,False,8103,,139,px081_evidence_acquisition/RESULTS.json,OtherAttackStage,LateralMovement,0
PX081-0139,PX081,UNRAVELED,delayed_unavailable,,none,2,False,8103,,139,px081_evidence_acquisition/RESULTS.json,OtherAttackStage,DataExfiltration,352
PX081-0139,PX081,UNRAVELED,delayed_unavailable,,none,2,False,8103,,139,px081_evidence_acquisition/RESULTS.json,LateralMovement,Benign,8
PX081-0139,PX081,UNRAVELED,delayed_unavailable,,none,2,False,8103,,139,px081_evidence_acquisition/RESULTS.json,LateralMovement,OtherAttackStage,0
PX081-0139,PX081,UNRAVELED,delayed_unavailable,,none,2,False,8103,,139,px081_evidence_acquisition/RESULTS.json,LateralMovement,LateralMovement,27
PX081-0139,PX081,UNRAVELED,delayed_unavailable,,none,2,False,8103,,139,px081_evidence_acquisition/RESULTS.json,LateralMovement,DataExfiltration,0
PX081-0139,PX081,UNRAVELED,delayed_unavailable,,none,2,False,8103,,139,px081_evidence_acquisition/RESULTS.json,DataExfiltration,Benign,1117
PX081-0139,PX081,UNRAVELED,delayed_unavailable,,none,2,False,8103,,139,px081_evidence_acquisition/RESULTS.json,DataExfiltration,OtherAttackStage,0
PX081-0139,PX081,UNRAVELED,delayed_unavailable,,none,2,False,8103,,139,px081_evidence_acquisition/RESULTS.json,DataExfiltration,LateralMovement,0
PX081-0139,PX081,UNRAVELED,delayed_unavailable,,none,2,False,8103,,139,px081_evidence_acquisition/RESULTS.json,DataExfiltration,DataExfiltration,2325
PX081-0140,PX081,UNRAVELED,delayed_unavailable,,roles_first,2,False,8103,,140,px081_evidence_acquisition/RESULTS.json,Benign,Benign,192017
PX081-0140,PX081,UNRAVELED,delayed_unavailable,,roles_first,2,False,8103,,140,px081_evidence_acquisition/RESULTS.json,Benign,OtherAttackStage,2
PX081-0140,PX081,UNRAVELED,delayed_unavailable,,roles_first,2,False,8103,,140,px081_evidence_acquisition/RESULTS.json,Benign,LateralMovement,152
PX081-0140,PX081,UNRAVELED,delayed_unavailable,,roles_first,2,False,8103,,140,px081_evidence_acquisition/RESULTS.json,Benign,DataExfiltration,22
PX081-0140,PX081,UNRAVELED,delayed_unavailable,,roles_first,2,False,8103,,140,px081_evidence_acquisition/RESULTS.json,OtherAttackStage,Benign,38
PX081-0140,PX081,UNRAVELED,delayed_unavailable,,roles_first,2,False,8103,,140,px081_evidence_acquisition/RESULTS.json,OtherAttackStage,OtherAttackStage,12033
PX081-0140,PX081,UNRAVELED,delayed_unavailable,,roles_first,2,False,8103,,140,px081_evidence_acquisition/RESULTS.json,OtherAttackStage,LateralMovement,0
PX081-0140,PX081,UNRAVELED,delayed_unavailable,,roles_first,2,False,8103,,140,px081_evidence_acquisition/RESULTS.json,OtherAttackStage,DataExfiltration,353
PX081-0140,PX081,UNRAVELED,delayed_unavailable,,roles_first,2,False,8103,,140,px081_evidence_acquisition/RESULTS.json,LateralMovement,Benign,5
PX081-0140,PX081,UNRAVELED,delayed_unavailable,,roles_first,2,False,8103,,140,px081_evidence_acquisition/RESULTS.json,LateralMovement,OtherAttackStage,0
PX081-0140,PX081,UNRAVELED,delayed_unavailable,,roles_first,2,False,8103,,140,px081_evidence_acquisition/RESULTS.json,LateralMovement,LateralMovement,30
PX081-0140,PX081,UNRAVELED,delayed_unavailable,,roles_first,2,False,8103,,140,px081_evidence_acquisition/RESULTS.json,LateralMovement,DataExfiltration,0
PX081-0140,PX081,UNRAVELED,delayed_unavailable,,roles_first,2,False,8103,,140,px081_evidence_acquisition/RESULTS.json,DataExfiltration,Benign,1108
PX081-0140,PX081,UNRAVELED,delayed_unavailable,,roles_first,2,False,8103,,140,px081_evidence_acquisition/RESULTS.json,DataExfiltration,OtherAttackStage,0
PX081-0140,PX081,UNRAVELED,delayed_unavailable,,roles_first,2,False,8103,,140,px081_evidence_acquisition/RESULTS.json,DataExfiltration,LateralMovement,9
PX081-0140,PX081,UNRAVELED,delayed_unavailable,,roles_first,2,False,8103,,140,px081_evidence_acquisition/RESULTS.json,DataExfiltration,DataExfiltration,2325
PX081-0141,PX081,UNRAVELED,delayed_unavailable,,history_first,2,False,8103,,141,px081_evidence_acquisition/RESULTS.json,Benign,Benign,192067
PX081-0141,PX081,UNRAVELED,delayed_unavailable,,history_first,2,False,8103,,141,px081_evidence_acquisition/RESULTS.json,Benign,OtherAttackStage,0
PX081-0141,PX081,UNRAVELED,delayed_unavailable,,history_first,2,False,8103,,141,px081_evidence_acquisition/RESULTS.json,Benign,LateralMovement,110
PX081-0141,PX081,UNRAVELED,delayed_unavailable,,history_first,2,False,8103,,141,px081_evidence_acquisition/RESULTS.json,Benign,DataExfiltration,16
PX081-0141,PX081,UNRAVELED,delayed_unavailable,,history_first,2,False,8103,,141,px081_evidence_acquisition/RESULTS.json,OtherAttackStage,Benign,47
PX081-0141,PX081,UNRAVELED,delayed_unavailable,,history_first,2,False,8103,,141,px081_evidence_acquisition/RESULTS.json,OtherAttackStage,OtherAttackStage,12042
PX081-0141,PX081,UNRAVELED,delayed_unavailable,,history_first,2,False,8103,,141,px081_evidence_acquisition/RESULTS.json,OtherAttackStage,LateralMovement,0
PX081-0141,PX081,UNRAVELED,delayed_unavailable,,history_first,2,False,8103,,141,px081_evidence_acquisition/RESULTS.json,OtherAttackStage,DataExfiltration,335
PX081-0141,PX081,UNRAVELED,delayed_unavailable,,history_first,2,False,8103,,141,px081_evidence_acquisition/RESULTS.json,LateralMovement,Benign,12
PX081-0141,PX081,UNRAVELED,delayed_unavailable,,history_first,2,False,8103,,141,px081_evidence_acquisition/RESULTS.json,LateralMovement,OtherAttackStage,0
PX081-0141,PX081,UNRAVELED,delayed_unavailable,,history_first,2,False,8103,,141,px081_evidence_acquisition/RESULTS.json,LateralMovement,LateralMovement,23
PX081-0141,PX081,UNRAVELED,delayed_unavailable,,history_first,2,False,8103,,141,px081_evidence_acquisition/RESULTS.json,LateralMovement,DataExfiltration,0
PX081-0141,PX081,UNRAVELED,delayed_unavailable,,history_first,2,False,8103,,141,px081_evidence_acquisition/RESULTS.json,DataExfiltration,Benign,1122
PX081-0141,PX081,UNRAVELED,delayed_unavailable,,history_first,2,False,8103,,141,px081_evidence_acquisition/RESULTS.json,DataExfiltration,OtherAttackStage,1
PX081-0141,PX081,UNRAVELED,delayed_unavailable,,history_first,2,False,8103,,141,px081_evidence_acquisition/RESULTS.json,DataExfiltration,LateralMovement,0
PX081-0141,PX081,UNRAVELED,delayed_unavailable,,history_first,2,False,8103,,141,px081_evidence_acquisition/RESULTS.json,DataExfiltration,DataExfiltration,2319
PX081-0142,PX081,UNRAVELED,delayed_unavailable,,random,2,False,8103,,142,px081_evidence_acquisition/RESULTS.json,Benign,Benign,192035
PX081-0142,PX081,UNRAVELED,delayed_unavailable,,random,2,False,8103,,142,px081_evidence_acquisition/RESULTS.json,Benign,OtherAttackStage,2
PX081-0142,PX081,UNRAVELED,delayed_unavailable,,random,2,False,8103,,142,px081_evidence_acquisition/RESULTS.json,Benign,LateralMovement,137
PX081-0142,PX081,UNRAVELED,delayed_unavailable,,random,2,False,8103,,142,px081_evidence_acquisition/RESULTS.json,Benign,DataExfiltration,19
PX081-0142,PX081,UNRAVELED,delayed_unavailable,,random,2,False,8103,,142,px081_evidence_acquisition/RESULTS.json,OtherAttackStage,Benign,47
PX081-0142,PX081,UNRAVELED,delayed_unavailable,,random,2,False,8103,,142,px081_evidence_acquisition/RESULTS.json,OtherAttackStage,OtherAttackStage,12037
PX081-0142,PX081,UNRAVELED,delayed_unavailable,,random,2,False,8103,,142,px081_evidence_acquisition/RESULTS.json,OtherAttackStage,LateralMovement,0
PX081-0142,PX081,UNRAVELED,delayed_unavailable,,random,2,False,8103,,142,px081_evidence_acquisition/RESULTS.json,OtherAttackStage,DataExfiltration,340
PX081-0142,PX081,UNRAVELED,delayed_unavailable,,random,2,False,8103,,142,px081_evidence_acquisition/RESULTS.json,LateralMovement,Benign,9
PX081-0142,PX081,UNRAVELED,delayed_unavailable,,random,2,False,8103,,142,px081_evidence_acquisition/RESULTS.json,LateralMovement,OtherAttackStage,0
PX081-0142,PX081,UNRAVELED,delayed_unavailable,,random,2,False,8103,,142,px081_evidence_acquisition/RESULTS.json,LateralMovement,LateralMovement,26
PX081-0142,PX081,UNRAVELED,delayed_unavailable,,random,2,False,8103,,142,px081_evidence_acquisition/RESULTS.json,LateralMovement,DataExfiltration,0
PX081-0142,PX081,UNRAVELED,delayed_unavailable,,random,2,False,8103,,142,px081_evidence_acquisition/RESULTS.json,DataExfiltration,Benign,1114
PX081-0142,PX081,UNRAVELED,delayed_unavailable,,random,2,False,8103,,142,px081_evidence_acquisition/RESULTS.json,DataExfiltration,OtherAttackStage,1
PX081-0142,PX081,UNRAVELED,delayed_unavailable,,random,2,False,8103,,142,px081_evidence_acquisition/RESULTS.json,DataExfiltration,LateralMovement,2
PX081-0142,PX081,UNRAVELED,delayed_unavailable,,random,2,False,8103,,142,px081_evidence_acquisition/RESULTS.json,DataExfiltration,DataExfiltration,2325
PX081-0143,PX081,UNRAVELED,delayed_unavailable,,entropy,2,False,8103,,143,px081_evidence_acquisition/RESULTS.json,Benign,Benign,192046
PX081-0143,PX081,UNRAVELED,delayed_unavailable,,entropy,2,False,8103,,143,px081_evidence_acquisition/RESULTS.json,Benign,OtherAttackStage,0
PX081-0143,PX081,UNRAVELED,delayed_unavailable,,entropy,2,False,8103,,143,px081_evidence_acquisition/RESULTS.json,Benign,LateralMovement,131
PX081-0143,PX081,UNRAVELED,delayed_unavailable,,entropy,2,False,8103,,143,px081_evidence_acquisition/RESULTS.json,Benign,DataExfiltration,16
PX081-0143,PX081,UNRAVELED,delayed_unavailable,,entropy,2,False,8103,,143,px081_evidence_acquisition/RESULTS.json,OtherAttackStage,Benign,44
PX081-0143,PX081,UNRAVELED,delayed_unavailable,,entropy,2,False,8103,,143,px081_evidence_acquisition/RESULTS.json,OtherAttackStage,OtherAttackStage,12042
PX081-0143,PX081,UNRAVELED,delayed_unavailable,,entropy,2,False,8103,,143,px081_evidence_acquisition/RESULTS.json,OtherAttackStage,LateralMovement,0
PX081-0143,PX081,UNRAVELED,delayed_unavailable,,entropy,2,False,8103,,143,px081_evidence_acquisition/RESULTS.json,OtherAttackStage,DataExfiltration,338
PX081-0143,PX081,UNRAVELED,delayed_unavailable,,entropy,2,False,8103,,143,px081_evidence_acquisition/RESULTS.json,LateralMovement,Benign,7
PX081-0143,PX081,UNRAVELED,delayed_unavailable,,entropy,2,False,8103,,143,px081_evidence_acquisition/RESULTS.json,LateralMovement,OtherAttackStage,0
PX081-0143,PX081,UNRAVELED,delayed_unavailable,,entropy,2,False,8103,,143,px081_evidence_acquisition/RESULTS.json,LateralMovement,LateralMovement,28
PX081-0143,PX081,UNRAVELED,delayed_unavailable,,entropy,2,False,8103,,143,px081_evidence_acquisition/RESULTS.json,LateralMovement,DataExfiltration,0
PX081-0143,PX081,UNRAVELED,delayed_unavailable,,entropy,2,False,8103,,143,px081_evidence_acquisition/RESULTS.json,DataExfiltration,Benign,1119
PX081-0143,PX081,UNRAVELED,delayed_unavailable,,entropy,2,False,8103,,143,px081_evidence_acquisition/RESULTS.json,DataExfiltration,OtherAttackStage,1
PX081-0143,PX081,UNRAVELED,delayed_unavailable,,entropy,2,False,8103,,143,px081_evidence_acquisition/RESULTS.json,DataExfiltration,LateralMovement,1
PX081-0143,PX081,UNRAVELED,delayed_unavailable,,entropy,2,False,8103,,143,px081_evidence_acquisition/RESULTS.json,DataExfiltration,DataExfiltration,2321
PX081-0144,PX081,UNRAVELED,delayed_unavailable,,harm,2,False,8103,,144,px081_evidence_acquisition/RESULTS.json,Benign,Benign,192053
PX081-0144,PX081,UNRAVELED,delayed_unavailable,,harm,2,False,8103,,144,px081_evidence_acquisition/RESULTS.json,Benign,OtherAttackStage,1
PX081-0144,PX081,UNRAVELED,delayed_unavailable,,harm,2,False,8103,,144,px081_evidence_acquisition/RESULTS.json,Benign,LateralMovement,124
PX081-0144,PX081,UNRAVELED,delayed_unavailable,,harm,2,False,8103,,144,px081_evidence_acquisition/RESULTS.json,Benign,DataExfiltration,15
PX081-0144,PX081,UNRAVELED,delayed_unavailable,,harm,2,False,8103,,144,px081_evidence_acquisition/RESULTS.json,OtherAttackStage,Benign,44
PX081-0144,PX081,UNRAVELED,delayed_unavailable,,harm,2,False,8103,,144,px081_evidence_acquisition/RESULTS.json,OtherAttackStage,OtherAttackStage,12043
PX081-0144,PX081,UNRAVELED,delayed_unavailable,,harm,2,False,8103,,144,px081_evidence_acquisition/RESULTS.json,OtherAttackStage,LateralMovement,0
PX081-0144,PX081,UNRAVELED,delayed_unavailable,,harm,2,False,8103,,144,px081_evidence_acquisition/RESULTS.json,OtherAttackStage,DataExfiltration,337
PX081-0144,PX081,UNRAVELED,delayed_unavailable,,harm,2,False,8103,,144,px081_evidence_acquisition/RESULTS.json,LateralMovement,Benign,9
PX081-0144,PX081,UNRAVELED,delayed_unavailable,,harm,2,False,8103,,144,px081_evidence_acquisition/RESULTS.json,LateralMovement,OtherAttackStage,0
PX081-0144,PX081,UNRAVELED,delayed_unavailable,,harm,2,False,8103,,144,px081_evidence_acquisition/RESULTS.json,LateralMovement,LateralMovement,26
PX081-0144,PX081,UNRAVELED,delayed_unavailable,,harm,2,False,8103,,144,px081_evidence_acquisition/RESULTS.json,LateralMovement,DataExfiltration,0
PX081-0144,PX081,UNRAVELED,delayed_unavailable,,harm,2,False,8103,,144,px081_evidence_acquisition/RESULTS.json,DataExfiltration,Benign,1120
PX081-0144,PX081,UNRAVELED,delayed_unavailable,,harm,2,False,8103,,144,px081_evidence_acquisition/RESULTS.json,DataExfiltration,OtherAttackStage,1
PX081-0144,PX081,UNRAVELED,delayed_unavailable,,harm,2,False,8103,,144,px081_evidence_acquisition/RESULTS.json,DataExfiltration,LateralMovement,0
PX081-0144,PX081,UNRAVELED,delayed_unavailable,,harm,2,False,8103,,144,px081_evidence_acquisition/RESULTS.json,DataExfiltration,DataExfiltration,2321
PX081-0145,PX081,UNRAVELED,delayed_unavailable,,none,3,False,8103,,145,px081_evidence_acquisition/RESULTS.json,Benign,Benign,192026
PX081-0145,PX081,UNRAVELED,delayed_unavailable,,none,3,False,8103,,145,px081_evidence_acquisition/RESULTS.json,Benign,OtherAttackStage,0
PX081-0145,PX081,UNRAVELED,delayed_unavailable,,none,3,False,8103,,145,px081_evidence_acquisition/RESULTS.json,Benign,LateralMovement,143
PX081-0145,PX081,UNRAVELED,delayed_unavailable,,none,3,False,8103,,145,px081_evidence_acquisition/RESULTS.json,Benign,DataExfiltration,24
PX081-0145,PX081,UNRAVELED,delayed_unavailable,,none,3,False,8103,,145,px081_evidence_acquisition/RESULTS.json,OtherAttackStage,Benign,38
PX081-0145,PX081,UNRAVELED,delayed_unavailable,,none,3,False,8103,,145,px081_evidence_acquisition/RESULTS.json,OtherAttackStage,OtherAttackStage,12034
PX081-0145,PX081,UNRAVELED,delayed_unavailable,,none,3,False,8103,,145,px081_evidence_acquisition/RESULTS.json,OtherAttackStage,LateralMovement,0
PX081-0145,PX081,UNRAVELED,delayed_unavailable,,none,3,False,8103,,145,px081_evidence_acquisition/RESULTS.json,OtherAttackStage,DataExfiltration,352
PX081-0145,PX081,UNRAVELED,delayed_unavailable,,none,3,False,8103,,145,px081_evidence_acquisition/RESULTS.json,LateralMovement,Benign,8
PX081-0145,PX081,UNRAVELED,delayed_unavailable,,none,3,False,8103,,145,px081_evidence_acquisition/RESULTS.json,LateralMovement,OtherAttackStage,0
PX081-0145,PX081,UNRAVELED,delayed_unavailable,,none,3,False,8103,,145,px081_evidence_acquisition/RESULTS.json,LateralMovement,LateralMovement,27
PX081-0145,PX081,UNRAVELED,delayed_unavailable,,none,3,False,8103,,145,px081_evidence_acquisition/RESULTS.json,LateralMovement,DataExfiltration,0
PX081-0145,PX081,UNRAVELED,delayed_unavailable,,none,3,False,8103,,145,px081_evidence_acquisition/RESULTS.json,DataExfiltration,Benign,1117
PX081-0145,PX081,UNRAVELED,delayed_unavailable,,none,3,False,8103,,145,px081_evidence_acquisition/RESULTS.json,DataExfiltration,OtherAttackStage,0
PX081-0145,PX081,UNRAVELED,delayed_unavailable,,none,3,False,8103,,145,px081_evidence_acquisition/RESULTS.json,DataExfiltration,LateralMovement,0
PX081-0145,PX081,UNRAVELED,delayed_unavailable,,none,3,False,8103,,145,px081_evidence_acquisition/RESULTS.json,DataExfiltration,DataExfiltration,2325
PX081-0146,PX081,UNRAVELED,delayed_unavailable,,roles_first,3,False,8103,,146,px081_evidence_acquisition/RESULTS.json,Benign,Benign,192037
PX081-0146,PX081,UNRAVELED,delayed_unavailable,,roles_first,3,False,8103,,146,px081_evidence_acquisition/RESULTS.json,Benign,OtherAttackStage,2
PX081-0146,PX081,UNRAVELED,delayed_unavailable,,roles_first,3,False,8103,,146,px081_evidence_acquisition/RESULTS.json,Benign,LateralMovement,135
PX081-0146,PX081,UNRAVELED,delayed_unavailable,,roles_first,3,False,8103,,146,px081_evidence_acquisition/RESULTS.json,Benign,DataExfiltration,19
PX081-0146,PX081,UNRAVELED,delayed_unavailable,,roles_first,3,False,8103,,146,px081_evidence_acquisition/RESULTS.json,OtherAttackStage,Benign,45
PX081-0146,PX081,UNRAVELED,delayed_unavailable,,roles_first,3,False,8103,,146,px081_evidence_acquisition/RESULTS.json,OtherAttackStage,OtherAttackStage,12037
PX081-0146,PX081,UNRAVELED,delayed_unavailable,,roles_first,3,False,8103,,146,px081_evidence_acquisition/RESULTS.json,OtherAttackStage,LateralMovement,0
PX081-0146,PX081,UNRAVELED,delayed_unavailable,,roles_first,3,False,8103,,146,px081_evidence_acquisition/RESULTS.json,OtherAttackStage,DataExfiltration,342
PX081-0146,PX081,UNRAVELED,delayed_unavailable,,roles_first,3,False,8103,,146,px081_evidence_acquisition/RESULTS.json,LateralMovement,Benign,8
PX081-0146,PX081,UNRAVELED,delayed_unavailable,,roles_first,3,False,8103,,146,px081_evidence_acquisition/RESULTS.json,LateralMovement,OtherAttackStage,0
PX081-0146,PX081,UNRAVELED,delayed_unavailable,,roles_first,3,False,8103,,146,px081_evidence_acquisition/RESULTS.json,LateralMovement,LateralMovement,27
PX081-0146,PX081,UNRAVELED,delayed_unavailable,,roles_first,3,False,8103,,146,px081_evidence_acquisition/RESULTS.json,LateralMovement,DataExfiltration,0
PX081-0146,PX081,UNRAVELED,delayed_unavailable,,roles_first,3,False,8103,,146,px081_evidence_acquisition/RESULTS.json,DataExfiltration,Benign,1109
PX081-0146,PX081,UNRAVELED,delayed_unavailable,,roles_first,3,False,8103,,146,px081_evidence_acquisition/RESULTS.json,DataExfiltration,OtherAttackStage,0
PX081-0146,PX081,UNRAVELED,delayed_unavailable,,roles_first,3,False,8103,,146,px081_evidence_acquisition/RESULTS.json,DataExfiltration,LateralMovement,10
PX081-0146,PX081,UNRAVELED,delayed_unavailable,,roles_first,3,False,8103,,146,px081_evidence_acquisition/RESULTS.json,DataExfiltration,DataExfiltration,2323
PX081-0147,PX081,UNRAVELED,delayed_unavailable,,history_first,3,False,8103,,147,px081_evidence_acquisition/RESULTS.json,Benign,Benign,192061
PX081-0147,PX081,UNRAVELED,delayed_unavailable,,history_first,3,False,8103,,147,px081_evidence_acquisition/RESULTS.json,Benign,OtherAttackStage,0
PX081-0147,PX081,UNRAVELED,delayed_unavailable,,history_first,3,False,8103,,147,px081_evidence_acquisition/RESULTS.json,Benign,LateralMovement,116
PX081-0147,PX081,UNRAVELED,delayed_unavailable,,history_first,3,False,8103,,147,px081_evidence_acquisition/RESULTS.json,Benign,DataExfiltration,16
PX081-0147,PX081,UNRAVELED,delayed_unavailable,,history_first,3,False,8103,,147,px081_evidence_acquisition/RESULTS.json,OtherAttackStage,Benign,45
PX081-0147,PX081,UNRAVELED,delayed_unavailable,,history_first,3,False,8103,,147,px081_evidence_acquisition/RESULTS.json,OtherAttackStage,OtherAttackStage,12042
PX081-0147,PX081,UNRAVELED,delayed_unavailable,,history_first,3,False,8103,,147,px081_evidence_acquisition/RESULTS.json,OtherAttackStage,LateralMovement,0
PX081-0147,PX081,UNRAVELED,delayed_unavailable,,history_first,3,False,8103,,147,px081_evidence_acquisition/RESULTS.json,OtherAttackStage,DataExfiltration,337
PX081-0147,PX081,UNRAVELED,delayed_unavailable,,history_first,3,False,8103,,147,px081_evidence_acquisition/RESULTS.json,LateralMovement,Benign,10
PX081-0147,PX081,UNRAVELED,delayed_unavailable,,history_first,3,False,8103,,147,px081_evidence_acquisition/RESULTS.json,LateralMovement,OtherAttackStage,0
PX081-0147,PX081,UNRAVELED,delayed_unavailable,,history_first,3,False,8103,,147,px081_evidence_acquisition/RESULTS.json,LateralMovement,LateralMovement,25
PX081-0147,PX081,UNRAVELED,delayed_unavailable,,history_first,3,False,8103,,147,px081_evidence_acquisition/RESULTS.json,LateralMovement,DataExfiltration,0
PX081-0147,PX081,UNRAVELED,delayed_unavailable,,history_first,3,False,8103,,147,px081_evidence_acquisition/RESULTS.json,DataExfiltration,Benign,1117
PX081-0147,PX081,UNRAVELED,delayed_unavailable,,history_first,3,False,8103,,147,px081_evidence_acquisition/RESULTS.json,DataExfiltration,OtherAttackStage,1
PX081-0147,PX081,UNRAVELED,delayed_unavailable,,history_first,3,False,8103,,147,px081_evidence_acquisition/RESULTS.json,DataExfiltration,LateralMovement,4
PX081-0147,PX081,UNRAVELED,delayed_unavailable,,history_first,3,False,8103,,147,px081_evidence_acquisition/RESULTS.json,DataExfiltration,DataExfiltration,2320
PX081-0148,PX081,UNRAVELED,delayed_unavailable,,random,3,False,8103,,148,px081_evidence_acquisition/RESULTS.json,Benign,Benign,192043
PX081-0148,PX081,UNRAVELED,delayed_unavailable,,random,3,False,8103,,148,px081_evidence_acquisition/RESULTS.json,Benign,OtherAttackStage,2
PX081-0148,PX081,UNRAVELED,delayed_unavailable,,random,3,False,8103,,148,px081_evidence_acquisition/RESULTS.json,Benign,LateralMovement,132
PX081-0148,PX081,UNRAVELED,delayed_unavailable,,random,3,False,8103,,148,px081_evidence_acquisition/RESULTS.json,Benign,DataExfiltration,16
PX081-0148,PX081,UNRAVELED,delayed_unavailable,,random,3,False,8103,,148,px081_evidence_acquisition/RESULTS.json,OtherAttackStage,Benign,47
PX081-0148,PX081,UNRAVELED,delayed_unavailable,,random,3,False,8103,,148,px081_evidence_acquisition/RESULTS.json,OtherAttackStage,OtherAttackStage,12038
PX081-0148,PX081,UNRAVELED,delayed_unavailable,,random,3,False,8103,,148,px081_evidence_acquisition/RESULTS.json,OtherAttackStage,LateralMovement,0
PX081-0148,PX081,UNRAVELED,delayed_unavailable,,random,3,False,8103,,148,px081_evidence_acquisition/RESULTS.json,OtherAttackStage,DataExfiltration,339
PX081-0148,PX081,UNRAVELED,delayed_unavailable,,random,3,False,8103,,148,px081_evidence_acquisition/RESULTS.json,LateralMovement,Benign,9
PX081-0148,PX081,UNRAVELED,delayed_unavailable,,random,3,False,8103,,148,px081_evidence_acquisition/RESULTS.json,LateralMovement,OtherAttackStage,0
PX081-0148,PX081,UNRAVELED,delayed_unavailable,,random,3,False,8103,,148,px081_evidence_acquisition/RESULTS.json,LateralMovement,LateralMovement,26
PX081-0148,PX081,UNRAVELED,delayed_unavailable,,random,3,False,8103,,148,px081_evidence_acquisition/RESULTS.json,LateralMovement,DataExfiltration,0
PX081-0148,PX081,UNRAVELED,delayed_unavailable,,random,3,False,8103,,148,px081_evidence_acquisition/RESULTS.json,DataExfiltration,Benign,1113
PX081-0148,PX081,UNRAVELED,delayed_unavailable,,random,3,False,8103,,148,px081_evidence_acquisition/RESULTS.json,DataExfiltration,OtherAttackStage,1
PX081-0148,PX081,UNRAVELED,delayed_unavailable,,random,3,False,8103,,148,px081_evidence_acquisition/RESULTS.json,DataExfiltration,LateralMovement,6
PX081-0148,PX081,UNRAVELED,delayed_unavailable,,random,3,False,8103,,148,px081_evidence_acquisition/RESULTS.json,DataExfiltration,DataExfiltration,2322
PX081-0149,PX081,UNRAVELED,delayed_unavailable,,entropy,3,False,8103,,149,px081_evidence_acquisition/RESULTS.json,Benign,Benign,192052
PX081-0149,PX081,UNRAVELED,delayed_unavailable,,entropy,3,False,8103,,149,px081_evidence_acquisition/RESULTS.json,Benign,OtherAttackStage,0
PX081-0149,PX081,UNRAVELED,delayed_unavailable,,entropy,3,False,8103,,149,px081_evidence_acquisition/RESULTS.json,Benign,LateralMovement,125
PX081-0149,PX081,UNRAVELED,delayed_unavailable,,entropy,3,False,8103,,149,px081_evidence_acquisition/RESULTS.json,Benign,DataExfiltration,16
PX081-0149,PX081,UNRAVELED,delayed_unavailable,,entropy,3,False,8103,,149,px081_evidence_acquisition/RESULTS.json,OtherAttackStage,Benign,43
PX081-0149,PX081,UNRAVELED,delayed_unavailable,,entropy,3,False,8103,,149,px081_evidence_acquisition/RESULTS.json,OtherAttackStage,OtherAttackStage,12043
PX081-0149,PX081,UNRAVELED,delayed_unavailable,,entropy,3,False,8103,,149,px081_evidence_acquisition/RESULTS.json,OtherAttackStage,LateralMovement,0
PX081-0149,PX081,UNRAVELED,delayed_unavailable,,entropy,3,False,8103,,149,px081_evidence_acquisition/RESULTS.json,OtherAttackStage,DataExfiltration,338
PX081-0149,PX081,UNRAVELED,delayed_unavailable,,entropy,3,False,8103,,149,px081_evidence_acquisition/RESULTS.json,LateralMovement,Benign,9
PX081-0149,PX081,UNRAVELED,delayed_unavailable,,entropy,3,False,8103,,149,px081_evidence_acquisition/RESULTS.json,LateralMovement,OtherAttackStage,0
PX081-0149,PX081,UNRAVELED,delayed_unavailable,,entropy,3,False,8103,,149,px081_evidence_acquisition/RESULTS.json,LateralMovement,LateralMovement,26
PX081-0149,PX081,UNRAVELED,delayed_unavailable,,entropy,3,False,8103,,149,px081_evidence_acquisition/RESULTS.json,LateralMovement,DataExfiltration,0
PX081-0149,PX081,UNRAVELED,delayed_unavailable,,entropy,3,False,8103,,149,px081_evidence_acquisition/RESULTS.json,DataExfiltration,Benign,1117
PX081-0149,PX081,UNRAVELED,delayed_unavailable,,entropy,3,False,8103,,149,px081_evidence_acquisition/RESULTS.json,DataExfiltration,OtherAttackStage,1
PX081-0149,PX081,UNRAVELED,delayed_unavailable,,entropy,3,False,8103,,149,px081_evidence_acquisition/RESULTS.json,DataExfiltration,LateralMovement,4
PX081-0149,PX081,UNRAVELED,delayed_unavailable,,entropy,3,False,8103,,149,px081_evidence_acquisition/RESULTS.json,DataExfiltration,DataExfiltration,2320
PX081-0150,PX081,UNRAVELED,delayed_unavailable,,harm,3,False,8103,,150,px081_evidence_acquisition/RESULTS.json,Benign,Benign,192058
PX081-0150,PX081,UNRAVELED,delayed_unavailable,,harm,3,False,8103,,150,px081_evidence_acquisition/RESULTS.json,Benign,OtherAttackStage,1
PX081-0150,PX081,UNRAVELED,delayed_unavailable,,harm,3,False,8103,,150,px081_evidence_acquisition/RESULTS.json,Benign,LateralMovement,119
PX081-0150,PX081,UNRAVELED,delayed_unavailable,,harm,3,False,8103,,150,px081_evidence_acquisition/RESULTS.json,Benign,DataExfiltration,15
PX081-0150,PX081,UNRAVELED,delayed_unavailable,,harm,3,False,8103,,150,px081_evidence_acquisition/RESULTS.json,OtherAttackStage,Benign,43
PX081-0150,PX081,UNRAVELED,delayed_unavailable,,harm,3,False,8103,,150,px081_evidence_acquisition/RESULTS.json,OtherAttackStage,OtherAttackStage,12044
PX081-0150,PX081,UNRAVELED,delayed_unavailable,,harm,3,False,8103,,150,px081_evidence_acquisition/RESULTS.json,OtherAttackStage,LateralMovement,0
PX081-0150,PX081,UNRAVELED,delayed_unavailable,,harm,3,False,8103,,150,px081_evidence_acquisition/RESULTS.json,OtherAttackStage,DataExfiltration,337
PX081-0150,PX081,UNRAVELED,delayed_unavailable,,harm,3,False,8103,,150,px081_evidence_acquisition/RESULTS.json,LateralMovement,Benign,10
PX081-0150,PX081,UNRAVELED,delayed_unavailable,,harm,3,False,8103,,150,px081_evidence_acquisition/RESULTS.json,LateralMovement,OtherAttackStage,0
PX081-0150,PX081,UNRAVELED,delayed_unavailable,,harm,3,False,8103,,150,px081_evidence_acquisition/RESULTS.json,LateralMovement,LateralMovement,25
PX081-0150,PX081,UNRAVELED,delayed_unavailable,,harm,3,False,8103,,150,px081_evidence_acquisition/RESULTS.json,LateralMovement,DataExfiltration,0
PX081-0150,PX081,UNRAVELED,delayed_unavailable,,harm,3,False,8103,,150,px081_evidence_acquisition/RESULTS.json,DataExfiltration,Benign,1120
PX081-0150,PX081,UNRAVELED,delayed_unavailable,,harm,3,False,8103,,150,px081_evidence_acquisition/RESULTS.json,DataExfiltration,OtherAttackStage,1
PX081-0150,PX081,UNRAVELED,delayed_unavailable,,harm,3,False,8103,,150,px081_evidence_acquisition/RESULTS.json,DataExfiltration,LateralMovement,0
PX081-0150,PX081,UNRAVELED,delayed_unavailable,,harm,3,False,8103,,150,px081_evidence_acquisition/RESULTS.json,DataExfiltration,DataExfiltration,2321
PX081-0151,PX081,UNRAVELED,delayed_unavailable,,full_context_reference,,True,8103,,151,px081_evidence_acquisition/RESULTS.json,Benign,Benign,192126
PX081-0151,PX081,UNRAVELED,delayed_unavailable,,full_context_reference,,True,8103,,151,px081_evidence_acquisition/RESULTS.json,Benign,OtherAttackStage,0
PX081-0151,PX081,UNRAVELED,delayed_unavailable,,full_context_reference,,True,8103,,151,px081_evidence_acquisition/RESULTS.json,Benign,LateralMovement,66
PX081-0151,PX081,UNRAVELED,delayed_unavailable,,full_context_reference,,True,8103,,151,px081_evidence_acquisition/RESULTS.json,Benign,DataExfiltration,1
PX081-0151,PX081,UNRAVELED,delayed_unavailable,,full_context_reference,,True,8103,,151,px081_evidence_acquisition/RESULTS.json,OtherAttackStage,Benign,63
PX081-0151,PX081,UNRAVELED,delayed_unavailable,,full_context_reference,,True,8103,,151,px081_evidence_acquisition/RESULTS.json,OtherAttackStage,OtherAttackStage,12060
PX081-0151,PX081,UNRAVELED,delayed_unavailable,,full_context_reference,,True,8103,,151,px081_evidence_acquisition/RESULTS.json,OtherAttackStage,LateralMovement,0
PX081-0151,PX081,UNRAVELED,delayed_unavailable,,full_context_reference,,True,8103,,151,px081_evidence_acquisition/RESULTS.json,OtherAttackStage,DataExfiltration,301
PX081-0151,PX081,UNRAVELED,delayed_unavailable,,full_context_reference,,True,8103,,151,px081_evidence_acquisition/RESULTS.json,LateralMovement,Benign,18
PX081-0151,PX081,UNRAVELED,delayed_unavailable,,full_context_reference,,True,8103,,151,px081_evidence_acquisition/RESULTS.json,LateralMovement,OtherAttackStage,0
PX081-0151,PX081,UNRAVELED,delayed_unavailable,,full_context_reference,,True,8103,,151,px081_evidence_acquisition/RESULTS.json,LateralMovement,LateralMovement,17
PX081-0151,PX081,UNRAVELED,delayed_unavailable,,full_context_reference,,True,8103,,151,px081_evidence_acquisition/RESULTS.json,LateralMovement,DataExfiltration,0
PX081-0151,PX081,UNRAVELED,delayed_unavailable,,full_context_reference,,True,8103,,151,px081_evidence_acquisition/RESULTS.json,DataExfiltration,Benign,1107
PX081-0151,PX081,UNRAVELED,delayed_unavailable,,full_context_reference,,True,8103,,151,px081_evidence_acquisition/RESULTS.json,DataExfiltration,OtherAttackStage,2
PX081-0151,PX081,UNRAVELED,delayed_unavailable,,full_context_reference,,True,8103,,151,px081_evidence_acquisition/RESULTS.json,DataExfiltration,LateralMovement,22
PX081-0151,PX081,UNRAVELED,delayed_unavailable,,full_context_reference,,True,8103,,151,px081_evidence_acquisition/RESULTS.json,DataExfiltration,DataExfiltration,2311
PX081-0152,PX081,UNRAVELED,wrong_host_history,,none,1,False,8103,,152,px081_evidence_acquisition/RESULTS.json,Benign,Benign,192026
PX081-0152,PX081,UNRAVELED,wrong_host_history,,none,1,False,8103,,152,px081_evidence_acquisition/RESULTS.json,Benign,OtherAttackStage,0
PX081-0152,PX081,UNRAVELED,wrong_host_history,,none,1,False,8103,,152,px081_evidence_acquisition/RESULTS.json,Benign,LateralMovement,143
PX081-0152,PX081,UNRAVELED,wrong_host_history,,none,1,False,8103,,152,px081_evidence_acquisition/RESULTS.json,Benign,DataExfiltration,24
PX081-0152,PX081,UNRAVELED,wrong_host_history,,none,1,False,8103,,152,px081_evidence_acquisition/RESULTS.json,OtherAttackStage,Benign,38
PX081-0152,PX081,UNRAVELED,wrong_host_history,,none,1,False,8103,,152,px081_evidence_acquisition/RESULTS.json,OtherAttackStage,OtherAttackStage,12034
PX081-0152,PX081,UNRAVELED,wrong_host_history,,none,1,False,8103,,152,px081_evidence_acquisition/RESULTS.json,OtherAttackStage,LateralMovement,0
PX081-0152,PX081,UNRAVELED,wrong_host_history,,none,1,False,8103,,152,px081_evidence_acquisition/RESULTS.json,OtherAttackStage,DataExfiltration,352
PX081-0152,PX081,UNRAVELED,wrong_host_history,,none,1,False,8103,,152,px081_evidence_acquisition/RESULTS.json,LateralMovement,Benign,8
PX081-0152,PX081,UNRAVELED,wrong_host_history,,none,1,False,8103,,152,px081_evidence_acquisition/RESULTS.json,LateralMovement,OtherAttackStage,0
PX081-0152,PX081,UNRAVELED,wrong_host_history,,none,1,False,8103,,152,px081_evidence_acquisition/RESULTS.json,LateralMovement,LateralMovement,27
PX081-0152,PX081,UNRAVELED,wrong_host_history,,none,1,False,8103,,152,px081_evidence_acquisition/RESULTS.json,LateralMovement,DataExfiltration,0
PX081-0152,PX081,UNRAVELED,wrong_host_history,,none,1,False,8103,,152,px081_evidence_acquisition/RESULTS.json,DataExfiltration,Benign,1117
PX081-0152,PX081,UNRAVELED,wrong_host_history,,none,1,False,8103,,152,px081_evidence_acquisition/RESULTS.json,DataExfiltration,OtherAttackStage,0
PX081-0152,PX081,UNRAVELED,wrong_host_history,,none,1,False,8103,,152,px081_evidence_acquisition/RESULTS.json,DataExfiltration,LateralMovement,0
PX081-0152,PX081,UNRAVELED,wrong_host_history,,none,1,False,8103,,152,px081_evidence_acquisition/RESULTS.json,DataExfiltration,DataExfiltration,2325
PX081-0153,PX081,UNRAVELED,wrong_host_history,,roles_first,1,False,8103,,153,px081_evidence_acquisition/RESULTS.json,Benign,Benign,192010
PX081-0153,PX081,UNRAVELED,wrong_host_history,,roles_first,1,False,8103,,153,px081_evidence_acquisition/RESULTS.json,Benign,OtherAttackStage,3
PX081-0153,PX081,UNRAVELED,wrong_host_history,,roles_first,1,False,8103,,153,px081_evidence_acquisition/RESULTS.json,Benign,LateralMovement,159
PX081-0153,PX081,UNRAVELED,wrong_host_history,,roles_first,1,False,8103,,153,px081_evidence_acquisition/RESULTS.json,Benign,DataExfiltration,21
PX081-0153,PX081,UNRAVELED,wrong_host_history,,roles_first,1,False,8103,,153,px081_evidence_acquisition/RESULTS.json,OtherAttackStage,Benign,39
PX081-0153,PX081,UNRAVELED,wrong_host_history,,roles_first,1,False,8103,,153,px081_evidence_acquisition/RESULTS.json,OtherAttackStage,OtherAttackStage,12036
PX081-0153,PX081,UNRAVELED,wrong_host_history,,roles_first,1,False,8103,,153,px081_evidence_acquisition/RESULTS.json,OtherAttackStage,LateralMovement,0
PX081-0153,PX081,UNRAVELED,wrong_host_history,,roles_first,1,False,8103,,153,px081_evidence_acquisition/RESULTS.json,OtherAttackStage,DataExfiltration,349
PX081-0153,PX081,UNRAVELED,wrong_host_history,,roles_first,1,False,8103,,153,px081_evidence_acquisition/RESULTS.json,LateralMovement,Benign,4
PX081-0153,PX081,UNRAVELED,wrong_host_history,,roles_first,1,False,8103,,153,px081_evidence_acquisition/RESULTS.json,LateralMovement,OtherAttackStage,0
PX081-0153,PX081,UNRAVELED,wrong_host_history,,roles_first,1,False,8103,,153,px081_evidence_acquisition/RESULTS.json,LateralMovement,LateralMovement,31
PX081-0153,PX081,UNRAVELED,wrong_host_history,,roles_first,1,False,8103,,153,px081_evidence_acquisition/RESULTS.json,LateralMovement,DataExfiltration,0
PX081-0153,PX081,UNRAVELED,wrong_host_history,,roles_first,1,False,8103,,153,px081_evidence_acquisition/RESULTS.json,DataExfiltration,Benign,1100
PX081-0153,PX081,UNRAVELED,wrong_host_history,,roles_first,1,False,8103,,153,px081_evidence_acquisition/RESULTS.json,DataExfiltration,OtherAttackStage,0
PX081-0153,PX081,UNRAVELED,wrong_host_history,,roles_first,1,False,8103,,153,px081_evidence_acquisition/RESULTS.json,DataExfiltration,LateralMovement,17
PX081-0153,PX081,UNRAVELED,wrong_host_history,,roles_first,1,False,8103,,153,px081_evidence_acquisition/RESULTS.json,DataExfiltration,DataExfiltration,2325
PX081-0154,PX081,UNRAVELED,wrong_host_history,,history_first,1,False,8103,,154,px081_evidence_acquisition/RESULTS.json,Benign,Benign,192010
PX081-0154,PX081,UNRAVELED,wrong_host_history,,history_first,1,False,8103,,154,px081_evidence_acquisition/RESULTS.json,Benign,OtherAttackStage,3
PX081-0154,PX081,UNRAVELED,wrong_host_history,,history_first,1,False,8103,,154,px081_evidence_acquisition/RESULTS.json,Benign,LateralMovement,159
PX081-0154,PX081,UNRAVELED,wrong_host_history,,history_first,1,False,8103,,154,px081_evidence_acquisition/RESULTS.json,Benign,DataExfiltration,21
PX081-0154,PX081,UNRAVELED,wrong_host_history,,history_first,1,False,8103,,154,px081_evidence_acquisition/RESULTS.json,OtherAttackStage,Benign,39
PX081-0154,PX081,UNRAVELED,wrong_host_history,,history_first,1,False,8103,,154,px081_evidence_acquisition/RESULTS.json,OtherAttackStage,OtherAttackStage,12036
PX081-0154,PX081,UNRAVELED,wrong_host_history,,history_first,1,False,8103,,154,px081_evidence_acquisition/RESULTS.json,OtherAttackStage,LateralMovement,0
PX081-0154,PX081,UNRAVELED,wrong_host_history,,history_first,1,False,8103,,154,px081_evidence_acquisition/RESULTS.json,OtherAttackStage,DataExfiltration,349
PX081-0154,PX081,UNRAVELED,wrong_host_history,,history_first,1,False,8103,,154,px081_evidence_acquisition/RESULTS.json,LateralMovement,Benign,4
PX081-0154,PX081,UNRAVELED,wrong_host_history,,history_first,1,False,8103,,154,px081_evidence_acquisition/RESULTS.json,LateralMovement,OtherAttackStage,0
PX081-0154,PX081,UNRAVELED,wrong_host_history,,history_first,1,False,8103,,154,px081_evidence_acquisition/RESULTS.json,LateralMovement,LateralMovement,31
PX081-0154,PX081,UNRAVELED,wrong_host_history,,history_first,1,False,8103,,154,px081_evidence_acquisition/RESULTS.json,LateralMovement,DataExfiltration,0
PX081-0154,PX081,UNRAVELED,wrong_host_history,,history_first,1,False,8103,,154,px081_evidence_acquisition/RESULTS.json,DataExfiltration,Benign,1100
PX081-0154,PX081,UNRAVELED,wrong_host_history,,history_first,1,False,8103,,154,px081_evidence_acquisition/RESULTS.json,DataExfiltration,OtherAttackStage,0
PX081-0154,PX081,UNRAVELED,wrong_host_history,,history_first,1,False,8103,,154,px081_evidence_acquisition/RESULTS.json,DataExfiltration,LateralMovement,17
PX081-0154,PX081,UNRAVELED,wrong_host_history,,history_first,1,False,8103,,154,px081_evidence_acquisition/RESULTS.json,DataExfiltration,DataExfiltration,2325
PX081-0155,PX081,UNRAVELED,wrong_host_history,,random,1,False,8103,,155,px081_evidence_acquisition/RESULTS.json,Benign,Benign,192010
PX081-0155,PX081,UNRAVELED,wrong_host_history,,random,1,False,8103,,155,px081_evidence_acquisition/RESULTS.json,Benign,OtherAttackStage,3
PX081-0155,PX081,UNRAVELED,wrong_host_history,,random,1,False,8103,,155,px081_evidence_acquisition/RESULTS.json,Benign,LateralMovement,159
PX081-0155,PX081,UNRAVELED,wrong_host_history,,random,1,False,8103,,155,px081_evidence_acquisition/RESULTS.json,Benign,DataExfiltration,21
PX081-0155,PX081,UNRAVELED,wrong_host_history,,random,1,False,8103,,155,px081_evidence_acquisition/RESULTS.json,OtherAttackStage,Benign,39
PX081-0155,PX081,UNRAVELED,wrong_host_history,,random,1,False,8103,,155,px081_evidence_acquisition/RESULTS.json,OtherAttackStage,OtherAttackStage,12036
PX081-0155,PX081,UNRAVELED,wrong_host_history,,random,1,False,8103,,155,px081_evidence_acquisition/RESULTS.json,OtherAttackStage,LateralMovement,0
PX081-0155,PX081,UNRAVELED,wrong_host_history,,random,1,False,8103,,155,px081_evidence_acquisition/RESULTS.json,OtherAttackStage,DataExfiltration,349
PX081-0155,PX081,UNRAVELED,wrong_host_history,,random,1,False,8103,,155,px081_evidence_acquisition/RESULTS.json,LateralMovement,Benign,4
PX081-0155,PX081,UNRAVELED,wrong_host_history,,random,1,False,8103,,155,px081_evidence_acquisition/RESULTS.json,LateralMovement,OtherAttackStage,0
PX081-0155,PX081,UNRAVELED,wrong_host_history,,random,1,False,8103,,155,px081_evidence_acquisition/RESULTS.json,LateralMovement,LateralMovement,31
PX081-0155,PX081,UNRAVELED,wrong_host_history,,random,1,False,8103,,155,px081_evidence_acquisition/RESULTS.json,LateralMovement,DataExfiltration,0
PX081-0155,PX081,UNRAVELED,wrong_host_history,,random,1,False,8103,,155,px081_evidence_acquisition/RESULTS.json,DataExfiltration,Benign,1100
PX081-0155,PX081,UNRAVELED,wrong_host_history,,random,1,False,8103,,155,px081_evidence_acquisition/RESULTS.json,DataExfiltration,OtherAttackStage,0
PX081-0155,PX081,UNRAVELED,wrong_host_history,,random,1,False,8103,,155,px081_evidence_acquisition/RESULTS.json,DataExfiltration,LateralMovement,17
PX081-0155,PX081,UNRAVELED,wrong_host_history,,random,1,False,8103,,155,px081_evidence_acquisition/RESULTS.json,DataExfiltration,DataExfiltration,2325
PX081-0156,PX081,UNRAVELED,wrong_host_history,,entropy,1,False,8103,,156,px081_evidence_acquisition/RESULTS.json,Benign,Benign,192010
PX081-0156,PX081,UNRAVELED,wrong_host_history,,entropy,1,False,8103,,156,px081_evidence_acquisition/RESULTS.json,Benign,OtherAttackStage,3
PX081-0156,PX081,UNRAVELED,wrong_host_history,,entropy,1,False,8103,,156,px081_evidence_acquisition/RESULTS.json,Benign,LateralMovement,159
PX081-0156,PX081,UNRAVELED,wrong_host_history,,entropy,1,False,8103,,156,px081_evidence_acquisition/RESULTS.json,Benign,DataExfiltration,21
PX081-0156,PX081,UNRAVELED,wrong_host_history,,entropy,1,False,8103,,156,px081_evidence_acquisition/RESULTS.json,OtherAttackStage,Benign,39
PX081-0156,PX081,UNRAVELED,wrong_host_history,,entropy,1,False,8103,,156,px081_evidence_acquisition/RESULTS.json,OtherAttackStage,OtherAttackStage,12036
PX081-0156,PX081,UNRAVELED,wrong_host_history,,entropy,1,False,8103,,156,px081_evidence_acquisition/RESULTS.json,OtherAttackStage,LateralMovement,0
PX081-0156,PX081,UNRAVELED,wrong_host_history,,entropy,1,False,8103,,156,px081_evidence_acquisition/RESULTS.json,OtherAttackStage,DataExfiltration,349
PX081-0156,PX081,UNRAVELED,wrong_host_history,,entropy,1,False,8103,,156,px081_evidence_acquisition/RESULTS.json,LateralMovement,Benign,4
PX081-0156,PX081,UNRAVELED,wrong_host_history,,entropy,1,False,8103,,156,px081_evidence_acquisition/RESULTS.json,LateralMovement,OtherAttackStage,0
PX081-0156,PX081,UNRAVELED,wrong_host_history,,entropy,1,False,8103,,156,px081_evidence_acquisition/RESULTS.json,LateralMovement,LateralMovement,31
PX081-0156,PX081,UNRAVELED,wrong_host_history,,entropy,1,False,8103,,156,px081_evidence_acquisition/RESULTS.json,LateralMovement,DataExfiltration,0
PX081-0156,PX081,UNRAVELED,wrong_host_history,,entropy,1,False,8103,,156,px081_evidence_acquisition/RESULTS.json,DataExfiltration,Benign,1107
PX081-0156,PX081,UNRAVELED,wrong_host_history,,entropy,1,False,8103,,156,px081_evidence_acquisition/RESULTS.json,DataExfiltration,OtherAttackStage,0
PX081-0156,PX081,UNRAVELED,wrong_host_history,,entropy,1,False,8103,,156,px081_evidence_acquisition/RESULTS.json,DataExfiltration,LateralMovement,10
PX081-0156,PX081,UNRAVELED,wrong_host_history,,entropy,1,False,8103,,156,px081_evidence_acquisition/RESULTS.json,DataExfiltration,DataExfiltration,2325
PX081-0157,PX081,UNRAVELED,wrong_host_history,,harm,1,False,8103,,157,px081_evidence_acquisition/RESULTS.json,Benign,Benign,192026
PX081-0157,PX081,UNRAVELED,wrong_host_history,,harm,1,False,8103,,157,px081_evidence_acquisition/RESULTS.json,Benign,OtherAttackStage,1
PX081-0157,PX081,UNRAVELED,wrong_host_history,,harm,1,False,8103,,157,px081_evidence_acquisition/RESULTS.json,Benign,LateralMovement,143
PX081-0157,PX081,UNRAVELED,wrong_host_history,,harm,1,False,8103,,157,px081_evidence_acquisition/RESULTS.json,Benign,DataExfiltration,23
PX081-0157,PX081,UNRAVELED,wrong_host_history,,harm,1,False,8103,,157,px081_evidence_acquisition/RESULTS.json,OtherAttackStage,Benign,39
PX081-0157,PX081,UNRAVELED,wrong_host_history,,harm,1,False,8103,,157,px081_evidence_acquisition/RESULTS.json,OtherAttackStage,OtherAttackStage,12039
PX081-0157,PX081,UNRAVELED,wrong_host_history,,harm,1,False,8103,,157,px081_evidence_acquisition/RESULTS.json,OtherAttackStage,LateralMovement,0
PX081-0157,PX081,UNRAVELED,wrong_host_history,,harm,1,False,8103,,157,px081_evidence_acquisition/RESULTS.json,OtherAttackStage,DataExfiltration,346
PX081-0157,PX081,UNRAVELED,wrong_host_history,,harm,1,False,8103,,157,px081_evidence_acquisition/RESULTS.json,LateralMovement,Benign,8
PX081-0157,PX081,UNRAVELED,wrong_host_history,,harm,1,False,8103,,157,px081_evidence_acquisition/RESULTS.json,LateralMovement,OtherAttackStage,0
PX081-0157,PX081,UNRAVELED,wrong_host_history,,harm,1,False,8103,,157,px081_evidence_acquisition/RESULTS.json,LateralMovement,LateralMovement,27
PX081-0157,PX081,UNRAVELED,wrong_host_history,,harm,1,False,8103,,157,px081_evidence_acquisition/RESULTS.json,LateralMovement,DataExfiltration,0
PX081-0157,PX081,UNRAVELED,wrong_host_history,,harm,1,False,8103,,157,px081_evidence_acquisition/RESULTS.json,DataExfiltration,Benign,1107
PX081-0157,PX081,UNRAVELED,wrong_host_history,,harm,1,False,8103,,157,px081_evidence_acquisition/RESULTS.json,DataExfiltration,OtherAttackStage,0
PX081-0157,PX081,UNRAVELED,wrong_host_history,,harm,1,False,8103,,157,px081_evidence_acquisition/RESULTS.json,DataExfiltration,LateralMovement,10
PX081-0157,PX081,UNRAVELED,wrong_host_history,,harm,1,False,8103,,157,px081_evidence_acquisition/RESULTS.json,DataExfiltration,DataExfiltration,2325
PX081-0158,PX081,UNRAVELED,wrong_host_history,,none,2,False,8103,,158,px081_evidence_acquisition/RESULTS.json,Benign,Benign,192026
PX081-0158,PX081,UNRAVELED,wrong_host_history,,none,2,False,8103,,158,px081_evidence_acquisition/RESULTS.json,Benign,OtherAttackStage,0
PX081-0158,PX081,UNRAVELED,wrong_host_history,,none,2,False,8103,,158,px081_evidence_acquisition/RESULTS.json,Benign,LateralMovement,143
PX081-0158,PX081,UNRAVELED,wrong_host_history,,none,2,False,8103,,158,px081_evidence_acquisition/RESULTS.json,Benign,DataExfiltration,24
PX081-0158,PX081,UNRAVELED,wrong_host_history,,none,2,False,8103,,158,px081_evidence_acquisition/RESULTS.json,OtherAttackStage,Benign,38
PX081-0158,PX081,UNRAVELED,wrong_host_history,,none,2,False,8103,,158,px081_evidence_acquisition/RESULTS.json,OtherAttackStage,OtherAttackStage,12034
PX081-0158,PX081,UNRAVELED,wrong_host_history,,none,2,False,8103,,158,px081_evidence_acquisition/RESULTS.json,OtherAttackStage,LateralMovement,0
PX081-0158,PX081,UNRAVELED,wrong_host_history,,none,2,False,8103,,158,px081_evidence_acquisition/RESULTS.json,OtherAttackStage,DataExfiltration,352
PX081-0158,PX081,UNRAVELED,wrong_host_history,,none,2,False,8103,,158,px081_evidence_acquisition/RESULTS.json,LateralMovement,Benign,8
PX081-0158,PX081,UNRAVELED,wrong_host_history,,none,2,False,8103,,158,px081_evidence_acquisition/RESULTS.json,LateralMovement,OtherAttackStage,0
PX081-0158,PX081,UNRAVELED,wrong_host_history,,none,2,False,8103,,158,px081_evidence_acquisition/RESULTS.json,LateralMovement,LateralMovement,27
PX081-0158,PX081,UNRAVELED,wrong_host_history,,none,2,False,8103,,158,px081_evidence_acquisition/RESULTS.json,LateralMovement,DataExfiltration,0
PX081-0158,PX081,UNRAVELED,wrong_host_history,,none,2,False,8103,,158,px081_evidence_acquisition/RESULTS.json,DataExfiltration,Benign,1117
PX081-0158,PX081,UNRAVELED,wrong_host_history,,none,2,False,8103,,158,px081_evidence_acquisition/RESULTS.json,DataExfiltration,OtherAttackStage,0
PX081-0158,PX081,UNRAVELED,wrong_host_history,,none,2,False,8103,,158,px081_evidence_acquisition/RESULTS.json,DataExfiltration,LateralMovement,0
PX081-0158,PX081,UNRAVELED,wrong_host_history,,none,2,False,8103,,158,px081_evidence_acquisition/RESULTS.json,DataExfiltration,DataExfiltration,2325
PX081-0159,PX081,UNRAVELED,wrong_host_history,,roles_first,2,False,8103,,159,px081_evidence_acquisition/RESULTS.json,Benign,Benign,192010
PX081-0159,PX081,UNRAVELED,wrong_host_history,,roles_first,2,False,8103,,159,px081_evidence_acquisition/RESULTS.json,Benign,OtherAttackStage,3
PX081-0159,PX081,UNRAVELED,wrong_host_history,,roles_first,2,False,8103,,159,px081_evidence_acquisition/RESULTS.json,Benign,LateralMovement,159
PX081-0159,PX081,UNRAVELED,wrong_host_history,,roles_first,2,False,8103,,159,px081_evidence_acquisition/RESULTS.json,Benign,DataExfiltration,21
PX081-0159,PX081,UNRAVELED,wrong_host_history,,roles_first,2,False,8103,,159,px081_evidence_acquisition/RESULTS.json,OtherAttackStage,Benign,39
PX081-0159,PX081,UNRAVELED,wrong_host_history,,roles_first,2,False,8103,,159,px081_evidence_acquisition/RESULTS.json,OtherAttackStage,OtherAttackStage,12036
PX081-0159,PX081,UNRAVELED,wrong_host_history,,roles_first,2,False,8103,,159,px081_evidence_acquisition/RESULTS.json,OtherAttackStage,LateralMovement,0
PX081-0159,PX081,UNRAVELED,wrong_host_history,,roles_first,2,False,8103,,159,px081_evidence_acquisition/RESULTS.json,OtherAttackStage,DataExfiltration,349
PX081-0159,PX081,UNRAVELED,wrong_host_history,,roles_first,2,False,8103,,159,px081_evidence_acquisition/RESULTS.json,LateralMovement,Benign,4
PX081-0159,PX081,UNRAVELED,wrong_host_history,,roles_first,2,False,8103,,159,px081_evidence_acquisition/RESULTS.json,LateralMovement,OtherAttackStage,0
PX081-0159,PX081,UNRAVELED,wrong_host_history,,roles_first,2,False,8103,,159,px081_evidence_acquisition/RESULTS.json,LateralMovement,LateralMovement,31
PX081-0159,PX081,UNRAVELED,wrong_host_history,,roles_first,2,False,8103,,159,px081_evidence_acquisition/RESULTS.json,LateralMovement,DataExfiltration,0
PX081-0159,PX081,UNRAVELED,wrong_host_history,,roles_first,2,False,8103,,159,px081_evidence_acquisition/RESULTS.json,DataExfiltration,Benign,1100
PX081-0159,PX081,UNRAVELED,wrong_host_history,,roles_first,2,False,8103,,159,px081_evidence_acquisition/RESULTS.json,DataExfiltration,OtherAttackStage,0
PX081-0159,PX081,UNRAVELED,wrong_host_history,,roles_first,2,False,8103,,159,px081_evidence_acquisition/RESULTS.json,DataExfiltration,LateralMovement,17
PX081-0159,PX081,UNRAVELED,wrong_host_history,,roles_first,2,False,8103,,159,px081_evidence_acquisition/RESULTS.json,DataExfiltration,DataExfiltration,2325
PX081-0160,PX081,UNRAVELED,wrong_host_history,,history_first,2,False,8103,,160,px081_evidence_acquisition/RESULTS.json,Benign,Benign,192193
PX081-0160,PX081,UNRAVELED,wrong_host_history,,history_first,2,False,8103,,160,px081_evidence_acquisition/RESULTS.json,Benign,OtherAttackStage,0
PX081-0160,PX081,UNRAVELED,wrong_host_history,,history_first,2,False,8103,,160,px081_evidence_acquisition/RESULTS.json,Benign,LateralMovement,0
PX081-0160,PX081,UNRAVELED,wrong_host_history,,history_first,2,False,8103,,160,px081_evidence_acquisition/RESULTS.json,Benign,DataExfiltration,0
PX081-0160,PX081,UNRAVELED,wrong_host_history,,history_first,2,False,8103,,160,px081_evidence_acquisition/RESULTS.json,OtherAttackStage,Benign,12058
PX081-0160,PX081,UNRAVELED,wrong_host_history,,history_first,2,False,8103,,160,px081_evidence_acquisition/RESULTS.json,OtherAttackStage,OtherAttackStage,132
PX081-0160,PX081,UNRAVELED,wrong_host_history,,history_first,2,False,8103,,160,px081_evidence_acquisition/RESULTS.json,OtherAttackStage,LateralMovement,0
PX081-0160,PX081,UNRAVELED,wrong_host_history,,history_first,2,False,8103,,160,px081_evidence_acquisition/RESULTS.json,OtherAttackStage,DataExfiltration,234
PX081-0160,PX081,UNRAVELED,wrong_host_history,,history_first,2,False,8103,,160,px081_evidence_acquisition/RESULTS.json,LateralMovement,Benign,35
PX081-0160,PX081,UNRAVELED,wrong_host_history,,history_first,2,False,8103,,160,px081_evidence_acquisition/RESULTS.json,LateralMovement,OtherAttackStage,0
PX081-0160,PX081,UNRAVELED,wrong_host_history,,history_first,2,False,8103,,160,px081_evidence_acquisition/RESULTS.json,LateralMovement,LateralMovement,0
PX081-0160,PX081,UNRAVELED,wrong_host_history,,history_first,2,False,8103,,160,px081_evidence_acquisition/RESULTS.json,LateralMovement,DataExfiltration,0
PX081-0160,PX081,UNRAVELED,wrong_host_history,,history_first,2,False,8103,,160,px081_evidence_acquisition/RESULTS.json,DataExfiltration,Benign,1139
PX081-0160,PX081,UNRAVELED,wrong_host_history,,history_first,2,False,8103,,160,px081_evidence_acquisition/RESULTS.json,DataExfiltration,OtherAttackStage,0
PX081-0160,PX081,UNRAVELED,wrong_host_history,,history_first,2,False,8103,,160,px081_evidence_acquisition/RESULTS.json,DataExfiltration,LateralMovement,0
PX081-0160,PX081,UNRAVELED,wrong_host_history,,history_first,2,False,8103,,160,px081_evidence_acquisition/RESULTS.json,DataExfiltration,DataExfiltration,2303
PX081-0161,PX081,UNRAVELED,wrong_host_history,,random,2,False,8103,,161,px081_evidence_acquisition/RESULTS.json,Benign,Benign,192092
PX081-0161,PX081,UNRAVELED,wrong_host_history,,random,2,False,8103,,161,px081_evidence_acquisition/RESULTS.json,Benign,OtherAttackStage,2
PX081-0161,PX081,UNRAVELED,wrong_host_history,,random,2,False,8103,,161,px081_evidence_acquisition/RESULTS.json,Benign,LateralMovement,86
PX081-0161,PX081,UNRAVELED,wrong_host_history,,random,2,False,8103,,161,px081_evidence_acquisition/RESULTS.json,Benign,DataExfiltration,13
PX081-0161,PX081,UNRAVELED,wrong_host_history,,random,2,False,8103,,161,px081_evidence_acquisition/RESULTS.json,OtherAttackStage,Benign,6037
PX081-0161,PX081,UNRAVELED,wrong_host_history,,random,2,False,8103,,161,px081_evidence_acquisition/RESULTS.json,OtherAttackStage,OtherAttackStage,6097
PX081-0161,PX081,UNRAVELED,wrong_host_history,,random,2,False,8103,,161,px081_evidence_acquisition/RESULTS.json,OtherAttackStage,LateralMovement,0
PX081-0161,PX081,UNRAVELED,wrong_host_history,,random,2,False,8103,,161,px081_evidence_acquisition/RESULTS.json,OtherAttackStage,DataExfiltration,290
PX081-0161,PX081,UNRAVELED,wrong_host_history,,random,2,False,8103,,161,px081_evidence_acquisition/RESULTS.json,LateralMovement,Benign,19
PX081-0161,PX081,UNRAVELED,wrong_host_history,,random,2,False,8103,,161,px081_evidence_acquisition/RESULTS.json,LateralMovement,OtherAttackStage,0
PX081-0161,PX081,UNRAVELED,wrong_host_history,,random,2,False,8103,,161,px081_evidence_acquisition/RESULTS.json,LateralMovement,LateralMovement,16
PX081-0161,PX081,UNRAVELED,wrong_host_history,,random,2,False,8103,,161,px081_evidence_acquisition/RESULTS.json,LateralMovement,DataExfiltration,0
PX081-0161,PX081,UNRAVELED,wrong_host_history,,random,2,False,8103,,161,px081_evidence_acquisition/RESULTS.json,DataExfiltration,Benign,1117
PX081-0161,PX081,UNRAVELED,wrong_host_history,,random,2,False,8103,,161,px081_evidence_acquisition/RESULTS.json,DataExfiltration,OtherAttackStage,0
PX081-0161,PX081,UNRAVELED,wrong_host_history,,random,2,False,8103,,161,px081_evidence_acquisition/RESULTS.json,DataExfiltration,LateralMovement,8
PX081-0161,PX081,UNRAVELED,wrong_host_history,,random,2,False,8103,,161,px081_evidence_acquisition/RESULTS.json,DataExfiltration,DataExfiltration,2317
PX081-0162,PX081,UNRAVELED,wrong_host_history,,entropy,2,False,8103,,162,px081_evidence_acquisition/RESULTS.json,Benign,Benign,192144
PX081-0162,PX081,UNRAVELED,wrong_host_history,,entropy,2,False,8103,,162,px081_evidence_acquisition/RESULTS.json,Benign,OtherAttackStage,0
PX081-0162,PX081,UNRAVELED,wrong_host_history,,entropy,2,False,8103,,162,px081_evidence_acquisition/RESULTS.json,Benign,LateralMovement,49
PX081-0162,PX081,UNRAVELED,wrong_host_history,,entropy,2,False,8103,,162,px081_evidence_acquisition/RESULTS.json,Benign,DataExfiltration,0
PX081-0162,PX081,UNRAVELED,wrong_host_history,,entropy,2,False,8103,,162,px081_evidence_acquisition/RESULTS.json,OtherAttackStage,Benign,12036
PX081-0162,PX081,UNRAVELED,wrong_host_history,,entropy,2,False,8103,,162,px081_evidence_acquisition/RESULTS.json,OtherAttackStage,OtherAttackStage,133
PX081-0162,PX081,UNRAVELED,wrong_host_history,,entropy,2,False,8103,,162,px081_evidence_acquisition/RESULTS.json,OtherAttackStage,LateralMovement,0
PX081-0162,PX081,UNRAVELED,wrong_host_history,,entropy,2,False,8103,,162,px081_evidence_acquisition/RESULTS.json,OtherAttackStage,DataExfiltration,255
PX081-0162,PX081,UNRAVELED,wrong_host_history,,entropy,2,False,8103,,162,px081_evidence_acquisition/RESULTS.json,LateralMovement,Benign,25
PX081-0162,PX081,UNRAVELED,wrong_host_history,,entropy,2,False,8103,,162,px081_evidence_acquisition/RESULTS.json,LateralMovement,OtherAttackStage,0
PX081-0162,PX081,UNRAVELED,wrong_host_history,,entropy,2,False,8103,,162,px081_evidence_acquisition/RESULTS.json,LateralMovement,LateralMovement,10
PX081-0162,PX081,UNRAVELED,wrong_host_history,,entropy,2,False,8103,,162,px081_evidence_acquisition/RESULTS.json,LateralMovement,DataExfiltration,0
PX081-0162,PX081,UNRAVELED,wrong_host_history,,entropy,2,False,8103,,162,px081_evidence_acquisition/RESULTS.json,DataExfiltration,Benign,1130
PX081-0162,PX081,UNRAVELED,wrong_host_history,,entropy,2,False,8103,,162,px081_evidence_acquisition/RESULTS.json,DataExfiltration,OtherAttackStage,0
PX081-0162,PX081,UNRAVELED,wrong_host_history,,entropy,2,False,8103,,162,px081_evidence_acquisition/RESULTS.json,DataExfiltration,LateralMovement,1
PX081-0162,PX081,UNRAVELED,wrong_host_history,,entropy,2,False,8103,,162,px081_evidence_acquisition/RESULTS.json,DataExfiltration,DataExfiltration,2311
PX081-0163,PX081,UNRAVELED,wrong_host_history,,harm,2,False,8103,,163,px081_evidence_acquisition/RESULTS.json,Benign,Benign,192144
PX081-0163,PX081,UNRAVELED,wrong_host_history,,harm,2,False,8103,,163,px081_evidence_acquisition/RESULTS.json,Benign,OtherAttackStage,1
PX081-0163,PX081,UNRAVELED,wrong_host_history,,harm,2,False,8103,,163,px081_evidence_acquisition/RESULTS.json,Benign,LateralMovement,47
PX081-0163,PX081,UNRAVELED,wrong_host_history,,harm,2,False,8103,,163,px081_evidence_acquisition/RESULTS.json,Benign,DataExfiltration,1
PX081-0163,PX081,UNRAVELED,wrong_host_history,,harm,2,False,8103,,163,px081_evidence_acquisition/RESULTS.json,OtherAttackStage,Benign,377
PX081-0163,PX081,UNRAVELED,wrong_host_history,,harm,2,False,8103,,163,px081_evidence_acquisition/RESULTS.json,OtherAttackStage,OtherAttackStage,11786
PX081-0163,PX081,UNRAVELED,wrong_host_history,,harm,2,False,8103,,163,px081_evidence_acquisition/RESULTS.json,OtherAttackStage,LateralMovement,0
PX081-0163,PX081,UNRAVELED,wrong_host_history,,harm,2,False,8103,,163,px081_evidence_acquisition/RESULTS.json,OtherAttackStage,DataExfiltration,261
PX081-0163,PX081,UNRAVELED,wrong_host_history,,harm,2,False,8103,,163,px081_evidence_acquisition/RESULTS.json,LateralMovement,Benign,27
PX081-0163,PX081,UNRAVELED,wrong_host_history,,harm,2,False,8103,,163,px081_evidence_acquisition/RESULTS.json,LateralMovement,OtherAttackStage,0
PX081-0163,PX081,UNRAVELED,wrong_host_history,,harm,2,False,8103,,163,px081_evidence_acquisition/RESULTS.json,LateralMovement,LateralMovement,8
PX081-0163,PX081,UNRAVELED,wrong_host_history,,harm,2,False,8103,,163,px081_evidence_acquisition/RESULTS.json,LateralMovement,DataExfiltration,0
PX081-0163,PX081,UNRAVELED,wrong_host_history,,harm,2,False,8103,,163,px081_evidence_acquisition/RESULTS.json,DataExfiltration,Benign,1131
PX081-0163,PX081,UNRAVELED,wrong_host_history,,harm,2,False,8103,,163,px081_evidence_acquisition/RESULTS.json,DataExfiltration,OtherAttackStage,0
PX081-0163,PX081,UNRAVELED,wrong_host_history,,harm,2,False,8103,,163,px081_evidence_acquisition/RESULTS.json,DataExfiltration,LateralMovement,1
PX081-0163,PX081,UNRAVELED,wrong_host_history,,harm,2,False,8103,,163,px081_evidence_acquisition/RESULTS.json,DataExfiltration,DataExfiltration,2310
PX081-0164,PX081,UNRAVELED,wrong_host_history,,none,3,False,8103,,164,px081_evidence_acquisition/RESULTS.json,Benign,Benign,192026
PX081-0164,PX081,UNRAVELED,wrong_host_history,,none,3,False,8103,,164,px081_evidence_acquisition/RESULTS.json,Benign,OtherAttackStage,0
PX081-0164,PX081,UNRAVELED,wrong_host_history,,none,3,False,8103,,164,px081_evidence_acquisition/RESULTS.json,Benign,LateralMovement,143
PX081-0164,PX081,UNRAVELED,wrong_host_history,,none,3,False,8103,,164,px081_evidence_acquisition/RESULTS.json,Benign,DataExfiltration,24
PX081-0164,PX081,UNRAVELED,wrong_host_history,,none,3,False,8103,,164,px081_evidence_acquisition/RESULTS.json,OtherAttackStage,Benign,38
PX081-0164,PX081,UNRAVELED,wrong_host_history,,none,3,False,8103,,164,px081_evidence_acquisition/RESULTS.json,OtherAttackStage,OtherAttackStage,12034
PX081-0164,PX081,UNRAVELED,wrong_host_history,,none,3,False,8103,,164,px081_evidence_acquisition/RESULTS.json,OtherAttackStage,LateralMovement,0
PX081-0164,PX081,UNRAVELED,wrong_host_history,,none,3,False,8103,,164,px081_evidence_acquisition/RESULTS.json,OtherAttackStage,DataExfiltration,352
PX081-0164,PX081,UNRAVELED,wrong_host_history,,none,3,False,8103,,164,px081_evidence_acquisition/RESULTS.json,LateralMovement,Benign,8
PX081-0164,PX081,UNRAVELED,wrong_host_history,,none,3,False,8103,,164,px081_evidence_acquisition/RESULTS.json,LateralMovement,OtherAttackStage,0
PX081-0164,PX081,UNRAVELED,wrong_host_history,,none,3,False,8103,,164,px081_evidence_acquisition/RESULTS.json,LateralMovement,LateralMovement,27
PX081-0164,PX081,UNRAVELED,wrong_host_history,,none,3,False,8103,,164,px081_evidence_acquisition/RESULTS.json,LateralMovement,DataExfiltration,0
PX081-0164,PX081,UNRAVELED,wrong_host_history,,none,3,False,8103,,164,px081_evidence_acquisition/RESULTS.json,DataExfiltration,Benign,1117
PX081-0164,PX081,UNRAVELED,wrong_host_history,,none,3,False,8103,,164,px081_evidence_acquisition/RESULTS.json,DataExfiltration,OtherAttackStage,0
PX081-0164,PX081,UNRAVELED,wrong_host_history,,none,3,False,8103,,164,px081_evidence_acquisition/RESULTS.json,DataExfiltration,LateralMovement,0
PX081-0164,PX081,UNRAVELED,wrong_host_history,,none,3,False,8103,,164,px081_evidence_acquisition/RESULTS.json,DataExfiltration,DataExfiltration,2325
PX081-0165,PX081,UNRAVELED,wrong_host_history,,roles_first,3,False,8103,,165,px081_evidence_acquisition/RESULTS.json,Benign,Benign,192163
PX081-0165,PX081,UNRAVELED,wrong_host_history,,roles_first,3,False,8103,,165,px081_evidence_acquisition/RESULTS.json,Benign,OtherAttackStage,0
PX081-0165,PX081,UNRAVELED,wrong_host_history,,roles_first,3,False,8103,,165,px081_evidence_acquisition/RESULTS.json,Benign,LateralMovement,30
PX081-0165,PX081,UNRAVELED,wrong_host_history,,roles_first,3,False,8103,,165,px081_evidence_acquisition/RESULTS.json,Benign,DataExfiltration,0
PX081-0165,PX081,UNRAVELED,wrong_host_history,,roles_first,3,False,8103,,165,px081_evidence_acquisition/RESULTS.json,OtherAttackStage,Benign,702
PX081-0165,PX081,UNRAVELED,wrong_host_history,,roles_first,3,False,8103,,165,px081_evidence_acquisition/RESULTS.json,OtherAttackStage,OtherAttackStage,11486
PX081-0165,PX081,UNRAVELED,wrong_host_history,,roles_first,3,False,8103,,165,px081_evidence_acquisition/RESULTS.json,OtherAttackStage,LateralMovement,0
PX081-0165,PX081,UNRAVELED,wrong_host_history,,roles_first,3,False,8103,,165,px081_evidence_acquisition/RESULTS.json,OtherAttackStage,DataExfiltration,236
PX081-0165,PX081,UNRAVELED,wrong_host_history,,roles_first,3,False,8103,,165,px081_evidence_acquisition/RESULTS.json,LateralMovement,Benign,31
PX081-0165,PX081,UNRAVELED,wrong_host_history,,roles_first,3,False,8103,,165,px081_evidence_acquisition/RESULTS.json,LateralMovement,OtherAttackStage,0
PX081-0165,PX081,UNRAVELED,wrong_host_history,,roles_first,3,False,8103,,165,px081_evidence_acquisition/RESULTS.json,LateralMovement,LateralMovement,4
PX081-0165,PX081,UNRAVELED,wrong_host_history,,roles_first,3,False,8103,,165,px081_evidence_acquisition/RESULTS.json,LateralMovement,DataExfiltration,0
PX081-0165,PX081,UNRAVELED,wrong_host_history,,roles_first,3,False,8103,,165,px081_evidence_acquisition/RESULTS.json,DataExfiltration,Benign,1134
PX081-0165,PX081,UNRAVELED,wrong_host_history,,roles_first,3,False,8103,,165,px081_evidence_acquisition/RESULTS.json,DataExfiltration,OtherAttackStage,0
PX081-0165,PX081,UNRAVELED,wrong_host_history,,roles_first,3,False,8103,,165,px081_evidence_acquisition/RESULTS.json,DataExfiltration,LateralMovement,3
PX081-0165,PX081,UNRAVELED,wrong_host_history,,roles_first,3,False,8103,,165,px081_evidence_acquisition/RESULTS.json,DataExfiltration,DataExfiltration,2305
PX081-0166,PX081,UNRAVELED,wrong_host_history,,history_first,3,False,8103,,166,px081_evidence_acquisition/RESULTS.json,Benign,Benign,192163
PX081-0166,PX081,UNRAVELED,wrong_host_history,,history_first,3,False,8103,,166,px081_evidence_acquisition/RESULTS.json,Benign,OtherAttackStage,0
PX081-0166,PX081,UNRAVELED,wrong_host_history,,history_first,3,False,8103,,166,px081_evidence_acquisition/RESULTS.json,Benign,LateralMovement,30
PX081-0166,PX081,UNRAVELED,wrong_host_history,,history_first,3,False,8103,,166,px081_evidence_acquisition/RESULTS.json,Benign,DataExfiltration,0
PX081-0166,PX081,UNRAVELED,wrong_host_history,,history_first,3,False,8103,,166,px081_evidence_acquisition/RESULTS.json,OtherAttackStage,Benign,702
PX081-0166,PX081,UNRAVELED,wrong_host_history,,history_first,3,False,8103,,166,px081_evidence_acquisition/RESULTS.json,OtherAttackStage,OtherAttackStage,11486
PX081-0166,PX081,UNRAVELED,wrong_host_history,,history_first,3,False,8103,,166,px081_evidence_acquisition/RESULTS.json,OtherAttackStage,LateralMovement,0
PX081-0166,PX081,UNRAVELED,wrong_host_history,,history_first,3,False,8103,,166,px081_evidence_acquisition/RESULTS.json,OtherAttackStage,DataExfiltration,236
PX081-0166,PX081,UNRAVELED,wrong_host_history,,history_first,3,False,8103,,166,px081_evidence_acquisition/RESULTS.json,LateralMovement,Benign,31
PX081-0166,PX081,UNRAVELED,wrong_host_history,,history_first,3,False,8103,,166,px081_evidence_acquisition/RESULTS.json,LateralMovement,OtherAttackStage,0
PX081-0166,PX081,UNRAVELED,wrong_host_history,,history_first,3,False,8103,,166,px081_evidence_acquisition/RESULTS.json,LateralMovement,LateralMovement,4
PX081-0166,PX081,UNRAVELED,wrong_host_history,,history_first,3,False,8103,,166,px081_evidence_acquisition/RESULTS.json,LateralMovement,DataExfiltration,0
PX081-0166,PX081,UNRAVELED,wrong_host_history,,history_first,3,False,8103,,166,px081_evidence_acquisition/RESULTS.json,DataExfiltration,Benign,1134
PX081-0166,PX081,UNRAVELED,wrong_host_history,,history_first,3,False,8103,,166,px081_evidence_acquisition/RESULTS.json,DataExfiltration,OtherAttackStage,0
PX081-0166,PX081,UNRAVELED,wrong_host_history,,history_first,3,False,8103,,166,px081_evidence_acquisition/RESULTS.json,DataExfiltration,LateralMovement,3
PX081-0166,PX081,UNRAVELED,wrong_host_history,,history_first,3,False,8103,,166,px081_evidence_acquisition/RESULTS.json,DataExfiltration,DataExfiltration,2305
PX081-0167,PX081,UNRAVELED,wrong_host_history,,random,3,False,8103,,167,px081_evidence_acquisition/RESULTS.json,Benign,Benign,192163
PX081-0167,PX081,UNRAVELED,wrong_host_history,,random,3,False,8103,,167,px081_evidence_acquisition/RESULTS.json,Benign,OtherAttackStage,0
PX081-0167,PX081,UNRAVELED,wrong_host_history,,random,3,False,8103,,167,px081_evidence_acquisition/RESULTS.json,Benign,LateralMovement,30
PX081-0167,PX081,UNRAVELED,wrong_host_history,,random,3,False,8103,,167,px081_evidence_acquisition/RESULTS.json,Benign,DataExfiltration,0
PX081-0167,PX081,UNRAVELED,wrong_host_history,,random,3,False,8103,,167,px081_evidence_acquisition/RESULTS.json,OtherAttackStage,Benign,702
PX081-0167,PX081,UNRAVELED,wrong_host_history,,random,3,False,8103,,167,px081_evidence_acquisition/RESULTS.json,OtherAttackStage,OtherAttackStage,11486
PX081-0167,PX081,UNRAVELED,wrong_host_history,,random,3,False,8103,,167,px081_evidence_acquisition/RESULTS.json,OtherAttackStage,LateralMovement,0
PX081-0167,PX081,UNRAVELED,wrong_host_history,,random,3,False,8103,,167,px081_evidence_acquisition/RESULTS.json,OtherAttackStage,DataExfiltration,236
PX081-0167,PX081,UNRAVELED,wrong_host_history,,random,3,False,8103,,167,px081_evidence_acquisition/RESULTS.json,LateralMovement,Benign,31
PX081-0167,PX081,UNRAVELED,wrong_host_history,,random,3,False,8103,,167,px081_evidence_acquisition/RESULTS.json,LateralMovement,OtherAttackStage,0
PX081-0167,PX081,UNRAVELED,wrong_host_history,,random,3,False,8103,,167,px081_evidence_acquisition/RESULTS.json,LateralMovement,LateralMovement,4
PX081-0167,PX081,UNRAVELED,wrong_host_history,,random,3,False,8103,,167,px081_evidence_acquisition/RESULTS.json,LateralMovement,DataExfiltration,0
PX081-0167,PX081,UNRAVELED,wrong_host_history,,random,3,False,8103,,167,px081_evidence_acquisition/RESULTS.json,DataExfiltration,Benign,1134
PX081-0167,PX081,UNRAVELED,wrong_host_history,,random,3,False,8103,,167,px081_evidence_acquisition/RESULTS.json,DataExfiltration,OtherAttackStage,0
PX081-0167,PX081,UNRAVELED,wrong_host_history,,random,3,False,8103,,167,px081_evidence_acquisition/RESULTS.json,DataExfiltration,LateralMovement,3
PX081-0167,PX081,UNRAVELED,wrong_host_history,,random,3,False,8103,,167,px081_evidence_acquisition/RESULTS.json,DataExfiltration,DataExfiltration,2305
PX081-0168,PX081,UNRAVELED,wrong_host_history,,entropy,3,False,8103,,168,px081_evidence_acquisition/RESULTS.json,Benign,Benign,192163
PX081-0168,PX081,UNRAVELED,wrong_host_history,,entropy,3,False,8103,,168,px081_evidence_acquisition/RESULTS.json,Benign,OtherAttackStage,0
PX081-0168,PX081,UNRAVELED,wrong_host_history,,entropy,3,False,8103,,168,px081_evidence_acquisition/RESULTS.json,Benign,LateralMovement,30
PX081-0168,PX081,UNRAVELED,wrong_host_history,,entropy,3,False,8103,,168,px081_evidence_acquisition/RESULTS.json,Benign,DataExfiltration,0
PX081-0168,PX081,UNRAVELED,wrong_host_history,,entropy,3,False,8103,,168,px081_evidence_acquisition/RESULTS.json,OtherAttackStage,Benign,681
PX081-0168,PX081,UNRAVELED,wrong_host_history,,entropy,3,False,8103,,168,px081_evidence_acquisition/RESULTS.json,OtherAttackStage,OtherAttackStage,11486
PX081-0168,PX081,UNRAVELED,wrong_host_history,,entropy,3,False,8103,,168,px081_evidence_acquisition/RESULTS.json,OtherAttackStage,LateralMovement,0
PX081-0168,PX081,UNRAVELED,wrong_host_history,,entropy,3,False,8103,,168,px081_evidence_acquisition/RESULTS.json,OtherAttackStage,DataExfiltration,257
PX081-0168,PX081,UNRAVELED,wrong_host_history,,entropy,3,False,8103,,168,px081_evidence_acquisition/RESULTS.json,LateralMovement,Benign,31
PX081-0168,PX081,UNRAVELED,wrong_host_history,,entropy,3,False,8103,,168,px081_evidence_acquisition/RESULTS.json,LateralMovement,OtherAttackStage,0
PX081-0168,PX081,UNRAVELED,wrong_host_history,,entropy,3,False,8103,,168,px081_evidence_acquisition/RESULTS.json,LateralMovement,LateralMovement,4
PX081-0168,PX081,UNRAVELED,wrong_host_history,,entropy,3,False,8103,,168,px081_evidence_acquisition/RESULTS.json,LateralMovement,DataExfiltration,0
PX081-0168,PX081,UNRAVELED,wrong_host_history,,entropy,3,False,8103,,168,px081_evidence_acquisition/RESULTS.json,DataExfiltration,Benign,1128
PX081-0168,PX081,UNRAVELED,wrong_host_history,,entropy,3,False,8103,,168,px081_evidence_acquisition/RESULTS.json,DataExfiltration,OtherAttackStage,0
PX081-0168,PX081,UNRAVELED,wrong_host_history,,entropy,3,False,8103,,168,px081_evidence_acquisition/RESULTS.json,DataExfiltration,LateralMovement,3
PX081-0168,PX081,UNRAVELED,wrong_host_history,,entropy,3,False,8103,,168,px081_evidence_acquisition/RESULTS.json,DataExfiltration,DataExfiltration,2311
PX081-0169,PX081,UNRAVELED,wrong_host_history,,harm,3,False,8103,,169,px081_evidence_acquisition/RESULTS.json,Benign,Benign,192164
PX081-0169,PX081,UNRAVELED,wrong_host_history,,harm,3,False,8103,,169,px081_evidence_acquisition/RESULTS.json,Benign,OtherAttackStage,0
PX081-0169,PX081,UNRAVELED,wrong_host_history,,harm,3,False,8103,,169,px081_evidence_acquisition/RESULTS.json,Benign,LateralMovement,28
PX081-0169,PX081,UNRAVELED,wrong_host_history,,harm,3,False,8103,,169,px081_evidence_acquisition/RESULTS.json,Benign,DataExfiltration,1
PX081-0169,PX081,UNRAVELED,wrong_host_history,,harm,3,False,8103,,169,px081_evidence_acquisition/RESULTS.json,OtherAttackStage,Benign,410
PX081-0169,PX081,UNRAVELED,wrong_host_history,,harm,3,False,8103,,169,px081_evidence_acquisition/RESULTS.json,OtherAttackStage,OtherAttackStage,11759
PX081-0169,PX081,UNRAVELED,wrong_host_history,,harm,3,False,8103,,169,px081_evidence_acquisition/RESULTS.json,OtherAttackStage,LateralMovement,0
PX081-0169,PX081,UNRAVELED,wrong_host_history,,harm,3,False,8103,,169,px081_evidence_acquisition/RESULTS.json,OtherAttackStage,DataExfiltration,255
PX081-0169,PX081,UNRAVELED,wrong_host_history,,harm,3,False,8103,,169,px081_evidence_acquisition/RESULTS.json,LateralMovement,Benign,31
PX081-0169,PX081,UNRAVELED,wrong_host_history,,harm,3,False,8103,,169,px081_evidence_acquisition/RESULTS.json,LateralMovement,OtherAttackStage,0
PX081-0169,PX081,UNRAVELED,wrong_host_history,,harm,3,False,8103,,169,px081_evidence_acquisition/RESULTS.json,LateralMovement,LateralMovement,4
PX081-0169,PX081,UNRAVELED,wrong_host_history,,harm,3,False,8103,,169,px081_evidence_acquisition/RESULTS.json,LateralMovement,DataExfiltration,0
PX081-0169,PX081,UNRAVELED,wrong_host_history,,harm,3,False,8103,,169,px081_evidence_acquisition/RESULTS.json,DataExfiltration,Benign,1135
PX081-0169,PX081,UNRAVELED,wrong_host_history,,harm,3,False,8103,,169,px081_evidence_acquisition/RESULTS.json,DataExfiltration,OtherAttackStage,0
PX081-0169,PX081,UNRAVELED,wrong_host_history,,harm,3,False,8103,,169,px081_evidence_acquisition/RESULTS.json,DataExfiltration,LateralMovement,0
PX081-0169,PX081,UNRAVELED,wrong_host_history,,harm,3,False,8103,,169,px081_evidence_acquisition/RESULTS.json,DataExfiltration,DataExfiltration,2307
PX081-0170,PX081,UNRAVELED,wrong_host_history,,full_context_reference,,True,8103,,170,px081_evidence_acquisition/RESULTS.json,Benign,Benign,192163
PX081-0170,PX081,UNRAVELED,wrong_host_history,,full_context_reference,,True,8103,,170,px081_evidence_acquisition/RESULTS.json,Benign,OtherAttackStage,0
PX081-0170,PX081,UNRAVELED,wrong_host_history,,full_context_reference,,True,8103,,170,px081_evidence_acquisition/RESULTS.json,Benign,LateralMovement,30
PX081-0170,PX081,UNRAVELED,wrong_host_history,,full_context_reference,,True,8103,,170,px081_evidence_acquisition/RESULTS.json,Benign,DataExfiltration,0
PX081-0170,PX081,UNRAVELED,wrong_host_history,,full_context_reference,,True,8103,,170,px081_evidence_acquisition/RESULTS.json,OtherAttackStage,Benign,702
PX081-0170,PX081,UNRAVELED,wrong_host_history,,full_context_reference,,True,8103,,170,px081_evidence_acquisition/RESULTS.json,OtherAttackStage,OtherAttackStage,11486
PX081-0170,PX081,UNRAVELED,wrong_host_history,,full_context_reference,,True,8103,,170,px081_evidence_acquisition/RESULTS.json,OtherAttackStage,LateralMovement,0
PX081-0170,PX081,UNRAVELED,wrong_host_history,,full_context_reference,,True,8103,,170,px081_evidence_acquisition/RESULTS.json,OtherAttackStage,DataExfiltration,236
PX081-0170,PX081,UNRAVELED,wrong_host_history,,full_context_reference,,True,8103,,170,px081_evidence_acquisition/RESULTS.json,LateralMovement,Benign,31
PX081-0170,PX081,UNRAVELED,wrong_host_history,,full_context_reference,,True,8103,,170,px081_evidence_acquisition/RESULTS.json,LateralMovement,OtherAttackStage,0
PX081-0170,PX081,UNRAVELED,wrong_host_history,,full_context_reference,,True,8103,,170,px081_evidence_acquisition/RESULTS.json,LateralMovement,LateralMovement,4
PX081-0170,PX081,UNRAVELED,wrong_host_history,,full_context_reference,,True,8103,,170,px081_evidence_acquisition/RESULTS.json,LateralMovement,DataExfiltration,0
PX081-0170,PX081,UNRAVELED,wrong_host_history,,full_context_reference,,True,8103,,170,px081_evidence_acquisition/RESULTS.json,DataExfiltration,Benign,1134
PX081-0170,PX081,UNRAVELED,wrong_host_history,,full_context_reference,,True,8103,,170,px081_evidence_acquisition/RESULTS.json,DataExfiltration,OtherAttackStage,0
PX081-0170,PX081,UNRAVELED,wrong_host_history,,full_context_reference,,True,8103,,170,px081_evidence_acquisition/RESULTS.json,DataExfiltration,LateralMovement,3
PX081-0170,PX081,UNRAVELED,wrong_host_history,,full_context_reference,,True,8103,,170,px081_evidence_acquisition/RESULTS.json,DataExfiltration,DataExfiltration,2305
PX082-0000,PX082,UNRAVELED,unperturbed,current,past_only_anchor,,False,20260923,,0,px082_temporal_audit/METRICS.json,Benign,Benign,96074
PX082-0000,PX082,UNRAVELED,unperturbed,current,past_only_anchor,,False,20260923,,0,px082_temporal_audit/METRICS.json,Benign,OtherAttackStage,3
PX082-0000,PX082,UNRAVELED,unperturbed,current,past_only_anchor,,False,20260923,,0,px082_temporal_audit/METRICS.json,Benign,LateralMovement,21
PX082-0000,PX082,UNRAVELED,unperturbed,current,past_only_anchor,,False,20260923,,0,px082_temporal_audit/METRICS.json,Benign,DataExfiltration,0
PX082-0000,PX082,UNRAVELED,unperturbed,current,past_only_anchor,,False,20260923,,0,px082_temporal_audit/METRICS.json,OtherAttackStage,Benign,18
PX082-0000,PX082,UNRAVELED,unperturbed,current,past_only_anchor,,False,20260923,,0,px082_temporal_audit/METRICS.json,OtherAttackStage,OtherAttackStage,6021
PX082-0000,PX082,UNRAVELED,unperturbed,current,past_only_anchor,,False,20260923,,0,px082_temporal_audit/METRICS.json,OtherAttackStage,LateralMovement,0
PX082-0000,PX082,UNRAVELED,unperturbed,current,past_only_anchor,,False,20260923,,0,px082_temporal_audit/METRICS.json,OtherAttackStage,DataExfiltration,174
PX082-0000,PX082,UNRAVELED,unperturbed,current,past_only_anchor,,False,20260923,,0,px082_temporal_audit/METRICS.json,LateralMovement,Benign,14
PX082-0000,PX082,UNRAVELED,unperturbed,current,past_only_anchor,,False,20260923,,0,px082_temporal_audit/METRICS.json,LateralMovement,OtherAttackStage,0
PX082-0000,PX082,UNRAVELED,unperturbed,current,past_only_anchor,,False,20260923,,0,px082_temporal_audit/METRICS.json,LateralMovement,LateralMovement,4
PX082-0000,PX082,UNRAVELED,unperturbed,current,past_only_anchor,,False,20260923,,0,px082_temporal_audit/METRICS.json,LateralMovement,DataExfiltration,0
PX082-0000,PX082,UNRAVELED,unperturbed,current,past_only_anchor,,False,20260923,,0,px082_temporal_audit/METRICS.json,DataExfiltration,Benign,565
PX082-0000,PX082,UNRAVELED,unperturbed,current,past_only_anchor,,False,20260923,,0,px082_temporal_audit/METRICS.json,DataExfiltration,OtherAttackStage,0
PX082-0000,PX082,UNRAVELED,unperturbed,current,past_only_anchor,,False,20260923,,0,px082_temporal_audit/METRICS.json,DataExfiltration,LateralMovement,0
PX082-0000,PX082,UNRAVELED,unperturbed,current,past_only_anchor,,False,20260923,,0,px082_temporal_audit/METRICS.json,DataExfiltration,DataExfiltration,1157
PX082-0001,PX082,UNRAVELED,unperturbed,current,time_mixed_anchor,,False,20260923,,1,px082_temporal_audit/METRICS.json,Benign,Benign,96033
PX082-0001,PX082,UNRAVELED,unperturbed,current,time_mixed_anchor,,False,20260923,,1,px082_temporal_audit/METRICS.json,Benign,OtherAttackStage,1
PX082-0001,PX082,UNRAVELED,unperturbed,current,time_mixed_anchor,,False,20260923,,1,px082_temporal_audit/METRICS.json,Benign,LateralMovement,63
PX082-0001,PX082,UNRAVELED,unperturbed,current,time_mixed_anchor,,False,20260923,,1,px082_temporal_audit/METRICS.json,Benign,DataExfiltration,1
PX082-0001,PX082,UNRAVELED,unperturbed,current,time_mixed_anchor,,False,20260923,,1,px082_temporal_audit/METRICS.json,OtherAttackStage,Benign,8
PX082-0001,PX082,UNRAVELED,unperturbed,current,time_mixed_anchor,,False,20260923,,1,px082_temporal_audit/METRICS.json,OtherAttackStage,OtherAttackStage,6088
PX082-0001,PX082,UNRAVELED,unperturbed,current,time_mixed_anchor,,False,20260923,,1,px082_temporal_audit/METRICS.json,OtherAttackStage,LateralMovement,0
PX082-0001,PX082,UNRAVELED,unperturbed,current,time_mixed_anchor,,False,20260923,,1,px082_temporal_audit/METRICS.json,OtherAttackStage,DataExfiltration,117
PX082-0001,PX082,UNRAVELED,unperturbed,current,time_mixed_anchor,,False,20260923,,1,px082_temporal_audit/METRICS.json,LateralMovement,Benign,5
PX082-0001,PX082,UNRAVELED,unperturbed,current,time_mixed_anchor,,False,20260923,,1,px082_temporal_audit/METRICS.json,LateralMovement,OtherAttackStage,0
PX082-0001,PX082,UNRAVELED,unperturbed,current,time_mixed_anchor,,False,20260923,,1,px082_temporal_audit/METRICS.json,LateralMovement,LateralMovement,13
PX082-0001,PX082,UNRAVELED,unperturbed,current,time_mixed_anchor,,False,20260923,,1,px082_temporal_audit/METRICS.json,LateralMovement,DataExfiltration,0
PX082-0001,PX082,UNRAVELED,unperturbed,current,time_mixed_anchor,,False,20260923,,1,px082_temporal_audit/METRICS.json,DataExfiltration,Benign,12
PX082-0001,PX082,UNRAVELED,unperturbed,current,time_mixed_anchor,,False,20260923,,1,px082_temporal_audit/METRICS.json,DataExfiltration,OtherAttackStage,10
PX082-0001,PX082,UNRAVELED,unperturbed,current,time_mixed_anchor,,False,20260923,,1,px082_temporal_audit/METRICS.json,DataExfiltration,LateralMovement,0
PX082-0001,PX082,UNRAVELED,unperturbed,current,time_mixed_anchor,,False,20260923,,1,px082_temporal_audit/METRICS.json,DataExfiltration,DataExfiltration,1700
PX082-0002,PX082,UNRAVELED,unperturbed,current,conventional_random,,False,20260923,,2,px082_temporal_audit/METRICS.json,Benign,Benign,191439
PX082-0002,PX082,UNRAVELED,unperturbed,current,conventional_random,,False,20260923,,2,px082_temporal_audit/METRICS.json,Benign,OtherAttackStage,14
PX082-0002,PX082,UNRAVELED,unperturbed,current,conventional_random,,False,20260923,,2,px082_temporal_audit/METRICS.json,Benign,LateralMovement,59
PX082-0002,PX082,UNRAVELED,unperturbed,current,conventional_random,,False,20260923,,2,px082_temporal_audit/METRICS.json,Benign,DataExfiltration,3
PX082-0002,PX082,UNRAVELED,unperturbed,current,conventional_random,,False,20260923,,2,px082_temporal_audit/METRICS.json,OtherAttackStage,Benign,24
PX082-0002,PX082,UNRAVELED,unperturbed,current,conventional_random,,False,20260923,,2,px082_temporal_audit/METRICS.json,OtherAttackStage,OtherAttackStage,14916
PX082-0002,PX082,UNRAVELED,unperturbed,current,conventional_random,,False,20260923,,2,px082_temporal_audit/METRICS.json,OtherAttackStage,LateralMovement,0
PX082-0002,PX082,UNRAVELED,unperturbed,current,conventional_random,,False,20260923,,2,px082_temporal_audit/METRICS.json,OtherAttackStage,DataExfiltration,155
PX082-0002,PX082,UNRAVELED,unperturbed,current,conventional_random,,False,20260923,,2,px082_temporal_audit/METRICS.json,LateralMovement,Benign,15
PX082-0002,PX082,UNRAVELED,unperturbed,current,conventional_random,,False,20260923,,2,px082_temporal_audit/METRICS.json,LateralMovement,OtherAttackStage,0
PX082-0002,PX082,UNRAVELED,unperturbed,current,conventional_random,,False,20260923,,2,px082_temporal_audit/METRICS.json,LateralMovement,LateralMovement,19
PX082-0002,PX082,UNRAVELED,unperturbed,current,conventional_random,,False,20260923,,2,px082_temporal_audit/METRICS.json,LateralMovement,DataExfiltration,0
PX082-0002,PX082,UNRAVELED,unperturbed,current,conventional_random,,False,20260923,,2,px082_temporal_audit/METRICS.json,DataExfiltration,Benign,9
PX082-0002,PX082,UNRAVELED,unperturbed,current,conventional_random,,False,20260923,,2,px082_temporal_audit/METRICS.json,DataExfiltration,OtherAttackStage,266
PX082-0002,PX082,UNRAVELED,unperturbed,current,conventional_random,,False,20260923,,2,px082_temporal_audit/METRICS.json,DataExfiltration,LateralMovement,0
PX082-0002,PX082,UNRAVELED,unperturbed,current,conventional_random,,False,20260923,,2,px082_temporal_audit/METRICS.json,DataExfiltration,DataExfiltration,3307
PX082-0003,PX082,UNRAVELED,unperturbed,current_history,past_only_anchor,,False,20260923,,3,px082_temporal_audit/METRICS.json,Benign,Benign,96081
PX082-0003,PX082,UNRAVELED,unperturbed,current_history,past_only_anchor,,False,20260923,,3,px082_temporal_audit/METRICS.json,Benign,OtherAttackStage,0
PX082-0003,PX082,UNRAVELED,unperturbed,current_history,past_only_anchor,,False,20260923,,3,px082_temporal_audit/METRICS.json,Benign,LateralMovement,17
PX082-0003,PX082,UNRAVELED,unperturbed,current_history,past_only_anchor,,False,20260923,,3,px082_temporal_audit/METRICS.json,Benign,DataExfiltration,0
PX082-0003,PX082,UNRAVELED,unperturbed,current_history,past_only_anchor,,False,20260923,,3,px082_temporal_audit/METRICS.json,OtherAttackStage,Benign,47
PX082-0003,PX082,UNRAVELED,unperturbed,current_history,past_only_anchor,,False,20260923,,3,px082_temporal_audit/METRICS.json,OtherAttackStage,OtherAttackStage,6051
PX082-0003,PX082,UNRAVELED,unperturbed,current_history,past_only_anchor,,False,20260923,,3,px082_temporal_audit/METRICS.json,OtherAttackStage,LateralMovement,0
PX082-0003,PX082,UNRAVELED,unperturbed,current_history,past_only_anchor,,False,20260923,,3,px082_temporal_audit/METRICS.json,OtherAttackStage,DataExfiltration,115
PX082-0003,PX082,UNRAVELED,unperturbed,current_history,past_only_anchor,,False,20260923,,3,px082_temporal_audit/METRICS.json,LateralMovement,Benign,12
PX082-0003,PX082,UNRAVELED,unperturbed,current_history,past_only_anchor,,False,20260923,,3,px082_temporal_audit/METRICS.json,LateralMovement,OtherAttackStage,0
PX082-0003,PX082,UNRAVELED,unperturbed,current_history,past_only_anchor,,False,20260923,,3,px082_temporal_audit/METRICS.json,LateralMovement,LateralMovement,6
PX082-0003,PX082,UNRAVELED,unperturbed,current_history,past_only_anchor,,False,20260923,,3,px082_temporal_audit/METRICS.json,LateralMovement,DataExfiltration,0
PX082-0003,PX082,UNRAVELED,unperturbed,current_history,past_only_anchor,,False,20260923,,3,px082_temporal_audit/METRICS.json,DataExfiltration,Benign,572
PX082-0003,PX082,UNRAVELED,unperturbed,current_history,past_only_anchor,,False,20260923,,3,px082_temporal_audit/METRICS.json,DataExfiltration,OtherAttackStage,4
PX082-0003,PX082,UNRAVELED,unperturbed,current_history,past_only_anchor,,False,20260923,,3,px082_temporal_audit/METRICS.json,DataExfiltration,LateralMovement,0
PX082-0003,PX082,UNRAVELED,unperturbed,current_history,past_only_anchor,,False,20260923,,3,px082_temporal_audit/METRICS.json,DataExfiltration,DataExfiltration,1146
PX082-0004,PX082,UNRAVELED,unperturbed,current_history,time_mixed_anchor,,False,20260923,,4,px082_temporal_audit/METRICS.json,Benign,Benign,96047
PX082-0004,PX082,UNRAVELED,unperturbed,current_history,time_mixed_anchor,,False,20260923,,4,px082_temporal_audit/METRICS.json,Benign,OtherAttackStage,0
PX082-0004,PX082,UNRAVELED,unperturbed,current_history,time_mixed_anchor,,False,20260923,,4,px082_temporal_audit/METRICS.json,Benign,LateralMovement,50
PX082-0004,PX082,UNRAVELED,unperturbed,current_history,time_mixed_anchor,,False,20260923,,4,px082_temporal_audit/METRICS.json,Benign,DataExfiltration,1
PX082-0004,PX082,UNRAVELED,unperturbed,current_history,time_mixed_anchor,,False,20260923,,4,px082_temporal_audit/METRICS.json,OtherAttackStage,Benign,4
PX082-0004,PX082,UNRAVELED,unperturbed,current_history,time_mixed_anchor,,False,20260923,,4,px082_temporal_audit/METRICS.json,OtherAttackStage,OtherAttackStage,6196
PX082-0004,PX082,UNRAVELED,unperturbed,current_history,time_mixed_anchor,,False,20260923,,4,px082_temporal_audit/METRICS.json,OtherAttackStage,LateralMovement,0
PX082-0004,PX082,UNRAVELED,unperturbed,current_history,time_mixed_anchor,,False,20260923,,4,px082_temporal_audit/METRICS.json,OtherAttackStage,DataExfiltration,13
PX082-0004,PX082,UNRAVELED,unperturbed,current_history,time_mixed_anchor,,False,20260923,,4,px082_temporal_audit/METRICS.json,LateralMovement,Benign,6
PX082-0004,PX082,UNRAVELED,unperturbed,current_history,time_mixed_anchor,,False,20260923,,4,px082_temporal_audit/METRICS.json,LateralMovement,OtherAttackStage,0
PX082-0004,PX082,UNRAVELED,unperturbed,current_history,time_mixed_anchor,,False,20260923,,4,px082_temporal_audit/METRICS.json,LateralMovement,LateralMovement,12
PX082-0004,PX082,UNRAVELED,unperturbed,current_history,time_mixed_anchor,,False,20260923,,4,px082_temporal_audit/METRICS.json,LateralMovement,DataExfiltration,0
PX082-0004,PX082,UNRAVELED,unperturbed,current_history,time_mixed_anchor,,False,20260923,,4,px082_temporal_audit/METRICS.json,DataExfiltration,Benign,354
PX082-0004,PX082,UNRAVELED,unperturbed,current_history,time_mixed_anchor,,False,20260923,,4,px082_temporal_audit/METRICS.json,DataExfiltration,OtherAttackStage,2
PX082-0004,PX082,UNRAVELED,unperturbed,current_history,time_mixed_anchor,,False,20260923,,4,px082_temporal_audit/METRICS.json,DataExfiltration,LateralMovement,0
PX082-0004,PX082,UNRAVELED,unperturbed,current_history,time_mixed_anchor,,False,20260923,,4,px082_temporal_audit/METRICS.json,DataExfiltration,DataExfiltration,1366
PX082-0005,PX082,UNRAVELED,unperturbed,current_history,conventional_random,,False,20260923,,5,px082_temporal_audit/METRICS.json,Benign,Benign,191477
PX082-0005,PX082,UNRAVELED,unperturbed,current_history,conventional_random,,False,20260923,,5,px082_temporal_audit/METRICS.json,Benign,OtherAttackStage,1
PX082-0005,PX082,UNRAVELED,unperturbed,current_history,conventional_random,,False,20260923,,5,px082_temporal_audit/METRICS.json,Benign,LateralMovement,34
PX082-0005,PX082,UNRAVELED,unperturbed,current_history,conventional_random,,False,20260923,,5,px082_temporal_audit/METRICS.json,Benign,DataExfiltration,3
PX082-0005,PX082,UNRAVELED,unperturbed,current_history,conventional_random,,False,20260923,,5,px082_temporal_audit/METRICS.json,OtherAttackStage,Benign,12
PX082-0005,PX082,UNRAVELED,unperturbed,current_history,conventional_random,,False,20260923,,5,px082_temporal_audit/METRICS.json,OtherAttackStage,OtherAttackStage,14991
PX082-0005,PX082,UNRAVELED,unperturbed,current_history,conventional_random,,False,20260923,,5,px082_temporal_audit/METRICS.json,OtherAttackStage,LateralMovement,0
PX082-0005,PX082,UNRAVELED,unperturbed,current_history,conventional_random,,False,20260923,,5,px082_temporal_audit/METRICS.json,OtherAttackStage,DataExfiltration,92
PX082-0005,PX082,UNRAVELED,unperturbed,current_history,conventional_random,,False,20260923,,5,px082_temporal_audit/METRICS.json,LateralMovement,Benign,12
PX082-0005,PX082,UNRAVELED,unperturbed,current_history,conventional_random,,False,20260923,,5,px082_temporal_audit/METRICS.json,LateralMovement,OtherAttackStage,0
PX082-0005,PX082,UNRAVELED,unperturbed,current_history,conventional_random,,False,20260923,,5,px082_temporal_audit/METRICS.json,LateralMovement,LateralMovement,22
PX082-0005,PX082,UNRAVELED,unperturbed,current_history,conventional_random,,False,20260923,,5,px082_temporal_audit/METRICS.json,LateralMovement,DataExfiltration,0
PX082-0005,PX082,UNRAVELED,unperturbed,current_history,conventional_random,,False,20260923,,5,px082_temporal_audit/METRICS.json,DataExfiltration,Benign,10
PX082-0005,PX082,UNRAVELED,unperturbed,current_history,conventional_random,,False,20260923,,5,px082_temporal_audit/METRICS.json,DataExfiltration,OtherAttackStage,70
PX082-0005,PX082,UNRAVELED,unperturbed,current_history,conventional_random,,False,20260923,,5,px082_temporal_audit/METRICS.json,DataExfiltration,LateralMovement,0
PX082-0005,PX082,UNRAVELED,unperturbed,current_history,conventional_random,,False,20260923,,5,px082_temporal_audit/METRICS.json,DataExfiltration,DataExfiltration,3502
PX082-0006,PX082,UNRAVELED,unperturbed,current,past_only_anchor,,False,20260924,,6,px082_temporal_audit/METRICS.json,Benign,Benign,96082
PX082-0006,PX082,UNRAVELED,unperturbed,current,past_only_anchor,,False,20260924,,6,px082_temporal_audit/METRICS.json,Benign,OtherAttackStage,0
PX082-0006,PX082,UNRAVELED,unperturbed,current,past_only_anchor,,False,20260924,,6,px082_temporal_audit/METRICS.json,Benign,LateralMovement,16
PX082-0006,PX082,UNRAVELED,unperturbed,current,past_only_anchor,,False,20260924,,6,px082_temporal_audit/METRICS.json,Benign,DataExfiltration,0
PX082-0006,PX082,UNRAVELED,unperturbed,current,past_only_anchor,,False,20260924,,6,px082_temporal_audit/METRICS.json,OtherAttackStage,Benign,19
PX082-0006,PX082,UNRAVELED,unperturbed,current,past_only_anchor,,False,20260924,,6,px082_temporal_audit/METRICS.json,OtherAttackStage,OtherAttackStage,6011
PX082-0006,PX082,UNRAVELED,unperturbed,current,past_only_anchor,,False,20260924,,6,px082_temporal_audit/METRICS.json,OtherAttackStage,LateralMovement,0
PX082-0006,PX082,UNRAVELED,unperturbed,current,past_only_anchor,,False,20260924,,6,px082_temporal_audit/METRICS.json,OtherAttackStage,DataExfiltration,183
PX082-0006,PX082,UNRAVELED,unperturbed,current,past_only_anchor,,False,20260924,,6,px082_temporal_audit/METRICS.json,LateralMovement,Benign,14
PX082-0006,PX082,UNRAVELED,unperturbed,current,past_only_anchor,,False,20260924,,6,px082_temporal_audit/METRICS.json,LateralMovement,OtherAttackStage,0
PX082-0006,PX082,UNRAVELED,unperturbed,current,past_only_anchor,,False,20260924,,6,px082_temporal_audit/METRICS.json,LateralMovement,LateralMovement,4
PX082-0006,PX082,UNRAVELED,unperturbed,current,past_only_anchor,,False,20260924,,6,px082_temporal_audit/METRICS.json,LateralMovement,DataExfiltration,0
PX082-0006,PX082,UNRAVELED,unperturbed,current,past_only_anchor,,False,20260924,,6,px082_temporal_audit/METRICS.json,DataExfiltration,Benign,563
PX082-0006,PX082,UNRAVELED,unperturbed,current,past_only_anchor,,False,20260924,,6,px082_temporal_audit/METRICS.json,DataExfiltration,OtherAttackStage,0
PX082-0006,PX082,UNRAVELED,unperturbed,current,past_only_anchor,,False,20260924,,6,px082_temporal_audit/METRICS.json,DataExfiltration,LateralMovement,0
PX082-0006,PX082,UNRAVELED,unperturbed,current,past_only_anchor,,False,20260924,,6,px082_temporal_audit/METRICS.json,DataExfiltration,DataExfiltration,1159
PX082-0007,PX082,UNRAVELED,unperturbed,current,time_mixed_anchor,,False,20260924,,7,px082_temporal_audit/METRICS.json,Benign,Benign,96047
PX082-0007,PX082,UNRAVELED,unperturbed,current,time_mixed_anchor,,False,20260924,,7,px082_temporal_audit/METRICS.json,Benign,OtherAttackStage,0
PX082-0007,PX082,UNRAVELED,unperturbed,current,time_mixed_anchor,,False,20260924,,7,px082_temporal_audit/METRICS.json,Benign,LateralMovement,50
PX082-0007,PX082,UNRAVELED,unperturbed,current,time_mixed_anchor,,False,20260924,,7,px082_temporal_audit/METRICS.json,Benign,DataExfiltration,1
PX082-0007,PX082,UNRAVELED,unperturbed,current,time_mixed_anchor,,False,20260924,,7,px082_temporal_audit/METRICS.json,OtherAttackStage,Benign,8
PX082-0007,PX082,UNRAVELED,unperturbed,current,time_mixed_anchor,,False,20260924,,7,px082_temporal_audit/METRICS.json,OtherAttackStage,OtherAttackStage,6090
PX082-0007,PX082,UNRAVELED,unperturbed,current,time_mixed_anchor,,False,20260924,,7,px082_temporal_audit/METRICS.json,OtherAttackStage,LateralMovement,0
PX082-0007,PX082,UNRAVELED,unperturbed,current,time_mixed_anchor,,False,20260924,,7,px082_temporal_audit/METRICS.json,OtherAttackStage,DataExfiltration,115
PX082-0007,PX082,UNRAVELED,unperturbed,current,time_mixed_anchor,,False,20260924,,7,px082_temporal_audit/METRICS.json,LateralMovement,Benign,7
PX082-0007,PX082,UNRAVELED,unperturbed,current,time_mixed_anchor,,False,20260924,,7,px082_temporal_audit/METRICS.json,LateralMovement,OtherAttackStage,0
PX082-0007,PX082,UNRAVELED,unperturbed,current,time_mixed_anchor,,False,20260924,,7,px082_temporal_audit/METRICS.json,LateralMovement,LateralMovement,11
PX082-0007,PX082,UNRAVELED,unperturbed,current,time_mixed_anchor,,False,20260924,,7,px082_temporal_audit/METRICS.json,LateralMovement,DataExfiltration,0
PX082-0007,PX082,UNRAVELED,unperturbed,current,time_mixed_anchor,,False,20260924,,7,px082_temporal_audit/METRICS.json,DataExfiltration,Benign,12
PX082-0007,PX082,UNRAVELED,unperturbed,current,time_mixed_anchor,,False,20260924,,7,px082_temporal_audit/METRICS.json,DataExfiltration,OtherAttackStage,13
PX082-0007,PX082,UNRAVELED,unperturbed,current,time_mixed_anchor,,False,20260924,,7,px082_temporal_audit/METRICS.json,DataExfiltration,LateralMovement,0
PX082-0007,PX082,UNRAVELED,unperturbed,current,time_mixed_anchor,,False,20260924,,7,px082_temporal_audit/METRICS.json,DataExfiltration,DataExfiltration,1697
PX082-0008,PX082,UNRAVELED,unperturbed,current,conventional_random,,False,20260924,,8,px082_temporal_audit/METRICS.json,Benign,Benign,191420
PX082-0008,PX082,UNRAVELED,unperturbed,current,conventional_random,,False,20260924,,8,px082_temporal_audit/METRICS.json,Benign,OtherAttackStage,8
PX082-0008,PX082,UNRAVELED,unperturbed,current,conventional_random,,False,20260924,,8,px082_temporal_audit/METRICS.json,Benign,LateralMovement,84
PX082-0008,PX082,UNRAVELED,unperturbed,current,conventional_random,,False,20260924,,8,px082_temporal_audit/METRICS.json,Benign,DataExfiltration,3
PX082-0008,PX082,UNRAVELED,unperturbed,current,conventional_random,,False,20260924,,8,px082_temporal_audit/METRICS.json,OtherAttackStage,Benign,10
PX082-0008,PX082,UNRAVELED,unperturbed,current,conventional_random,,False,20260924,,8,px082_temporal_audit/METRICS.json,OtherAttackStage,OtherAttackStage,14973
PX082-0008,PX082,UNRAVELED,unperturbed,current,conventional_random,,False,20260924,,8,px082_temporal_audit/METRICS.json,OtherAttackStage,LateralMovement,0
PX082-0008,PX082,UNRAVELED,unperturbed,current,conventional_random,,False,20260924,,8,px082_temporal_audit/METRICS.json,OtherAttackStage,DataExfiltration,112
PX082-0008,PX082,UNRAVELED,unperturbed,current,conventional_random,,False,20260924,,8,px082_temporal_audit/METRICS.json,LateralMovement,Benign,15
PX082-0008,PX082,UNRAVELED,unperturbed,current,conventional_random,,False,20260924,,8,px082_temporal_audit/METRICS.json,LateralMovement,OtherAttackStage,0
PX082-0008,PX082,UNRAVELED,unperturbed,current,conventional_random,,False,20260924,,8,px082_temporal_audit/METRICS.json,LateralMovement,LateralMovement,19
PX082-0008,PX082,UNRAVELED,unperturbed,current,conventional_random,,False,20260924,,8,px082_temporal_audit/METRICS.json,LateralMovement,DataExfiltration,0
PX082-0008,PX082,UNRAVELED,unperturbed,current,conventional_random,,False,20260924,,8,px082_temporal_audit/METRICS.json,DataExfiltration,Benign,9
PX082-0008,PX082,UNRAVELED,unperturbed,current,conventional_random,,False,20260924,,8,px082_temporal_audit/METRICS.json,DataExfiltration,OtherAttackStage,283
PX082-0008,PX082,UNRAVELED,unperturbed,current,conventional_random,,False,20260924,,8,px082_temporal_audit/METRICS.json,DataExfiltration,LateralMovement,0
PX082-0008,PX082,UNRAVELED,unperturbed,current,conventional_random,,False,20260924,,8,px082_temporal_audit/METRICS.json,DataExfiltration,DataExfiltration,3290
PX082-0009,PX082,UNRAVELED,unperturbed,current_history,past_only_anchor,,False,20260924,,9,px082_temporal_audit/METRICS.json,Benign,Benign,96086
PX082-0009,PX082,UNRAVELED,unperturbed,current_history,past_only_anchor,,False,20260924,,9,px082_temporal_audit/METRICS.json,Benign,OtherAttackStage,1
PX082-0009,PX082,UNRAVELED,unperturbed,current_history,past_only_anchor,,False,20260924,,9,px082_temporal_audit/METRICS.json,Benign,LateralMovement,11
PX082-0009,PX082,UNRAVELED,unperturbed,current_history,past_only_anchor,,False,20260924,,9,px082_temporal_audit/METRICS.json,Benign,DataExfiltration,0
PX082-0009,PX082,UNRAVELED,unperturbed,current_history,past_only_anchor,,False,20260924,,9,px082_temporal_audit/METRICS.json,OtherAttackStage,Benign,62
PX082-0009,PX082,UNRAVELED,unperturbed,current_history,past_only_anchor,,False,20260924,,9,px082_temporal_audit/METRICS.json,OtherAttackStage,OtherAttackStage,6030
PX082-0009,PX082,UNRAVELED,unperturbed,current_history,past_only_anchor,,False,20260924,,9,px082_temporal_audit/METRICS.json,OtherAttackStage,LateralMovement,0
PX082-0009,PX082,UNRAVELED,unperturbed,current_history,past_only_anchor,,False,20260924,,9,px082_temporal_audit/METRICS.json,OtherAttackStage,DataExfiltration,121
PX082-0009,PX082,UNRAVELED,unperturbed,current_history,past_only_anchor,,False,20260924,,9,px082_temporal_audit/METRICS.json,LateralMovement,Benign,14
PX082-0009,PX082,UNRAVELED,unperturbed,current_history,past_only_anchor,,False,20260924,,9,px082_temporal_audit/METRICS.json,LateralMovement,OtherAttackStage,0
PX082-0009,PX082,UNRAVELED,unperturbed,current_history,past_only_anchor,,False,20260924,,9,px082_temporal_audit/METRICS.json,LateralMovement,LateralMovement,4
PX082-0009,PX082,UNRAVELED,unperturbed,current_history,past_only_anchor,,False,20260924,,9,px082_temporal_audit/METRICS.json,LateralMovement,DataExfiltration,0
PX082-0009,PX082,UNRAVELED,unperturbed,current_history,past_only_anchor,,False,20260924,,9,px082_temporal_audit/METRICS.json,DataExfiltration,Benign,569
PX082-0009,PX082,UNRAVELED,unperturbed,current_history,past_only_anchor,,False,20260924,,9,px082_temporal_audit/METRICS.json,DataExfiltration,OtherAttackStage,6
PX082-0009,PX082,UNRAVELED,unperturbed,current_history,past_only_anchor,,False,20260924,,9,px082_temporal_audit/METRICS.json,DataExfiltration,LateralMovement,0
PX082-0009,PX082,UNRAVELED,unperturbed,current_history,past_only_anchor,,False,20260924,,9,px082_temporal_audit/METRICS.json,DataExfiltration,DataExfiltration,1147
PX082-0010,PX082,UNRAVELED,unperturbed,current_history,time_mixed_anchor,,False,20260924,,10,px082_temporal_audit/METRICS.json,Benign,Benign,96059
PX082-0010,PX082,UNRAVELED,unperturbed,current_history,time_mixed_anchor,,False,20260924,,10,px082_temporal_audit/METRICS.json,Benign,OtherAttackStage,1
PX082-0010,PX082,UNRAVELED,unperturbed,current_history,time_mixed_anchor,,False,20260924,,10,px082_temporal_audit/METRICS.json,Benign,LateralMovement,38
PX082-0010,PX082,UNRAVELED,unperturbed,current_history,time_mixed_anchor,,False,20260924,,10,px082_temporal_audit/METRICS.json,Benign,DataExfiltration,0
PX082-0010,PX082,UNRAVELED,unperturbed,current_history,time_mixed_anchor,,False,20260924,,10,px082_temporal_audit/METRICS.json,OtherAttackStage,Benign,5
PX082-0010,PX082,UNRAVELED,unperturbed,current_history,time_mixed_anchor,,False,20260924,,10,px082_temporal_audit/METRICS.json,OtherAttackStage,OtherAttackStage,6203
PX082-0010,PX082,UNRAVELED,unperturbed,current_history,time_mixed_anchor,,False,20260924,,10,px082_temporal_audit/METRICS.json,OtherAttackStage,LateralMovement,0
PX082-0010,PX082,UNRAVELED,unperturbed,current_history,time_mixed_anchor,,False,20260924,,10,px082_temporal_audit/METRICS.json,OtherAttackStage,DataExfiltration,5
PX082-0010,PX082,UNRAVELED,unperturbed,current_history,time_mixed_anchor,,False,20260924,,10,px082_temporal_audit/METRICS.json,LateralMovement,Benign,10
PX082-0010,PX082,UNRAVELED,unperturbed,current_history,time_mixed_anchor,,False,20260924,,10,px082_temporal_audit/METRICS.json,LateralMovement,OtherAttackStage,0
PX082-0010,PX082,UNRAVELED,unperturbed,current_history,time_mixed_anchor,,False,20260924,,10,px082_temporal_audit/METRICS.json,LateralMovement,LateralMovement,8
PX082-0010,PX082,UNRAVELED,unperturbed,current_history,time_mixed_anchor,,False,20260924,,10,px082_temporal_audit/METRICS.json,LateralMovement,DataExfiltration,0
PX082-0010,PX082,UNRAVELED,unperturbed,current_history,time_mixed_anchor,,False,20260924,,10,px082_temporal_audit/METRICS.json,DataExfiltration,Benign,409
PX082-0010,PX082,UNRAVELED,unperturbed,current_history,time_mixed_anchor,,False,20260924,,10,px082_temporal_audit/METRICS.json,DataExfiltration,OtherAttackStage,2
PX082-0010,PX082,UNRAVELED,unperturbed,current_history,time_mixed_anchor,,False,20260924,,10,px082_temporal_audit/METRICS.json,DataExfiltration,LateralMovement,0
PX082-0010,PX082,UNRAVELED,unperturbed,current_history,time_mixed_anchor,,False,20260924,,10,px082_temporal_audit/METRICS.json,DataExfiltration,DataExfiltration,1311
PX082-0011,PX082,UNRAVELED,unperturbed,current_history,conventional_random,,False,20260924,,11,px082_temporal_audit/METRICS.json,Benign,Benign,191473
PX082-0011,PX082,UNRAVELED,unperturbed,current_history,conventional_random,,False,20260924,,11,px082_temporal_audit/METRICS.json,Benign,OtherAttackStage,0
PX082-0011,PX082,UNRAVELED,unperturbed,current_history,conventional_random,,False,20260924,,11,px082_temporal_audit/METRICS.json,Benign,LateralMovement,40
PX082-0011,PX082,UNRAVELED,unperturbed,current_history,conventional_random,,False,20260924,,11,px082_temporal_audit/METRICS.json,Benign,DataExfiltration,2
PX082-0011,PX082,UNRAVELED,unperturbed,current_history,conventional_random,,False,20260924,,11,px082_temporal_audit/METRICS.json,OtherAttackStage,Benign,6
PX082-0011,PX082,UNRAVELED,unperturbed,current_history,conventional_random,,False,20260924,,11,px082_temporal_audit/METRICS.json,OtherAttackStage,OtherAttackStage,15031
PX082-0011,PX082,UNRAVELED,unperturbed,current_history,conventional_random,,False,20260924,,11,px082_temporal_audit/METRICS.json,OtherAttackStage,LateralMovement,0
PX082-0011,PX082,UNRAVELED,unperturbed,current_history,conventional_random,,False,20260924,,11,px082_temporal_audit/METRICS.json,OtherAttackStage,DataExfiltration,58
PX082-0011,PX082,UNRAVELED,unperturbed,current_history,conventional_random,,False,20260924,,11,px082_temporal_audit/METRICS.json,LateralMovement,Benign,15
PX082-0011,PX082,UNRAVELED,unperturbed,current_history,conventional_random,,False,20260924,,11,px082_temporal_audit/METRICS.json,LateralMovement,OtherAttackStage,0
PX082-0011,PX082,UNRAVELED,unperturbed,current_history,conventional_random,,False,20260924,,11,px082_temporal_audit/METRICS.json,LateralMovement,LateralMovement,19
PX082-0011,PX082,UNRAVELED,unperturbed,current_history,conventional_random,,False,20260924,,11,px082_temporal_audit/METRICS.json,LateralMovement,DataExfiltration,0
PX082-0011,PX082,UNRAVELED,unperturbed,current_history,conventional_random,,False,20260924,,11,px082_temporal_audit/METRICS.json,DataExfiltration,Benign,7
PX082-0011,PX082,UNRAVELED,unperturbed,current_history,conventional_random,,False,20260924,,11,px082_temporal_audit/METRICS.json,DataExfiltration,OtherAttackStage,94
PX082-0011,PX082,UNRAVELED,unperturbed,current_history,conventional_random,,False,20260924,,11,px082_temporal_audit/METRICS.json,DataExfiltration,LateralMovement,0
PX082-0011,PX082,UNRAVELED,unperturbed,current_history,conventional_random,,False,20260924,,11,px082_temporal_audit/METRICS.json,DataExfiltration,DataExfiltration,3481
PX082-0012,PX082,UNRAVELED,unperturbed,current,past_only_anchor,,False,20260925,,12,px082_temporal_audit/METRICS.json,Benign,Benign,96066
PX082-0012,PX082,UNRAVELED,unperturbed,current,past_only_anchor,,False,20260925,,12,px082_temporal_audit/METRICS.json,Benign,OtherAttackStage,2
PX082-0012,PX082,UNRAVELED,unperturbed,current,past_only_anchor,,False,20260925,,12,px082_temporal_audit/METRICS.json,Benign,LateralMovement,27
PX082-0012,PX082,UNRAVELED,unperturbed,current,past_only_anchor,,False,20260925,,12,px082_temporal_audit/METRICS.json,Benign,DataExfiltration,3
PX082-0012,PX082,UNRAVELED,unperturbed,current,past_only_anchor,,False,20260925,,12,px082_temporal_audit/METRICS.json,OtherAttackStage,Benign,19
PX082-0012,PX082,UNRAVELED,unperturbed,current,past_only_anchor,,False,20260925,,12,px082_temporal_audit/METRICS.json,OtherAttackStage,OtherAttackStage,6009
PX082-0012,PX082,UNRAVELED,unperturbed,current,past_only_anchor,,False,20260925,,12,px082_temporal_audit/METRICS.json,OtherAttackStage,LateralMovement,0
PX082-0012,PX082,UNRAVELED,unperturbed,current,past_only_anchor,,False,20260925,,12,px082_temporal_audit/METRICS.json,OtherAttackStage,DataExfiltration,185
PX082-0012,PX082,UNRAVELED,unperturbed,current,past_only_anchor,,False,20260925,,12,px082_temporal_audit/METRICS.json,LateralMovement,Benign,12
PX082-0012,PX082,UNRAVELED,unperturbed,current,past_only_anchor,,False,20260925,,12,px082_temporal_audit/METRICS.json,LateralMovement,OtherAttackStage,0
PX082-0012,PX082,UNRAVELED,unperturbed,current,past_only_anchor,,False,20260925,,12,px082_temporal_audit/METRICS.json,LateralMovement,LateralMovement,6
PX082-0012,PX082,UNRAVELED,unperturbed,current,past_only_anchor,,False,20260925,,12,px082_temporal_audit/METRICS.json,LateralMovement,DataExfiltration,0
PX082-0012,PX082,UNRAVELED,unperturbed,current,past_only_anchor,,False,20260925,,12,px082_temporal_audit/METRICS.json,DataExfiltration,Benign,563
PX082-0012,PX082,UNRAVELED,unperturbed,current,past_only_anchor,,False,20260925,,12,px082_temporal_audit/METRICS.json,DataExfiltration,OtherAttackStage,0
PX082-0012,PX082,UNRAVELED,unperturbed,current,past_only_anchor,,False,20260925,,12,px082_temporal_audit/METRICS.json,DataExfiltration,LateralMovement,1
PX082-0012,PX082,UNRAVELED,unperturbed,current,past_only_anchor,,False,20260925,,12,px082_temporal_audit/METRICS.json,DataExfiltration,DataExfiltration,1158
PX082-0013,PX082,UNRAVELED,unperturbed,current,time_mixed_anchor,,False,20260925,,13,px082_temporal_audit/METRICS.json,Benign,Benign,95948
PX082-0013,PX082,UNRAVELED,unperturbed,current,time_mixed_anchor,,False,20260925,,13,px082_temporal_audit/METRICS.json,Benign,OtherAttackStage,0
PX082-0013,PX082,UNRAVELED,unperturbed,current,time_mixed_anchor,,False,20260925,,13,px082_temporal_audit/METRICS.json,Benign,LateralMovement,55
PX082-0013,PX082,UNRAVELED,unperturbed,current,time_mixed_anchor,,False,20260925,,13,px082_temporal_audit/METRICS.json,Benign,DataExfiltration,95
PX082-0013,PX082,UNRAVELED,unperturbed,current,time_mixed_anchor,,False,20260925,,13,px082_temporal_audit/METRICS.json,OtherAttackStage,Benign,10
PX082-0013,PX082,UNRAVELED,unperturbed,current,time_mixed_anchor,,False,20260925,,13,px082_temporal_audit/METRICS.json,OtherAttackStage,OtherAttackStage,6085
PX082-0013,PX082,UNRAVELED,unperturbed,current,time_mixed_anchor,,False,20260925,,13,px082_temporal_audit/METRICS.json,OtherAttackStage,LateralMovement,0
PX082-0013,PX082,UNRAVELED,unperturbed,current,time_mixed_anchor,,False,20260925,,13,px082_temporal_audit/METRICS.json,OtherAttackStage,DataExfiltration,118
PX082-0013,PX082,UNRAVELED,unperturbed,current,time_mixed_anchor,,False,20260925,,13,px082_temporal_audit/METRICS.json,LateralMovement,Benign,9
PX082-0013,PX082,UNRAVELED,unperturbed,current,time_mixed_anchor,,False,20260925,,13,px082_temporal_audit/METRICS.json,LateralMovement,OtherAttackStage,0
PX082-0013,PX082,UNRAVELED,unperturbed,current,time_mixed_anchor,,False,20260925,,13,px082_temporal_audit/METRICS.json,LateralMovement,LateralMovement,9
PX082-0013,PX082,UNRAVELED,unperturbed,current,time_mixed_anchor,,False,20260925,,13,px082_temporal_audit/METRICS.json,LateralMovement,DataExfiltration,0
PX082-0013,PX082,UNRAVELED,unperturbed,current,time_mixed_anchor,,False,20260925,,13,px082_temporal_audit/METRICS.json,DataExfiltration,Benign,13
PX082-0013,PX082,UNRAVELED,unperturbed,current,time_mixed_anchor,,False,20260925,,13,px082_temporal_audit/METRICS.json,DataExfiltration,OtherAttackStage,6
PX082-0013,PX082,UNRAVELED,unperturbed,current,time_mixed_anchor,,False,20260925,,13,px082_temporal_audit/METRICS.json,DataExfiltration,LateralMovement,0
PX082-0013,PX082,UNRAVELED,unperturbed,current,time_mixed_anchor,,False,20260925,,13,px082_temporal_audit/METRICS.json,DataExfiltration,DataExfiltration,1703
PX082-0014,PX082,UNRAVELED,unperturbed,current,conventional_random,,False,20260925,,14,px082_temporal_audit/METRICS.json,Benign,Benign,191434
PX082-0014,PX082,UNRAVELED,unperturbed,current,conventional_random,,False,20260925,,14,px082_temporal_audit/METRICS.json,Benign,OtherAttackStage,3
PX082-0014,PX082,UNRAVELED,unperturbed,current,conventional_random,,False,20260925,,14,px082_temporal_audit/METRICS.json,Benign,LateralMovement,77
PX082-0014,PX082,UNRAVELED,unperturbed,current,conventional_random,,False,20260925,,14,px082_temporal_audit/METRICS.json,Benign,DataExfiltration,1
PX082-0014,PX082,UNRAVELED,unperturbed,current,conventional_random,,False,20260925,,14,px082_temporal_audit/METRICS.json,OtherAttackStage,Benign,24
PX082-0014,PX082,UNRAVELED,unperturbed,current,conventional_random,,False,20260925,,14,px082_temporal_audit/METRICS.json,OtherAttackStage,OtherAttackStage,14933
PX082-0014,PX082,UNRAVELED,unperturbed,current,conventional_random,,False,20260925,,14,px082_temporal_audit/METRICS.json,OtherAttackStage,LateralMovement,0
PX082-0014,PX082,UNRAVELED,unperturbed,current,conventional_random,,False,20260925,,14,px082_temporal_audit/METRICS.json,OtherAttackStage,DataExfiltration,138
PX082-0014,PX082,UNRAVELED,unperturbed,current,conventional_random,,False,20260925,,14,px082_temporal_audit/METRICS.json,LateralMovement,Benign,13
PX082-0014,PX082,UNRAVELED,unperturbed,current,conventional_random,,False,20260925,,14,px082_temporal_audit/METRICS.json,LateralMovement,OtherAttackStage,0
PX082-0014,PX082,UNRAVELED,unperturbed,current,conventional_random,,False,20260925,,14,px082_temporal_audit/METRICS.json,LateralMovement,LateralMovement,21
PX082-0014,PX082,UNRAVELED,unperturbed,current,conventional_random,,False,20260925,,14,px082_temporal_audit/METRICS.json,LateralMovement,DataExfiltration,0
PX082-0014,PX082,UNRAVELED,unperturbed,current,conventional_random,,False,20260925,,14,px082_temporal_audit/METRICS.json,DataExfiltration,Benign,10
PX082-0014,PX082,UNRAVELED,unperturbed,current,conventional_random,,False,20260925,,14,px082_temporal_audit/METRICS.json,DataExfiltration,OtherAttackStage,267
PX082-0014,PX082,UNRAVELED,unperturbed,current,conventional_random,,False,20260925,,14,px082_temporal_audit/METRICS.json,DataExfiltration,LateralMovement,0
PX082-0014,PX082,UNRAVELED,unperturbed,current,conventional_random,,False,20260925,,14,px082_temporal_audit/METRICS.json,DataExfiltration,DataExfiltration,3305
PX082-0015,PX082,UNRAVELED,unperturbed,current_history,past_only_anchor,,False,20260925,,15,px082_temporal_audit/METRICS.json,Benign,Benign,96084
PX082-0015,PX082,UNRAVELED,unperturbed,current_history,past_only_anchor,,False,20260925,,15,px082_temporal_audit/METRICS.json,Benign,OtherAttackStage,0
PX082-0015,PX082,UNRAVELED,unperturbed,current_history,past_only_anchor,,False,20260925,,15,px082_temporal_audit/METRICS.json,Benign,LateralMovement,14
PX082-0015,PX082,UNRAVELED,unperturbed,current_history,past_only_anchor,,False,20260925,,15,px082_temporal_audit/METRICS.json,Benign,DataExfiltration,0
PX082-0015,PX082,UNRAVELED,unperturbed,current_history,past_only_anchor,,False,20260925,,15,px082_temporal_audit/METRICS.json,OtherAttackStage,Benign,54
PX082-0015,PX082,UNRAVELED,unperturbed,current_history,past_only_anchor,,False,20260925,,15,px082_temporal_audit/METRICS.json,OtherAttackStage,OtherAttackStage,6048
PX082-0015,PX082,UNRAVELED,unperturbed,current_history,past_only_anchor,,False,20260925,,15,px082_temporal_audit/METRICS.json,OtherAttackStage,LateralMovement,0
PX082-0015,PX082,UNRAVELED,unperturbed,current_history,past_only_anchor,,False,20260925,,15,px082_temporal_audit/METRICS.json,OtherAttackStage,DataExfiltration,111
PX082-0015,PX082,UNRAVELED,unperturbed,current_history,past_only_anchor,,False,20260925,,15,px082_temporal_audit/METRICS.json,LateralMovement,Benign,12
PX082-0015,PX082,UNRAVELED,unperturbed,current_history,past_only_anchor,,False,20260925,,15,px082_temporal_audit/METRICS.json,LateralMovement,OtherAttackStage,0
PX082-0015,PX082,UNRAVELED,unperturbed,current_history,past_only_anchor,,False,20260925,,15,px082_temporal_audit/METRICS.json,LateralMovement,LateralMovement,6
PX082-0015,PX082,UNRAVELED,unperturbed,current_history,past_only_anchor,,False,20260925,,15,px082_temporal_audit/METRICS.json,LateralMovement,DataExfiltration,0
PX082-0015,PX082,UNRAVELED,unperturbed,current_history,past_only_anchor,,False,20260925,,15,px082_temporal_audit/METRICS.json,DataExfiltration,Benign,571
PX082-0015,PX082,UNRAVELED,unperturbed,current_history,past_only_anchor,,False,20260925,,15,px082_temporal_audit/METRICS.json,DataExfiltration,OtherAttackStage,14
PX082-0015,PX082,UNRAVELED,unperturbed,current_history,past_only_anchor,,False,20260925,,15,px082_temporal_audit/METRICS.json,DataExfiltration,LateralMovement,0
PX082-0015,PX082,UNRAVELED,unperturbed,current_history,past_only_anchor,,False,20260925,,15,px082_temporal_audit/METRICS.json,DataExfiltration,DataExfiltration,1137
PX082-0016,PX082,UNRAVELED,unperturbed,current_history,time_mixed_anchor,,False,20260925,,16,px082_temporal_audit/METRICS.json,Benign,Benign,96045
PX082-0016,PX082,UNRAVELED,unperturbed,current_history,time_mixed_anchor,,False,20260925,,16,px082_temporal_audit/METRICS.json,Benign,OtherAttackStage,1
PX082-0016,PX082,UNRAVELED,unperturbed,current_history,time_mixed_anchor,,False,20260925,,16,px082_temporal_audit/METRICS.json,Benign,LateralMovement,45
PX082-0016,PX082,UNRAVELED,unperturbed,current_history,time_mixed_anchor,,False,20260925,,16,px082_temporal_audit/METRICS.json,Benign,DataExfiltration,7
PX082-0016,PX082,UNRAVELED,unperturbed,current_history,time_mixed_anchor,,False,20260925,,16,px082_temporal_audit/METRICS.json,OtherAttackStage,Benign,4
PX082-0016,PX082,UNRAVELED,unperturbed,current_history,time_mixed_anchor,,False,20260925,,16,px082_temporal_audit/METRICS.json,OtherAttackStage,OtherAttackStage,6189
PX082-0016,PX082,UNRAVELED,unperturbed,current_history,time_mixed_anchor,,False,20260925,,16,px082_temporal_audit/METRICS.json,OtherAttackStage,LateralMovement,0
PX082-0016,PX082,UNRAVELED,unperturbed,current_history,time_mixed_anchor,,False,20260925,,16,px082_temporal_audit/METRICS.json,OtherAttackStage,DataExfiltration,20
PX082-0016,PX082,UNRAVELED,unperturbed,current_history,time_mixed_anchor,,False,20260925,,16,px082_temporal_audit/METRICS.json,LateralMovement,Benign,7
PX082-0016,PX082,UNRAVELED,unperturbed,current_history,time_mixed_anchor,,False,20260925,,16,px082_temporal_audit/METRICS.json,LateralMovement,OtherAttackStage,0
PX082-0016,PX082,UNRAVELED,unperturbed,current_history,time_mixed_anchor,,False,20260925,,16,px082_temporal_audit/METRICS.json,LateralMovement,LateralMovement,11
PX082-0016,PX082,UNRAVELED,unperturbed,current_history,time_mixed_anchor,,False,20260925,,16,px082_temporal_audit/METRICS.json,LateralMovement,DataExfiltration,0
PX082-0016,PX082,UNRAVELED,unperturbed,current_history,time_mixed_anchor,,False,20260925,,16,px082_temporal_audit/METRICS.json,DataExfiltration,Benign,27
PX082-0016,PX082,UNRAVELED,unperturbed,current_history,time_mixed_anchor,,False,20260925,,16,px082_temporal_audit/METRICS.json,DataExfiltration,OtherAttackStage,0
PX082-0016,PX082,UNRAVELED,unperturbed,current_history,time_mixed_anchor,,False,20260925,,16,px082_temporal_audit/METRICS.json,DataExfiltration,LateralMovement,2
PX082-0016,PX082,UNRAVELED,unperturbed,current_history,time_mixed_anchor,,False,20260925,,16,px082_temporal_audit/METRICS.json,DataExfiltration,DataExfiltration,1693
PX082-0017,PX082,UNRAVELED,unperturbed,current_history,conventional_random,,False,20260925,,17,px082_temporal_audit/METRICS.json,Benign,Benign,191447
PX082-0017,PX082,UNRAVELED,unperturbed,current_history,conventional_random,,False,20260925,,17,px082_temporal_audit/METRICS.json,Benign,OtherAttackStage,3
PX082-0017,PX082,UNRAVELED,unperturbed,current_history,conventional_random,,False,20260925,,17,px082_temporal_audit/METRICS.json,Benign,LateralMovement,65
PX082-0017,PX082,UNRAVELED,unperturbed,current_history,conventional_random,,False,20260925,,17,px082_temporal_audit/METRICS.json,Benign,DataExfiltration,0
PX082-0017,PX082,UNRAVELED,unperturbed,current_history,conventional_random,,False,20260925,,17,px082_temporal_audit/METRICS.json,OtherAttackStage,Benign,14
PX082-0017,PX082,UNRAVELED,unperturbed,current_history,conventional_random,,False,20260925,,17,px082_temporal_audit/METRICS.json,OtherAttackStage,OtherAttackStage,14977
PX082-0017,PX082,UNRAVELED,unperturbed,current_history,conventional_random,,False,20260925,,17,px082_temporal_audit/METRICS.json,OtherAttackStage,LateralMovement,0
PX082-0017,PX082,UNRAVELED,unperturbed,current_history,conventional_random,,False,20260925,,17,px082_temporal_audit/METRICS.json,OtherAttackStage,DataExfiltration,104
PX082-0017,PX082,UNRAVELED,unperturbed,current_history,conventional_random,,False,20260925,,17,px082_temporal_audit/METRICS.json,LateralMovement,Benign,9
PX082-0017,PX082,UNRAVELED,unperturbed,current_history,conventional_random,,False,20260925,,17,px082_temporal_audit/METRICS.json,LateralMovement,OtherAttackStage,0
PX082-0017,PX082,UNRAVELED,unperturbed,current_history,conventional_random,,False,20260925,,17,px082_temporal_audit/METRICS.json,LateralMovement,LateralMovement,25
PX082-0017,PX082,UNRAVELED,unperturbed,current_history,conventional_random,,False,20260925,,17,px082_temporal_audit/METRICS.json,LateralMovement,DataExfiltration,0
PX082-0017,PX082,UNRAVELED,unperturbed,current_history,conventional_random,,False,20260925,,17,px082_temporal_audit/METRICS.json,DataExfiltration,Benign,13
PX082-0017,PX082,UNRAVELED,unperturbed,current_history,conventional_random,,False,20260925,,17,px082_temporal_audit/METRICS.json,DataExfiltration,OtherAttackStage,77
PX082-0017,PX082,UNRAVELED,unperturbed,current_history,conventional_random,,False,20260925,,17,px082_temporal_audit/METRICS.json,DataExfiltration,LateralMovement,0
PX082-0017,PX082,UNRAVELED,unperturbed,current_history,conventional_random,,False,20260925,,17,px082_temporal_audit/METRICS.json,DataExfiltration,DataExfiltration,3492
PX083-0000,PX083,casino,clean,,current,,False,,20260920,0,px083_policy_transfer/results/METRICS.json,OtherTechnique,OtherTechnique,896
PX083-0000,PX083,casino,clean,,current,,False,,20260920,0,px083_policy_transfer/results/METRICS.json,OtherTechnique,T1105,7
PX083-0000,PX083,casino,clean,,current,,False,,20260920,0,px083_policy_transfer/results/METRICS.json,T1105,OtherTechnique,3
PX083-0000,PX083,casino,clean,,current,,False,,20260920,0,px083_policy_transfer/results/METRICS.json,T1105,T1105,14
PX083-0001,PX083,casino,clean,,context,,False,,20260920,1,px083_policy_transfer/results/METRICS.json,OtherTechnique,OtherTechnique,887
PX083-0001,PX083,casino,clean,,context,,False,,20260920,1,px083_policy_transfer/results/METRICS.json,OtherTechnique,T1105,16
PX083-0001,PX083,casino,clean,,context,,False,,20260920,1,px083_policy_transfer/results/METRICS.json,T1105,OtherTechnique,3
PX083-0001,PX083,casino,clean,,context,,False,,20260920,1,px083_policy_transfer/results/METRICS.json,T1105,T1105,14
PX083-0002,PX083,casino,clean,,fixed_fusion,,False,,20260920,2,px083_policy_transfer/results/METRICS.json,OtherTechnique,OtherTechnique,895
PX083-0002,PX083,casino,clean,,fixed_fusion,,False,,20260920,2,px083_policy_transfer/results/METRICS.json,OtherTechnique,T1105,8
PX083-0002,PX083,casino,clean,,fixed_fusion,,False,,20260920,2,px083_policy_transfer/results/METRICS.json,T1105,OtherTechnique,3
PX083-0002,PX083,casino,clean,,fixed_fusion,,False,,20260920,2,px083_policy_transfer/results/METRICS.json,T1105,T1105,14
PX083-0003,PX083,casino,clean,,mixed_dropout,,False,,20260920,3,px083_policy_transfer/results/METRICS.json,OtherTechnique,OtherTechnique,886
PX083-0003,PX083,casino,clean,,mixed_dropout,,False,,20260920,3,px083_policy_transfer/results/METRICS.json,OtherTechnique,T1105,17
PX083-0003,PX083,casino,clean,,mixed_dropout,,False,,20260920,3,px083_policy_transfer/results/METRICS.json,T1105,OtherTechnique,3
PX083-0003,PX083,casino,clean,,mixed_dropout,,False,,20260920,3,px083_policy_transfer/results/METRICS.json,T1105,T1105,14
PX083-0004,PX083,casino,clean,,confidence_gate,,False,,20260920,4,px083_policy_transfer/results/METRICS.json,OtherTechnique,OtherTechnique,895
PX083-0004,PX083,casino,clean,,confidence_gate,,False,,20260920,4,px083_policy_transfer/results/METRICS.json,OtherTechnique,T1105,8
PX083-0004,PX083,casino,clean,,confidence_gate,,False,,20260920,4,px083_policy_transfer/results/METRICS.json,T1105,OtherTechnique,3
PX083-0004,PX083,casino,clean,,confidence_gate,,False,,20260920,4,px083_policy_transfer/results/METRICS.json,T1105,T1105,14
PX083-0005,PX083,casino,clean,,ordinary_gate,,False,,20260920,5,px083_policy_transfer/results/METRICS.json,OtherTechnique,OtherTechnique,896
PX083-0005,PX083,casino,clean,,ordinary_gate,,False,,20260920,5,px083_policy_transfer/results/METRICS.json,OtherTechnique,T1105,7
PX083-0005,PX083,casino,clean,,ordinary_gate,,False,,20260920,5,px083_policy_transfer/results/METRICS.json,T1105,OtherTechnique,3
PX083-0005,PX083,casino,clean,,ordinary_gate,,False,,20260920,5,px083_policy_transfer/results/METRICS.json,T1105,T1105,14
PX083-0006,PX083,casino,clean,,target_cost_gate,,False,,20260920,6,px083_policy_transfer/results/METRICS.json,OtherTechnique,OtherTechnique,887
PX083-0006,PX083,casino,clean,,target_cost_gate,,False,,20260920,6,px083_policy_transfer/results/METRICS.json,OtherTechnique,T1105,16
PX083-0006,PX083,casino,clean,,target_cost_gate,,False,,20260920,6,px083_policy_transfer/results/METRICS.json,T1105,OtherTechnique,3
PX083-0006,PX083,casino,clean,,target_cost_gate,,False,,20260920,6,px083_policy_transfer/results/METRICS.json,T1105,T1105,14
PX083-0007,PX083,casino,random_25,,current,,False,,20260920,7,px083_policy_transfer/results/METRICS.json,OtherTechnique,OtherTechnique,862
PX083-0007,PX083,casino,random_25,,current,,False,,20260920,7,px083_policy_transfer/results/METRICS.json,OtherTechnique,T1105,41
PX083-0007,PX083,casino,random_25,,current,,False,,20260920,7,px083_policy_transfer/results/METRICS.json,T1105,OtherTechnique,3
PX083-0007,PX083,casino,random_25,,current,,False,,20260920,7,px083_policy_transfer/results/METRICS.json,T1105,T1105,14
PX083-0008,PX083,casino,random_25,,context,,False,,20260920,8,px083_policy_transfer/results/METRICS.json,OtherTechnique,OtherTechnique,876
PX083-0008,PX083,casino,random_25,,context,,False,,20260920,8,px083_policy_transfer/results/METRICS.json,OtherTechnique,T1105,27
PX083-0008,PX083,casino,random_25,,context,,False,,20260920,8,px083_policy_transfer/results/METRICS.json,T1105,OtherTechnique,3
PX083-0008,PX083,casino,random_25,,context,,False,,20260920,8,px083_policy_transfer/results/METRICS.json,T1105,T1105,14
PX083-0009,PX083,casino,random_25,,fixed_fusion,,False,,20260920,9,px083_policy_transfer/results/METRICS.json,OtherTechnique,OtherTechnique,874
PX083-0009,PX083,casino,random_25,,fixed_fusion,,False,,20260920,9,px083_policy_transfer/results/METRICS.json,OtherTechnique,T1105,29
PX083-0009,PX083,casino,random_25,,fixed_fusion,,False,,20260920,9,px083_policy_transfer/results/METRICS.json,T1105,OtherTechnique,3
PX083-0009,PX083,casino,random_25,,fixed_fusion,,False,,20260920,9,px083_policy_transfer/results/METRICS.json,T1105,T1105,14
PX083-0010,PX083,casino,random_25,,mixed_dropout,,False,,20260920,10,px083_policy_transfer/results/METRICS.json,OtherTechnique,OtherTechnique,876
PX083-0010,PX083,casino,random_25,,mixed_dropout,,False,,20260920,10,px083_policy_transfer/results/METRICS.json,OtherTechnique,T1105,27
PX083-0010,PX083,casino,random_25,,mixed_dropout,,False,,20260920,10,px083_policy_transfer/results/METRICS.json,T1105,OtherTechnique,3
PX083-0010,PX083,casino,random_25,,mixed_dropout,,False,,20260920,10,px083_policy_transfer/results/METRICS.json,T1105,T1105,14
PX083-0011,PX083,casino,random_25,,confidence_gate,,False,,20260920,11,px083_policy_transfer/results/METRICS.json,OtherTechnique,OtherTechnique,874
PX083-0011,PX083,casino,random_25,,confidence_gate,,False,,20260920,11,px083_policy_transfer/results/METRICS.json,OtherTechnique,T1105,29
PX083-0011,PX083,casino,random_25,,confidence_gate,,False,,20260920,11,px083_policy_transfer/results/METRICS.json,T1105,OtherTechnique,3
PX083-0011,PX083,casino,random_25,,confidence_gate,,False,,20260920,11,px083_policy_transfer/results/METRICS.json,T1105,T1105,14
PX083-0012,PX083,casino,random_25,,ordinary_gate,,False,,20260920,12,px083_policy_transfer/results/METRICS.json,OtherTechnique,OtherTechnique,862
PX083-0012,PX083,casino,random_25,,ordinary_gate,,False,,20260920,12,px083_policy_transfer/results/METRICS.json,OtherTechnique,T1105,41
PX083-0012,PX083,casino,random_25,,ordinary_gate,,False,,20260920,12,px083_policy_transfer/results/METRICS.json,T1105,OtherTechnique,3
PX083-0012,PX083,casino,random_25,,ordinary_gate,,False,,20260920,12,px083_policy_transfer/results/METRICS.json,T1105,T1105,14
PX083-0013,PX083,casino,random_25,,target_cost_gate,,False,,20260920,13,px083_policy_transfer/results/METRICS.json,OtherTechnique,OtherTechnique,876
PX083-0013,PX083,casino,random_25,,target_cost_gate,,False,,20260920,13,px083_policy_transfer/results/METRICS.json,OtherTechnique,T1105,27
PX083-0013,PX083,casino,random_25,,target_cost_gate,,False,,20260920,13,px083_policy_transfer/results/METRICS.json,T1105,OtherTechnique,3
PX083-0013,PX083,casino,random_25,,target_cost_gate,,False,,20260920,13,px083_policy_transfer/results/METRICS.json,T1105,T1105,14
PX083-0014,PX083,casino,random_25,,current,,False,,20260921,14,px083_policy_transfer/results/METRICS.json,OtherTechnique,OtherTechnique,860
PX083-0014,PX083,casino,random_25,,current,,False,,20260921,14,px083_policy_transfer/results/METRICS.json,OtherTechnique,T1105,43
PX083-0014,PX083,casino,random_25,,current,,False,,20260921,14,px083_policy_transfer/results/METRICS.json,T1105,OtherTechnique,1
PX083-0014,PX083,casino,random_25,,current,,False,,20260921,14,px083_policy_transfer/results/METRICS.json,T1105,T1105,16
PX083-0015,PX083,casino,random_25,,context,,False,,20260921,15,px083_policy_transfer/results/METRICS.json,OtherTechnique,OtherTechnique,884
PX083-0015,PX083,casino,random_25,,context,,False,,20260921,15,px083_policy_transfer/results/METRICS.json,OtherTechnique,T1105,19
PX083-0015,PX083,casino,random_25,,context,,False,,20260921,15,px083_policy_transfer/results/METRICS.json,T1105,OtherTechnique,3
PX083-0015,PX083,casino,random_25,,context,,False,,20260921,15,px083_policy_transfer/results/METRICS.json,T1105,T1105,14
PX083-0016,PX083,casino,random_25,,fixed_fusion,,False,,20260921,16,px083_policy_transfer/results/METRICS.json,OtherTechnique,OtherTechnique,876
PX083-0016,PX083,casino,random_25,,fixed_fusion,,False,,20260921,16,px083_policy_transfer/results/METRICS.json,OtherTechnique,T1105,27
PX083-0016,PX083,casino,random_25,,fixed_fusion,,False,,20260921,16,px083_policy_transfer/results/METRICS.json,T1105,OtherTechnique,2
PX083-0016,PX083,casino,random_25,,fixed_fusion,,False,,20260921,16,px083_policy_transfer/results/METRICS.json,T1105,T1105,15
PX083-0017,PX083,casino,random_25,,mixed_dropout,,False,,20260921,17,px083_policy_transfer/results/METRICS.json,OtherTechnique,OtherTechnique,888
PX083-0017,PX083,casino,random_25,,mixed_dropout,,False,,20260921,17,px083_policy_transfer/results/METRICS.json,OtherTechnique,T1105,15
PX083-0017,PX083,casino,random_25,,mixed_dropout,,False,,20260921,17,px083_policy_transfer/results/METRICS.json,T1105,OtherTechnique,3
PX083-0017,PX083,casino,random_25,,mixed_dropout,,False,,20260921,17,px083_policy_transfer/results/METRICS.json,T1105,T1105,14
PX083-0018,PX083,casino,random_25,,confidence_gate,,False,,20260921,18,px083_policy_transfer/results/METRICS.json,OtherTechnique,OtherTechnique,876
PX083-0018,PX083,casino,random_25,,confidence_gate,,False,,20260921,18,px083_policy_transfer/results/METRICS.json,OtherTechnique,T1105,27
PX083-0018,PX083,casino,random_25,,confidence_gate,,False,,20260921,18,px083_policy_transfer/results/METRICS.json,T1105,OtherTechnique,2
PX083-0018,PX083,casino,random_25,,confidence_gate,,False,,20260921,18,px083_policy_transfer/results/METRICS.json,T1105,T1105,15
PX083-0019,PX083,casino,random_25,,ordinary_gate,,False,,20260921,19,px083_policy_transfer/results/METRICS.json,OtherTechnique,OtherTechnique,860
PX083-0019,PX083,casino,random_25,,ordinary_gate,,False,,20260921,19,px083_policy_transfer/results/METRICS.json,OtherTechnique,T1105,43
PX083-0019,PX083,casino,random_25,,ordinary_gate,,False,,20260921,19,px083_policy_transfer/results/METRICS.json,T1105,OtherTechnique,1
PX083-0019,PX083,casino,random_25,,ordinary_gate,,False,,20260921,19,px083_policy_transfer/results/METRICS.json,T1105,T1105,16
PX083-0020,PX083,casino,random_25,,target_cost_gate,,False,,20260921,20,px083_policy_transfer/results/METRICS.json,OtherTechnique,OtherTechnique,884
PX083-0020,PX083,casino,random_25,,target_cost_gate,,False,,20260921,20,px083_policy_transfer/results/METRICS.json,OtherTechnique,T1105,19
PX083-0020,PX083,casino,random_25,,target_cost_gate,,False,,20260921,20,px083_policy_transfer/results/METRICS.json,T1105,OtherTechnique,3
PX083-0020,PX083,casino,random_25,,target_cost_gate,,False,,20260921,20,px083_policy_transfer/results/METRICS.json,T1105,T1105,14
PX083-0021,PX083,casino,random_25,,current,,False,,20260922,21,px083_policy_transfer/results/METRICS.json,OtherTechnique,OtherTechnique,862
PX083-0021,PX083,casino,random_25,,current,,False,,20260922,21,px083_policy_transfer/results/METRICS.json,OtherTechnique,T1105,41
PX083-0021,PX083,casino,random_25,,current,,False,,20260922,21,px083_policy_transfer/results/METRICS.json,T1105,OtherTechnique,3
PX083-0021,PX083,casino,random_25,,current,,False,,20260922,21,px083_policy_transfer/results/METRICS.json,T1105,T1105,14
PX083-0022,PX083,casino,random_25,,context,,False,,20260922,22,px083_policy_transfer/results/METRICS.json,OtherTechnique,OtherTechnique,882
PX083-0022,PX083,casino,random_25,,context,,False,,20260922,22,px083_policy_transfer/results/METRICS.json,OtherTechnique,T1105,21
PX083-0022,PX083,casino,random_25,,context,,False,,20260922,22,px083_policy_transfer/results/METRICS.json,T1105,OtherTechnique,3
PX083-0022,PX083,casino,random_25,,context,,False,,20260922,22,px083_policy_transfer/results/METRICS.json,T1105,T1105,14
PX083-0023,PX083,casino,random_25,,fixed_fusion,,False,,20260922,23,px083_policy_transfer/results/METRICS.json,OtherTechnique,OtherTechnique,868
PX083-0023,PX083,casino,random_25,,fixed_fusion,,False,,20260922,23,px083_policy_transfer/results/METRICS.json,OtherTechnique,T1105,35
PX083-0023,PX083,casino,random_25,,fixed_fusion,,False,,20260922,23,px083_policy_transfer/results/METRICS.json,T1105,OtherTechnique,3
PX083-0023,PX083,casino,random_25,,fixed_fusion,,False,,20260922,23,px083_policy_transfer/results/METRICS.json,T1105,T1105,14
PX083-0024,PX083,casino,random_25,,mixed_dropout,,False,,20260922,24,px083_policy_transfer/results/METRICS.json,OtherTechnique,OtherTechnique,883
PX083-0024,PX083,casino,random_25,,mixed_dropout,,False,,20260922,24,px083_policy_transfer/results/METRICS.json,OtherTechnique,T1105,20
PX083-0024,PX083,casino,random_25,,mixed_dropout,,False,,20260922,24,px083_policy_transfer/results/METRICS.json,T1105,OtherTechnique,3
PX083-0024,PX083,casino,random_25,,mixed_dropout,,False,,20260922,24,px083_policy_transfer/results/METRICS.json,T1105,T1105,14
PX083-0025,PX083,casino,random_25,,confidence_gate,,False,,20260922,25,px083_policy_transfer/results/METRICS.json,OtherTechnique,OtherTechnique,868
PX083-0025,PX083,casino,random_25,,confidence_gate,,False,,20260922,25,px083_policy_transfer/results/METRICS.json,OtherTechnique,T1105,35
PX083-0025,PX083,casino,random_25,,confidence_gate,,False,,20260922,25,px083_policy_transfer/results/METRICS.json,T1105,OtherTechnique,3
PX083-0025,PX083,casino,random_25,,confidence_gate,,False,,20260922,25,px083_policy_transfer/results/METRICS.json,T1105,T1105,14
PX083-0026,PX083,casino,random_25,,ordinary_gate,,False,,20260922,26,px083_policy_transfer/results/METRICS.json,OtherTechnique,OtherTechnique,862
PX083-0026,PX083,casino,random_25,,ordinary_gate,,False,,20260922,26,px083_policy_transfer/results/METRICS.json,OtherTechnique,T1105,41
PX083-0026,PX083,casino,random_25,,ordinary_gate,,False,,20260922,26,px083_policy_transfer/results/METRICS.json,T1105,OtherTechnique,3
PX083-0026,PX083,casino,random_25,,ordinary_gate,,False,,20260922,26,px083_policy_transfer/results/METRICS.json,T1105,T1105,14
PX083-0027,PX083,casino,random_25,,target_cost_gate,,False,,20260922,27,px083_policy_transfer/results/METRICS.json,OtherTechnique,OtherTechnique,882
PX083-0027,PX083,casino,random_25,,target_cost_gate,,False,,20260922,27,px083_policy_transfer/results/METRICS.json,OtherTechnique,T1105,21
PX083-0027,PX083,casino,random_25,,target_cost_gate,,False,,20260922,27,px083_policy_transfer/results/METRICS.json,T1105,OtherTechnique,3
PX083-0027,PX083,casino,random_25,,target_cost_gate,,False,,20260922,27,px083_policy_transfer/results/METRICS.json,T1105,T1105,14
PX083-0028,PX083,casino,random_50,,current,,False,,20260920,28,px083_policy_transfer/results/METRICS.json,OtherTechnique,OtherTechnique,815
PX083-0028,PX083,casino,random_50,,current,,False,,20260920,28,px083_policy_transfer/results/METRICS.json,OtherTechnique,T1105,88
PX083-0028,PX083,casino,random_50,,current,,False,,20260920,28,px083_policy_transfer/results/METRICS.json,T1105,OtherTechnique,3
PX083-0028,PX083,casino,random_50,,current,,False,,20260920,28,px083_policy_transfer/results/METRICS.json,T1105,T1105,14
PX083-0029,PX083,casino,random_50,,context,,False,,20260920,29,px083_policy_transfer/results/METRICS.json,OtherTechnique,OtherTechnique,848
PX083-0029,PX083,casino,random_50,,context,,False,,20260920,29,px083_policy_transfer/results/METRICS.json,OtherTechnique,T1105,55
PX083-0029,PX083,casino,random_50,,context,,False,,20260920,29,px083_policy_transfer/results/METRICS.json,T1105,OtherTechnique,4
PX083-0029,PX083,casino,random_50,,context,,False,,20260920,29,px083_policy_transfer/results/METRICS.json,T1105,T1105,13
PX083-0030,PX083,casino,random_50,,fixed_fusion,,False,,20260920,30,px083_policy_transfer/results/METRICS.json,OtherTechnique,OtherTechnique,832
PX083-0030,PX083,casino,random_50,,fixed_fusion,,False,,20260920,30,px083_policy_transfer/results/METRICS.json,OtherTechnique,T1105,71
PX083-0030,PX083,casino,random_50,,fixed_fusion,,False,,20260920,30,px083_policy_transfer/results/METRICS.json,T1105,OtherTechnique,3
PX083-0030,PX083,casino,random_50,,fixed_fusion,,False,,20260920,30,px083_policy_transfer/results/METRICS.json,T1105,T1105,14
PX083-0031,PX083,casino,random_50,,mixed_dropout,,False,,20260920,31,px083_policy_transfer/results/METRICS.json,OtherTechnique,OtherTechnique,855
PX083-0031,PX083,casino,random_50,,mixed_dropout,,False,,20260920,31,px083_policy_transfer/results/METRICS.json,OtherTechnique,T1105,48
PX083-0031,PX083,casino,random_50,,mixed_dropout,,False,,20260920,31,px083_policy_transfer/results/METRICS.json,T1105,OtherTechnique,4
PX083-0031,PX083,casino,random_50,,mixed_dropout,,False,,20260920,31,px083_policy_transfer/results/METRICS.json,T1105,T1105,13
PX083-0032,PX083,casino,random_50,,confidence_gate,,False,,20260920,32,px083_policy_transfer/results/METRICS.json,OtherTechnique,OtherTechnique,832
PX083-0032,PX083,casino,random_50,,confidence_gate,,False,,20260920,32,px083_policy_transfer/results/METRICS.json,OtherTechnique,T1105,71
PX083-0032,PX083,casino,random_50,,confidence_gate,,False,,20260920,32,px083_policy_transfer/results/METRICS.json,T1105,OtherTechnique,3
PX083-0032,PX083,casino,random_50,,confidence_gate,,False,,20260920,32,px083_policy_transfer/results/METRICS.json,T1105,T1105,14
PX083-0033,PX083,casino,random_50,,ordinary_gate,,False,,20260920,33,px083_policy_transfer/results/METRICS.json,OtherTechnique,OtherTechnique,815
PX083-0033,PX083,casino,random_50,,ordinary_gate,,False,,20260920,33,px083_policy_transfer/results/METRICS.json,OtherTechnique,T1105,88
PX083-0033,PX083,casino,random_50,,ordinary_gate,,False,,20260920,33,px083_policy_transfer/results/METRICS.json,T1105,OtherTechnique,3
PX083-0033,PX083,casino,random_50,,ordinary_gate,,False,,20260920,33,px083_policy_transfer/results/METRICS.json,T1105,T1105,14
PX083-0034,PX083,casino,random_50,,target_cost_gate,,False,,20260920,34,px083_policy_transfer/results/METRICS.json,OtherTechnique,OtherTechnique,848
PX083-0034,PX083,casino,random_50,,target_cost_gate,,False,,20260920,34,px083_policy_transfer/results/METRICS.json,OtherTechnique,T1105,55
PX083-0034,PX083,casino,random_50,,target_cost_gate,,False,,20260920,34,px083_policy_transfer/results/METRICS.json,T1105,OtherTechnique,4
PX083-0034,PX083,casino,random_50,,target_cost_gate,,False,,20260920,34,px083_policy_transfer/results/METRICS.json,T1105,T1105,13
PX083-0035,PX083,casino,random_50,,current,,False,,20260921,35,px083_policy_transfer/results/METRICS.json,OtherTechnique,OtherTechnique,805
PX083-0035,PX083,casino,random_50,,current,,False,,20260921,35,px083_policy_transfer/results/METRICS.json,OtherTechnique,T1105,98
PX083-0035,PX083,casino,random_50,,current,,False,,20260921,35,px083_policy_transfer/results/METRICS.json,T1105,OtherTechnique,2
PX083-0035,PX083,casino,random_50,,current,,False,,20260921,35,px083_policy_transfer/results/METRICS.json,T1105,T1105,15
PX083-0036,PX083,casino,random_50,,context,,False,,20260921,36,px083_policy_transfer/results/METRICS.json,OtherTechnique,OtherTechnique,858
PX083-0036,PX083,casino,random_50,,context,,False,,20260921,36,px083_policy_transfer/results/METRICS.json,OtherTechnique,T1105,45
PX083-0036,PX083,casino,random_50,,context,,False,,20260921,36,px083_policy_transfer/results/METRICS.json,T1105,OtherTechnique,4
PX083-0036,PX083,casino,random_50,,context,,False,,20260921,36,px083_policy_transfer/results/METRICS.json,T1105,T1105,13
PX083-0037,PX083,casino,random_50,,fixed_fusion,,False,,20260921,37,px083_policy_transfer/results/METRICS.json,OtherTechnique,OtherTechnique,836
PX083-0037,PX083,casino,random_50,,fixed_fusion,,False,,20260921,37,px083_policy_transfer/results/METRICS.json,OtherTechnique,T1105,67
PX083-0037,PX083,casino,random_50,,fixed_fusion,,False,,20260921,37,px083_policy_transfer/results/METRICS.json,T1105,OtherTechnique,3
PX083-0037,PX083,casino,random_50,,fixed_fusion,,False,,20260921,37,px083_policy_transfer/results/METRICS.json,T1105,T1105,14
PX083-0038,PX083,casino,random_50,,mixed_dropout,,False,,20260921,38,px083_policy_transfer/results/METRICS.json,OtherTechnique,OtherTechnique,866
PX083-0038,PX083,casino,random_50,,mixed_dropout,,False,,20260921,38,px083_policy_transfer/results/METRICS.json,OtherTechnique,T1105,37
PX083-0038,PX083,casino,random_50,,mixed_dropout,,False,,20260921,38,px083_policy_transfer/results/METRICS.json,T1105,OtherTechnique,4
PX083-0038,PX083,casino,random_50,,mixed_dropout,,False,,20260921,38,px083_policy_transfer/results/METRICS.json,T1105,T1105,13
PX083-0039,PX083,casino,random_50,,confidence_gate,,False,,20260921,39,px083_policy_transfer/results/METRICS.json,OtherTechnique,OtherTechnique,836
PX083-0039,PX083,casino,random_50,,confidence_gate,,False,,20260921,39,px083_policy_transfer/results/METRICS.json,OtherTechnique,T1105,67
PX083-0039,PX083,casino,random_50,,confidence_gate,,False,,20260921,39,px083_policy_transfer/results/METRICS.json,T1105,OtherTechnique,3
PX083-0039,PX083,casino,random_50,,confidence_gate,,False,,20260921,39,px083_policy_transfer/results/METRICS.json,T1105,T1105,14
PX083-0040,PX083,casino,random_50,,ordinary_gate,,False,,20260921,40,px083_policy_transfer/results/METRICS.json,OtherTechnique,OtherTechnique,805
PX083-0040,PX083,casino,random_50,,ordinary_gate,,False,,20260921,40,px083_policy_transfer/results/METRICS.json,OtherTechnique,T1105,98
PX083-0040,PX083,casino,random_50,,ordinary_gate,,False,,20260921,40,px083_policy_transfer/results/METRICS.json,T1105,OtherTechnique,2
PX083-0040,PX083,casino,random_50,,ordinary_gate,,False,,20260921,40,px083_policy_transfer/results/METRICS.json,T1105,T1105,15
PX083-0041,PX083,casino,random_50,,target_cost_gate,,False,,20260921,41,px083_policy_transfer/results/METRICS.json,OtherTechnique,OtherTechnique,858
PX083-0041,PX083,casino,random_50,,target_cost_gate,,False,,20260921,41,px083_policy_transfer/results/METRICS.json,OtherTechnique,T1105,45
PX083-0041,PX083,casino,random_50,,target_cost_gate,,False,,20260921,41,px083_policy_transfer/results/METRICS.json,T1105,OtherTechnique,4
PX083-0041,PX083,casino,random_50,,target_cost_gate,,False,,20260921,41,px083_policy_transfer/results/METRICS.json,T1105,T1105,13
PX083-0042,PX083,casino,random_50,,current,,False,,20260922,42,px083_policy_transfer/results/METRICS.json,OtherTechnique,OtherTechnique,805
PX083-0042,PX083,casino,random_50,,current,,False,,20260922,42,px083_policy_transfer/results/METRICS.json,OtherTechnique,T1105,98
PX083-0042,PX083,casino,random_50,,current,,False,,20260922,42,px083_policy_transfer/results/METRICS.json,T1105,OtherTechnique,1
PX083-0042,PX083,casino,random_50,,current,,False,,20260922,42,px083_policy_transfer/results/METRICS.json,T1105,T1105,16
PX083-0043,PX083,casino,random_50,,context,,False,,20260922,43,px083_policy_transfer/results/METRICS.json,OtherTechnique,OtherTechnique,844
PX083-0043,PX083,casino,random_50,,context,,False,,20260922,43,px083_policy_transfer/results/METRICS.json,OtherTechnique,T1105,59
PX083-0043,PX083,casino,random_50,,context,,False,,20260922,43,px083_policy_transfer/results/METRICS.json,T1105,OtherTechnique,2
PX083-0043,PX083,casino,random_50,,context,,False,,20260922,43,px083_policy_transfer/results/METRICS.json,T1105,T1105,15
PX083-0044,PX083,casino,random_50,,fixed_fusion,,False,,20260922,44,px083_policy_transfer/results/METRICS.json,OtherTechnique,OtherTechnique,824
PX083-0044,PX083,casino,random_50,,fixed_fusion,,False,,20260922,44,px083_policy_transfer/results/METRICS.json,OtherTechnique,T1105,79
PX083-0044,PX083,casino,random_50,,fixed_fusion,,False,,20260922,44,px083_policy_transfer/results/METRICS.json,T1105,OtherTechnique,2
PX083-0044,PX083,casino,random_50,,fixed_fusion,,False,,20260922,44,px083_policy_transfer/results/METRICS.json,T1105,T1105,15
PX083-0045,PX083,casino,random_50,,mixed_dropout,,False,,20260922,45,px083_policy_transfer/results/METRICS.json,OtherTechnique,OtherTechnique,859
PX083-0045,PX083,casino,random_50,,mixed_dropout,,False,,20260922,45,px083_policy_transfer/results/METRICS.json,OtherTechnique,T1105,44
PX083-0045,PX083,casino,random_50,,mixed_dropout,,False,,20260922,45,px083_policy_transfer/results/METRICS.json,T1105,OtherTechnique,3
PX083-0045,PX083,casino,random_50,,mixed_dropout,,False,,20260922,45,px083_policy_transfer/results/METRICS.json,T1105,T1105,14
PX083-0046,PX083,casino,random_50,,confidence_gate,,False,,20260922,46,px083_policy_transfer/results/METRICS.json,OtherTechnique,OtherTechnique,824
PX083-0046,PX083,casino,random_50,,confidence_gate,,False,,20260922,46,px083_policy_transfer/results/METRICS.json,OtherTechnique,T1105,79
PX083-0046,PX083,casino,random_50,,confidence_gate,,False,,20260922,46,px083_policy_transfer/results/METRICS.json,T1105,OtherTechnique,2
PX083-0046,PX083,casino,random_50,,confidence_gate,,False,,20260922,46,px083_policy_transfer/results/METRICS.json,T1105,T1105,15
PX083-0047,PX083,casino,random_50,,ordinary_gate,,False,,20260922,47,px083_policy_transfer/results/METRICS.json,OtherTechnique,OtherTechnique,805
PX083-0047,PX083,casino,random_50,,ordinary_gate,,False,,20260922,47,px083_policy_transfer/results/METRICS.json,OtherTechnique,T1105,98
PX083-0047,PX083,casino,random_50,,ordinary_gate,,False,,20260922,47,px083_policy_transfer/results/METRICS.json,T1105,OtherTechnique,1
PX083-0047,PX083,casino,random_50,,ordinary_gate,,False,,20260922,47,px083_policy_transfer/results/METRICS.json,T1105,T1105,16
PX083-0048,PX083,casino,random_50,,target_cost_gate,,False,,20260922,48,px083_policy_transfer/results/METRICS.json,OtherTechnique,OtherTechnique,844
PX083-0048,PX083,casino,random_50,,target_cost_gate,,False,,20260922,48,px083_policy_transfer/results/METRICS.json,OtherTechnique,T1105,59
PX083-0048,PX083,casino,random_50,,target_cost_gate,,False,,20260922,48,px083_policy_transfer/results/METRICS.json,T1105,OtherTechnique,2
PX083-0048,PX083,casino,random_50,,target_cost_gate,,False,,20260922,48,px083_policy_transfer/results/METRICS.json,T1105,T1105,15
PX083-0049,PX083,casino,random_75,,current,,False,,20260920,49,px083_policy_transfer/results/METRICS.json,OtherTechnique,OtherTechnique,754
PX083-0049,PX083,casino,random_75,,current,,False,,20260920,49,px083_policy_transfer/results/METRICS.json,OtherTechnique,T1105,149
PX083-0049,PX083,casino,random_75,,current,,False,,20260920,49,px083_policy_transfer/results/METRICS.json,T1105,OtherTechnique,8
PX083-0049,PX083,casino,random_75,,current,,False,,20260920,49,px083_policy_transfer/results/METRICS.json,T1105,T1105,9
PX083-0050,PX083,casino,random_75,,context,,False,,20260920,50,px083_policy_transfer/results/METRICS.json,OtherTechnique,OtherTechnique,805
PX083-0050,PX083,casino,random_75,,context,,False,,20260920,50,px083_policy_transfer/results/METRICS.json,OtherTechnique,T1105,98
PX083-0050,PX083,casino,random_75,,context,,False,,20260920,50,px083_policy_transfer/results/METRICS.json,T1105,OtherTechnique,9
PX083-0050,PX083,casino,random_75,,context,,False,,20260920,50,px083_policy_transfer/results/METRICS.json,T1105,T1105,8
PX083-0051,PX083,casino,random_75,,fixed_fusion,,False,,20260920,51,px083_policy_transfer/results/METRICS.json,OtherTechnique,OtherTechnique,778
PX083-0051,PX083,casino,random_75,,fixed_fusion,,False,,20260920,51,px083_policy_transfer/results/METRICS.json,OtherTechnique,T1105,125
PX083-0051,PX083,casino,random_75,,fixed_fusion,,False,,20260920,51,px083_policy_transfer/results/METRICS.json,T1105,OtherTechnique,8
PX083-0051,PX083,casino,random_75,,fixed_fusion,,False,,20260920,51,px083_policy_transfer/results/METRICS.json,T1105,T1105,9
PX083-0052,PX083,casino,random_75,,mixed_dropout,,False,,20260920,52,px083_policy_transfer/results/METRICS.json,OtherTechnique,OtherTechnique,820
PX083-0052,PX083,casino,random_75,,mixed_dropout,,False,,20260920,52,px083_policy_transfer/results/METRICS.json,OtherTechnique,T1105,83
PX083-0052,PX083,casino,random_75,,mixed_dropout,,False,,20260920,52,px083_policy_transfer/results/METRICS.json,T1105,OtherTechnique,9
PX083-0052,PX083,casino,random_75,,mixed_dropout,,False,,20260920,52,px083_policy_transfer/results/METRICS.json,T1105,T1105,8
PX083-0053,PX083,casino,random_75,,confidence_gate,,False,,20260920,53,px083_policy_transfer/results/METRICS.json,OtherTechnique,OtherTechnique,778
PX083-0053,PX083,casino,random_75,,confidence_gate,,False,,20260920,53,px083_policy_transfer/results/METRICS.json,OtherTechnique,T1105,125
PX083-0053,PX083,casino,random_75,,confidence_gate,,False,,20260920,53,px083_policy_transfer/results/METRICS.json,T1105,OtherTechnique,8
PX083-0053,PX083,casino,random_75,,confidence_gate,,False,,20260920,53,px083_policy_transfer/results/METRICS.json,T1105,T1105,9
PX083-0054,PX083,casino,random_75,,ordinary_gate,,False,,20260920,54,px083_policy_transfer/results/METRICS.json,OtherTechnique,OtherTechnique,754
PX083-0054,PX083,casino,random_75,,ordinary_gate,,False,,20260920,54,px083_policy_transfer/results/METRICS.json,OtherTechnique,T1105,149
PX083-0054,PX083,casino,random_75,,ordinary_gate,,False,,20260920,54,px083_policy_transfer/results/METRICS.json,T1105,OtherTechnique,8
PX083-0054,PX083,casino,random_75,,ordinary_gate,,False,,20260920,54,px083_policy_transfer/results/METRICS.json,T1105,T1105,9
PX083-0055,PX083,casino,random_75,,target_cost_gate,,False,,20260920,55,px083_policy_transfer/results/METRICS.json,OtherTechnique,OtherTechnique,805
PX083-0055,PX083,casino,random_75,,target_cost_gate,,False,,20260920,55,px083_policy_transfer/results/METRICS.json,OtherTechnique,T1105,98
PX083-0055,PX083,casino,random_75,,target_cost_gate,,False,,20260920,55,px083_policy_transfer/results/METRICS.json,T1105,OtherTechnique,9
PX083-0055,PX083,casino,random_75,,target_cost_gate,,False,,20260920,55,px083_policy_transfer/results/METRICS.json,T1105,T1105,8
PX083-0056,PX083,casino,random_75,,current,,False,,20260921,56,px083_policy_transfer/results/METRICS.json,OtherTechnique,OtherTechnique,765
PX083-0056,PX083,casino,random_75,,current,,False,,20260921,56,px083_policy_transfer/results/METRICS.json,OtherTechnique,T1105,138
PX083-0056,PX083,casino,random_75,,current,,False,,20260921,56,px083_policy_transfer/results/METRICS.json,T1105,OtherTechnique,5
PX083-0056,PX083,casino,random_75,,current,,False,,20260921,56,px083_policy_transfer/results/METRICS.json,T1105,T1105,12
PX083-0057,PX083,casino,random_75,,context,,False,,20260921,57,px083_policy_transfer/results/METRICS.json,OtherTechnique,OtherTechnique,823
PX083-0057,PX083,casino,random_75,,context,,False,,20260921,57,px083_policy_transfer/results/METRICS.json,OtherTechnique,T1105,80
PX083-0057,PX083,casino,random_75,,context,,False,,20260921,57,px083_policy_transfer/results/METRICS.json,T1105,OtherTechnique,6
PX083-0057,PX083,casino,random_75,,context,,False,,20260921,57,px083_policy_transfer/results/METRICS.json,T1105,T1105,11
PX083-0058,PX083,casino,random_75,,fixed_fusion,,False,,20260921,58,px083_policy_transfer/results/METRICS.json,OtherTechnique,OtherTechnique,800
PX083-0058,PX083,casino,random_75,,fixed_fusion,,False,,20260921,58,px083_policy_transfer/results/METRICS.json,OtherTechnique,T1105,103
PX083-0058,PX083,casino,random_75,,fixed_fusion,,False,,20260921,58,px083_policy_transfer/results/METRICS.json,T1105,OtherTechnique,6
PX083-0058,PX083,casino,random_75,,fixed_fusion,,False,,20260921,58,px083_policy_transfer/results/METRICS.json,T1105,T1105,11
PX083-0059,PX083,casino,random_75,,mixed_dropout,,False,,20260921,59,px083_policy_transfer/results/METRICS.json,OtherTechnique,OtherTechnique,836
PX083-0059,PX083,casino,random_75,,mixed_dropout,,False,,20260921,59,px083_policy_transfer/results/METRICS.json,OtherTechnique,T1105,67
PX083-0059,PX083,casino,random_75,,mixed_dropout,,False,,20260921,59,px083_policy_transfer/results/METRICS.json,T1105,OtherTechnique,7
PX083-0059,PX083,casino,random_75,,mixed_dropout,,False,,20260921,59,px083_policy_transfer/results/METRICS.json,T1105,T1105,10
PX083-0060,PX083,casino,random_75,,confidence_gate,,False,,20260921,60,px083_policy_transfer/results/METRICS.json,OtherTechnique,OtherTechnique,800
PX083-0060,PX083,casino,random_75,,confidence_gate,,False,,20260921,60,px083_policy_transfer/results/METRICS.json,OtherTechnique,T1105,103
PX083-0060,PX083,casino,random_75,,confidence_gate,,False,,20260921,60,px083_policy_transfer/results/METRICS.json,T1105,OtherTechnique,6
PX083-0060,PX083,casino,random_75,,confidence_gate,,False,,20260921,60,px083_policy_transfer/results/METRICS.json,T1105,T1105,11
PX083-0061,PX083,casino,random_75,,ordinary_gate,,False,,20260921,61,px083_policy_transfer/results/METRICS.json,OtherTechnique,OtherTechnique,765
PX083-0061,PX083,casino,random_75,,ordinary_gate,,False,,20260921,61,px083_policy_transfer/results/METRICS.json,OtherTechnique,T1105,138
PX083-0061,PX083,casino,random_75,,ordinary_gate,,False,,20260921,61,px083_policy_transfer/results/METRICS.json,T1105,OtherTechnique,5
PX083-0061,PX083,casino,random_75,,ordinary_gate,,False,,20260921,61,px083_policy_transfer/results/METRICS.json,T1105,T1105,12
PX083-0062,PX083,casino,random_75,,target_cost_gate,,False,,20260921,62,px083_policy_transfer/results/METRICS.json,OtherTechnique,OtherTechnique,823
PX083-0062,PX083,casino,random_75,,target_cost_gate,,False,,20260921,62,px083_policy_transfer/results/METRICS.json,OtherTechnique,T1105,80
PX083-0062,PX083,casino,random_75,,target_cost_gate,,False,,20260921,62,px083_policy_transfer/results/METRICS.json,T1105,OtherTechnique,6
PX083-0062,PX083,casino,random_75,,target_cost_gate,,False,,20260921,62,px083_policy_transfer/results/METRICS.json,T1105,T1105,11
PX083-0063,PX083,casino,random_75,,current,,False,,20260922,63,px083_policy_transfer/results/METRICS.json,OtherTechnique,OtherTechnique,738
PX083-0063,PX083,casino,random_75,,current,,False,,20260922,63,px083_policy_transfer/results/METRICS.json,OtherTechnique,T1105,165
PX083-0063,PX083,casino,random_75,,current,,False,,20260922,63,px083_policy_transfer/results/METRICS.json,T1105,OtherTechnique,1
PX083-0063,PX083,casino,random_75,,current,,False,,20260922,63,px083_policy_transfer/results/METRICS.json,T1105,T1105,16
PX083-0064,PX083,casino,random_75,,context,,False,,20260922,64,px083_policy_transfer/results/METRICS.json,OtherTechnique,OtherTechnique,808
PX083-0064,PX083,casino,random_75,,context,,False,,20260922,64,px083_policy_transfer/results/METRICS.json,OtherTechnique,T1105,95
PX083-0064,PX083,casino,random_75,,context,,False,,20260922,64,px083_policy_transfer/results/METRICS.json,T1105,OtherTechnique,1
PX083-0064,PX083,casino,random_75,,context,,False,,20260922,64,px083_policy_transfer/results/METRICS.json,T1105,T1105,16
PX083-0065,PX083,casino,random_75,,fixed_fusion,,False,,20260922,65,px083_policy_transfer/results/METRICS.json,OtherTechnique,OtherTechnique,788
PX083-0065,PX083,casino,random_75,,fixed_fusion,,False,,20260922,65,px083_policy_transfer/results/METRICS.json,OtherTechnique,T1105,115
PX083-0065,PX083,casino,random_75,,fixed_fusion,,False,,20260922,65,px083_policy_transfer/results/METRICS.json,T1105,OtherTechnique,1
PX083-0065,PX083,casino,random_75,,fixed_fusion,,False,,20260922,65,px083_policy_transfer/results/METRICS.json,T1105,T1105,16
PX083-0066,PX083,casino,random_75,,mixed_dropout,,False,,20260922,66,px083_policy_transfer/results/METRICS.json,OtherTechnique,OtherTechnique,828
PX083-0066,PX083,casino,random_75,,mixed_dropout,,False,,20260922,66,px083_policy_transfer/results/METRICS.json,OtherTechnique,T1105,75
PX083-0066,PX083,casino,random_75,,mixed_dropout,,False,,20260922,66,px083_policy_transfer/results/METRICS.json,T1105,OtherTechnique,3
PX083-0066,PX083,casino,random_75,,mixed_dropout,,False,,20260922,66,px083_policy_transfer/results/METRICS.json,T1105,T1105,14
PX083-0067,PX083,casino,random_75,,confidence_gate,,False,,20260922,67,px083_policy_transfer/results/METRICS.json,OtherTechnique,OtherTechnique,788
PX083-0067,PX083,casino,random_75,,confidence_gate,,False,,20260922,67,px083_policy_transfer/results/METRICS.json,OtherTechnique,T1105,115
PX083-0067,PX083,casino,random_75,,confidence_gate,,False,,20260922,67,px083_policy_transfer/results/METRICS.json,T1105,OtherTechnique,1
PX083-0067,PX083,casino,random_75,,confidence_gate,,False,,20260922,67,px083_policy_transfer/results/METRICS.json,T1105,T1105,16
PX083-0068,PX083,casino,random_75,,ordinary_gate,,False,,20260922,68,px083_policy_transfer/results/METRICS.json,OtherTechnique,OtherTechnique,738
PX083-0068,PX083,casino,random_75,,ordinary_gate,,False,,20260922,68,px083_policy_transfer/results/METRICS.json,OtherTechnique,T1105,165
PX083-0068,PX083,casino,random_75,,ordinary_gate,,False,,20260922,68,px083_policy_transfer/results/METRICS.json,T1105,OtherTechnique,1
PX083-0068,PX083,casino,random_75,,ordinary_gate,,False,,20260922,68,px083_policy_transfer/results/METRICS.json,T1105,T1105,16
PX083-0069,PX083,casino,random_75,,target_cost_gate,,False,,20260922,69,px083_policy_transfer/results/METRICS.json,OtherTechnique,OtherTechnique,808
PX083-0069,PX083,casino,random_75,,target_cost_gate,,False,,20260922,69,px083_policy_transfer/results/METRICS.json,OtherTechnique,T1105,95
PX083-0069,PX083,casino,random_75,,target_cost_gate,,False,,20260922,69,px083_policy_transfer/results/METRICS.json,T1105,OtherTechnique,1
PX083-0069,PX083,casino,random_75,,target_cost_gate,,False,,20260922,69,px083_policy_transfer/results/METRICS.json,T1105,T1105,16
PX083-0070,PX083,casino,support_burst_60,,current,,False,,20260920,70,px083_policy_transfer/results/METRICS.json,OtherTechnique,OtherTechnique,896
PX083-0070,PX083,casino,support_burst_60,,current,,False,,20260920,70,px083_policy_transfer/results/METRICS.json,OtherTechnique,T1105,7
PX083-0070,PX083,casino,support_burst_60,,current,,False,,20260920,70,px083_policy_transfer/results/METRICS.json,T1105,OtherTechnique,3
PX083-0070,PX083,casino,support_burst_60,,current,,False,,20260920,70,px083_policy_transfer/results/METRICS.json,T1105,T1105,14
PX083-0071,PX083,casino,support_burst_60,,context,,False,,20260920,71,px083_policy_transfer/results/METRICS.json,OtherTechnique,OtherTechnique,883
PX083-0071,PX083,casino,support_burst_60,,context,,False,,20260920,71,px083_policy_transfer/results/METRICS.json,OtherTechnique,T1105,20
PX083-0071,PX083,casino,support_burst_60,,context,,False,,20260920,71,px083_policy_transfer/results/METRICS.json,T1105,OtherTechnique,2
PX083-0071,PX083,casino,support_burst_60,,context,,False,,20260920,71,px083_policy_transfer/results/METRICS.json,T1105,T1105,15
PX083-0072,PX083,casino,support_burst_60,,fixed_fusion,,False,,20260920,72,px083_policy_transfer/results/METRICS.json,OtherTechnique,OtherTechnique,891
PX083-0072,PX083,casino,support_burst_60,,fixed_fusion,,False,,20260920,72,px083_policy_transfer/results/METRICS.json,OtherTechnique,T1105,12
PX083-0072,PX083,casino,support_burst_60,,fixed_fusion,,False,,20260920,72,px083_policy_transfer/results/METRICS.json,T1105,OtherTechnique,2
PX083-0072,PX083,casino,support_burst_60,,fixed_fusion,,False,,20260920,72,px083_policy_transfer/results/METRICS.json,T1105,T1105,15
PX083-0073,PX083,casino,support_burst_60,,mixed_dropout,,False,,20260920,73,px083_policy_transfer/results/METRICS.json,OtherTechnique,OtherTechnique,874
PX083-0073,PX083,casino,support_burst_60,,mixed_dropout,,False,,20260920,73,px083_policy_transfer/results/METRICS.json,OtherTechnique,T1105,29
PX083-0073,PX083,casino,support_burst_60,,mixed_dropout,,False,,20260920,73,px083_policy_transfer/results/METRICS.json,T1105,OtherTechnique,3
PX083-0073,PX083,casino,support_burst_60,,mixed_dropout,,False,,20260920,73,px083_policy_transfer/results/METRICS.json,T1105,T1105,14
PX083-0074,PX083,casino,support_burst_60,,confidence_gate,,False,,20260920,74,px083_policy_transfer/results/METRICS.json,OtherTechnique,OtherTechnique,891
PX083-0074,PX083,casino,support_burst_60,,confidence_gate,,False,,20260920,74,px083_policy_transfer/results/METRICS.json,OtherTechnique,T1105,12
PX083-0074,PX083,casino,support_burst_60,,confidence_gate,,False,,20260920,74,px083_policy_transfer/results/METRICS.json,T1105,OtherTechnique,2
PX083-0074,PX083,casino,support_burst_60,,confidence_gate,,False,,20260920,74,px083_policy_transfer/results/METRICS.json,T1105,T1105,15
PX083-0075,PX083,casino,support_burst_60,,ordinary_gate,,False,,20260920,75,px083_policy_transfer/results/METRICS.json,OtherTechnique,OtherTechnique,896
PX083-0075,PX083,casino,support_burst_60,,ordinary_gate,,False,,20260920,75,px083_policy_transfer/results/METRICS.json,OtherTechnique,T1105,7
PX083-0075,PX083,casino,support_burst_60,,ordinary_gate,,False,,20260920,75,px083_policy_transfer/results/METRICS.json,T1105,OtherTechnique,3
PX083-0075,PX083,casino,support_burst_60,,ordinary_gate,,False,,20260920,75,px083_policy_transfer/results/METRICS.json,T1105,T1105,14
PX083-0076,PX083,casino,support_burst_60,,target_cost_gate,,False,,20260920,76,px083_policy_transfer/results/METRICS.json,OtherTechnique,OtherTechnique,883
PX083-0076,PX083,casino,support_burst_60,,target_cost_gate,,False,,20260920,76,px083_policy_transfer/results/METRICS.json,OtherTechnique,T1105,20
PX083-0076,PX083,casino,support_burst_60,,target_cost_gate,,False,,20260920,76,px083_policy_transfer/results/METRICS.json,T1105,OtherTechnique,2
PX083-0076,PX083,casino,support_burst_60,,target_cost_gate,,False,,20260920,76,px083_policy_transfer/results/METRICS.json,T1105,T1105,15
PX083-0077,PX083,casino,command_records_absent,,current,,False,,20260920,77,px083_policy_transfer/results/METRICS.json,OtherTechnique,OtherTechnique,810
PX083-0077,PX083,casino,command_records_absent,,current,,False,,20260920,77,px083_policy_transfer/results/METRICS.json,OtherTechnique,T1105,93
PX083-0077,PX083,casino,command_records_absent,,current,,False,,20260920,77,px083_policy_transfer/results/METRICS.json,T1105,OtherTechnique,3
PX083-0077,PX083,casino,command_records_absent,,current,,False,,20260920,77,px083_policy_transfer/results/METRICS.json,T1105,T1105,14
PX083-0078,PX083,casino,command_records_absent,,context,,False,,20260920,78,px083_policy_transfer/results/METRICS.json,OtherTechnique,OtherTechnique,870
PX083-0078,PX083,casino,command_records_absent,,context,,False,,20260920,78,px083_policy_transfer/results/METRICS.json,OtherTechnique,T1105,33
PX083-0078,PX083,casino,command_records_absent,,context,,False,,20260920,78,px083_policy_transfer/results/METRICS.json,T1105,OtherTechnique,6
PX083-0078,PX083,casino,command_records_absent,,context,,False,,20260920,78,px083_policy_transfer/results/METRICS.json,T1105,T1105,11
PX083-0079,PX083,casino,command_records_absent,,fixed_fusion,,False,,20260920,79,px083_policy_transfer/results/METRICS.json,OtherTechnique,OtherTechnique,874
PX083-0079,PX083,casino,command_records_absent,,fixed_fusion,,False,,20260920,79,px083_policy_transfer/results/METRICS.json,OtherTechnique,T1105,29
PX083-0079,PX083,casino,command_records_absent,,fixed_fusion,,False,,20260920,79,px083_policy_transfer/results/METRICS.json,T1105,OtherTechnique,5
PX083-0079,PX083,casino,command_records_absent,,fixed_fusion,,False,,20260920,79,px083_policy_transfer/results/METRICS.json,T1105,T1105,12
PX083-0080,PX083,casino,command_records_absent,,mixed_dropout,,False,,20260920,80,px083_policy_transfer/results/METRICS.json,OtherTechnique,OtherTechnique,802
PX083-0080,PX083,casino,command_records_absent,,mixed_dropout,,False,,20260920,80,px083_policy_transfer/results/METRICS.json,OtherTechnique,T1105,101
PX083-0080,PX083,casino,command_records_absent,,mixed_dropout,,False,,20260920,80,px083_policy_transfer/results/METRICS.json,T1105,OtherTechnique,3
PX083-0080,PX083,casino,command_records_absent,,mixed_dropout,,False,,20260920,80,px083_policy_transfer/results/METRICS.json,T1105,T1105,14
PX083-0081,PX083,casino,command_records_absent,,confidence_gate,,False,,20260920,81,px083_policy_transfer/results/METRICS.json,OtherTechnique,OtherTechnique,874
PX083-0081,PX083,casino,command_records_absent,,confidence_gate,,False,,20260920,81,px083_policy_transfer/results/METRICS.json,OtherTechnique,T1105,29
PX083-0081,PX083,casino,command_records_absent,,confidence_gate,,False,,20260920,81,px083_policy_transfer/results/METRICS.json,T1105,OtherTechnique,5
PX083-0081,PX083,casino,command_records_absent,,confidence_gate,,False,,20260920,81,px083_policy_transfer/results/METRICS.json,T1105,T1105,12
PX083-0082,PX083,casino,command_records_absent,,ordinary_gate,,False,,20260920,82,px083_policy_transfer/results/METRICS.json,OtherTechnique,OtherTechnique,810
PX083-0082,PX083,casino,command_records_absent,,ordinary_gate,,False,,20260920,82,px083_policy_transfer/results/METRICS.json,OtherTechnique,T1105,93
PX083-0082,PX083,casino,command_records_absent,,ordinary_gate,,False,,20260920,82,px083_policy_transfer/results/METRICS.json,T1105,OtherTechnique,3
PX083-0082,PX083,casino,command_records_absent,,ordinary_gate,,False,,20260920,82,px083_policy_transfer/results/METRICS.json,T1105,T1105,14
PX083-0083,PX083,casino,command_records_absent,,target_cost_gate,,False,,20260920,83,px083_policy_transfer/results/METRICS.json,OtherTechnique,OtherTechnique,870
PX083-0083,PX083,casino,command_records_absent,,target_cost_gate,,False,,20260920,83,px083_policy_transfer/results/METRICS.json,OtherTechnique,T1105,33
PX083-0083,PX083,casino,command_records_absent,,target_cost_gate,,False,,20260920,83,px083_policy_transfer/results/METRICS.json,T1105,OtherTechnique,6
PX083-0083,PX083,casino,command_records_absent,,target_cost_gate,,False,,20260920,83,px083_policy_transfer/results/METRICS.json,T1105,T1105,11
PX083-0084,PX083,casino,delay_30_deadline_0,,current,,False,,20260920,84,px083_policy_transfer/results/METRICS.json,OtherTechnique,OtherTechnique,810
PX083-0084,PX083,casino,delay_30_deadline_0,,current,,False,,20260920,84,px083_policy_transfer/results/METRICS.json,OtherTechnique,T1105,93
PX083-0084,PX083,casino,delay_30_deadline_0,,current,,False,,20260920,84,px083_policy_transfer/results/METRICS.json,T1105,OtherTechnique,3
PX083-0084,PX083,casino,delay_30_deadline_0,,current,,False,,20260920,84,px083_policy_transfer/results/METRICS.json,T1105,T1105,14
PX083-0085,PX083,casino,delay_30_deadline_0,,context,,False,,20260920,85,px083_policy_transfer/results/METRICS.json,OtherTechnique,OtherTechnique,872
PX083-0085,PX083,casino,delay_30_deadline_0,,context,,False,,20260920,85,px083_policy_transfer/results/METRICS.json,OtherTechnique,T1105,31
PX083-0085,PX083,casino,delay_30_deadline_0,,context,,False,,20260920,85,px083_policy_transfer/results/METRICS.json,T1105,OtherTechnique,6
PX083-0085,PX083,casino,delay_30_deadline_0,,context,,False,,20260920,85,px083_policy_transfer/results/METRICS.json,T1105,T1105,11
PX083-0086,PX083,casino,delay_30_deadline_0,,fixed_fusion,,False,,20260920,86,px083_policy_transfer/results/METRICS.json,OtherTechnique,OtherTechnique,877
PX083-0086,PX083,casino,delay_30_deadline_0,,fixed_fusion,,False,,20260920,86,px083_policy_transfer/results/METRICS.json,OtherTechnique,T1105,26
PX083-0086,PX083,casino,delay_30_deadline_0,,fixed_fusion,,False,,20260920,86,px083_policy_transfer/results/METRICS.json,T1105,OtherTechnique,5
PX083-0086,PX083,casino,delay_30_deadline_0,,fixed_fusion,,False,,20260920,86,px083_policy_transfer/results/METRICS.json,T1105,T1105,12
PX083-0087,PX083,casino,delay_30_deadline_0,,mixed_dropout,,False,,20260920,87,px083_policy_transfer/results/METRICS.json,OtherTechnique,OtherTechnique,807
PX083-0087,PX083,casino,delay_30_deadline_0,,mixed_dropout,,False,,20260920,87,px083_policy_transfer/results/METRICS.json,OtherTechnique,T1105,96
PX083-0087,PX083,casino,delay_30_deadline_0,,mixed_dropout,,False,,20260920,87,px083_policy_transfer/results/METRICS.json,T1105,OtherTechnique,3
PX083-0087,PX083,casino,delay_30_deadline_0,,mixed_dropout,,False,,20260920,87,px083_policy_transfer/results/METRICS.json,T1105,T1105,14
PX083-0088,PX083,casino,delay_30_deadline_0,,confidence_gate,,False,,20260920,88,px083_policy_transfer/results/METRICS.json,OtherTechnique,OtherTechnique,877
PX083-0088,PX083,casino,delay_30_deadline_0,,confidence_gate,,False,,20260920,88,px083_policy_transfer/results/METRICS.json,OtherTechnique,T1105,26
PX083-0088,PX083,casino,delay_30_deadline_0,,confidence_gate,,False,,20260920,88,px083_policy_transfer/results/METRICS.json,T1105,OtherTechnique,5
PX083-0088,PX083,casino,delay_30_deadline_0,,confidence_gate,,False,,20260920,88,px083_policy_transfer/results/METRICS.json,T1105,T1105,12
PX083-0089,PX083,casino,delay_30_deadline_0,,ordinary_gate,,False,,20260920,89,px083_policy_transfer/results/METRICS.json,OtherTechnique,OtherTechnique,810
PX083-0089,PX083,casino,delay_30_deadline_0,,ordinary_gate,,False,,20260920,89,px083_policy_transfer/results/METRICS.json,OtherTechnique,T1105,93
PX083-0089,PX083,casino,delay_30_deadline_0,,ordinary_gate,,False,,20260920,89,px083_policy_transfer/results/METRICS.json,T1105,OtherTechnique,3
PX083-0089,PX083,casino,delay_30_deadline_0,,ordinary_gate,,False,,20260920,89,px083_policy_transfer/results/METRICS.json,T1105,T1105,14
PX083-0090,PX083,casino,delay_30_deadline_0,,target_cost_gate,,False,,20260920,90,px083_policy_transfer/results/METRICS.json,OtherTechnique,OtherTechnique,872
PX083-0090,PX083,casino,delay_30_deadline_0,,target_cost_gate,,False,,20260920,90,px083_policy_transfer/results/METRICS.json,OtherTechnique,T1105,31
PX083-0090,PX083,casino,delay_30_deadline_0,,target_cost_gate,,False,,20260920,90,px083_policy_transfer/results/METRICS.json,T1105,OtherTechnique,6
PX083-0090,PX083,casino,delay_30_deadline_0,,target_cost_gate,,False,,20260920,90,px083_policy_transfer/results/METRICS.json,T1105,T1105,11
PX083-0091,PX083,casino,delay_30_deadline_30,,current,,False,,20260920,91,px083_policy_transfer/results/METRICS.json,OtherTechnique,OtherTechnique,896
PX083-0091,PX083,casino,delay_30_deadline_30,,current,,False,,20260920,91,px083_policy_transfer/results/METRICS.json,OtherTechnique,T1105,7
PX083-0091,PX083,casino,delay_30_deadline_30,,current,,False,,20260920,91,px083_policy_transfer/results/METRICS.json,T1105,OtherTechnique,3
PX083-0091,PX083,casino,delay_30_deadline_30,,current,,False,,20260920,91,px083_policy_transfer/results/METRICS.json,T1105,T1105,14
PX083-0092,PX083,casino,delay_30_deadline_30,,context,,False,,20260920,92,px083_policy_transfer/results/METRICS.json,OtherTechnique,OtherTechnique,887
PX083-0092,PX083,casino,delay_30_deadline_30,,context,,False,,20260920,92,px083_policy_transfer/results/METRICS.json,OtherTechnique,T1105,16
PX083-0092,PX083,casino,delay_30_deadline_30,,context,,False,,20260920,92,px083_policy_transfer/results/METRICS.json,T1105,OtherTechnique,3
PX083-0092,PX083,casino,delay_30_deadline_30,,context,,False,,20260920,92,px083_policy_transfer/results/METRICS.json,T1105,T1105,14
PX083-0093,PX083,casino,delay_30_deadline_30,,fixed_fusion,,False,,20260920,93,px083_policy_transfer/results/METRICS.json,OtherTechnique,OtherTechnique,895
PX083-0093,PX083,casino,delay_30_deadline_30,,fixed_fusion,,False,,20260920,93,px083_policy_transfer/results/METRICS.json,OtherTechnique,T1105,8
PX083-0093,PX083,casino,delay_30_deadline_30,,fixed_fusion,,False,,20260920,93,px083_policy_transfer/results/METRICS.json,T1105,OtherTechnique,3
PX083-0093,PX083,casino,delay_30_deadline_30,,fixed_fusion,,False,,20260920,93,px083_policy_transfer/results/METRICS.json,T1105,T1105,14
PX083-0094,PX083,casino,delay_30_deadline_30,,mixed_dropout,,False,,20260920,94,px083_policy_transfer/results/METRICS.json,OtherTechnique,OtherTechnique,886
PX083-0094,PX083,casino,delay_30_deadline_30,,mixed_dropout,,False,,20260920,94,px083_policy_transfer/results/METRICS.json,OtherTechnique,T1105,17
PX083-0094,PX083,casino,delay_30_deadline_30,,mixed_dropout,,False,,20260920,94,px083_policy_transfer/results/METRICS.json,T1105,OtherTechnique,3
PX083-0094,PX083,casino,delay_30_deadline_30,,mixed_dropout,,False,,20260920,94,px083_policy_transfer/results/METRICS.json,T1105,T1105,14
PX083-0095,PX083,casino,delay_30_deadline_30,,confidence_gate,,False,,20260920,95,px083_policy_transfer/results/METRICS.json,OtherTechnique,OtherTechnique,895
PX083-0095,PX083,casino,delay_30_deadline_30,,confidence_gate,,False,,20260920,95,px083_policy_transfer/results/METRICS.json,OtherTechnique,T1105,8
PX083-0095,PX083,casino,delay_30_deadline_30,,confidence_gate,,False,,20260920,95,px083_policy_transfer/results/METRICS.json,T1105,OtherTechnique,3
PX083-0095,PX083,casino,delay_30_deadline_30,,confidence_gate,,False,,20260920,95,px083_policy_transfer/results/METRICS.json,T1105,T1105,14
PX083-0096,PX083,casino,delay_30_deadline_30,,ordinary_gate,,False,,20260920,96,px083_policy_transfer/results/METRICS.json,OtherTechnique,OtherTechnique,896
PX083-0096,PX083,casino,delay_30_deadline_30,,ordinary_gate,,False,,20260920,96,px083_policy_transfer/results/METRICS.json,OtherTechnique,T1105,7
PX083-0096,PX083,casino,delay_30_deadline_30,,ordinary_gate,,False,,20260920,96,px083_policy_transfer/results/METRICS.json,T1105,OtherTechnique,3
PX083-0096,PX083,casino,delay_30_deadline_30,,ordinary_gate,,False,,20260920,96,px083_policy_transfer/results/METRICS.json,T1105,T1105,14
PX083-0097,PX083,casino,delay_30_deadline_30,,target_cost_gate,,False,,20260920,97,px083_policy_transfer/results/METRICS.json,OtherTechnique,OtherTechnique,887
PX083-0097,PX083,casino,delay_30_deadline_30,,target_cost_gate,,False,,20260920,97,px083_policy_transfer/results/METRICS.json,OtherTechnique,T1105,16
PX083-0097,PX083,casino,delay_30_deadline_30,,target_cost_gate,,False,,20260920,97,px083_policy_transfer/results/METRICS.json,T1105,OtherTechnique,3
PX083-0097,PX083,casino,delay_30_deadline_30,,target_cost_gate,,False,,20260920,97,px083_policy_transfer/results/METRICS.json,T1105,T1105,14
PX083-0098,PX083,casino,delay_120_deadline_0,,current,,False,,20260920,98,px083_policy_transfer/results/METRICS.json,OtherTechnique,OtherTechnique,810
PX083-0098,PX083,casino,delay_120_deadline_0,,current,,False,,20260920,98,px083_policy_transfer/results/METRICS.json,OtherTechnique,T1105,93
PX083-0098,PX083,casino,delay_120_deadline_0,,current,,False,,20260920,98,px083_policy_transfer/results/METRICS.json,T1105,OtherTechnique,3
PX083-0098,PX083,casino,delay_120_deadline_0,,current,,False,,20260920,98,px083_policy_transfer/results/METRICS.json,T1105,T1105,14
PX083-0099,PX083,casino,delay_120_deadline_0,,context,,False,,20260920,99,px083_policy_transfer/results/METRICS.json,OtherTechnique,OtherTechnique,870
PX083-0099,PX083,casino,delay_120_deadline_0,,context,,False,,20260920,99,px083_policy_transfer/results/METRICS.json,OtherTechnique,T1105,33
PX083-0099,PX083,casino,delay_120_deadline_0,,context,,False,,20260920,99,px083_policy_transfer/results/METRICS.json,T1105,OtherTechnique,6
PX083-0099,PX083,casino,delay_120_deadline_0,,context,,False,,20260920,99,px083_policy_transfer/results/METRICS.json,T1105,T1105,11
PX083-0100,PX083,casino,delay_120_deadline_0,,fixed_fusion,,False,,20260920,100,px083_policy_transfer/results/METRICS.json,OtherTechnique,OtherTechnique,874
PX083-0100,PX083,casino,delay_120_deadline_0,,fixed_fusion,,False,,20260920,100,px083_policy_transfer/results/METRICS.json,OtherTechnique,T1105,29
PX083-0100,PX083,casino,delay_120_deadline_0,,fixed_fusion,,False,,20260920,100,px083_policy_transfer/results/METRICS.json,T1105,OtherTechnique,5
PX083-0100,PX083,casino,delay_120_deadline_0,,fixed_fusion,,False,,20260920,100,px083_policy_transfer/results/METRICS.json,T1105,T1105,12
PX083-0101,PX083,casino,delay_120_deadline_0,,mixed_dropout,,False,,20260920,101,px083_policy_transfer/results/METRICS.json,OtherTechnique,OtherTechnique,802
PX083-0101,PX083,casino,delay_120_deadline_0,,mixed_dropout,,False,,20260920,101,px083_policy_transfer/results/METRICS.json,OtherTechnique,T1105,101
PX083-0101,PX083,casino,delay_120_deadline_0,,mixed_dropout,,False,,20260920,101,px083_policy_transfer/results/METRICS.json,T1105,OtherTechnique,3
PX083-0101,PX083,casino,delay_120_deadline_0,,mixed_dropout,,False,,20260920,101,px083_policy_transfer/results/METRICS.json,T1105,T1105,14
PX083-0102,PX083,casino,delay_120_deadline_0,,confidence_gate,,False,,20260920,102,px083_policy_transfer/results/METRICS.json,OtherTechnique,OtherTechnique,874
PX083-0102,PX083,casino,delay_120_deadline_0,,confidence_gate,,False,,20260920,102,px083_policy_transfer/results/METRICS.json,OtherTechnique,T1105,29
PX083-0102,PX083,casino,delay_120_deadline_0,,confidence_gate,,False,,20260920,102,px083_policy_transfer/results/METRICS.json,T1105,OtherTechnique,5
PX083-0102,PX083,casino,delay_120_deadline_0,,confidence_gate,,False,,20260920,102,px083_policy_transfer/results/METRICS.json,T1105,T1105,12
PX083-0103,PX083,casino,delay_120_deadline_0,,ordinary_gate,,False,,20260920,103,px083_policy_transfer/results/METRICS.json,OtherTechnique,OtherTechnique,810
PX083-0103,PX083,casino,delay_120_deadline_0,,ordinary_gate,,False,,20260920,103,px083_policy_transfer/results/METRICS.json,OtherTechnique,T1105,93
PX083-0103,PX083,casino,delay_120_deadline_0,,ordinary_gate,,False,,20260920,103,px083_policy_transfer/results/METRICS.json,T1105,OtherTechnique,3
PX083-0103,PX083,casino,delay_120_deadline_0,,ordinary_gate,,False,,20260920,103,px083_policy_transfer/results/METRICS.json,T1105,T1105,14
PX083-0104,PX083,casino,delay_120_deadline_0,,target_cost_gate,,False,,20260920,104,px083_policy_transfer/results/METRICS.json,OtherTechnique,OtherTechnique,870
PX083-0104,PX083,casino,delay_120_deadline_0,,target_cost_gate,,False,,20260920,104,px083_policy_transfer/results/METRICS.json,OtherTechnique,T1105,33
PX083-0104,PX083,casino,delay_120_deadline_0,,target_cost_gate,,False,,20260920,104,px083_policy_transfer/results/METRICS.json,T1105,OtherTechnique,6
PX083-0104,PX083,casino,delay_120_deadline_0,,target_cost_gate,,False,,20260920,104,px083_policy_transfer/results/METRICS.json,T1105,T1105,11
PX083-0105,PX083,casino,delay_120_deadline_30,,current,,False,,20260920,105,px083_policy_transfer/results/METRICS.json,OtherTechnique,OtherTechnique,810
PX083-0105,PX083,casino,delay_120_deadline_30,,current,,False,,20260920,105,px083_policy_transfer/results/METRICS.json,OtherTechnique,T1105,93
PX083-0105,PX083,casino,delay_120_deadline_30,,current,,False,,20260920,105,px083_policy_transfer/results/METRICS.json,T1105,OtherTechnique,3
PX083-0105,PX083,casino,delay_120_deadline_30,,current,,False,,20260920,105,px083_policy_transfer/results/METRICS.json,T1105,T1105,14
PX083-0106,PX083,casino,delay_120_deadline_30,,context,,False,,20260920,106,px083_policy_transfer/results/METRICS.json,OtherTechnique,OtherTechnique,870
PX083-0106,PX083,casino,delay_120_deadline_30,,context,,False,,20260920,106,px083_policy_transfer/results/METRICS.json,OtherTechnique,T1105,33
PX083-0106,PX083,casino,delay_120_deadline_30,,context,,False,,20260920,106,px083_policy_transfer/results/METRICS.json,T1105,OtherTechnique,6
PX083-0106,PX083,casino,delay_120_deadline_30,,context,,False,,20260920,106,px083_policy_transfer/results/METRICS.json,T1105,T1105,11
PX083-0107,PX083,casino,delay_120_deadline_30,,fixed_fusion,,False,,20260920,107,px083_policy_transfer/results/METRICS.json,OtherTechnique,OtherTechnique,874
PX083-0107,PX083,casino,delay_120_deadline_30,,fixed_fusion,,False,,20260920,107,px083_policy_transfer/results/METRICS.json,OtherTechnique,T1105,29
PX083-0107,PX083,casino,delay_120_deadline_30,,fixed_fusion,,False,,20260920,107,px083_policy_transfer/results/METRICS.json,T1105,OtherTechnique,5
PX083-0107,PX083,casino,delay_120_deadline_30,,fixed_fusion,,False,,20260920,107,px083_policy_transfer/results/METRICS.json,T1105,T1105,12
PX083-0108,PX083,casino,delay_120_deadline_30,,mixed_dropout,,False,,20260920,108,px083_policy_transfer/results/METRICS.json,OtherTechnique,OtherTechnique,801
PX083-0108,PX083,casino,delay_120_deadline_30,,mixed_dropout,,False,,20260920,108,px083_policy_transfer/results/METRICS.json,OtherTechnique,T1105,102
PX083-0108,PX083,casino,delay_120_deadline_30,,mixed_dropout,,False,,20260920,108,px083_policy_transfer/results/METRICS.json,T1105,OtherTechnique,3
PX083-0108,PX083,casino,delay_120_deadline_30,,mixed_dropout,,False,,20260920,108,px083_policy_transfer/results/METRICS.json,T1105,T1105,14
PX083-0109,PX083,casino,delay_120_deadline_30,,confidence_gate,,False,,20260920,109,px083_policy_transfer/results/METRICS.json,OtherTechnique,OtherTechnique,874
PX083-0109,PX083,casino,delay_120_deadline_30,,confidence_gate,,False,,20260920,109,px083_policy_transfer/results/METRICS.json,OtherTechnique,T1105,29
PX083-0109,PX083,casino,delay_120_deadline_30,,confidence_gate,,False,,20260920,109,px083_policy_transfer/results/METRICS.json,T1105,OtherTechnique,5
PX083-0109,PX083,casino,delay_120_deadline_30,,confidence_gate,,False,,20260920,109,px083_policy_transfer/results/METRICS.json,T1105,T1105,12
PX083-0110,PX083,casino,delay_120_deadline_30,,ordinary_gate,,False,,20260920,110,px083_policy_transfer/results/METRICS.json,OtherTechnique,OtherTechnique,810
PX083-0110,PX083,casino,delay_120_deadline_30,,ordinary_gate,,False,,20260920,110,px083_policy_transfer/results/METRICS.json,OtherTechnique,T1105,93
PX083-0110,PX083,casino,delay_120_deadline_30,,ordinary_gate,,False,,20260920,110,px083_policy_transfer/results/METRICS.json,T1105,OtherTechnique,3
PX083-0110,PX083,casino,delay_120_deadline_30,,ordinary_gate,,False,,20260920,110,px083_policy_transfer/results/METRICS.json,T1105,T1105,14
PX083-0111,PX083,casino,delay_120_deadline_30,,target_cost_gate,,False,,20260920,111,px083_policy_transfer/results/METRICS.json,OtherTechnique,OtherTechnique,870
PX083-0111,PX083,casino,delay_120_deadline_30,,target_cost_gate,,False,,20260920,111,px083_policy_transfer/results/METRICS.json,OtherTechnique,T1105,33
PX083-0111,PX083,casino,delay_120_deadline_30,,target_cost_gate,,False,,20260920,111,px083_policy_transfer/results/METRICS.json,T1105,OtherTechnique,6
PX083-0111,PX083,casino,delay_120_deadline_30,,target_cost_gate,,False,,20260920,111,px083_policy_transfer/results/METRICS.json,T1105,T1105,11
PX083-0112,PX083,casino,delay_120_deadline_120,,current,,False,,20260920,112,px083_policy_transfer/results/METRICS.json,OtherTechnique,OtherTechnique,896
PX083-0112,PX083,casino,delay_120_deadline_120,,current,,False,,20260920,112,px083_policy_transfer/results/METRICS.json,OtherTechnique,T1105,7
PX083-0112,PX083,casino,delay_120_deadline_120,,current,,False,,20260920,112,px083_policy_transfer/results/METRICS.json,T1105,OtherTechnique,3
PX083-0112,PX083,casino,delay_120_deadline_120,,current,,False,,20260920,112,px083_policy_transfer/results/METRICS.json,T1105,T1105,14
PX083-0113,PX083,casino,delay_120_deadline_120,,context,,False,,20260920,113,px083_policy_transfer/results/METRICS.json,OtherTechnique,OtherTechnique,887
PX083-0113,PX083,casino,delay_120_deadline_120,,context,,False,,20260920,113,px083_policy_transfer/results/METRICS.json,OtherTechnique,T1105,16
PX083-0113,PX083,casino,delay_120_deadline_120,,context,,False,,20260920,113,px083_policy_transfer/results/METRICS.json,T1105,OtherTechnique,3
PX083-0113,PX083,casino,delay_120_deadline_120,,context,,False,,20260920,113,px083_policy_transfer/results/METRICS.json,T1105,T1105,14
PX083-0114,PX083,casino,delay_120_deadline_120,,fixed_fusion,,False,,20260920,114,px083_policy_transfer/results/METRICS.json,OtherTechnique,OtherTechnique,895
PX083-0114,PX083,casino,delay_120_deadline_120,,fixed_fusion,,False,,20260920,114,px083_policy_transfer/results/METRICS.json,OtherTechnique,T1105,8
PX083-0114,PX083,casino,delay_120_deadline_120,,fixed_fusion,,False,,20260920,114,px083_policy_transfer/results/METRICS.json,T1105,OtherTechnique,3
PX083-0114,PX083,casino,delay_120_deadline_120,,fixed_fusion,,False,,20260920,114,px083_policy_transfer/results/METRICS.json,T1105,T1105,14
PX083-0115,PX083,casino,delay_120_deadline_120,,mixed_dropout,,False,,20260920,115,px083_policy_transfer/results/METRICS.json,OtherTechnique,OtherTechnique,886
PX083-0115,PX083,casino,delay_120_deadline_120,,mixed_dropout,,False,,20260920,115,px083_policy_transfer/results/METRICS.json,OtherTechnique,T1105,17
PX083-0115,PX083,casino,delay_120_deadline_120,,mixed_dropout,,False,,20260920,115,px083_policy_transfer/results/METRICS.json,T1105,OtherTechnique,3
PX083-0115,PX083,casino,delay_120_deadline_120,,mixed_dropout,,False,,20260920,115,px083_policy_transfer/results/METRICS.json,T1105,T1105,14
PX083-0116,PX083,casino,delay_120_deadline_120,,confidence_gate,,False,,20260920,116,px083_policy_transfer/results/METRICS.json,OtherTechnique,OtherTechnique,895
PX083-0116,PX083,casino,delay_120_deadline_120,,confidence_gate,,False,,20260920,116,px083_policy_transfer/results/METRICS.json,OtherTechnique,T1105,8
PX083-0116,PX083,casino,delay_120_deadline_120,,confidence_gate,,False,,20260920,116,px083_policy_transfer/results/METRICS.json,T1105,OtherTechnique,3
PX083-0116,PX083,casino,delay_120_deadline_120,,confidence_gate,,False,,20260920,116,px083_policy_transfer/results/METRICS.json,T1105,T1105,14
PX083-0117,PX083,casino,delay_120_deadline_120,,ordinary_gate,,False,,20260920,117,px083_policy_transfer/results/METRICS.json,OtherTechnique,OtherTechnique,896
PX083-0117,PX083,casino,delay_120_deadline_120,,ordinary_gate,,False,,20260920,117,px083_policy_transfer/results/METRICS.json,OtherTechnique,T1105,7
PX083-0117,PX083,casino,delay_120_deadline_120,,ordinary_gate,,False,,20260920,117,px083_policy_transfer/results/METRICS.json,T1105,OtherTechnique,3
PX083-0117,PX083,casino,delay_120_deadline_120,,ordinary_gate,,False,,20260920,117,px083_policy_transfer/results/METRICS.json,T1105,T1105,14
PX083-0118,PX083,casino,delay_120_deadline_120,,target_cost_gate,,False,,20260920,118,px083_policy_transfer/results/METRICS.json,OtherTechnique,OtherTechnique,887
PX083-0118,PX083,casino,delay_120_deadline_120,,target_cost_gate,,False,,20260920,118,px083_policy_transfer/results/METRICS.json,OtherTechnique,T1105,16
PX083-0118,PX083,casino,delay_120_deadline_120,,target_cost_gate,,False,,20260920,118,px083_policy_transfer/results/METRICS.json,T1105,OtherTechnique,3
PX083-0118,PX083,casino,delay_120_deadline_120,,target_cost_gate,,False,,20260920,118,px083_policy_transfer/results/METRICS.json,T1105,T1105,14
PX083-0119,PX083,casino,execve_absent,,current,,False,,20260920,119,px083_policy_transfer/results/METRICS.json,OtherTechnique,OtherTechnique,842
PX083-0119,PX083,casino,execve_absent,,current,,False,,20260920,119,px083_policy_transfer/results/METRICS.json,OtherTechnique,T1105,61
PX083-0119,PX083,casino,execve_absent,,current,,False,,20260920,119,px083_policy_transfer/results/METRICS.json,T1105,OtherTechnique,2
PX083-0119,PX083,casino,execve_absent,,current,,False,,20260920,119,px083_policy_transfer/results/METRICS.json,T1105,T1105,15
PX083-0120,PX083,casino,execve_absent,,context,,False,,20260920,120,px083_policy_transfer/results/METRICS.json,OtherTechnique,OtherTechnique,854
PX083-0120,PX083,casino,execve_absent,,context,,False,,20260920,120,px083_policy_transfer/results/METRICS.json,OtherTechnique,T1105,49
PX083-0120,PX083,casino,execve_absent,,context,,False,,20260920,120,px083_policy_transfer/results/METRICS.json,T1105,OtherTechnique,2
PX083-0120,PX083,casino,execve_absent,,context,,False,,20260920,120,px083_policy_transfer/results/METRICS.json,T1105,T1105,15
PX083-0121,PX083,casino,execve_absent,,fixed_fusion,,False,,20260920,121,px083_policy_transfer/results/METRICS.json,OtherTechnique,OtherTechnique,860
PX083-0121,PX083,casino,execve_absent,,fixed_fusion,,False,,20260920,121,px083_policy_transfer/results/METRICS.json,OtherTechnique,T1105,43
PX083-0121,PX083,casino,execve_absent,,fixed_fusion,,False,,20260920,121,px083_policy_transfer/results/METRICS.json,T1105,OtherTechnique,2
PX083-0121,PX083,casino,execve_absent,,fixed_fusion,,False,,20260920,121,px083_policy_transfer/results/METRICS.json,T1105,T1105,15
PX083-0122,PX083,casino,execve_absent,,mixed_dropout,,False,,20260920,122,px083_policy_transfer/results/METRICS.json,OtherTechnique,OtherTechnique,879
PX083-0122,PX083,casino,execve_absent,,mixed_dropout,,False,,20260920,122,px083_policy_transfer/results/METRICS.json,OtherTechnique,T1105,24
PX083-0122,PX083,casino,execve_absent,,mixed_dropout,,False,,20260920,122,px083_policy_transfer/results/METRICS.json,T1105,OtherTechnique,3
PX083-0122,PX083,casino,execve_absent,,mixed_dropout,,False,,20260920,122,px083_policy_transfer/results/METRICS.json,T1105,T1105,14
PX083-0123,PX083,casino,execve_absent,,confidence_gate,,False,,20260920,123,px083_policy_transfer/results/METRICS.json,OtherTechnique,OtherTechnique,860
PX083-0123,PX083,casino,execve_absent,,confidence_gate,,False,,20260920,123,px083_policy_transfer/results/METRICS.json,OtherTechnique,T1105,43
PX083-0123,PX083,casino,execve_absent,,confidence_gate,,False,,20260920,123,px083_policy_transfer/results/METRICS.json,T1105,OtherTechnique,2
PX083-0123,PX083,casino,execve_absent,,confidence_gate,,False,,20260920,123,px083_policy_transfer/results/METRICS.json,T1105,T1105,15
PX083-0124,PX083,casino,execve_absent,,ordinary_gate,,False,,20260920,124,px083_policy_transfer/results/METRICS.json,OtherTechnique,OtherTechnique,842
PX083-0124,PX083,casino,execve_absent,,ordinary_gate,,False,,20260920,124,px083_policy_transfer/results/METRICS.json,OtherTechnique,T1105,61
PX083-0124,PX083,casino,execve_absent,,ordinary_gate,,False,,20260920,124,px083_policy_transfer/results/METRICS.json,T1105,OtherTechnique,2
PX083-0124,PX083,casino,execve_absent,,ordinary_gate,,False,,20260920,124,px083_policy_transfer/results/METRICS.json,T1105,T1105,15
PX083-0125,PX083,casino,execve_absent,,target_cost_gate,,False,,20260920,125,px083_policy_transfer/results/METRICS.json,OtherTechnique,OtherTechnique,854
PX083-0125,PX083,casino,execve_absent,,target_cost_gate,,False,,20260920,125,px083_policy_transfer/results/METRICS.json,OtherTechnique,T1105,49
PX083-0125,PX083,casino,execve_absent,,target_cost_gate,,False,,20260920,125,px083_policy_transfer/results/METRICS.json,T1105,OtherTechnique,2
PX083-0125,PX083,casino,execve_absent,,target_cost_gate,,False,,20260920,125,px083_policy_transfer/results/METRICS.json,T1105,T1105,15
PX083-0126,PX083,casino,proctitle_absent,,current,,False,,20260920,126,px083_policy_transfer/results/METRICS.json,OtherTechnique,OtherTechnique,898
PX083-0126,PX083,casino,proctitle_absent,,current,,False,,20260920,126,px083_policy_transfer/results/METRICS.json,OtherTechnique,T1105,5
PX083-0126,PX083,casino,proctitle_absent,,current,,False,,20260920,126,px083_policy_transfer/results/METRICS.json,T1105,OtherTechnique,3
PX083-0126,PX083,casino,proctitle_absent,,current,,False,,20260920,126,px083_policy_transfer/results/METRICS.json,T1105,T1105,14
PX083-0127,PX083,casino,proctitle_absent,,context,,False,,20260920,127,px083_policy_transfer/results/METRICS.json,OtherTechnique,OtherTechnique,895
PX083-0127,PX083,casino,proctitle_absent,,context,,False,,20260920,127,px083_policy_transfer/results/METRICS.json,OtherTechnique,T1105,8
PX083-0127,PX083,casino,proctitle_absent,,context,,False,,20260920,127,px083_policy_transfer/results/METRICS.json,T1105,OtherTechnique,3
PX083-0127,PX083,casino,proctitle_absent,,context,,False,,20260920,127,px083_policy_transfer/results/METRICS.json,T1105,T1105,14
PX083-0128,PX083,casino,proctitle_absent,,fixed_fusion,,False,,20260920,128,px083_policy_transfer/results/METRICS.json,OtherTechnique,OtherTechnique,898
PX083-0128,PX083,casino,proctitle_absent,,fixed_fusion,,False,,20260920,128,px083_policy_transfer/results/METRICS.json,OtherTechnique,T1105,5
PX083-0128,PX083,casino,proctitle_absent,,fixed_fusion,,False,,20260920,128,px083_policy_transfer/results/METRICS.json,T1105,OtherTechnique,3
PX083-0128,PX083,casino,proctitle_absent,,fixed_fusion,,False,,20260920,128,px083_policy_transfer/results/METRICS.json,T1105,T1105,14
PX083-0129,PX083,casino,proctitle_absent,,mixed_dropout,,False,,20260920,129,px083_policy_transfer/results/METRICS.json,OtherTechnique,OtherTechnique,860
PX083-0129,PX083,casino,proctitle_absent,,mixed_dropout,,False,,20260920,129,px083_policy_transfer/results/METRICS.json,OtherTechnique,T1105,43
PX083-0129,PX083,casino,proctitle_absent,,mixed_dropout,,False,,20260920,129,px083_policy_transfer/results/METRICS.json,T1105,OtherTechnique,3
PX083-0129,PX083,casino,proctitle_absent,,mixed_dropout,,False,,20260920,129,px083_policy_transfer/results/METRICS.json,T1105,T1105,14
PX083-0130,PX083,casino,proctitle_absent,,confidence_gate,,False,,20260920,130,px083_policy_transfer/results/METRICS.json,OtherTechnique,OtherTechnique,898
PX083-0130,PX083,casino,proctitle_absent,,confidence_gate,,False,,20260920,130,px083_policy_transfer/results/METRICS.json,OtherTechnique,T1105,5
PX083-0130,PX083,casino,proctitle_absent,,confidence_gate,,False,,20260920,130,px083_policy_transfer/results/METRICS.json,T1105,OtherTechnique,3
PX083-0130,PX083,casino,proctitle_absent,,confidence_gate,,False,,20260920,130,px083_policy_transfer/results/METRICS.json,T1105,T1105,14
PX083-0131,PX083,casino,proctitle_absent,,ordinary_gate,,False,,20260920,131,px083_policy_transfer/results/METRICS.json,OtherTechnique,OtherTechnique,898
PX083-0131,PX083,casino,proctitle_absent,,ordinary_gate,,False,,20260920,131,px083_policy_transfer/results/METRICS.json,OtherTechnique,T1105,5
PX083-0131,PX083,casino,proctitle_absent,,ordinary_gate,,False,,20260920,131,px083_policy_transfer/results/METRICS.json,T1105,OtherTechnique,3
PX083-0131,PX083,casino,proctitle_absent,,ordinary_gate,,False,,20260920,131,px083_policy_transfer/results/METRICS.json,T1105,T1105,14
PX083-0132,PX083,casino,proctitle_absent,,target_cost_gate,,False,,20260920,132,px083_policy_transfer/results/METRICS.json,OtherTechnique,OtherTechnique,895
PX083-0132,PX083,casino,proctitle_absent,,target_cost_gate,,False,,20260920,132,px083_policy_transfer/results/METRICS.json,OtherTechnique,T1105,8
PX083-0132,PX083,casino,proctitle_absent,,target_cost_gate,,False,,20260920,132,px083_policy_transfer/results/METRICS.json,T1105,OtherTechnique,3
PX083-0132,PX083,casino,proctitle_absent,,target_cost_gate,,False,,20260920,132,px083_policy_transfer/results/METRICS.json,T1105,T1105,14
PX083-0133,PX083,casino,syscall_absent,,current,,False,,20260920,133,px083_policy_transfer/results/METRICS.json,OtherTechnique,OtherTechnique,848
PX083-0133,PX083,casino,syscall_absent,,current,,False,,20260920,133,px083_policy_transfer/results/METRICS.json,OtherTechnique,T1105,55
PX083-0133,PX083,casino,syscall_absent,,current,,False,,20260920,133,px083_policy_transfer/results/METRICS.json,T1105,OtherTechnique,1
PX083-0133,PX083,casino,syscall_absent,,current,,False,,20260920,133,px083_policy_transfer/results/METRICS.json,T1105,T1105,16
PX083-0134,PX083,casino,syscall_absent,,context,,False,,20260920,134,px083_policy_transfer/results/METRICS.json,OtherTechnique,OtherTechnique,889
PX083-0134,PX083,casino,syscall_absent,,context,,False,,20260920,134,px083_policy_transfer/results/METRICS.json,OtherTechnique,T1105,14
PX083-0134,PX083,casino,syscall_absent,,context,,False,,20260920,134,px083_policy_transfer/results/METRICS.json,T1105,OtherTechnique,2
PX083-0134,PX083,casino,syscall_absent,,context,,False,,20260920,134,px083_policy_transfer/results/METRICS.json,T1105,T1105,15
PX083-0135,PX083,casino,syscall_absent,,fixed_fusion,,False,,20260920,135,px083_policy_transfer/results/METRICS.json,OtherTechnique,OtherTechnique,878
PX083-0135,PX083,casino,syscall_absent,,fixed_fusion,,False,,20260920,135,px083_policy_transfer/results/METRICS.json,OtherTechnique,T1105,25
PX083-0135,PX083,casino,syscall_absent,,fixed_fusion,,False,,20260920,135,px083_policy_transfer/results/METRICS.json,T1105,OtherTechnique,2
PX083-0135,PX083,casino,syscall_absent,,fixed_fusion,,False,,20260920,135,px083_policy_transfer/results/METRICS.json,T1105,T1105,15
PX083-0136,PX083,casino,syscall_absent,,mixed_dropout,,False,,20260920,136,px083_policy_transfer/results/METRICS.json,OtherTechnique,OtherTechnique,899
PX083-0136,PX083,casino,syscall_absent,,mixed_dropout,,False,,20260920,136,px083_policy_transfer/results/METRICS.json,OtherTechnique,T1105,4
PX083-0136,PX083,casino,syscall_absent,,mixed_dropout,,False,,20260920,136,px083_policy_transfer/results/METRICS.json,T1105,OtherTechnique,3
PX083-0136,PX083,casino,syscall_absent,,mixed_dropout,,False,,20260920,136,px083_policy_transfer/results/METRICS.json,T1105,T1105,14
PX083-0137,PX083,casino,syscall_absent,,confidence_gate,,False,,20260920,137,px083_policy_transfer/results/METRICS.json,OtherTechnique,OtherTechnique,878
PX083-0137,PX083,casino,syscall_absent,,confidence_gate,,False,,20260920,137,px083_policy_transfer/results/METRICS.json,OtherTechnique,T1105,25
PX083-0137,PX083,casino,syscall_absent,,confidence_gate,,False,,20260920,137,px083_policy_transfer/results/METRICS.json,T1105,OtherTechnique,2
PX083-0137,PX083,casino,syscall_absent,,confidence_gate,,False,,20260920,137,px083_policy_transfer/results/METRICS.json,T1105,T1105,15
PX083-0138,PX083,casino,syscall_absent,,ordinary_gate,,False,,20260920,138,px083_policy_transfer/results/METRICS.json,OtherTechnique,OtherTechnique,848
PX083-0138,PX083,casino,syscall_absent,,ordinary_gate,,False,,20260920,138,px083_policy_transfer/results/METRICS.json,OtherTechnique,T1105,55
PX083-0138,PX083,casino,syscall_absent,,ordinary_gate,,False,,20260920,138,px083_policy_transfer/results/METRICS.json,T1105,OtherTechnique,1
PX083-0138,PX083,casino,syscall_absent,,ordinary_gate,,False,,20260920,138,px083_policy_transfer/results/METRICS.json,T1105,T1105,16
PX083-0139,PX083,casino,syscall_absent,,target_cost_gate,,False,,20260920,139,px083_policy_transfer/results/METRICS.json,OtherTechnique,OtherTechnique,889
PX083-0139,PX083,casino,syscall_absent,,target_cost_gate,,False,,20260920,139,px083_policy_transfer/results/METRICS.json,OtherTechnique,T1105,14
PX083-0139,PX083,casino,syscall_absent,,target_cost_gate,,False,,20260920,139,px083_policy_transfer/results/METRICS.json,T1105,OtherTechnique,2
PX083-0139,PX083,casino,syscall_absent,,target_cost_gate,,False,,20260920,139,px083_policy_transfer/results/METRICS.json,T1105,T1105,15
PX083-0140,PX083,casino,path_absent,,current,,False,,20260920,140,px083_policy_transfer/results/METRICS.json,OtherTechnique,OtherTechnique,896
PX083-0140,PX083,casino,path_absent,,current,,False,,20260920,140,px083_policy_transfer/results/METRICS.json,OtherTechnique,T1105,7
PX083-0140,PX083,casino,path_absent,,current,,False,,20260920,140,px083_policy_transfer/results/METRICS.json,T1105,OtherTechnique,2
PX083-0140,PX083,casino,path_absent,,current,,False,,20260920,140,px083_policy_transfer/results/METRICS.json,T1105,T1105,15
PX083-0141,PX083,casino,path_absent,,context,,False,,20260920,141,px083_policy_transfer/results/METRICS.json,OtherTechnique,OtherTechnique,882
PX083-0141,PX083,casino,path_absent,,context,,False,,20260920,141,px083_policy_transfer/results/METRICS.json,OtherTechnique,T1105,21
PX083-0141,PX083,casino,path_absent,,context,,False,,20260920,141,px083_policy_transfer/results/METRICS.json,T1105,OtherTechnique,1
PX083-0141,PX083,casino,path_absent,,context,,False,,20260920,141,px083_policy_transfer/results/METRICS.json,T1105,T1105,16
PX083-0142,PX083,casino,path_absent,,fixed_fusion,,False,,20260920,142,px083_policy_transfer/results/METRICS.json,OtherTechnique,OtherTechnique,889
PX083-0142,PX083,casino,path_absent,,fixed_fusion,,False,,20260920,142,px083_policy_transfer/results/METRICS.json,OtherTechnique,T1105,14
PX083-0142,PX083,casino,path_absent,,fixed_fusion,,False,,20260920,142,px083_policy_transfer/results/METRICS.json,T1105,OtherTechnique,2
PX083-0142,PX083,casino,path_absent,,fixed_fusion,,False,,20260920,142,px083_policy_transfer/results/METRICS.json,T1105,T1105,15
PX083-0143,PX083,casino,path_absent,,mixed_dropout,,False,,20260920,143,px083_policy_transfer/results/METRICS.json,OtherTechnique,OtherTechnique,874
PX083-0143,PX083,casino,path_absent,,mixed_dropout,,False,,20260920,143,px083_policy_transfer/results/METRICS.json,OtherTechnique,T1105,29
PX083-0143,PX083,casino,path_absent,,mixed_dropout,,False,,20260920,143,px083_policy_transfer/results/METRICS.json,T1105,OtherTechnique,2
PX083-0143,PX083,casino,path_absent,,mixed_dropout,,False,,20260920,143,px083_policy_transfer/results/METRICS.json,T1105,T1105,15
PX083-0144,PX083,casino,path_absent,,confidence_gate,,False,,20260920,144,px083_policy_transfer/results/METRICS.json,OtherTechnique,OtherTechnique,889
PX083-0144,PX083,casino,path_absent,,confidence_gate,,False,,20260920,144,px083_policy_transfer/results/METRICS.json,OtherTechnique,T1105,14
PX083-0144,PX083,casino,path_absent,,confidence_gate,,False,,20260920,144,px083_policy_transfer/results/METRICS.json,T1105,OtherTechnique,2
PX083-0144,PX083,casino,path_absent,,confidence_gate,,False,,20260920,144,px083_policy_transfer/results/METRICS.json,T1105,T1105,15
PX083-0145,PX083,casino,path_absent,,ordinary_gate,,False,,20260920,145,px083_policy_transfer/results/METRICS.json,OtherTechnique,OtherTechnique,896
PX083-0145,PX083,casino,path_absent,,ordinary_gate,,False,,20260920,145,px083_policy_transfer/results/METRICS.json,OtherTechnique,T1105,7
PX083-0145,PX083,casino,path_absent,,ordinary_gate,,False,,20260920,145,px083_policy_transfer/results/METRICS.json,T1105,OtherTechnique,2
PX083-0145,PX083,casino,path_absent,,ordinary_gate,,False,,20260920,145,px083_policy_transfer/results/METRICS.json,T1105,T1105,15
PX083-0146,PX083,casino,path_absent,,target_cost_gate,,False,,20260920,146,px083_policy_transfer/results/METRICS.json,OtherTechnique,OtherTechnique,882
PX083-0146,PX083,casino,path_absent,,target_cost_gate,,False,,20260920,146,px083_policy_transfer/results/METRICS.json,OtherTechnique,T1105,21
PX083-0146,PX083,casino,path_absent,,target_cost_gate,,False,,20260920,146,px083_policy_transfer/results/METRICS.json,T1105,OtherTechnique,1
PX083-0146,PX083,casino,path_absent,,target_cost_gate,,False,,20260920,146,px083_policy_transfer/results/METRICS.json,T1105,T1105,16
PX083-0147,PX083,camlds,clean,,current,,False,,20260920,147,px083_policy_transfer/results/METRICS.json,OtherTechnique,OtherTechnique,780
PX083-0147,PX083,camlds,clean,,current,,False,,20260920,147,px083_policy_transfer/results/METRICS.json,OtherTechnique,T1105,3329
PX083-0147,PX083,camlds,clean,,current,,False,,20260920,147,px083_policy_transfer/results/METRICS.json,T1105,OtherTechnique,13
PX083-0147,PX083,camlds,clean,,current,,False,,20260920,147,px083_policy_transfer/results/METRICS.json,T1105,T1105,87
PX083-0148,PX083,camlds,clean,,context,,False,,20260920,148,px083_policy_transfer/results/METRICS.json,OtherTechnique,OtherTechnique,1001
PX083-0148,PX083,camlds,clean,,context,,False,,20260920,148,px083_policy_transfer/results/METRICS.json,OtherTechnique,T1105,3108
PX083-0148,PX083,camlds,clean,,context,,False,,20260920,148,px083_policy_transfer/results/METRICS.json,T1105,OtherTechnique,12
PX083-0148,PX083,camlds,clean,,context,,False,,20260920,148,px083_policy_transfer/results/METRICS.json,T1105,T1105,88
PX083-0149,PX083,camlds,clean,,fixed_fusion,,False,,20260920,149,px083_policy_transfer/results/METRICS.json,OtherTechnique,OtherTechnique,938
PX083-0149,PX083,camlds,clean,,fixed_fusion,,False,,20260920,149,px083_policy_transfer/results/METRICS.json,OtherTechnique,T1105,3171
PX083-0149,PX083,camlds,clean,,fixed_fusion,,False,,20260920,149,px083_policy_transfer/results/METRICS.json,T1105,OtherTechnique,12
PX083-0149,PX083,camlds,clean,,fixed_fusion,,False,,20260920,149,px083_policy_transfer/results/METRICS.json,T1105,T1105,88
PX083-0150,PX083,camlds,clean,,mixed_dropout,,False,,20260920,150,px083_policy_transfer/results/METRICS.json,OtherTechnique,OtherTechnique,1071
PX083-0150,PX083,camlds,clean,,mixed_dropout,,False,,20260920,150,px083_policy_transfer/results/METRICS.json,OtherTechnique,T1105,3038
PX083-0150,PX083,camlds,clean,,mixed_dropout,,False,,20260920,150,px083_policy_transfer/results/METRICS.json,T1105,OtherTechnique,15
PX083-0150,PX083,camlds,clean,,mixed_dropout,,False,,20260920,150,px083_policy_transfer/results/METRICS.json,T1105,T1105,85
PX083-0151,PX083,camlds,clean,,confidence_gate,,False,,20260920,151,px083_policy_transfer/results/METRICS.json,OtherTechnique,OtherTechnique,938
PX083-0151,PX083,camlds,clean,,confidence_gate,,False,,20260920,151,px083_policy_transfer/results/METRICS.json,OtherTechnique,T1105,3171
PX083-0151,PX083,camlds,clean,,confidence_gate,,False,,20260920,151,px083_policy_transfer/results/METRICS.json,T1105,OtherTechnique,12
PX083-0151,PX083,camlds,clean,,confidence_gate,,False,,20260920,151,px083_policy_transfer/results/METRICS.json,T1105,T1105,88
PX083-0152,PX083,camlds,clean,,ordinary_gate,,False,,20260920,152,px083_policy_transfer/results/METRICS.json,OtherTechnique,OtherTechnique,784
PX083-0152,PX083,camlds,clean,,ordinary_gate,,False,,20260920,152,px083_policy_transfer/results/METRICS.json,OtherTechnique,T1105,3325
PX083-0152,PX083,camlds,clean,,ordinary_gate,,False,,20260920,152,px083_policy_transfer/results/METRICS.json,T1105,OtherTechnique,13
PX083-0152,PX083,camlds,clean,,ordinary_gate,,False,,20260920,152,px083_policy_transfer/results/METRICS.json,T1105,T1105,87
PX083-0153,PX083,camlds,clean,,target_cost_gate,,False,,20260920,153,px083_policy_transfer/results/METRICS.json,OtherTechnique,OtherTechnique,1001
PX083-0153,PX083,camlds,clean,,target_cost_gate,,False,,20260920,153,px083_policy_transfer/results/METRICS.json,OtherTechnique,T1105,3108
PX083-0153,PX083,camlds,clean,,target_cost_gate,,False,,20260920,153,px083_policy_transfer/results/METRICS.json,T1105,OtherTechnique,12
PX083-0153,PX083,camlds,clean,,target_cost_gate,,False,,20260920,153,px083_policy_transfer/results/METRICS.json,T1105,T1105,88
PX083-0154,PX083,camlds,random_25,,current,,False,,20260920,154,px083_policy_transfer/results/METRICS.json,OtherTechnique,OtherTechnique,2080
PX083-0154,PX083,camlds,random_25,,current,,False,,20260920,154,px083_policy_transfer/results/METRICS.json,OtherTechnique,T1105,2029
PX083-0154,PX083,camlds,random_25,,current,,False,,20260920,154,px083_policy_transfer/results/METRICS.json,T1105,OtherTechnique,50
PX083-0154,PX083,camlds,random_25,,current,,False,,20260920,154,px083_policy_transfer/results/METRICS.json,T1105,T1105,50
PX083-0155,PX083,camlds,random_25,,context,,False,,20260920,155,px083_policy_transfer/results/METRICS.json,OtherTechnique,OtherTechnique,1670
PX083-0155,PX083,camlds,random_25,,context,,False,,20260920,155,px083_policy_transfer/results/METRICS.json,OtherTechnique,T1105,2439
PX083-0155,PX083,camlds,random_25,,context,,False,,20260920,155,px083_policy_transfer/results/METRICS.json,T1105,OtherTechnique,36
PX083-0155,PX083,camlds,random_25,,context,,False,,20260920,155,px083_policy_transfer/results/METRICS.json,T1105,T1105,64
PX083-0156,PX083,camlds,random_25,,fixed_fusion,,False,,20260920,156,px083_policy_transfer/results/METRICS.json,OtherTechnique,OtherTechnique,1778
PX083-0156,PX083,camlds,random_25,,fixed_fusion,,False,,20260920,156,px083_policy_transfer/results/METRICS.json,OtherTechnique,T1105,2331
PX083-0156,PX083,camlds,random_25,,fixed_fusion,,False,,20260920,156,px083_policy_transfer/results/METRICS.json,T1105,OtherTechnique,37
PX083-0156,PX083,camlds,random_25,,fixed_fusion,,False,,20260920,156,px083_policy_transfer/results/METRICS.json,T1105,T1105,63
PX083-0157,PX083,camlds,random_25,,mixed_dropout,,False,,20260920,157,px083_policy_transfer/results/METRICS.json,OtherTechnique,OtherTechnique,1142
PX083-0157,PX083,camlds,random_25,,mixed_dropout,,False,,20260920,157,px083_policy_transfer/results/METRICS.json,OtherTechnique,T1105,2967
PX083-0157,PX083,camlds,random_25,,mixed_dropout,,False,,20260920,157,px083_policy_transfer/results/METRICS.json,T1105,OtherTechnique,20
PX083-0157,PX083,camlds,random_25,,mixed_dropout,,False,,20260920,157,px083_policy_transfer/results/METRICS.json,T1105,T1105,80
PX083-0158,PX083,camlds,random_25,,confidence_gate,,False,,20260920,158,px083_policy_transfer/results/METRICS.json,OtherTechnique,OtherTechnique,1778
PX083-0158,PX083,camlds,random_25,,confidence_gate,,False,,20260920,158,px083_policy_transfer/results/METRICS.json,OtherTechnique,T1105,2331
PX083-0158,PX083,camlds,random_25,,confidence_gate,,False,,20260920,158,px083_policy_transfer/results/METRICS.json,T1105,OtherTechnique,37
PX083-0158,PX083,camlds,random_25,,confidence_gate,,False,,20260920,158,px083_policy_transfer/results/METRICS.json,T1105,T1105,63
PX083-0159,PX083,camlds,random_25,,ordinary_gate,,False,,20260920,159,px083_policy_transfer/results/METRICS.json,OtherTechnique,OtherTechnique,2084
PX083-0159,PX083,camlds,random_25,,ordinary_gate,,False,,20260920,159,px083_policy_transfer/results/METRICS.json,OtherTechnique,T1105,2025
PX083-0159,PX083,camlds,random_25,,ordinary_gate,,False,,20260920,159,px083_policy_transfer/results/METRICS.json,T1105,OtherTechnique,50
PX083-0159,PX083,camlds,random_25,,ordinary_gate,,False,,20260920,159,px083_policy_transfer/results/METRICS.json,T1105,T1105,50
PX083-0160,PX083,camlds,random_25,,target_cost_gate,,False,,20260920,160,px083_policy_transfer/results/METRICS.json,OtherTechnique,OtherTechnique,1670
PX083-0160,PX083,camlds,random_25,,target_cost_gate,,False,,20260920,160,px083_policy_transfer/results/METRICS.json,OtherTechnique,T1105,2439
PX083-0160,PX083,camlds,random_25,,target_cost_gate,,False,,20260920,160,px083_policy_transfer/results/METRICS.json,T1105,OtherTechnique,36
PX083-0160,PX083,camlds,random_25,,target_cost_gate,,False,,20260920,160,px083_policy_transfer/results/METRICS.json,T1105,T1105,64
PX083-0161,PX083,camlds,random_25,,current,,False,,20260921,161,px083_policy_transfer/results/METRICS.json,OtherTechnique,OtherTechnique,2085
PX083-0161,PX083,camlds,random_25,,current,,False,,20260921,161,px083_policy_transfer/results/METRICS.json,OtherTechnique,T1105,2024
PX083-0161,PX083,camlds,random_25,,current,,False,,20260921,161,px083_policy_transfer/results/METRICS.json,T1105,OtherTechnique,49
PX083-0161,PX083,camlds,random_25,,current,,False,,20260921,161,px083_policy_transfer/results/METRICS.json,T1105,T1105,51
PX083-0162,PX083,camlds,random_25,,context,,False,,20260921,162,px083_policy_transfer/results/METRICS.json,OtherTechnique,OtherTechnique,1599
PX083-0162,PX083,camlds,random_25,,context,,False,,20260921,162,px083_policy_transfer/results/METRICS.json,OtherTechnique,T1105,2510
PX083-0162,PX083,camlds,random_25,,context,,False,,20260921,162,px083_policy_transfer/results/METRICS.json,T1105,OtherTechnique,39
PX083-0162,PX083,camlds,random_25,,context,,False,,20260921,162,px083_policy_transfer/results/METRICS.json,T1105,T1105,61
PX083-0163,PX083,camlds,random_25,,fixed_fusion,,False,,20260921,163,px083_policy_transfer/results/METRICS.json,OtherTechnique,OtherTechnique,1780
PX083-0163,PX083,camlds,random_25,,fixed_fusion,,False,,20260921,163,px083_policy_transfer/results/METRICS.json,OtherTechnique,T1105,2329
PX083-0163,PX083,camlds,random_25,,fixed_fusion,,False,,20260921,163,px083_policy_transfer/results/METRICS.json,T1105,OtherTechnique,45
PX083-0163,PX083,camlds,random_25,,fixed_fusion,,False,,20260921,163,px083_policy_transfer/results/METRICS.json,T1105,T1105,55
PX083-0164,PX083,camlds,random_25,,mixed_dropout,,False,,20260921,164,px083_policy_transfer/results/METRICS.json,OtherTechnique,OtherTechnique,1123
PX083-0164,PX083,camlds,random_25,,mixed_dropout,,False,,20260921,164,px083_policy_transfer/results/METRICS.json,OtherTechnique,T1105,2986
PX083-0164,PX083,camlds,random_25,,mixed_dropout,,False,,20260921,164,px083_policy_transfer/results/METRICS.json,T1105,OtherTechnique,19
PX083-0164,PX083,camlds,random_25,,mixed_dropout,,False,,20260921,164,px083_policy_transfer/results/METRICS.json,T1105,T1105,81
PX083-0165,PX083,camlds,random_25,,confidence_gate,,False,,20260921,165,px083_policy_transfer/results/METRICS.json,OtherTechnique,OtherTechnique,1780
PX083-0165,PX083,camlds,random_25,,confidence_gate,,False,,20260921,165,px083_policy_transfer/results/METRICS.json,OtherTechnique,T1105,2329
PX083-0165,PX083,camlds,random_25,,confidence_gate,,False,,20260921,165,px083_policy_transfer/results/METRICS.json,T1105,OtherTechnique,45
PX083-0165,PX083,camlds,random_25,,confidence_gate,,False,,20260921,165,px083_policy_transfer/results/METRICS.json,T1105,T1105,55
PX083-0166,PX083,camlds,random_25,,ordinary_gate,,False,,20260921,166,px083_policy_transfer/results/METRICS.json,OtherTechnique,OtherTechnique,2087
PX083-0166,PX083,camlds,random_25,,ordinary_gate,,False,,20260921,166,px083_policy_transfer/results/METRICS.json,OtherTechnique,T1105,2022
PX083-0166,PX083,camlds,random_25,,ordinary_gate,,False,,20260921,166,px083_policy_transfer/results/METRICS.json,T1105,OtherTechnique,49
PX083-0166,PX083,camlds,random_25,,ordinary_gate,,False,,20260921,166,px083_policy_transfer/results/METRICS.json,T1105,T1105,51
PX083-0167,PX083,camlds,random_25,,target_cost_gate,,False,,20260921,167,px083_policy_transfer/results/METRICS.json,OtherTechnique,OtherTechnique,1599
PX083-0167,PX083,camlds,random_25,,target_cost_gate,,False,,20260921,167,px083_policy_transfer/results/METRICS.json,OtherTechnique,T1105,2510
PX083-0167,PX083,camlds,random_25,,target_cost_gate,,False,,20260921,167,px083_policy_transfer/results/METRICS.json,T1105,OtherTechnique,39
PX083-0167,PX083,camlds,random_25,,target_cost_gate,,False,,20260921,167,px083_policy_transfer/results/METRICS.json,T1105,T1105,61
PX083-0168,PX083,camlds,random_25,,current,,False,,20260922,168,px083_policy_transfer/results/METRICS.json,OtherTechnique,OtherTechnique,2092
PX083-0168,PX083,camlds,random_25,,current,,False,,20260922,168,px083_policy_transfer/results/METRICS.json,OtherTechnique,T1105,2017
PX083-0168,PX083,camlds,random_25,,current,,False,,20260922,168,px083_policy_transfer/results/METRICS.json,T1105,OtherTechnique,53
PX083-0168,PX083,camlds,random_25,,current,,False,,20260922,168,px083_policy_transfer/results/METRICS.json,T1105,T1105,47
PX083-0169,PX083,camlds,random_25,,context,,False,,20260922,169,px083_policy_transfer/results/METRICS.json,OtherTechnique,OtherTechnique,1635
PX083-0169,PX083,camlds,random_25,,context,,False,,20260922,169,px083_policy_transfer/results/METRICS.json,OtherTechnique,T1105,2474
PX083-0169,PX083,camlds,random_25,,context,,False,,20260922,169,px083_policy_transfer/results/METRICS.json,T1105,OtherTechnique,40
PX083-0169,PX083,camlds,random_25,,context,,False,,20260922,169,px083_policy_transfer/results/METRICS.json,T1105,T1105,60
PX083-0170,PX083,camlds,random_25,,fixed_fusion,,False,,20260922,170,px083_policy_transfer/results/METRICS.json,OtherTechnique,OtherTechnique,1800
PX083-0170,PX083,camlds,random_25,,fixed_fusion,,False,,20260922,170,px083_policy_transfer/results/METRICS.json,OtherTechnique,T1105,2309
PX083-0170,PX083,camlds,random_25,,fixed_fusion,,False,,20260922,170,px083_policy_transfer/results/METRICS.json,T1105,OtherTechnique,41
PX083-0170,PX083,camlds,random_25,,fixed_fusion,,False,,20260922,170,px083_policy_transfer/results/METRICS.json,T1105,T1105,59
PX083-0171,PX083,camlds,random_25,,mixed_dropout,,False,,20260922,171,px083_policy_transfer/results/METRICS.json,OtherTechnique,OtherTechnique,1160
PX083-0171,PX083,camlds,random_25,,mixed_dropout,,False,,20260922,171,px083_policy_transfer/results/METRICS.json,OtherTechnique,T1105,2949
PX083-0171,PX083,camlds,random_25,,mixed_dropout,,False,,20260922,171,px083_policy_transfer/results/METRICS.json,T1105,OtherTechnique,18
PX083-0171,PX083,camlds,random_25,,mixed_dropout,,False,,20260922,171,px083_policy_transfer/results/METRICS.json,T1105,T1105,82
PX083-0172,PX083,camlds,random_25,,confidence_gate,,False,,20260922,172,px083_policy_transfer/results/METRICS.json,OtherTechnique,OtherTechnique,1800
PX083-0172,PX083,camlds,random_25,,confidence_gate,,False,,20260922,172,px083_policy_transfer/results/METRICS.json,OtherTechnique,T1105,2309
PX083-0172,PX083,camlds,random_25,,confidence_gate,,False,,20260922,172,px083_policy_transfer/results/METRICS.json,T1105,OtherTechnique,41
PX083-0172,PX083,camlds,random_25,,confidence_gate,,False,,20260922,172,px083_policy_transfer/results/METRICS.json,T1105,T1105,59
PX083-0173,PX083,camlds,random_25,,ordinary_gate,,False,,20260922,173,px083_policy_transfer/results/METRICS.json,OtherTechnique,OtherTechnique,2096
PX083-0173,PX083,camlds,random_25,,ordinary_gate,,False,,20260922,173,px083_policy_transfer/results/METRICS.json,OtherTechnique,T1105,2013
PX083-0173,PX083,camlds,random_25,,ordinary_gate,,False,,20260922,173,px083_policy_transfer/results/METRICS.json,T1105,OtherTechnique,53
PX083-0173,PX083,camlds,random_25,,ordinary_gate,,False,,20260922,173,px083_policy_transfer/results/METRICS.json,T1105,T1105,47
PX083-0174,PX083,camlds,random_25,,target_cost_gate,,False,,20260922,174,px083_policy_transfer/results/METRICS.json,OtherTechnique,OtherTechnique,1635
PX083-0174,PX083,camlds,random_25,,target_cost_gate,,False,,20260922,174,px083_policy_transfer/results/METRICS.json,OtherTechnique,T1105,2474
PX083-0174,PX083,camlds,random_25,,target_cost_gate,,False,,20260922,174,px083_policy_transfer/results/METRICS.json,T1105,OtherTechnique,40
PX083-0174,PX083,camlds,random_25,,target_cost_gate,,False,,20260922,174,px083_policy_transfer/results/METRICS.json,T1105,T1105,60
PX083-0175,PX083,camlds,random_50,,current,,False,,20260920,175,px083_policy_transfer/results/METRICS.json,OtherTechnique,OtherTechnique,2978
PX083-0175,PX083,camlds,random_50,,current,,False,,20260920,175,px083_policy_transfer/results/METRICS.json,OtherTechnique,T1105,1131
PX083-0175,PX083,camlds,random_50,,current,,False,,20260920,175,px083_policy_transfer/results/METRICS.json,T1105,OtherTechnique,75
PX083-0175,PX083,camlds,random_50,,current,,False,,20260920,175,px083_policy_transfer/results/METRICS.json,T1105,T1105,25
PX083-0176,PX083,camlds,random_50,,context,,False,,20260920,176,px083_policy_transfer/results/METRICS.json,OtherTechnique,OtherTechnique,2090
PX083-0176,PX083,camlds,random_50,,context,,False,,20260920,176,px083_policy_transfer/results/METRICS.json,OtherTechnique,T1105,2019
PX083-0176,PX083,camlds,random_50,,context,,False,,20260920,176,px083_policy_transfer/results/METRICS.json,T1105,OtherTechnique,49
PX083-0176,PX083,camlds,random_50,,context,,False,,20260920,176,px083_policy_transfer/results/METRICS.json,T1105,T1105,51
PX083-0177,PX083,camlds,random_50,,fixed_fusion,,False,,20260920,177,px083_policy_transfer/results/METRICS.json,OtherTechnique,OtherTechnique,2358
PX083-0177,PX083,camlds,random_50,,fixed_fusion,,False,,20260920,177,px083_policy_transfer/results/METRICS.json,OtherTechnique,T1105,1751
PX083-0177,PX083,camlds,random_50,,fixed_fusion,,False,,20260920,177,px083_policy_transfer/results/METRICS.json,T1105,OtherTechnique,58
PX083-0177,PX083,camlds,random_50,,fixed_fusion,,False,,20260920,177,px083_policy_transfer/results/METRICS.json,T1105,T1105,42
PX083-0178,PX083,camlds,random_50,,mixed_dropout,,False,,20260920,178,px083_policy_transfer/results/METRICS.json,OtherTechnique,OtherTechnique,1393
PX083-0178,PX083,camlds,random_50,,mixed_dropout,,False,,20260920,178,px083_policy_transfer/results/METRICS.json,OtherTechnique,T1105,2716
PX083-0178,PX083,camlds,random_50,,mixed_dropout,,False,,20260920,178,px083_policy_transfer/results/METRICS.json,T1105,OtherTechnique,26
PX083-0178,PX083,camlds,random_50,,mixed_dropout,,False,,20260920,178,px083_policy_transfer/results/METRICS.json,T1105,T1105,74
PX083-0179,PX083,camlds,random_50,,confidence_gate,,False,,20260920,179,px083_policy_transfer/results/METRICS.json,OtherTechnique,OtherTechnique,2358
PX083-0179,PX083,camlds,random_50,,confidence_gate,,False,,20260920,179,px083_policy_transfer/results/METRICS.json,OtherTechnique,T1105,1751
PX083-0179,PX083,camlds,random_50,,confidence_gate,,False,,20260920,179,px083_policy_transfer/results/METRICS.json,T1105,OtherTechnique,58
PX083-0179,PX083,camlds,random_50,,confidence_gate,,False,,20260920,179,px083_policy_transfer/results/METRICS.json,T1105,T1105,42
PX083-0180,PX083,camlds,random_50,,ordinary_gate,,False,,20260920,180,px083_policy_transfer/results/METRICS.json,OtherTechnique,OtherTechnique,2979
PX083-0180,PX083,camlds,random_50,,ordinary_gate,,False,,20260920,180,px083_policy_transfer/results/METRICS.json,OtherTechnique,T1105,1130
PX083-0180,PX083,camlds,random_50,,ordinary_gate,,False,,20260920,180,px083_policy_transfer/results/METRICS.json,T1105,OtherTechnique,75
PX083-0180,PX083,camlds,random_50,,ordinary_gate,,False,,20260920,180,px083_policy_transfer/results/METRICS.json,T1105,T1105,25
PX083-0181,PX083,camlds,random_50,,target_cost_gate,,False,,20260920,181,px083_policy_transfer/results/METRICS.json,OtherTechnique,OtherTechnique,2090
PX083-0181,PX083,camlds,random_50,,target_cost_gate,,False,,20260920,181,px083_policy_transfer/results/METRICS.json,OtherTechnique,T1105,2019
PX083-0181,PX083,camlds,random_50,,target_cost_gate,,False,,20260920,181,px083_policy_transfer/results/METRICS.json,T1105,OtherTechnique,49
PX083-0181,PX083,camlds,random_50,,target_cost_gate,,False,,20260920,181,px083_policy_transfer/results/METRICS.json,T1105,T1105,51
PX083-0182,PX083,camlds,random_50,,current,,False,,20260921,182,px083_policy_transfer/results/METRICS.json,OtherTechnique,OtherTechnique,2966
PX083-0182,PX083,camlds,random_50,,current,,False,,20260921,182,px083_policy_transfer/results/METRICS.json,OtherTechnique,T1105,1143
PX083-0182,PX083,camlds,random_50,,current,,False,,20260921,182,px083_policy_transfer/results/METRICS.json,T1105,OtherTechnique,70
PX083-0182,PX083,camlds,random_50,,current,,False,,20260921,182,px083_policy_transfer/results/METRICS.json,T1105,T1105,30
PX083-0183,PX083,camlds,random_50,,context,,False,,20260921,183,px083_policy_transfer/results/METRICS.json,OtherTechnique,OtherTechnique,2075
PX083-0183,PX083,camlds,random_50,,context,,False,,20260921,183,px083_policy_transfer/results/METRICS.json,OtherTechnique,T1105,2034
PX083-0183,PX083,camlds,random_50,,context,,False,,20260921,183,px083_policy_transfer/results/METRICS.json,T1105,OtherTechnique,47
PX083-0183,PX083,camlds,random_50,,context,,False,,20260921,183,px083_policy_transfer/results/METRICS.json,T1105,T1105,53
PX083-0184,PX083,camlds,random_50,,fixed_fusion,,False,,20260921,184,px083_policy_transfer/results/METRICS.json,OtherTechnique,OtherTechnique,2318
PX083-0184,PX083,camlds,random_50,,fixed_fusion,,False,,20260921,184,px083_policy_transfer/results/METRICS.json,OtherTechnique,T1105,1791
PX083-0184,PX083,camlds,random_50,,fixed_fusion,,False,,20260921,184,px083_policy_transfer/results/METRICS.json,T1105,OtherTechnique,52
PX083-0184,PX083,camlds,random_50,,fixed_fusion,,False,,20260921,184,px083_policy_transfer/results/METRICS.json,T1105,T1105,48
PX083-0185,PX083,camlds,random_50,,mixed_dropout,,False,,20260921,185,px083_policy_transfer/results/METRICS.json,OtherTechnique,OtherTechnique,1351
PX083-0185,PX083,camlds,random_50,,mixed_dropout,,False,,20260921,185,px083_policy_transfer/results/METRICS.json,OtherTechnique,T1105,2758
PX083-0185,PX083,camlds,random_50,,mixed_dropout,,False,,20260921,185,px083_policy_transfer/results/METRICS.json,T1105,OtherTechnique,34
PX083-0185,PX083,camlds,random_50,,mixed_dropout,,False,,20260921,185,px083_policy_transfer/results/METRICS.json,T1105,T1105,66
PX083-0186,PX083,camlds,random_50,,confidence_gate,,False,,20260921,186,px083_policy_transfer/results/METRICS.json,OtherTechnique,OtherTechnique,2318
PX083-0186,PX083,camlds,random_50,,confidence_gate,,False,,20260921,186,px083_policy_transfer/results/METRICS.json,OtherTechnique,T1105,1791
PX083-0186,PX083,camlds,random_50,,confidence_gate,,False,,20260921,186,px083_policy_transfer/results/METRICS.json,T1105,OtherTechnique,52
PX083-0186,PX083,camlds,random_50,,confidence_gate,,False,,20260921,186,px083_policy_transfer/results/METRICS.json,T1105,T1105,48
PX083-0187,PX083,camlds,random_50,,ordinary_gate,,False,,20260921,187,px083_policy_transfer/results/METRICS.json,OtherTechnique,OtherTechnique,2967
PX083-0187,PX083,camlds,random_50,,ordinary_gate,,False,,20260921,187,px083_policy_transfer/results/METRICS.json,OtherTechnique,T1105,1142
PX083-0187,PX083,camlds,random_50,,ordinary_gate,,False,,20260921,187,px083_policy_transfer/results/METRICS.json,T1105,OtherTechnique,70
PX083-0187,PX083,camlds,random_50,,ordinary_gate,,False,,20260921,187,px083_policy_transfer/results/METRICS.json,T1105,T1105,30
PX083-0188,PX083,camlds,random_50,,target_cost_gate,,False,,20260921,188,px083_policy_transfer/results/METRICS.json,OtherTechnique,OtherTechnique,2075
PX083-0188,PX083,camlds,random_50,,target_cost_gate,,False,,20260921,188,px083_policy_transfer/results/METRICS.json,OtherTechnique,T1105,2034
PX083-0188,PX083,camlds,random_50,,target_cost_gate,,False,,20260921,188,px083_policy_transfer/results/METRICS.json,T1105,OtherTechnique,47
PX083-0188,PX083,camlds,random_50,,target_cost_gate,,False,,20260921,188,px083_policy_transfer/results/METRICS.json,T1105,T1105,53
PX083-0189,PX083,camlds,random_50,,current,,False,,20260922,189,px083_policy_transfer/results/METRICS.json,OtherTechnique,OtherTechnique,3046
PX083-0189,PX083,camlds,random_50,,current,,False,,20260922,189,px083_policy_transfer/results/METRICS.json,OtherTechnique,T1105,1063
PX083-0189,PX083,camlds,random_50,,current,,False,,20260922,189,px083_policy_transfer/results/METRICS.json,T1105,OtherTechnique,71
PX083-0189,PX083,camlds,random_50,,current,,False,,20260922,189,px083_policy_transfer/results/METRICS.json,T1105,T1105,29
PX083-0190,PX083,camlds,random_50,,context,,False,,20260922,190,px083_policy_transfer/results/METRICS.json,OtherTechnique,OtherTechnique,2094
PX083-0190,PX083,camlds,random_50,,context,,False,,20260922,190,px083_policy_transfer/results/METRICS.json,OtherTechnique,T1105,2015
PX083-0190,PX083,camlds,random_50,,context,,False,,20260922,190,px083_policy_transfer/results/METRICS.json,T1105,OtherTechnique,51
PX083-0190,PX083,camlds,random_50,,context,,False,,20260922,190,px083_policy_transfer/results/METRICS.json,T1105,T1105,49
PX083-0191,PX083,camlds,random_50,,fixed_fusion,,False,,20260922,191,px083_policy_transfer/results/METRICS.json,OtherTechnique,OtherTechnique,2369
PX083-0191,PX083,camlds,random_50,,fixed_fusion,,False,,20260922,191,px083_policy_transfer/results/METRICS.json,OtherTechnique,T1105,1740
PX083-0191,PX083,camlds,random_50,,fixed_fusion,,False,,20260922,191,px083_policy_transfer/results/METRICS.json,T1105,OtherTechnique,55
PX083-0191,PX083,camlds,random_50,,fixed_fusion,,False,,20260922,191,px083_policy_transfer/results/METRICS.json,T1105,T1105,45
PX083-0192,PX083,camlds,random_50,,mixed_dropout,,False,,20260922,192,px083_policy_transfer/results/METRICS.json,OtherTechnique,OtherTechnique,1411
PX083-0192,PX083,camlds,random_50,,mixed_dropout,,False,,20260922,192,px083_policy_transfer/results/METRICS.json,OtherTechnique,T1105,2698
PX083-0192,PX083,camlds,random_50,,mixed_dropout,,False,,20260922,192,px083_policy_transfer/results/METRICS.json,T1105,OtherTechnique,27
PX083-0192,PX083,camlds,random_50,,mixed_dropout,,False,,20260922,192,px083_policy_transfer/results/METRICS.json,T1105,T1105,73
PX083-0193,PX083,camlds,random_50,,confidence_gate,,False,,20260922,193,px083_policy_transfer/results/METRICS.json,OtherTechnique,OtherTechnique,2369
PX083-0193,PX083,camlds,random_50,,confidence_gate,,False,,20260922,193,px083_policy_transfer/results/METRICS.json,OtherTechnique,T1105,1740
PX083-0193,PX083,camlds,random_50,,confidence_gate,,False,,20260922,193,px083_policy_transfer/results/METRICS.json,T1105,OtherTechnique,55
PX083-0193,PX083,camlds,random_50,,confidence_gate,,False,,20260922,193,px083_policy_transfer/results/METRICS.json,T1105,T1105,45
PX083-0194,PX083,camlds,random_50,,ordinary_gate,,False,,20260922,194,px083_policy_transfer/results/METRICS.json,OtherTechnique,OtherTechnique,3048
PX083-0194,PX083,camlds,random_50,,ordinary_gate,,False,,20260922,194,px083_policy_transfer/results/METRICS.json,OtherTechnique,T1105,1061
PX083-0194,PX083,camlds,random_50,,ordinary_gate,,False,,20260922,194,px083_policy_transfer/results/METRICS.json,T1105,OtherTechnique,71
PX083-0194,PX083,camlds,random_50,,ordinary_gate,,False,,20260922,194,px083_policy_transfer/results/METRICS.json,T1105,T1105,29
PX083-0195,PX083,camlds,random_50,,target_cost_gate,,False,,20260922,195,px083_policy_transfer/results/METRICS.json,OtherTechnique,OtherTechnique,2094
PX083-0195,PX083,camlds,random_50,,target_cost_gate,,False,,20260922,195,px083_policy_transfer/results/METRICS.json,OtherTechnique,T1105,2015
PX083-0195,PX083,camlds,random_50,,target_cost_gate,,False,,20260922,195,px083_policy_transfer/results/METRICS.json,T1105,OtherTechnique,51
PX083-0195,PX083,camlds,random_50,,target_cost_gate,,False,,20260922,195,px083_policy_transfer/results/METRICS.json,T1105,T1105,49
PX083-0196,PX083,camlds,random_75,,current,,False,,20260920,196,px083_policy_transfer/results/METRICS.json,OtherTechnique,OtherTechnique,3592
PX083-0196,PX083,camlds,random_75,,current,,False,,20260920,196,px083_policy_transfer/results/METRICS.json,OtherTechnique,T1105,517
PX083-0196,PX083,camlds,random_75,,current,,False,,20260920,196,px083_policy_transfer/results/METRICS.json,T1105,OtherTechnique,88
PX083-0196,PX083,camlds,random_75,,current,,False,,20260920,196,px083_policy_transfer/results/METRICS.json,T1105,T1105,12
PX083-0197,PX083,camlds,random_75,,context,,False,,20260920,197,px083_policy_transfer/results/METRICS.json,OtherTechnique,OtherTechnique,2791
PX083-0197,PX083,camlds,random_75,,context,,False,,20260920,197,px083_policy_transfer/results/METRICS.json,OtherTechnique,T1105,1318
PX083-0197,PX083,camlds,random_75,,context,,False,,20260920,197,px083_policy_transfer/results/METRICS.json,T1105,OtherTechnique,70
PX083-0197,PX083,camlds,random_75,,context,,False,,20260920,197,px083_policy_transfer/results/METRICS.json,T1105,T1105,30
PX083-0198,PX083,camlds,random_75,,fixed_fusion,,False,,20260920,198,px083_policy_transfer/results/METRICS.json,OtherTechnique,OtherTechnique,3094
PX083-0198,PX083,camlds,random_75,,fixed_fusion,,False,,20260920,198,px083_policy_transfer/results/METRICS.json,OtherTechnique,T1105,1015
PX083-0198,PX083,camlds,random_75,,fixed_fusion,,False,,20260920,198,px083_policy_transfer/results/METRICS.json,T1105,OtherTechnique,78
PX083-0198,PX083,camlds,random_75,,fixed_fusion,,False,,20260920,198,px083_policy_transfer/results/METRICS.json,T1105,T1105,22
PX083-0199,PX083,camlds,random_75,,mixed_dropout,,False,,20260920,199,px083_policy_transfer/results/METRICS.json,OtherTechnique,OtherTechnique,2199
PX083-0199,PX083,camlds,random_75,,mixed_dropout,,False,,20260920,199,px083_policy_transfer/results/METRICS.json,OtherTechnique,T1105,1910
PX083-0199,PX083,camlds,random_75,,mixed_dropout,,False,,20260920,199,px083_policy_transfer/results/METRICS.json,T1105,OtherTechnique,52
PX083-0199,PX083,camlds,random_75,,mixed_dropout,,False,,20260920,199,px083_policy_transfer/results/METRICS.json,T1105,T1105,48
PX083-0200,PX083,camlds,random_75,,confidence_gate,,False,,20260920,200,px083_policy_transfer/results/METRICS.json,OtherTechnique,OtherTechnique,3094
PX083-0200,PX083,camlds,random_75,,confidence_gate,,False,,20260920,200,px083_policy_transfer/results/METRICS.json,OtherTechnique,T1105,1015
PX083-0200,PX083,camlds,random_75,,confidence_gate,,False,,20260920,200,px083_policy_transfer/results/METRICS.json,T1105,OtherTechnique,78
PX083-0200,PX083,camlds,random_75,,confidence_gate,,False,,20260920,200,px083_policy_transfer/results/METRICS.json,T1105,T1105,22
PX083-0201,PX083,camlds,random_75,,ordinary_gate,,False,,20260920,201,px083_policy_transfer/results/METRICS.json,OtherTechnique,OtherTechnique,3592
PX083-0201,PX083,camlds,random_75,,ordinary_gate,,False,,20260920,201,px083_policy_transfer/results/METRICS.json,OtherTechnique,T1105,517
PX083-0201,PX083,camlds,random_75,,ordinary_gate,,False,,20260920,201,px083_policy_transfer/results/METRICS.json,T1105,OtherTechnique,88
PX083-0201,PX083,camlds,random_75,,ordinary_gate,,False,,20260920,201,px083_policy_transfer/results/METRICS.json,T1105,T1105,12
PX083-0202,PX083,camlds,random_75,,target_cost_gate,,False,,20260920,202,px083_policy_transfer/results/METRICS.json,OtherTechnique,OtherTechnique,2791
PX083-0202,PX083,camlds,random_75,,target_cost_gate,,False,,20260920,202,px083_policy_transfer/results/METRICS.json,OtherTechnique,T1105,1318
PX083-0202,PX083,camlds,random_75,,target_cost_gate,,False,,20260920,202,px083_policy_transfer/results/METRICS.json,T1105,OtherTechnique,70
PX083-0202,PX083,camlds,random_75,,target_cost_gate,,False,,20260920,202,px083_policy_transfer/results/METRICS.json,T1105,T1105,30
PX083-0203,PX083,camlds,random_75,,current,,False,,20260921,203,px083_policy_transfer/results/METRICS.json,OtherTechnique,OtherTechnique,3609
PX083-0203,PX083,camlds,random_75,,current,,False,,20260921,203,px083_policy_transfer/results/METRICS.json,OtherTechnique,T1105,500
PX083-0203,PX083,camlds,random_75,,current,,False,,20260921,203,px083_policy_transfer/results/METRICS.json,T1105,OtherTechnique,80
PX083-0203,PX083,camlds,random_75,,current,,False,,20260921,203,px083_policy_transfer/results/METRICS.json,T1105,T1105,20
PX083-0204,PX083,camlds,random_75,,context,,False,,20260921,204,px083_policy_transfer/results/METRICS.json,OtherTechnique,OtherTechnique,2783
PX083-0204,PX083,camlds,random_75,,context,,False,,20260921,204,px083_policy_transfer/results/METRICS.json,OtherTechnique,T1105,1326
PX083-0204,PX083,camlds,random_75,,context,,False,,20260921,204,px083_policy_transfer/results/METRICS.json,T1105,OtherTechnique,66
PX083-0204,PX083,camlds,random_75,,context,,False,,20260921,204,px083_policy_transfer/results/METRICS.json,T1105,T1105,34
PX083-0205,PX083,camlds,random_75,,fixed_fusion,,False,,20260921,205,px083_policy_transfer/results/METRICS.json,OtherTechnique,OtherTechnique,3078
PX083-0205,PX083,camlds,random_75,,fixed_fusion,,False,,20260921,205,px083_policy_transfer/results/METRICS.json,OtherTechnique,T1105,1031
PX083-0205,PX083,camlds,random_75,,fixed_fusion,,False,,20260921,205,px083_policy_transfer/results/METRICS.json,T1105,OtherTechnique,72
PX083-0205,PX083,camlds,random_75,,fixed_fusion,,False,,20260921,205,px083_policy_transfer/results/METRICS.json,T1105,T1105,28
PX083-0206,PX083,camlds,random_75,,mixed_dropout,,False,,20260921,206,px083_policy_transfer/results/METRICS.json,OtherTechnique,OtherTechnique,2169
PX083-0206,PX083,camlds,random_75,,mixed_dropout,,False,,20260921,206,px083_policy_transfer/results/METRICS.json,OtherTechnique,T1105,1940
PX083-0206,PX083,camlds,random_75,,mixed_dropout,,False,,20260921,206,px083_policy_transfer/results/METRICS.json,T1105,OtherTechnique,54
PX083-0206,PX083,camlds,random_75,,mixed_dropout,,False,,20260921,206,px083_policy_transfer/results/METRICS.json,T1105,T1105,46
PX083-0207,PX083,camlds,random_75,,confidence_gate,,False,,20260921,207,px083_policy_transfer/results/METRICS.json,OtherTechnique,OtherTechnique,3078
PX083-0207,PX083,camlds,random_75,,confidence_gate,,False,,20260921,207,px083_policy_transfer/results/METRICS.json,OtherTechnique,T1105,1031
PX083-0207,PX083,camlds,random_75,,confidence_gate,,False,,20260921,207,px083_policy_transfer/results/METRICS.json,T1105,OtherTechnique,72
PX083-0207,PX083,camlds,random_75,,confidence_gate,,False,,20260921,207,px083_policy_transfer/results/METRICS.json,T1105,T1105,28
PX083-0208,PX083,camlds,random_75,,ordinary_gate,,False,,20260921,208,px083_policy_transfer/results/METRICS.json,OtherTechnique,OtherTechnique,3609
PX083-0208,PX083,camlds,random_75,,ordinary_gate,,False,,20260921,208,px083_policy_transfer/results/METRICS.json,OtherTechnique,T1105,500
PX083-0208,PX083,camlds,random_75,,ordinary_gate,,False,,20260921,208,px083_policy_transfer/results/METRICS.json,T1105,OtherTechnique,80
PX083-0208,PX083,camlds,random_75,,ordinary_gate,,False,,20260921,208,px083_policy_transfer/results/METRICS.json,T1105,T1105,20
PX083-0209,PX083,camlds,random_75,,target_cost_gate,,False,,20260921,209,px083_policy_transfer/results/METRICS.json,OtherTechnique,OtherTechnique,2783
PX083-0209,PX083,camlds,random_75,,target_cost_gate,,False,,20260921,209,px083_policy_transfer/results/METRICS.json,OtherTechnique,T1105,1326
PX083-0209,PX083,camlds,random_75,,target_cost_gate,,False,,20260921,209,px083_policy_transfer/results/METRICS.json,T1105,OtherTechnique,66
PX083-0209,PX083,camlds,random_75,,target_cost_gate,,False,,20260921,209,px083_policy_transfer/results/METRICS.json,T1105,T1105,34
PX083-0210,PX083,camlds,random_75,,current,,False,,20260922,210,px083_policy_transfer/results/METRICS.json,OtherTechnique,OtherTechnique,3647
PX083-0210,PX083,camlds,random_75,,current,,False,,20260922,210,px083_policy_transfer/results/METRICS.json,OtherTechnique,T1105,462
PX083-0210,PX083,camlds,random_75,,current,,False,,20260922,210,px083_policy_transfer/results/METRICS.json,T1105,OtherTechnique,87
PX083-0210,PX083,camlds,random_75,,current,,False,,20260922,210,px083_policy_transfer/results/METRICS.json,T1105,T1105,13
PX083-0211,PX083,camlds,random_75,,context,,False,,20260922,211,px083_policy_transfer/results/METRICS.json,OtherTechnique,OtherTechnique,2798
PX083-0211,PX083,camlds,random_75,,context,,False,,20260922,211,px083_policy_transfer/results/METRICS.json,OtherTechnique,T1105,1311
PX083-0211,PX083,camlds,random_75,,context,,False,,20260922,211,px083_policy_transfer/results/METRICS.json,T1105,OtherTechnique,67
PX083-0211,PX083,camlds,random_75,,context,,False,,20260922,211,px083_policy_transfer/results/METRICS.json,T1105,T1105,33
PX083-0212,PX083,camlds,random_75,,fixed_fusion,,False,,20260922,212,px083_policy_transfer/results/METRICS.json,OtherTechnique,OtherTechnique,3114
PX083-0212,PX083,camlds,random_75,,fixed_fusion,,False,,20260922,212,px083_policy_transfer/results/METRICS.json,OtherTechnique,T1105,995
PX083-0212,PX083,camlds,random_75,,fixed_fusion,,False,,20260922,212,px083_policy_transfer/results/METRICS.json,T1105,OtherTechnique,77
PX083-0212,PX083,camlds,random_75,,fixed_fusion,,False,,20260922,212,px083_policy_transfer/results/METRICS.json,T1105,T1105,23
PX083-0213,PX083,camlds,random_75,,mixed_dropout,,False,,20260922,213,px083_policy_transfer/results/METRICS.json,OtherTechnique,OtherTechnique,2198
PX083-0213,PX083,camlds,random_75,,mixed_dropout,,False,,20260922,213,px083_policy_transfer/results/METRICS.json,OtherTechnique,T1105,1911
PX083-0213,PX083,camlds,random_75,,mixed_dropout,,False,,20260922,213,px083_policy_transfer/results/METRICS.json,T1105,OtherTechnique,49
PX083-0213,PX083,camlds,random_75,,mixed_dropout,,False,,20260922,213,px083_policy_transfer/results/METRICS.json,T1105,T1105,51
PX083-0214,PX083,camlds,random_75,,confidence_gate,,False,,20260922,214,px083_policy_transfer/results/METRICS.json,OtherTechnique,OtherTechnique,3114
PX083-0214,PX083,camlds,random_75,,confidence_gate,,False,,20260922,214,px083_policy_transfer/results/METRICS.json,OtherTechnique,T1105,995
PX083-0214,PX083,camlds,random_75,,confidence_gate,,False,,20260922,214,px083_policy_transfer/results/METRICS.json,T1105,OtherTechnique,77
PX083-0214,PX083,camlds,random_75,,confidence_gate,,False,,20260922,214,px083_policy_transfer/results/METRICS.json,T1105,T1105,23
PX083-0215,PX083,camlds,random_75,,ordinary_gate,,False,,20260922,215,px083_policy_transfer/results/METRICS.json,OtherTechnique,OtherTechnique,3647
PX083-0215,PX083,camlds,random_75,,ordinary_gate,,False,,20260922,215,px083_policy_transfer/results/METRICS.json,OtherTechnique,T1105,462
PX083-0215,PX083,camlds,random_75,,ordinary_gate,,False,,20260922,215,px083_policy_transfer/results/METRICS.json,T1105,OtherTechnique,87
PX083-0215,PX083,camlds,random_75,,ordinary_gate,,False,,20260922,215,px083_policy_transfer/results/METRICS.json,T1105,T1105,13
PX083-0216,PX083,camlds,random_75,,target_cost_gate,,False,,20260922,216,px083_policy_transfer/results/METRICS.json,OtherTechnique,OtherTechnique,2798
PX083-0216,PX083,camlds,random_75,,target_cost_gate,,False,,20260922,216,px083_policy_transfer/results/METRICS.json,OtherTechnique,T1105,1311
PX083-0216,PX083,camlds,random_75,,target_cost_gate,,False,,20260922,216,px083_policy_transfer/results/METRICS.json,T1105,OtherTechnique,67
PX083-0216,PX083,camlds,random_75,,target_cost_gate,,False,,20260922,216,px083_policy_transfer/results/METRICS.json,T1105,T1105,33
PX083-0217,PX083,camlds,support_burst_60,,current,,False,,20260920,217,px083_policy_transfer/results/METRICS.json,OtherTechnique,OtherTechnique,780
PX083-0217,PX083,camlds,support_burst_60,,current,,False,,20260920,217,px083_policy_transfer/results/METRICS.json,OtherTechnique,T1105,3329
PX083-0217,PX083,camlds,support_burst_60,,current,,False,,20260920,217,px083_policy_transfer/results/METRICS.json,T1105,OtherTechnique,13
PX083-0217,PX083,camlds,support_burst_60,,current,,False,,20260920,217,px083_policy_transfer/results/METRICS.json,T1105,T1105,87
PX083-0218,PX083,camlds,support_burst_60,,context,,False,,20260920,218,px083_policy_transfer/results/METRICS.json,OtherTechnique,OtherTechnique,424
PX083-0218,PX083,camlds,support_burst_60,,context,,False,,20260920,218,px083_policy_transfer/results/METRICS.json,OtherTechnique,T1105,3685
PX083-0218,PX083,camlds,support_burst_60,,context,,False,,20260920,218,px083_policy_transfer/results/METRICS.json,T1105,OtherTechnique,5
PX083-0218,PX083,camlds,support_burst_60,,context,,False,,20260920,218,px083_policy_transfer/results/METRICS.json,T1105,T1105,95
PX083-0219,PX083,camlds,support_burst_60,,fixed_fusion,,False,,20260920,219,px083_policy_transfer/results/METRICS.json,OtherTechnique,OtherTechnique,618
PX083-0219,PX083,camlds,support_burst_60,,fixed_fusion,,False,,20260920,219,px083_policy_transfer/results/METRICS.json,OtherTechnique,T1105,3491
PX083-0219,PX083,camlds,support_burst_60,,fixed_fusion,,False,,20260920,219,px083_policy_transfer/results/METRICS.json,T1105,OtherTechnique,8
PX083-0219,PX083,camlds,support_burst_60,,fixed_fusion,,False,,20260920,219,px083_policy_transfer/results/METRICS.json,T1105,T1105,92
PX083-0220,PX083,camlds,support_burst_60,,mixed_dropout,,False,,20260920,220,px083_policy_transfer/results/METRICS.json,OtherTechnique,OtherTechnique,568
PX083-0220,PX083,camlds,support_burst_60,,mixed_dropout,,False,,20260920,220,px083_policy_transfer/results/METRICS.json,OtherTechnique,T1105,3541
PX083-0220,PX083,camlds,support_burst_60,,mixed_dropout,,False,,20260920,220,px083_policy_transfer/results/METRICS.json,T1105,OtherTechnique,9
PX083-0220,PX083,camlds,support_burst_60,,mixed_dropout,,False,,20260920,220,px083_policy_transfer/results/METRICS.json,T1105,T1105,91
PX083-0221,PX083,camlds,support_burst_60,,confidence_gate,,False,,20260920,221,px083_policy_transfer/results/METRICS.json,OtherTechnique,OtherTechnique,618
PX083-0221,PX083,camlds,support_burst_60,,confidence_gate,,False,,20260920,221,px083_policy_transfer/results/METRICS.json,OtherTechnique,T1105,3491
PX083-0221,PX083,camlds,support_burst_60,,confidence_gate,,False,,20260920,221,px083_policy_transfer/results/METRICS.json,T1105,OtherTechnique,8
PX083-0221,PX083,camlds,support_burst_60,,confidence_gate,,False,,20260920,221,px083_policy_transfer/results/METRICS.json,T1105,T1105,92
PX083-0222,PX083,camlds,support_burst_60,,ordinary_gate,,False,,20260920,222,px083_policy_transfer/results/METRICS.json,OtherTechnique,OtherTechnique,783
PX083-0222,PX083,camlds,support_burst_60,,ordinary_gate,,False,,20260920,222,px083_policy_transfer/results/METRICS.json,OtherTechnique,T1105,3326
PX083-0222,PX083,camlds,support_burst_60,,ordinary_gate,,False,,20260920,222,px083_policy_transfer/results/METRICS.json,T1105,OtherTechnique,13
PX083-0222,PX083,camlds,support_burst_60,,ordinary_gate,,False,,20260920,222,px083_policy_transfer/results/METRICS.json,T1105,T1105,87
PX083-0223,PX083,camlds,support_burst_60,,target_cost_gate,,False,,20260920,223,px083_policy_transfer/results/METRICS.json,OtherTechnique,OtherTechnique,424
PX083-0223,PX083,camlds,support_burst_60,,target_cost_gate,,False,,20260920,223,px083_policy_transfer/results/METRICS.json,OtherTechnique,T1105,3685
PX083-0223,PX083,camlds,support_burst_60,,target_cost_gate,,False,,20260920,223,px083_policy_transfer/results/METRICS.json,T1105,OtherTechnique,5
PX083-0223,PX083,camlds,support_burst_60,,target_cost_gate,,False,,20260920,223,px083_policy_transfer/results/METRICS.json,T1105,T1105,95
PX083-0224,PX083,camlds,command_records_absent,,current,,False,,20260920,224,px083_policy_transfer/results/METRICS.json,OtherTechnique,OtherTechnique,4107
PX083-0224,PX083,camlds,command_records_absent,,current,,False,,20260920,224,px083_policy_transfer/results/METRICS.json,OtherTechnique,T1105,2
PX083-0224,PX083,camlds,command_records_absent,,current,,False,,20260920,224,px083_policy_transfer/results/METRICS.json,T1105,OtherTechnique,100
PX083-0224,PX083,camlds,command_records_absent,,current,,False,,20260920,224,px083_policy_transfer/results/METRICS.json,T1105,T1105,0
PX083-0225,PX083,camlds,command_records_absent,,context,,False,,20260920,225,px083_policy_transfer/results/METRICS.json,OtherTechnique,OtherTechnique,3443
PX083-0225,PX083,camlds,command_records_absent,,context,,False,,20260920,225,px083_policy_transfer/results/METRICS.json,OtherTechnique,T1105,666
PX083-0225,PX083,camlds,command_records_absent,,context,,False,,20260920,225,px083_policy_transfer/results/METRICS.json,T1105,OtherTechnique,85
PX083-0225,PX083,camlds,command_records_absent,,context,,False,,20260920,225,px083_policy_transfer/results/METRICS.json,T1105,T1105,15
PX083-0226,PX083,camlds,command_records_absent,,fixed_fusion,,False,,20260920,226,px083_policy_transfer/results/METRICS.json,OtherTechnique,OtherTechnique,4105
PX083-0226,PX083,camlds,command_records_absent,,fixed_fusion,,False,,20260920,226,px083_policy_transfer/results/METRICS.json,OtherTechnique,T1105,4
PX083-0226,PX083,camlds,command_records_absent,,fixed_fusion,,False,,20260920,226,px083_policy_transfer/results/METRICS.json,T1105,OtherTechnique,100
PX083-0226,PX083,camlds,command_records_absent,,fixed_fusion,,False,,20260920,226,px083_policy_transfer/results/METRICS.json,T1105,T1105,0
PX083-0227,PX083,camlds,command_records_absent,,mixed_dropout,,False,,20260920,227,px083_policy_transfer/results/METRICS.json,OtherTechnique,OtherTechnique,1133
PX083-0227,PX083,camlds,command_records_absent,,mixed_dropout,,False,,20260920,227,px083_policy_transfer/results/METRICS.json,OtherTechnique,T1105,2976
PX083-0227,PX083,camlds,command_records_absent,,mixed_dropout,,False,,20260920,227,px083_policy_transfer/results/METRICS.json,T1105,OtherTechnique,16
PX083-0227,PX083,camlds,command_records_absent,,mixed_dropout,,False,,20260920,227,px083_policy_transfer/results/METRICS.json,T1105,T1105,84
PX083-0228,PX083,camlds,command_records_absent,,confidence_gate,,False,,20260920,228,px083_policy_transfer/results/METRICS.json,OtherTechnique,OtherTechnique,4105
PX083-0228,PX083,camlds,command_records_absent,,confidence_gate,,False,,20260920,228,px083_policy_transfer/results/METRICS.json,OtherTechnique,T1105,4
PX083-0228,PX083,camlds,command_records_absent,,confidence_gate,,False,,20260920,228,px083_policy_transfer/results/METRICS.json,T1105,OtherTechnique,100
PX083-0228,PX083,camlds,command_records_absent,,confidence_gate,,False,,20260920,228,px083_policy_transfer/results/METRICS.json,T1105,T1105,0
PX083-0229,PX083,camlds,command_records_absent,,ordinary_gate,,False,,20260920,229,px083_policy_transfer/results/METRICS.json,OtherTechnique,OtherTechnique,4107
PX083-0229,PX083,camlds,command_records_absent,,ordinary_gate,,False,,20260920,229,px083_policy_transfer/results/METRICS.json,OtherTechnique,T1105,2
PX083-0229,PX083,camlds,command_records_absent,,ordinary_gate,,False,,20260920,229,px083_policy_transfer/results/METRICS.json,T1105,OtherTechnique,100
PX083-0229,PX083,camlds,command_records_absent,,ordinary_gate,,False,,20260920,229,px083_policy_transfer/results/METRICS.json,T1105,T1105,0
PX083-0230,PX083,camlds,command_records_absent,,target_cost_gate,,False,,20260920,230,px083_policy_transfer/results/METRICS.json,OtherTechnique,OtherTechnique,3443
PX083-0230,PX083,camlds,command_records_absent,,target_cost_gate,,False,,20260920,230,px083_policy_transfer/results/METRICS.json,OtherTechnique,T1105,666
PX083-0230,PX083,camlds,command_records_absent,,target_cost_gate,,False,,20260920,230,px083_policy_transfer/results/METRICS.json,T1105,OtherTechnique,85
PX083-0230,PX083,camlds,command_records_absent,,target_cost_gate,,False,,20260920,230,px083_policy_transfer/results/METRICS.json,T1105,T1105,15
PX083-0231,PX083,camlds,delay_30_deadline_0,,current,,False,,20260920,231,px083_policy_transfer/results/METRICS.json,OtherTechnique,OtherTechnique,4107
PX083-0231,PX083,camlds,delay_30_deadline_0,,current,,False,,20260920,231,px083_policy_transfer/results/METRICS.json,OtherTechnique,T1105,2
PX083-0231,PX083,camlds,delay_30_deadline_0,,current,,False,,20260920,231,px083_policy_transfer/results/METRICS.json,T1105,OtherTechnique,100
PX083-0231,PX083,camlds,delay_30_deadline_0,,current,,False,,20260920,231,px083_policy_transfer/results/METRICS.json,T1105,T1105,0
PX083-0232,PX083,camlds,delay_30_deadline_0,,context,,False,,20260920,232,px083_policy_transfer/results/METRICS.json,OtherTechnique,OtherTechnique,3962
PX083-0232,PX083,camlds,delay_30_deadline_0,,context,,False,,20260920,232,px083_policy_transfer/results/METRICS.json,OtherTechnique,T1105,147
PX083-0232,PX083,camlds,delay_30_deadline_0,,context,,False,,20260920,232,px083_policy_transfer/results/METRICS.json,T1105,OtherTechnique,96
PX083-0232,PX083,camlds,delay_30_deadline_0,,context,,False,,20260920,232,px083_policy_transfer/results/METRICS.json,T1105,T1105,4
PX083-0233,PX083,camlds,delay_30_deadline_0,,fixed_fusion,,False,,20260920,233,px083_policy_transfer/results/METRICS.json,OtherTechnique,OtherTechnique,4096
PX083-0233,PX083,camlds,delay_30_deadline_0,,fixed_fusion,,False,,20260920,233,px083_policy_transfer/results/METRICS.json,OtherTechnique,T1105,13
PX083-0233,PX083,camlds,delay_30_deadline_0,,fixed_fusion,,False,,20260920,233,px083_policy_transfer/results/METRICS.json,T1105,OtherTechnique,100
PX083-0233,PX083,camlds,delay_30_deadline_0,,fixed_fusion,,False,,20260920,233,px083_policy_transfer/results/METRICS.json,T1105,T1105,0
PX083-0234,PX083,camlds,delay_30_deadline_0,,mixed_dropout,,False,,20260920,234,px083_policy_transfer/results/METRICS.json,OtherTechnique,OtherTechnique,1239
PX083-0234,PX083,camlds,delay_30_deadline_0,,mixed_dropout,,False,,20260920,234,px083_policy_transfer/results/METRICS.json,OtherTechnique,T1105,2870
PX083-0234,PX083,camlds,delay_30_deadline_0,,mixed_dropout,,False,,20260920,234,px083_policy_transfer/results/METRICS.json,T1105,OtherTechnique,21
PX083-0234,PX083,camlds,delay_30_deadline_0,,mixed_dropout,,False,,20260920,234,px083_policy_transfer/results/METRICS.json,T1105,T1105,79
PX083-0235,PX083,camlds,delay_30_deadline_0,,confidence_gate,,False,,20260920,235,px083_policy_transfer/results/METRICS.json,OtherTechnique,OtherTechnique,4096
PX083-0235,PX083,camlds,delay_30_deadline_0,,confidence_gate,,False,,20260920,235,px083_policy_transfer/results/METRICS.json,OtherTechnique,T1105,13
PX083-0235,PX083,camlds,delay_30_deadline_0,,confidence_gate,,False,,20260920,235,px083_policy_transfer/results/METRICS.json,T1105,OtherTechnique,100
PX083-0235,PX083,camlds,delay_30_deadline_0,,confidence_gate,,False,,20260920,235,px083_policy_transfer/results/METRICS.json,T1105,T1105,0
PX083-0236,PX083,camlds,delay_30_deadline_0,,ordinary_gate,,False,,20260920,236,px083_policy_transfer/results/METRICS.json,OtherTechnique,OtherTechnique,4107
PX083-0236,PX083,camlds,delay_30_deadline_0,,ordinary_gate,,False,,20260920,236,px083_policy_transfer/results/METRICS.json,OtherTechnique,T1105,2
PX083-0236,PX083,camlds,delay_30_deadline_0,,ordinary_gate,,False,,20260920,236,px083_policy_transfer/results/METRICS.json,T1105,OtherTechnique,100
PX083-0236,PX083,camlds,delay_30_deadline_0,,ordinary_gate,,False,,20260920,236,px083_policy_transfer/results/METRICS.json,T1105,T1105,0
PX083-0237,PX083,camlds,delay_30_deadline_0,,target_cost_gate,,False,,20260920,237,px083_policy_transfer/results/METRICS.json,OtherTechnique,OtherTechnique,3962
PX083-0237,PX083,camlds,delay_30_deadline_0,,target_cost_gate,,False,,20260920,237,px083_policy_transfer/results/METRICS.json,OtherTechnique,T1105,147
PX083-0237,PX083,camlds,delay_30_deadline_0,,target_cost_gate,,False,,20260920,237,px083_policy_transfer/results/METRICS.json,T1105,OtherTechnique,96
PX083-0237,PX083,camlds,delay_30_deadline_0,,target_cost_gate,,False,,20260920,237,px083_policy_transfer/results/METRICS.json,T1105,T1105,4
PX083-0238,PX083,camlds,delay_30_deadline_30,,current,,False,,20260920,238,px083_policy_transfer/results/METRICS.json,OtherTechnique,OtherTechnique,780
PX083-0238,PX083,camlds,delay_30_deadline_30,,current,,False,,20260920,238,px083_policy_transfer/results/METRICS.json,OtherTechnique,T1105,3329
PX083-0238,PX083,camlds,delay_30_deadline_30,,current,,False,,20260920,238,px083_policy_transfer/results/METRICS.json,T1105,OtherTechnique,13
PX083-0238,PX083,camlds,delay_30_deadline_30,,current,,False,,20260920,238,px083_policy_transfer/results/METRICS.json,T1105,T1105,87
PX083-0239,PX083,camlds,delay_30_deadline_30,,context,,False,,20260920,239,px083_policy_transfer/results/METRICS.json,OtherTechnique,OtherTechnique,1001
PX083-0239,PX083,camlds,delay_30_deadline_30,,context,,False,,20260920,239,px083_policy_transfer/results/METRICS.json,OtherTechnique,T1105,3108
PX083-0239,PX083,camlds,delay_30_deadline_30,,context,,False,,20260920,239,px083_policy_transfer/results/METRICS.json,T1105,OtherTechnique,12
PX083-0239,PX083,camlds,delay_30_deadline_30,,context,,False,,20260920,239,px083_policy_transfer/results/METRICS.json,T1105,T1105,88
PX083-0240,PX083,camlds,delay_30_deadline_30,,fixed_fusion,,False,,20260920,240,px083_policy_transfer/results/METRICS.json,OtherTechnique,OtherTechnique,938
PX083-0240,PX083,camlds,delay_30_deadline_30,,fixed_fusion,,False,,20260920,240,px083_policy_transfer/results/METRICS.json,OtherTechnique,T1105,3171
PX083-0240,PX083,camlds,delay_30_deadline_30,,fixed_fusion,,False,,20260920,240,px083_policy_transfer/results/METRICS.json,T1105,OtherTechnique,12
PX083-0240,PX083,camlds,delay_30_deadline_30,,fixed_fusion,,False,,20260920,240,px083_policy_transfer/results/METRICS.json,T1105,T1105,88
PX083-0241,PX083,camlds,delay_30_deadline_30,,mixed_dropout,,False,,20260920,241,px083_policy_transfer/results/METRICS.json,OtherTechnique,OtherTechnique,1071
PX083-0241,PX083,camlds,delay_30_deadline_30,,mixed_dropout,,False,,20260920,241,px083_policy_transfer/results/METRICS.json,OtherTechnique,T1105,3038
PX083-0241,PX083,camlds,delay_30_deadline_30,,mixed_dropout,,False,,20260920,241,px083_policy_transfer/results/METRICS.json,T1105,OtherTechnique,15
PX083-0241,PX083,camlds,delay_30_deadline_30,,mixed_dropout,,False,,20260920,241,px083_policy_transfer/results/METRICS.json,T1105,T1105,85
PX083-0242,PX083,camlds,delay_30_deadline_30,,confidence_gate,,False,,20260920,242,px083_policy_transfer/results/METRICS.json,OtherTechnique,OtherTechnique,938
PX083-0242,PX083,camlds,delay_30_deadline_30,,confidence_gate,,False,,20260920,242,px083_policy_transfer/results/METRICS.json,OtherTechnique,T1105,3171
PX083-0242,PX083,camlds,delay_30_deadline_30,,confidence_gate,,False,,20260920,242,px083_policy_transfer/results/METRICS.json,T1105,OtherTechnique,12
PX083-0242,PX083,camlds,delay_30_deadline_30,,confidence_gate,,False,,20260920,242,px083_policy_transfer/results/METRICS.json,T1105,T1105,88
PX083-0243,PX083,camlds,delay_30_deadline_30,,ordinary_gate,,False,,20260920,243,px083_policy_transfer/results/METRICS.json,OtherTechnique,OtherTechnique,784
PX083-0243,PX083,camlds,delay_30_deadline_30,,ordinary_gate,,False,,20260920,243,px083_policy_transfer/results/METRICS.json,OtherTechnique,T1105,3325
PX083-0243,PX083,camlds,delay_30_deadline_30,,ordinary_gate,,False,,20260920,243,px083_policy_transfer/results/METRICS.json,T1105,OtherTechnique,13
PX083-0243,PX083,camlds,delay_30_deadline_30,,ordinary_gate,,False,,20260920,243,px083_policy_transfer/results/METRICS.json,T1105,T1105,87
PX083-0244,PX083,camlds,delay_30_deadline_30,,target_cost_gate,,False,,20260920,244,px083_policy_transfer/results/METRICS.json,OtherTechnique,OtherTechnique,1001
PX083-0244,PX083,camlds,delay_30_deadline_30,,target_cost_gate,,False,,20260920,244,px083_policy_transfer/results/METRICS.json,OtherTechnique,T1105,3108
PX083-0244,PX083,camlds,delay_30_deadline_30,,target_cost_gate,,False,,20260920,244,px083_policy_transfer/results/METRICS.json,T1105,OtherTechnique,12
PX083-0244,PX083,camlds,delay_30_deadline_30,,target_cost_gate,,False,,20260920,244,px083_policy_transfer/results/METRICS.json,T1105,T1105,88
PX083-0245,PX083,camlds,delay_120_deadline_0,,current,,False,,20260920,245,px083_policy_transfer/results/METRICS.json,OtherTechnique,OtherTechnique,4107
PX083-0245,PX083,camlds,delay_120_deadline_0,,current,,False,,20260920,245,px083_policy_transfer/results/METRICS.json,OtherTechnique,T1105,2
PX083-0245,PX083,camlds,delay_120_deadline_0,,current,,False,,20260920,245,px083_policy_transfer/results/METRICS.json,T1105,OtherTechnique,100
PX083-0245,PX083,camlds,delay_120_deadline_0,,current,,False,,20260920,245,px083_policy_transfer/results/METRICS.json,T1105,T1105,0
PX083-0246,PX083,camlds,delay_120_deadline_0,,context,,False,,20260920,246,px083_policy_transfer/results/METRICS.json,OtherTechnique,OtherTechnique,3443
PX083-0246,PX083,camlds,delay_120_deadline_0,,context,,False,,20260920,246,px083_policy_transfer/results/METRICS.json,OtherTechnique,T1105,666
PX083-0246,PX083,camlds,delay_120_deadline_0,,context,,False,,20260920,246,px083_policy_transfer/results/METRICS.json,T1105,OtherTechnique,85
PX083-0246,PX083,camlds,delay_120_deadline_0,,context,,False,,20260920,246,px083_policy_transfer/results/METRICS.json,T1105,T1105,15
PX083-0247,PX083,camlds,delay_120_deadline_0,,fixed_fusion,,False,,20260920,247,px083_policy_transfer/results/METRICS.json,OtherTechnique,OtherTechnique,4105
PX083-0247,PX083,camlds,delay_120_deadline_0,,fixed_fusion,,False,,20260920,247,px083_policy_transfer/results/METRICS.json,OtherTechnique,T1105,4
PX083-0247,PX083,camlds,delay_120_deadline_0,,fixed_fusion,,False,,20260920,247,px083_policy_transfer/results/METRICS.json,T1105,OtherTechnique,100
PX083-0247,PX083,camlds,delay_120_deadline_0,,fixed_fusion,,False,,20260920,247,px083_policy_transfer/results/METRICS.json,T1105,T1105,0
PX083-0248,PX083,camlds,delay_120_deadline_0,,mixed_dropout,,False,,20260920,248,px083_policy_transfer/results/METRICS.json,OtherTechnique,OtherTechnique,1133
PX083-0248,PX083,camlds,delay_120_deadline_0,,mixed_dropout,,False,,20260920,248,px083_policy_transfer/results/METRICS.json,OtherTechnique,T1105,2976
PX083-0248,PX083,camlds,delay_120_deadline_0,,mixed_dropout,,False,,20260920,248,px083_policy_transfer/results/METRICS.json,T1105,OtherTechnique,16
PX083-0248,PX083,camlds,delay_120_deadline_0,,mixed_dropout,,False,,20260920,248,px083_policy_transfer/results/METRICS.json,T1105,T1105,84
PX083-0249,PX083,camlds,delay_120_deadline_0,,confidence_gate,,False,,20260920,249,px083_policy_transfer/results/METRICS.json,OtherTechnique,OtherTechnique,4105
PX083-0249,PX083,camlds,delay_120_deadline_0,,confidence_gate,,False,,20260920,249,px083_policy_transfer/results/METRICS.json,OtherTechnique,T1105,4
PX083-0249,PX083,camlds,delay_120_deadline_0,,confidence_gate,,False,,20260920,249,px083_policy_transfer/results/METRICS.json,T1105,OtherTechnique,100
PX083-0249,PX083,camlds,delay_120_deadline_0,,confidence_gate,,False,,20260920,249,px083_policy_transfer/results/METRICS.json,T1105,T1105,0
PX083-0250,PX083,camlds,delay_120_deadline_0,,ordinary_gate,,False,,20260920,250,px083_policy_transfer/results/METRICS.json,OtherTechnique,OtherTechnique,4107
PX083-0250,PX083,camlds,delay_120_deadline_0,,ordinary_gate,,False,,20260920,250,px083_policy_transfer/results/METRICS.json,OtherTechnique,T1105,2
PX083-0250,PX083,camlds,delay_120_deadline_0,,ordinary_gate,,False,,20260920,250,px083_policy_transfer/results/METRICS.json,T1105,OtherTechnique,100
PX083-0250,PX083,camlds,delay_120_deadline_0,,ordinary_gate,,False,,20260920,250,px083_policy_transfer/results/METRICS.json,T1105,T1105,0
PX083-0251,PX083,camlds,delay_120_deadline_0,,target_cost_gate,,False,,20260920,251,px083_policy_transfer/results/METRICS.json,OtherTechnique,OtherTechnique,3443
PX083-0251,PX083,camlds,delay_120_deadline_0,,target_cost_gate,,False,,20260920,251,px083_policy_transfer/results/METRICS.json,OtherTechnique,T1105,666
PX083-0251,PX083,camlds,delay_120_deadline_0,,target_cost_gate,,False,,20260920,251,px083_policy_transfer/results/METRICS.json,T1105,OtherTechnique,85
PX083-0251,PX083,camlds,delay_120_deadline_0,,target_cost_gate,,False,,20260920,251,px083_policy_transfer/results/METRICS.json,T1105,T1105,15
PX083-0252,PX083,camlds,delay_120_deadline_30,,current,,False,,20260920,252,px083_policy_transfer/results/METRICS.json,OtherTechnique,OtherTechnique,4107
PX083-0252,PX083,camlds,delay_120_deadline_30,,current,,False,,20260920,252,px083_policy_transfer/results/METRICS.json,OtherTechnique,T1105,2
PX083-0252,PX083,camlds,delay_120_deadline_30,,current,,False,,20260920,252,px083_policy_transfer/results/METRICS.json,T1105,OtherTechnique,100
PX083-0252,PX083,camlds,delay_120_deadline_30,,current,,False,,20260920,252,px083_policy_transfer/results/METRICS.json,T1105,T1105,0
PX083-0253,PX083,camlds,delay_120_deadline_30,,context,,False,,20260920,253,px083_policy_transfer/results/METRICS.json,OtherTechnique,OtherTechnique,3733
PX083-0253,PX083,camlds,delay_120_deadline_30,,context,,False,,20260920,253,px083_policy_transfer/results/METRICS.json,OtherTechnique,T1105,376
PX083-0253,PX083,camlds,delay_120_deadline_30,,context,,False,,20260920,253,px083_policy_transfer/results/METRICS.json,T1105,OtherTechnique,92
PX083-0253,PX083,camlds,delay_120_deadline_30,,context,,False,,20260920,253,px083_policy_transfer/results/METRICS.json,T1105,T1105,8
PX083-0254,PX083,camlds,delay_120_deadline_30,,fixed_fusion,,False,,20260920,254,px083_policy_transfer/results/METRICS.json,OtherTechnique,OtherTechnique,4103
PX083-0254,PX083,camlds,delay_120_deadline_30,,fixed_fusion,,False,,20260920,254,px083_policy_transfer/results/METRICS.json,OtherTechnique,T1105,6
PX083-0254,PX083,camlds,delay_120_deadline_30,,fixed_fusion,,False,,20260920,254,px083_policy_transfer/results/METRICS.json,T1105,OtherTechnique,100
PX083-0254,PX083,camlds,delay_120_deadline_30,,fixed_fusion,,False,,20260920,254,px083_policy_transfer/results/METRICS.json,T1105,T1105,0
PX083-0255,PX083,camlds,delay_120_deadline_30,,mixed_dropout,,False,,20260920,255,px083_policy_transfer/results/METRICS.json,OtherTechnique,OtherTechnique,1046
PX083-0255,PX083,camlds,delay_120_deadline_30,,mixed_dropout,,False,,20260920,255,px083_policy_transfer/results/METRICS.json,OtherTechnique,T1105,3063
PX083-0255,PX083,camlds,delay_120_deadline_30,,mixed_dropout,,False,,20260920,255,px083_policy_transfer/results/METRICS.json,T1105,OtherTechnique,14
PX083-0255,PX083,camlds,delay_120_deadline_30,,mixed_dropout,,False,,20260920,255,px083_policy_transfer/results/METRICS.json,T1105,T1105,86
PX083-0256,PX083,camlds,delay_120_deadline_30,,confidence_gate,,False,,20260920,256,px083_policy_transfer/results/METRICS.json,OtherTechnique,OtherTechnique,4103
PX083-0256,PX083,camlds,delay_120_deadline_30,,confidence_gate,,False,,20260920,256,px083_policy_transfer/results/METRICS.json,OtherTechnique,T1105,6
PX083-0256,PX083,camlds,delay_120_deadline_30,,confidence_gate,,False,,20260920,256,px083_policy_transfer/results/METRICS.json,T1105,OtherTechnique,100
PX083-0256,PX083,camlds,delay_120_deadline_30,,confidence_gate,,False,,20260920,256,px083_policy_transfer/results/METRICS.json,T1105,T1105,0
PX083-0257,PX083,camlds,delay_120_deadline_30,,ordinary_gate,,False,,20260920,257,px083_policy_transfer/results/METRICS.json,OtherTechnique,OtherTechnique,4107
PX083-0257,PX083,camlds,delay_120_deadline_30,,ordinary_gate,,False,,20260920,257,px083_policy_transfer/results/METRICS.json,OtherTechnique,T1105,2
PX083-0257,PX083,camlds,delay_120_deadline_30,,ordinary_gate,,False,,20260920,257,px083_policy_transfer/results/METRICS.json,T1105,OtherTechnique,100
PX083-0257,PX083,camlds,delay_120_deadline_30,,ordinary_gate,,False,,20260920,257,px083_policy_transfer/results/METRICS.json,T1105,T1105,0
PX083-0258,PX083,camlds,delay_120_deadline_30,,target_cost_gate,,False,,20260920,258,px083_policy_transfer/results/METRICS.json,OtherTechnique,OtherTechnique,3733
PX083-0258,PX083,camlds,delay_120_deadline_30,,target_cost_gate,,False,,20260920,258,px083_policy_transfer/results/METRICS.json,OtherTechnique,T1105,376
PX083-0258,PX083,camlds,delay_120_deadline_30,,target_cost_gate,,False,,20260920,258,px083_policy_transfer/results/METRICS.json,T1105,OtherTechnique,92
PX083-0258,PX083,camlds,delay_120_deadline_30,,target_cost_gate,,False,,20260920,258,px083_policy_transfer/results/METRICS.json,T1105,T1105,8
PX083-0259,PX083,camlds,delay_120_deadline_120,,current,,False,,20260920,259,px083_policy_transfer/results/METRICS.json,OtherTechnique,OtherTechnique,780
PX083-0259,PX083,camlds,delay_120_deadline_120,,current,,False,,20260920,259,px083_policy_transfer/results/METRICS.json,OtherTechnique,T1105,3329
PX083-0259,PX083,camlds,delay_120_deadline_120,,current,,False,,20260920,259,px083_policy_transfer/results/METRICS.json,T1105,OtherTechnique,13
PX083-0259,PX083,camlds,delay_120_deadline_120,,current,,False,,20260920,259,px083_policy_transfer/results/METRICS.json,T1105,T1105,87
PX083-0260,PX083,camlds,delay_120_deadline_120,,context,,False,,20260920,260,px083_policy_transfer/results/METRICS.json,OtherTechnique,OtherTechnique,1001
PX083-0260,PX083,camlds,delay_120_deadline_120,,context,,False,,20260920,260,px083_policy_transfer/results/METRICS.json,OtherTechnique,T1105,3108
PX083-0260,PX083,camlds,delay_120_deadline_120,,context,,False,,20260920,260,px083_policy_transfer/results/METRICS.json,T1105,OtherTechnique,12
PX083-0260,PX083,camlds,delay_120_deadline_120,,context,,False,,20260920,260,px083_policy_transfer/results/METRICS.json,T1105,T1105,88
PX083-0261,PX083,camlds,delay_120_deadline_120,,fixed_fusion,,False,,20260920,261,px083_policy_transfer/results/METRICS.json,OtherTechnique,OtherTechnique,938
PX083-0261,PX083,camlds,delay_120_deadline_120,,fixed_fusion,,False,,20260920,261,px083_policy_transfer/results/METRICS.json,OtherTechnique,T1105,3171
PX083-0261,PX083,camlds,delay_120_deadline_120,,fixed_fusion,,False,,20260920,261,px083_policy_transfer/results/METRICS.json,T1105,OtherTechnique,12
PX083-0261,PX083,camlds,delay_120_deadline_120,,fixed_fusion,,False,,20260920,261,px083_policy_transfer/results/METRICS.json,T1105,T1105,88
PX083-0262,PX083,camlds,delay_120_deadline_120,,mixed_dropout,,False,,20260920,262,px083_policy_transfer/results/METRICS.json,OtherTechnique,OtherTechnique,1071
PX083-0262,PX083,camlds,delay_120_deadline_120,,mixed_dropout,,False,,20260920,262,px083_policy_transfer/results/METRICS.json,OtherTechnique,T1105,3038
PX083-0262,PX083,camlds,delay_120_deadline_120,,mixed_dropout,,False,,20260920,262,px083_policy_transfer/results/METRICS.json,T1105,OtherTechnique,15
PX083-0262,PX083,camlds,delay_120_deadline_120,,mixed_dropout,,False,,20260920,262,px083_policy_transfer/results/METRICS.json,T1105,T1105,85
PX083-0263,PX083,camlds,delay_120_deadline_120,,confidence_gate,,False,,20260920,263,px083_policy_transfer/results/METRICS.json,OtherTechnique,OtherTechnique,938
PX083-0263,PX083,camlds,delay_120_deadline_120,,confidence_gate,,False,,20260920,263,px083_policy_transfer/results/METRICS.json,OtherTechnique,T1105,3171
PX083-0263,PX083,camlds,delay_120_deadline_120,,confidence_gate,,False,,20260920,263,px083_policy_transfer/results/METRICS.json,T1105,OtherTechnique,12
PX083-0263,PX083,camlds,delay_120_deadline_120,,confidence_gate,,False,,20260920,263,px083_policy_transfer/results/METRICS.json,T1105,T1105,88
PX083-0264,PX083,camlds,delay_120_deadline_120,,ordinary_gate,,False,,20260920,264,px083_policy_transfer/results/METRICS.json,OtherTechnique,OtherTechnique,784
PX083-0264,PX083,camlds,delay_120_deadline_120,,ordinary_gate,,False,,20260920,264,px083_policy_transfer/results/METRICS.json,OtherTechnique,T1105,3325
PX083-0264,PX083,camlds,delay_120_deadline_120,,ordinary_gate,,False,,20260920,264,px083_policy_transfer/results/METRICS.json,T1105,OtherTechnique,13
PX083-0264,PX083,camlds,delay_120_deadline_120,,ordinary_gate,,False,,20260920,264,px083_policy_transfer/results/METRICS.json,T1105,T1105,87
PX083-0265,PX083,camlds,delay_120_deadline_120,,target_cost_gate,,False,,20260920,265,px083_policy_transfer/results/METRICS.json,OtherTechnique,OtherTechnique,1001
PX083-0265,PX083,camlds,delay_120_deadline_120,,target_cost_gate,,False,,20260920,265,px083_policy_transfer/results/METRICS.json,OtherTechnique,T1105,3108
PX083-0265,PX083,camlds,delay_120_deadline_120,,target_cost_gate,,False,,20260920,265,px083_policy_transfer/results/METRICS.json,T1105,OtherTechnique,12
PX083-0265,PX083,camlds,delay_120_deadline_120,,target_cost_gate,,False,,20260920,265,px083_policy_transfer/results/METRICS.json,T1105,T1105,88
PX083-0266,PX083,camlds,execve_absent,,current,,False,,20260920,266,px083_policy_transfer/results/METRICS.json,OtherTechnique,OtherTechnique,782
PX083-0266,PX083,camlds,execve_absent,,current,,False,,20260920,266,px083_policy_transfer/results/METRICS.json,OtherTechnique,T1105,3327
PX083-0266,PX083,camlds,execve_absent,,current,,False,,20260920,266,px083_policy_transfer/results/METRICS.json,T1105,OtherTechnique,16
PX083-0266,PX083,camlds,execve_absent,,current,,False,,20260920,266,px083_policy_transfer/results/METRICS.json,T1105,T1105,84
PX083-0267,PX083,camlds,execve_absent,,context,,False,,20260920,267,px083_policy_transfer/results/METRICS.json,OtherTechnique,OtherTechnique,1402
PX083-0267,PX083,camlds,execve_absent,,context,,False,,20260920,267,px083_policy_transfer/results/METRICS.json,OtherTechnique,T1105,2707
PX083-0267,PX083,camlds,execve_absent,,context,,False,,20260920,267,px083_policy_transfer/results/METRICS.json,T1105,OtherTechnique,26
PX083-0267,PX083,camlds,execve_absent,,context,,False,,20260920,267,px083_policy_transfer/results/METRICS.json,T1105,T1105,74
PX083-0268,PX083,camlds,execve_absent,,fixed_fusion,,False,,20260920,268,px083_policy_transfer/results/METRICS.json,OtherTechnique,OtherTechnique,1244
PX083-0268,PX083,camlds,execve_absent,,fixed_fusion,,False,,20260920,268,px083_policy_transfer/results/METRICS.json,OtherTechnique,T1105,2865
PX083-0268,PX083,camlds,execve_absent,,fixed_fusion,,False,,20260920,268,px083_policy_transfer/results/METRICS.json,T1105,OtherTechnique,23
PX083-0268,PX083,camlds,execve_absent,,fixed_fusion,,False,,20260920,268,px083_policy_transfer/results/METRICS.json,T1105,T1105,77
PX083-0269,PX083,camlds,execve_absent,,mixed_dropout,,False,,20260920,269,px083_policy_transfer/results/METRICS.json,OtherTechnique,OtherTechnique,1056
PX083-0269,PX083,camlds,execve_absent,,mixed_dropout,,False,,20260920,269,px083_policy_transfer/results/METRICS.json,OtherTechnique,T1105,3053
PX083-0269,PX083,camlds,execve_absent,,mixed_dropout,,False,,20260920,269,px083_policy_transfer/results/METRICS.json,T1105,OtherTechnique,15
PX083-0269,PX083,camlds,execve_absent,,mixed_dropout,,False,,20260920,269,px083_policy_transfer/results/METRICS.json,T1105,T1105,85
PX083-0270,PX083,camlds,execve_absent,,confidence_gate,,False,,20260920,270,px083_policy_transfer/results/METRICS.json,OtherTechnique,OtherTechnique,1244
PX083-0270,PX083,camlds,execve_absent,,confidence_gate,,False,,20260920,270,px083_policy_transfer/results/METRICS.json,OtherTechnique,T1105,2865
PX083-0270,PX083,camlds,execve_absent,,confidence_gate,,False,,20260920,270,px083_policy_transfer/results/METRICS.json,T1105,OtherTechnique,23
PX083-0270,PX083,camlds,execve_absent,,confidence_gate,,False,,20260920,270,px083_policy_transfer/results/METRICS.json,T1105,T1105,77
PX083-0271,PX083,camlds,execve_absent,,ordinary_gate,,False,,20260920,271,px083_policy_transfer/results/METRICS.json,OtherTechnique,OtherTechnique,788
PX083-0271,PX083,camlds,execve_absent,,ordinary_gate,,False,,20260920,271,px083_policy_transfer/results/METRICS.json,OtherTechnique,T1105,3321
PX083-0271,PX083,camlds,execve_absent,,ordinary_gate,,False,,20260920,271,px083_policy_transfer/results/METRICS.json,T1105,OtherTechnique,16
PX083-0271,PX083,camlds,execve_absent,,ordinary_gate,,False,,20260920,271,px083_policy_transfer/results/METRICS.json,T1105,T1105,84
PX083-0272,PX083,camlds,execve_absent,,target_cost_gate,,False,,20260920,272,px083_policy_transfer/results/METRICS.json,OtherTechnique,OtherTechnique,1402
PX083-0272,PX083,camlds,execve_absent,,target_cost_gate,,False,,20260920,272,px083_policy_transfer/results/METRICS.json,OtherTechnique,T1105,2707
PX083-0272,PX083,camlds,execve_absent,,target_cost_gate,,False,,20260920,272,px083_policy_transfer/results/METRICS.json,T1105,OtherTechnique,26
PX083-0272,PX083,camlds,execve_absent,,target_cost_gate,,False,,20260920,272,px083_policy_transfer/results/METRICS.json,T1105,T1105,74
PX083-0273,PX083,camlds,proctitle_absent,,current,,False,,20260920,273,px083_policy_transfer/results/METRICS.json,OtherTechnique,OtherTechnique,3944
PX083-0273,PX083,camlds,proctitle_absent,,current,,False,,20260920,273,px083_policy_transfer/results/METRICS.json,OtherTechnique,T1105,165
PX083-0273,PX083,camlds,proctitle_absent,,current,,False,,20260920,273,px083_policy_transfer/results/METRICS.json,T1105,OtherTechnique,99
PX083-0273,PX083,camlds,proctitle_absent,,current,,False,,20260920,273,px083_policy_transfer/results/METRICS.json,T1105,T1105,1
PX083-0274,PX083,camlds,proctitle_absent,,context,,False,,20260920,274,px083_policy_transfer/results/METRICS.json,OtherTechnique,OtherTechnique,3147
PX083-0274,PX083,camlds,proctitle_absent,,context,,False,,20260920,274,px083_policy_transfer/results/METRICS.json,OtherTechnique,T1105,962
PX083-0274,PX083,camlds,proctitle_absent,,context,,False,,20260920,274,px083_policy_transfer/results/METRICS.json,T1105,OtherTechnique,78
PX083-0274,PX083,camlds,proctitle_absent,,context,,False,,20260920,274,px083_policy_transfer/results/METRICS.json,T1105,T1105,22
PX083-0275,PX083,camlds,proctitle_absent,,fixed_fusion,,False,,20260920,275,px083_policy_transfer/results/METRICS.json,OtherTechnique,OtherTechnique,4082
PX083-0275,PX083,camlds,proctitle_absent,,fixed_fusion,,False,,20260920,275,px083_policy_transfer/results/METRICS.json,OtherTechnique,T1105,27
PX083-0275,PX083,camlds,proctitle_absent,,fixed_fusion,,False,,20260920,275,px083_policy_transfer/results/METRICS.json,T1105,OtherTechnique,100
PX083-0275,PX083,camlds,proctitle_absent,,fixed_fusion,,False,,20260920,275,px083_policy_transfer/results/METRICS.json,T1105,T1105,0
PX083-0276,PX083,camlds,proctitle_absent,,mixed_dropout,,False,,20260920,276,px083_policy_transfer/results/METRICS.json,OtherTechnique,OtherTechnique,993
PX083-0276,PX083,camlds,proctitle_absent,,mixed_dropout,,False,,20260920,276,px083_policy_transfer/results/METRICS.json,OtherTechnique,T1105,3116
PX083-0276,PX083,camlds,proctitle_absent,,mixed_dropout,,False,,20260920,276,px083_policy_transfer/results/METRICS.json,T1105,OtherTechnique,15
PX083-0276,PX083,camlds,proctitle_absent,,mixed_dropout,,False,,20260920,276,px083_policy_transfer/results/METRICS.json,T1105,T1105,85
PX083-0277,PX083,camlds,proctitle_absent,,confidence_gate,,False,,20260920,277,px083_policy_transfer/results/METRICS.json,OtherTechnique,OtherTechnique,4082
PX083-0277,PX083,camlds,proctitle_absent,,confidence_gate,,False,,20260920,277,px083_policy_transfer/results/METRICS.json,OtherTechnique,T1105,27
PX083-0277,PX083,camlds,proctitle_absent,,confidence_gate,,False,,20260920,277,px083_policy_transfer/results/METRICS.json,T1105,OtherTechnique,100
PX083-0277,PX083,camlds,proctitle_absent,,confidence_gate,,False,,20260920,277,px083_policy_transfer/results/METRICS.json,T1105,T1105,0
PX083-0278,PX083,camlds,proctitle_absent,,ordinary_gate,,False,,20260920,278,px083_policy_transfer/results/METRICS.json,OtherTechnique,OtherTechnique,3944
PX083-0278,PX083,camlds,proctitle_absent,,ordinary_gate,,False,,20260920,278,px083_policy_transfer/results/METRICS.json,OtherTechnique,T1105,165
PX083-0278,PX083,camlds,proctitle_absent,,ordinary_gate,,False,,20260920,278,px083_policy_transfer/results/METRICS.json,T1105,OtherTechnique,99
PX083-0278,PX083,camlds,proctitle_absent,,ordinary_gate,,False,,20260920,278,px083_policy_transfer/results/METRICS.json,T1105,T1105,1
PX083-0279,PX083,camlds,proctitle_absent,,target_cost_gate,,False,,20260920,279,px083_policy_transfer/results/METRICS.json,OtherTechnique,OtherTechnique,3147
PX083-0279,PX083,camlds,proctitle_absent,,target_cost_gate,,False,,20260920,279,px083_policy_transfer/results/METRICS.json,OtherTechnique,T1105,962
PX083-0279,PX083,camlds,proctitle_absent,,target_cost_gate,,False,,20260920,279,px083_policy_transfer/results/METRICS.json,T1105,OtherTechnique,78
PX083-0279,PX083,camlds,proctitle_absent,,target_cost_gate,,False,,20260920,279,px083_policy_transfer/results/METRICS.json,T1105,T1105,22
PX083-0280,PX083,camlds,syscall_absent,,current,,False,,20260920,280,px083_policy_transfer/results/METRICS.json,OtherTechnique,OtherTechnique,3773
PX083-0280,PX083,camlds,syscall_absent,,current,,False,,20260920,280,px083_policy_transfer/results/METRICS.json,OtherTechnique,T1105,336
PX083-0280,PX083,camlds,syscall_absent,,current,,False,,20260920,280,px083_policy_transfer/results/METRICS.json,T1105,OtherTechnique,91
PX083-0280,PX083,camlds,syscall_absent,,current,,False,,20260920,280,px083_policy_transfer/results/METRICS.json,T1105,T1105,9
PX083-0281,PX083,camlds,syscall_absent,,context,,False,,20260920,281,px083_policy_transfer/results/METRICS.json,OtherTechnique,OtherTechnique,1879
PX083-0281,PX083,camlds,syscall_absent,,context,,False,,20260920,281,px083_policy_transfer/results/METRICS.json,OtherTechnique,T1105,2230
PX083-0281,PX083,camlds,syscall_absent,,context,,False,,20260920,281,px083_policy_transfer/results/METRICS.json,T1105,OtherTechnique,47
PX083-0281,PX083,camlds,syscall_absent,,context,,False,,20260920,281,px083_policy_transfer/results/METRICS.json,T1105,T1105,53
PX083-0282,PX083,camlds,syscall_absent,,fixed_fusion,,False,,20260920,282,px083_policy_transfer/results/METRICS.json,OtherTechnique,OtherTechnique,1987
PX083-0282,PX083,camlds,syscall_absent,,fixed_fusion,,False,,20260920,282,px083_policy_transfer/results/METRICS.json,OtherTechnique,T1105,2122
PX083-0282,PX083,camlds,syscall_absent,,fixed_fusion,,False,,20260920,282,px083_policy_transfer/results/METRICS.json,T1105,OtherTechnique,48
PX083-0282,PX083,camlds,syscall_absent,,fixed_fusion,,False,,20260920,282,px083_policy_transfer/results/METRICS.json,T1105,T1105,52
PX083-0283,PX083,camlds,syscall_absent,,mixed_dropout,,False,,20260920,283,px083_policy_transfer/results/METRICS.json,OtherTechnique,OtherTechnique,958
PX083-0283,PX083,camlds,syscall_absent,,mixed_dropout,,False,,20260920,283,px083_policy_transfer/results/METRICS.json,OtherTechnique,T1105,3151
PX083-0283,PX083,camlds,syscall_absent,,mixed_dropout,,False,,20260920,283,px083_policy_transfer/results/METRICS.json,T1105,OtherTechnique,15
PX083-0283,PX083,camlds,syscall_absent,,mixed_dropout,,False,,20260920,283,px083_policy_transfer/results/METRICS.json,T1105,T1105,85
PX083-0284,PX083,camlds,syscall_absent,,confidence_gate,,False,,20260920,284,px083_policy_transfer/results/METRICS.json,OtherTechnique,OtherTechnique,1987
PX083-0284,PX083,camlds,syscall_absent,,confidence_gate,,False,,20260920,284,px083_policy_transfer/results/METRICS.json,OtherTechnique,T1105,2122
PX083-0284,PX083,camlds,syscall_absent,,confidence_gate,,False,,20260920,284,px083_policy_transfer/results/METRICS.json,T1105,OtherTechnique,48
PX083-0284,PX083,camlds,syscall_absent,,confidence_gate,,False,,20260920,284,px083_policy_transfer/results/METRICS.json,T1105,T1105,52
PX083-0285,PX083,camlds,syscall_absent,,ordinary_gate,,False,,20260920,285,px083_policy_transfer/results/METRICS.json,OtherTechnique,OtherTechnique,3773
PX083-0285,PX083,camlds,syscall_absent,,ordinary_gate,,False,,20260920,285,px083_policy_transfer/results/METRICS.json,OtherTechnique,T1105,336
PX083-0285,PX083,camlds,syscall_absent,,ordinary_gate,,False,,20260920,285,px083_policy_transfer/results/METRICS.json,T1105,OtherTechnique,91
PX083-0285,PX083,camlds,syscall_absent,,ordinary_gate,,False,,20260920,285,px083_policy_transfer/results/METRICS.json,T1105,T1105,9
PX083-0286,PX083,camlds,syscall_absent,,target_cost_gate,,False,,20260920,286,px083_policy_transfer/results/METRICS.json,OtherTechnique,OtherTechnique,1879
PX083-0286,PX083,camlds,syscall_absent,,target_cost_gate,,False,,20260920,286,px083_policy_transfer/results/METRICS.json,OtherTechnique,T1105,2230
PX083-0286,PX083,camlds,syscall_absent,,target_cost_gate,,False,,20260920,286,px083_policy_transfer/results/METRICS.json,T1105,OtherTechnique,47
PX083-0286,PX083,camlds,syscall_absent,,target_cost_gate,,False,,20260920,286,px083_policy_transfer/results/METRICS.json,T1105,T1105,53
PX083-0287,PX083,camlds,path_absent,,current,,False,,20260920,287,px083_policy_transfer/results/METRICS.json,OtherTechnique,OtherTechnique,417
PX083-0287,PX083,camlds,path_absent,,current,,False,,20260920,287,px083_policy_transfer/results/METRICS.json,OtherTechnique,T1105,3692
PX083-0287,PX083,camlds,path_absent,,current,,False,,20260920,287,px083_policy_transfer/results/METRICS.json,T1105,OtherTechnique,4
PX083-0287,PX083,camlds,path_absent,,current,,False,,20260920,287,px083_policy_transfer/results/METRICS.json,T1105,T1105,96
PX083-0288,PX083,camlds,path_absent,,context,,False,,20260920,288,px083_policy_transfer/results/METRICS.json,OtherTechnique,OtherTechnique,584
PX083-0288,PX083,camlds,path_absent,,context,,False,,20260920,288,px083_policy_transfer/results/METRICS.json,OtherTechnique,T1105,3525
PX083-0288,PX083,camlds,path_absent,,context,,False,,20260920,288,px083_policy_transfer/results/METRICS.json,T1105,OtherTechnique,6
PX083-0288,PX083,camlds,path_absent,,context,,False,,20260920,288,px083_policy_transfer/results/METRICS.json,T1105,T1105,94
PX083-0289,PX083,camlds,path_absent,,fixed_fusion,,False,,20260920,289,px083_policy_transfer/results/METRICS.json,OtherTechnique,OtherTechnique,499
PX083-0289,PX083,camlds,path_absent,,fixed_fusion,,False,,20260920,289,px083_policy_transfer/results/METRICS.json,OtherTechnique,T1105,3610
PX083-0289,PX083,camlds,path_absent,,fixed_fusion,,False,,20260920,289,px083_policy_transfer/results/METRICS.json,T1105,OtherTechnique,6
PX083-0289,PX083,camlds,path_absent,,fixed_fusion,,False,,20260920,289,px083_policy_transfer/results/METRICS.json,T1105,T1105,94
PX083-0290,PX083,camlds,path_absent,,mixed_dropout,,False,,20260920,290,px083_policy_transfer/results/METRICS.json,OtherTechnique,OtherTechnique,1241
PX083-0290,PX083,camlds,path_absent,,mixed_dropout,,False,,20260920,290,px083_policy_transfer/results/METRICS.json,OtherTechnique,T1105,2868
PX083-0290,PX083,camlds,path_absent,,mixed_dropout,,False,,20260920,290,px083_policy_transfer/results/METRICS.json,T1105,OtherTechnique,24
PX083-0290,PX083,camlds,path_absent,,mixed_dropout,,False,,20260920,290,px083_policy_transfer/results/METRICS.json,T1105,T1105,76
PX083-0291,PX083,camlds,path_absent,,confidence_gate,,False,,20260920,291,px083_policy_transfer/results/METRICS.json,OtherTechnique,OtherTechnique,499
PX083-0291,PX083,camlds,path_absent,,confidence_gate,,False,,20260920,291,px083_policy_transfer/results/METRICS.json,OtherTechnique,T1105,3610
PX083-0291,PX083,camlds,path_absent,,confidence_gate,,False,,20260920,291,px083_policy_transfer/results/METRICS.json,T1105,OtherTechnique,6
PX083-0291,PX083,camlds,path_absent,,confidence_gate,,False,,20260920,291,px083_policy_transfer/results/METRICS.json,T1105,T1105,94
PX083-0292,PX083,camlds,path_absent,,ordinary_gate,,False,,20260920,292,px083_policy_transfer/results/METRICS.json,OtherTechnique,OtherTechnique,425
PX083-0292,PX083,camlds,path_absent,,ordinary_gate,,False,,20260920,292,px083_policy_transfer/results/METRICS.json,OtherTechnique,T1105,3684
PX083-0292,PX083,camlds,path_absent,,ordinary_gate,,False,,20260920,292,px083_policy_transfer/results/METRICS.json,T1105,OtherTechnique,4
PX083-0292,PX083,camlds,path_absent,,ordinary_gate,,False,,20260920,292,px083_policy_transfer/results/METRICS.json,T1105,T1105,96
PX083-0293,PX083,camlds,path_absent,,target_cost_gate,,False,,20260920,293,px083_policy_transfer/results/METRICS.json,OtherTechnique,OtherTechnique,584
PX083-0293,PX083,camlds,path_absent,,target_cost_gate,,False,,20260920,293,px083_policy_transfer/results/METRICS.json,OtherTechnique,T1105,3525
PX083-0293,PX083,camlds,path_absent,,target_cost_gate,,False,,20260920,293,px083_policy_transfer/results/METRICS.json,T1105,OtherTechnique,6
PX083-0293,PX083,camlds,path_absent,,target_cost_gate,,False,,20260920,293,px083_policy_transfer/results/METRICS.json,T1105,T1105,94
