configuration_id,study,dataset,condition,view,arm,budget,reference_only,fit_seed,perturbation_seed,source_record_index,source_path,seed,rows,macro_f1,stage_weighted_error,normal_false_attacks,movement_any_attack_recall,negative_support,negative_flags,negative_flag_rate,negative_definition,movement_support,movement_exact_recall,movement_warning_recall,movement_f1,movement_missed_warning_count,exfiltration_support,exfiltration_exact_recall,exfiltration_warning_recall,exfiltration_f1,exfiltration_missed_warning_count,context_selected_fraction,selected_context_harm_count,selected_context_help_count,policy,n,errors,weighted_error_total,benign_false_alerts,movement_missed,exfiltration_missed,movement_as_exfiltration,mean_spend,mean_elapsed,query_rate,mean_queries,mean_delivered,seconds,normal_false_attack_rate,test_rows_with_current_fingerprint_in_training,training_rows_ending_after_first_test_start,chronological_all_fit_before_test,positive,precision,recall,f1,ap,roc_auc,other_label_flags,other_label_flag_rate,target_cost_error
PX080-0000,PX080,UNRAVELED,clean,,current_roles,,False,20260924,,0,px080_context_selector/results/METRICS.json,20260924,208094,0.7589663259346022,0.024099685718953934,117,0.7428571428571429,192193,117,0.0006087630662927369,Author benign flow labels,35,0.7428571428571429,0.7428571428571429,0.29545454545454547,9,3442,0.6751888436955259,0.6751888436955258,0.7597254004576659,1118,,,,,,,,,,,,,,,,,,,,,,,,,,,,,,
PX080-0001,PX080,UNRAVELED,clean,,context,,False,20260924,,1,px080_context_selector/results/METRICS.json,20260924,208094,0.7669077441442069,0.024051630513133488,42,0.45714285714285713,192193,42,0.00021853033148970045,Author benign flow labels,35,0.45714285714285713,0.4571428571428572,0.32323232323232326,19,3442,0.6719930273097037,0.6746077861708308,0.7628627968337731,1120,,,,,,,,,,,,,,,,,,,,,,,,,,,,,,
PX080-0002,PX080,UNRAVELED,clean,,fixed_fusion,,False,20260924,,2,px080_context_selector/results/METRICS.json,20260924,208094,0.7688346654420508,0.023902659375090105,51,0.4857142857142857,192193,51,0.00026535825966606484,Author benign flow labels,35,0.4857142857142857,0.48571428571428577,0.3300970873786408,18,3442,0.6743172574084835,0.6746077861708308,0.7634868421052632,1120,,,,,,,,,,,,,,,,,,,,,,,,,,,,,,
PX080-0003,PX080,UNRAVELED,clean,,confidence_gate,,False,20260924,,3,px080_context_selector/results/METRICS.json,20260924,208094,0.7680822754659383,0.023902659375090105,52,0.4857142857142857,192193,52,0.000270561362796772,Author benign flow labels,35,0.4857142857142857,0.48571428571428577,0.3269230769230769,18,3442,0.6743172574084835,0.6746077861708308,0.7636124362559632,1120,0.7640153007775332,16,93,,,,,,,,,,,,,,,,,,,,,,,,,,,
PX080-0004,PX080,UNRAVELED,clean,,ordinary_gate,,False,20260924,,4,px080_context_selector/results/METRICS.json,20260924,208094,0.7711082749743208,0.023820965525195345,54,0.5428571428571428,192193,54,0.0002809675690581863,Author benign flow labels,35,0.5428571428571428,0.5428571428571429,0.3392857142857143,16,3442,0.6748983149331784,0.6769320162696106,0.7632659766715952,1112,0.001605043874402914,12,94,,,,,,,,,,,,,,,,,,,,,,,,,,,
PX080-0005,PX080,UNRAVELED,clean,,stage_harm_gate,,False,20260924,,5,px080_context_selector/results/METRICS.json,20260924,208094,0.7533013911542451,0.02414774092477438,95,0.6,192193,95,0.0004942947974171796,Author benign flow labels,35,0.6,0.6,0.2692307692307692,14,3442,0.6722835560720511,0.6748983149331784,0.7621870882740448,1119,0.003517641066056686,19,54,,,,,,,,,,,,,,,,,,,,,,,,,,,
PX080-0006,PX080,UNRAVELED,clean,,context_dropout,,False,20260924,,6,px080_context_selector/results/METRICS.json,20260924,208094,0.7642897454521658,0.023921881457418283,63,0.45714285714285713,192193,63,0.0003277954972345507,Author benign flow labels,35,0.45714285714285713,0.4571428571428572,0.3137254901960784,19,3442,0.674607786170831,0.6772225450319582,0.761686075118911,1111,,,,,,,,,,,,,,,,,,,,,,,,,,,,,,
PX080-0007,PX080,UNRAVELED,missing_half,,current_roles,,False,20260924,,7,px080_context_selector/results/METRICS.json,20260924,208094,0.7589663259346022,0.024099685718953934,117,0.7428571428571429,192193,117,0.0006087630662927369,Author benign flow labels,35,0.7428571428571429,0.7428571428571429,0.29545454545454547,9,3442,0.6751888436955259,0.6751888436955258,0.7597254004576659,1118,,,,,,,,,,,,,,,,,,,,,,,,,,,,,,
PX080-0008,PX080,UNRAVELED,missing_half,,context,,False,20260924,,8,px080_context_selector/results/METRICS.json,20260924,208094,0.667203962354345,0.053413361269426314,25,0.2857142857142857,192193,25,0.00013007757826767884,Author benign flow labels,35,0.2857142857142857,0.2857142857142857,0.2702702702702703,25,3442,0.6693782684485764,0.6711214410226612,0.767105044115199,1132,,,,,,,,,,,,,,,,,,,,,,,,,,,,,,
PX080-0009,PX080,UNRAVELED,missing_half,,fixed_fusion,,False,20260924,,9,px080_context_selector/results/METRICS.json,20260924,208094,0.7609602277371268,0.024166963007102558,39,0.37142857142857144,192193,39,0.000202921022097579,Author benign flow labels,35,0.37142857142857144,0.37142857142857144,0.2988505747126437,22,3442,0.6731551423590936,0.673445671121441,0.7648126753589701,1124,,,,,,,,,,,,,,,,,,,,,,,,,,,,,,
PX080-0010,PX080,UNRAVELED,missing_half,,confidence_gate,,False,20260924,,10,px080_context_selector/results/METRICS.json,20260924,208094,0.7609382470591972,0.0243111286245639,39,0.37142857142857144,192193,39,0.000202921022097579,Author benign flow labels,35,0.37142857142857144,0.37142857142857144,0.2988505747126437,22,3442,0.6731551423590936,0.673445671121441,0.766077037526864,1124,0.7912818245600546,79,95,,,,,,,,,,,,,,,,,,,,,,,,,,,
PX080-0011,PX080,UNRAVELED,missing_half,,ordinary_gate,,False,20260924,,11,px080_context_selector/results/METRICS.json,20260924,208094,0.7589170833675062,0.023921881457418283,39,0.37142857142857144,192193,39,0.000202921022097579,Author benign flow labels,35,0.37142857142857144,0.37142857142857144,0.29213483146067415,22,3442,0.6748983149331784,0.6766414875072633,0.7621391076115486,1113,0.0013311292012263688,18,97,,,,,,,,,,,,,,,,,,,,,,,,,,,
PX080-0012,PX080,UNRAVELED,missing_half,,stage_harm_gate,,False,20260924,,12,px080_context_selector/results/METRICS.json,20260924,208094,0.7577436782121172,0.024287101021653677,64,0.4857142857142857,192193,64,0.0003329986003652578,Author benign flow labels,35,0.4857142857142857,0.48571428571428577,0.288135593220339,18,3442,0.6699593259732713,0.6717024985473562,0.7615587846763541,1130,0.003282170557536498,31,73,,,,,,,,,,,,,,,,,,,,,,,,,,,
PX080-0013,PX080,UNRAVELED,missing_half,,context_dropout,,False,20260924,,13,px080_context_selector/results/METRICS.json,20260924,208094,0.7705891902357125,0.023955520101492593,82,0.6285714285714286,192193,82,0.0004266544567179866,Author benign flow labels,35,0.6285714285714286,0.6285714285714286,0.34108527131782945,13,3442,0.674607786170831,0.6778036025566532,0.7598167539267016,1109,,,,,,,,,,,,,,,,,,,,,,,,,,,,,,
PX080-0014,PX080,UNRAVELED,missing_all,,current_roles,,False,20260924,,14,px080_context_selector/results/METRICS.json,20260924,208094,0.7589663259346022,0.024099685718953934,117,0.7428571428571429,192193,117,0.0006087630662927369,Author benign flow labels,35,0.7428571428571429,0.7428571428571429,0.29545454545454547,9,3442,0.6751888436955259,0.6751888436955258,0.7597254004576659,1118,,,,,,,,,,,,,,,,,,,,,,,,,,,,,,
PX080-0015,PX080,UNRAVELED,missing_all,,context,,False,20260924,,15,px080_context_selector/results/METRICS.json,20260924,208094,0.43423787712992634,0.0824050669409017,0,0.0,192193,0,0.0,Author benign flow labels,35,0.0,0.0,0.0,35,3442,0.6670540383497966,0.6670540383497967,0.7705990938076859,1146,,,,,,,,,,,,,,,,,,,,,,,,,,,,,,
PX080-0016,PX080,UNRAVELED,missing_all,,fixed_fusion,,False,20260924,,16,px080_context_selector/results/METRICS.json,20260924,208094,0.7188530056165974,0.024498543927263642,22,0.11428571428571428,192193,22,0.00011446826887555739,Author benign flow labels,35,0.11428571428571428,0.11428571428571432,0.13114754098360656,31,3442,0.6725740848343986,0.6725740848343986,0.7659222497932175,1127,,,,,,,,,,,,,,,,,,,,,,,,,,,,,,
PX080-0017,PX080,UNRAVELED,missing_all,,confidence_gate,,False,20260924,,17,px080_context_selector/results/METRICS.json,20260924,208094,0.7187137330404637,0.024801291723932455,22,0.11428571428571428,192193,22,0.00011446826887555739,Author benign flow labels,35,0.11428571428571428,0.11428571428571432,0.13114754098360656,31,3442,0.6725740848343986,0.6725740848343986,0.7682097229135557,1127,0.8188414850980806,148,95,,,,,,,,,,,,,,,,,,,,,,,,,,,
PX080-0018,PX080,UNRAVELED,missing_all,,ordinary_gate,,False,20260924,,18,px080_context_selector/results/METRICS.json,20260924,208094,0.7276556724036708,0.024061241554297577,21,0.14285714285714285,192193,21,0.00010926516574485022,Author benign flow labels,35,0.14285714285714285,0.1428571428571429,0.1694915254237288,30,3442,0.6748983149331784,0.6748983149331784,0.7602683685157912,1119,0.0009370765134987073,22,96,,,,,,,,,,,,,,,,,,,,,,,,,,,
PX080-0019,PX080,UNRAVELED,missing_all,,stage_harm_gate,,False,20260924,,19,px080_context_selector/results/METRICS.json,20260924,208094,0.7395438135554446,0.024484127365517507,33,0.22857142857142856,192193,33,0.00017170240331333607,Author benign flow labels,35,0.22857142857142856,0.22857142857142854,0.21621621621621623,27,3442,0.668506682161534,0.668506682161534,0.7612903225806451,1141,0.002907339952137015,41,84,,,,,,,,,,,,,,,,,,,,,,,,,,,
PX080-0020,PX080,UNRAVELED,missing_all,,context_dropout,,False,20260924,,20,px080_context_selector/results/METRICS.json,20260924,208094,0.767057027010412,0.02404682499255144,105,0.6857142857142857,192193,105,0.0005463258287242512,Author benign flow labels,35,0.6857142857142857,0.6857142857142857,0.3287671232876712,11,3442,0.6751888436955259,0.6766414875072633,0.758609433654317,1113,,,,,,,,,,,,,,,,,,,,,,,,,,,,,,
PX080-0021,PX080,UNRAVELED,stale_5min,,current_roles,,False,20260924,,21,px080_context_selector/results/METRICS.json,20260924,208094,0.7589663259346022,0.024099685718953934,117,0.7428571428571429,192193,117,0.0006087630662927369,Author benign flow labels,35,0.7428571428571429,0.7428571428571429,0.29545454545454547,9,3442,0.6751888436955259,0.6751888436955258,0.7597254004576659,1118,,,,,,,,,,,,,,,,,,,,,,,,,,,,,,
PX080-0022,PX080,UNRAVELED,stale_5min,,context,,False,20260924,,22,px080_context_selector/results/METRICS.json,20260924,208094,0.738414594642478,0.024080463636625755,27,0.22857142857142856,192193,27,0.00014048378452909314,Author benign flow labels,35,0.22857142857142856,0.22857142857142854,0.2077922077922078,27,3442,0.6725740848343986,0.6751888436955258,0.7641525004126093,1118,,,,,,,,,,,,,,,,,,,,,,,,,,,,,,
PX080-0023,PX080,UNRAVELED,stale_5min,,fixed_fusion,,False,20260924,,23,px080_context_selector/results/METRICS.json,20260924,208094,0.7630388446917284,0.023873826251597837,37,0.37142857142857144,192193,37,0.00019251481583616468,Author benign flow labels,35,0.37142857142857144,0.37142857142857144,0.3058823529411765,22,3442,0.6743172574084835,0.6743172574084835,0.7641152263374485,1121,,,,,,,,,,,,,,,,,,,,,,,,,,,,,,
PX080-0024,PX080,UNRAVELED,stale_5min,,confidence_gate,,False,20260924,,24,px080_context_selector/results/METRICS.json,20260924,208094,0.7629970460524793,0.02387863177217988,37,0.37142857142857144,192193,37,0.00019251481583616468,Author benign flow labels,35,0.37142857142857144,0.37142857142857144,0.3058823529411765,22,3442,0.6743172574084835,0.6743172574084835,0.7639894667544437,1121,0.69178352090882,17,111,,,,,,,,,,,,,,,,,,,,,,,,,,,
PX080-0025,PX080,UNRAVELED,stale_5min,,ordinary_gate,,False,20260924,,25,px080_context_selector/results/METRICS.json,20260924,208094,0.7488748262688206,0.023912270416254194,49,0.37142857142857144,192193,49,0.0002549520534046505,Author benign flow labels,35,0.37142857142857144,0.37142857142857144,0.25,22,3442,0.6743172574084835,0.6769320162696106,0.7632357777047024,1112,0.0015281555450901995,17,104,,,,,,,,,,,,,,,,,,,,,,,,,,,
PX080-0026,PX080,UNRAVELED,stale_5min,,stage_harm_gate,,False,20260924,,26,px080_context_selector/results/METRICS.json,20260924,208094,0.7606190170759937,0.024017991869059174,107,0.7428571428571429,192193,107,0.0005567320349856654,Author benign flow labels,35,0.7428571428571429,0.7428571428571429,0.29714285714285715,9,3442,0.6731551423590936,0.6757699012202207,0.7631752305665349,1116,0.003171643584149471,9,47,,,,,,,,,,,,,,,,,,,,,,,,,,,
PX080-0027,PX080,UNRAVELED,stale_5min,,context_dropout,,False,20260924,,27,px080_context_selector/results/METRICS.json,20260924,208094,0.7625240760182146,0.02388824281334397,66,0.4857142857142857,192193,66,0.00034340480662667215,Author benign flow labels,35,0.4857142857142857,0.48571428571428577,0.3063063063063063,18,3442,0.674607786170831,0.679546775130738,0.7618110236220472,1103,,,,,,,,,,,,,,,,,,,,,,,,,,,,,,
PX080-0028,PX080,UNRAVELED,wrong_host,,current_roles,,False,20260924,,28,px080_context_selector/results/METRICS.json,20260924,208094,0.7589663259346022,0.024099685718953934,117,0.7428571428571429,192193,117,0.0006087630662927369,Author benign flow labels,35,0.7428571428571429,0.7428571428571429,0.29545454545454547,9,3442,0.6751888436955259,0.6751888436955258,0.7597254004576659,1118,,,,,,,,,,,,,,,,,,,,,,,,,,,,,,
PX080-0029,PX080,UNRAVELED,wrong_host,,context,,False,20260924,,29,px080_context_selector/results/METRICS.json,20260924,208094,0.4649882680542352,0.07810412601997174,0,0.0,192193,0,0.0,Author benign flow labels,35,0.0,0.0,0.0,35,3442,0.6673445671121441,0.6673445671121441,0.7573359709858226,1145,,,,,,,,,,,,,,,,,,,,,,,,,,,,,,
PX080-0030,PX080,UNRAVELED,wrong_host,,fixed_fusion,,False,20260924,,30,px080_context_selector/results/METRICS.json,20260924,208094,0.718093230417572,0.024522571530173863,23,0.11428571428571428,192193,23,0.00011967137200626454,Author benign flow labels,35,0.11428571428571428,0.11428571428571432,0.12903225806451613,31,3442,0.6725740848343986,0.6725740848343986,0.7651627830110725,1127,,,,,,,,,,,,,,,,,,,,,,,,,,,,,,
PX080-0031,PX080,UNRAVELED,wrong_host,,confidence_gate,,False,20260924,,31,px080_context_selector/results/METRICS.json,20260924,208094,0.7181039824367059,0.02478687516218632,23,0.11428571428571428,192193,23,0.00011967137200626454,Author benign flow labels,35,0.11428571428571428,0.11428571428571432,0.12903225806451613,31,3442,0.6725740848343986,0.6725740848343986,0.7677002155529763,1127,0.7866781358424558,145,95,,,,,,,,,,,,,,,,,,,,,,,,,,,
PX080-0032,PX080,UNRAVELED,wrong_host,,ordinary_gate,,False,20260924,,32,px080_context_selector/results/METRICS.json,20260924,208094,0.7262137248123385,0.024090074677789845,23,0.14285714285714285,192193,23,0.00011967137200626454,Author benign flow labels,35,0.14285714285714285,0.1428571428571429,0.16393442622950818,30,3442,0.674607786170831,0.6746077861708308,0.7600654664484452,1120,0.001037992445721645,23,94,,,,,,,,,,,,,,,,,,,,,,,,,,,
PX080-0033,PX080,UNRAVELED,wrong_host,,stage_harm_gate,,False,20260924,,33,px080_context_selector/results/METRICS.json,20260924,208094,0.7410375001495676,0.024512960489009774,47,0.2857142857142857,192193,47,0.00024454584714323624,Author benign flow labels,35,0.2857142857142857,0.2857142857142857,0.2222222222222222,25,3442,0.668506682161534,0.668506682161534,0.7612903225806451,1141,0.0028256461022422557,39,70,,,,,,,,,,,,,,,,,,,,,,,,,,,
PX080-0034,PX080,UNRAVELED,wrong_host,,context_dropout,,False,20260924,,34,px080_context_selector/results/METRICS.json,20260924,208094,0.7677457864026695,0.024090074677789845,103,0.6857142857142857,192193,103,0.0005359196224628369,Author benign flow labels,35,0.6857142857142857,0.6857142857142857,0.3333333333333333,11,3442,0.6751888436955259,0.6766414875072633,0.7572499185402412,1113,,,,,,,,,,,,,,,,,,,,,,,,,,,,,,
PX080-0035,PX080,UNRAVELED,clean,,current_roles,,False,20260925,,35,px080_context_selector/results/METRICS.json,20260925,208094,0.7491564610421154,0.024315934145145945,166,0.8285714285714286,192193,166,0.0008637151196973876,Author benign flow labels,35,0.8285714285714286,0.8285714285714285,0.2600896860986547,6,3442,0.6751888436955259,0.6780941313190005,0.7562642369020501,1108,,,,,,,,,,,,,,,,,,,,,,,,,,,,,,
PX080-0036,PX080,UNRAVELED,clean,,context,,False,20260925,,36,px080_context_selector/results/METRICS.json,20260925,208094,0.770708443532791,0.024017991869059174,52,0.6285714285714286,192193,52,0.000270561362796772,Author benign flow labels,35,0.6285714285714286,0.6285714285714286,0.3384615384615385,13,3442,0.6717024985473562,0.6780941313190005,0.7629104108232965,1108,,,,,,,,,,,,,,,,,,,,,,,,,,,,,,
PX080-0037,PX080,UNRAVELED,clean,,fixed_fusion,,False,20260925,,37,px080_context_selector/results/METRICS.json,20260925,208094,0.7555105736373741,0.024027602910223263,111,0.7142857142857143,192193,111,0.0005775444475084941,Author benign flow labels,35,0.7142857142857143,0.7142857142857143,0.2777777777777778,10,3442,0.674607786170831,0.6775130737943056,0.7626868122844473,1110,,,,,,,,,,,,,,,,,,,,,,,,,,,,,,
PX080-0038,PX080,UNRAVELED,clean,,confidence_gate,,False,20260925,,38,px080_context_selector/results/METRICS.json,20260925,208094,0.7547461463542638,0.024037213951387353,113,0.7142857142857143,192193,113,0.0005879506537699084,Author benign flow labels,35,0.7142857142857143,0.7142857142857143,0.27472527472527475,10,3442,0.674607786170831,0.6775130737943056,0.7626868122844473,1110,0.6159668226859015,10,86,,,,,,,,,,,,,,,,,,,,,,,,,,,
PX080-0039,PX080,UNRAVELED,clean,,ordinary_gate,,False,20260925,,39,px080_context_selector/results/METRICS.json,20260925,208094,0.7528372532714835,0.024248656856997317,137,0.8,192193,137,0.00071282512890688,Author benign flow labels,35,0.8,0.8,0.2692307692307692,7,3442,0.6719930273097037,0.6792562463683904,0.7604800263028111,1104,0.007222697434813114,14,64,,,,,,,,,,,,,,,,,,,,,,,,,,,
PX080-0040,PX080,UNRAVELED,clean,,stage_harm_gate,,False,20260925,,40,px080_context_selector/results/METRICS.json,20260925,208094,0.7465662875197248,0.024253462377579364,166,0.8571428571428571,192193,166,0.0008637151196973876,Author benign flow labels,35,0.8571428571428571,0.8571428571428572,0.24390243902439024,5,3442,0.673445671121441,0.6827425915165601,0.7607482769937643,1092,0.001494516901015887,7,35,,,,,,,,,,,,,,,,,,,,,,,,,,,
PX080-0041,PX080,UNRAVELED,clean,,context_dropout,,False,20260925,,41,px080_context_selector/results/METRICS.json,20260925,208094,0.7556818632558819,0.023965131142656686,83,0.6285714285714286,192193,83,0.0004318575598486938,Author benign flow labels,35,0.6285714285714286,0.6285714285714286,0.27848101265822783,13,3442,0.674026728646136,0.6818710052295177,0.7624055208675649,1095,,,,,,,,,,,,,,,,,,,,,,,,,,,,,,
PX080-0042,PX080,UNRAVELED,missing_half,,current_roles,,False,20260925,,42,px080_context_selector/results/METRICS.json,20260925,208094,0.7491564610421154,0.024315934145145945,166,0.8285714285714286,192193,166,0.0008637151196973876,Author benign flow labels,35,0.8285714285714286,0.8285714285714285,0.2600896860986547,6,3442,0.6751888436955259,0.6780941313190005,0.7562642369020501,1108,,,,,,,,,,,,,,,,,,,,,,,,,,,,,,
PX080-0043,PX080,UNRAVELED,missing_half,,context,,False,20260925,,43,px080_context_selector/results/METRICS.json,20260925,208094,0.6553749675230838,0.0533364729401136,31,0.2857142857142857,192193,31,0.00016129619705192177,Author benign flow labels,35,0.2857142857142857,0.2857142857142857,0.2247191011235955,25,3442,0.6708309122603138,0.6748983149331784,0.7650762094102055,1119,,,,,,,,,,,,,,,,,,,,,,,,,,,,,,
PX080-0044,PX080,UNRAVELED,missing_half,,fixed_fusion,,False,20260925,,44,px080_context_selector/results/METRICS.json,20260925,208094,0.7508923119602705,0.024142935404192337,80,0.5142857142857142,192193,80,0.0004162482504565723,Author benign flow labels,35,0.5142857142857142,0.5142857142857142,0.2608695652173913,17,3442,0.674026728646136,0.6757699012202207,0.7619047619047619,1116,,,,,,,,,,,,,,,,,,,,,,,,,,,,,,
PX080-0045,PX080,UNRAVELED,missing_half,,confidence_gate,,False,20260925,,45,px080_context_selector/results/METRICS.json,20260925,208094,0.7509658443978726,0.02414774092477438,80,0.5142857142857142,192193,80,0.0004162482504565723,Author benign flow labels,35,0.5142857142857142,0.5142857142857142,0.2608695652173913,17,3442,0.6737361998837885,0.6754793724578734,0.7620768977982254,1117,0.5813382413716878,22,105,,,,,,,,,,,,,,,,,,,,,,,,,,,
PX080-0046,PX080,UNRAVELED,missing_half,,ordinary_gate,,False,20260925,,46,px080_context_selector/results/METRICS.json,20260925,208094,0.7517650186667633,0.02437360039213048,137,0.7428571428571429,192193,137,0.00071282512890688,Author benign flow labels,35,0.7428571428571429,0.7428571428571429,0.2653061224489796,9,3442,0.6717024985473562,0.6763509587449157,0.7607765712405397,1114,0.007578305957884417,17,50,,,,,,,,,,,,,,,,,,,,,,,,,,,
PX080-0047,PX080,UNRAVELED,missing_half,,stage_harm_gate,,False,20260925,,47,px080_context_selector/results/METRICS.json,20260925,208094,0.7481736656920224,0.024296712062817766,165,0.8571428571428571,192193,165,0.0008585120165666804,Author benign flow labels,35,0.8571428571428571,0.8571428571428572,0.25210084033613445,5,3442,0.6737361998837885,0.6807088901801278,0.7595807402554864,1099,0.0008217440195296356,6,22,,,,,,,,,,,,,,,,,,,,,,,,,,,
PX080-0048,PX080,UNRAVELED,missing_half,,context_dropout,,False,20260925,,48,px080_context_selector/results/METRICS.json,20260925,208094,0.7514862278108018,0.024051630513133488,106,0.6285714285714286,192193,106,0.0005515289318549583,Author benign flow labels,35,0.6285714285714286,0.6285714285714286,0.2634730538922156,13,3442,0.674607786170831,0.6804183614177803,0.7608125819134993,1100,,,,,,,,,,,,,,,,,,,,,,,,,,,,,,
PX080-0049,PX080,UNRAVELED,missing_all,,current_roles,,False,20260925,,49,px080_context_selector/results/METRICS.json,20260925,208094,0.7491564610421154,0.024315934145145945,166,0.8285714285714286,192193,166,0.0008637151196973876,Author benign flow labels,35,0.8285714285714286,0.8285714285714285,0.2600896860986547,6,3442,0.6751888436955259,0.6780941313190005,0.7562642369020501,1108,,,,,,,,,,,,,,,,,,,,,,,,,,,,,,
PX080-0050,PX080,UNRAVELED,missing_all,,context,,False,20260925,,50,px080_context_selector/results/METRICS.json,20260925,208094,0.4332676806399642,0.08219362403529175,0,0.0,192193,0,0.0,Author benign flow labels,35,0.0,0.0,0.0,35,3442,0.6702498547356188,0.6702498547356188,0.766572520352218,1135,,,,,,,,,,,,,,,,,,,,,,,,,,,,,,
PX080-0051,PX080,UNRAVELED,missing_all,,fixed_fusion,,False,20260925,,51,px080_context_selector/results/METRICS.json,20260925,208094,0.7345349913590312,0.024277489980489588,47,0.2571428571428571,192193,47,0.00024454584714323624,Author benign flow labels,35,0.2571428571428571,0.2571428571428571,0.1978021978021978,26,3442,0.674026728646136,0.6740267286461359,0.7605310604818882,1122,,,,,,,,,,,,,,,,,,,,,,,,,,,,,,
PX080-0052,PX080,UNRAVELED,missing_all,,confidence_gate,,False,20260925,,52,px080_context_selector/results/METRICS.json,20260925,208094,0.7347084508043629,0.02429190654223572,47,0.2571428571428571,192193,47,0.00024454584714323624,Author benign flow labels,35,0.2571428571428571,0.2571428571428571,0.1978021978021978,26,3442,0.6737361998837885,0.6737361998837885,0.7612013786312162,1123,0.548646284852038,39,119,,,,,,,,,,,,,,,,,,,,,,,,,,,
PX080-0053,PX080,UNRAVELED,missing_all,,ordinary_gate,,False,20260925,,53,px080_context_selector/results/METRICS.json,20260925,208094,0.7536951796935693,0.02451776600959182,140,0.7142857142857143,192193,140,0.0007284344382990015,Author benign flow labels,35,0.7142857142857143,0.7142857142857143,0.273224043715847,10,3442,0.6714119697850087,0.6714119697850087,0.7614497528830313,1131,0.007784943342912337,17,26,,,,,,,,,,,,,,,,,,,,,,,,,,,
PX080-0054,PX080,UNRAVELED,missing_all,,stage_harm_gate,,False,20260925,,54,px080_context_selector/results/METRICS.json,20260925,208094,0.7495040205020895,0.024460099762607282,164,0.8285714285714286,192193,164,0.0008533089134359732,Author benign flow labels,35,0.8285714285714286,0.8285714285714285,0.2600896860986547,6,3442,0.6728646135967461,0.6757699012202207,0.7577294290855554,1116,0.00019222082328178611,8,2,,,,,,,,,,,,,,,,,,,,,,,,,,,
PX080-0055,PX080,UNRAVELED,missing_all,,context_dropout,,False,20260925,,55,px080_context_selector/results/METRICS.json,20260925,208094,0.7533728313649927,0.024085269157207802,116,0.6285714285714286,192193,116,0.0006035599631620299,Author benign flow labels,35,0.6285714285714286,0.6285714285714286,0.2732919254658385,13,3442,0.6751888436955259,0.6780941313190005,0.7587332680378713,1108,,,,,,,,,,,,,,,,,,,,,,,,,,,,,,
PX080-0056,PX080,UNRAVELED,stale_5min,,current_roles,,False,20260925,,56,px080_context_selector/results/METRICS.json,20260925,208094,0.7491564610421154,0.024315934145145945,166,0.8285714285714286,192193,166,0.0008637151196973876,Author benign flow labels,35,0.8285714285714286,0.8285714285714285,0.2600896860986547,6,3442,0.6751888436955259,0.6780941313190005,0.7562642369020501,1108,,,,,,,,,,,,,,,,,,,,,,,,,,,,,,
PX080-0057,PX080,UNRAVELED,stale_5min,,context,,False,20260925,,57,px080_context_selector/results/METRICS.json,20260925,208094,0.7196104281130875,0.024258267898161406,44,0.22857142857142856,192193,44,0.00022893653775111477,Author benign flow labels,35,0.22857142857142856,0.22857142857142854,0.13445378151260504,27,3442,0.6722835560720511,0.6818710052295177,0.7629409825255523,1095,,,,,,,,,,,,,,,,,,,,,,,,,,,,,,
PX080-0058,PX080,UNRAVELED,stale_5min,,fixed_fusion,,False,20260925,,58,px080_context_selector/results/METRICS.json,20260925,208094,0.7388861435105802,0.024152546445356426,104,0.5142857142857142,192193,104,0.000541122725593544,Author benign flow labels,35,0.5142857142857142,0.5142857142857142,0.21176470588235294,17,3442,0.6743172574084835,0.6786751888436955,0.7622331691297208,1106,,,,,,,,,,,,,,,,,,,,,,,,,,,,,,
PX080-0059,PX080,UNRAVELED,stale_5min,,confidence_gate,,False,20260925,,59,px080_context_selector/results/METRICS.json,20260925,208094,0.7376677992141658,0.024166963007102558,107,0.5142857142857142,192193,107,0.0005567320349856654,Author benign flow labels,35,0.5142857142857142,0.5142857142857142,0.20689655172413793,17,3442,0.6743172574084835,0.6786751888436955,0.7622331691297208,1106,0.49664094111315077,19,92,,,,,,,,,,,,,,,,,,,,,,,,,,,
PX080-0060,PX080,UNRAVELED,stale_5min,,ordinary_gate,,False,20260925,,60,px080_context_selector/results/METRICS.json,20260925,208094,0.7457488952092668,0.024258267898161406,144,0.7714285714285715,192193,144,0.0007492468508218302,Author benign flow labels,35,0.7714285714285715,0.7714285714285715,0.23893805309734514,8,3442,0.6725740848343986,0.6812899477048228,0.7623909105878478,1097,0.002522898305573443,14,59,,,,,,,,,,,,,,,,,,,,,,,,,,,
PX080-0061,PX080,UNRAVELED,stale_5min,,stage_harm_gate,,False,20260925,,61,px080_context_selector/results/METRICS.json,20260925,208094,0.7420142102670726,0.02420060165117687,168,0.8285714285714286,192193,168,0.0008741213259588018,Author benign flow labels,35,0.8285714285714286,0.8285714285714285,0.2248062015503876,6,3442,0.674607786170831,0.6871005229517722,0.7615611675959331,1077,0.0014656837775236192,5,35,,,,,,,,,,,,,,,,,,,,,,,,,,,
PX080-0062,PX080,UNRAVELED,stale_5min,,context_dropout,,False,20260925,,62,px080_context_selector/results/METRICS.json,20260925,208094,0.7456704586371734,0.02406604707487962,89,0.5428571428571428,192193,89,0.00046307617863293666,Author benign flow labels,35,0.5428571428571428,0.5428571428571429,0.2389937106918239,16,3442,0.6737361998837885,0.6818710052295177,0.761826544021025,1095,,,,,,,,,,,,,,,,,,,,,,,,,,,,,,
PX080-0063,PX080,UNRAVELED,wrong_host,,current_roles,,False,20260925,,63,px080_context_selector/results/METRICS.json,20260925,208094,0.7491564610421154,0.024315934145145945,166,0.8285714285714286,192193,166,0.0008637151196973876,Author benign flow labels,35,0.8285714285714286,0.8285714285714285,0.2600896860986547,6,3442,0.6751888436955259,0.6780941313190005,0.7562642369020501,1108,,,,,,,,,,,,,,,,,,,,,,,,,,,,,,
PX080-0064,PX080,UNRAVELED,wrong_host,,context,,False,20260925,,64,px080_context_selector/results/METRICS.json,20260925,208094,0.46514835180131103,0.07771007333224408,0,0.0,192193,0,0.0,Author benign flow labels,35,0.0,0.0,0.0,35,3442,0.6705403834979663,0.6705403834979663,0.7524042379788101,1134,,,,,,,,,,,,,,,,,,,,,,,,,,,,,,
PX080-0065,PX080,UNRAVELED,wrong_host,,fixed_fusion,,False,20260925,,65,px080_context_selector/results/METRICS.json,20260925,208094,0.7353877513321145,0.02430151758339981,54,0.2857142857142857,192193,54,0.0002809675690581863,Author benign flow labels,35,0.2857142857142857,0.2857142857142857,0.20202020202020202,25,3442,0.6743172574084835,0.6743172574084835,0.7599869024230518,1121,,,,,,,,,,,,,,,,,,,,,,,,,,,,,,
PX080-0066,PX080,UNRAVELED,wrong_host,,confidence_gate,,False,20260925,,66,px080_context_selector/results/METRICS.json,20260925,208094,0.7351799347238785,0.024306323103981856,55,0.2857142857142857,192193,55,0.00028617067218889345,Author benign flow labels,35,0.2857142857142857,0.2857142857142857,0.2,25,3442,0.674026728646136,0.6740267286461359,0.761030014761358,1122,0.5136380674118427,40,111,,,,,,,,,,,,,,,,,,,,,,,,,,,
PX080-0067,PX080,UNRAVELED,wrong_host,,ordinary_gate,,False,20260925,,67,px080_context_selector/results/METRICS.json,20260925,208094,0.7511734967741844,0.024498543927263642,136,0.6857142857142857,192193,136,0.000707622025776173,Author benign flow labels,35,0.6857142857142857,0.6857142857142857,0.26229508196721313,11,3442,0.6717024985473562,0.6717024985473562,0.7622815694032311,1130,0.007419723778676944,17,30,,,,,,,,,,,,,,,,,,,,,,,,,,,
PX080-0068,PX080,UNRAVELED,wrong_host,,stage_harm_gate,,False,20260925,,68,px080_context_selector/results/METRICS.json,20260925,208094,0.749646544520486,0.024440877680279104,164,0.8285714285714286,192193,164,0.0008533089134359732,Author benign flow labels,35,0.8285714285714286,0.8285714285714285,0.2600896860986547,6,3442,0.6731551423590936,0.6760604299825683,0.7583046964490263,1115,0.00021624842619200938,7,2,,,,,,,,,,,,,,,,,,,,,,,,,,,
PX080-0069,PX080,UNRAVELED,wrong_host,,context_dropout,,False,20260925,,69,px080_context_selector/results/METRICS.json,20260925,208094,0.7536749383501293,0.02414774092477438,114,0.6285714285714286,192193,114,0.0005931537569006156,Author benign flow labels,35,0.6285714285714286,0.6285714285714286,0.27672955974842767,13,3442,0.6751888436955259,0.6780941313190005,0.7571265678449259,1108,,,,,,,,,,,,,,,,,,,,,,,,,,,,,,
PX080-0070,PX080,UNRAVELED,clean,,current_roles,,False,20260926,,70,px080_context_selector/results/METRICS.json,20260926,208094,0.7554716128942205,0.024258267898161406,135,0.7714285714285715,192193,135,0.0007024189226454658,Author benign flow labels,35,0.7714285714285715,0.7714285714285715,0.28421052631578947,8,3442,0.674607786170831,0.6746077861708308,0.757462077964443,1120,,,,,,,,,,,,,,,,,,,,,,,,,,,,,,
PX080-0071,PX080,UNRAVELED,clean,,context,,False,20260926,,71,px080_context_selector/results/METRICS.json,20260926,208094,0.7598648007376646,0.024061241554297577,51,0.4857142857142857,192193,51,0.00026535825966606484,Author benign flow labels,35,0.4857142857142857,0.48571428571428577,0.29310344827586204,18,3442,0.6725740848343986,0.6766414875072633,0.7650363516192994,1113,,,,,,,,,,,,,,,,,,,,,,,,,,,,,,
PX080-0072,PX080,UNRAVELED,clean,,fixed_fusion,,False,20260926,,72,px080_context_selector/results/METRICS.json,20260926,208094,0.7722634886037758,0.02395071458091055,66,0.6,192193,66,0.00034340480662667215,Author benign flow labels,35,0.6,0.6,0.3442622950819672,14,3442,0.6737361998837885,0.6740267286461359,0.7632055290439361,1122,,,,,,,,,,,,,,,,,,,,,,,,,,,,,,
PX080-0073,PX080,UNRAVELED,clean,,confidence_gate,,False,20260926,,73,px080_context_selector/results/METRICS.json,20260926,208094,0.7721712823364135,0.02395071458091055,66,0.6,192193,66,0.00034340480662667215,Author benign flow labels,35,0.6,0.6,0.3442622950819672,14,3442,0.6737361998837885,0.6740267286461359,0.7628289473684211,1122,0.7252347496804329,13,104,,,,,,,,,,,,,,,,,,,,,,,,,,,
PX080-0074,PX080,UNRAVELED,clean,,ordinary_gate,,False,20260926,,74,px080_context_selector/results/METRICS.json,20260926,208094,0.7736518864583071,0.023893048333926015,66,0.6,192193,66,0.00034340480662667215,Author benign flow labels,35,0.6,0.6,0.35,14,3442,0.674026728646136,0.6743172574084835,0.7626561472715319,1121,0.0018116812594308341,11,111,,,,,,,,,,,,,,,,,,,,,,,,,,,
PX080-0075,PX080,UNRAVELED,clean,,stage_harm_gate,,False,20260926,,75,px080_context_selector/results/METRICS.json,20260926,208094,0.7681046956161868,0.023965131142656686,66,0.6285714285714286,192193,66,0.00034340480662667215,Author benign flow labels,35,0.6285714285714286,0.6285714285714286,0.32592592592592595,13,3442,0.6725740848343986,0.6766414875072633,0.7645310435931307,1113,0.0034503637779080606,16,113,,,,,,,,,,,,,,,,,,,,,,,,,,,
PX080-0076,PX080,UNRAVELED,clean,,context_dropout,,False,20260926,,76,px080_context_selector/results/METRICS.json,20260926,208094,0.7567726886948704,0.024008380827895085,60,0.45714285714285713,192193,60,0.0003121861878424292,Author benign flow labels,35,0.45714285714285713,0.4571428571428572,0.2831858407079646,19,3442,0.6737361998837885,0.6757699012202207,0.762202136400986,1116,,,,,,,,,,,,,,,,,,,,,,,,,,,,,,
PX080-0077,PX080,UNRAVELED,missing_half,,current_roles,,False,20260926,,77,px080_context_selector/results/METRICS.json,20260926,208094,0.7554716128942205,0.024258267898161406,135,0.7714285714285715,192193,135,0.0007024189226454658,Author benign flow labels,35,0.7714285714285715,0.7714285714285715,0.28421052631578947,8,3442,0.674607786170831,0.6746077861708308,0.757462077964443,1120,,,,,,,,,,,,,,,,,,,,,,,,,,,,,,
PX080-0078,PX080,UNRAVELED,missing_half,,context,,False,20260926,,78,px080_context_selector/results/METRICS.json,20260926,208094,0.6653648802254435,0.05342777783117245,30,0.3142857142857143,192193,30,0.0001560930939212146,Author benign flow labels,35,0.3142857142857143,0.3142857142857143,0.2619047619047619,24,3442,0.6693782684485764,0.6719930273097037,0.7682560853617872,1129,,,,,,,,,,,,,,,,,,,,,,,,,,,,,,
PX080-0079,PX080,UNRAVELED,missing_half,,fixed_fusion,,False,20260926,,79,px080_context_selector/results/METRICS.json,20260926,208094,0.7687926928157225,0.024863763491499033,44,0.45714285714285713,192193,44,0.00022893653775111477,Author benign flow labels,35,0.45714285714285713,0.4571428571428572,0.3368421052631579,19,3442,0.6728646135967461,0.6731551423590936,0.7647350173353145,1125,,,,,,,,,,,,,,,,,,,,,,,,,,,,,,
PX080-0080,PX080,UNRAVELED,missing_half,,confidence_gate,,False,20260926,,80,px080_context_selector/results/METRICS.json,20260926,208094,0.7656168494222936,0.026228531336799716,44,0.45714285714285713,192193,44,0.00022893653775111477,Author benign flow labels,35,0.45714285714285713,0.4571428571428572,0.3368421052631579,19,3442,0.6728646135967461,0.6731551423590936,0.7648612945838837,1125,0.636568089421127,469,110,,,,,,,,,,,,,,,,,,,,,,,,,,,
PX080-0081,PX080,UNRAVELED,missing_half,,ordinary_gate,,False,20260926,,81,px080_context_selector/results/METRICS.json,20260926,208094,0.7688029847614709,0.024099685718953934,47,0.45714285714285713,192193,47,0.00024454584714323624,Author benign flow labels,35,0.45714285714285713,0.4571428571428572,0.3333333333333333,19,3442,0.6722835560720511,0.6725740848343986,0.7606837606837606,1127,0.0015137389833440656,21,111,,,,,,,,,,,,,,,,,,,,,,,,,,,
PX080-0082,PX080,UNRAVELED,missing_half,,stage_harm_gate,,False,20260926,,82,px080_context_selector/results/METRICS.json,20260926,208094,0.7623548301450889,0.024162157486520515,52,0.4857142857142857,192193,52,0.000270561362796772,Author benign flow labels,35,0.4857142857142857,0.48571428571428577,0.3063063063063063,18,3442,0.6714119697850087,0.6740267286461359,0.7619518628420705,1122,0.003291781598700587,24,107,,,,,,,,,,,,,,,,,,,,,,,,,,,
PX080-0083,PX080,UNRAVELED,missing_half,,context_dropout,,False,20260926,,83,px080_context_selector/results/METRICS.json,20260926,208094,0.7564051494988511,0.024085269157207802,97,0.6285714285714286,192193,97,0.0005047010036785939,Author benign flow labels,35,0.6285714285714286,0.6285714285714286,0.28205128205128205,13,3442,0.6737361998837885,0.6748983149331784,0.7620768977982254,1119,,,,,,,,,,,,,,,,,,,,,,,,,,,,,,
PX080-0084,PX080,UNRAVELED,missing_all,,current_roles,,False,20260926,,84,px080_context_selector/results/METRICS.json,20260926,208094,0.7554716128942205,0.024258267898161406,135,0.7714285714285715,192193,135,0.0007024189226454658,Author benign flow labels,35,0.7714285714285715,0.7714285714285715,0.28421052631578947,8,3442,0.674607786170831,0.6746077861708308,0.757462077964443,1120,,,,,,,,,,,,,,,,,,,,,,,,,,,,,,
PX080-0085,PX080,UNRAVELED,missing_all,,context,,False,20260926,,85,px080_context_selector/results/METRICS.json,20260926,208094,0.43424202426186975,0.08252039943487079,0,0.0,192193,0,0.0,Author benign flow labels,35,0.0,0.0,0.0,35,3442,0.6653108657757117,0.6653108657757119,0.7706545515732794,1152,,,,,,,,,,,,,,,,,,,,,,,,,,,,,,
PX080-0086,PX080,UNRAVELED,missing_all,,fixed_fusion,,False,20260926,,86,px080_context_selector/results/METRICS.json,20260926,208094,0.732098666233933,0.0258392841696541,20,0.17142857142857143,192193,20,0.00010406206261414307,Author benign flow labels,35,0.17142857142857143,0.17142857142857137,0.19672131147540983,29,3442,0.6722835560720511,0.6722835560720511,0.7660983280913756,1128,,,,,,,,,,,,,,,,,,,,,,,,,,,,,,
PX080-0087,PX080,UNRAVELED,missing_all,,confidence_gate,,False,20260926,,87,px080_context_selector/results/METRICS.json,20260926,208094,0.7260302733843859,0.02846309840745048,20,0.17142857142857143,192193,20,0.00010406206261414307,Author benign flow labels,35,0.17142857142857143,0.17142857142857137,0.19672131147540983,29,3442,0.6722835560720511,0.6722835560720511,0.7671142052047074,1128,0.5489730602516171,903,115,,,,,,,,,,,,,,,,,,,,,,,,,,,
PX080-0088,PX080,UNRAVELED,missing_all,,ordinary_gate,,False,20260926,,88,px080_context_selector/results/METRICS.json,20260926,208094,0.744433766804075,0.024368794871548433,26,0.22857142857142856,192193,26,0.000135280681398386,Author benign flow labels,35,0.22857142857142856,0.22857142857142854,0.23880597014925373,27,3442,0.6705403834979663,0.6705403834979663,0.7585866885784717,1134,0.0012446298307495652,33,109,,,,,,,,,,,,,,,,,,,,,,,,,,,
PX080-0089,PX080,UNRAVELED,missing_all,,stage_harm_gate,,False,20260926,,89,px080_context_selector/results/METRICS.json,20260926,208094,0.7374676231618407,0.024503349447845685,34,0.22857142857142856,192193,34,0.00017690550644404324,Author benign flow labels,35,0.22857142857142856,0.22857142857142854,0.21052631578947367,27,3442,0.6690877396862289,0.6690877396862289,0.7590639419907712,1139,0.0031091718165828903,38,101,,,,,,,,,,,,,,,,,,,,,,,,,,,
PX080-0090,PX080,UNRAVELED,missing_all,,context_dropout,,False,20260926,,90,px080_context_selector/results/METRICS.json,20260926,208094,0.7556926555489367,0.02410449123953598,127,0.7428571428571429,192193,127,0.0006607940975998085,Author benign flow labels,35,0.7428571428571429,0.7428571428571429,0.27956989247311825,9,3442,0.674607786170831,0.6746077861708308,0.7618110236220472,1120,,,,,,,,,,,,,,,,,,,,,,,,,,,,,,
PX080-0091,PX080,UNRAVELED,stale_5min,,current_roles,,False,20260926,,91,px080_context_selector/results/METRICS.json,20260926,208094,0.7554716128942205,0.024258267898161406,135,0.7714285714285715,192193,135,0.0007024189226454658,Author benign flow labels,35,0.7714285714285715,0.7714285714285715,0.28421052631578947,8,3442,0.674607786170831,0.6746077861708308,0.757462077964443,1120,,,,,,,,,,,,,,,,,,,,,,,,,,,,,,
PX080-0092,PX080,UNRAVELED,stale_5min,,context,,False,20260926,,92,px080_context_selector/results/METRICS.json,20260926,208094,0.7202285982269186,0.024248656856997317,42,0.2,192193,42,0.00021853033148970045,Author benign flow labels,35,0.2,0.19999999999999996,0.1346153846153846,28,3442,0.6717024985473562,0.6778036025566532,0.7648031756533246,1109,,,,,,,,,,,,,,,,,,,,,,,,,,,,,,
PX080-0093,PX080,UNRAVELED,stale_5min,,fixed_fusion,,False,20260926,,93,px080_context_selector/results/METRICS.json,20260926,208094,0.7453287056497153,0.024070852595461666,62,0.37142857142857144,192193,62,0.00032259239410384354,Author benign flow labels,35,0.37142857142857144,0.37142857142857144,0.23636363636363636,22,3442,0.6737361998837885,0.6737361998837885,0.7632055290439361,1123,,,,,,,,,,,,,,,,,,,,,,,,,,,,,,
PX080-0094,PX080,UNRAVELED,stale_5min,,confidence_gate,,False,20260926,,94,px080_context_selector/results/METRICS.json,20260926,208094,0.7447550067224404,0.02405643603371553,63,0.37142857142857144,192193,63,0.0003277954972345507,Author benign flow labels,35,0.37142857142857144,0.37142857142857144,0.23423423423423423,22,3442,0.674026728646136,0.6740267286461359,0.763032395987502,1122,0.6231702980383865,23,113,,,,,,,,,,,,,,,,,,,,,,,,,,,
PX080-0095,PX080,UNRAVELED,stale_5min,,ordinary_gate,,False,20260926,,95,px080_context_selector/results/METRICS.json,20260926,208094,0.7421720568604782,0.024166963007102558,62,0.34285714285714286,192193,62,0.00032259239410384354,Author benign flow labels,35,0.34285714285714286,0.34285714285714286,0.22429906542056074,23,3442,0.6719930273097037,0.6722835560720511,0.7623599208965063,1128,0.0018309033417590128,30,121,,,,,,,,,,,,,,,,,,,,,,,,,,,
PX080-0096,PX080,UNRAVELED,stale_5min,,stage_harm_gate,,False,20260926,,96,px080_context_selector/results/METRICS.json,20260926,208094,0.738821027746692,0.02415735196593847,65,0.34285714285714286,192193,65,0.000338201703495965,Author benign flow labels,35,0.34285714285714286,0.34285714285714286,0.20869565217391303,23,3442,0.6719930273097037,0.673445671121441,0.764375413086583,1124,0.002421982373350505,30,123,,,,,,,,,,,,,,,,,,,,,,,,,,,
PX080-0097,PX080,UNRAVELED,stale_5min,,context_dropout,,False,20260926,,97,px080_context_selector/results/METRICS.json,20260926,208094,0.7460035139969221,0.024118907801282112,78,0.42857142857142855,192193,78,0.000405842044195158,Author benign flow labels,35,0.42857142857142855,0.4285714285714286,0.24,20,3442,0.673445671121441,0.6748983149331784,0.7622492601118054,1119,,,,,,,,,,,,,,,,,,,,,,,,,,,,,,
PX080-0098,PX080,UNRAVELED,wrong_host,,current_roles,,False,20260926,,98,px080_context_selector/results/METRICS.json,20260926,208094,0.7554716128942205,0.024258267898161406,135,0.7714285714285715,192193,135,0.0007024189226454658,Author benign flow labels,35,0.7714285714285715,0.7714285714285715,0.28421052631578947,8,3442,0.674607786170831,0.6746077861708308,0.757462077964443,1120,,,,,,,,,,,,,,,,,,,,,,,,,,,,,,
PX080-0099,PX080,UNRAVELED,wrong_host,,context,,False,20260926,,99,px080_context_selector/results/METRICS.json,20260926,208094,0.43757932927215304,0.08204465289724835,0,0.0,192193,0,0.0,Author benign flow labels,35,0.0,0.0,0.0,35,3442,0.6661824520627542,0.6661824520627542,0.7698505959375525,1149,,,,,,,,,,,,,,,,,,,,,,,,,,,,,,
PX080-0100,PX080,UNRAVELED,wrong_host,,fixed_fusion,,False,20260926,,100,px080_context_selector/results/METRICS.json,20260926,208094,0.7323054054257843,0.02568550751102867,20,0.17142857142857143,192193,20,0.00010406206261414307,Author benign flow labels,35,0.17142857142857143,0.17142857142857137,0.19672131147540983,29,3442,0.6722835560720511,0.6722835560720511,0.7654647700959312,1128,,,,,,,,,,,,,,,,,,,,,,,,,,,,,,
PX080-0101,PX080,UNRAVELED,wrong_host,,confidence_gate,,False,20260926,,101,px080_context_selector/results/METRICS.json,20260926,208094,0.7268713913713162,0.028107489884379173,20,0.17142857142857143,192193,20,0.00010406206261414307,Author benign flow labels,35,0.17142857142857143,0.17142857142857137,0.19672131147540983,29,3442,0.6722835560720511,0.6722835560720511,0.7669870732515744,1128,0.540135707901237,829,115,,,,,,,,,,,,,,,,,,,,,,,,,,,
PX080-0102,PX080,UNRAVELED,wrong_host,,ordinary_gate,,False,20260926,,102,px080_context_selector/results/METRICS.json,20260926,208094,0.744546474711129,0.024349572789220255,26,0.22857142857142856,192193,26,0.000135280681398386,Author benign flow labels,35,0.22857142857142856,0.22857142857142854,0.23880597014925373,27,3442,0.6708309122603138,0.6708309122603138,0.7590401051939514,1133,0.0012590463924956991,32,109,,,,,,,,,,,,,,,,,,,,,,,,,,,
PX080-0103,PX080,UNRAVELED,wrong_host,,stage_harm_gate,,False,20260926,,103,px080_context_selector/results/METRICS.json,20260926,208094,0.7382830732919557,0.02447932184493546,33,0.22857142857142856,192193,33,0.00017170240331333607,Author benign flow labels,35,0.22857142857142856,0.22857142857142854,0.21333333333333335,27,3442,0.6693782684485764,0.6693782684485764,0.7595187077633097,1138,0.0031235883783290244,37,102,,,,,,,,,,,,,,,,,,,,,,,,,,,
PX080-0104,PX080,UNRAVELED,wrong_host,,context_dropout,,False,20260926,,104,px080_context_selector/results/METRICS.json,20260926,208094,0.7554189173706403,0.024258267898161406,127,0.7428571428571429,192193,127,0.0006607940975998085,Author benign flow labels,35,0.7428571428571429,0.7428571428571429,0.28415300546448086,9,3442,0.674607786170831,0.6746077861708308,0.757462077964443,1120,,,,,,,,,,,,,,,,,,,,,,,,,,,,,,
PX081-0000,PX081,UNRAVELED,clean,,none,1,False,8101,,0,px081_evidence_acquisition/RESULTS.json,8101,208094,0.7521907441823421,,,,192193,167,0.0008689182228280947,Author benign flow labels,35,0.8,0.8,0.2731707317073171,7,3442,0.6751888436955259,0.6751888436955258,0.7555266579973993,1118,,,,none,208094,1693,5068.0,167,7,1118,0,0.0,0.0,0.0,0.0,0.0,,,,,,,,,,,,,,
PX081-0001,PX081,UNRAVELED,clean,,roles_first,1,False,8101,,1,px081_evidence_acquisition/RESULTS.json,8101,208094,0.6968829332413471,,,,192193,186,0.0009677771823115306,Author benign flow labels,35,0.9142857142857143,0.9142857142857143,0.04915514592933948,3,3442,0.6751888436955259,0.9875072632190587,0.7556494878881482,43,,,,roles_first,208094,1709,5072.0,186,3,1118,0,1.0,0.25,1.0,1.0,1.0,,,,,,,,,,,,,,
PX081-0002,PX081,UNRAVELED,clean,,history_first,1,False,8101,,2,px081_evidence_acquisition/RESULTS.json,8101,208094,0.6968829332413471,,,,192193,186,0.0009677771823115306,Author benign flow labels,35,0.9142857142857143,0.9142857142857143,0.04915514592933948,3,3442,0.6751888436955259,0.9875072632190587,0.7556494878881482,43,,,,history_first,208094,1709,5072.0,186,3,1118,0,1.0,0.25,1.0,1.0,1.0,,,,,,,,,,,,,,
PX081-0003,PX081,UNRAVELED,clean,,random,1,False,8101,,3,px081_evidence_acquisition/RESULTS.json,8101,208094,0.6968829332413471,,,,192193,186,0.0009677771823115306,Author benign flow labels,35,0.9142857142857143,0.9142857142857143,0.04915514592933948,3,3442,0.6751888436955259,0.9875072632190587,0.7556494878881482,43,,,,random,208094,1709,5072.0,186,3,1118,0,1.0,0.25,1.0,1.0,1.0,,,,,,,,,,,,,,
PX081-0004,PX081,UNRAVELED,clean,,entropy,1,False,8101,,4,px081_evidence_acquisition/RESULTS.json,8101,208094,0.6957920803879684,,,,192193,168,0.0008741213259588018,Author benign flow labels,35,0.8,0.8,0.04483586869495596,7,3442,0.6751888436955259,0.9785008715862871,0.7556494878881482,74,,,,entropy,208094,1695,5070.0,168,7,1118,0,0.13820196688175201,0.034550491720438004,0.13820196641902216,0.13820196641902216,0.13820196641902216,,,,,,,,,,,,,,
PX081-0005,PX081,UNRAVELED,clean,,harm,1,False,8101,,5,px081_evidence_acquisition/RESULTS.json,8101,208094,0.7494860283230648,,,,192193,184,0.0009573709760501163,Author benign flow labels,35,0.9142857142857143,0.9142857142857143,0.26229508196721313,3,3442,0.6751888436955259,0.6804183614177803,0.7555266579973993,1100,,,,harm,208094,1705,5068.0,184,3,1118,0,0.23120321333408356,0.05780080333352089,0.23120320624333235,0.23120320624333235,0.23120320624333235,,,,,,,,,,,,,,
PX081-0006,PX081,UNRAVELED,clean,,none,2,False,8101,,6,px081_evidence_acquisition/RESULTS.json,8101,208094,0.7521907441823421,,,,192193,167,0.0008689182228280947,Author benign flow labels,35,0.8,0.8,0.2731707317073171,7,3442,0.6751888436955259,0.6751888436955258,0.7555266579973993,1118,,,,none,208094,1693,5068.0,167,7,1118,0,0.0,0.0,0.0,0.0,0.0,,,,,,,,,,,,,,
PX081-0007,PX081,UNRAVELED,clean,,roles_first,2,False,8101,,7,px081_evidence_acquisition/RESULTS.json,8101,208094,0.6968829332413471,,,,192193,186,0.0009677771823115306,Author benign flow labels,35,0.9142857142857143,0.9142857142857143,0.04915514592933948,3,3442,0.6751888436955259,0.9875072632190587,0.7556494878881482,43,,,,roles_first,208094,1709,5072.0,186,3,1118,0,1.0,0.25,1.0,1.0,1.0,,,,,,,,,,,,,,
PX081-0008,PX081,UNRAVELED,clean,,history_first,2,False,8101,,8,px081_evidence_acquisition/RESULTS.json,8101,208094,0.7605478765113515,,,,192193,129,0.0006712003038612228,Author benign flow labels,35,0.8,0.8,0.2978723404255319,7,3442,0.6708309122603138,0.6711214410226612,0.7626754748142032,1132,,,,history_first,208094,1632,5052.0,129,7,1133,0,2.0,0.75,1.0,1.0,1.0,,,,,,,,,,,,,,
PX081-0009,PX081,UNRAVELED,clean,,random,2,False,8101,,9,px081_evidence_acquisition/RESULTS.json,8101,208094,0.7055977279728485,,,,192193,155,0.0008064809852596089,Author benign flow labels,35,0.8857142857142857,0.8857142857142857,0.08222811671087533,4,3442,0.6731551423590936,0.8332364904125509,0.7581806282722513,574,,,,random,208094,1672,5059.0,155,4,1125,0,1.4997501373291016,0.4998750686645508,1.0,1.0,1.0,,,,,,,,,,,,,,
PX081-0010,PX081,UNRAVELED,clean,,entropy,2,False,8101,,10,px081_evidence_acquisition/RESULTS.json,8101,208094,0.698286215497624,,,,192193,134,0.0006972158195147586,Author benign flow labels,35,0.8,0.8,0.045344129554655874,7,3442,0.674026728646136,0.9770482277745497,0.7634090161237249,79,,,,entropy,208094,1626,5013.0,134,7,1122,0,1.8587417602539062,0.6813879609107971,0.991931530942747,0.991931530942747,0.991931530942747,,,,,,,,,,,,,,
PX081-0011,PX081,UNRAVELED,clean,,harm,2,False,8101,,11,px081_evidence_acquisition/RESULTS.json,8101,208094,0.7565812887318011,,,,192193,138,0.0007180282320375872,Author benign flow labels,35,0.8,0.8,0.2828282828282828,7,3442,0.6725740848343986,0.673445671121441,0.7622653934804083,1124,,,,harm,208094,1645,5047.0,138,7,1127,0,1.941310167312622,0.7234242558479309,0.9889232750583871,0.9889232750583871,0.9889232750583871,,,,,,,,,,,,,,
PX081-0012,PX081,UNRAVELED,clean,,none,3,False,8101,,12,px081_evidence_acquisition/RESULTS.json,8101,208094,0.7521907441823421,,,,192193,167,0.0008689182228280947,Author benign flow labels,35,0.8,0.8,0.2731707317073171,7,3442,0.6751888436955259,0.6751888436955258,0.7555266579973993,1118,,,,none,208094,1693,5068.0,167,7,1118,0,0.0,0.0,0.0,0.0,0.0,,,,,,,,,,,,,,
PX081-0013,PX081,UNRAVELED,clean,,roles_first,3,False,8101,,13,px081_evidence_acquisition/RESULTS.json,8101,208094,0.7007740205595319,,,,192193,151,0.0007856685727367802,Author benign flow labels,35,0.9142857142857143,0.9142857142857143,0.05663716814159292,3,3442,0.6711214410226612,0.9369552585705985,0.7627538385339276,217,,,,roles_first,208094,1656,5061.0,151,3,1132,0,3.0,1.0,1.0,2.0,2.0,,,,,,,,,,,,,,
PX081-0014,PX081,UNRAVELED,clean,,history_first,3,False,8101,,14,px081_evidence_acquisition/RESULTS.json,8101,208094,0.7007740205595319,,,,192193,151,0.0007856685727367802,Author benign flow labels,35,0.9142857142857143,0.9142857142857143,0.05663716814159292,3,3442,0.6711214410226612,0.9369552585705985,0.7627538385339276,217,,,,history_first,208094,1656,5061.0,151,3,1132,0,3.0,1.0,1.0,2.0,2.0,,,,,,,,,,,,,,
PX081-0015,PX081,UNRAVELED,clean,,random,3,False,8101,,15,px081_evidence_acquisition/RESULTS.json,8101,208094,0.7007740205595319,,,,192193,151,0.0007856685727367802,Author benign flow labels,35,0.9142857142857143,0.9142857142857143,0.05663716814159292,3,3442,0.6711214410226612,0.9369552585705985,0.7627538385339276,217,,,,random,208094,1656,5061.0,151,3,1132,0,3.0,1.0,1.0,2.0,2.0,,,,,,,,,,,,,,
PX081-0016,PX081,UNRAVELED,clean,,entropy,3,False,8101,,16,px081_evidence_acquisition/RESULTS.json,8101,208094,0.7002658409067823,,,,192193,148,0.0007700592633446587,Author benign flow labels,35,0.8571428571428571,0.8571428571428572,0.05405405405405406,5,3442,0.674026728646136,0.9355026147588611,0.7632834347754565,222,,,,entropy,208094,1645,5026.0,148,5,1122,0,2.7057578563690186,0.921912670135498,0.991931530942747,1.72386517631455,1.72386517631455,,,,,,,,,,,,,,
PX081-0017,PX081,UNRAVELED,clean,,harm,3,False,8101,,17,px081_evidence_acquisition/RESULTS.json,8101,208094,0.7567407673715794,,,,192193,153,0.0007960747789981945,Author benign flow labels,35,0.9142857142857143,0.9142857142857143,0.2831858407079646,3,3442,0.6717024985473562,0.6748983149331784,0.762532981530343,1119,,,,harm,208094,1658,5057.0,153,3,1130,0,2.0367190837860107,0.7560429573059082,0.9889232750583871,1.0492661970071218,1.0492661970071218,,,,,,,,,,,,,,
PX081-0018,PX081,UNRAVELED,clean,,full_context_reference,,True,8101,,18,px081_evidence_acquisition/RESULTS.json,8101,208094,0.7007740205595319,,,,192193,151,0.0007856685727367802,Author benign flow labels,35,0.9142857142857143,0.9142857142857143,0.05663716814159292,3,3442,0.6711214410226612,0.9369552585705985,0.7627538385339276,217,,,,full_context_reference,208094,1656,5061.0,151,3,1132,0,3.0,0.0,1.0,2.0,2.0,,,,,,,,,,,,,,
PX081-0019,PX081,UNRAVELED,delayed_unavailable,,none,1,False,8101,,19,px081_evidence_acquisition/RESULTS.json,8101,208094,0.7521907441823421,,,,192193,167,0.0008689182228280947,Author benign flow labels,35,0.8,0.8,0.2731707317073171,7,3442,0.6751888436955259,0.6751888436955258,0.7555266579973993,1118,,,,none,208094,1693,5068.0,167,7,1118,0,0.0,0.0,0.0,0.0,0.0,,,,,,,,,,,,,,
PX081-0020,PX081,UNRAVELED,delayed_unavailable,,roles_first,1,False,8101,,20,px081_evidence_acquisition/RESULTS.json,8101,208094,0.7004005482622181,,,,192193,180,0.0009365585635272876,Author benign flow labels,35,0.8857142857142857,0.8857142857142857,0.06398348813209494,4,3442,0.6751888436955259,0.8927948866937827,0.7557723577235772,369,,,,roles_first,208094,1705,5071.0,180,4,1118,0,1.0,0.5994886755943298,1.0,1.0,0.6799667457975722,,,,,,,,,,,,,,
PX081-0021,PX081,UNRAVELED,delayed_unavailable,,history_first,1,False,8101,,21,px081_evidence_acquisition/RESULTS.json,8101,208094,0.7004005482622181,,,,192193,180,0.0009365585635272876,Author benign flow labels,35,0.8857142857142857,0.8857142857142857,0.06398348813209494,4,3442,0.6751888436955259,0.8927948866937827,0.7557723577235772,369,,,,history_first,208094,1705,5071.0,180,4,1118,0,1.0,0.5994886755943298,1.0,1.0,0.6799667457975722,,,,,,,,,,,,,,
PX081-0022,PX081,UNRAVELED,delayed_unavailable,,random,1,False,8101,,22,px081_evidence_acquisition/RESULTS.json,8101,208094,0.7004005482622181,,,,192193,180,0.0009365585635272876,Author benign flow labels,35,0.8857142857142857,0.8857142857142857,0.06398348813209494,4,3442,0.6751888436955259,0.8927948866937827,0.7557723577235772,369,,,,random,208094,1705,5071.0,180,4,1118,0,1.0,0.5994886755943298,1.0,1.0,0.6799667457975722,,,,,,,,,,,,,,
PX081-0023,PX081,UNRAVELED,delayed_unavailable,,entropy,1,False,8101,,23,px081_evidence_acquisition/RESULTS.json,8101,208094,0.6993920959662637,,,,192193,168,0.0008741213259588018,Author benign flow labels,35,0.8,0.8,0.06015037593984962,7,3442,0.6751888436955259,0.8861127251597908,0.7556494878881482,392,,,,entropy,208094,1697,5072.0,168,7,1118,0,0.13820196688175201,0.08293727785348892,0.13820196641902216,0.13820196641902216,0.09428911934029813,,,,,,,,,,,,,,
PX081-0024,PX081,UNRAVELED,delayed_unavailable,,harm,1,False,8101,,24,px081_evidence_acquisition/RESULTS.json,8101,208094,0.750711589394414,,,,192193,178,0.0009261523572658733,Author benign flow labels,35,0.8857142857142857,0.8857142857142857,0.2672413793103448,4,3442,0.6751888436955259,0.6789657176060431,0.7555266579973993,1105,,,,harm,208094,1701,5067.0,178,4,1118,0,0.23120321333408356,0.13812267780303955,0.23120320624333235,0.23120320624333235,0.15753938124116987,,,,,,,,,,,,,,
PX081-0025,PX081,UNRAVELED,delayed_unavailable,,none,2,False,8101,,25,px081_evidence_acquisition/RESULTS.json,8101,208094,0.7521907441823421,,,,192193,167,0.0008689182228280947,Author benign flow labels,35,0.8,0.8,0.2731707317073171,7,3442,0.6751888436955259,0.6751888436955258,0.7555266579973993,1118,,,,none,208094,1693,5068.0,167,7,1118,0,0.0,0.0,0.0,0.0,0.0,,,,,,,,,,,,,,
PX081-0026,PX081,UNRAVELED,delayed_unavailable,,roles_first,2,False,8101,,26,px081_evidence_acquisition/RESULTS.json,8101,208094,0.7004005482622181,,,,192193,180,0.0009365585635272876,Author benign flow labels,35,0.8857142857142857,0.8857142857142857,0.06398348813209494,4,3442,0.6751888436955259,0.8927948866937827,0.7557723577235772,369,,,,roles_first,208094,1705,5071.0,180,4,1118,0,1.0,0.5994886755943298,1.0,1.0,0.6799667457975722,,,,,,,,,,,,,,
PX081-0027,PX081,UNRAVELED,delayed_unavailable,,history_first,2,False,8101,,27,px081_evidence_acquisition/RESULTS.json,8101,208094,0.755601743642637,,,,192193,149,0.0007752623664753659,Author benign flow labels,35,0.8,0.8,0.2828282828282828,7,3442,0.6737361998837885,0.6740267286461359,0.7588350785340314,1122,,,,history_first,208094,1664,5054.0,149,7,1123,0,2.0,1.101631999015808,1.0,1.0,0.38924716714561686,,,,,,,,,,,,,,
PX081-0028,PX081,UNRAVELED,delayed_unavailable,,random,2,False,8101,,28,px081_evidence_acquisition/RESULTS.json,8101,208094,0.7090643470478339,,,,192193,164,0.0008533089134359732,Author benign flow labels,35,0.8571428571428571,0.8571428571428572,0.09868421052631579,5,3442,0.674026728646136,0.7902382335851249,0.756316218418908,722,,,,random,208094,1688,5069.0,164,5,1122,0,1.4997501373291016,0.8492027521133423,1.0,1.0,0.5353782425250126,,,,,,,,,,,,,,
PX081-0029,PX081,UNRAVELED,delayed_unavailable,,entropy,2,False,8101,,29,px081_evidence_acquisition/RESULTS.json,8101,208094,0.700517705597177,,,,192193,153,0.0007960747789981945,Author benign flow labels,35,0.8,0.8,0.06040992448759439,7,3442,0.674607786170831,0.8858221963974433,0.7590715920235371,393,,,,entropy,208094,1665,5046.0,153,7,1120,0,1.8585302829742432,1.029504656791687,0.991931530942747,0.991931530942747,0.42275606216421424,,,,,,,,,,,,,,
PX081-0030,PX081,UNRAVELED,delayed_unavailable,,harm,2,False,8101,,30,px081_evidence_acquisition/RESULTS.json,8101,208094,0.7537758132649056,,,,192193,154,0.0008012778821289017,Author benign flow labels,35,0.8,0.8,0.27586206896551724,7,3442,0.674026728646136,0.6746077861708308,0.758541768840935,1120,,,,harm,208094,1669,5056.0,154,7,1122,0,1.9411996603012085,1.0702747106552124,0.9889232750583871,0.9889232750583871,0.395715397849049,,,,,,,,,,,,,,
PX081-0031,PX081,UNRAVELED,delayed_unavailable,,none,3,False,8101,,31,px081_evidence_acquisition/RESULTS.json,8101,208094,0.7521907441823421,,,,192193,167,0.0008689182228280947,Author benign flow labels,35,0.8,0.8,0.2731707317073171,7,3442,0.6751888436955259,0.6751888436955258,0.7555266579973993,1118,,,,none,208094,1693,5068.0,167,7,1118,0,0.0,0.0,0.0,0.0,0.0,,,,,,,,,,,,,,
PX081-0032,PX081,UNRAVELED,delayed_unavailable,,roles_first,3,False,8101,,32,px081_evidence_acquisition/RESULTS.json,8101,208094,0.7017765951641273,,,,192193,168,0.0008741213259588018,Author benign flow labels,35,0.8857142857142857,0.8857142857142857,0.06638115631691649,4,3442,0.6748983149331784,0.8840790238233585,0.7585306122448979,399,,,,roles_first,208094,1684,5053.0,168,4,1119,0,2.20098614692688,1.2598501443862915,1.0,1.6004930464117177,0.9149567022595557,,,,,,,,,,,,,,
PX081-0033,PX081,UNRAVELED,delayed_unavailable,,history_first,3,False,8101,,33,px081_evidence_acquisition/RESULTS.json,8101,208094,0.7143701771290115,,,,192193,153,0.0007960747789981945,Author benign flow labels,35,0.8285714285714286,0.8285714285714285,0.11670020120724346,6,3442,0.674026728646136,0.7597327135386404,0.7592865324824087,827,,,,history_first,208094,1666,5050.0,153,6,1122,0,2.598907232284546,1.4595916271209717,1.0,1.598907224619643,0.6788422539813738,,,,,,,,,,,,,,
PX081-0034,PX081,UNRAVELED,delayed_unavailable,,random,3,False,8101,,34,px081_evidence_acquisition/RESULTS.json,8101,208094,0.7065259896326973,,,,192193,162,0.0008429027071745589,Author benign flow labels,35,0.8857142857142857,0.8857142857142857,0.08551724137931034,4,3442,0.6743172574084835,0.8242300987797793,0.7587446878064728,605,,,,random,208094,1676,5051.0,162,4,1121,0,2.400982141494751,1.3598637580871582,1.0,1.6004305746441512,0.7971349486289849,,,,,,,,,,,,,,
PX081-0035,PX081,UNRAVELED,delayed_unavailable,,entropy,3,False,8101,,35,px081_evidence_acquisition/RESULTS.json,8101,208094,0.7008708824620269,,,,192193,155,0.0008064809852596089,Author benign flow labels,35,0.8,0.8,0.06181015452538632,7,3442,0.674607786170831,0.8791400348634515,0.7591956841589014,416,,,,entropy,208094,1668,5049.0,155,7,1120,0,2.238983392715454,1.250813364982605,0.991931530942747,1.3033484867415688,0.5667823195286745,,,,,,,,,,,,,,
PX081-0036,PX081,UNRAVELED,delayed_unavailable,,harm,3,False,8101,,36,px081_evidence_acquisition/RESULTS.json,8101,208094,0.7536770456877966,,,,192193,155,0.0008064809852596089,Author benign flow labels,35,0.8285714285714286,0.8285714285714285,0.27488151658767773,6,3442,0.6743172574084835,0.6763509587449157,0.7591169255928045,1114,,,,harm,208094,1668,5049.0,155,6,1121,0,2.0348737239837646,1.1250492334365845,0.9889232750583871,1.061241554297577,0.42836410468346037,,,,,,,,,,,,,,
PX081-0037,PX081,UNRAVELED,delayed_unavailable,,full_context_reference,,True,8101,,37,px081_evidence_acquisition/RESULTS.json,8101,208094,0.7007740205595319,,,,192193,151,0.0007856685727367802,Author benign flow labels,35,0.9142857142857143,0.9142857142857143,0.05663716814159292,3,3442,0.6711214410226612,0.9369552585705985,0.7627538385339276,217,,,,full_context_reference,208094,1656,5061.0,151,3,1132,0,3.0,0.0,1.0,2.0,2.0,,,,,,,,,,,,,,
PX081-0038,PX081,UNRAVELED,wrong_host_history,,none,1,False,8101,,38,px081_evidence_acquisition/RESULTS.json,8101,208094,0.7521907441823421,,,,192193,167,0.0008689182228280947,Author benign flow labels,35,0.8,0.8,0.2731707317073171,7,3442,0.6751888436955259,0.6751888436955258,0.7555266579973993,1118,,,,none,208094,1693,5068.0,167,7,1118,0,0.0,0.0,0.0,0.0,0.0,,,,,,,,,,,,,,
PX081-0039,PX081,UNRAVELED,wrong_host_history,,roles_first,1,False,8101,,39,px081_evidence_acquisition/RESULTS.json,8101,208094,0.6968829332413471,,,,192193,186,0.0009677771823115306,Author benign flow labels,35,0.9142857142857143,0.9142857142857143,0.04915514592933948,3,3442,0.6751888436955259,0.9875072632190587,0.7556494878881482,43,,,,roles_first,208094,1709,5072.0,186,3,1118,0,1.0,0.25,1.0,1.0,1.0,,,,,,,,,,,,,,
PX081-0040,PX081,UNRAVELED,wrong_host_history,,history_first,1,False,8101,,40,px081_evidence_acquisition/RESULTS.json,8101,208094,0.6968829332413471,,,,192193,186,0.0009677771823115306,Author benign flow labels,35,0.9142857142857143,0.9142857142857143,0.04915514592933948,3,3442,0.6751888436955259,0.9875072632190587,0.7556494878881482,43,,,,history_first,208094,1709,5072.0,186,3,1118,0,1.0,0.25,1.0,1.0,1.0,,,,,,,,,,,,,,
PX081-0041,PX081,UNRAVELED,wrong_host_history,,random,1,False,8101,,41,px081_evidence_acquisition/RESULTS.json,8101,208094,0.6968829332413471,,,,192193,186,0.0009677771823115306,Author benign flow labels,35,0.9142857142857143,0.9142857142857143,0.04915514592933948,3,3442,0.6751888436955259,0.9875072632190587,0.7556494878881482,43,,,,random,208094,1709,5072.0,186,3,1118,0,1.0,0.25,1.0,1.0,1.0,,,,,,,,,,,,,,
PX081-0042,PX081,UNRAVELED,wrong_host_history,,entropy,1,False,8101,,42,px081_evidence_acquisition/RESULTS.json,8101,208094,0.6957920803879684,,,,192193,168,0.0008741213259588018,Author benign flow labels,35,0.8,0.8,0.04483586869495596,7,3442,0.6751888436955259,0.9785008715862871,0.7556494878881482,74,,,,entropy,208094,1695,5070.0,168,7,1118,0,0.13820196688175201,0.034550491720438004,0.13820196641902216,0.13820196641902216,0.13820196641902216,,,,,,,,,,,,,,
PX081-0043,PX081,UNRAVELED,wrong_host_history,,harm,1,False,8101,,43,px081_evidence_acquisition/RESULTS.json,8101,208094,0.7494860283230648,,,,192193,184,0.0009573709760501163,Author benign flow labels,35,0.9142857142857143,0.9142857142857143,0.26229508196721313,3,3442,0.6751888436955259,0.6804183614177803,0.7555266579973993,1100,,,,harm,208094,1705,5068.0,184,3,1118,0,0.23120321333408356,0.05780080333352089,0.23120320624333235,0.23120320624333235,0.23120320624333235,,,,,,,,,,,,,,
PX081-0044,PX081,UNRAVELED,wrong_host_history,,none,2,False,8101,,44,px081_evidence_acquisition/RESULTS.json,8101,208094,0.7521907441823421,,,,192193,167,0.0008689182228280947,Author benign flow labels,35,0.8,0.8,0.2731707317073171,7,3442,0.6751888436955259,0.6751888436955258,0.7555266579973993,1118,,,,none,208094,1693,5068.0,167,7,1118,0,0.0,0.0,0.0,0.0,0.0,,,,,,,,,,,,,,
PX081-0045,PX081,UNRAVELED,wrong_host_history,,roles_first,2,False,8101,,45,px081_evidence_acquisition/RESULTS.json,8101,208094,0.6968829332413471,,,,192193,186,0.0009677771823115306,Author benign flow labels,35,0.9142857142857143,0.9142857142857143,0.04915514592933948,3,3442,0.6751888436955259,0.9875072632190587,0.7556494878881482,43,,,,roles_first,208094,1709,5072.0,186,3,1118,0,1.0,0.25,1.0,1.0,1.0,,,,,,,,,,,,,,
PX081-0046,PX081,UNRAVELED,wrong_host_history,,history_first,2,False,8101,,46,px081_evidence_acquisition/RESULTS.json,8101,208094,0.6825250728086916,,,,192193,8,4.162482504565723e-05,Author benign flow labels,35,0.0,0.0,0.0,35,3442,0.6682161533991865,0.6682161533991865,0.7705192629815746,1142,,,,history_first,208094,2042,5573.0,8,35,1142,0,2.0,0.75,1.0,1.0,1.0,,,,,,,,,,,,,,
PX081-0047,PX081,UNRAVELED,wrong_host_history,,random,2,False,8101,,47,px081_evidence_acquisition/RESULTS.json,8101,208094,0.6972496135636599,,,,192193,89,0.00046307617863293666,Author benign flow labels,35,0.5428571428571428,0.5428571428571429,0.05588235294117647,16,3442,0.6711214410226612,0.8312027890761186,0.7626279300099043,581,,,,random,208094,1884,5328.0,89,16,1132,0,1.4997501373291016,0.4998750686645508,1.0,1.0,1.0,,,,,,,,,,,,,,
PX081-0048,PX081,UNRAVELED,wrong_host_history,,entropy,2,False,8101,,48,px081_evidence_acquisition/RESULTS.json,8101,208094,0.6862861074166249,,,,192193,38,0.00019771791896687184,Author benign flow labels,35,0.2,0.19999999999999996,0.012488849241748439,28,3442,0.6737361998837885,0.9764671702498547,0.7703039362232187,81,,,,entropy,208094,2045,5498.0,38,28,1123,0,1.8587417602539062,0.6813879609107971,0.991931530942747,0.991931530942747,0.991931530942747,,,,,,,,,,,,,,
PX081-0049,PX081,UNRAVELED,wrong_host_history,,harm,2,False,8101,,49,px081_evidence_acquisition/RESULTS.json,8101,208094,0.7292732054846669,,,,192193,62,0.00032259239410384354,Author benign flow labels,35,0.2857142857142857,0.2857142857142857,0.18518518518518517,25,3442,0.6711214410226612,0.6717024985473562,0.769615192403798,1130,,,,harm,208094,2016,5487.0,62,25,1132,0,1.941310167312622,0.7234242558479309,0.9889232750583871,0.9889232750583871,0.9889232750583871,,,,,,,,,,,,,,
PX081-0050,PX081,UNRAVELED,wrong_host_history,,none,3,False,8101,,50,px081_evidence_acquisition/RESULTS.json,8101,208094,0.7521907441823421,,,,192193,167,0.0008689182228280947,Author benign flow labels,35,0.8,0.8,0.2731707317073171,7,3442,0.6751888436955259,0.6751888436955258,0.7555266579973993,1118,,,,none,208094,1693,5068.0,167,7,1118,0,0.0,0.0,0.0,0.0,0.0,,,,,,,,,,,,,,
PX081-0051,PX081,UNRAVELED,wrong_host_history,,roles_first,3,False,8101,,51,px081_evidence_acquisition/RESULTS.json,8101,208094,0.7483019929933363,,,,192193,35,0.00018210860957475038,Author benign flow labels,35,0.2857142857142857,0.2857142857142857,0.24390243902439024,25,3442,0.6690877396862289,0.6696687972109239,0.7706207127321398,1137,,,,roles_first,208094,1631,5123.0,35,25,1139,0,3.0,1.0,1.0,2.0,2.0,,,,,,,,,,,,,,
PX081-0052,PX081,UNRAVELED,wrong_host_history,,history_first,3,False,8101,,52,px081_evidence_acquisition/RESULTS.json,8101,208094,0.7483019929933363,,,,192193,35,0.00018210860957475038,Author benign flow labels,35,0.2857142857142857,0.2857142857142857,0.24390243902439024,25,3442,0.6690877396862289,0.6696687972109239,0.7706207127321398,1137,,,,history_first,208094,1631,5123.0,35,25,1139,0,3.0,1.0,1.0,2.0,2.0,,,,,,,,,,,,,,
PX081-0053,PX081,UNRAVELED,wrong_host_history,,random,3,False,8101,,53,px081_evidence_acquisition/RESULTS.json,8101,208094,0.7483019929933363,,,,192193,35,0.00018210860957475038,Author benign flow labels,35,0.2857142857142857,0.2857142857142857,0.24390243902439024,25,3442,0.6690877396862289,0.6696687972109239,0.7706207127321398,1137,,,,random,208094,1631,5123.0,35,25,1139,0,3.0,1.0,1.0,2.0,2.0,,,,,,,,,,,,,,
PX081-0054,PX081,UNRAVELED,wrong_host_history,,entropy,3,False,8101,,54,px081_evidence_acquisition/RESULTS.json,8101,208094,0.7412886041839155,,,,192193,39,0.000202921022097579,Author benign flow labels,35,0.2571428571428571,0.2571428571428571,0.21686746987951808,26,3442,0.6737361998837885,0.6737361998837885,0.7703039362232187,1123,,,,entropy,208094,1638,5085.0,39,26,1123,0,2.155078887939453,0.7842429280281067,0.991931530942747,1.1731861562563073,1.1731861562563073,,,,,,,,,,,,,,
PX081-0055,PX081,UNRAVELED,wrong_host_history,,harm,3,False,8101,,55,px081_evidence_acquisition/RESULTS.json,8101,208094,0.7310419326853449,,,,192193,57,0.0002965768784503078,Author benign flow labels,35,0.2857142857142857,0.2857142857142857,0.19230769230769232,25,3442,0.6699593259732713,0.6705403834979663,0.769949916527546,1134,,,,harm,208094,2023,5506.0,57,25,1136,0,2.031663656234741,0.7547791004180908,0.9889232750583871,1.0442107893548107,1.0442107893548107,,,,,,,,,,,,,,
PX081-0056,PX081,UNRAVELED,wrong_host_history,,full_context_reference,,True,8101,,56,px081_evidence_acquisition/RESULTS.json,8101,208094,0.7483019929933363,,,,192193,35,0.00018210860957475038,Author benign flow labels,35,0.2857142857142857,0.2857142857142857,0.24390243902439024,25,3442,0.6690877396862289,0.6696687972109239,0.7706207127321398,1137,,,,full_context_reference,208094,1631,5123.0,35,25,1139,0,3.0,0.0,1.0,2.0,2.0,,,,,,,,,,,,,,
PX081-0057,PX081,UNRAVELED,clean,,none,1,False,8102,,57,px081_evidence_acquisition/RESULTS.json,8102,208094,0.7546027544278117,,,,192193,158,0.0008220902946517302,Author benign flow labels,35,0.7714285714285715,0.7714285714285715,0.28272251308900526,8,3442,0.6748983149331784,0.6748983149331784,0.7563079928373758,1119,,,,none,208094,1691,5072.0,158,8,1119,0,0.0,0.0,0.0,0.0,0.0,,,,,,,,,,,,,,
PX081-0058,PX081,UNRAVELED,clean,,roles_first,1,False,8102,,58,px081_evidence_acquisition/RESULTS.json,8102,208094,0.695310505396591,,,,192193,170,0.0008845275322202161,Author benign flow labels,35,0.7714285714285715,0.7714285714285715,0.042789223454833596,8,3442,0.6748983149331784,0.9822777454968041,0.7561848958333334,61,,,,roles_first,208094,1700,5081.0,170,8,1119,0,1.0,0.25,1.0,1.0,1.0,,,,,,,,,,,,,,
PX081-0059,PX081,UNRAVELED,clean,,history_first,1,False,8102,,59,px081_evidence_acquisition/RESULTS.json,8102,208094,0.695310505396591,,,,192193,170,0.0008845275322202161,Author benign flow labels,35,0.7714285714285715,0.7714285714285715,0.042789223454833596,8,3442,0.6748983149331784,0.9822777454968041,0.7561848958333334,61,,,,history_first,208094,1700,5081.0,170,8,1119,0,1.0,0.25,1.0,1.0,1.0,,,,,,,,,,,,,,
PX081-0060,PX081,UNRAVELED,clean,,random,1,False,8102,,60,px081_evidence_acquisition/RESULTS.json,8102,208094,0.695310505396591,,,,192193,170,0.0008845275322202161,Author benign flow labels,35,0.7714285714285715,0.7714285714285715,0.042789223454833596,8,3442,0.6748983149331784,0.9822777454968041,0.7561848958333334,61,,,,random,208094,1700,5081.0,170,8,1119,0,1.0,0.25,1.0,1.0,1.0,,,,,,,,,,,,,,
PX081-0061,PX081,UNRAVELED,clean,,entropy,1,False,8102,,61,px081_evidence_acquisition/RESULTS.json,8102,208094,0.6954470890471685,,,,192193,171,0.0008897306353509233,Author benign flow labels,35,0.7714285714285715,0.7714285714285715,0.04285714285714286,8,3442,0.6748983149331784,0.9816966879721092,0.7566775244299674,63,,,,entropy,208094,1700,5081.0,171,8,1119,0,0.7653945088386536,0.1913486272096634,0.7653944851845801,0.7653944851845801,0.7653944851845801,,,,,,,,,,,,,,
PX081-0062,PX081,UNRAVELED,clean,,harm,1,False,8102,,62,px081_evidence_acquisition/RESULTS.json,8102,208094,0.7531554811925733,,,,192193,158,0.0008220902946517302,Author benign flow labels,35,0.7714285714285715,0.7714285714285715,0.27692307692307694,8,3442,0.6748983149331784,0.6760604299825683,0.7563079928373758,1115,,,,harm,208094,1691,5072.0,158,8,1119,0,0.9436408281326294,0.23591020703315735,0.9436408546137803,0.9436408546137803,0.9436408546137803,,,,,,,,,,,,,,
PX081-0063,PX081,UNRAVELED,clean,,none,2,False,8102,,63,px081_evidence_acquisition/RESULTS.json,8102,208094,0.7546027544278117,,,,192193,158,0.0008220902946517302,Author benign flow labels,35,0.7714285714285715,0.7714285714285715,0.28272251308900526,8,3442,0.6748983149331784,0.6748983149331784,0.7563079928373758,1119,,,,none,208094,1691,5072.0,158,8,1119,0,0.0,0.0,0.0,0.0,0.0,,,,,,,,,,,,,,
PX081-0064,PX081,UNRAVELED,clean,,roles_first,2,False,8102,,64,px081_evidence_acquisition/RESULTS.json,8102,208094,0.695310505396591,,,,192193,170,0.0008845275322202161,Author benign flow labels,35,0.7714285714285715,0.7714285714285715,0.042789223454833596,8,3442,0.6748983149331784,0.9822777454968041,0.7561848958333334,61,,,,roles_first,208094,1700,5081.0,170,8,1119,0,1.0,0.25,1.0,1.0,1.0,,,,,,,,,,,,,,
PX081-0065,PX081,UNRAVELED,clean,,history_first,2,False,8102,,65,px081_evidence_acquisition/RESULTS.json,8102,208094,0.7504994819122389,,,,192193,77,0.00040063894106445085,Author benign flow labels,35,0.45714285714285713,0.4571428571428572,0.25806451612903225,19,3442,0.6722835560720511,0.6725740848343986,0.7628152299324213,1127,,,,history_first,208094,1602,5043.0,77,19,1128,0,2.0,0.75,1.0,1.0,1.0,,,,,,,,,,,,,,
PX081-0066,PX081,UNRAVELED,clean,,random,2,False,8102,,66,px081_evidence_acquisition/RESULTS.json,8102,208094,0.7028915181280344,,,,192193,120,0.0006243723756848584,Author benign flow labels,35,0.6857142857142857,0.6857142857142857,0.07090103397341212,11,3442,0.6731551423590936,0.8224869262056944,0.7591743119266054,611,,,,random,208094,1650,5058.0,120,11,1125,0,1.4998942613601685,0.49994713068008423,1.0,1.0,1.0,,,,,,,,,,,,,,
PX081-0067,PX081,UNRAVELED,clean,,entropy,2,False,8102,,67,px081_evidence_acquisition/RESULTS.json,8102,208094,0.6935669155012326,,,,192193,77,0.00040063894106445085,Author benign flow labels,35,0.45714285714285713,0.4571428571428572,0.027280477408354646,19,3442,0.6722835560720511,0.9773387565368972,0.7630667765869744,78,,,,entropy,208094,1600,5041.0,77,19,1128,0,0.8651522994041443,0.23059290647506714,0.8079329533768393,0.8079329533768393,0.8079329533768392,,,,,,,,,,,,,,
PX081-0068,PX081,UNRAVELED,clean,,harm,2,False,8102,,68,px081_evidence_acquisition/RESULTS.json,8102,208094,0.7479692858975893,,,,192193,97,0.0005047010036785939,Author benign flow labels,35,0.45714285714285713,0.4571428571428572,0.25196850393700787,19,3442,0.6722835560720511,0.6731551423590936,0.7593109105824446,1125,,,,harm,208094,1629,5070.0,97,19,1128,0,1.0671043395996094,0.2855440378189087,0.9920324468749699,0.9920324468749699,0.99203244687497,,,,,,,,,,,,,,
PX081-0069,PX081,UNRAVELED,clean,,none,3,False,8102,,69,px081_evidence_acquisition/RESULTS.json,8102,208094,0.7546027544278117,,,,192193,158,0.0008220902946517302,Author benign flow labels,35,0.7714285714285715,0.7714285714285715,0.28272251308900526,8,3442,0.6748983149331784,0.6748983149331784,0.7563079928373758,1119,,,,none,208094,1691,5072.0,158,8,1119,0,0.0,0.0,0.0,0.0,0.0,,,,,,,,,,,,,,
PX081-0070,PX081,UNRAVELED,clean,,roles_first,3,False,8102,,70,px081_evidence_acquisition/RESULTS.json,8102,208094,0.6982660077073342,,,,192193,128,0.0006659972007305156,Author benign flow labels,35,0.6571428571428571,0.6571428571428571,0.04159132007233273,12,3442,0.6719930273097037,0.9407321324811156,0.7665285832642916,204,,,,roles_first,208094,1610,5033.0,128,12,1129,0,3.0,1.0,1.0,2.0,2.0,,,,,,,,,,,,,,
PX081-0071,PX081,UNRAVELED,clean,,history_first,3,False,8102,,71,px081_evidence_acquisition/RESULTS.json,8102,208094,0.6982660077073342,,,,192193,128,0.0006659972007305156,Author benign flow labels,35,0.6571428571428571,0.6571428571428571,0.04159132007233273,12,3442,0.6719930273097037,0.9407321324811156,0.7665285832642916,204,,,,history_first,208094,1610,5033.0,128,12,1129,0,3.0,1.0,1.0,2.0,2.0,,,,,,,,,,,,,,
PX081-0072,PX081,UNRAVELED,clean,,random,3,False,8102,,72,px081_evidence_acquisition/RESULTS.json,8102,208094,0.6982660077073342,,,,192193,128,0.0006659972007305156,Author benign flow labels,35,0.6571428571428571,0.6571428571428571,0.04159132007233273,12,3442,0.6719930273097037,0.9407321324811156,0.7665285832642916,204,,,,random,208094,1610,5033.0,128,12,1129,0,3.0,1.0,1.0,2.0,2.0,,,,,,,,,,,,,,
PX081-0073,PX081,UNRAVELED,clean,,entropy,3,False,8102,,73,px081_evidence_acquisition/RESULTS.json,8102,208094,0.6967315092878479,,,,192193,119,0.0006191692725541513,Author benign flow labels,35,0.6285714285714286,0.6285714285714286,0.040145985401459854,13,3442,0.6722835560720511,0.9410226612434631,0.7631926121372031,203,,,,entropy,208094,1634,5057.0,119,13,1128,0,2.092607259750366,0.6903226375579834,0.8079329533768393,1.4239238036656512,1.4239238036656512,,,,,,,,,,,,,,
PX081-0074,PX081,UNRAVELED,clean,,harm,3,False,8102,,74,px081_evidence_acquisition/RESULTS.json,8102,208094,0.6959119888535089,,,,192193,146,0.0007596530570832445,Author benign flow labels,35,0.6571428571428571,0.6571428571428571,0.04170444242973708,12,3442,0.6719930273097037,0.9401510749564207,0.7589827727645612,206,,,,harm,208094,1670,5093.0,146,12,1129,0,2.9499313831329346,0.9827085137367249,0.9920324468749699,1.9690284198487222,1.9690284198487222,,,,,,,,,,,,,,
PX081-0075,PX081,UNRAVELED,clean,,full_context_reference,,True,8102,,75,px081_evidence_acquisition/RESULTS.json,8102,208094,0.6982660077073342,,,,192193,128,0.0006659972007305156,Author benign flow labels,35,0.6571428571428571,0.6571428571428571,0.04159132007233273,12,3442,0.6719930273097037,0.9407321324811156,0.7665285832642916,204,,,,full_context_reference,208094,1610,5033.0,128,12,1129,0,3.0,0.0,1.0,2.0,2.0,,,,,,,,,,,,,,
PX081-0076,PX081,UNRAVELED,delayed_unavailable,,none,1,False,8102,,76,px081_evidence_acquisition/RESULTS.json,8102,208094,0.7546027544278117,,,,192193,158,0.0008220902946517302,Author benign flow labels,35,0.7714285714285715,0.7714285714285715,0.28272251308900526,8,3442,0.6748983149331784,0.6748983149331784,0.7563079928373758,1119,,,,none,208094,1691,5072.0,158,8,1119,0,0.0,0.0,0.0,0.0,0.0,,,,,,,,,,,,,,
PX081-0077,PX081,UNRAVELED,delayed_unavailable,,roles_first,1,False,8102,,77,px081_evidence_acquisition/RESULTS.json,8102,208094,0.6990519731996707,,,,192193,164,0.0008533089134359732,Author benign flow labels,35,0.7714285714285715,0.7714285714285715,0.05895196506550218,8,3442,0.6748983149331784,0.8834979662986635,0.7559388219980475,401,,,,roles_first,208094,1696,5077.0,164,8,1119,0,1.0,0.6001326441764832,1.0,1.0,0.6814852903014984,,,,,,,,,,,,,,
PX081-0078,PX081,UNRAVELED,delayed_unavailable,,history_first,1,False,8102,,78,px081_evidence_acquisition/RESULTS.json,8102,208094,0.6990519731996707,,,,192193,164,0.0008533089134359732,Author benign flow labels,35,0.7714285714285715,0.7714285714285715,0.05895196506550218,8,3442,0.6748983149331784,0.8834979662986635,0.7559388219980475,401,,,,history_first,208094,1696,5077.0,164,8,1119,0,1.0,0.6001326441764832,1.0,1.0,0.6814852903014984,,,,,,,,,,,,,,
PX081-0079,PX081,UNRAVELED,delayed_unavailable,,random,1,False,8102,,79,px081_evidence_acquisition/RESULTS.json,8102,208094,0.6990519731996707,,,,192193,164,0.0008533089134359732,Author benign flow labels,35,0.7714285714285715,0.7714285714285715,0.05895196506550218,8,3442,0.6748983149331784,0.8834979662986635,0.7559388219980475,401,,,,random,208094,1696,5077.0,164,8,1119,0,1.0,0.6001326441764832,1.0,1.0,0.6814852903014984,,,,,,,,,,,,,,
PX081-0080,PX081,UNRAVELED,delayed_unavailable,,entropy,1,False,8102,,80,px081_evidence_acquisition/RESULTS.json,8102,208094,0.6992037537591429,,,,192193,165,0.0008585120165666804,Author benign flow labels,35,0.7714285714285715,0.7714285714285715,0.05908096280087528,8,3442,0.6748983149331784,0.8829169087739687,0.7564311299251059,403,,,,entropy,208094,1696,5077.0,165,8,1119,0,0.7653945088386536,0.4594125747680664,0.7653944851845801,0.7653944851845801,0.5209136255730583,,,,,,,,,,,,,,
PX081-0081,PX081,UNRAVELED,delayed_unavailable,,harm,1,False,8102,,81,px081_evidence_acquisition/RESULTS.json,8102,208094,0.7535116943711904,,,,192193,158,0.0008220902946517302,Author benign flow labels,35,0.7714285714285715,0.7714285714285715,0.27835051546391754,8,3442,0.6748983149331784,0.6757699012202207,0.7563079928373758,1116,,,,harm,208094,1691,5072.0,158,8,1119,0,0.9436408281326294,0.5662392973899841,0.9436408546137803,0.9436408546137803,0.6430747642892155,,,,,,,,,,,,,,
PX081-0082,PX081,UNRAVELED,delayed_unavailable,,none,2,False,8102,,82,px081_evidence_acquisition/RESULTS.json,8102,208094,0.7546027544278117,,,,192193,158,0.0008220902946517302,Author benign flow labels,35,0.7714285714285715,0.7714285714285715,0.28272251308900526,8,3442,0.6748983149331784,0.6748983149331784,0.7563079928373758,1119,,,,none,208094,1691,5072.0,158,8,1119,0,0.0,0.0,0.0,0.0,0.0,,,,,,,,,,,,,,
PX081-0083,PX081,UNRAVELED,delayed_unavailable,,roles_first,2,False,8102,,83,px081_evidence_acquisition/RESULTS.json,8102,208094,0.6990519731996707,,,,192193,164,0.0008533089134359732,Author benign flow labels,35,0.7714285714285715,0.7714285714285715,0.05895196506550218,8,3442,0.6748983149331784,0.8834979662986635,0.7559388219980475,401,,,,roles_first,208094,1696,5077.0,164,8,1119,0,1.0,0.6001326441764832,1.0,1.0,0.6814852903014984,,,,,,,,,,,,,,
PX081-0084,PX081,UNRAVELED,delayed_unavailable,,history_first,2,False,8102,,84,px081_evidence_acquisition/RESULTS.json,8102,208094,0.755013902072131,,,,192193,130,0.00067640340699193,Author benign flow labels,35,0.6857142857142857,0.6857142857142857,0.2807017543859649,11,3442,0.6743172574084835,0.6743172574084835,0.7593652870930803,1121,,,,history_first,208094,1658,5054.0,130,11,1121,0,2.0,1.0994575023651123,1.0,1.0,0.3897661633684777,,,,,,,,,,,,,,
PX081-0085,PX081,UNRAVELED,delayed_unavailable,,random,2,False,8102,,85,px081_evidence_acquisition/RESULTS.json,8102,208094,0.7080515119558188,,,,192193,148,0.0007700592633446587,Author benign flow labels,35,0.7142857142857143,0.7142857142857143,0.09363295880149813,10,3442,0.6743172574084835,0.7754212667054039,0.7578775510204082,773,,,,random,208094,1678,5071.0,148,10,1121,0,1.4998942613601685,0.8499716520309448,1.0,1.0,0.5364450680942267,,,,,,,,,,,,,,
PX081-0086,PX081,UNRAVELED,delayed_unavailable,,entropy,2,False,8102,,86,px081_evidence_acquisition/RESULTS.json,8102,208094,0.6989163049298642,,,,192193,130,0.00067640340699193,Author benign flow labels,35,0.6857142857142857,0.6857142857142857,0.05429864253393665,11,3442,0.6743172574084835,0.8814642649622313,0.7594895287958116,408,,,,entropy,208094,1657,5053.0,130,11,1121,0,0.8651090264320374,0.5134266018867493,0.8079329533768393,0.8079329533768393,0.5332974521129874,,,,,,,,,,,,,,
PX081-0087,PX081,UNRAVELED,delayed_unavailable,,harm,2,False,8102,,87,px081_evidence_acquisition/RESULTS.json,8102,208094,0.7541071881454304,,,,192193,139,0.0007232313351682943,Author benign flow labels,35,0.6857142857142857,0.6857142857142857,0.27906976744186046,11,3442,0.6743172574084835,0.6746077861708308,0.7576301615798923,1120,,,,harm,208094,1671,5067.0,139,11,1121,0,1.0642017126083374,0.6309600472450256,0.9920324468749699,0.9920324468749699,0.6546752909742712,,,,,,,,,,,,,,
PX081-0088,PX081,UNRAVELED,delayed_unavailable,,none,3,False,8102,,88,px081_evidence_acquisition/RESULTS.json,8102,208094,0.7546027544278117,,,,192193,158,0.0008220902946517302,Author benign flow labels,35,0.7714285714285715,0.7714285714285715,0.28272251308900526,8,3442,0.6748983149331784,0.6748983149331784,0.7563079928373758,1119,,,,none,208094,1691,5072.0,158,8,1119,0,0.0,0.0,0.0,0.0,0.0,,,,,,,,,,,,,,
PX081-0089,PX081,UNRAVELED,delayed_unavailable,,roles_first,3,False,8102,,89,px081_evidence_acquisition/RESULTS.json,8102,208094,0.6998344196212576,,,,192193,156,0.000811684088390316,Author benign flow labels,35,0.7428571428571429,0.7428571428571429,0.058426966292134834,9,3442,0.674607786170831,0.8765252760023242,0.7588235294117647,425,,,,roles_first,208094,1673,5060.0,156,9,1120,0,2.198641061782837,1.2580000162124634,1.0,1.5993204993896988,0.914538621968918,,,,,,,,,,,,,,
PX081-0090,PX081,UNRAVELED,delayed_unavailable,,history_first,3,False,8102,,90,px081_evidence_acquisition/RESULTS.json,8102,208094,0.7131463253706039,,,,192193,140,0.0007284344382990015,Author benign flow labels,35,0.7142857142857143,0.7142857142857143,0.111358574610245,10,3442,0.6743172574084835,0.7518884369552585,0.7602358336062889,854,,,,history_first,208094,1659,5052.0,140,10,1121,0,2.60094952583313,1.4597225189208984,1.0,1.600949570867012,0.6790729189693119,,,,,,,,,,,,,,
PX081-0091,PX081,UNRAVELED,delayed_unavailable,,random,3,False,8102,,91,px081_evidence_acquisition/RESULTS.json,8102,208094,0.7038367856498291,,,,192193,148,0.0007700592633446587,Author benign flow labels,35,0.7142857142857143,0.7142857142857143,0.07418397626112759,10,3442,0.6743172574084835,0.8152237071470075,0.7594895287958116,636,,,,random,208094,1665,5058.0,148,10,1121,0,2.399160861968994,1.3585134744644165,1.0,1.6001326323680645,0.7969859774909416,,,,,,,,,,,,,,
PX081-0092,PX081,UNRAVELED,delayed_unavailable,,entropy,3,False,8102,,92,px081_evidence_acquisition/RESULTS.json,8102,208094,0.6996925802519302,,,,192193,136,0.000707622025776173,Author benign flow labels,35,0.7142857142857143,0.7142857142857143,0.05747126436781609,10,3442,0.6743172574084835,0.8753631609529343,0.7594895287958116,429,,,,entropy,208094,1662,5055.0,136,10,1121,0,1.458763837814331,0.8390955328941345,0.8079329533768393,1.1071102482531934,0.6503214893269388,,,,,,,,,,,,,,
PX081-0093,PX081,UNRAVELED,delayed_unavailable,,harm,3,False,8102,,93,px081_evidence_acquisition/RESULTS.json,8102,208094,0.7194191135259651,,,,192193,149,0.0007752623664753659,Author benign flow labels,35,0.7142857142857143,0.7142857142857143,0.1400560224089636,10,3442,0.6743172574084835,0.725159790819291,0.7575065274151436,946,,,,harm,208094,1681,5074.0,149,10,1121,0,2.1555306911468506,1.23141348361969,0.9920324468749699,1.5533124453372034,0.8762290118888579,,,,,,,,,,,,,,
PX081-0094,PX081,UNRAVELED,delayed_unavailable,,full_context_reference,,True,8102,,94,px081_evidence_acquisition/RESULTS.json,8102,208094,0.6982660077073342,,,,192193,128,0.0006659972007305156,Author benign flow labels,35,0.6571428571428571,0.6571428571428571,0.04159132007233273,12,3442,0.6719930273097037,0.9407321324811156,0.7665285832642916,204,,,,full_context_reference,208094,1610,5033.0,128,12,1129,0,3.0,0.0,1.0,2.0,2.0,,,,,,,,,,,,,,
PX081-0095,PX081,UNRAVELED,wrong_host_history,,none,1,False,8102,,95,px081_evidence_acquisition/RESULTS.json,8102,208094,0.7546027544278117,,,,192193,158,0.0008220902946517302,Author benign flow labels,35,0.7714285714285715,0.7714285714285715,0.28272251308900526,8,3442,0.6748983149331784,0.6748983149331784,0.7563079928373758,1119,,,,none,208094,1691,5072.0,158,8,1119,0,0.0,0.0,0.0,0.0,0.0,,,,,,,,,,,,,,
PX081-0096,PX081,UNRAVELED,wrong_host_history,,roles_first,1,False,8102,,96,px081_evidence_acquisition/RESULTS.json,8102,208094,0.695310505396591,,,,192193,170,0.0008845275322202161,Author benign flow labels,35,0.7714285714285715,0.7714285714285715,0.042789223454833596,8,3442,0.6748983149331784,0.9822777454968041,0.7561848958333334,61,,,,roles_first,208094,1700,5081.0,170,8,1119,0,1.0,0.25,1.0,1.0,1.0,,,,,,,,,,,,,,
PX081-0097,PX081,UNRAVELED,wrong_host_history,,history_first,1,False,8102,,97,px081_evidence_acquisition/RESULTS.json,8102,208094,0.695310505396591,,,,192193,170,0.0008845275322202161,Author benign flow labels,35,0.7714285714285715,0.7714285714285715,0.042789223454833596,8,3442,0.6748983149331784,0.9822777454968041,0.7561848958333334,61,,,,history_first,208094,1700,5081.0,170,8,1119,0,1.0,0.25,1.0,1.0,1.0,,,,,,,,,,,,,,
PX081-0098,PX081,UNRAVELED,wrong_host_history,,random,1,False,8102,,98,px081_evidence_acquisition/RESULTS.json,8102,208094,0.695310505396591,,,,192193,170,0.0008845275322202161,Author benign flow labels,35,0.7714285714285715,0.7714285714285715,0.042789223454833596,8,3442,0.6748983149331784,0.9822777454968041,0.7561848958333334,61,,,,random,208094,1700,5081.0,170,8,1119,0,1.0,0.25,1.0,1.0,1.0,,,,,,,,,,,,,,
PX081-0099,PX081,UNRAVELED,wrong_host_history,,entropy,1,False,8102,,99,px081_evidence_acquisition/RESULTS.json,8102,208094,0.6954470890471685,,,,192193,171,0.0008897306353509233,Author benign flow labels,35,0.7714285714285715,0.7714285714285715,0.04285714285714286,8,3442,0.6748983149331784,0.9816966879721092,0.7566775244299674,63,,,,entropy,208094,1700,5081.0,171,8,1119,0,0.7653945088386536,0.1913486272096634,0.7653944851845801,0.7653944851845801,0.7653944851845801,,,,,,,,,,,,,,
PX081-0100,PX081,UNRAVELED,wrong_host_history,,harm,1,False,8102,,100,px081_evidence_acquisition/RESULTS.json,8102,208094,0.7531554811925733,,,,192193,158,0.0008220902946517302,Author benign flow labels,35,0.7714285714285715,0.7714285714285715,0.27692307692307694,8,3442,0.6748983149331784,0.6760604299825683,0.7563079928373758,1115,,,,harm,208094,1691,5072.0,158,8,1119,0,0.9436408281326294,0.23591020703315735,0.9436408546137803,0.9436408546137803,0.9436408546137803,,,,,,,,,,,,,,
PX081-0101,PX081,UNRAVELED,wrong_host_history,,none,2,False,8102,,101,px081_evidence_acquisition/RESULTS.json,8102,208094,0.7546027544278117,,,,192193,158,0.0008220902946517302,Author benign flow labels,35,0.7714285714285715,0.7714285714285715,0.28272251308900526,8,3442,0.6748983149331784,0.6748983149331784,0.7563079928373758,1119,,,,none,208094,1691,5072.0,158,8,1119,0,0.0,0.0,0.0,0.0,0.0,,,,,,,,,,,,,,
PX081-0102,PX081,UNRAVELED,wrong_host_history,,roles_first,2,False,8102,,102,px081_evidence_acquisition/RESULTS.json,8102,208094,0.695310505396591,,,,192193,170,0.0008845275322202161,Author benign flow labels,35,0.7714285714285715,0.7714285714285715,0.042789223454833596,8,3442,0.6748983149331784,0.9822777454968041,0.7561848958333334,61,,,,roles_first,208094,1700,5081.0,170,8,1119,0,1.0,0.25,1.0,1.0,1.0,,,,,,,,,,,,,,
PX081-0103,PX081,UNRAVELED,wrong_host_history,,history_first,2,False,8102,,103,px081_evidence_acquisition/RESULTS.json,8102,208094,0.5126400461435442,,,,192193,111,0.0005775444475084941,Author benign flow labels,35,0.7142857142857143,0.7142857142857143,0.29239766081871343,10,3442,0.6693782684485764,0.6693782684485764,0.7678720213297784,1138,,,,history_first,208094,13534,16978.0,111,10,1138,0,2.0,0.75,1.0,1.0,1.0,,,,,,,,,,,,,,
PX081-0104,PX081,UNRAVELED,wrong_host_history,,random,2,False,8102,,104,px081_evidence_acquisition/RESULTS.json,8102,208094,0.6196646238501007,,,,192193,141,0.0007336375414297087,Author benign flow labels,35,0.7428571428571429,0.7428571428571429,0.07407407407407407,9,3442,0.6722835560720511,0.821615339918652,0.7613094258924166,614,,,,random,208094,7572,10983.0,141,9,1128,0,1.4998942613601685,0.49994713068008423,1.0,1.0,1.0,,,,,,,,,,,,,,
PX081-0105,PX081,UNRAVELED,wrong_host_history,,entropy,2,False,8102,,105,px081_evidence_acquisition/RESULTS.json,8102,208094,0.5279245953833817,,,,192193,111,0.0005775444475084941,Author benign flow labels,35,0.7142857142857143,0.7142857142857143,0.040983606557377046,10,3442,0.6708309122603138,0.9755955839628123,0.7686418109187749,84,,,,entropy,208094,11247,14676.0,111,10,1133,0,0.8651522994041443,0.23059290647506714,0.8079329533768393,0.8079329533768393,0.8079329533768392,,,,,,,,,,,,,,
PX081-0106,PX081,UNRAVELED,wrong_host_history,,harm,2,False,8102,,106,px081_evidence_acquisition/RESULTS.json,8102,208094,0.6187170705782516,,,,192193,132,0.0006868096132533443,Author benign flow labels,35,0.7142857142857143,0.7142857142857143,0.2857142857142857,10,3442,0.6702498547356188,0.6708309122603138,0.764920424403183,1133,,,,harm,208094,10101,13536.0,132,10,1135,0,1.0671043395996094,0.2855440378189087,0.9920324468749699,0.9920324468749699,0.99203244687497,,,,,,,,,,,,,,
PX081-0107,PX081,UNRAVELED,wrong_host_history,,none,3,False,8102,,107,px081_evidence_acquisition/RESULTS.json,8102,208094,0.7546027544278117,,,,192193,158,0.0008220902946517302,Author benign flow labels,35,0.7714285714285715,0.7714285714285715,0.28272251308900526,8,3442,0.6748983149331784,0.6748983149331784,0.7563079928373758,1119,,,,none,208094,1691,5072.0,158,8,1119,0,0.0,0.0,0.0,0.0,0.0,,,,,,,,,,,,,,
PX081-0108,PX081,UNRAVELED,wrong_host_history,,roles_first,3,False,8102,,108,px081_evidence_acquisition/RESULTS.json,8102,208094,0.5803624441601669,,,,192193,157,0.0008168871915210232,Author benign flow labels,35,0.9142857142857143,0.9142857142857143,0.04942084942084942,3,3442,0.6699593259732713,0.9811156304474143,0.7649693149776082,65,,,,roles_first,208094,9272,12689.0,157,3,1136,0,3.0,1.0,1.0,2.0,2.0,,,,,,,,,,,,,,
PX081-0109,PX081,UNRAVELED,wrong_host_history,,history_first,3,False,8102,,109,px081_evidence_acquisition/RESULTS.json,8102,208094,0.5803624441601669,,,,192193,157,0.0008168871915210232,Author benign flow labels,35,0.9142857142857143,0.9142857142857143,0.04942084942084942,3,3442,0.6699593259732713,0.9811156304474143,0.7649693149776082,65,,,,history_first,208094,9272,12689.0,157,3,1136,0,3.0,1.0,1.0,2.0,2.0,,,,,,,,,,,,,,
PX081-0110,PX081,UNRAVELED,wrong_host_history,,random,3,False,8102,,110,px081_evidence_acquisition/RESULTS.json,8102,208094,0.5803624441601669,,,,192193,157,0.0008168871915210232,Author benign flow labels,35,0.9142857142857143,0.9142857142857143,0.04942084942084942,3,3442,0.6699593259732713,0.9811156304474143,0.7649693149776082,65,,,,random,208094,9272,12689.0,157,3,1136,0,3.0,1.0,1.0,2.0,2.0,,,,,,,,,,,,,,
PX081-0111,PX081,UNRAVELED,wrong_host_history,,entropy,3,False,8102,,111,px081_evidence_acquisition/RESULTS.json,8102,208094,0.6116947813046447,,,,192193,150,0.000780465469606073,Author benign flow labels,35,0.8285714285714286,0.8285714285714285,0.04549019607843137,6,3442,0.6714119697850087,0.979662986635677,0.7675190966456327,70,,,,entropy,208094,7727,11138.0,150,6,1131,0,2.1428585052490234,0.7028854489326477,0.8079329533768393,1.474175132392092,1.474175132392092,,,,,,,,,,,,,,
PX081-0112,PX081,UNRAVELED,wrong_host_history,,harm,3,False,8102,,112,px081_evidence_acquisition/RESULTS.json,8102,208094,0.5838753084310202,,,,192193,175,0.0009105430478737519,Author benign flow labels,35,0.9142857142857143,0.9142857142857143,0.049573973663826494,3,3442,0.6699593259732713,0.9802440441603719,0.7615587846763541,68,,,,harm,208094,9093,12510.0,175,3,1136,0,2.951122999191284,0.983006477355957,0.9920324468749699,1.9702201889530693,1.9702201889530693,,,,,,,,,,,,,,
PX081-0113,PX081,UNRAVELED,wrong_host_history,,full_context_reference,,True,8102,,113,px081_evidence_acquisition/RESULTS.json,8102,208094,0.5803624441601669,,,,192193,157,0.0008168871915210232,Author benign flow labels,35,0.9142857142857143,0.9142857142857143,0.04942084942084942,3,3442,0.6699593259732713,0.9811156304474143,0.7649693149776082,65,,,,full_context_reference,208094,9272,12689.0,157,3,1136,0,3.0,0.0,1.0,2.0,2.0,,,,,,,,,,,,,,
PX081-0114,PX081,UNRAVELED,clean,,none,1,False,8103,,114,px081_evidence_acquisition/RESULTS.json,8103,208094,0.7502442376421888,,,,192193,167,0.0008689182228280947,Author benign flow labels,35,0.7714285714285715,0.7714285714285715,0.2634146341463415,8,3442,0.6754793724578734,0.6754793724578734,0.756959140485105,1117,,,,none,208094,1682,5057.0,167,8,1117,0,0.0,0.0,0.0,0.0,0.0,,,,,,,,,,,,,,
PX081-0115,PX081,UNRAVELED,clean,,roles_first,1,False,8103,,115,px081_evidence_acquisition/RESULTS.json,8103,208094,0.7486182908911138,,,,192193,183,0.0009521678729194091,Author benign flow labels,35,0.8857142857142857,0.8857142857142857,0.256198347107438,4,3442,0.6754793724578734,0.6804183614177803,0.7576992015642823,1100,,,,roles_first,208094,1692,5055.0,183,4,1117,0,1.0,0.25,1.0,1.0,1.0,,,,,,,,,,,,,,
PX081-0116,PX081,UNRAVELED,clean,,history_first,1,False,8103,,116,px081_evidence_acquisition/RESULTS.json,8103,208094,0.7486182908911138,,,,192193,183,0.0009521678729194091,Author benign flow labels,35,0.8857142857142857,0.8857142857142857,0.256198347107438,4,3442,0.6754793724578734,0.6804183614177803,0.7576992015642823,1100,,,,history_first,208094,1692,5055.0,183,4,1117,0,1.0,0.25,1.0,1.0,1.0,,,,,,,,,,,,,,
PX081-0117,PX081,UNRAVELED,clean,,random,1,False,8103,,117,px081_evidence_acquisition/RESULTS.json,8103,208094,0.7486182908911138,,,,192193,183,0.0009521678729194091,Author benign flow labels,35,0.8857142857142857,0.8857142857142857,0.256198347107438,4,3442,0.6754793724578734,0.6804183614177803,0.7576992015642823,1100,,,,random,208094,1692,5055.0,183,4,1117,0,1.0,0.25,1.0,1.0,1.0,,,,,,,,,,,,,,
PX081-0118,PX081,UNRAVELED,clean,,entropy,1,False,8103,,118,px081_evidence_acquisition/RESULTS.json,8103,208094,0.7505216252589214,,,,192193,183,0.0009521678729194091,Author benign flow labels,35,0.8857142857142857,0.8857142857142857,0.26382978723404255,4,3442,0.6754793724578734,0.6783846600813481,0.7576992015642823,1107,,,,entropy,208094,1692,5055.0,183,4,1117,0,0.9589752554893494,0.23974381387233734,0.9589752707910848,0.9589752707910848,0.9589752707910848,,,,,,,,,,,,,,
PX081-0119,PX081,UNRAVELED,clean,,harm,1,False,8103,,119,px081_evidence_acquisition/RESULTS.json,8103,208094,0.7474448355498421,,,,192193,167,0.0008689182228280947,Author benign flow labels,35,0.7714285714285715,0.7714285714285715,0.25116279069767444,8,3442,0.6754793724578734,0.6783846600813481,0.7578226857887875,1107,,,,harm,208094,1677,5052.0,167,8,1117,0,0.05621017515659332,0.01405254378914833,0.05621017424817631,0.05621017424817631,0.05621017424817631,,,,,,,,,,,,,,
PX081-0120,PX081,UNRAVELED,clean,,none,2,False,8103,,120,px081_evidence_acquisition/RESULTS.json,8103,208094,0.7502442376421888,,,,192193,167,0.0008689182228280947,Author benign flow labels,35,0.7714285714285715,0.7714285714285715,0.2634146341463415,8,3442,0.6754793724578734,0.6754793724578734,0.756959140485105,1117,,,,none,208094,1682,5057.0,167,8,1117,0,0.0,0.0,0.0,0.0,0.0,,,,,,,,,,,,,,
PX081-0121,PX081,UNRAVELED,clean,,roles_first,2,False,8103,,121,px081_evidence_acquisition/RESULTS.json,8103,208094,0.7486182908911138,,,,192193,183,0.0009521678729194091,Author benign flow labels,35,0.8857142857142857,0.8857142857142857,0.256198347107438,4,3442,0.6754793724578734,0.6804183614177803,0.7576992015642823,1100,,,,roles_first,208094,1692,5055.0,183,4,1117,0,1.0,0.25,1.0,1.0,1.0,,,,,,,,,,,,,,
PX081-0122,PX081,UNRAVELED,clean,,history_first,2,False,8103,,122,px081_evidence_acquisition/RESULTS.json,8103,208094,0.7671530730391044,,,,192193,54,0.0002809675690581863,Author benign flow labels,35,0.4857142857142857,0.48571428571428577,0.3238095238095238,18,3442,0.6708309122603138,0.6714119697850087,0.763305785123967,1131,,,,history_first,208094,1575,5028.0,54,18,1133,0,2.0,0.75,1.0,1.0,1.0,,,,,,,,,,,,,,
PX081-0123,PX081,UNRAVELED,clean,,random,2,False,8103,,123,px081_evidence_acquisition/RESULTS.json,8103,208094,0.7553048218073664,,,,192193,126,0.0006555909944691014,Author benign flow labels,35,0.7142857142857143,0.7142857142857143,0.27932960893854747,10,3442,0.674026728646136,0.6766414875072633,0.7611548556430446,1113,,,,random,208094,1643,5039.0,126,10,1122,0,1.5004901885986328,0.5002450942993164,1.0,1.0,1.0,,,,,,,,,,,,,,
PX081-0124,PX081,UNRAVELED,clean,,entropy,2,False,8103,,124,px081_evidence_acquisition/RESULTS.json,8103,208094,0.762381193425693,,,,192193,93,0.0004838885911557653,Author benign flow labels,35,0.6571428571428571,0.6571428571428571,0.304635761589404,12,3442,0.6722835560720511,0.6731551423590936,0.7634444077862091,1125,,,,entropy,208094,1603,5023.0,93,12,1128,0,1.1223196983337402,0.31470513343811035,0.9858189087623862,0.9858189087623862,0.9858189087623862,,,,,,,,,,,,,,
PX081-0125,PX081,UNRAVELED,clean,,harm,2,False,8103,,125,px081_evidence_acquisition/RESULTS.json,8103,208094,0.7607058717545544,,,,192193,87,0.0004526699723715224,Author benign flow labels,35,0.6,0.6,0.2978723404255319,14,3442,0.6725740848343986,0.6731551423590936,0.7632706890867128,1125,,,,harm,208094,1593,5016.0,87,14,1127,0,0.0805453285574913,0.023388469591736794,0.06753678626005555,0.06753678626005555,0.06753678626005555,,,,,,,,,,,,,,
PX081-0126,PX081,UNRAVELED,clean,,none,3,False,8103,,126,px081_evidence_acquisition/RESULTS.json,8103,208094,0.7502442376421888,,,,192193,167,0.0008689182228280947,Author benign flow labels,35,0.7714285714285715,0.7714285714285715,0.2634146341463415,8,3442,0.6754793724578734,0.6754793724578734,0.756959140485105,1117,,,,none,208094,1682,5057.0,167,8,1117,0,0.0,0.0,0.0,0.0,0.0,,,,,,,,,,,,,,
PX081-0127,PX081,UNRAVELED,clean,,roles_first,3,False,8103,,127,px081_evidence_acquisition/RESULTS.json,8103,208094,0.7469976146735249,,,,192193,67,0.0003486079097573793,Author benign flow labels,35,0.4857142857142857,0.48571428571428577,0.24285714285714285,18,3442,0.6714119697850087,0.6783846600813481,0.7633360858794385,1107,,,,roles_first,208094,1580,5027.0,67,18,1131,0,3.0,1.0,1.0,2.0,2.0,,,,,,,,,,,,,,
PX081-0128,PX081,UNRAVELED,clean,,history_first,3,False,8103,,128,px081_evidence_acquisition/RESULTS.json,8103,208094,0.7469976146735249,,,,192193,67,0.0003486079097573793,Author benign flow labels,35,0.4857142857142857,0.48571428571428577,0.24285714285714285,18,3442,0.6714119697850087,0.6783846600813481,0.7633360858794385,1107,,,,history_first,208094,1580,5027.0,67,18,1131,0,3.0,1.0,1.0,2.0,2.0,,,,,,,,,,,,,,
PX081-0129,PX081,UNRAVELED,clean,,random,3,False,8103,,129,px081_evidence_acquisition/RESULTS.json,8103,208094,0.7469976146735249,,,,192193,67,0.0003486079097573793,Author benign flow labels,35,0.4857142857142857,0.48571428571428577,0.24285714285714285,18,3442,0.6714119697850087,0.6783846600813481,0.7633360858794385,1107,,,,random,208094,1580,5027.0,67,18,1131,0,3.0,1.0,1.0,2.0,2.0,,,,,,,,,,,,,,
PX081-0130,PX081,UNRAVELED,clean,,entropy,3,False,8103,,130,px081_evidence_acquisition/RESULTS.json,8103,208094,0.7474037108517193,,,,192193,67,0.0003486079097573793,Author benign flow labels,35,0.4857142857142857,0.48571428571428577,0.2446043165467626,18,3442,0.6722835560720511,0.6789657176060431,0.7631926121372031,1105,,,,entropy,208094,1577,5015.0,67,18,1128,0,2.80554461479187,0.9378862380981445,0.9858189087623862,1.8595442444279988,1.8595442444279988,,,,,,,,,,,,,,
PX081-0131,PX081,UNRAVELED,clean,,harm,3,False,8103,,131,px081_evidence_acquisition/RESULTS.json,8103,208094,0.7611885802184151,,,,192193,68,0.0003538110128880865,Author benign flow labels,35,0.5142857142857142,0.5142857142857142,0.3,17,3442,0.6717024985473562,0.6725740848343986,0.7629104108232965,1127,,,,harm,208094,1577,5018.0,68,17,1130,0,0.16564629971981049,0.055084481835365295,0.06753678626005555,0.11095466471882899,0.11095466471882899,,,,,,,,,,,,,,
PX081-0132,PX081,UNRAVELED,clean,,full_context_reference,,True,8103,,132,px081_evidence_acquisition/RESULTS.json,8103,208094,0.7469976146735249,,,,192193,67,0.0003486079097573793,Author benign flow labels,35,0.4857142857142857,0.48571428571428577,0.24285714285714285,18,3442,0.6714119697850087,0.6783846600813481,0.7633360858794385,1107,,,,full_context_reference,208094,1580,5027.0,67,18,1131,0,3.0,0.0,1.0,2.0,2.0,,,,,,,,,,,,,,
PX081-0133,PX081,UNRAVELED,delayed_unavailable,,none,1,False,8103,,133,px081_evidence_acquisition/RESULTS.json,8103,208094,0.7502442376421888,,,,192193,167,0.0008689182228280947,Author benign flow labels,35,0.7714285714285715,0.7714285714285715,0.2634146341463415,8,3442,0.6754793724578734,0.6754793724578734,0.756959140485105,1117,,,,none,208094,1682,5057.0,167,8,1117,0,0.0,0.0,0.0,0.0,0.0,,,,,,,,,,,,,,
PX081-0134,PX081,UNRAVELED,delayed_unavailable,,roles_first,1,False,8103,,134,px081_evidence_acquisition/RESULTS.json,8103,208094,0.7507644699323205,,,,192193,176,0.0009157461510044591,Author benign flow labels,35,0.8571428571428571,0.8571428571428572,0.26548672566371684,5,3442,0.6754793724578734,0.6780941313190005,0.7570823835884077,1108,,,,roles_first,208094,1689,5055.0,176,5,1117,0,1.0,0.6003080606460571,1.0,1.0,0.6787173104462406,,,,,,,,,,,,,,
PX081-0135,PX081,UNRAVELED,delayed_unavailable,,history_first,1,False,8103,,135,px081_evidence_acquisition/RESULTS.json,8103,208094,0.7507644699323205,,,,192193,176,0.0009157461510044591,Author benign flow labels,35,0.8571428571428571,0.8571428571428572,0.26548672566371684,5,3442,0.6754793724578734,0.6780941313190005,0.7570823835884077,1108,,,,history_first,208094,1689,5055.0,176,5,1117,0,1.0,0.6003080606460571,1.0,1.0,0.6787173104462406,,,,,,,,,,,,,,
PX081-0136,PX081,UNRAVELED,delayed_unavailable,,random,1,False,8103,,136,px081_evidence_acquisition/RESULTS.json,8103,208094,0.7507644699323205,,,,192193,176,0.0009157461510044591,Author benign flow labels,35,0.8571428571428571,0.8571428571428572,0.26548672566371684,5,3442,0.6754793724578734,0.6780941313190005,0.7570823835884077,1108,,,,random,208094,1689,5055.0,176,5,1117,0,1.0,0.6003080606460571,1.0,1.0,0.6787173104462406,,,,,,,,,,,,,,
PX081-0137,PX081,UNRAVELED,delayed_unavailable,,entropy,1,False,8103,,137,px081_evidence_acquisition/RESULTS.json,8103,208094,0.7516554229973577,,,,192193,176,0.0009157461510044591,Author benign flow labels,35,0.8571428571428571,0.8571428571428572,0.26905829596412556,5,3442,0.6754793724578734,0.6772225450319582,0.7570823835884077,1111,,,,entropy,208094,1689,5055.0,176,5,1117,0,0.9589752554893494,0.5755175352096558,0.9589752707910848,0.9589752707910848,0.6511384278258864,,,,,,,,,,,,,,
PX081-0138,PX081,UNRAVELED,delayed_unavailable,,harm,1,False,8103,,138,px081_evidence_acquisition/RESULTS.json,8103,208094,0.7484786723279241,,,,192193,167,0.0008689182228280947,Author benign flow labels,35,0.7714285714285715,0.7714285714285715,0.2559241706161137,8,3442,0.6754793724578734,0.6772225450319582,0.757328990228013,1111,,,,harm,208094,1680,5055.0,167,8,1117,0,0.05621017515659332,0.034139618277549744,0.05621017424817631,0.05621017424817631,0.037881918748258,,,,,,,,,,,,,,
PX081-0139,PX081,UNRAVELED,delayed_unavailable,,none,2,False,8103,,139,px081_evidence_acquisition/RESULTS.json,8103,208094,0.7502442376421888,,,,192193,167,0.0008689182228280947,Author benign flow labels,35,0.7714285714285715,0.7714285714285715,0.2634146341463415,8,3442,0.6754793724578734,0.6754793724578734,0.756959140485105,1117,,,,none,208094,1682,5057.0,167,8,1117,0,0.0,0.0,0.0,0.0,0.0,,,,,,,,,,,,,,
PX081-0140,PX081,UNRAVELED,delayed_unavailable,,roles_first,2,False,8103,,140,px081_evidence_acquisition/RESULTS.json,8103,208094,0.7507644699323205,,,,192193,176,0.0009157461510044591,Author benign flow labels,35,0.8571428571428571,0.8571428571428572,0.26548672566371684,5,3442,0.6754793724578734,0.6780941313190005,0.7570823835884077,1108,,,,roles_first,208094,1689,5055.0,176,5,1117,0,1.0,0.6003080606460571,1.0,1.0,0.6787173104462406,,,,,,,,,,,,,,
PX081-0141,PX081,UNRAVELED,delayed_unavailable,,history_first,2,False,8103,,141,px081_evidence_acquisition/RESULTS.json,8103,208094,0.7533999859017952,,,,192193,126,0.0006555909944691014,Author benign flow labels,35,0.6571428571428571,0.6571428571428571,0.27380952380952384,12,3442,0.6737361998837885,0.6740267286461359,0.7588350785340314,1122,,,,history_first,208094,1643,5048.0,126,12,1123,0,2.0,1.1005531549453735,1.0,1.0,0.38858400530529474,,,,,,,,,,,,,,
PX081-0142,PX081,UNRAVELED,delayed_unavailable,,random,2,False,8103,,142,px081_evidence_acquisition/RESULTS.json,8103,208094,0.7499180412043073,,,,192193,158,0.0008220902946517302,Author benign flow labels,35,0.7428571428571429,0.7428571428571429,0.26,9,3442,0.6754793724578734,0.6763509587449157,0.7590597453476984,1114,,,,random,208094,1671,5049.0,158,9,1117,0,1.5004901885986328,0.8514397144317627,1.0,1.0,0.5328553442194393,,,,,,,,,,,,,,
PX081-0143,PX081,UNRAVELED,delayed_unavailable,,entropy,2,False,8103,,143,px081_evidence_acquisition/RESULTS.json,8103,208094,0.7567443317343168,,,,192193,147,0.0007648561602139517,Author benign flow labels,35,0.8,0.8,0.28717948717948716,7,3442,0.6743172574084835,0.6748983149331784,0.7588687264999182,1119,,,,entropy,208094,1657,5041.0,147,7,1121,0,1.1217670440673828,0.6594435572624207,0.9858189087623862,0.9858189087623862,0.6298980268532489,,,,,,,,,,,,,,
PX081-0144,PX081,UNRAVELED,delayed_unavailable,,harm,2,False,8103,,144,px081_evidence_acquisition/RESULTS.json,8103,208094,0.755284716595747,,,,192193,140,0.0007284344382990015,Author benign flow labels,35,0.7428571428571429,0.7428571428571429,0.2810810810810811,9,3442,0.6743172574084835,0.6746077861708308,0.7591169255928045,1120,,,,harm,208094,1651,5041.0,140,9,1121,0,0.08043961226940155,0.047413669526576996,0.06753678626005555,0.06753678626005555,0.041841667707862795,,,,,,,,,,,,,,
PX081-0145,PX081,UNRAVELED,delayed_unavailable,,none,3,False,8103,,145,px081_evidence_acquisition/RESULTS.json,8103,208094,0.7502442376421888,,,,192193,167,0.0008689182228280947,Author benign flow labels,35,0.7714285714285715,0.7714285714285715,0.2634146341463415,8,3442,0.6754793724578734,0.6754793724578734,0.756959140485105,1117,,,,none,208094,1682,5057.0,167,8,1117,0,0.0,0.0,0.0,0.0,0.0,,,,,,,,,,,,,,
PX081-0146,PX081,UNRAVELED,delayed_unavailable,,roles_first,3,False,8103,,146,px081_evidence_acquisition/RESULTS.json,8103,208094,0.7499887239416956,,,,192193,156,0.000811684088390316,Author benign flow labels,35,0.7714285714285715,0.7714285714285715,0.2608695652173913,8,3442,0.6748983149331784,0.6778036025566532,0.7584067907280444,1109,,,,roles_first,208094,1670,5051.0,156,8,1119,0,2.2012455463409424,1.2610671520233154,1.0,1.600622795467433,0.913044105067902,,,,,,,,,,,,,,
PX081-0147,PX081,UNRAVELED,delayed_unavailable,,history_first,3,False,8103,,147,px081_evidence_acquisition/RESULTS.json,8103,208094,0.7543826579166149,,,,192193,132,0.0006868096132533443,Author benign flow labels,35,0.7142857142857143,0.7142857142857143,0.2777777777777778,10,3442,0.674026728646136,0.6754793724578734,0.758789860997547,1117,,,,history_first,208094,1646,5042.0,132,10,1122,0,2.599113941192627,1.4599363803863525,1.0,1.599113862004671,0.6771026555306736,,,,,,,,,,,,,,
PX081-0148,PX081,UNRAVELED,delayed_unavailable,,random,3,False,8103,,148,px081_evidence_acquisition/RESULTS.json,8103,208094,0.7502328583897442,,,,192193,150,0.000780465469606073,Author benign flow labels,35,0.7428571428571429,0.7428571428571429,0.2613065326633166,9,3442,0.674607786170831,0.6766414875072633,0.7589475404477856,1113,,,,random,208094,1665,5052.0,150,9,1120,0,2.3985555171966553,1.3595694303512573,1.0,1.5985420050554076,0.7942948859649965,,,,,,,,,,,,,,
PX081-0149,PX081,UNRAVELED,delayed_unavailable,,entropy,3,False,8103,,149,px081_evidence_acquisition/RESULTS.json,8103,208094,0.7533347086277403,,,,192193,141,0.0007336375414297087,Author benign flow labels,35,0.7428571428571429,0.7428571428571429,0.2736842105263158,9,3442,0.674026728646136,0.6754793724578734,0.7586657946370177,1117,,,,entropy,208094,1653,5046.0,141,9,1122,0,2.139345645904541,1.222179651260376,0.9858189087623862,1.5187703633934664,0.8416100416158082,,,,,,,,,,,,,,
PX081-0150,PX081,UNRAVELED,delayed_unavailable,,harm,3,False,8103,,150,px081_evidence_acquisition/RESULTS.json,8103,208094,0.7548604792966576,,,,192193,135,0.0007024189226454658,Author benign flow labels,35,0.7142857142857143,0.7142857142857143,0.27932960893854747,10,3442,0.6743172574084835,0.6746077861708308,0.7591169255928045,1120,,,,harm,208094,1646,5039.0,135,10,1121,0,0.12222841382026672,0.07027353346347809,0.06753678626005555,0.08891174180899017,0.05036666122041,,,,,,,,,,,,,,
PX081-0151,PX081,UNRAVELED,delayed_unavailable,,full_context_reference,,True,8103,,151,px081_evidence_acquisition/RESULTS.json,8103,208094,0.7469976146735249,,,,192193,67,0.0003486079097573793,Author benign flow labels,35,0.4857142857142857,0.48571428571428577,0.24285714285714285,18,3442,0.6714119697850087,0.6783846600813481,0.7633360858794385,1107,,,,full_context_reference,208094,1580,5027.0,67,18,1131,0,3.0,0.0,1.0,2.0,2.0,,,,,,,,,,,,,,
PX081-0152,PX081,UNRAVELED,wrong_host_history,,none,1,False,8103,,152,px081_evidence_acquisition/RESULTS.json,8103,208094,0.7502442376421888,,,,192193,167,0.0008689182228280947,Author benign flow labels,35,0.7714285714285715,0.7714285714285715,0.2634146341463415,8,3442,0.6754793724578734,0.6754793724578734,0.756959140485105,1117,,,,none,208094,1682,5057.0,167,8,1117,0,0.0,0.0,0.0,0.0,0.0,,,,,,,,,,,,,,
PX081-0153,PX081,UNRAVELED,wrong_host_history,,roles_first,1,False,8103,,153,px081_evidence_acquisition/RESULTS.json,8103,208094,0.7486182908911138,,,,192193,183,0.0009521678729194091,Author benign flow labels,35,0.8857142857142857,0.8857142857142857,0.256198347107438,4,3442,0.6754793724578734,0.6804183614177803,0.7576992015642823,1100,,,,roles_first,208094,1692,5055.0,183,4,1117,0,1.0,0.25,1.0,1.0,1.0,,,,,,,,,,,,,,
PX081-0154,PX081,UNRAVELED,wrong_host_history,,history_first,1,False,8103,,154,px081_evidence_acquisition/RESULTS.json,8103,208094,0.7486182908911138,,,,192193,183,0.0009521678729194091,Author benign flow labels,35,0.8857142857142857,0.8857142857142857,0.256198347107438,4,3442,0.6754793724578734,0.6804183614177803,0.7576992015642823,1100,,,,history_first,208094,1692,5055.0,183,4,1117,0,1.0,0.25,1.0,1.0,1.0,,,,,,,,,,,,,,
PX081-0155,PX081,UNRAVELED,wrong_host_history,,random,1,False,8103,,155,px081_evidence_acquisition/RESULTS.json,8103,208094,0.7486182908911138,,,,192193,183,0.0009521678729194091,Author benign flow labels,35,0.8857142857142857,0.8857142857142857,0.256198347107438,4,3442,0.6754793724578734,0.6804183614177803,0.7576992015642823,1100,,,,random,208094,1692,5055.0,183,4,1117,0,1.0,0.25,1.0,1.0,1.0,,,,,,,,,,,,,,
PX081-0156,PX081,UNRAVELED,wrong_host_history,,entropy,1,False,8103,,156,px081_evidence_acquisition/RESULTS.json,8103,208094,0.7505216252589214,,,,192193,183,0.0009521678729194091,Author benign flow labels,35,0.8857142857142857,0.8857142857142857,0.26382978723404255,4,3442,0.6754793724578734,0.6783846600813481,0.7576992015642823,1107,,,,entropy,208094,1692,5055.0,183,4,1117,0,0.9589752554893494,0.23974381387233734,0.9589752707910848,0.9589752707910848,0.9589752707910848,,,,,,,,,,,,,,
PX081-0157,PX081,UNRAVELED,wrong_host_history,,harm,1,False,8103,,157,px081_evidence_acquisition/RESULTS.json,8103,208094,0.7474448355498421,,,,192193,167,0.0008689182228280947,Author benign flow labels,35,0.7714285714285715,0.7714285714285715,0.25116279069767444,8,3442,0.6754793724578734,0.6783846600813481,0.7578226857887875,1107,,,,harm,208094,1677,5052.0,167,8,1117,0,0.05621017515659332,0.01405254378914833,0.05621017424817631,0.05621017424817631,0.05621017424817631,,,,,,,,,,,,,,
PX081-0158,PX081,UNRAVELED,wrong_host_history,,none,2,False,8103,,158,px081_evidence_acquisition/RESULTS.json,8103,208094,0.7502442376421888,,,,192193,167,0.0008689182228280947,Author benign flow labels,35,0.7714285714285715,0.7714285714285715,0.2634146341463415,8,3442,0.6754793724578734,0.6754793724578734,0.756959140485105,1117,,,,none,208094,1682,5057.0,167,8,1117,0,0.0,0.0,0.0,0.0,0.0,,,,,,,,,,,,,,
PX081-0159,PX081,UNRAVELED,wrong_host_history,,roles_first,2,False,8103,,159,px081_evidence_acquisition/RESULTS.json,8103,208094,0.7486182908911138,,,,192193,183,0.0009521678729194091,Author benign flow labels,35,0.8857142857142857,0.8857142857142857,0.256198347107438,4,3442,0.6754793724578734,0.6804183614177803,0.7576992015642823,1100,,,,roles_first,208094,1692,5055.0,183,4,1117,0,1.0,0.25,1.0,1.0,1.0,,,,,,,,,,,,,,
PX081-0160,PX081,UNRAVELED,wrong_host_history,,history_first,2,False,8103,,160,px081_evidence_acquisition/RESULTS.json,8103,208094,0.439527642457733,,,,192193,0,0.0,Author benign flow labels,35,0.0,0.0,0.0,35,3442,0.6690877396862289,0.6690877396862289,0.7703629369459776,1139,,,,history_first,208094,13466,16988.0,0,35,1139,0,2.0,0.75,1.0,1.0,1.0,,,,,,,,,,,,,,
PX081-0161,PX081,UNRAVELED,wrong_host_history,,random,2,False,8103,,161,px081_evidence_acquisition/RESULTS.json,8103,208094,0.6562146770051873,,,,192193,101,0.0005255134162014225,Author benign flow labels,35,0.45714285714285713,0.4571428571428572,0.2206896551724138,19,3442,0.6731551423590936,0.6754793724578734,0.7644341801385681,1117,,,,random,208094,7572,11004.0,101,19,1125,0,1.5004901885986328,0.5002450942993164,1.0,1.0,1.0,,,,,,,,,,,,,,
PX081-0162,PX081,UNRAVELED,wrong_host_history,,entropy,2,False,8103,,162,px081_evidence_acquisition/RESULTS.json,8103,208094,0.49192786982981834,,,,192193,49,0.0002549520534046505,Author benign flow labels,35,0.2857142857142857,0.2857142857142857,0.21052631578947367,25,3442,0.6714119697850087,0.6717024985473562,0.7693075898801598,1130,,,,entropy,208094,13496,16964.0,49,25,1131,0,1.1223196983337402,0.31470513343811035,0.9858189087623862,0.9858189087623862,0.9858189087623862,,,,,,,,,,,,,,
PX081-0163,PX081,UNRAVELED,wrong_host_history,,harm,2,False,8103,,163,px081_evidence_acquisition/RESULTS.json,8103,208094,0.7283834353903019,,,,192193,49,0.0002549520534046505,Author benign flow labels,35,0.22857142857142856,0.22857142857142854,0.17582417582417584,27,3442,0.6711214410226612,0.6714119697850087,0.7682075157964748,1131,,,,harm,208094,1846,5323.0,49,27,1132,0,0.0805453285574913,0.023388469591736794,0.06753678626005555,0.06753678626005555,0.06753678626005555,,,,,,,,,,,,,,
PX081-0164,PX081,UNRAVELED,wrong_host_history,,none,3,False,8103,,164,px081_evidence_acquisition/RESULTS.json,8103,208094,0.7502442376421888,,,,192193,167,0.0008689182228280947,Author benign flow labels,35,0.7714285714285715,0.7714285714285715,0.2634146341463415,8,3442,0.6754793724578734,0.6754793724578734,0.756959140485105,1117,,,,none,208094,1682,5057.0,167,8,1117,0,0.0,0.0,0.0,0.0,0.0,,,,,,,,,,,,,,
PX081-0165,PX081,UNRAVELED,wrong_host_history,,roles_first,3,False,8103,,165,px081_evidence_acquisition/RESULTS.json,8103,208094,0.7093713641778587,,,,192193,30,0.0001560930939212146,Author benign flow labels,35,0.11428571428571428,0.11428571428571432,0.1111111111111111,31,3442,0.6696687972109239,0.6705403834979663,0.7705164633127194,1134,,,,roles_first,208094,2136,5640.0,30,31,1137,0,3.0,1.0,1.0,2.0,2.0,,,,,,,,,,,,,,
PX081-0166,PX081,UNRAVELED,wrong_host_history,,history_first,3,False,8103,,166,px081_evidence_acquisition/RESULTS.json,8103,208094,0.7093713641778587,,,,192193,30,0.0001560930939212146,Author benign flow labels,35,0.11428571428571428,0.11428571428571432,0.1111111111111111,31,3442,0.6696687972109239,0.6705403834979663,0.7705164633127194,1134,,,,history_first,208094,2136,5640.0,30,31,1137,0,3.0,1.0,1.0,2.0,2.0,,,,,,,,,,,,,,
PX081-0167,PX081,UNRAVELED,wrong_host_history,,random,3,False,8103,,167,px081_evidence_acquisition/RESULTS.json,8103,208094,0.7093713641778587,,,,192193,30,0.0001560930939212146,Author benign flow labels,35,0.11428571428571428,0.11428571428571432,0.1111111111111111,31,3442,0.6696687972109239,0.6705403834979663,0.7705164633127194,1134,,,,random,208094,2136,5640.0,30,31,1137,0,3.0,1.0,1.0,2.0,2.0,,,,,,,,,,,,,,
PX081-0168,PX081,UNRAVELED,wrong_host_history,,entropy,3,False,8103,,168,px081_evidence_acquisition/RESULTS.json,8103,208094,0.7090225358490782,,,,192193,30,0.0001560930939212146,Author benign flow labels,35,0.11428571428571428,0.11428571428571432,0.1111111111111111,31,3442,0.6714119697850087,0.6722835560720511,0.7690515806988353,1128,,,,entropy,208094,2130,5616.0,30,31,1131,0,2.8081588745117188,0.9385398030281067,0.9858189087623862,1.8621584476246311,1.8621584476246311,,,,,,,,,,,,,,
PX081-0169,PX081,UNRAVELED,wrong_host_history,,harm,3,False,8103,,169,px081_evidence_acquisition/RESULTS.json,8103,208094,0.7140263190748842,,,,192193,29,0.00015088999079050747,Author benign flow labels,35,0.11428571428571428,0.11428571428571432,0.11940298507462686,31,3442,0.6702498547356188,0.6702498547356188,0.7683597002497918,1135,,,,harm,208094,1860,5358.0,29,31,1135,0,0.16460829973220825,0.05482498183846474,0.06753678626005555,0.10991667227310735,0.10991667227310735,,,,,,,,,,,,,,
PX081-0170,PX081,UNRAVELED,wrong_host_history,,full_context_reference,,True,8103,,170,px081_evidence_acquisition/RESULTS.json,8103,208094,0.7093713641778587,,,,192193,30,0.0001560930939212146,Author benign flow labels,35,0.11428571428571428,0.11428571428571432,0.1111111111111111,31,3442,0.6696687972109239,0.6705403834979663,0.7705164633127194,1134,,,,full_context_reference,208094,2136,5640.0,30,31,1137,0,3.0,0.0,1.0,2.0,2.0,,,,,,,,,,,,,,
PX082-0000,PX082,UNRAVELED,unperturbed,current,past_only_anchor,,False,20260923,,0,px082_temporal_audit/METRICS.json,20260923,104051,0.7312081919799358,,24,0.2222222222222222,96098,24,0.0002497450519261587,Author benign flow labels,18,0.2222222222222222,0.2222222222222222,0.18604651162790697,14,1722,0.6718931475029036,0.6718931475029035,0.7579430068784802,565,,,,,,,,,,,,,,,,,8.290823199902661,0.0002497450519261587,0,0,True,,,,,,,,,
PX082-0001,PX082,UNRAVELED,unperturbed,current,time_mixed_anchor,,False,20260923,,1,px082_temporal_audit/METRICS.json,20260923,104051,0.806383304694752,,65,0.7222222222222222,96098,65,0.0006763928489666799,Author benign flow labels,18,0.7222222222222222,0.7222222222222222,0.2765957446808511,5,1722,0.9872241579558653,0.9930313588850174,0.96045197740113,12,,,,,,,,,,,,,,,,,10.319677000050433,0.0006763928489666799,0,9999,False,,,,,,,,,
PX082-0002,PX082,UNRAVELED,unperturbed,current,conventional_random,,False,20260923,,2,px082_temporal_audit/METRICS.json,20260923,210226,0.8155910885222954,,76,0.5588235294117647,191515,76,0.0003968357569903141,Author benign flow labels,34,0.5588235294117647,0.5588235294117647,0.3392857142857143,15,3582,0.9232272473478503,0.9974874371859297,0.9385554136511991,9,,,,,,,,,,,,,,,,,14.707815199973993,0.0003968357569903141,85532,26760,False,,,,,,,,,
PX082-0003,PX082,UNRAVELED,unperturbed,current_history,past_only_anchor,,False,20260923,,3,px082_temporal_audit/METRICS.json,20260923,104051,0.7610362433523794,,17,0.3333333333333333,96098,17,0.00017690274511436243,Author benign flow labels,18,0.3333333333333333,0.33333333333333337,0.2926829268292683,12,1722,0.6655052264808362,0.6678281068524972,0.7683540060341938,572,,,,,,,,,,,,,,,,,8.66000749997329,0.00017690274511436243,0,0,True,,,,,,,,,
PX082-0004,PX082,UNRAVELED,unperturbed,current_history,time_mixed_anchor,,False,20260923,,4,px082_temporal_audit/METRICS.json,20260923,104051,0.794258867847192,,51,0.6666666666666666,96098,51,0.0005307082353430873,Author benign flow labels,18,0.6666666666666666,0.6666666666666667,0.3,6,1722,0.7932636469221835,0.794425087108014,0.880722114764668,354,,,,,,,,,,,,,,,,,13.20812379999552,0.0005307082353430873,0,9999,False,,,,,,,,,
PX082-0005,PX082,UNRAVELED,unperturbed,current_history,conventional_random,,False,20260923,,5,px082_temporal_audit/METRICS.json,20260923,210226,0.8646303233694052,,38,0.6470588235294118,191515,38,0.00019841787849515704,Author benign flow labels,34,0.6470588235294118,0.6470588235294117,0.4888888888888889,12,3582,0.9776661083193746,0.9972082635399219,0.9756233458698983,10,,,,,,,,,,,,,,,,,22.993961500003934,0.00019841787849515704,85532,26760,False,,,,,,,,,
PX082-0006,PX082,UNRAVELED,unperturbed,current,past_only_anchor,,False,20260924,,6,px082_temporal_audit/METRICS.json,20260924,104051,0.7368385481942974,,16,0.2222222222222222,96098,16,0.00016649670128410582,Author benign flow labels,18,0.2222222222222222,0.2222222222222222,0.21052631578947367,14,1722,0.673054587688734,0.673054587688734,0.7565274151436031,563,,,,,,,,,,,,,,,,,10.902845700038597,0.00016649670128410582,0,0,True,,,,,,,,,
PX082-0007,PX082,UNRAVELED,unperturbed,current,time_mixed_anchor,,False,20260924,,7,px082_temporal_audit/METRICS.json,20260924,104051,0.8067864335390222,,51,0.6111111111111112,96098,51,0.0005307082353430873,Author benign flow labels,18,0.6111111111111112,0.6111111111111112,0.27848101265822783,7,1722,0.9854819976771196,0.9930313588850174,0.9601131541725602,12,,,,,,,,,,,,,,,,,7.40279510000255,0.0005307082353430873,0,10032,False,,,,,,,,,
PX082-0008,PX082,UNRAVELED,unperturbed,current,conventional_random,,False,20260924,,8,px082_temporal_audit/METRICS.json,20260924,210226,0.8012951274004093,,95,0.5588235294117647,191515,95,0.0004960446962378926,Author benign flow labels,34,0.5588235294117647,0.5588235294117647,0.2773722627737226,15,3582,0.9184812953657174,0.9974874371859297,0.9417489623586661,9,,,,,,,,,,,,,,,,,13.261515100020915,0.0004960446962378926,85120,26760,False,,,,,,,,,
PX082-0009,PX082,UNRAVELED,unperturbed,current_history,past_only_anchor,,False,20260924,,9,px082_temporal_audit/METRICS.json,20260924,104051,0.7476827386874901,,12,0.2222222222222222,96098,12,0.00012487252596307934,Author benign flow labels,18,0.2222222222222222,0.2222222222222222,0.24242424242424243,14,1722,0.6660859465737514,0.6695702671312427,0.7672240802675585,569,,,,,,,,,,,,,,,,,11.119539799983613,0.00012487252596307934,0,0,True,,,,,,,,,
PX082-0010,PX082,UNRAVELED,unperturbed,current_history,time_mixed_anchor,,False,20260924,,10,px082_temporal_audit/METRICS.json,20260924,104051,0.7774042103596384,,39,0.4444444444444444,96098,39,0.0004058357093800079,Author benign flow labels,18,0.4444444444444444,0.4444444444444444,0.25,10,1722,0.7613240418118467,0.7624854819976772,0.8630678077682686,409,,,,,,,,,,,,,,,,,12.489681600010954,0.0004058357093800079,0,10032,False,,,,,,,,,
PX082-0011,PX082,UNRAVELED,unperturbed,current_history,conventional_random,,False,20260924,,11,px082_temporal_audit/METRICS.json,20260924,210226,0.8451470572631403,,42,0.5588235294117647,191515,42,0.00021930397096833146,Author benign flow labels,34,0.5588235294117647,0.5588235294117647,0.40860215053763443,15,3582,0.9718034617532105,0.9980457844779452,0.9773971641162431,7,,,,,,,,,,,,,,,,,16.145275899907574,0.00021930397096833146,85120,26760,False,,,,,,,,,
PX082-0012,PX082,UNRAVELED,unperturbed,current,past_only_anchor,,False,20260925,,12,px082_temporal_audit/METRICS.json,20260925,104051,0.7413896799289614,,32,0.3333333333333333,96098,32,0.00033299340256821164,Author benign flow labels,18,0.3333333333333333,0.33333333333333337,0.23076923076923078,12,1722,0.6724738675958188,0.673054587688734,0.7548891786179922,563,,,,,,,,,,,,,,,,,6.839525100076571,0.00033299340256821164,0,0,True,,,,,,,,,
PX082-0013,PX082,UNRAVELED,unperturbed,current,time_mixed_anchor,,False,20260925,,13,px082_temporal_audit/METRICS.json,20260925,104051,0.7859756483115482,,150,0.5,96098,150,0.001560906574538492,Author benign flow labels,18,0.5,0.5,0.21951219512195122,9,1722,0.9889663182346109,0.9924506387921022,0.9362286970863112,13,,,,,,,,,,,,,,,,,9.078386800014414,0.001560906574538492,0,9999,False,,,,,,,,,
PX082-0014,PX082,UNRAVELED,unperturbed,current,conventional_random,,False,20260925,,14,px082_temporal_audit/METRICS.json,20260925,210226,0.8110951476436759,,81,0.6176470588235294,191515,81,0.0004229433725817821,Author benign flow labels,34,0.6176470588235294,0.6176470588235294,0.3181818181818182,13,3582,0.9226689000558347,0.9972082635399219,0.9407913464275548,10,,,,,,,,,,,,,,,,,15.207981000072323,0.0004229433725817821,85044,26760,False,,,,,,,,,
PX082-0015,PX082,UNRAVELED,unperturbed,current_history,past_only_anchor,,False,20260925,,15,px082_temporal_audit/METRICS.json,20260925,104051,0.7658718328295571,,14,0.3333333333333333,96098,14,0.0001456846136235926,Author benign flow labels,18,0.3333333333333333,0.33333333333333337,0.3157894736842105,12,1722,0.6602787456445993,0.6684088269454123,0.7656565656565657,571,,,,,,,,,,,,,,,,,12.663563800044358,0.0001456846136235926,0,0,True,,,,,,,,,
PX082-0016,PX082,UNRAVELED,unperturbed,current_history,time_mixed_anchor,,False,20260925,,16,px082_temporal_audit/METRICS.json,20260925,104051,0.8176787300480772,,53,0.6111111111111112,96098,53,0.0005515203230036005,Author benign flow labels,18,0.6111111111111112,0.6111111111111112,0.2894736842105263,7,1722,0.9831591173054588,0.9843205574912892,0.9837303893085415,27,,,,,,,,,,,,,,,,,9.557820599991828,0.0005515203230036005,0,9999,False,,,,,,,,,
PX082-0017,PX082,UNRAVELED,unperturbed,current_history,conventional_random,,False,20260925,,17,px082_temporal_audit/METRICS.json,20260925,210226,0.842340127240355,,68,0.7352941176470589,191515,68,0.00035506357204396523,Author benign flow labels,34,0.7352941176470589,0.7352941176470589,0.4032258064516129,9,3582,0.9748743718592965,0.9963707426018984,0.972972972972973,13,,,,,,,,,,,,,,,,,14.982485999935307,0.00035506357204396523,85044,26760,False,,,,,,,,,
PX083-0000,PX083,casino,clean,,current,,False,,20260920,0,px083_policy_transfer/results/METRICS.json,,920,,,,,903,7,0.007751937984496124,Other author technique labels; not verified benign,,,,,,,,,,,,,,,,,,,,,,,,,,,,,,,,17,0.6666666666666666,0.8235294117647058,0.7368421052631579,0.8674180483004013,0.960719171389486,7,0.007751937984496124,0.020652173913043477
PX083-0001,PX083,casino,clean,,context,,False,,20260920,1,px083_policy_transfer/results/METRICS.json,,920,,,,,903,16,0.017718715393133997,Other author technique labels; not verified benign,,,,,,,,,,,,,,,,,,,,,,,,,,,,,,,,17,0.4666666666666667,0.8235294117647058,0.5957446808510638,0.8522436792934762,0.976157905022474,16,0.017718715393133997,0.030434782608695653
PX083-0002,PX083,casino,clean,,fixed_fusion,,False,,20260920,2,px083_policy_transfer/results/METRICS.json,,920,,,,,903,8,0.008859357696566999,Other author technique labels; not verified benign,,,,,,,,,,,,,,,,,,,,,,,,,,,,,,,,17,0.6363636363636364,0.8235294117647058,0.717948717948718,0.8606314785559049,0.9711419451501531,8,0.008859357696566999,0.021739130434782608
PX083-0003,PX083,casino,clean,,mixed_dropout,,False,,20260920,3,px083_policy_transfer/results/METRICS.json,,920,,,,,903,17,0.018826135105204873,Other author technique labels; not verified benign,,,,,,,,,,,,,,,,,,,,,,,,,,,,,,,,17,0.45161290322580644,0.8235294117647058,0.5833333333333334,0.8438442464409793,0.9693179597420364,17,0.018826135105204873,0.03152173913043478
PX083-0004,PX083,casino,clean,,confidence_gate,,False,,20260920,4,px083_policy_transfer/results/METRICS.json,,920,,,,,903,8,0.008859357696566999,Other author technique labels; not verified benign,,,,,,,,,,,0.6260869565217392,,,,,,,,,,,,,,,,,,,,,17,0.6363636363636364,0.8235294117647058,0.717948717948718,0.8716877511874316,0.9684059670379781,8,0.008859357696566999,0.021739130434782608
PX083-0005,PX083,casino,clean,,ordinary_gate,,False,,20260920,5,px083_policy_transfer/results/METRICS.json,,920,,,,,903,7,0.007751937984496124,Other author technique labels; not verified benign,,,,,,,,,,,0.5152173913043478,,,,,,,,,,,,,,,,,,,,,17,0.6666666666666666,0.8235294117647058,0.7368421052631579,0.8671529436746829,0.9682105400299655,7,0.007751937984496124,0.020652173913043477
PX083-0006,PX083,casino,clean,,target_cost_gate,,False,,20260920,6,px083_policy_transfer/results/METRICS.json,,920,,,,,903,16,0.017718715393133997,Other author technique labels; not verified benign,,,,,,,,,,,0.42934782608695654,,,,,,,,,,,,,,,,,,,,,17,0.4666666666666667,0.8235294117647058,0.5957446808510638,0.8579928937314336,0.9667122663018696,16,0.017718715393133997,0.030434782608695653
PX083-0007,PX083,casino,random_25,,current,,False,,20260920,7,px083_policy_transfer/results/METRICS.json,,920,,,,,903,41,0.04540420819490587,Other author technique labels; not verified benign,,,,,,,,,,,,,,,,,,,,,,,,,,,,,,,,17,0.2545454545454545,0.8235294117647058,0.3888888888888889,0.7483078117106412,0.9469741384926064,41,0.04540420819490587,0.057608695652173914
PX083-0008,PX083,casino,random_25,,context,,False,,20260920,8,px083_policy_transfer/results/METRICS.json,,920,,,,,903,27,0.029900332225913623,Other author technique labels; not verified benign,,,,,,,,,,,,,,,,,,,,,,,,,,,,,,,,17,0.34146341463414637,0.8235294117647058,0.4827586206896552,0.7802181920596466,0.9621523027815777,27,0.029900332225913623,0.042391304347826085
PX083-0009,PX083,casino,random_25,,fixed_fusion,,False,,20260920,9,px083_policy_transfer/results/METRICS.json,,920,,,,,903,29,0.03211517165005537,Other author technique labels; not verified benign,,,,,,,,,,,,,,,,,,,,,,,,,,,,,,,,17,0.32558139534883723,0.8235294117647058,0.4666666666666667,0.7699083314222467,0.95531235750114,29,0.03211517165005537,0.04456521739130435
PX083-0010,PX083,casino,random_25,,mixed_dropout,,False,,20260920,10,px083_policy_transfer/results/METRICS.json,,920,,,,,903,27,0.029900332225913623,Other author technique labels; not verified benign,,,,,,,,,,,,,,,,,,,,,,,,,,,,,,,,17,0.34146341463414637,0.8235294117647058,0.4827586206896552,0.813253439384234,0.956484919549215,27,0.029900332225913623,0.042391304347826085
PX083-0011,PX083,casino,random_25,,confidence_gate,,False,,20260920,11,px083_policy_transfer/results/METRICS.json,,920,,,,,903,29,0.03211517165005537,Other author technique labels; not verified benign,,,,,,,,,,,0.6293478260869565,,,,,,,,,,,,,,,,,,,,,17,0.32558139534883723,0.8235294117647058,0.4666666666666667,0.7610750521846636,0.9539443684450524,29,0.03211517165005537,0.04456521739130435
PX083-0012,PX083,casino,random_25,,ordinary_gate,,False,,20260920,12,px083_policy_transfer/results/METRICS.json,,920,,,,,903,41,0.04540420819490587,Other author technique labels; not verified benign,,,,,,,,,,,0.558695652173913,,,,,,,,,,,,,,,,,,,,,17,0.2545454545454545,0.8235294117647058,0.3888888888888889,0.7741521011558115,0.9534883720930233,41,0.04540420819490587,0.057608695652173914
PX083-0013,PX083,casino,random_25,,target_cost_gate,,False,,20260920,13,px083_policy_transfer/results/METRICS.json,,920,,,,,903,27,0.029900332225913623,Other author technique labels; not verified benign,,,,,,,,,,,0.5163043478260869,,,,,,,,,,,,,,,,,,,,,17,0.34146341463414637,0.8235294117647058,0.4827586206896552,0.7823999714575612,0.9536837991010357,27,0.029900332225913623,0.042391304347826085
PX083-0014,PX083,casino,random_25,,current,,False,,20260921,14,px083_policy_transfer/results/METRICS.json,,920,,,,,903,43,0.047619047619047616,Other author technique labels; not verified benign,,,,,,,,,,,,,,,,,,,,,,,,,,,,,,,,17,0.2711864406779661,0.9411764705882353,0.42105263157894735,0.8344426149900934,0.9559637808611816,43,0.047619047619047616,0.051086956521739134
PX083-0015,PX083,casino,random_25,,context,,False,,20260921,15,px083_policy_transfer/results/METRICS.json,,920,,,,,903,19,0.021040974529346623,Other author technique labels; not verified benign,,,,,,,,,,,,,,,,,,,,,,,,,,,,,,,,17,0.42424242424242425,0.8235294117647058,0.56,0.8143565506127978,0.9704905217901114,19,0.021040974529346623,0.03369565217391304
PX083-0016,PX083,casino,random_25,,fixed_fusion,,False,,20260921,16,px083_policy_transfer/results/METRICS.json,,920,,,,,903,27,0.029900332225913623,Other author technique labels; not verified benign,,,,,,,,,,,,,,,,,,,,,,,,,,,,,,,,17,0.35714285714285715,0.8823529411764706,0.5084745762711864,0.8304869556970398,0.9647579962217445,27,0.029900332225913623,0.03804347826086957
PX083-0017,PX083,casino,random_25,,mixed_dropout,,False,,20260921,17,px083_policy_transfer/results/METRICS.json,,920,,,,,903,15,0.016611295681063124,Other author technique labels; not verified benign,,,,,,,,,,,,,,,,,,,,,,,,,,,,,,,,17,0.4827586206896552,0.8235294117647058,0.6086956521739131,0.8148667040618678,0.9675591166699238,15,0.016611295681063124,0.029347826086956522
PX083-0018,PX083,casino,random_25,,confidence_gate,,False,,20260921,18,px083_policy_transfer/results/METRICS.json,,920,,,,,903,27,0.029900332225913623,Other author technique labels; not verified benign,,,,,,,,,,,0.65,,,,,,,,,,,,,,,,,,,,,17,0.35714285714285715,0.8823529411764706,0.5084745762711864,0.8263305645763818,0.9578529086053026,27,0.029900332225913623,0.03804347826086957
PX083-0019,PX083,casino,random_25,,ordinary_gate,,False,,20260921,19,px083_policy_transfer/results/METRICS.json,,920,,,,,903,43,0.047619047619047616,Other author technique labels; not verified benign,,,,,,,,,,,0.5510869565217391,,,,,,,,,,,,,,,,,,,,,17,0.2711864406779661,0.9411764705882353,0.42105263157894735,0.8206848539106363,0.958374047293336,43,0.047619047619047616,0.051086956521739134
PX083-0020,PX083,casino,random_25,,target_cost_gate,,False,,20260921,20,px083_policy_transfer/results/METRICS.json,,920,,,,,903,19,0.021040974529346623,Other author technique labels; not verified benign,,,,,,,,,,,0.5076086956521739,,,,,,,,,,,,,,,,,,,,,17,0.42424242424242425,0.8235294117647058,0.56,0.8161858933276225,0.956484919549215,19,0.021040974529346623,0.03369565217391304
PX083-0021,PX083,casino,random_25,,current,,False,,20260922,21,px083_policy_transfer/results/METRICS.json,,920,,,,,903,41,0.04540420819490587,Other author technique labels; not verified benign,,,,,,,,,,,,,,,,,,,,,,,,,,,,,,,,17,0.2545454545454545,0.8235294117647058,0.3888888888888889,0.7942262356715702,0.9837795583349619,41,0.04540420819490587,0.057608695652173914
PX083-0022,PX083,casino,random_25,,context,,False,,20260922,22,px083_policy_transfer/results/METRICS.json,,920,,,,,903,21,0.023255813953488372,Other author technique labels; not verified benign,,,,,,,,,,,,,,,,,,,,,,,,,,,,,,,,17,0.4,0.8235294117647058,0.5384615384615384,0.8138149515611992,0.9815647189108202,21,0.023255813953488372,0.035869565217391305
PX083-0023,PX083,casino,random_25,,fixed_fusion,,False,,20260922,23,px083_policy_transfer/results/METRICS.json,,920,,,,,903,35,0.03875968992248062,Other author technique labels; not verified benign,,,,,,,,,,,,,,,,,,,,,,,,,,,,,,,,17,0.2857142857142857,0.8235294117647058,0.42424242424242425,0.816605714145,0.9832584196469286,35,0.03875968992248062,0.051086956521739134
PX083-0024,PX083,casino,random_25,,mixed_dropout,,False,,20260922,24,px083_policy_transfer/results/METRICS.json,,920,,,,,903,20,0.0221483942414175,Other author technique labels; not verified benign,,,,,,,,,,,,,,,,,,,,,,,,,,,,,,,,17,0.4117647058823529,0.8235294117647058,0.5490196078431373,0.8046606166833207,0.9627385838056153,20,0.0221483942414175,0.034782608695652174
PX083-0025,PX083,casino,random_25,,confidence_gate,,False,,20260922,25,px083_policy_transfer/results/METRICS.json,,920,,,,,903,35,0.03875968992248062,Other author technique labels; not verified benign,,,,,,,,,,,0.6369565217391304,,,,,,,,,,,,,,,,,,,,,17,0.2857142857142857,0.8235294117647058,0.42424242424242425,0.8089682046532974,0.9839098430069703,35,0.03875968992248062,0.051086956521739134
PX083-0026,PX083,casino,random_25,,ordinary_gate,,False,,20260922,26,px083_policy_transfer/results/METRICS.json,,920,,,,,903,41,0.04540420819490587,Other author technique labels; not verified benign,,,,,,,,,,,0.5597826086956522,,,,,,,,,,,,,,,,,,,,,17,0.2545454545454545,0.8235294117647058,0.3888888888888889,0.8126148597216465,0.983453846654941,41,0.04540420819490587,0.057608695652173914
PX083-0027,PX083,casino,random_25,,target_cost_gate,,False,,20260922,27,px083_policy_transfer/results/METRICS.json,,920,,,,,903,21,0.023255813953488372,Other author technique labels; not verified benign,,,,,,,,,,,0.5076086956521739,,,,,,,,,,,,,,,,,,,,,17,0.4,0.8235294117647058,0.5384615384615384,0.81778136619724,0.9839098430069702,21,0.023255813953488372,0.035869565217391305
PX083-0028,PX083,casino,random_50,,current,,False,,20260920,28,px083_policy_transfer/results/METRICS.json,,920,,,,,903,88,0.09745293466223699,Other author technique labels; not verified benign,,,,,,,,,,,,,,,,,,,,,,,,,,,,,,,,17,0.13725490196078433,0.8235294117647058,0.23529411764705882,0.6734134967226401,0.9336851019477558,88,0.09745293466223699,0.10869565217391304
PX083-0029,PX083,casino,random_50,,context,,False,,20260920,29,px083_policy_transfer/results/METRICS.json,,920,,,,,903,55,0.06090808416389812,Other author technique labels; not verified benign,,,,,,,,,,,,,,,,,,,,,,,,,,,,,,,,17,0.19117647058823528,0.7647058823529411,0.3058823529411765,0.7220505239493853,0.939157058172106,55,0.06090808416389812,0.07717391304347826
PX083-0030,PX083,casino,random_50,,fixed_fusion,,False,,20260920,30,px083_policy_transfer/results/METRICS.json,,920,,,,,903,71,0.07862679955703211,Other author technique labels; not verified benign,,,,,,,,,,,,,,,,,,,,,,,,,,,,,,,,17,0.16470588235294117,0.8235294117647058,0.27450980392156865,0.694181303339973,0.9358347990358935,71,0.07862679955703211,0.09021739130434783
PX083-0031,PX083,casino,random_50,,mixed_dropout,,False,,20260920,31,px083_policy_transfer/results/METRICS.json,,920,,,,,903,48,0.053156146179401995,Other author technique labels; not verified benign,,,,,,,,,,,,,,,,,,,,,,,,,,,,,,,,17,0.21311475409836064,0.7647058823529411,0.3333333333333333,0.7731988424488405,0.9358999413718976,48,0.053156146179401995,0.06956521739130435
PX083-0032,PX083,casino,random_50,,confidence_gate,,False,,20260920,32,px083_policy_transfer/results/METRICS.json,,920,,,,,903,71,0.07862679955703211,Other author technique labels; not verified benign,,,,,,,,,,,0.5880434782608696,,,,,,,,,,,,,,,,,,,,,17,0.16470588235294117,0.8235294117647058,0.27450980392156865,0.6802999023596619,0.9388313464920851,71,0.07862679955703211,0.09021739130434783
PX083-0033,PX083,casino,random_50,,ordinary_gate,,False,,20260920,33,px083_policy_transfer/results/METRICS.json,,920,,,,,903,88,0.09745293466223699,Other author technique labels; not verified benign,,,,,,,,,,,0.5456521739130434,,,,,,,,,,,,,,,,,,,,,17,0.13725490196078433,0.8235294117647058,0.23529411764705882,0.7126031686530365,0.9394827698521269,88,0.09745293466223699,0.10869565217391304
PX083-0034,PX083,casino,random_50,,target_cost_gate,,False,,20260920,34,px083_policy_transfer/results/METRICS.json,,920,,,,,903,55,0.06090808416389812,Other author technique labels; not verified benign,,,,,,,,,,,0.5641304347826087,,,,,,,,,,,,,,,,,,,,,17,0.19117647058823528,0.7647058823529411,0.3058823529411765,0.7216607545718992,0.9405901895641978,55,0.06090808416389812,0.07717391304347826
PX083-0035,PX083,casino,random_50,,current,,False,,20260921,35,px083_policy_transfer/results/METRICS.json,,920,,,,,903,98,0.10852713178294573,Other author technique labels; not verified benign,,,,,,,,,,,,,,,,,,,,,,,,,,,,,,,,17,0.13274336283185842,0.8823529411764706,0.23076923076923078,0.6187697226400014,0.9326753957396912,98,0.10852713178294573,0.11521739130434783
PX083-0036,PX083,casino,random_50,,context,,False,,20260921,36,px083_policy_transfer/results/METRICS.json,,920,,,,,903,45,0.04983388704318937,Other author technique labels; not verified benign,,,,,,,,,,,,,,,,,,,,,,,,,,,,,,,,17,0.22413793103448276,0.7647058823529411,0.3466666666666667,0.716919256762103,0.9490912644127418,45,0.04983388704318937,0.06630434782608696
PX083-0037,PX083,casino,random_50,,fixed_fusion,,False,,20260921,37,px083_policy_transfer/results/METRICS.json,,920,,,,,903,67,0.07419712070874862,Other author technique labels; not verified benign,,,,,,,,,,,,,,,,,,,,,,,,,,,,,,,,17,0.1728395061728395,0.8235294117647058,0.2857142857142857,0.6693547281130605,0.9421861767962999,67,0.07419712070874862,0.08586956521739131
PX083-0038,PX083,casino,random_50,,mixed_dropout,,False,,20260921,38,px083_policy_transfer/results/METRICS.json,,920,,,,,903,37,0.04097452934662237,Other author technique labels; not verified benign,,,,,,,,,,,,,,,,,,,,,,,,,,,,,,,,17,0.26,0.7647058823529411,0.3880597014925373,0.7783323300212533,0.9612077389095173,37,0.04097452934662237,0.057608695652173914
PX083-0039,PX083,casino,random_50,,confidence_gate,,False,,20260921,39,px083_policy_transfer/results/METRICS.json,,920,,,,,903,67,0.07419712070874862,Other author technique labels; not verified benign,,,,,,,,,,,0.5956521739130435,,,,,,,,,,,,,,,,,,,,,17,0.1728395061728395,0.8235294117647058,0.2857142857142857,0.6275897619682244,0.9357370855318871,67,0.07419712070874862,0.08586956521739131
PX083-0040,PX083,casino,random_50,,ordinary_gate,,False,,20260921,40,px083_policy_transfer/results/METRICS.json,,920,,,,,903,98,0.10852713178294573,Other author technique labels; not verified benign,,,,,,,,,,,0.5380434782608695,,,,,,,,,,,,,,,,,,,,,17,0.13274336283185842,0.8823529411764706,0.23076923076923078,0.7239210226094923,0.9401667643801707,98,0.10852713178294573,0.11521739130434783
PX083-0041,PX083,casino,random_50,,target_cost_gate,,False,,20260921,41,px083_policy_transfer/results/METRICS.json,,920,,,,,903,45,0.04983388704318937,Other author technique labels; not verified benign,,,,,,,,,,,0.5771739130434783,,,,,,,,,,,,,,,,,,,,,17,0.22413793103448276,0.7647058823529411,0.3466666666666667,0.7170139589091871,0.936844505243958,45,0.04983388704318937,0.06630434782608696
PX083-0042,PX083,casino,random_50,,current,,False,,20260922,42,px083_policy_transfer/results/METRICS.json,,920,,,,,903,98,0.10852713178294573,Other author technique labels; not verified benign,,,,,,,,,,,,,,,,,,,,,,,,,,,,,,,,17,0.14035087719298245,0.9411764705882353,0.24427480916030533,0.6723112301275921,0.9739430655983323,98,0.10852713178294573,0.1108695652173913
PX083-0043,PX083,casino,random_50,,context,,False,,20260922,43,px083_policy_transfer/results/METRICS.json,,920,,,,,903,59,0.06533776301218161,Other author technique labels; not verified benign,,,,,,,,,,,,,,,,,,,,,,,,,,,,,,,,17,0.20270270270270271,0.8823529411764706,0.32967032967032966,0.7240673667590735,0.9752459123184157,59,0.06533776301218161,0.07282608695652174
PX083-0044,PX083,casino,random_50,,fixed_fusion,,False,,20260922,44,px083_policy_transfer/results/METRICS.json,,920,,,,,903,79,0.08748615725359911,Other author technique labels; not verified benign,,,,,,,,,,,,,,,,,,,,,,,,,,,,,,,,17,0.1595744680851064,0.8823529411764706,0.2702702702702703,0.7166109533519401,0.9752459123184158,79,0.08748615725359911,0.09456521739130434
PX083-0045,PX083,casino,random_50,,mixed_dropout,,False,,20260922,45,px083_policy_transfer/results/METRICS.json,,920,,,,,903,44,0.048726467331118496,Other author technique labels; not verified benign,,,,,,,,,,,,,,,,,,,,,,,,,,,,,,,,17,0.2413793103448276,0.8235294117647058,0.37333333333333335,0.7668923147950835,0.9697088137580614,44,0.048726467331118496,0.06086956521739131
PX083-0046,PX083,casino,random_50,,confidence_gate,,False,,20260922,46,px083_policy_transfer/results/METRICS.json,,920,,,,,903,79,0.08748615725359911,Other author technique labels; not verified benign,,,,,,,,,,,0.6010869565217392,,,,,,,,,,,,,,,,,,,,,17,0.1595744680851064,0.8823529411764706,0.2702702702702703,0.7022500969578549,0.9737476385903199,79,0.08748615725359911,0.09456521739130434
PX083-0047,PX083,casino,random_50,,ordinary_gate,,False,,20260922,47,px083_policy_transfer/results/METRICS.json,,920,,,,,903,98,0.10852713178294573,Other author technique labels; not verified benign,,,,,,,,,,,0.5619565217391305,,,,,,,,,,,,,,,,,,,,,17,0.14035087719298245,0.9411764705882353,0.24427480916030533,0.7177073741563026,0.976483616702495,98,0.10852713178294573,0.1108695652173913
PX083-0048,PX083,casino,random_50,,target_cost_gate,,False,,20260922,48,px083_policy_transfer/results/METRICS.json,,920,,,,,903,59,0.06533776301218161,Other author technique labels; not verified benign,,,,,,,,,,,0.5891304347826087,,,,,,,,,,,,,,,,,,,,,17,0.20270270270270271,0.8823529411764706,0.32967032967032966,0.7246267068015182,0.9760927626864699,59,0.06533776301218161,0.07282608695652174
PX083-0049,PX083,casino,random_75,,current,,False,,20260920,49,px083_policy_transfer/results/METRICS.json,,920,,,,,903,149,0.16500553709856036,Other author technique labels; not verified benign,,,,,,,,,,,,,,,,,,,,,,,,,,,,,,,,17,0.056962025316455694,0.5294117647058824,0.10285714285714286,0.39260941305993563,0.7441534753436259,149,0.16500553709856036,0.1967391304347826
PX083-0050,PX083,casino,random_75,,context,,False,,20260920,50,px083_policy_transfer/results/METRICS.json,,920,,,,,903,98,0.10852713178294573,Other author technique labels; not verified benign,,,,,,,,,,,,,,,,,,,,,,,,,,,,,,,,17,0.07547169811320754,0.47058823529411764,0.13008130081300814,0.45776902611420917,0.7438929059996091,98,0.10852713178294573,0.14565217391304347
PX083-0051,PX083,casino,random_75,,fixed_fusion,,False,,20260920,51,px083_policy_transfer/results/METRICS.json,,920,,,,,903,125,0.13842746400885936,Other author technique labels; not verified benign,,,,,,,,,,,,,,,,,,,,,,,,,,,,,,,,17,0.06716417910447761,0.5294117647058824,0.11920529801324503,0.40945754781190025,0.7461728877597551,125,0.13842746400885936,0.17065217391304346
PX083-0052,PX083,casino,random_75,,mixed_dropout,,False,,20260920,52,px083_policy_transfer/results/METRICS.json,,920,,,,,903,83,0.09191583610188261,Other author technique labels; not verified benign,,,,,,,,,,,,,,,,,,,,,,,,,,,,,,,,17,0.08791208791208792,0.47058823529411764,0.14814814814814814,0.4947104036681211,0.7666927236010684,83,0.09191583610188261,0.12934782608695652
PX083-0053,PX083,casino,random_75,,confidence_gate,,False,,20260920,53,px083_policy_transfer/results/METRICS.json,,920,,,,,903,125,0.13842746400885936,Other author technique labels; not verified benign,,,,,,,,,,,0.3923913043478261,,,,,,,,,,,,,,,,,,,,,17,0.06716417910447761,0.5294117647058824,0.11920529801324503,0.3983158471161139,0.744283760015634,125,0.13842746400885936,0.17065217391304346
PX083-0054,PX083,casino,random_75,,ordinary_gate,,False,,20260920,54,px083_policy_transfer/results/METRICS.json,,920,,,,,903,149,0.16500553709856036,Other author technique labels; not verified benign,,,,,,,,,,,0.43369565217391304,,,,,,,,,,,,,,,,,,,,,17,0.056962025316455694,0.5294117647058824,0.10285714285714286,0.4585600057990803,0.748062015503876,149,0.16500553709856036,0.1967391304347826
PX083-0055,PX083,casino,random_75,,target_cost_gate,,False,,20260920,55,px083_policy_transfer/results/METRICS.json,,920,,,,,903,98,0.10852713178294573,Other author technique labels; not verified benign,,,,,,,,,,,0.5032608695652174,,,,,,,,,,,,,,,,,,,,,17,0.07547169811320754,0.47058823529411764,0.13008130081300814,0.4582617763508846,0.7474105921438343,98,0.10852713178294573,0.14565217391304347
PX083-0056,PX083,casino,random_75,,current,,False,,20260921,56,px083_policy_transfer/results/METRICS.json,,920,,,,,903,138,0.15282392026578073,Other author technique labels; not verified benign,,,,,,,,,,,,,,,,,,,,,,,,,,,,,,,,17,0.08,0.7058823529411765,0.1437125748502994,0.5015141782662651,0.792717086834734,138,0.15282392026578073,0.17173913043478262
PX083-0057,PX083,casino,random_75,,context,,False,,20260921,57,px083_policy_transfer/results/METRICS.json,,920,,,,,903,80,0.08859357696567,Other author technique labels; not verified benign,,,,,,,,,,,,,,,,,,,,,,,,,,,,,,,,17,0.12087912087912088,0.6470588235294118,0.2037037037037037,0.5474870892372454,0.798547325907107,80,0.08859357696567,0.11304347826086956
PX083-0058,PX083,casino,random_75,,fixed_fusion,,False,,20260921,58,px083_policy_transfer/results/METRICS.json,,920,,,,,903,103,0.11406423034330011,Other author technique labels; not verified benign,,,,,,,,,,,,,,,,,,,,,,,,,,,,,,,,17,0.09649122807017543,0.6470588235294118,0.16793893129770993,0.5252005097858692,0.7953553514429028,103,0.11406423034330011,0.13804347826086957
PX083-0059,PX083,casino,random_75,,mixed_dropout,,False,,20260921,59,px083_policy_transfer/results/METRICS.json,,920,,,,,903,67,0.07419712070874862,Other author technique labels; not verified benign,,,,,,,,,,,,,,,,,,,,,,,,,,,,,,,,17,0.12987012987012986,0.5882352941176471,0.2127659574468085,0.5379471113333646,0.809230669011791,67,0.07419712070874862,0.10326086956521739
PX083-0060,PX083,casino,random_75,,confidence_gate,,False,,20260921,60,px083_policy_transfer/results/METRICS.json,,920,,,,,903,103,0.11406423034330011,Other author technique labels; not verified benign,,,,,,,,,,,0.44565217391304346,,,,,,,,,,,,,,,,,,,,,17,0.09649122807017543,0.6470588235294118,0.16793893129770993,0.5011944321450175,0.7934336525307797,103,0.11406423034330011,0.13804347826086957
PX083-0061,PX083,casino,random_75,,ordinary_gate,,False,,20260921,61,px083_policy_transfer/results/METRICS.json,,920,,,,,903,138,0.15282392026578073,Other author technique labels; not verified benign,,,,,,,,,,,0.4532608695652174,,,,,,,,,,,,,,,,,,,,,17,0.08,0.7058823529411765,0.1437125748502994,0.5481250132219307,0.7974073350270341,138,0.15282392026578073,0.17173913043478262
PX083-0062,PX083,casino,random_75,,target_cost_gate,,False,,20260921,62,px083_policy_transfer/results/METRICS.json,,920,,,,,903,80,0.08859357696567,Other author technique labels; not verified benign,,,,,,,,,,,0.525,,,,,,,,,,,,,,,,,,,,,17,0.12087912087912088,0.6470588235294118,0.2037037037037037,0.5473596094714523,0.7962999153149632,80,0.08859357696567,0.11304347826086956
PX083-0063,PX083,casino,random_75,,current,,False,,20260922,63,px083_policy_transfer/results/METRICS.json,,920,,,,,903,165,0.18272425249169436,Other author technique labels; not verified benign,,,,,,,,,,,,,,,,,,,,,,,,,,,,,,,,17,0.08839779005524862,0.9411764705882353,0.16161616161616163,0.6282702711279106,0.924109178555143,165,0.18272425249169436,0.18369565217391304
PX083-0064,PX083,casino,random_75,,context,,False,,20260922,64,px083_policy_transfer/results/METRICS.json,,920,,,,,903,95,0.10520487264673312,Other author technique labels; not verified benign,,,,,,,,,,,,,,,,,,,,,,,,,,,,,,,,17,0.14414414414414414,0.9411764705882353,0.25,0.7291508656662626,0.9332291055957267,95,0.10520487264673312,0.10760869565217392
PX083-0065,PX083,casino,random_75,,fixed_fusion,,False,,20260922,65,px083_policy_transfer/results/METRICS.json,,920,,,,,903,115,0.1273532668881506,Other author technique labels; not verified benign,,,,,,,,,,,,,,,,,,,,,,,,,,,,,,,,17,0.12213740458015267,0.9411764705882353,0.21621621621621623,0.7100297186591997,0.9297765617875056,115,0.1273532668881506,0.12934782608695652
PX083-0066,PX083,casino,random_75,,mixed_dropout,,False,,20260922,66,px083_policy_transfer/results/METRICS.json,,920,,,,,903,75,0.08305647840531562,Other author technique labels; not verified benign,,,,,,,,,,,,,,,,,,,,,,,,,,,,,,,,17,0.15730337078651685,0.8235294117647058,0.2641509433962264,0.7560014864362691,0.9258680216272557,75,0.08305647840531562,0.09456521739130434
PX083-0067,PX083,casino,random_75,,confidence_gate,,False,,20260922,67,px083_policy_transfer/results/METRICS.json,,920,,,,,903,115,0.1273532668881506,Other author technique labels; not verified benign,,,,,,,,,,,0.46195652173913043,,,,,,,,,,,,,,,,,,,,,17,0.12213740458015267,0.9411764705882353,0.21621621621621623,0.6774863215620779,0.9273011530193472,115,0.1273532668881506,0.12934782608695652
PX083-0068,PX083,casino,random_75,,ordinary_gate,,False,,20260922,68,px083_policy_transfer/results/METRICS.json,,920,,,,,903,165,0.18272425249169436,Other author technique labels; not verified benign,,,,,,,,,,,0.45869565217391306,,,,,,,,,,,,,,,,,,,,,17,0.08839779005524862,0.9411764705882353,0.16161616161616163,0.7191749874900947,0.9311445508435934,165,0.18272425249169436,0.18369565217391304
PX083-0069,PX083,casino,random_75,,target_cost_gate,,False,,20260922,69,px083_policy_transfer/results/METRICS.json,,920,,,,,903,95,0.10520487264673312,Other author technique labels; not verified benign,,,,,,,,,,,0.5608695652173913,,,,,,,,,,,,,,,,,,,,,17,0.14414414414414414,0.9411764705882353,0.25,0.7291508656662625,0.9332291055957267,95,0.10520487264673312,0.10760869565217392
PX083-0070,PX083,casino,support_burst_60,,current,,False,,20260920,70,px083_policy_transfer/results/METRICS.json,,920,,,,,903,7,0.007751937984496124,Other author technique labels; not verified benign,,,,,,,,,,,,,,,,,,,,,,,,,,,,,,,,17,0.6666666666666666,0.8235294117647058,0.7368421052631579,0.8674180483004013,0.960719171389486,7,0.007751937984496124,0.020652173913043477
PX083-0071,PX083,casino,support_burst_60,,context,,False,,20260920,71,px083_policy_transfer/results/METRICS.json,,920,,,,,903,20,0.0221483942414175,Other author technique labels; not verified benign,,,,,,,,,,,,,,,,,,,,,,,,,,,,,,,,17,0.42857142857142855,0.8823529411764706,0.5769230769230769,0.8499592386998316,0.9646928538857403,20,0.0221483942414175,0.030434782608695653
PX083-0072,PX083,casino,support_burst_60,,fixed_fusion,,False,,20260920,72,px083_policy_transfer/results/METRICS.json,,920,,,,,903,12,0.013289036544850499,Other author technique labels; not verified benign,,,,,,,,,,,,,,,,,,,,,,,,,,,,,,,,17,0.5555555555555556,0.8823529411764706,0.6818181818181818,0.8644181042905092,0.964953423229757,12,0.013289036544850499,0.021739130434782608
PX083-0073,PX083,casino,support_burst_60,,mixed_dropout,,False,,20260920,73,px083_policy_transfer/results/METRICS.json,,920,,,,,903,29,0.03211517165005537,Other author technique labels; not verified benign,,,,,,,,,,,,,,,,,,,,,,,,,,,,,,,,17,0.32558139534883723,0.8235294117647058,0.4666666666666667,0.8161339207800307,0.956484919549215,29,0.03211517165005537,0.04456521739130435
PX083-0074,PX083,casino,support_burst_60,,confidence_gate,,False,,20260920,74,px083_policy_transfer/results/METRICS.json,,920,,,,,903,12,0.013289036544850499,Other author technique labels; not verified benign,,,,,,,,,,,0.6032608695652174,,,,,,,,,,,,,,,,,,,,,17,0.5555555555555556,0.8823529411764706,0.6818181818181818,0.8581027891382543,0.9616311640935444,12,0.013289036544850499,0.021739130434782608
PX083-0075,PX083,casino,support_burst_60,,ordinary_gate,,False,,20260920,75,px083_policy_transfer/results/METRICS.json,,920,,,,,903,7,0.007751937984496124,Other author technique labels; not verified benign,,,,,,,,,,,0.5456521739130434,,,,,,,,,,,,,,,,,,,,,17,0.6666666666666666,0.8235294117647058,0.7368421052631579,0.8629539081330349,0.9617614487655527,7,0.007751937984496124,0.020652173913043477
PX083-0076,PX083,casino,support_burst_60,,target_cost_gate,,False,,20260920,76,px083_policy_transfer/results/METRICS.json,,920,,,,,903,20,0.0221483942414175,Other author technique labels; not verified benign,,,,,,,,,,,0.3108695652173913,,,,,,,,,,,,,,,,,,,,,17,0.42857142857142855,0.8823529411764706,0.5769230769230769,0.8518473338509428,0.9590906129893817,20,0.0221483942414175,0.030434782608695653
PX083-0077,PX083,casino,command_records_absent,,current,,False,,20260920,77,px083_policy_transfer/results/METRICS.json,,920,,,,,903,93,0.10299003322259136,Other author technique labels; not verified benign,,,,,,,,,,,,,,,,,,,,,,,,,,,,,,,,17,0.1308411214953271,0.8235294117647058,0.22580645161290322,0.671435855944523,0.9414044687642499,93,0.10299003322259136,0.11413043478260869
PX083-0078,PX083,casino,command_records_absent,,context,,False,,20260920,78,px083_policy_transfer/results/METRICS.json,,920,,,,,903,33,0.036544850498338874,Other author technique labels; not verified benign,,,,,,,,,,,,,,,,,,,,,,,,,,,,,,,,17,0.25,0.6470588235294118,0.36065573770491804,0.6318686814605169,0.9478535600286627,33,0.036544850498338874,0.06195652173913044
PX083-0079,PX083,casino,command_records_absent,,fixed_fusion,,False,,20260920,79,px083_policy_transfer/results/METRICS.json,,920,,,,,903,29,0.03211517165005537,Other author technique labels; not verified benign,,,,,,,,,,,,,,,,,,,,,,,,,,,,,,,,17,0.2926829268292683,0.7058823529411765,0.41379310344827586,0.6423910506560649,0.9510455344928669,29,0.03211517165005537,0.05326086956521739
PX083-0080,PX083,casino,command_records_absent,,mixed_dropout,,False,,20260920,80,px083_policy_transfer/results/METRICS.json,,920,,,,,903,101,0.11184939091915837,Other author technique labels; not verified benign,,,,,,,,,,,,,,,,,,,,,,,,,,,,,,,,17,0.12173913043478261,0.8235294117647058,0.21212121212121213,0.6938520721519061,0.9415347534362583,101,0.11184939091915837,0.12282608695652174
PX083-0081,PX083,casino,command_records_absent,,confidence_gate,,False,,20260920,81,px083_policy_transfer/results/METRICS.json,,920,,,,,903,29,0.03211517165005537,Other author technique labels; not verified benign,,,,,,,,,,,0.7608695652173914,,,,,,,,,,,,,,,,,,,,,17,0.2926829268292683,0.7058823529411765,0.41379310344827586,0.6722448182164213,0.9496124031007752,29,0.03211517165005537,0.05326086956521739
PX083-0082,PX083,casino,command_records_absent,,ordinary_gate,,False,,20260920,82,px083_policy_transfer/results/METRICS.json,,920,,,,,903,93,0.10299003322259136,Other author technique labels; not verified benign,,,,,,,,,,,0.6391304347826087,,,,,,,,,,,,,,,,,,,,,17,0.1308411214953271,0.8235294117647058,0.22580645161290322,0.6367861600787779,0.9505895381408378,93,0.10299003322259136,0.11413043478260869
PX083-0083,PX083,casino,command_records_absent,,target_cost_gate,,False,,20260920,83,px083_policy_transfer/results/METRICS.json,,920,,,,,903,33,0.036544850498338874,Other author technique labels; not verified benign,,,,,,,,,,,0.75,,,,,,,,,,,,,,,,,,,,,17,0.25,0.6470588235294118,0.36065573770491804,0.6339185205126674,0.9479512735326688,33,0.036544850498338874,0.06195652173913044
PX083-0084,PX083,casino,delay_30_deadline_0,,current,,False,,20260920,84,px083_policy_transfer/results/METRICS.json,,920,,,,,903,93,0.10299003322259136,Other author technique labels; not verified benign,,,,,,,,,,,,,,,,,,,,,,,,,,,,,,,,17,0.1308411214953271,0.8235294117647058,0.22580645161290322,0.671435855944523,0.9414044687642499,93,0.10299003322259136,0.11413043478260869
PX083-0085,PX083,casino,delay_30_deadline_0,,context,,False,,20260920,85,px083_policy_transfer/results/METRICS.json,,920,,,,,903,31,0.03433001107419712,Other author technique labels; not verified benign,,,,,,,,,,,,,,,,,,,,,,,,,,,,,,,,17,0.2619047619047619,0.6470588235294118,0.3728813559322034,0.6224080807189655,0.9504592534688294,31,0.03433001107419712,0.059782608695652176
PX083-0086,PX083,casino,delay_30_deadline_0,,fixed_fusion,,False,,20260920,86,px083_policy_transfer/results/METRICS.json,,920,,,,,903,26,0.028792912513842746,Other author technique labels; not verified benign,,,,,,,,,,,,,,,,,,,,,,,,,,,,,,,,17,0.3157894736842105,0.7058823529411765,0.43636363636363634,0.6427390102461589,0.9525438082209629,26,0.028792912513842746,0.05
PX083-0087,PX083,casino,delay_30_deadline_0,,mixed_dropout,,False,,20260920,87,px083_policy_transfer/results/METRICS.json,,920,,,,,903,96,0.10631229235880399,Other author technique labels; not verified benign,,,,,,,,,,,,,,,,,,,,,,,,,,,,,,,,17,0.12727272727272726,0.8235294117647058,0.2204724409448819,0.69192673272909,0.9426421731483291,96,0.10631229235880399,0.11739130434782609
PX083-0088,PX083,casino,delay_30_deadline_0,,confidence_gate,,False,,20260920,88,px083_policy_transfer/results/METRICS.json,,920,,,,,903,26,0.028792912513842746,Other author technique labels; not verified benign,,,,,,,,,,,0.7597826086956522,,,,,,,,,,,,,,,,,,,,,17,0.3157894736842105,0.7058823529411765,0.43636363636363634,0.6498746375337551,0.9505569669728356,26,0.028792912513842746,0.05
PX083-0089,PX083,casino,delay_30_deadline_0,,ordinary_gate,,False,,20260920,89,px083_policy_transfer/results/METRICS.json,,920,,,,,903,93,0.10299003322259136,Other author technique labels; not verified benign,,,,,,,,,,,0.6380434782608696,,,,,,,,,,,,,,,,,,,,,17,0.1308411214953271,0.8235294117647058,0.22580645161290322,0.636944286134026,0.951078105660869,93,0.10299003322259136,0.11413043478260869
PX083-0090,PX083,casino,delay_30_deadline_0,,target_cost_gate,,False,,20260920,90,px083_policy_transfer/results/METRICS.json,,920,,,,,903,31,0.03433001107419712,Other author technique labels; not verified benign,,,,,,,,,,,0.7565217391304347,,,,,,,,,,,,,,,,,,,,,17,0.2619047619047619,0.6470588235294118,0.3728813559322034,0.624086734439211,0.9492215490847502,31,0.03433001107419712,0.059782608695652176
PX083-0091,PX083,casino,delay_30_deadline_30,,current,,False,,20260920,91,px083_policy_transfer/results/METRICS.json,,920,,,,,903,7,0.007751937984496124,Other author technique labels; not verified benign,,,,,,,,,,,,,,,,,,,,,,,,,,,,,,,,17,0.6666666666666666,0.8235294117647058,0.7368421052631579,0.8674180483004013,0.960719171389486,7,0.007751937984496124,0.020652173913043477
PX083-0092,PX083,casino,delay_30_deadline_30,,context,,False,,20260920,92,px083_policy_transfer/results/METRICS.json,,920,,,,,903,16,0.017718715393133997,Other author technique labels; not verified benign,,,,,,,,,,,,,,,,,,,,,,,,,,,,,,,,17,0.4666666666666667,0.8235294117647058,0.5957446808510638,0.8522436792934762,0.976157905022474,16,0.017718715393133997,0.030434782608695653
PX083-0093,PX083,casino,delay_30_deadline_30,,fixed_fusion,,False,,20260920,93,px083_policy_transfer/results/METRICS.json,,920,,,,,903,8,0.008859357696566999,Other author technique labels; not verified benign,,,,,,,,,,,,,,,,,,,,,,,,,,,,,,,,17,0.6363636363636364,0.8235294117647058,0.717948717948718,0.8606314785559049,0.9711419451501531,8,0.008859357696566999,0.021739130434782608
PX083-0094,PX083,casino,delay_30_deadline_30,,mixed_dropout,,False,,20260920,94,px083_policy_transfer/results/METRICS.json,,920,,,,,903,17,0.018826135105204873,Other author technique labels; not verified benign,,,,,,,,,,,,,,,,,,,,,,,,,,,,,,,,17,0.45161290322580644,0.8235294117647058,0.5833333333333334,0.8438442464409793,0.9693179597420364,17,0.018826135105204873,0.03152173913043478
PX083-0095,PX083,casino,delay_30_deadline_30,,confidence_gate,,False,,20260920,95,px083_policy_transfer/results/METRICS.json,,920,,,,,903,8,0.008859357696566999,Other author technique labels; not verified benign,,,,,,,,,,,0.6260869565217392,,,,,,,,,,,,,,,,,,,,,17,0.6363636363636364,0.8235294117647058,0.717948717948718,0.8716877511874316,0.9684059670379781,8,0.008859357696566999,0.021739130434782608
PX083-0096,PX083,casino,delay_30_deadline_30,,ordinary_gate,,False,,20260920,96,px083_policy_transfer/results/METRICS.json,,920,,,,,903,7,0.007751937984496124,Other author technique labels; not verified benign,,,,,,,,,,,0.5152173913043478,,,,,,,,,,,,,,,,,,,,,17,0.6666666666666666,0.8235294117647058,0.7368421052631579,0.8671529436746829,0.9682105400299655,7,0.007751937984496124,0.020652173913043477
PX083-0097,PX083,casino,delay_30_deadline_30,,target_cost_gate,,False,,20260920,97,px083_policy_transfer/results/METRICS.json,,920,,,,,903,16,0.017718715393133997,Other author technique labels; not verified benign,,,,,,,,,,,0.42934782608695654,,,,,,,,,,,,,,,,,,,,,17,0.4666666666666667,0.8235294117647058,0.5957446808510638,0.8579928937314336,0.9667122663018696,16,0.017718715393133997,0.030434782608695653
PX083-0098,PX083,casino,delay_120_deadline_0,,current,,False,,20260920,98,px083_policy_transfer/results/METRICS.json,,920,,,,,903,93,0.10299003322259136,Other author technique labels; not verified benign,,,,,,,,,,,,,,,,,,,,,,,,,,,,,,,,17,0.1308411214953271,0.8235294117647058,0.22580645161290322,0.671435855944523,0.9414044687642499,93,0.10299003322259136,0.11413043478260869
PX083-0099,PX083,casino,delay_120_deadline_0,,context,,False,,20260920,99,px083_policy_transfer/results/METRICS.json,,920,,,,,903,33,0.036544850498338874,Other author technique labels; not verified benign,,,,,,,,,,,,,,,,,,,,,,,,,,,,,,,,17,0.25,0.6470588235294118,0.36065573770491804,0.6318686814605169,0.9478535600286627,33,0.036544850498338874,0.06195652173913044
PX083-0100,PX083,casino,delay_120_deadline_0,,fixed_fusion,,False,,20260920,100,px083_policy_transfer/results/METRICS.json,,920,,,,,903,29,0.03211517165005537,Other author technique labels; not verified benign,,,,,,,,,,,,,,,,,,,,,,,,,,,,,,,,17,0.2926829268292683,0.7058823529411765,0.41379310344827586,0.6423910506560649,0.9510455344928669,29,0.03211517165005537,0.05326086956521739
PX083-0101,PX083,casino,delay_120_deadline_0,,mixed_dropout,,False,,20260920,101,px083_policy_transfer/results/METRICS.json,,920,,,,,903,101,0.11184939091915837,Other author technique labels; not verified benign,,,,,,,,,,,,,,,,,,,,,,,,,,,,,,,,17,0.12173913043478261,0.8235294117647058,0.21212121212121213,0.6938520721519061,0.9415347534362583,101,0.11184939091915837,0.12282608695652174
PX083-0102,PX083,casino,delay_120_deadline_0,,confidence_gate,,False,,20260920,102,px083_policy_transfer/results/METRICS.json,,920,,,,,903,29,0.03211517165005537,Other author technique labels; not verified benign,,,,,,,,,,,0.7608695652173914,,,,,,,,,,,,,,,,,,,,,17,0.2926829268292683,0.7058823529411765,0.41379310344827586,0.6722448182164213,0.9496124031007752,29,0.03211517165005537,0.05326086956521739
PX083-0103,PX083,casino,delay_120_deadline_0,,ordinary_gate,,False,,20260920,103,px083_policy_transfer/results/METRICS.json,,920,,,,,903,93,0.10299003322259136,Other author technique labels; not verified benign,,,,,,,,,,,0.6391304347826087,,,,,,,,,,,,,,,,,,,,,17,0.1308411214953271,0.8235294117647058,0.22580645161290322,0.6367861600787779,0.9505895381408378,93,0.10299003322259136,0.11413043478260869
PX083-0104,PX083,casino,delay_120_deadline_0,,target_cost_gate,,False,,20260920,104,px083_policy_transfer/results/METRICS.json,,920,,,,,903,33,0.036544850498338874,Other author technique labels; not verified benign,,,,,,,,,,,0.75,,,,,,,,,,,,,,,,,,,,,17,0.25,0.6470588235294118,0.36065573770491804,0.6339185205126674,0.9479512735326688,33,0.036544850498338874,0.06195652173913044
PX083-0105,PX083,casino,delay_120_deadline_30,,current,,False,,20260920,105,px083_policy_transfer/results/METRICS.json,,920,,,,,903,93,0.10299003322259136,Other author technique labels; not verified benign,,,,,,,,,,,,,,,,,,,,,,,,,,,,,,,,17,0.1308411214953271,0.8235294117647058,0.22580645161290322,0.671435855944523,0.9414044687642499,93,0.10299003322259136,0.11413043478260869
PX083-0106,PX083,casino,delay_120_deadline_30,,context,,False,,20260920,106,px083_policy_transfer/results/METRICS.json,,920,,,,,903,33,0.036544850498338874,Other author technique labels; not verified benign,,,,,,,,,,,,,,,,,,,,,,,,,,,,,,,,17,0.25,0.6470588235294118,0.36065573770491804,0.6334936511313979,0.949547260764771,33,0.036544850498338874,0.06195652173913044
PX083-0107,PX083,casino,delay_120_deadline_30,,fixed_fusion,,False,,20260920,107,px083_policy_transfer/results/METRICS.json,,920,,,,,903,29,0.03211517165005537,Other author technique labels; not verified benign,,,,,,,,,,,,,,,,,,,,,,,,,,,,,,,,17,0.2926829268292683,0.7058823529411765,0.41379310344827586,0.6428362324826,0.9522180965409419,29,0.03211517165005537,0.05326086956521739
PX083-0108,PX083,casino,delay_120_deadline_30,,mixed_dropout,,False,,20260920,108,px083_policy_transfer/results/METRICS.json,,920,,,,,903,102,0.11295681063122924,Other author technique labels; not verified benign,,,,,,,,,,,,,,,,,,,,,,,,,,,,,,,,17,0.1206896551724138,0.8235294117647058,0.21052631578947367,0.6958031575071087,0.9422513191323041,102,0.11295681063122924,0.12391304347826088
PX083-0109,PX083,casino,delay_120_deadline_30,,confidence_gate,,False,,20260920,109,px083_policy_transfer/results/METRICS.json,,920,,,,,903,29,0.03211517165005537,Other author technique labels; not verified benign,,,,,,,,,,,0.7619565217391304,,,,,,,,,,,,,,,,,,,,,17,0.2926829268292683,0.7058823529411765,0.41379310344827586,0.6731615129342067,0.9500032571168001,29,0.03211517165005537,0.05326086956521739
PX083-0110,PX083,casino,delay_120_deadline_30,,ordinary_gate,,False,,20260920,110,px083_policy_transfer/results/METRICS.json,,920,,,,,903,93,0.10299003322259136,Other author technique labels; not verified benign,,,,,,,,,,,0.6391304347826087,,,,,,,,,,,,,,,,,,,,,17,0.1308411214953271,0.8235294117647058,0.22580645161290322,0.6368094570688068,0.9507198228128461,93,0.10299003322259136,0.11413043478260869
PX083-0111,PX083,casino,delay_120_deadline_30,,target_cost_gate,,False,,20260920,111,px083_policy_transfer/results/METRICS.json,,920,,,,,903,33,0.036544850498338874,Other author technique labels; not verified benign,,,,,,,,,,,0.7510869565217392,,,,,,,,,,,,,,,,,,,,,17,0.25,0.6470588235294118,0.36065573770491804,0.6349121371234359,0.948407269884698,33,0.036544850498338874,0.06195652173913044
PX083-0112,PX083,casino,delay_120_deadline_120,,current,,False,,20260920,112,px083_policy_transfer/results/METRICS.json,,920,,,,,903,7,0.007751937984496124,Other author technique labels; not verified benign,,,,,,,,,,,,,,,,,,,,,,,,,,,,,,,,17,0.6666666666666666,0.8235294117647058,0.7368421052631579,0.8674180483004013,0.960719171389486,7,0.007751937984496124,0.020652173913043477
PX083-0113,PX083,casino,delay_120_deadline_120,,context,,False,,20260920,113,px083_policy_transfer/results/METRICS.json,,920,,,,,903,16,0.017718715393133997,Other author technique labels; not verified benign,,,,,,,,,,,,,,,,,,,,,,,,,,,,,,,,17,0.4666666666666667,0.8235294117647058,0.5957446808510638,0.8522436792934762,0.976157905022474,16,0.017718715393133997,0.030434782608695653
PX083-0114,PX083,casino,delay_120_deadline_120,,fixed_fusion,,False,,20260920,114,px083_policy_transfer/results/METRICS.json,,920,,,,,903,8,0.008859357696566999,Other author technique labels; not verified benign,,,,,,,,,,,,,,,,,,,,,,,,,,,,,,,,17,0.6363636363636364,0.8235294117647058,0.717948717948718,0.8606314785559049,0.9711419451501531,8,0.008859357696566999,0.021739130434782608
PX083-0115,PX083,casino,delay_120_deadline_120,,mixed_dropout,,False,,20260920,115,px083_policy_transfer/results/METRICS.json,,920,,,,,903,17,0.018826135105204873,Other author technique labels; not verified benign,,,,,,,,,,,,,,,,,,,,,,,,,,,,,,,,17,0.45161290322580644,0.8235294117647058,0.5833333333333334,0.8438442464409793,0.9693179597420364,17,0.018826135105204873,0.03152173913043478
PX083-0116,PX083,casino,delay_120_deadline_120,,confidence_gate,,False,,20260920,116,px083_policy_transfer/results/METRICS.json,,920,,,,,903,8,0.008859357696566999,Other author technique labels; not verified benign,,,,,,,,,,,0.6260869565217392,,,,,,,,,,,,,,,,,,,,,17,0.6363636363636364,0.8235294117647058,0.717948717948718,0.8716877511874316,0.9684059670379781,8,0.008859357696566999,0.021739130434782608
PX083-0117,PX083,casino,delay_120_deadline_120,,ordinary_gate,,False,,20260920,117,px083_policy_transfer/results/METRICS.json,,920,,,,,903,7,0.007751937984496124,Other author technique labels; not verified benign,,,,,,,,,,,0.5152173913043478,,,,,,,,,,,,,,,,,,,,,17,0.6666666666666666,0.8235294117647058,0.7368421052631579,0.8671529436746829,0.9682105400299655,7,0.007751937984496124,0.020652173913043477
PX083-0118,PX083,casino,delay_120_deadline_120,,target_cost_gate,,False,,20260920,118,px083_policy_transfer/results/METRICS.json,,920,,,,,903,16,0.017718715393133997,Other author technique labels; not verified benign,,,,,,,,,,,0.42934782608695654,,,,,,,,,,,,,,,,,,,,,17,0.4666666666666667,0.8235294117647058,0.5957446808510638,0.8579928937314336,0.9667122663018696,16,0.017718715393133997,0.030434782608695653
PX083-0119,PX083,casino,execve_absent,,current,,False,,20260920,119,px083_policy_transfer/results/METRICS.json,,920,,,,,903,61,0.06755260243632337,Other author technique labels; not verified benign,,,,,,,,,,,,,,,,,,,,,,,,,,,,,,,,17,0.19736842105263158,0.8823529411764706,0.3225806451612903,0.8507508308954946,0.9723796495342323,61,0.06755260243632337,0.075
PX083-0120,PX083,casino,execve_absent,,context,,False,,20260920,120,px083_policy_transfer/results/METRICS.json,,920,,,,,903,49,0.05426356589147287,Other author technique labels; not verified benign,,,,,,,,,,,,,,,,,,,,,,,,,,,,,,,,17,0.234375,0.8823529411764706,0.37037037037037035,0.8407638865262704,0.9835841313269494,49,0.05426356589147287,0.06195652173913044
PX083-0121,PX083,casino,execve_absent,,fixed_fusion,,False,,20260920,121,px083_policy_transfer/results/METRICS.json,,920,,,,,903,43,0.047619047619047616,Other author technique labels; not verified benign,,,,,,,,,,,,,,,,,,,,,,,,,,,,,,,,17,0.25862068965517243,0.8823529411764706,0.4,0.8555959841917371,0.9785030291186242,43,0.047619047619047616,0.05543478260869565
PX083-0122,PX083,casino,execve_absent,,mixed_dropout,,False,,20260920,122,px083_policy_transfer/results/METRICS.json,,920,,,,,903,24,0.026578073089700997,Other author technique labels; not verified benign,,,,,,,,,,,,,,,,,,,,,,,,,,,,,,,,17,0.3684210526315789,0.8235294117647058,0.509090909090909,0.8137774890559164,0.9652791349097778,24,0.026578073089700997,0.0391304347826087
PX083-0123,PX083,casino,execve_absent,,confidence_gate,,False,,20260920,123,px083_policy_transfer/results/METRICS.json,,920,,,,,903,43,0.047619047619047616,Other author technique labels; not verified benign,,,,,,,,,,,0.7021739130434783,,,,,,,,,,,,,,,,,,,,,17,0.25862068965517243,0.8823529411764706,0.4,0.8526459073836735,0.9779818904305908,43,0.047619047619047616,0.05543478260869565
PX083-0124,PX083,casino,execve_absent,,ordinary_gate,,False,,20260920,124,px083_policy_transfer/results/METRICS.json,,920,,,,,903,61,0.06755260243632337,Other author technique labels; not verified benign,,,,,,,,,,,0.6152173913043478,,,,,,,,,,,,,,,,,,,,,17,0.19736842105263158,0.8823529411764706,0.3225806451612903,0.8529751040342193,0.9773956094065532,61,0.06755260243632337,0.075
PX083-0125,PX083,casino,execve_absent,,target_cost_gate,,False,,20260920,125,px083_policy_transfer/results/METRICS.json,,920,,,,,903,49,0.05426356589147287,Other author technique labels; not verified benign,,,,,,,,,,,0.6945652173913044,,,,,,,,,,,,,,,,,,,,,17,0.234375,0.8823529411764706,0.37037037037037035,0.8388253333533772,0.9774607517425575,49,0.05426356589147287,0.06195652173913044
PX083-0126,PX083,casino,proctitle_absent,,current,,False,,20260920,126,px083_policy_transfer/results/METRICS.json,,920,,,,,903,5,0.005537098560354375,Other author technique labels; not verified benign,,,,,,,,,,,,,,,,,,,,,,,,,,,,,,,,17,0.7368421052631579,0.8235294117647058,0.7777777777777778,0.8080980441354378,0.9476255618526481,5,0.005537098560354375,0.01847826086956522
PX083-0127,PX083,casino,proctitle_absent,,context,,False,,20260920,127,px083_policy_transfer/results/METRICS.json,,920,,,,,903,8,0.008859357696566999,Other author technique labels; not verified benign,,,,,,,,,,,,,,,,,,,,,,,,,,,,,,,,17,0.6363636363636364,0.8235294117647058,0.717948717948718,0.7788409116108823,0.9665819816298612,8,0.008859357696566999,0.021739130434782608
PX083-0128,PX083,casino,proctitle_absent,,fixed_fusion,,False,,20260920,128,px083_policy_transfer/results/METRICS.json,,920,,,,,903,5,0.005537098560354375,Other author technique labels; not verified benign,,,,,,,,,,,,,,,,,,,,,,,,,,,,,,,,17,0.7368421052631579,0.8235294117647058,0.7777777777777778,0.7816370164036925,0.9615660217575401,5,0.005537098560354375,0.01847826086956522
PX083-0129,PX083,casino,proctitle_absent,,mixed_dropout,,False,,20260920,129,px083_policy_transfer/results/METRICS.json,,920,,,,,903,43,0.047619047619047616,Other author technique labels; not verified benign,,,,,,,,,,,,,,,,,,,,,,,,,,,,,,,,17,0.24561403508771928,0.8235294117647058,0.3783783783783784,0.7978396102376261,0.9542049377890691,43,0.047619047619047616,0.059782608695652176
PX083-0130,PX083,casino,proctitle_absent,,confidence_gate,,False,,20260920,130,px083_policy_transfer/results/METRICS.json,,920,,,,,903,5,0.005537098560354375,Other author technique labels; not verified benign,,,,,,,,,,,0.7010869565217391,,,,,,,,,,,,,,,,,,,,,17,0.7368421052631579,0.8235294117647058,0.7777777777777778,0.8230116091915255,0.9596768940134193,5,0.005537098560354375,0.01847826086956522
PX083-0131,PX083,casino,proctitle_absent,,ordinary_gate,,False,,20260920,131,px083_policy_transfer/results/METRICS.json,,920,,,,,903,5,0.005537098560354375,Other author technique labels; not verified benign,,,,,,,,,,,0.6206521739130435,,,,,,,,,,,,,,,,,,,,,17,0.7368421052631579,0.8235294117647058,0.7777777777777778,0.7840443550481914,0.9592208976613901,5,0.005537098560354375,0.01847826086956522
PX083-0132,PX083,casino,proctitle_absent,,target_cost_gate,,False,,20260920,132,px083_policy_transfer/results/METRICS.json,,920,,,,,903,8,0.008859357696566999,Other author technique labels; not verified benign,,,,,,,,,,,0.475,,,,,,,,,,,,,,,,,,,,,17,0.6363636363636364,0.8235294117647058,0.717948717948718,0.7851889456523555,0.9575271969252817,8,0.008859357696566999,0.021739130434782608
PX083-0133,PX083,casino,syscall_absent,,current,,False,,20260920,133,px083_policy_transfer/results/METRICS.json,,920,,,,,903,55,0.06090808416389812,Other author technique labels; not verified benign,,,,,,,,,,,,,,,,,,,,,,,,,,,,,,,,17,0.22535211267605634,0.9411764705882353,0.36363636363636365,0.8738014658637069,0.9504918246368315,55,0.06090808416389812,0.0641304347826087
PX083-0134,PX083,casino,syscall_absent,,context,,False,,20260920,134,px083_policy_transfer/results/METRICS.json,,920,,,,,903,14,0.015503875968992248,Other author technique labels; not verified benign,,,,,,,,,,,,,,,,,,,,,,,,,,,,,,,,17,0.5172413793103449,0.8823529411764706,0.6521739130434783,0.876221517195148,0.948798123900723,14,0.015503875968992248,0.02391304347826087
PX083-0135,PX083,casino,syscall_absent,,fixed_fusion,,False,,20260920,135,px083_policy_transfer/results/METRICS.json,,920,,,,,903,25,0.02768549280177187,Other author technique labels; not verified benign,,,,,,,,,,,,,,,,,,,,,,,,,,,,,,,,17,0.375,0.8823529411764706,0.5263157894736842,0.8760245665331206,0.949514689596769,25,0.02768549280177187,0.035869565217391305
PX083-0136,PX083,casino,syscall_absent,,mixed_dropout,,False,,20260920,136,px083_policy_transfer/results/METRICS.json,,920,,,,,903,4,0.004429678848283499,Other author technique labels; not verified benign,,,,,,,,,,,,,,,,,,,,,,,,,,,,,,,,17,0.7777777777777778,0.8235294117647058,0.8,0.8747872686228041,0.9543352224610775,4,0.004429678848283499,0.017391304347826087
PX083-0137,PX083,casino,syscall_absent,,confidence_gate,,False,,20260920,137,px083_policy_transfer/results/METRICS.json,,920,,,,,903,25,0.02768549280177187,Other author technique labels; not verified benign,,,,,,,,,,,0.8913043478260869,,,,,,,,,,,,,,,,,,,,,17,0.375,0.8823529411764706,0.5263157894736842,0.8694596140843605,0.9486678392287148,25,0.02768549280177187,0.035869565217391305
PX083-0138,PX083,casino,syscall_absent,,ordinary_gate,,False,,20260920,138,px083_policy_transfer/results/METRICS.json,,920,,,,,903,55,0.06090808416389812,Other author technique labels; not verified benign,,,,,,,,,,,0.875,,,,,,,,,,,,,,,,,,,,,17,0.22535211267605634,0.9411764705882353,0.36363636363636365,0.8700934228317595,0.9487329815647189,55,0.06090808416389812,0.0641304347826087
PX083-0139,PX083,casino,syscall_absent,,target_cost_gate,,False,,20260920,139,px083_policy_transfer/results/METRICS.json,,920,,,,,903,14,0.015503875968992248,Other author technique labels; not verified benign,,,,,,,,,,,0.85,,,,,,,,,,,,,,,,,,,,,17,0.5172413793103449,0.8823529411764706,0.6521739130434783,0.876543371177009,0.9486026968927105,14,0.015503875968992248,0.02391304347826087
PX083-0140,PX083,casino,path_absent,,current,,False,,20260920,140,px083_policy_transfer/results/METRICS.json,,920,,,,,903,7,0.007751937984496124,Other author technique labels; not verified benign,,,,,,,,,,,,,,,,,,,,,,,,,,,,,,,,17,0.6818181818181818,0.8823529411764706,0.7692307692307693,0.8712338569866902,0.9558334961891732,7,0.007751937984496124,0.016304347826086956
PX083-0141,PX083,casino,path_absent,,context,,False,,20260920,141,px083_policy_transfer/results/METRICS.json,,920,,,,,903,21,0.023255813953488372,Other author technique labels; not verified benign,,,,,,,,,,,,,,,,,,,,,,,,,,,,,,,,17,0.43243243243243246,0.9411764705882353,0.5925925925925926,0.8698162798197789,0.9760927626864699,21,0.023255813953488372,0.02717391304347826
PX083-0142,PX083,casino,path_absent,,fixed_fusion,,False,,20260920,142,px083_policy_transfer/results/METRICS.json,,920,,,,,903,14,0.015503875968992248,Other author technique labels; not verified benign,,,,,,,,,,,,,,,,,,,,,,,,,,,,,,,,17,0.5172413793103449,0.8823529411764706,0.6521739130434783,0.8665166066259247,0.969578529086053,14,0.015503875968992248,0.02391304347826087
PX083-0143,PX083,casino,path_absent,,mixed_dropout,,False,,20260920,143,px083_policy_transfer/results/METRICS.json,,920,,,,,903,29,0.03211517165005537,Other author technique labels; not verified benign,,,,,,,,,,,,,,,,,,,,,,,,,,,,,,,,17,0.3409090909090909,0.8823529411764706,0.4918032786885246,0.8558856975687765,0.9764184743664908,29,0.03211517165005537,0.04021739130434782
PX083-0144,PX083,casino,path_absent,,confidence_gate,,False,,20260920,144,px083_policy_transfer/results/METRICS.json,,920,,,,,903,14,0.015503875968992248,Other author technique labels; not verified benign,,,,,,,,,,,0.2576086956521739,,,,,,,,,,,,,,,,,,,,,17,0.5172413793103449,0.8823529411764706,0.6521739130434783,0.8625795550490507,0.9565500618852192,14,0.015503875968992248,0.02391304347826087
PX083-0145,PX083,casino,path_absent,,ordinary_gate,,False,,20260920,145,px083_policy_transfer/results/METRICS.json,,920,,,,,903,7,0.007751937984496124,Other author technique labels; not verified benign,,,,,,,,,,,0.1793478260869565,,,,,,,,,,,,,,,,,,,,,17,0.6818181818181818,0.8823529411764706,0.7692307692307693,0.8547916953590197,0.9562894925412024,7,0.007751937984496124,0.016304347826086956
PX083-0146,PX083,casino,path_absent,,target_cost_gate,,False,,20260920,146,px083_policy_transfer/results/METRICS.json,,920,,,,,903,21,0.023255813953488372,Other author technique labels; not verified benign,,,,,,,,,,,0.14891304347826087,,,,,,,,,,,,,,,,,,,,,17,0.43243243243243246,0.9411764705882353,0.5925925925925926,0.8685481231050407,0.9570060582372484,21,0.023255813953488372,0.02717391304347826
PX083-0147,PX083,camlds,clean,,current,,False,,20260920,147,px083_policy_transfer/results/METRICS.json,,4209,,,,,4109,3329,0.8101727914334388,Other author technique labels; not verified benign,,,,,,,,,,,,,,,,,,,,,,,,,,,,,,,,100,0.025468384074941453,0.87,0.04948805460750853,0.02380494954929556,0.5087320515940618,3329,0.8101727914334388,0.8032786885245902
PX083-0148,PX083,camlds,clean,,context,,False,,20260920,148,px083_policy_transfer/results/METRICS.json,,4209,,,,,4109,3108,0.7563884156729132,Other author technique labels; not verified benign,,,,,,,,,,,,,,,,,,,,,,,,,,,,,,,,100,0.02753441802252816,0.88,0.05339805825242718,0.02773794427482751,0.5594755414942808,3108,0.7563884156729132,0.7498218104062723
PX083-0149,PX083,camlds,clean,,fixed_fusion,,False,,20260920,149,px083_policy_transfer/results/METRICS.json,,4209,,,,,4109,3171,0.7717206132879046,Other author technique labels; not verified benign,,,,,,,,,,,,,,,,,,,,,,,,,,,,,,,,100,0.02700214789812826,0.88,0.052396546591247393,0.02485768128155143,0.5380761742516428,3171,0.7717206132879046,0.7647897362794013
PX083-0150,PX083,camlds,clean,,mixed_dropout,,False,,20260920,150,px083_policy_transfer/results/METRICS.json,,4209,,,,,4109,3038,0.7393526405451448,Other author technique labels; not verified benign,,,,,,,,,,,,,,,,,,,,,,,,,,,,,,,,100,0.027217419148254884,0.85,0.05274588892336333,0.027590189676380616,0.566019712825505,3038,0.7393526405451448,0.7360418151579948
PX083-0151,PX083,camlds,clean,,confidence_gate,,False,,20260920,151,px083_policy_transfer/results/METRICS.json,,4209,,,,,4109,3171,0.7717206132879046,Other author technique labels; not verified benign,,,,,,,,,,,0.3483012592064623,,,,,,,,,,,,,,,,,,,,,100,0.02700214789812826,0.88,0.052396546591247393,0.02499252619271254,0.5347992212217084,3171,0.7717206132879046,0.7647897362794013
PX083-0152,PX083,camlds,clean,,ordinary_gate,,False,,20260920,152,px083_policy_transfer/results/METRICS.json,,4209,,,,,4109,3325,0.8091993185689949,Other author technique labels; not verified benign,,,,,,,,,,,0.31693989071038253,,,,,,,,,,,,,,,,,,,,,100,0.025498241500586168,0.87,0.049544419134396354,0.023389017098576898,0.5069968362131906,3325,0.8091993185689949,0.802328344024709
PX083-0153,PX083,camlds,clean,,target_cost_gate,,False,,20260920,153,px083_policy_transfer/results/METRICS.json,,4209,,,,,4109,3108,0.7563884156729132,Other author technique labels; not verified benign,,,,,,,,,,,0.9705393205036826,,,,,,,,,,,,,,,,,,,,,100,0.02753441802252816,0.88,0.05339805825242718,0.027734248623616765,0.5593076174251642,3108,0.7563884156729132,0.7498218104062723
PX083-0154,PX083,camlds,random_25,,current,,False,,20260920,154,px083_policy_transfer/results/METRICS.json,,4209,,,,,4109,2029,0.4937941104891701,Other author technique labels; not verified benign,,,,,,,,,,,,,,,,,,,,,,,,,,,,,,,,100,0.02405002405002405,0.5,0.04589261128958238,0.023834802277220683,0.509269895351667,2029,0.4937941104891701,0.5295794725588026
PX083-0155,PX083,camlds,random_25,,context,,False,,20260920,155,px083_policy_transfer/results/METRICS.json,,4209,,,,,4109,2439,0.5935750790946702,Other author technique labels; not verified benign,,,,,,,,,,,,,,,,,,,,,,,,,,,,,,,,100,0.02556931681981622,0.64,0.04917402996542451,0.02846062641599068,0.5415271355560963,2439,0.5935750790946702,0.6136849607982894
PX083-0156,PX083,camlds,random_25,,fixed_fusion,,False,,20260920,156,px083_policy_transfer/results/METRICS.json,,4209,,,,,4109,2331,0.5672913117546848,Other author technique labels; not verified benign,,,,,,,,,,,,,,,,,,,,,,,,,,,,,,,,100,0.02631578947368421,0.63,0.05052125100240577,0.025962373678770453,0.5317924069116573,2331,0.5672913117546848,0.588976003801378
PX083-0157,PX083,camlds,random_25,,mixed_dropout,,False,,20260920,157,px083_policy_transfer/results/METRICS.json,,4209,,,,,4109,2967,0.7220734972012656,Other author technique labels; not verified benign,,,,,,,,,,,,,,,,,,,,,,,,,,,,,,,,100,0.02625533311453889,0.8,0.05084207181442644,0.02792569384455334,0.5625857872961791,2967,0.7220734972012656,0.7239249227845094
PX083-0158,PX083,camlds,random_25,,confidence_gate,,False,,20260920,158,px083_policy_transfer/results/METRICS.json,,4209,,,,,4109,2331,0.5672913117546848,Other author technique labels; not verified benign,,,,,,,,,,,0.6167735804229033,,,,,,,,,,,,,,,,,,,,,100,0.02631578947368421,0.63,0.05052125100240577,0.02765067249065293,0.534092236553906,2331,0.5672913117546848,0.588976003801378
PX083-0159,PX083,camlds,random_25,,ordinary_gate,,False,,20260920,159,px083_policy_transfer/results/METRICS.json,,4209,,,,,4109,2025,0.4928206376247262,Other author technique labels; not verified benign,,,,,,,,,,,0.14255167498218105,,,,,,,,,,,,,,,,,,,,,100,0.024096385542168676,0.5,0.04597701149425287,0.024689975858984057,0.5189729861280117,2025,0.4928206376247262,0.5286291280589214
PX083-0160,PX083,camlds,random_25,,target_cost_gate,,False,,20260920,160,px083_policy_transfer/results/METRICS.json,,4209,,,,,4109,2439,0.5935750790946702,Other author technique labels; not verified benign,,,,,,,,,,,0.8971252078878593,,,,,,,,,,,,,,,,,,,,,100,0.02556931681981622,0.64,0.04917402996542451,0.028438354434594283,0.5410391822827938,2439,0.5935750790946702,0.6136849607982894
PX083-0161,PX083,camlds,random_25,,current,,False,,20260921,161,px083_policy_transfer/results/METRICS.json,,4209,,,,,4109,2024,0.49257726940861524,Other author technique labels; not verified benign,,,,,,,,,,,,,,,,,,,,,,,,,,,,,,,,100,0.02457831325301205,0.51,0.04689655172413793,0.023841733952280092,0.5122694086152348,2024,0.49257726940861524,0.5274411974340698
PX083-0162,PX083,camlds,random_25,,context,,False,,20260921,162,px083_policy_transfer/results/METRICS.json,,4209,,,,,4109,2510,0.6108542224385495,Other author technique labels; not verified benign,,,,,,,,,,,,,,,,,,,,,,,,,,,,,,,,100,0.023726176584986387,0.61,0.04567577686259828,0.023868999953590916,0.5218483816013628,2510,0.6108542224385495,0.6334046091708244
PX083-0163,PX083,camlds,random_25,,fixed_fusion,,False,,20260921,163,px083_policy_transfer/results/METRICS.json,,4209,,,,,4109,2329,0.5668045753224629,Other author technique labels; not verified benign,,,,,,,,,,,,,,,,,,,,,,,,,,,,,,,,100,0.02307046979865772,0.55,0.04428341384863124,0.023396033836307253,0.5103054271112193,2329,0.5668045753224629,0.5961035875504871
PX083-0164,PX083,camlds,random_25,,mixed_dropout,,False,,20260921,164,px083_policy_transfer/results/METRICS.json,,4209,,,,,4109,2986,0.7266974933073741,Other author technique labels; not verified benign,,,,,,,,,,,,,,,,,,,,,,,,,,,,,,,,100,0.026410172807303553,0.81,0.05115251026207768,0.022910974225780933,0.5093392552932586,2986,0.7266974933073741,0.727488714659064
PX083-0165,PX083,camlds,random_25,,confidence_gate,,False,,20260921,165,px083_policy_transfer/results/METRICS.json,,4209,,,,,4109,2329,0.5668045753224629,Other author technique labels; not verified benign,,,,,,,,,,,0.62200047517225,,,,,,,,,,,,,,,,,,,,,100,0.02307046979865772,0.55,0.04428341384863124,0.02336967849293628,0.5137064979313701,2329,0.5668045753224629,0.5961035875504871
PX083-0166,PX083,camlds,random_25,,ordinary_gate,,False,,20260921,166,px083_policy_transfer/results/METRICS.json,,4209,,,,,4109,2022,0.49209053297639327,Other author technique labels; not verified benign,,,,,,,,,,,0.14540270848182466,,,,,,,,,,,,,,,,,,,,,100,0.024602026049204053,0.51,0.04693971468016567,0.024622982420071004,0.5243343879289365,2022,0.49209053297639327,0.5269660251841293
PX083-0167,PX083,camlds,random_25,,target_cost_gate,,False,,20260921,167,px083_policy_transfer/results/METRICS.json,,4209,,,,,4109,2510,0.6108542224385495,Other author technique labels; not verified benign,,,,,,,,,,,0.909479686386315,,,,,,,,,,,,,,,,,,,,,100,0.023726176584986387,0.61,0.04567577686259828,0.02379497750485728,0.5196580676563641,2510,0.6108542224385495,0.6334046091708244
PX083-0168,PX083,camlds,random_25,,current,,False,,20260922,168,px083_policy_transfer/results/METRICS.json,,4209,,,,,4109,2017,0.4908736918958384,Other author technique labels; not verified benign,,,,,,,,,,,,,,,,,,,,,,,,,,,,,,,,100,0.022771317829457363,0.47,0.04343807763401109,0.02457556979431338,0.4976028230713069,2017,0.4908736918958384,0.5295794725588026
PX083-0169,PX083,camlds,random_25,,context,,False,,20260922,169,px083_policy_transfer/results/METRICS.json,,4209,,,,,4109,2474,0.6020929666585544,Other author technique labels; not verified benign,,,,,,,,,,,,,,,,,,,,,,,,,,,,,,,,100,0.02367797947908445,0.6,0.04555808656036447,0.03463047499573082,0.5083803845217815,2474,0.6020929666585544,0.6258018531717747
PX083-0170,PX083,camlds,random_25,,fixed_fusion,,False,,20260922,170,px083_policy_transfer/results/METRICS.json,,4209,,,,,4109,2309,0.5619372110002434,Other author technique labels; not verified benign,,,,,,,,,,,,,,,,,,,,,,,,,,,,,,,,100,0.02491554054054054,0.59,0.04781199351701783,0.028384844671230737,0.5057155025553663,2309,0.5619372110002434,0.5875504870515562
PX083-0171,PX083,camlds,random_25,,mixed_dropout,,False,,20260922,171,px083_policy_transfer/results/METRICS.json,,4209,,,,,4109,2949,0.717692869311268,Other author technique labels; not verified benign,,,,,,,,,,,,,,,,,,,,,,,,,,,,,,,,100,0.027053777631144835,0.82,0.05237943149153625,0.0269820185366038,0.5231990752007789,2949,0.717692869311268,0.7177476835352815
PX083-0172,PX083,camlds,random_25,,confidence_gate,,False,,20260922,172,px083_policy_transfer/results/METRICS.json,,4209,,,,,4109,2309,0.5619372110002434,Other author technique labels; not verified benign,,,,,,,,,,,0.6143977191732003,,,,,,,,,,,,,,,,,,,,,100,0.02491554054054054,0.59,0.04781199351701783,0.03464623796914942,0.5148746653687029,2309,0.5619372110002434,0.5875504870515562
PX083-0173,PX083,camlds,random_25,,ordinary_gate,,False,,20260922,173,px083_policy_transfer/results/METRICS.json,,4209,,,,,4109,2013,0.4899002190313945,Other author technique labels; not verified benign,,,,,,,,,,,0.14659063910667616,,,,,,,,,,,,,,,,,,,,,100,0.022815533980582524,0.47,0.04351851851851852,0.025022199277219926,0.5058870771477245,2013,0.4899002190313945,0.5286291280589214
PX083-0174,PX083,camlds,random_25,,target_cost_gate,,False,,20260922,174,px083_policy_transfer/results/METRICS.json,,4209,,,,,4109,2474,0.6020929666585544,Other author technique labels; not verified benign,,,,,,,,,,,0.8973627940128297,,,,,,,,,,,,,,,,,,,,,100,0.02367797947908445,0.6,0.04555808656036447,0.03474045588535411,0.5119724993915795,2474,0.6020929666585544,0.6258018531717747
PX083-0175,PX083,camlds,random_50,,current,,False,,20260920,175,px083_policy_transfer/results/METRICS.json,,4209,,,,,4109,1131,0.2752494524215138,Other author technique labels; not verified benign,,,,,,,,,,,,,,,,,,,,,,,,,,,,,,,,100,0.02162629757785467,0.25,0.03980891719745223,0.024178338173801446,0.505778778291555,1131,0.2752494524215138,0.33998574483250177
PX083-0176,PX083,camlds,random_50,,context,,False,,20260920,176,px083_policy_transfer/results/METRICS.json,,4209,,,,,4109,2019,0.4913604283280604,Other author technique labels; not verified benign,,,,,,,,,,,,,,,,,,,,,,,,,,,,,,,,100,0.02463768115942029,0.51,0.047004608294930875,0.027317945135054165,0.5375334631297153,2019,0.4913604283280604,0.5262532668092184
PX083-0177,PX083,camlds,random_50,,fixed_fusion,,False,,20260920,177,px083_policy_transfer/results/METRICS.json,,4209,,,,,4109,1751,0.4261377464103188,Other author technique labels; not verified benign,,,,,,,,,,,,,,,,,,,,,,,,,,,,,,,,100,0.023424428332403793,0.42,0.044374009508716325,0.026133600806123244,0.5221282550498905,1751,0.4261377464103188,0.47113328581610836
PX083-0178,PX083,camlds,random_50,,mixed_dropout,,False,,20260920,178,px083_policy_transfer/results/METRICS.json,,4209,,,,,4109,2716,0.6609880749574105,Other author technique labels; not verified benign,,,,,,,,,,,,,,,,,,,,,,,,,,,,,,,,100,0.026523297491039426,0.74,0.05121107266435986,0.02761347112427691,0.5558420540277439,2716,0.6609880749574105,0.6699928724162509
PX083-0179,PX083,camlds,random_50,,confidence_gate,,False,,20260920,179,px083_policy_transfer/results/METRICS.json,,4209,,,,,4109,1751,0.4261377464103188,Other author technique labels; not verified benign,,,,,,,,,,,0.5174625801853172,,,,,,,,,,,,,,,,,,,,,100,0.023424428332403793,0.42,0.044374009508716325,0.026537018218014095,0.5254563154052081,1751,0.4261377464103188,0.47113328581610836
PX083-0180,PX083,camlds,random_50,,ordinary_gate,,False,,20260920,180,px083_policy_transfer/results/METRICS.json,,4209,,,,,4109,1130,0.2750060842054028,Other author technique labels; not verified benign,,,,,,,,,,,0.11594202898550725,,,,,,,,,,,,,,,,,,,,,100,0.021645021645021644,0.25,0.0398406374501992,0.024599159847378853,0.5139316135312728,1130,0.2750060842054028,0.3397481587075315
PX083-0181,PX083,camlds,random_50,,target_cost_gate,,False,,20260920,181,px083_policy_transfer/results/METRICS.json,,4209,,,,,4109,2019,0.4913604283280604,Other author technique labels; not verified benign,,,,,,,,,,,0.7317652649085293,,,,,,,,,,,,,,,,,,,,,100,0.02463768115942029,0.51,0.047004608294930875,0.026998686096247636,0.5293197858359697,2019,0.4913604283280604,0.5262532668092184
PX083-0182,PX083,camlds,random_50,,current,,False,,20260921,182,px083_policy_transfer/results/METRICS.json,,4209,,,,,4109,1143,0.27816987101484547,Other author technique labels; not verified benign,,,,,,,,,,,,,,,,,,,,,,,,,,,,,,,,100,0.02557544757033248,0.3,0.04713275726630008,0.023966519348229416,0.5046081771720614,1143,0.27816987101484547,0.33808505583273935
PX083-0183,PX083,camlds,random_50,,context,,False,,20260921,183,px083_policy_transfer/results/METRICS.json,,4209,,,,,4109,2034,0.49501095156972497,Other author technique labels; not verified benign,,,,,,,,,,,,,,,,,,,,,,,,,,,,,,,,100,0.02539530426449449,0.53,0.04846822130772748,0.02538858822599689,0.5156814310051108,2034,0.49501095156972497,0.5279163696840105
PX083-0184,PX083,camlds,random_50,,fixed_fusion,,False,,20260921,184,px083_policy_transfer/results/METRICS.json,,4209,,,,,4109,1791,0.43587247505475785,Other author technique labels; not verified benign,,,,,,,,,,,,,,,,,,,,,,,,,,,,,,,,100,0.026101141924959218,0.48,0.04951005673027334,0.02467668498291261,0.513958384035045,1791,0.43587247505475785,0.47493466381563315
PX083-0185,PX083,camlds,random_50,,mixed_dropout,,False,,20260921,185,px083_policy_transfer/results/METRICS.json,,4209,,,,,4109,2758,0.6712095400340715,Other author technique labels; not verified benign,,,,,,,,,,,,,,,,,,,,,,,,,,,,,,,,100,0.023371104815864022,0.66,0.04514363885088919,0.022136912203823793,0.4821014845461183,2758,0.6712095400340715,0.6875742456640532
PX083-0186,PX083,camlds,random_50,,confidence_gate,,False,,20260921,186,px083_policy_transfer/results/METRICS.json,,4209,,,,,4109,1791,0.43587247505475785,Other author technique labels; not verified benign,,,,,,,,,,,0.5295794725588026,,,,,,,,,,,,,,,,,,,,,100,0.026101141924959218,0.48,0.04951005673027334,0.024969620363796543,0.5119530299342906,1791,0.43587247505475785,0.47493466381563315
PX083-0187,PX083,camlds,random_50,,ordinary_gate,,False,,20260921,187,px083_policy_transfer/results/METRICS.json,,4209,,,,,4109,1142,0.2779265027987345,Other author technique labels; not verified benign,,,,,,,,,,,0.11784271798526966,,,,,,,,,,,,,,,,,,,,,100,0.025597269624573378,0.3,0.04716981132075472,0.02383214907767065,0.5060525675346801,1142,0.2779265027987345,0.3378474697077691
PX083-0188,PX083,camlds,random_50,,target_cost_gate,,False,,20260921,188,px083_policy_transfer/results/METRICS.json,,4209,,,,,4109,2034,0.49501095156972497,Other author technique labels; not verified benign,,,,,,,,,,,0.7303397481587075,,,,,,,,,,,,,,,,,,,,,100,0.02539530426449449,0.53,0.04846822130772748,0.02531078578600294,0.5139486493064007,2034,0.49501095156972497,0.5279163696840105
PX083-0189,PX083,camlds,random_50,,current,,False,,20260922,189,px083_policy_transfer/results/METRICS.json,,4209,,,,,4109,1063,0.2587004137259674,Other author technique labels; not verified benign,,,,,,,,,,,,,,,,,,,,,,,,,,,,,,,,100,0.026556776556776556,0.29,0.04865771812080537,0.026370949038197047,0.5198259917254806,1063,0.2587004137259674,0.32002851033499646
PX083-0190,PX083,camlds,random_50,,context,,False,,20260922,190,px083_policy_transfer/results/METRICS.json,,4209,,,,,4109,2015,0.49038695546361644,Other author technique labels; not verified benign,,,,,,,,,,,,,,,,,,,,,,,,,,,,,,,,100,0.02374031007751938,0.49,0.04528650646950092,0.03618468833901947,0.5300048673643222,2015,0.49038695546361644,0.5272036113090995
PX083-0191,PX083,camlds,random_50,,fixed_fusion,,False,,20260922,191,px083_policy_transfer/results/METRICS.json,,4209,,,,,4109,1740,0.4234606960330981,Other author technique labels; not verified benign,,,,,,,,,,,,,,,,,,,,,,,,,,,,,,,,100,0.025210084033613446,0.45,0.04774535809018567,0.03910457606330563,0.5281284984181066,1740,0.4234606960330981,0.4656688049417914
PX083-0192,PX083,camlds,random_50,,mixed_dropout,,False,,20260922,192,px083_policy_transfer/results/METRICS.json,,4209,,,,,4109,2698,0.656607447067413,Other author technique labels; not verified benign,,,,,,,,,,,,,,,,,,,,,,,,,,,,,,,,100,0.026344280043305666,0.73,0.050853361198188785,0.028880504117937904,0.5456510099780969,2698,0.656607447067413,0.6666666666666666
PX083-0193,PX083,camlds,random_50,,confidence_gate,,False,,20260922,193,px083_policy_transfer/results/METRICS.json,,4209,,,,,4109,1740,0.4234606960330981,Other author technique labels; not verified benign,,,,,,,,,,,0.5079591351865052,,,,,,,,,,,,,,,,,,,,,100,0.025210084033613446,0.45,0.04774535809018567,0.03624394941439357,0.5363884156729131,1740,0.4234606960330981,0.4656688049417914
PX083-0194,PX083,camlds,random_50,,ordinary_gate,,False,,20260922,194,px083_policy_transfer/results/METRICS.json,,4209,,,,,4109,1061,0.25821367729374545,Other author technique labels; not verified benign,,,,,,,,,,,0.11570444286053694,,,,,,,,,,,,,,,,,,,,,100,0.026605504587155965,0.29,0.04873949579831933,0.02836141773970551,0.5323910927232903,1061,0.25821367729374545,0.3195533380850558
PX083-0195,PX083,camlds,random_50,,target_cost_gate,,False,,20260922,195,px083_policy_transfer/results/METRICS.json,,4209,,,,,4109,2015,0.49038695546361644,Other author technique labels; not verified benign,,,,,,,,,,,0.7310525065336184,,,,,,,,,,,,,,,,,,,,,100,0.02374031007751938,0.49,0.04528650646950092,0.0363000082272361,0.5338549525431978,2015,0.49038695546361644,0.5272036113090995
PX083-0196,PX083,camlds,random_75,,current,,False,,20260920,196,px083_policy_transfer/results/METRICS.json,,4209,,,,,4109,517,0.12582136772937455,Other author technique labels; not verified benign,,,,,,,,,,,,,,,,,,,,,,,,,,,,,,,,100,0.022684310018903593,0.12,0.03815580286168521,0.023571855487367323,0.4815052324166464,517,0.12582136772937455,0.20646234259919222
PX083-0197,PX083,camlds,random_75,,context,,False,,20260920,197,px083_policy_transfer/results/METRICS.json,,4209,,,,,4109,1318,0.32075930883426623,Other author technique labels; not verified benign,,,,,,,,,,,,,,,,,,,,,,,,,,,,,,,,100,0.02225519287833828,0.3,0.04143646408839779,0.022368097089059444,0.4809260160623022,1318,0.32075930883426623,0.37966262770254217
PX083-0198,PX083,camlds,random_75,,fixed_fusion,,False,,20260920,198,px083_policy_transfer/results/METRICS.json,,4209,,,,,4109,1015,0.24701873935264054,Other author technique labels; not verified benign,,,,,,,,,,,,,,,,,,,,,,,,,,,,,,,,100,0.021215043394406944,0.22,0.03869832893579595,0.022907241111712745,0.47971890971039177,1015,0.24701873935264054,0.3152767878355904
PX083-0199,PX083,camlds,random_75,,mixed_dropout,,False,,20260920,199,px083_policy_transfer/results/METRICS.json,,4209,,,,,4109,1910,0.464833292771964,Other author technique labels; not verified benign,,,,,,,,,,,,,,,,,,,,,,,,,,,,,,,,100,0.024514811031664963,0.48,0.04664723032069971,0.02275796438061102,0.48680579216354336,1910,0.464833292771964,0.5032074126870991
PX083-0200,PX083,camlds,random_75,,confidence_gate,,False,,20260920,200,px083_policy_transfer/results/METRICS.json,,4209,,,,,4109,1015,0.24701873935264054,Other author technique labels; not verified benign,,,,,,,,,,,0.2972202423378475,,,,,,,,,,,,,,,,,,,,,100,0.021215043394406944,0.22,0.03869832893579595,0.021956123251335023,0.4742005354100754,1015,0.24701873935264054,0.3152767878355904
PX083-0201,PX083,camlds,random_75,,ordinary_gate,,False,,20260920,201,px083_policy_transfer/results/METRICS.json,,4209,,,,,4109,517,0.12582136772937455,Other author technique labels; not verified benign,,,,,,,,,,,0.055832739368020905,,,,,,,,,,,,,,,,,,,,,100,0.022684310018903593,0.12,0.03815580286168521,0.0237061035291333,0.48134582623509364,517,0.12582136772937455,0.20646234259919222
PX083-0202,PX083,camlds,random_75,,target_cost_gate,,False,,20260920,202,px083_policy_transfer/results/METRICS.json,,4209,,,,,4109,1318,0.32075930883426623,Other author technique labels; not verified benign,,,,,,,,,,,0.4518888096935139,,,,,,,,,,,,,,,,,,,,,100,0.02225519287833828,0.3,0.04143646408839779,0.022300096430286815,0.47975541494280843,1318,0.32075930883426623,0.37966262770254217
PX083-0203,PX083,camlds,random_75,,current,,False,,20260921,203,px083_policy_transfer/results/METRICS.json,,4209,,,,,4109,500,0.12168410805548795,Other author technique labels; not verified benign,,,,,,,,,,,,,,,,,,,,,,,,,,,,,,,,100,0.038461538461538464,0.2,0.06451612903225806,0.025935631598733334,0.4964030177658798,500,0.12168410805548795,0.1948206224756474
PX083-0204,PX083,camlds,random_75,,context,,False,,20260921,204,px083_policy_transfer/results/METRICS.json,,4209,,,,,4109,1326,0.32270625456315405,Other author technique labels; not verified benign,,,,,,,,,,,,,,,,,,,,,,,,,,,,,,,,100,0.025,0.34,0.04657534246575343,0.029428201222379168,0.49528230713068877,1326,0.32270625456315405,0.37776193870277974
PX083-0205,PX083,camlds,random_75,,fixed_fusion,,False,,20260921,205,px083_policy_transfer/results/METRICS.json,,4209,,,,,4109,1031,0.25091263081041615,Other author technique labels; not verified benign,,,,,,,,,,,,,,,,,,,,,,,,,,,,,,,,100,0.02644003777148253,0.28,0.04831751509922347,0.027416505507325738,0.49736553906059866,1031,0.25091263081041615,0.313376098835828
PX083-0206,PX083,camlds,random_75,,mixed_dropout,,False,,20260921,206,px083_policy_transfer/results/METRICS.json,,4209,,,,,4109,1940,0.47213433925529324,Other author technique labels; not verified benign,,,,,,,,,,,,,,,,,,,,,,,,,,,,,,,,100,0.023162134944612285,0.46,0.04410354745925216,0.02274765091606913,0.4760805548795327,1940,0.47213433925529324,0.5122356854359705
PX083-0207,PX083,camlds,random_75,,confidence_gate,,False,,20260921,207,px083_policy_transfer/results/METRICS.json,,4209,,,,,4109,1031,0.25091263081041615,Other author technique labels; not verified benign,,,,,,,,,,,0.3000712758374911,,,,,,,,,,,,,,,,,,,,,100,0.02644003777148253,0.28,0.04831751509922347,0.029181144559129304,0.4945485519591142,1031,0.25091263081041615,0.313376098835828
PX083-0208,PX083,camlds,random_75,,ordinary_gate,,False,,20260921,208,px083_policy_transfer/results/METRICS.json,,4209,,,,,4109,500,0.12168410805548795,Other author technique labels; not verified benign,,,,,,,,,,,0.05963411736754574,,,,,,,,,,,,,,,,,,,,,100,0.038461538461538464,0.2,0.06451612903225806,0.026464496868939834,0.49972742759795574,500,0.12168410805548795,0.1948206224756474
PX083-0209,PX083,camlds,random_75,,target_cost_gate,,False,,20260921,209,px083_policy_transfer/results/METRICS.json,,4209,,,,,4109,1326,0.32270625456315405,Other author technique labels; not verified benign,,,,,,,,,,,0.45854122119268237,,,,,,,,,,,,,,,,,,,,,100,0.025,0.34,0.04657534246575343,0.029406447688385327,0.4951460209296666,1326,0.32270625456315405,0.37776193870277974
PX083-0210,PX083,camlds,random_75,,current,,False,,20260922,210,px083_policy_transfer/results/METRICS.json,,4209,,,,,4109,462,0.11243611584327087,Other author technique labels; not verified benign,,,,,,,,,,,,,,,,,,,,,,,,,,,,,,,,100,0.02736842105263158,0.13,0.04521739130434783,0.025530519885519444,0.5340958870771477,462,0.11243611584327087,0.1924447612259444
PX083-0211,PX083,camlds,random_75,,context,,False,,20260922,211,px083_policy_transfer/results/METRICS.json,,4209,,,,,4109,1311,0.3190557313214894,Other author technique labels; not verified benign,,,,,,,,,,,,,,,,,,,,,,,,,,,,,,,,100,0.024553571428571428,0.33,0.045706371191135735,0.024282455512924194,0.5166792406911657,1311,0.3190557313214894,0.37514849132810646
PX083-0212,PX083,camlds,random_75,,fixed_fusion,,False,,20260922,212,px083_policy_transfer/results/METRICS.json,,4209,,,,,4109,995,0.24215137503042103,Other author technique labels; not verified benign,,,,,,,,,,,,,,,,,,,,,,,,,,,,,,,,100,0.022593320235756387,0.23,0.04114490161001789,0.02452557993294606,0.5227512776831346,995,0.24215137503042103,0.30957472083630316
PX083-0213,PX083,camlds,random_75,,mixed_dropout,,False,,20260922,213,px083_policy_transfer/results/METRICS.json,,4209,,,,,4109,1911,0.46507666098807493,Other author technique labels; not verified benign,,,,,,,,,,,,,,,,,,,,,,,,,,,,,,,,100,0.02599388379204893,0.51,0.049466537342386034,0.02707857842315712,0.5261779021659772,1911,0.46507666098807493,0.5005939653124257
PX083-0214,PX083,camlds,random_75,,confidence_gate,,False,,20260922,214,px083_policy_transfer/results/METRICS.json,,4209,,,,,4109,995,0.24215137503042103,Other author technique labels; not verified benign,,,,,,,,,,,0.29555713946305534,,,,,,,,,,,,,,,,,,,,,100,0.022593320235756387,0.23,0.04114490161001789,0.024857166737907378,0.5253285470917498,995,0.24215137503042103,0.30957472083630316
PX083-0215,PX083,camlds,random_75,,ordinary_gate,,False,,20260922,215,px083_policy_transfer/results/METRICS.json,,4209,,,,,4109,462,0.11243611584327087,Other author technique labels; not verified benign,,,,,,,,,,,0.05773342836778332,,,,,,,,,,,,,,,,,,,,,100,0.02736842105263158,0.13,0.04521739130434783,0.025726577285307098,0.5347176928693113,462,0.11243611584327087,0.1924447612259444
PX083-0216,PX083,camlds,random_75,,target_cost_gate,,False,,20260922,216,px083_policy_transfer/results/METRICS.json,,4209,,,,,4109,1311,0.3190557313214894,Other author technique labels; not verified benign,,,,,,,,,,,0.45616535994297935,,,,,,,,,,,,,,,,,,,,,100,0.024553571428571428,0.33,0.045706371191135735,0.02453482356744106,0.5212229252859576,1311,0.3190557313214894,0.37514849132810646
PX083-0217,PX083,camlds,support_burst_60,,current,,False,,20260920,217,px083_policy_transfer/results/METRICS.json,,4209,,,,,4109,3329,0.8101727914334388,Other author technique labels; not verified benign,,,,,,,,,,,,,,,,,,,,,,,,,,,,,,,,100,0.025468384074941453,0.87,0.04948805460750853,0.02380494954929556,0.5087320515940618,3329,0.8101727914334388,0.8032786885245902
PX083-0218,PX083,camlds,support_burst_60,,context,,False,,20260920,218,px083_policy_transfer/results/METRICS.json,,4209,,,,,4109,3685,0.8968118763689462,Other author technique labels; not verified benign,,,,,,,,,,,,,,,,,,,,,,,,,,,,,,,,100,0.02513227513227513,0.95,0.04896907216494845,0.022294751203577788,0.4862399610610854,3685,0.8968118763689462,0.880256593014968
PX083-0219,PX083,camlds,support_burst_60,,fixed_fusion,,False,,20260920,219,px083_policy_transfer/results/METRICS.json,,4209,,,,,4109,3491,0.8495984424434169,Other author technique labels; not verified benign,,,,,,,,,,,,,,,,,,,,,,,,,,,,,,,,100,0.025676807144850683,0.92,0.04995927233233777,0.02239838769714254,0.4956169384278414,3491,0.8495984424434169,0.837015918270373
PX083-0220,PX083,camlds,support_burst_60,,mixed_dropout,,False,,20260920,220,px083_policy_transfer/results/METRICS.json,,4209,,,,,4109,3541,0.8617668532489657,Other author technique labels; not verified benign,,,,,,,,,,,,,,,,,,,,,,,,,,,,,,,,100,0.025055066079295155,0.91,0.04876741693461951,0.02157315313945767,0.48114869798004384,3541,0.8617668532489657,0.8498455690187693
PX083-0221,PX083,camlds,support_burst_60,,confidence_gate,,False,,20260920,221,px083_policy_transfer/results/METRICS.json,,4209,,,,,4109,3491,0.8495984424434169,Other author technique labels; not verified benign,,,,,,,,,,,0.847232121644096,,,,,,,,,,,,,,,,,,,,,100,0.025676807144850683,0.92,0.04995927233233777,0.022445028950063436,0.4907325383304941,3491,0.8495984424434169,0.837015918270373
PX083-0222,PX083,camlds,support_burst_60,,ordinary_gate,,False,,20260920,222,px083_policy_transfer/results/METRICS.json,,4209,,,,,4109,3326,0.8094426867851059,Other author technique labels; not verified benign,,,,,,,,,,,0.025184129246851983,,,,,,,,,,,,,,,,,,,,,100,0.025490770583064752,0.87,0.04953031596925705,0.02375468554964597,0.5078547091749818,3326,0.8094426867851059,0.8025659301496793
PX083-0223,PX083,camlds,support_burst_60,,target_cost_gate,,False,,20260920,223,px083_policy_transfer/results/METRICS.json,,4209,,,,,4109,3685,0.8968118763689462,Other author technique labels; not verified benign,,,,,,,,,,,0.9486813970064149,,,,,,,,,,,,,,,,,,,,,100,0.02513227513227513,0.95,0.04896907216494845,0.022293392810130003,0.48622292528595773,3685,0.8968118763689462,0.880256593014968
PX083-0224,PX083,camlds,command_records_absent,,current,,False,,20260920,224,px083_policy_transfer/results/METRICS.json,,4209,,,,,4109,2,0.0004867364322219518,Other author technique labels; not verified benign,,,,,,,,,,,,,,,,,,,,,,,,,,,,,,,,100,0.0,0.0,0.0,0.024108481120370465,0.5045923582380141,2,0.0004867364322219518,0.0955096222380613
PX083-0225,PX083,camlds,command_records_absent,,context,,False,,20260920,225,px083_policy_transfer/results/METRICS.json,,4209,,,,,4109,666,0.16208323192990995,Other author technique labels; not verified benign,,,,,,,,,,,,,,,,,,,,,,,,,,,,,,,,100,0.022026431718061675,0.15,0.03841229193341869,0.02498062420124441,0.5338342662448284,666,0.16208323192990995,0.23901164172012354
PX083-0226,PX083,camlds,command_records_absent,,fixed_fusion,,False,,20260920,226,px083_policy_transfer/results/METRICS.json,,4209,,,,,4109,4,0.0009734728644439036,Other author technique labels; not verified benign,,,,,,,,,,,,,,,,,,,,,,,,,,,,,,,,100,0.0,0.0,0.0,0.02445717567129461,0.525355317595522,4,0.0009734728644439036,0.0959847944880019
PX083-0227,PX083,camlds,command_records_absent,,mixed_dropout,,False,,20260920,227,px083_policy_transfer/results/METRICS.json,,4209,,,,,4109,2976,0.7242638111462643,Other author technique labels; not verified benign,,,,,,,,,,,,,,,,,,,,,,,,,,,,,,,,100,0.027450980392156862,0.84,0.053164556962025315,0.025607797459202594,0.5444499878315893,2976,0.7242638111462643,0.7222618199097173
PX083-0228,PX083,camlds,command_records_absent,,confidence_gate,,False,,20260920,228,px083_policy_transfer/results/METRICS.json,,4209,,,,,4109,4,0.0009734728644439036,Other author technique labels; not verified benign,,,,,,,,,,,0.5747208363031598,,,,,,,,,,,,,,,,,,,,,100,0.0,0.0,0.0,0.02421563476112143,0.5293185689948893,4,0.0009734728644439036,0.0959847944880019
PX083-0229,PX083,camlds,command_records_absent,,ordinary_gate,,False,,20260920,229,px083_policy_transfer/results/METRICS.json,,4209,,,,,4109,2,0.0004867364322219518,Other author technique labels; not verified benign,,,,,,,,,,,0.4803991446899501,,,,,,,,,,,,,,,,,,,,,100,0.0,0.0,0.0,0.025288448026480365,0.5377889997566317,2,0.0004867364322219518,0.0955096222380613
PX083-0230,PX083,camlds,command_records_absent,,target_cost_gate,,False,,20260920,230,px083_policy_transfer/results/METRICS.json,,4209,,,,,4109,666,0.16208323192990995,Other author technique labels; not verified benign,,,,,,,,,,,0.8838203848895224,,,,,,,,,,,,,,,,,,,,,100,0.022026431718061675,0.15,0.03841229193341869,0.024744362818919757,0.5305414942808468,666,0.16208323192990995,0.23901164172012354
PX083-0231,PX083,camlds,delay_30_deadline_0,,current,,False,,20260920,231,px083_policy_transfer/results/METRICS.json,,4209,,,,,4109,2,0.0004867364322219518,Other author technique labels; not verified benign,,,,,,,,,,,,,,,,,,,,,,,,,,,,,,,,100,0.0,0.0,0.0,0.024108481120370465,0.5045923582380141,2,0.0004867364322219518,0.0955096222380613
PX083-0232,PX083,camlds,delay_30_deadline_0,,context,,False,,20260920,232,px083_policy_transfer/results/METRICS.json,,4209,,,,,4109,147,0.03577512776831346,Other author technique labels; not verified benign,,,,,,,,,,,,,,,,,,,,,,,,,,,,,,,,100,0.026490066225165563,0.04,0.03187250996015936,0.024890733450032898,0.530587734241908,147,0.03577512776831346,0.1261582323592302
PX083-0233,PX083,camlds,delay_30_deadline_0,,fixed_fusion,,False,,20260920,233,px083_policy_transfer/results/METRICS.json,,4209,,,,,4109,13,0.003163786809442687,Other author technique labels; not verified benign,,,,,,,,,,,,,,,,,,,,,,,,,,,,,,,,100,0.0,0.0,0.0,0.023821712705659925,0.5191202238987588,13,0.003163786809442687,0.09812306961273462
PX083-0234,PX083,camlds,delay_30_deadline_0,,mixed_dropout,,False,,20260920,234,px083_policy_transfer/results/METRICS.json,,4209,,,,,4109,2870,0.6984667802385008,Other author technique labels; not verified benign,,,,,,,,,,,,,,,,,,,,,,,,,,,,,,,,100,0.026788741946422515,0.79,0.05182026894063627,0.02887206907509779,0.570585300559747,2870,0.6984667802385008,0.7018294131622713
PX083-0235,PX083,camlds,delay_30_deadline_0,,confidence_gate,,False,,20260920,235,px083_policy_transfer/results/METRICS.json,,4209,,,,,4109,13,0.003163786809442687,Other author technique labels; not verified benign,,,,,,,,,,,0.7410311237823711,,,,,,,,,,,,,,,,,,,,,100,0.0,0.0,0.0,0.024401586757978874,0.5240691165733755,13,0.003163786809442687,0.09812306961273462
PX083-0236,PX083,camlds,delay_30_deadline_0,,ordinary_gate,,False,,20260920,236,px083_policy_transfer/results/METRICS.json,,4209,,,,,4109,2,0.0004867364322219518,Other author technique labels; not verified benign,,,,,,,,,,,0.4989308624376336,,,,,,,,,,,,,,,,,,,,,100,0.0,0.0,0.0,0.024679741041291912,0.5269481625699683,2,0.0004867364322219518,0.0955096222380613
PX083-0237,PX083,camlds,delay_30_deadline_0,,target_cost_gate,,False,,20260920,237,px083_policy_transfer/results/METRICS.json,,4209,,,,,4109,147,0.03577512776831346,Other author technique labels; not verified benign,,,,,,,,,,,0.8823948681397007,,,,,,,,,,,,,,,,,,,,,100,0.026490066225165563,0.04,0.03187250996015936,0.02516165590004582,0.527993429058165,147,0.03577512776831346,0.1261582323592302
PX083-0238,PX083,camlds,delay_30_deadline_30,,current,,False,,20260920,238,px083_policy_transfer/results/METRICS.json,,4209,,,,,4109,3329,0.8101727914334388,Other author technique labels; not verified benign,,,,,,,,,,,,,,,,,,,,,,,,,,,,,,,,100,0.025468384074941453,0.87,0.04948805460750853,0.02380494954929556,0.5087320515940618,3329,0.8101727914334388,0.8032786885245902
PX083-0239,PX083,camlds,delay_30_deadline_30,,context,,False,,20260920,239,px083_policy_transfer/results/METRICS.json,,4209,,,,,4109,3108,0.7563884156729132,Other author technique labels; not verified benign,,,,,,,,,,,,,,,,,,,,,,,,,,,,,,,,100,0.02753441802252816,0.88,0.05339805825242718,0.02773794427482751,0.5594755414942808,3108,0.7563884156729132,0.7498218104062723
PX083-0240,PX083,camlds,delay_30_deadline_30,,fixed_fusion,,False,,20260920,240,px083_policy_transfer/results/METRICS.json,,4209,,,,,4109,3171,0.7717206132879046,Other author technique labels; not verified benign,,,,,,,,,,,,,,,,,,,,,,,,,,,,,,,,100,0.02700214789812826,0.88,0.052396546591247393,0.02485768128155143,0.5380761742516428,3171,0.7717206132879046,0.7647897362794013
PX083-0241,PX083,camlds,delay_30_deadline_30,,mixed_dropout,,False,,20260920,241,px083_policy_transfer/results/METRICS.json,,4209,,,,,4109,3038,0.7393526405451448,Other author technique labels; not verified benign,,,,,,,,,,,,,,,,,,,,,,,,,,,,,,,,100,0.027217419148254884,0.85,0.05274588892336333,0.027590189676380616,0.566019712825505,3038,0.7393526405451448,0.7360418151579948
PX083-0242,PX083,camlds,delay_30_deadline_30,,confidence_gate,,False,,20260920,242,px083_policy_transfer/results/METRICS.json,,4209,,,,,4109,3171,0.7717206132879046,Other author technique labels; not verified benign,,,,,,,,,,,0.3483012592064623,,,,,,,,,,,,,,,,,,,,,100,0.02700214789812826,0.88,0.052396546591247393,0.02499252619271254,0.5347992212217084,3171,0.7717206132879046,0.7647897362794013
PX083-0243,PX083,camlds,delay_30_deadline_30,,ordinary_gate,,False,,20260920,243,px083_policy_transfer/results/METRICS.json,,4209,,,,,4109,3325,0.8091993185689949,Other author technique labels; not verified benign,,,,,,,,,,,0.31693989071038253,,,,,,,,,,,,,,,,,,,,,100,0.025498241500586168,0.87,0.049544419134396354,0.023389017098576898,0.5069968362131906,3325,0.8091993185689949,0.802328344024709
PX083-0244,PX083,camlds,delay_30_deadline_30,,target_cost_gate,,False,,20260920,244,px083_policy_transfer/results/METRICS.json,,4209,,,,,4109,3108,0.7563884156729132,Other author technique labels; not verified benign,,,,,,,,,,,0.9705393205036826,,,,,,,,,,,,,,,,,,,,,100,0.02753441802252816,0.88,0.05339805825242718,0.027734248623616765,0.5593076174251642,3108,0.7563884156729132,0.7498218104062723
PX083-0245,PX083,camlds,delay_120_deadline_0,,current,,False,,20260920,245,px083_policy_transfer/results/METRICS.json,,4209,,,,,4109,2,0.0004867364322219518,Other author technique labels; not verified benign,,,,,,,,,,,,,,,,,,,,,,,,,,,,,,,,100,0.0,0.0,0.0,0.024108481120370465,0.5045923582380141,2,0.0004867364322219518,0.0955096222380613
PX083-0246,PX083,camlds,delay_120_deadline_0,,context,,False,,20260920,246,px083_policy_transfer/results/METRICS.json,,4209,,,,,4109,666,0.16208323192990995,Other author technique labels; not verified benign,,,,,,,,,,,,,,,,,,,,,,,,,,,,,,,,100,0.022026431718061675,0.15,0.03841229193341869,0.02498062420124441,0.5338342662448284,666,0.16208323192990995,0.23901164172012354
PX083-0247,PX083,camlds,delay_120_deadline_0,,fixed_fusion,,False,,20260920,247,px083_policy_transfer/results/METRICS.json,,4209,,,,,4109,4,0.0009734728644439036,Other author technique labels; not verified benign,,,,,,,,,,,,,,,,,,,,,,,,,,,,,,,,100,0.0,0.0,0.0,0.02445717567129461,0.525355317595522,4,0.0009734728644439036,0.0959847944880019
PX083-0248,PX083,camlds,delay_120_deadline_0,,mixed_dropout,,False,,20260920,248,px083_policy_transfer/results/METRICS.json,,4209,,,,,4109,2976,0.7242638111462643,Other author technique labels; not verified benign,,,,,,,,,,,,,,,,,,,,,,,,,,,,,,,,100,0.027450980392156862,0.84,0.053164556962025315,0.025607797459202594,0.5444499878315893,2976,0.7242638111462643,0.7222618199097173
PX083-0249,PX083,camlds,delay_120_deadline_0,,confidence_gate,,False,,20260920,249,px083_policy_transfer/results/METRICS.json,,4209,,,,,4109,4,0.0009734728644439036,Other author technique labels; not verified benign,,,,,,,,,,,0.5747208363031598,,,,,,,,,,,,,,,,,,,,,100,0.0,0.0,0.0,0.02421563476112143,0.5293185689948893,4,0.0009734728644439036,0.0959847944880019
PX083-0250,PX083,camlds,delay_120_deadline_0,,ordinary_gate,,False,,20260920,250,px083_policy_transfer/results/METRICS.json,,4209,,,,,4109,2,0.0004867364322219518,Other author technique labels; not verified benign,,,,,,,,,,,0.4803991446899501,,,,,,,,,,,,,,,,,,,,,100,0.0,0.0,0.0,0.025288448026480365,0.5377889997566317,2,0.0004867364322219518,0.0955096222380613
PX083-0251,PX083,camlds,delay_120_deadline_0,,target_cost_gate,,False,,20260920,251,px083_policy_transfer/results/METRICS.json,,4209,,,,,4109,666,0.16208323192990995,Other author technique labels; not verified benign,,,,,,,,,,,0.8838203848895224,,,,,,,,,,,,,,,,,,,,,100,0.022026431718061675,0.15,0.03841229193341869,0.024744362818919757,0.5305414942808468,666,0.16208323192990995,0.23901164172012354
PX083-0252,PX083,camlds,delay_120_deadline_30,,current,,False,,20260920,252,px083_policy_transfer/results/METRICS.json,,4209,,,,,4109,2,0.0004867364322219518,Other author technique labels; not verified benign,,,,,,,,,,,,,,,,,,,,,,,,,,,,,,,,100,0.0,0.0,0.0,0.024108481120370465,0.5045923582380141,2,0.0004867364322219518,0.0955096222380613
PX083-0253,PX083,camlds,delay_120_deadline_30,,context,,False,,20260920,253,px083_policy_transfer/results/METRICS.json,,4209,,,,,4109,376,0.09150644925772694,Other author technique labels; not verified benign,,,,,,,,,,,,,,,,,,,,,,,,,,,,,,,,100,0.020833333333333332,0.08,0.03305785123966942,0.02469957731958902,0.529412265758092,376,0.09150644925772694,0.1767640769779045
PX083-0254,PX083,camlds,delay_120_deadline_30,,fixed_fusion,,False,,20260920,254,px083_policy_transfer/results/METRICS.json,,4209,,,,,4109,6,0.0014602092966658554,Other author technique labels; not verified benign,,,,,,,,,,,,,,,,,,,,,,,,,,,,,,,,100,0.0,0.0,0.0,0.024213316073193356,0.5210915064492577,6,0.0014602092966658554,0.0964599667379425
PX083-0255,PX083,camlds,delay_120_deadline_30,,mixed_dropout,,False,,20260920,255,px083_policy_transfer/results/METRICS.json,,4209,,,,,4109,3063,0.7454368459479191,Other author technique labels; not verified benign,,,,,,,,,,,,,,,,,,,,,,,,,,,,,,,,100,0.02731025722451572,0.86,0.05293936595875654,0.025901279735628772,0.5442528595765393,3063,0.7454368459479191,0.7410311237823711
PX083-0256,PX083,camlds,delay_120_deadline_30,,confidence_gate,,False,,20260920,256,px083_policy_transfer/results/METRICS.json,,4209,,,,,4109,6,0.0014602092966658554,Other author technique labels; not verified benign,,,,,,,,,,,0.6103587550487052,,,,,,,,,,,,,,,,,,,,,100,0.0,0.0,0.0,0.024441846658521185,0.5271951813093211,6,0.0014602092966658554,0.0964599667379425
PX083-0257,PX083,camlds,delay_120_deadline_30,,ordinary_gate,,False,,20260920,257,px083_policy_transfer/results/METRICS.json,,4209,,,,,4109,2,0.0004867364322219518,Other author technique labels; not verified benign,,,,,,,,,,,0.493703967688287,,,,,,,,,,,,,,,,,,,,,100,0.0,0.0,0.0,0.02486721672491926,0.5315174008274519,2,0.0004867364322219518,0.0955096222380613
PX083-0258,PX083,camlds,delay_120_deadline_30,,target_cost_gate,,False,,20260920,258,px083_policy_transfer/results/METRICS.json,,4209,,,,,4109,376,0.09150644925772694,Other author technique labels; not verified benign,,,,,,,,,,,0.8762176288904728,,,,,,,,,,,,,,,,,,,,,100,0.020833333333333332,0.08,0.03305785123966942,0.024198598318616794,0.5240764176198588,376,0.09150644925772694,0.1767640769779045
PX083-0259,PX083,camlds,delay_120_deadline_120,,current,,False,,20260920,259,px083_policy_transfer/results/METRICS.json,,4209,,,,,4109,3329,0.8101727914334388,Other author technique labels; not verified benign,,,,,,,,,,,,,,,,,,,,,,,,,,,,,,,,100,0.025468384074941453,0.87,0.04948805460750853,0.02380494954929556,0.5087320515940618,3329,0.8101727914334388,0.8032786885245902
PX083-0260,PX083,camlds,delay_120_deadline_120,,context,,False,,20260920,260,px083_policy_transfer/results/METRICS.json,,4209,,,,,4109,3108,0.7563884156729132,Other author technique labels; not verified benign,,,,,,,,,,,,,,,,,,,,,,,,,,,,,,,,100,0.02753441802252816,0.88,0.05339805825242718,0.02773794427482751,0.5594755414942808,3108,0.7563884156729132,0.7498218104062723
PX083-0261,PX083,camlds,delay_120_deadline_120,,fixed_fusion,,False,,20260920,261,px083_policy_transfer/results/METRICS.json,,4209,,,,,4109,3171,0.7717206132879046,Other author technique labels; not verified benign,,,,,,,,,,,,,,,,,,,,,,,,,,,,,,,,100,0.02700214789812826,0.88,0.052396546591247393,0.02485768128155143,0.5380761742516428,3171,0.7717206132879046,0.7647897362794013
PX083-0262,PX083,camlds,delay_120_deadline_120,,mixed_dropout,,False,,20260920,262,px083_policy_transfer/results/METRICS.json,,4209,,,,,4109,3038,0.7393526405451448,Other author technique labels; not verified benign,,,,,,,,,,,,,,,,,,,,,,,,,,,,,,,,100,0.027217419148254884,0.85,0.05274588892336333,0.027590189676380616,0.566019712825505,3038,0.7393526405451448,0.7360418151579948
PX083-0263,PX083,camlds,delay_120_deadline_120,,confidence_gate,,False,,20260920,263,px083_policy_transfer/results/METRICS.json,,4209,,,,,4109,3171,0.7717206132879046,Other author technique labels; not verified benign,,,,,,,,,,,0.3483012592064623,,,,,,,,,,,,,,,,,,,,,100,0.02700214789812826,0.88,0.052396546591247393,0.02499252619271254,0.5347992212217084,3171,0.7717206132879046,0.7647897362794013
PX083-0264,PX083,camlds,delay_120_deadline_120,,ordinary_gate,,False,,20260920,264,px083_policy_transfer/results/METRICS.json,,4209,,,,,4109,3325,0.8091993185689949,Other author technique labels; not verified benign,,,,,,,,,,,0.31693989071038253,,,,,,,,,,,,,,,,,,,,,100,0.025498241500586168,0.87,0.049544419134396354,0.023389017098576898,0.5069968362131906,3325,0.8091993185689949,0.802328344024709
PX083-0265,PX083,camlds,delay_120_deadline_120,,target_cost_gate,,False,,20260920,265,px083_policy_transfer/results/METRICS.json,,4209,,,,,4109,3108,0.7563884156729132,Other author technique labels; not verified benign,,,,,,,,,,,0.9705393205036826,,,,,,,,,,,,,,,,,,,,,100,0.02753441802252816,0.88,0.05339805825242718,0.027734248623616765,0.5593076174251642,3108,0.7563884156729132,0.7498218104062723
PX083-0266,PX083,camlds,execve_absent,,current,,False,,20260920,266,px083_policy_transfer/results/METRICS.json,,4209,,,,,4109,3327,0.8096860550012168,Other author technique labels; not verified benign,,,,,,,,,,,,,,,,,,,,,,,,,,,,,,,,100,0.024626209322779244,0.84,0.04784961549416121,0.02425945831559851,0.509600876125578,3327,0.8096860550012168,0.8056545497742932
PX083-0267,PX083,camlds,execve_absent,,context,,False,,20260920,267,px083_policy_transfer/results/METRICS.json,,4209,,,,,4109,2707,0.6587977610124118,Other author technique labels; not verified benign,,,,,,,,,,,,,,,,,,,,,,,,,,,,,,,,100,0.02660913340524991,0.74,0.05137105171815342,0.025703684402001728,0.5387770747140423,2707,0.6587977610124118,0.6678545972915182
PX083-0268,PX083,camlds,execve_absent,,fixed_fusion,,False,,20260920,268,px083_policy_transfer/results/METRICS.json,,4209,,,,,4109,2865,0.697249939157946,Other author technique labels; not verified benign,,,,,,,,,,,,,,,,,,,,,,,,,,,,,,,,100,0.026172671651937457,0.77,0.05062458908612755,0.024491144259184944,0.5227026040399123,2865,0.697249939157946,0.7025421715371822
PX083-0269,PX083,camlds,execve_absent,,mixed_dropout,,False,,20260920,269,px083_policy_transfer/results/METRICS.json,,4209,,,,,4109,3053,0.7430031637868094,Other author technique labels; not verified benign,,,,,,,,,,,,,,,,,,,,,,,,,,,,,,,,100,0.02708731676226896,0.85,0.05250154416306362,0.029433838825392907,0.5795266488196641,3053,0.7430031637868094,0.7396056070325493
PX083-0270,PX083,camlds,execve_absent,,confidence_gate,,False,,20260920,270,px083_policy_transfer/results/METRICS.json,,4209,,,,,4109,2865,0.697249939157946,Other author technique labels; not verified benign,,,,,,,,,,,0.343311950582086,,,,,,,,,,,,,,,,,,,,,100,0.026172671651937457,0.77,0.05062458908612755,0.024797324182698886,0.5271501581893405,2865,0.697249939157946,0.7025421715371822
PX083-0271,PX083,camlds,execve_absent,,ordinary_gate,,False,,20260920,271,px083_policy_transfer/results/METRICS.json,,4209,,,,,4109,3321,0.808225845704551,Other author technique labels; not verified benign,,,,,,,,,,,0.37562366357804705,,,,,,,,,,,,,,,,,,,,,100,0.024669603524229075,0.84,0.047931526390870186,0.023504291458299516,0.5022888780725238,3321,0.808225845704551,0.8042290330244714
PX083-0272,PX083,camlds,execve_absent,,target_cost_gate,,False,,20260920,272,px083_policy_transfer/results/METRICS.json,,4209,,,,,4109,2707,0.6587977610124118,Other author technique labels; not verified benign,,,,,,,,,,,0.9080541696364932,,,,,,,,,,,,,,,,,,,,,100,0.02660913340524991,0.74,0.05137105171815342,0.025565413559263263,0.534322219518131,2707,0.6587977610124118,0.6678545972915182
PX083-0273,PX083,camlds,proctitle_absent,,current,,False,,20260920,273,px083_policy_transfer/results/METRICS.json,,4209,,,,,4109,165,0.040155755658311025,Other author technique labels; not verified benign,,,,,,,,,,,,,,,,,,,,,,,,,,,,,,,,100,0.006024096385542169,0.01,0.007518796992481203,0.02365134991419452,0.5037843757605257,165,0.040155755658311025,0.13328581610833928
PX083-0274,PX083,camlds,proctitle_absent,,context,,False,,20260920,274,px083_policy_transfer/results/METRICS.json,,4209,,,,,4109,962,0.23412022389875883,Other author technique labels; not verified benign,,,,,,,,,,,,,,,,,,,,,,,,,,,,,,,,100,0.022357723577235773,0.22,0.04059040590405904,0.024298810774173504,0.5299355074227305,962,0.23412022389875883,0.3026847232121644
PX083-0275,PX083,camlds,proctitle_absent,,fixed_fusion,,False,,20260920,275,px083_policy_transfer/results/METRICS.json,,4209,,,,,4109,27,0.006570941834996349,Other author technique labels; not verified benign,,,,,,,,,,,,,,,,,,,,,,,,,,,,,,,,100,0.0,0.0,0.0,0.024298164214328337,0.5293611584327087,27,0.006570941834996349,0.10144927536231885
PX083-0276,PX083,camlds,proctitle_absent,,mixed_dropout,,False,,20260920,276,px083_policy_transfer/results/METRICS.json,,4209,,,,,4109,3116,0.7583353614018009,Other author technique labels; not verified benign,,,,,,,,,,,,,,,,,,,,,,,,,,,,,,,,100,0.02655420181193377,0.85,0.051499545592244775,0.02545134357668631,0.5380737405694817,3116,0.7583353614018009,0.7545735329056783
PX083-0277,PX083,camlds,proctitle_absent,,confidence_gate,,False,,20260920,277,px083_policy_transfer/results/METRICS.json,,4209,,,,,4109,27,0.006570941834996349,Other author technique labels; not verified benign,,,,,,,,,,,0.4751722499406035,,,,,,,,,,,,,,,,,,,,,100,0.0,0.0,0.0,0.025193642133455738,0.5366354344122657,27,0.006570941834996349,0.10144927536231885
PX083-0278,PX083,camlds,proctitle_absent,,ordinary_gate,,False,,20260920,278,px083_policy_transfer/results/METRICS.json,,4209,,,,,4109,165,0.040155755658311025,Other author technique labels; not verified benign,,,,,,,,,,,0.391304347826087,,,,,,,,,,,,,,,,,,,,,100,0.006024096385542169,0.01,0.007518796992481203,0.024479761167663087,0.5282197614991482,165,0.040155755658311025,0.13328581610833928
PX083-0279,PX083,camlds,proctitle_absent,,target_cost_gate,,False,,20260920,279,px083_policy_transfer/results/METRICS.json,,4209,,,,,4109,962,0.23412022389875883,Other author technique labels; not verified benign,,,,,,,,,,,0.927536231884058,,,,,,,,,,,,,,,,,,,,,100,0.022357723577235773,0.22,0.04059040590405904,0.024302577920076885,0.5308408371866634,962,0.23412022389875883,0.3026847232121644
PX083-0280,PX083,camlds,syscall_absent,,current,,False,,20260920,280,px083_policy_transfer/results/METRICS.json,,4209,,,,,4109,336,0.0817717206132879,Other author technique labels; not verified benign,,,,,,,,,,,,,,,,,,,,,,,,,,,,,,,,100,0.02608695652173913,0.09,0.04044943820224719,0.02508094080611403,0.5274920905329764,336,0.0817717206132879,0.16631028747921123
PX083-0281,PX083,camlds,syscall_absent,,context,,False,,20260920,281,px083_policy_transfer/results/METRICS.json,,4209,,,,,4109,2230,0.5427111219274763,Other author technique labels; not verified benign,,,,,,,,,,,,,,,,,,,,,,,,,,,,,,,,100,0.023215067893123085,0.53,0.044481745698699116,0.027620649767910805,0.5144061815526892,2230,0.5427111219274763,0.5744832501781896
PX083-0282,PX083,camlds,syscall_absent,,fixed_fusion,,False,,20260920,282,px083_policy_transfer/results/METRICS.json,,4209,,,,,4109,2122,0.5164273545874909,Other author technique labels; not verified benign,,,,,,,,,,,,,,,,,,,,,,,,,,,,,,,,100,0.02391904323827047,0.52,0.04573438874230431,0.0247403307769454,0.5172365539060598,2122,0.5164273545874909,0.5497742931812782
PX083-0283,PX083,camlds,syscall_absent,,mixed_dropout,,False,,20260920,283,px083_policy_transfer/results/METRICS.json,,4209,,,,,4109,3151,0.7668532489656851,Other author technique labels; not verified benign,,,,,,,,,,,,,,,,,,,,,,,,,,,,,,,,100,0.02626699629171817,0.85,0.050959232613908875,0.024591874804308866,0.5188573862253589,3151,0.7668532489656851,0.7628890472796389
PX083-0284,PX083,camlds,syscall_absent,,confidence_gate,,False,,20260920,284,px083_policy_transfer/results/METRICS.json,,4209,,,,,4109,2122,0.5164273545874909,Other author technique labels; not verified benign,,,,,,,,,,,0.5832739368020907,,,,,,,,,,,,,,,,,,,,,100,0.02391904323827047,0.52,0.04573438874230431,0.027941246118988905,0.5246836213190558,2122,0.5164273545874909,0.5497742931812782
PX083-0285,PX083,camlds,syscall_absent,,ordinary_gate,,False,,20260920,285,px083_policy_transfer/results/METRICS.json,,4209,,,,,4109,336,0.0817717206132879,Other author technique labels; not verified benign,,,,,,,,,,,0.06676170111665479,,,,,,,,,,,,,,,,,,,,,100,0.02608695652173913,0.09,0.04044943820224719,0.024935547098673915,0.522403261134096,336,0.0817717206132879,0.16631028747921123
PX083-0286,PX083,camlds,syscall_absent,,target_cost_gate,,False,,20260920,286,px083_policy_transfer/results/METRICS.json,,4209,,,,,4109,2230,0.5427111219274763,Other author technique labels; not verified benign,,,,,,,,,,,0.9303872653837016,,,,,,,,,,,,,,,,,,,,,100,0.023215067893123085,0.53,0.044481745698699116,0.027713310514442105,0.5179301533219762,2230,0.5427111219274763,0.5744832501781896
PX083-0287,PX083,camlds,path_absent,,current,,False,,20260920,287,px083_policy_transfer/results/METRICS.json,,4209,,,,,4109,3692,0.898515453881723,Other author technique labels; not verified benign,,,,,,,,,,,,,,,,,,,,,,,,,,,,,,,,100,0.025343189017951427,0.96,0.04938271604938271,0.027459162997921185,0.5627804818690679,3692,0.898515453881723,0.8809693513898789
PX083-0288,PX083,camlds,path_absent,,context,,False,,20260920,288,px083_policy_transfer/results/METRICS.json,,4209,,,,,4109,3525,0.8578729617911901,Other author technique labels; not verified benign,,,,,,,,,,,,,,,,,,,,,,,,,,,,,,,,100,0.025974025974025976,0.94,0.050551223447163215,0.029279588203228662,0.5723156485762959,3525,0.8578729617911901,0.8431931575196009
PX083-0289,PX083,camlds,path_absent,,fixed_fusion,,False,,20260920,289,px083_policy_transfer/results/METRICS.json,,4209,,,,,4109,3610,0.878559260160623,Other author technique labels; not verified benign,,,,,,,,,,,,,,,,,,,,,,,,,,,,,,,,100,0.025377969762419007,0.94,0.04942166140904311,0.030569547117690034,0.5783341445607204,3610,0.878559260160623,0.8633879781420765
PX083-0290,PX083,camlds,path_absent,,mixed_dropout,,False,,20260920,290,px083_policy_transfer/results/METRICS.json,,4209,,,,,4109,2868,0.6979800438062789,Other author technique labels; not verified benign,,,,,,,,,,,,,,,,,,,,,,,,,,,,,,,,100,0.025815217391304348,0.76,0.04993429697766097,0.027585006506079417,0.548769773667559,2868,0.6979800438062789,0.7042052744119743
PX083-0291,PX083,camlds,path_absent,,confidence_gate,,False,,20260920,291,px083_policy_transfer/results/METRICS.json,,4209,,,,,4109,3610,0.878559260160623,Other author technique labels; not verified benign,,,,,,,,,,,0.32430506058446185,,,,,,,,,,,,,,,,,,,,,100,0.025377969762419007,0.94,0.04942166140904311,0.028790714131867262,0.5665636407885131,3610,0.878559260160623,0.8633879781420765
PX083-0292,PX083,camlds,path_absent,,ordinary_gate,,False,,20260920,292,px083_policy_transfer/results/METRICS.json,,4209,,,,,4109,3684,0.8965685081528353,Other author technique labels; not verified benign,,,,,,,,,,,0.3965312425754336,,,,,,,,,,,,,,,,,,,,,100,0.025396825396825397,0.96,0.049484536082474224,0.027666346374157116,0.5660501338525188,3684,0.8965685081528353,0.8790686623901164
PX083-0293,PX083,camlds,path_absent,,target_cost_gate,,False,,20260920,293,px083_policy_transfer/results/METRICS.json,,4209,,,,,4109,3525,0.8578729617911901,Other author technique labels; not verified benign,,,,,,,,,,,0.992872416250891,,,,,,,,,,,,,,,,,,,,,100,0.025974025974025976,0.94,0.050551223447163215,0.02928291797023529,0.5724324653200292,3525,0.8578729617911901,0.8431931575196009
