study,contrast,condition,budget,fitting_seed,omitted_capture,rows,class_support,metric,baseline,candidate,delta,f1_up_exfil_warning_down,f1_down_exfil_warning_up,sign_disagreement
PX081,harm_minus_entropy,clean,1,8101,6,137643,"[129793, 6644, 17, 1189]",macro_f1,0.5201810514316961,0.5586129064164116,0.03843185498471546,True,False,True
PX081,harm_minus_entropy,clean,1,8101,6,137643,"[129793, 6644, 17, 1189]",exfil_warning_recall,0.9394449116904963,0.07653490328006729,-0.862910008410429,True,False,True
PX081,harm_minus_entropy,clean,1,8101,6,137643,"[129793, 6644, 17, 1189]",movement_exact_recall,0.7647058823529411,0.8823529411764706,0.11764705882352944,True,False,True
PX081,harm_minus_entropy,clean,1,8101,6,137643,"[129793, 6644, 17, 1189]",benign_false_alert_rate,0.0009630719684420577,0.0010478223016649588,8.475033322290107e-05,True,False,True
PX081,harm_minus_entropy,clean,1,8101,6,137643,"[129793, 6644, 17, 1189]",exfil_to_benign_count,72,1098,1026.0,True,False,True
PX081,harm_minus_entropy,clean,1,8101,6,137643,"[129793, 6644, 17, 1189]",benign_false_alert_count,125,136,11.0,True,False,True
PX081,harm_minus_entropy,clean,1,8101,7,155506,"[143242, 8796, 35, 3433]",macro_f1,0.6957519478050207,0.7739269523461924,0.07817500454117166,True,False,True
PX081,harm_minus_entropy,clean,1,8101,7,155506,"[143242, 8796, 35, 3433]",exfil_warning_recall,0.9810661229245558,0.6822021555490825,-0.29886396737547327,True,False,True
PX081,harm_minus_entropy,clean,1,8101,7,155506,"[143242, 8796, 35, 3433]",movement_exact_recall,0.8,0.9142857142857143,0.11428571428571421,True,False,True
PX081,harm_minus_entropy,clean,1,8101,7,155506,"[143242, 8796, 35, 3433]",benign_false_alert_rate,0.0006492509180268357,0.000753968808031164,0.00010471789000432831,True,False,True
PX081,harm_minus_entropy,clean,1,8101,7,155506,"[143242, 8796, 35, 3433]",exfil_to_benign_count,65,1091,1026.0,True,False,True
PX081,harm_minus_entropy,clean,1,8101,7,155506,"[143242, 8796, 35, 3433]",benign_false_alert_count,93,108,15.0,True,False,True
PX081,harm_minus_entropy,clean,1,8101,8,170461,"[156932, 10291, 24, 3214]",macro_f1,0.7013268686427548,0.7537182790375812,0.05239141039482631,True,False,True
PX081,harm_minus_entropy,clean,1,8101,8,170461,"[156932, 10291, 24, 3214]",exfil_warning_recall,0.9912881144990666,0.724642190416926,-0.2666459240821406,True,False,True
PX081,harm_minus_entropy,clean,1,8101,8,170461,"[156932, 10291, 24, 3214]",movement_exact_recall,0.8333333333333334,0.9166666666666666,0.08333333333333326,True,False,True
PX081,harm_minus_entropy,clean,1,8101,8,170461,"[156932, 10291, 24, 3214]",benign_false_alert_rate,0.0008729895751025922,0.0009112226951800779,3.8233120077485754e-05,True,False,True
PX081,harm_minus_entropy,clean,1,8101,8,170461,"[156932, 10291, 24, 3214]",exfil_to_benign_count,28,885,857.0,True,False,True
PX081,harm_minus_entropy,clean,1,8101,8,170461,"[156932, 10291, 24, 3214]",benign_false_alert_count,137,143,6.0,True,False,True
PX081,harm_minus_entropy,clean,1,8101,9,181827,"[167073, 11541, 29, 3184]",macro_f1,0.7154299850722269,0.7670052438938313,0.05157525882160441,True,False,True
PX081,harm_minus_entropy,clean,1,8101,9,181827,"[167073, 11541, 29, 3184]",exfil_warning_recall,0.9820979899497487,0.7110552763819096,-0.27104271356783916,True,False,True
PX081,harm_minus_entropy,clean,1,8101,9,181827,"[167073, 11541, 29, 3184]",movement_exact_recall,0.7931034482758621,0.9310344827586207,0.13793103448275856,True,False,True
PX081,harm_minus_entropy,clean,1,8101,9,181827,"[167073, 11541, 29, 3184]",benign_false_alert_rate,0.0008918257288730076,0.0009875922500942702,9.57665212212626e-05,True,False,True
PX081,harm_minus_entropy,clean,1,8101,9,181827,"[167073, 11541, 29, 3184]",exfil_to_benign_count,57,920,863.0,True,False,True
PX081,harm_minus_entropy,clean,1,8101,9,181827,"[167073, 11541, 29, 3184]",benign_false_alert_count,149,165,16.0,True,False,True
PX081,harm_minus_entropy,clean,1,8101,10,186939,"[171732, 12424, 35, 2748]",macro_f1,0.7338110773822057,0.7739036248522887,0.04009254747008295,True,False,True
PX081,harm_minus_entropy,clean,1,8101,10,186939,"[171732, 12424, 35, 2748]",exfil_warning_recall,0.9730713245997089,0.8522561863173217,-0.12081513828238721,True,False,True
PX081,harm_minus_entropy,clean,1,8101,10,186939,"[171732, 12424, 35, 2748]",movement_exact_recall,0.8,0.9142857142857143,0.11428571428571421,True,False,True
PX081,harm_minus_entropy,clean,1,8101,10,186939,"[171732, 12424, 35, 2748]",benign_false_alert_rate,0.0009782684648172734,0.0010714368900379661,9.316842522069267e-05,True,False,True
PX081,harm_minus_entropy,clean,1,8101,10,186939,"[171732, 12424, 35, 2748]",exfil_to_benign_count,74,406,332.0,True,False,True
PX081,harm_minus_entropy,clean,1,8101,10,186939,"[171732, 12424, 35, 2748]",benign_false_alert_count,168,184,16.0,True,False,True
PX081,harm_minus_entropy,clean,1,8102,6,137643,"[129793, 6644, 17, 1189]",macro_f1,0.5193892794699008,0.5601250161575142,0.04073573668761343,True,False,True
PX081,harm_minus_entropy,clean,1,8102,6,137643,"[129793, 6644, 17, 1189]",exfil_warning_recall,0.9486963835155593,0.063919259882254,-0.8847771236333053,True,False,True
PX081,harm_minus_entropy,clean,1,8102,6,137643,"[129793, 6644, 17, 1189]",movement_exact_recall,0.7058823529411765,0.7058823529411765,0.0,True,False,True
PX081,harm_minus_entropy,clean,1,8102,6,137643,"[129793, 6644, 17, 1189]",benign_false_alert_rate,0.0009245490897043754,0.0008629124837240838,-6.163660598029167e-05,True,False,True
PX081,harm_minus_entropy,clean,1,8102,6,137643,"[129793, 6644, 17, 1189]",exfil_to_benign_count,61,1113,1052.0,True,False,True
PX081,harm_minus_entropy,clean,1,8102,6,137643,"[129793, 6644, 17, 1189]",benign_false_alert_count,120,112,-8.0,True,False,True
PX081,harm_minus_entropy,clean,1,8102,7,155506,"[143242, 8796, 35, 3433]",macro_f1,0.695594698540915,0.7839381174701764,0.08834341892926134,True,False,True
PX081,harm_minus_entropy,clean,1,8102,7,155506,"[143242, 8796, 35, 3433]",exfil_warning_recall,0.984270317506554,0.677832799300903,-0.306437518205651,True,False,True
PX081,harm_minus_entropy,clean,1,8102,7,155506,"[143242, 8796, 35, 3433]",movement_exact_recall,0.7714285714285715,0.7714285714285715,0.0,True,False,True
PX081,harm_minus_entropy,clean,1,8102,7,155506,"[143242, 8796, 35, 3433]",benign_false_alert_rate,0.0006841568813616118,0.0006213261473590148,-6.283073400259703e-05,True,False,True
PX081,harm_minus_entropy,clean,1,8102,7,155506,"[143242, 8796, 35, 3433]",exfil_to_benign_count,54,1106,1052.0,True,False,True
PX081,harm_minus_entropy,clean,1,8102,7,155506,"[143242, 8796, 35, 3433]",benign_false_alert_count,98,89,-9.0,True,False,True
PX081,harm_minus_entropy,clean,1,8102,8,170461,"[156932, 10291, 24, 3214]",macro_f1,0.7013097870637468,0.7566601575475458,0.05535037048379898,True,False,True
PX081,harm_minus_entropy,clean,1,8102,8,170461,"[156932, 10291, 24, 3214]",exfil_warning_recall,0.9931549471064095,0.7230864965774735,-0.270068450528936,True,False,True
PX081,harm_minus_entropy,clean,1,8102,8,170461,"[156932, 10291, 24, 3214]",movement_exact_recall,0.8333333333333334,0.8333333333333334,0.0,True,False,True
PX081,harm_minus_entropy,clean,1,8102,8,170461,"[156932, 10291, 24, 3214]",benign_false_alert_rate,0.0009112226951800779,0.0008411286417046873,-7.00940534753906e-05,True,False,True
PX081,harm_minus_entropy,clean,1,8102,8,170461,"[156932, 10291, 24, 3214]",exfil_to_benign_count,22,890,868.0,True,False,True
PX081,harm_minus_entropy,clean,1,8102,8,170461,"[156932, 10291, 24, 3214]",benign_false_alert_count,143,132,-11.0,True,False,True
PX081,harm_minus_entropy,clean,1,8102,9,181827,"[167073, 11541, 29, 3184]",macro_f1,0.7148784765855745,0.7680853263835292,0.05320684979795476,True,False,True
PX081,harm_minus_entropy,clean,1,8102,9,181827,"[167073, 11541, 29, 3184]",exfil_warning_recall,0.9836683417085427,0.7079145728643217,-0.275753768844221,True,False,True
PX081,harm_minus_entropy,clean,1,8102,9,181827,"[167073, 11541, 29, 3184]",movement_exact_recall,0.7586206896551724,0.7586206896551724,0.0,True,False,True
PX081,harm_minus_entropy,clean,1,8102,9,181827,"[167073, 11541, 29, 3184]",benign_false_alert_rate,0.0009097819516019944,0.0008439424682623763,-6.583948333961805e-05,True,False,True
PX081,harm_minus_entropy,clean,1,8102,9,181827,"[167073, 11541, 29, 3184]",exfil_to_benign_count,52,930,878.0,True,False,True
PX081,harm_minus_entropy,clean,1,8102,9,181827,"[167073, 11541, 29, 3184]",benign_false_alert_count,152,141,-11.0,True,False,True
PX081,harm_minus_entropy,clean,1,8102,10,186939,"[171732, 12424, 35, 2748]",macro_f1,0.7326687967617678,0.7776375774881197,0.04496878072635191,True,False,True
PX081,harm_minus_entropy,clean,1,8102,10,186939,"[171732, 12424, 35, 2748]",exfil_warning_recall,0.9770742358078602,0.8467976710334789,-0.13027656477438132,True,False,True
PX081,harm_minus_entropy,clean,1,8102,10,186939,"[171732, 12424, 35, 2748]",movement_exact_recall,0.7714285714285715,0.7714285714285715,0.0,True,False,True
PX081,harm_minus_entropy,clean,1,8102,10,186939,"[171732, 12424, 35, 2748]",benign_false_alert_rate,0.0009957375445461534,0.0009200381990543405,-7.569934549181293e-05,True,False,True
PX081,harm_minus_entropy,clean,1,8102,10,186939,"[171732, 12424, 35, 2748]",exfil_to_benign_count,63,421,358.0,True,False,True
PX081,harm_minus_entropy,clean,1,8102,10,186939,"[171732, 12424, 35, 2748]",benign_false_alert_count,171,158,-13.0,True,False,True
PX081,harm_minus_entropy,clean,1,8103,6,137643,"[129793, 6644, 17, 1189]",macro_f1,0.5586910513509051,0.5563900167248844,-0.002301034626020715,False,False,False
PX081,harm_minus_entropy,clean,1,8103,6,137643,"[129793, 6644, 17, 1189]",exfil_warning_recall,0.07064760302775441,0.07064760302775441,0.0,False,False,False
PX081,harm_minus_entropy,clean,1,8103,6,137643,"[129793, 6644, 17, 1189]",movement_exact_recall,0.8235294117647058,0.7058823529411765,-0.11764705882352933,False,False,False
PX081,harm_minus_entropy,clean,1,8103,6,137643,"[129793, 6644, 17, 1189]",benign_false_alert_rate,0.0010401177259174224,0.0009399582411994484,-0.00010015948471797404,False,False,False
PX081,harm_minus_entropy,clean,1,8103,6,137643,"[129793, 6644, 17, 1189]",exfil_to_benign_count,1105,1105,0.0,False,False,False
PX081,harm_minus_entropy,clean,1,8103,6,137643,"[129793, 6644, 17, 1189]",benign_false_alert_count,135,122,-13.0,False,False,False
PX081,harm_minus_entropy,clean,1,8103,7,155506,"[143242, 8796, 35, 3433]",macro_f1,0.7757680664710886,0.773618961294637,-0.0021491051764516156,False,False,False
PX081,harm_minus_entropy,clean,1,8103,7,155506,"[143242, 8796, 35, 3433]",exfil_warning_recall,0.6801631226332654,0.6801631226332654,0.0,False,False,False
PX081,harm_minus_entropy,clean,1,8103,7,155506,"[143242, 8796, 35, 3433]",movement_exact_recall,0.8857142857142857,0.7714285714285715,-0.11428571428571421,False,False,False
PX081,harm_minus_entropy,clean,1,8103,7,155506,"[143242, 8796, 35, 3433]",benign_false_alert_rate,0.0007469876153642089,0.0006492509180268357,-9.773669733737314e-05,False,False,False
PX081,harm_minus_entropy,clean,1,8103,7,155506,"[143242, 8796, 35, 3433]",exfil_to_benign_count,1098,1098,0.0,False,False,False
PX081,harm_minus_entropy,clean,1,8103,7,155506,"[143242, 8796, 35, 3433]",benign_false_alert_count,107,93,-14.0,False,False,False
PX081,harm_minus_entropy,clean,1,8103,8,170461,"[156932, 10291, 24, 3214]",macro_f1,0.7557796927839711,0.7524797172453264,-0.003299975538644695,False,False,False
PX081,harm_minus_entropy,clean,1,8103,8,170461,"[156932, 10291, 24, 3214]",exfil_warning_recall,0.724019912881145,0.724019912881145,0.0,False,False,False
PX081,harm_minus_entropy,clean,1,8103,8,170461,"[156932, 10291, 24, 3214]",movement_exact_recall,0.9166666666666666,0.8333333333333334,-0.08333333333333326,False,False,False
PX081,harm_minus_entropy,clean,1,8103,8,170461,"[156932, 10291, 24, 3214]",benign_false_alert_rate,0.0009112226951800779,0.0008793617617821732,-3.186093339790474e-05,False,False,False
PX081,harm_minus_entropy,clean,1,8103,8,170461,"[156932, 10291, 24, 3214]",exfil_to_benign_count,887,887,0.0,False,False,False
PX081,harm_minus_entropy,clean,1,8103,8,170461,"[156932, 10291, 24, 3214]",benign_false_alert_count,143,138,-5.0,False,False,False
PX081,harm_minus_entropy,clean,1,8103,9,181827,"[167073, 11541, 29, 3184]",macro_f1,0.7668913367911149,0.7630027440868103,-0.0038885927043045276,False,False,False
PX081,harm_minus_entropy,clean,1,8103,9,181827,"[167073, 11541, 29, 3184]",exfil_warning_recall,0.7094849246231156,0.7094849246231156,0.0,False,False,False
PX081,harm_minus_entropy,clean,1,8103,9,181827,"[167073, 11541, 29, 3184]",movement_exact_recall,0.896551724137931,0.7586206896551724,-0.13793103448275867,False,False,False
PX081,harm_minus_entropy,clean,1,8103,9,181827,"[167073, 11541, 29, 3184]",benign_false_alert_rate,0.0009816068425179414,0.0008858403212966787,-9.576652122126272e-05,False,False,False
PX081,harm_minus_entropy,clean,1,8103,9,181827,"[167073, 11541, 29, 3184]",exfil_to_benign_count,925,925,0.0,False,False,False
PX081,harm_minus_entropy,clean,1,8103,9,181827,"[167073, 11541, 29, 3184]",benign_false_alert_count,164,148,-16.0,False,False,False
PX081,harm_minus_entropy,clean,1,8103,10,186939,"[171732, 12424, 35, 2748]",macro_f1,0.7750739429901147,0.7720064528749325,-0.0030674901151821476,False,False,False
PX081,harm_minus_entropy,clean,1,8103,10,186939,"[171732, 12424, 35, 2748]",exfil_warning_recall,0.8497088791848617,0.8497088791848617,0.0,False,False,False
PX081,harm_minus_entropy,clean,1,8103,10,186939,"[171732, 12424, 35, 2748]",movement_exact_recall,0.8857142857142857,0.7714285714285715,-0.11428571428571421,False,False,False
PX081,harm_minus_entropy,clean,1,8103,10,186939,"[171732, 12424, 35, 2748]",benign_false_alert_rate,0.0010656138634616728,0.0009724454382409801,-9.316842522069267e-05,False,False,False
PX081,harm_minus_entropy,clean,1,8103,10,186939,"[171732, 12424, 35, 2748]",exfil_to_benign_count,413,413,0.0,False,False,False
PX081,harm_minus_entropy,clean,1,8103,10,186939,"[171732, 12424, 35, 2748]",benign_false_alert_count,183,167,-16.0,False,False,False
PX081,harm_minus_entropy,clean,2,8101,6,137643,"[129793, 6644, 17, 1189]",macro_f1,0.5202088270134773,0.5628443372821609,0.04263551026868362,True,False,True
PX081,harm_minus_entropy,clean,2,8101,6,137643,"[129793, 6644, 17, 1189]",exfil_warning_recall,0.9343986543313709,0.05803195962994112,-0.8763666947014298,True,False,True
PX081,harm_minus_entropy,clean,2,8101,6,137643,"[129793, 6644, 17, 1189]",movement_exact_recall,0.7647058823529411,0.7647058823529411,0.0,True,False,True
PX081,harm_minus_entropy,clean,2,8101,6,137643,"[129793, 6644, 17, 1189]",benign_false_alert_rate,0.0007858667262487191,0.0007935713019962556,7.704575747536431e-06,True,False,True
PX081,harm_minus_entropy,clean,2,8101,6,137643,"[129793, 6644, 17, 1189]",exfil_to_benign_count,78,1120,1042.0,True,False,True
PX081,harm_minus_entropy,clean,2,8101,6,137643,"[129793, 6644, 17, 1189]",benign_false_alert_count,102,103,1.0,True,False,True
PX081,harm_minus_entropy,clean,2,8101,7,155506,"[143242, 8796, 35, 3433]",macro_f1,0.6976596786438078,0.7881568850058651,0.09049720636205727,True,False,True
PX081,harm_minus_entropy,clean,2,8101,7,155506,"[143242, 8796, 35, 3433]",exfil_warning_recall,0.9796096708418293,0.6752111855519953,-0.30439848528983393,True,False,True
PX081,harm_minus_entropy,clean,2,8101,7,155506,"[143242, 8796, 35, 3433]",movement_exact_recall,0.8,0.8,0.0,True,False,True
PX081,harm_minus_entropy,clean,2,8101,7,155506,"[143242, 8796, 35, 3433]",benign_false_alert_rate,0.00048170229401991034,0.0005166082573546865,3.490596333477616e-05,True,False,True
PX081,harm_minus_entropy,clean,2,8101,7,155506,"[143242, 8796, 35, 3433]",exfil_to_benign_count,70,1115,1045.0,True,False,True
PX081,harm_minus_entropy,clean,2,8101,7,155506,"[143242, 8796, 35, 3433]",benign_false_alert_count,69,74,5.0,True,False,True
PX081,harm_minus_entropy,clean,2,8101,8,170461,"[156932, 10291, 24, 3214]",macro_f1,0.7035804121494627,0.7568540766044508,0.05327366445498816,True,False,True
PX081,harm_minus_entropy,clean,2,8101,8,170461,"[156932, 10291, 24, 3214]",exfil_warning_recall,0.9903546981953951,0.7205973864343498,-0.26975731176104534,True,False,True
PX081,harm_minus_entropy,clean,2,8101,8,170461,"[156932, 10291, 24, 3214]",movement_exact_recall,0.8333333333333334,0.8333333333333334,0.0,True,False,True
PX081,harm_minus_entropy,clean,2,8101,8,170461,"[156932, 10291, 24, 3214]",benign_false_alert_rate,0.000713684908113068,0.00072642928147223,1.2744373359161918e-05,True,False,True
PX081,harm_minus_entropy,clean,2,8101,8,170461,"[156932, 10291, 24, 3214]",exfil_to_benign_count,31,898,867.0,True,False,True
PX081,harm_minus_entropy,clean,2,8101,8,170461,"[156932, 10291, 24, 3214]",benign_false_alert_count,112,114,2.0,True,False,True
PX081,harm_minus_entropy,clean,2,8101,9,181827,"[167073, 11541, 29, 3184]",macro_f1,0.7178133507948148,0.7721768557642394,0.05436350496942466,True,False,True
PX081,harm_minus_entropy,clean,2,8101,9,181827,"[167073, 11541, 29, 3184]",exfil_warning_recall,0.9817839195979899,0.7069723618090452,-0.2748115577889447,True,False,True
PX081,harm_minus_entropy,clean,2,8101,9,181827,"[167073, 11541, 29, 3184]",movement_exact_recall,0.7931034482758621,0.7931034482758621,0.0,True,False,True
PX081,harm_minus_entropy,clean,2,8101,9,181827,"[167073, 11541, 29, 3184]",benign_false_alert_rate,0.0007122635015831403,0.000736205131888456,2.3941630305315625e-05,True,False,True
PX081,harm_minus_entropy,clean,2,8101,9,181827,"[167073, 11541, 29, 3184]",exfil_to_benign_count,58,933,875.0,True,False,True
PX081,harm_minus_entropy,clean,2,8101,9,181827,"[167073, 11541, 29, 3184]",benign_false_alert_count,119,123,4.0,True,False,True
PX081,harm_minus_entropy,clean,2,8101,10,186939,"[171732, 12424, 35, 2748]",macro_f1,0.7374082052401066,0.7815639232216156,0.04415571798150897,True,False,True
PX081,harm_minus_entropy,clean,2,8101,10,186939,"[171732, 12424, 35, 2748]",exfil_warning_recall,0.9712518195050946,0.8435225618631732,-0.12772925764192145,True,False,True
PX081,harm_minus_entropy,clean,2,8101,10,186939,"[171732, 12424, 35, 2748]",movement_exact_recall,0.8,0.8,0.0,True,False,True
PX081,harm_minus_entropy,clean,2,8101,10,186939,"[171732, 12424, 35, 2748]",benign_false_alert_rate,0.0007802855612233015,0.0008035776675284746,2.3292106305173167e-05,True,False,True
PX081,harm_minus_entropy,clean,2,8101,10,186939,"[171732, 12424, 35, 2748]",exfil_to_benign_count,79,430,351.0,True,False,True
PX081,harm_minus_entropy,clean,2,8101,10,186939,"[171732, 12424, 35, 2748]",benign_false_alert_count,134,138,4.0,True,False,True
PX081,harm_minus_entropy,clean,2,8102,6,137643,"[129793, 6644, 17, 1189]",macro_f1,0.5176518384153342,0.5646833101895372,0.04703147177420297,True,False,True
PX081,harm_minus_entropy,clean,2,8102,6,137643,"[129793, 6644, 17, 1189]",exfil_warning_recall,0.9377628259041211,0.05803195962994112,-0.87973086627418,True,False,True
PX081,harm_minus_entropy,clean,2,8102,6,137643,"[129793, 6644, 17, 1189]",movement_exact_recall,0.5294117647058824,0.5294117647058824,0.0,True,False,True
PX081,harm_minus_entropy,clean,2,8102,6,137643,"[129793, 6644, 17, 1189]",benign_false_alert_rate,0.00045456996910465123,0.0005701386053176982,0.00011556863621304696,True,False,True
PX081,harm_minus_entropy,clean,2,8102,6,137643,"[129793, 6644, 17, 1189]",exfil_to_benign_count,74,1120,1046.0,True,False,True
PX081,harm_minus_entropy,clean,2,8102,6,137643,"[129793, 6644, 17, 1189]",benign_false_alert_count,59,74,15.0,True,False,True
PX081,harm_minus_entropy,clean,2,8102,7,155506,"[143242, 8796, 35, 3433]",macro_f1,0.6925053425467974,0.7792665549613825,0.08676121241458512,True,False,True
PX081,harm_minus_entropy,clean,2,8102,7,155506,"[143242, 8796, 35, 3433]",exfil_warning_recall,0.9799009612583746,0.67491989513545,-0.3049810661229245,True,False,True
PX081,harm_minus_entropy,clean,2,8102,7,155506,"[143242, 8796, 35, 3433]",movement_exact_recall,0.45714285714285713,0.45714285714285713,0.0,True,False,True
PX081,harm_minus_entropy,clean,2,8102,7,155506,"[143242, 8796, 35, 3433]",benign_false_alert_rate,0.00023736055067647758,0.00032811605534689546,9.075550467041788e-05,True,False,True
PX081,harm_minus_entropy,clean,2,8102,7,155506,"[143242, 8796, 35, 3433]",exfil_to_benign_count,69,1116,1047.0,True,False,True
PX081,harm_minus_entropy,clean,2,8102,7,155506,"[143242, 8796, 35, 3433]",benign_false_alert_count,34,47,13.0,True,False,True
PX081,harm_minus_entropy,clean,2,8102,8,170461,"[156932, 10291, 24, 3214]",macro_f1,0.6993774082048286,0.7458090425565062,0.04643163435167752,True,False,True
PX081,harm_minus_entropy,clean,2,8102,8,170461,"[156932, 10291, 24, 3214]",exfil_warning_recall,0.9903546981953951,0.7205973864343498,-0.26975731176104534,True,False,True
PX081,harm_minus_entropy,clean,2,8102,8,170461,"[156932, 10291, 24, 3214]",movement_exact_recall,0.4583333333333333,0.4583333333333333,0.0,True,False,True
PX081,harm_minus_entropy,clean,2,8102,8,170461,"[156932, 10291, 24, 3214]",benign_false_alert_rate,0.00043330869421150564,0.000541635867764382,0.00010832717355287636,True,False,True
PX081,harm_minus_entropy,clean,2,8102,8,170461,"[156932, 10291, 24, 3214]",exfil_to_benign_count,31,898,867.0,True,False,True
PX081,harm_minus_entropy,clean,2,8102,8,170461,"[156932, 10291, 24, 3214]",benign_false_alert_count,68,85,17.0,True,False,True
PX081,harm_minus_entropy,clean,2,8102,9,181827,"[167073, 11541, 29, 3184]",macro_f1,0.7124491229069938,0.759733311283991,0.047284188376997216,True,False,True
PX081,harm_minus_entropy,clean,2,8102,9,181827,"[167073, 11541, 29, 3184]",exfil_warning_recall,0.9811557788944724,0.7063442211055276,-0.2748115577889447,True,False,True
PX081,harm_minus_entropy,clean,2,8102,9,181827,"[167073, 11541, 29, 3184]",movement_exact_recall,0.41379310344827586,0.41379310344827586,0.0,True,False,True
PX081,harm_minus_entropy,clean,2,8102,9,181827,"[167073, 11541, 29, 3184]",benign_false_alert_rate,0.0004189785303430237,0.0005087596439879574,8.978111364493367e-05,True,False,True
PX081,harm_minus_entropy,clean,2,8102,9,181827,"[167073, 11541, 29, 3184]",exfil_to_benign_count,60,935,875.0,True,False,True
PX081,harm_minus_entropy,clean,2,8102,9,181827,"[167073, 11541, 29, 3184]",benign_false_alert_count,70,85,15.0,True,False,True
PX081,harm_minus_entropy,clean,2,8102,10,186939,"[171732, 12424, 35, 2748]",macro_f1,0.7280787887200985,0.7727633423333655,0.044684553613267064,True,False,True
PX081,harm_minus_entropy,clean,2,8102,10,186939,"[171732, 12424, 35, 2748]",exfil_warning_recall,0.9716157205240175,0.8431586608442504,-0.12845705967976706,True,False,True
PX081,harm_minus_entropy,clean,2,8102,10,186939,"[171732, 12424, 35, 2748]",movement_exact_recall,0.45714285714285713,0.45714285714285713,0.0,True,False,True
PX081,harm_minus_entropy,clean,2,8102,10,186939,"[171732, 12424, 35, 2748]",benign_false_alert_rate,0.00044837304637458366,0.0005648335779004495,0.00011646053152586589,True,False,True
PX081,harm_minus_entropy,clean,2,8102,10,186939,"[171732, 12424, 35, 2748]",exfil_to_benign_count,78,431,353.0,True,False,True
PX081,harm_minus_entropy,clean,2,8102,10,186939,"[171732, 12424, 35, 2748]",benign_false_alert_count,77,97,20.0,True,False,True
PX081,harm_minus_entropy,clean,2,8103,6,137643,"[129793, 6644, 17, 1189]",macro_f1,0.5672211778735254,0.5672082337264881,-1.294414703734148e-05,False,True,True
PX081,harm_minus_entropy,clean,2,8103,6,137643,"[129793, 6644, 17, 1189]",exfil_warning_recall,0.056349873843566045,0.05803195962994112,0.001682085786375076,False,True,True
PX081,harm_minus_entropy,clean,2,8103,6,137643,"[129793, 6644, 17, 1189]",movement_exact_recall,0.6470588235294118,0.5882352941176471,-0.05882352941176472,False,True,True
PX081,harm_minus_entropy,clean,2,8103,6,137643,"[129793, 6644, 17, 1189]",benign_false_alert_rate,0.0005624340295701618,0.000516206575084943,-4.6227454485218804e-05,False,True,True
PX081,harm_minus_entropy,clean,2,8103,6,137643,"[129793, 6644, 17, 1189]",exfil_to_benign_count,1122,1120,-2.0,False,True,True
PX081,harm_minus_entropy,clean,2,8103,6,137643,"[129793, 6644, 17, 1189]",benign_false_alert_count,73,67,-6.0,False,True,True
PX081,harm_minus_entropy,clean,2,8103,7,155506,"[143242, 8796, 35, 3433]",macro_f1,0.7921425603296166,0.7908112288229417,-0.0013313315066748599,False,False,False
PX081,harm_minus_entropy,clean,2,8103,7,155506,"[143242, 8796, 35, 3433]",exfil_warning_recall,0.67491989513545,0.67491989513545,0.0,False,False,False
PX081,harm_minus_entropy,clean,2,8103,7,155506,"[143242, 8796, 35, 3433]",movement_exact_recall,0.6571428571428571,0.6,-0.05714285714285716,False,False,False
PX081,harm_minus_entropy,clean,2,8103,7,155506,"[143242, 8796, 35, 3433]",benign_false_alert_rate,0.0003420784406808059,0.0003071724773460298,-3.4905963334776104e-05,False,False,False
PX081,harm_minus_entropy,clean,2,8103,7,155506,"[143242, 8796, 35, 3433]",exfil_to_benign_count,1116,1116,0.0,False,False,False
PX081,harm_minus_entropy,clean,2,8103,7,155506,"[143242, 8796, 35, 3433]",benign_false_alert_count,49,44,-5.0,False,False,False
PX081,harm_minus_entropy,clean,2,8103,8,170461,"[156932, 10291, 24, 3214]",macro_f1,0.7638127714341749,0.7618017247487539,-0.0020110466854210696,False,False,False
PX081,harm_minus_entropy,clean,2,8103,8,170461,"[156932, 10291, 24, 3214]",exfil_warning_recall,0.7205973864343498,0.7205973864343498,0.0,False,False,False
PX081,harm_minus_entropy,clean,2,8103,8,170461,"[156932, 10291, 24, 3214]",movement_exact_recall,0.6666666666666666,0.625,-0.04166666666666663,False,False,False
PX081,harm_minus_entropy,clean,2,8103,8,170461,"[156932, 10291, 24, 3214]",benign_false_alert_rate,0.0004715418142889914,0.00046516962760941044,-6.372186679580959e-06,False,False,False
PX081,harm_minus_entropy,clean,2,8103,8,170461,"[156932, 10291, 24, 3214]",exfil_to_benign_count,898,898,0.0,False,False,False
PX081,harm_minus_entropy,clean,2,8103,8,170461,"[156932, 10291, 24, 3214]",benign_false_alert_count,74,73,-1.0,False,False,False
PX081,harm_minus_entropy,clean,2,8103,9,181827,"[167073, 11541, 29, 3184]",macro_f1,0.7779859335328053,0.7756094339315133,-0.002376499601292048,False,False,False
PX081,harm_minus_entropy,clean,2,8103,9,181827,"[167073, 11541, 29, 3184]",exfil_warning_recall,0.7069723618090452,0.7063442211055276,-0.0006281407035175768,False,False,False
PX081,harm_minus_entropy,clean,2,8103,9,181827,"[167073, 11541, 29, 3184]",movement_exact_recall,0.6551724137931034,0.5862068965517241,-0.06896551724137934,False,False,False
PX081,harm_minus_entropy,clean,2,8103,9,181827,"[167073, 11541, 29, 3184]",benign_false_alert_rate,0.0004967888288352995,0.00046087638337732607,-3.591244545797344e-05,False,False,False
PX081,harm_minus_entropy,clean,2,8103,9,181827,"[167073, 11541, 29, 3184]",exfil_to_benign_count,933,935,2.0,False,False,False
PX081,harm_minus_entropy,clean,2,8103,9,181827,"[167073, 11541, 29, 3184]",benign_false_alert_count,83,77,-6.0,False,False,False
PX081,harm_minus_entropy,clean,2,8103,10,186939,"[171732, 12424, 35, 2748]",macro_f1,0.7874595065148424,0.7857610632838796,-0.0016984432309627984,False,False,False
PX081,harm_minus_entropy,clean,2,8103,10,186939,"[171732, 12424, 35, 2748]",exfil_warning_recall,0.8431586608442504,0.8431586608442504,0.0,False,False,False
PX081,harm_minus_entropy,clean,2,8103,10,186939,"[171732, 12424, 35, 2748]",movement_exact_recall,0.6571428571428571,0.6,-0.05714285714285716,False,False,False
PX081,harm_minus_entropy,clean,2,8103,10,186939,"[171732, 12424, 35, 2748]",benign_false_alert_rate,0.0005415414715952764,0.0005066033121375166,-3.4938159457759805e-05,False,False,False
PX081,harm_minus_entropy,clean,2,8103,10,186939,"[171732, 12424, 35, 2748]",exfil_to_benign_count,431,431,0.0,False,False,False
PX081,harm_minus_entropy,clean,2,8103,10,186939,"[171732, 12424, 35, 2748]",benign_false_alert_count,93,87,-6.0,False,False,False
PX081,harm_minus_entropy,clean,3,8101,6,137643,"[129793, 6644, 17, 1189]",macro_f1,0.5211107470292753,0.560126049261997,0.03901530223272176,True,False,True
PX081,harm_minus_entropy,clean,3,8101,6,137643,"[129793, 6644, 17, 1189]",exfil_warning_recall,0.8141295206055509,0.06223717409587892,-0.751892346509672,True,False,True
PX081,harm_minus_entropy,clean,3,8101,6,137643,"[129793, 6644, 17, 1189]",movement_exact_recall,0.8235294117647058,0.8823529411764706,0.05882352941176472,True,False,True
PX081,harm_minus_entropy,clean,3,8101,6,137643,"[129793, 6644, 17, 1189]",benign_false_alert_rate,0.0008937307867142296,0.0009091399382093025,1.5409151495072862e-05,True,False,True
PX081,harm_minus_entropy,clean,3,8101,6,137643,"[129793, 6644, 17, 1189]",exfil_to_benign_count,221,1115,894.0,True,False,True
PX081,harm_minus_entropy,clean,3,8101,6,137643,"[129793, 6644, 17, 1189]",benign_false_alert_count,116,118,2.0,True,False,True
PX081,harm_minus_entropy,clean,3,8101,7,155506,"[143242, 8796, 35, 3433]",macro_f1,0.6998551856418191,0.7858119062701314,0.08595672062831228,True,False,True
PX081,harm_minus_entropy,clean,3,8101,7,155506,"[143242, 8796, 35, 3433]",exfil_warning_recall,0.937955141275852,0.6766676376347218,-0.2612875036411302,True,False,True
PX081,harm_minus_entropy,clean,3,8101,7,155506,"[143242, 8796, 35, 3433]",movement_exact_recall,0.8571428571428571,0.9142857142857143,0.05714285714285716,True,False,True
PX081,harm_minus_entropy,clean,3,8101,7,155506,"[143242, 8796, 35, 3433]",benign_false_alert_rate,0.0005584954133564178,0.0005864201840242387,2.7924770667820927e-05,True,False,True
PX081,harm_minus_entropy,clean,3,8101,7,155506,"[143242, 8796, 35, 3433]",exfil_to_benign_count,213,1110,897.0,True,False,True
PX081,harm_minus_entropy,clean,3,8101,7,155506,"[143242, 8796, 35, 3433]",benign_false_alert_count,80,84,4.0,True,False,True
PX081,harm_minus_entropy,clean,3,8101,8,170461,"[156932, 10291, 24, 3214]",macro_f1,0.7039558613266907,0.7590382274618708,0.05508236613518003,True,False,True
PX081,harm_minus_entropy,clean,3,8101,8,170461,"[156932, 10291, 24, 3214]",exfil_warning_recall,0.9884878655880522,0.7205973864343498,-0.26789047915370245,True,False,True
PX081,harm_minus_entropy,clean,3,8101,8,170461,"[156932, 10291, 24, 3214]",movement_exact_recall,0.875,0.9166666666666666,0.04166666666666663,True,False,True
PX081,harm_minus_entropy,clean,3,8101,8,170461,"[156932, 10291, 24, 3214]",benign_false_alert_rate,0.000732801468151811,0.0007582902148701348,2.5488746718323836e-05,True,False,True
PX081,harm_minus_entropy,clean,3,8101,8,170461,"[156932, 10291, 24, 3214]",exfil_to_benign_count,37,898,861.0,True,False,True
PX081,harm_minus_entropy,clean,3,8101,8,170461,"[156932, 10291, 24, 3214]",benign_false_alert_count,115,119,4.0,True,False,True
PX081,harm_minus_entropy,clean,3,8101,9,181827,"[167073, 11541, 29, 3184]",macro_f1,0.7203142940999958,0.7739322277309796,0.05361793363098377,True,False,True
PX081,harm_minus_entropy,clean,3,8101,9,181827,"[167073, 11541, 29, 3184]",exfil_warning_recall,0.9359296482412061,0.7085427135678393,-0.2273869346733668,True,False,True
PX081,harm_minus_entropy,clean,3,8101,9,181827,"[167073, 11541, 29, 3184]",movement_exact_recall,0.8620689655172413,0.9310344827586207,0.06896551724137934,True,False,True
PX081,harm_minus_entropy,clean,3,8101,9,181827,"[167073, 11541, 29, 3184]",benign_false_alert_rate,0.0007960592076517451,0.0008259862455333896,2.9927037881644558e-05,True,False,True
PX081,harm_minus_entropy,clean,3,8101,9,181827,"[167073, 11541, 29, 3184]",exfil_to_benign_count,204,928,724.0,True,False,True
PX081,harm_minus_entropy,clean,3,8101,9,181827,"[167073, 11541, 29, 3184]",benign_false_alert_count,133,138,5.0,True,False,True
PX081,harm_minus_entropy,clean,3,8101,10,186939,"[171732, 12424, 35, 2748]",macro_f1,0.746612015162366,0.7817769778936648,0.03516496273129888,True,False,True
PX081,harm_minus_entropy,clean,3,8101,10,186939,"[171732, 12424, 35, 2748]",exfil_warning_recall,0.9224890829694323,0.8453420669577875,-0.07714701601164486,True,False,True
PX081,harm_minus_entropy,clean,3,8101,10,186939,"[171732, 12424, 35, 2748]",movement_exact_recall,0.8571428571428571,0.9142857142857143,0.05714285714285716,True,False,True
PX081,harm_minus_entropy,clean,3,8101,10,186939,"[171732, 12424, 35, 2748]",benign_false_alert_rate,0.0008618079332914075,0.000890923066172874,2.9115132881466486e-05,True,False,True
PX081,harm_minus_entropy,clean,3,8101,10,186939,"[171732, 12424, 35, 2748]",exfil_to_benign_count,213,425,212.0,True,False,True
PX081,harm_minus_entropy,clean,3,8101,10,186939,"[171732, 12424, 35, 2748]",benign_false_alert_count,148,153,5.0,True,False,True
PX081,harm_minus_entropy,clean,3,8102,6,137643,"[129793, 6644, 17, 1189]",macro_f1,0.5193454082734774,0.5191630777287487,-0.0001823305447287149,False,False,False
PX081,harm_minus_entropy,clean,3,8102,6,137643,"[129793, 6644, 17, 1189]",exfil_warning_recall,0.832632464255677,0.830950378469302,-0.001682085786375076,False,False,False
PX081,harm_minus_entropy,clean,3,8102,6,137643,"[129793, 6644, 17, 1189]",movement_exact_recall,0.7058823529411765,0.7647058823529411,0.05882352941176461,False,False,False
PX081,harm_minus_entropy,clean,3,8102,6,137643,"[129793, 6644, 17, 1189]",benign_false_alert_rate,0.0006934118172782816,0.0008320941807339379,0.0001386823634556563,False,False,False
PX081,harm_minus_entropy,clean,3,8102,6,137643,"[129793, 6644, 17, 1189]",exfil_to_benign_count,199,201,2.0,False,False,False
PX081,harm_minus_entropy,clean,3,8102,6,137643,"[129793, 6644, 17, 1189]",benign_false_alert_count,90,108,18.0,False,False,False
PX081,harm_minus_entropy,clean,3,8102,7,155506,"[143242, 8796, 35, 3433]",macro_f1,0.6959357050813365,0.6957346519944267,-0.00020105308690976376,False,False,False
PX081,harm_minus_entropy,clean,3,8102,7,155506,"[143242, 8796, 35, 3433]",exfil_warning_recall,0.9434896591902127,0.9426157879405768,-0.0008738712496358936,False,False,False
PX081,harm_minus_entropy,clean,3,8102,7,155506,"[143242, 8796, 35, 3433]",movement_exact_recall,0.6285714285714286,0.6571428571428571,0.02857142857142858,False,False,False
PX081,harm_minus_entropy,clean,3,8102,7,155506,"[143242, 8796, 35, 3433]",benign_false_alert_rate,0.000439815138018179,0.0005794389913572835,0.00013962385333910453,False,False,False
PX081,harm_minus_entropy,clean,3,8102,7,155506,"[143242, 8796, 35, 3433]",exfil_to_benign_count,194,197,3.0,False,False,False
PX081,harm_minus_entropy,clean,3,8102,7,155506,"[143242, 8796, 35, 3433]",benign_false_alert_count,63,83,20.0,False,False,False
PX081,harm_minus_entropy,clean,3,8102,8,170461,"[156932, 10291, 24, 3214]",macro_f1,0.7009240333246771,0.7002198507250157,-0.0007041825996614293,False,False,False
PX081,harm_minus_entropy,clean,3,8102,8,170461,"[156932, 10291, 24, 3214]",exfil_warning_recall,0.9819539514623522,0.9810205351586808,-0.0009334163036713861,False,False,False
PX081,harm_minus_entropy,clean,3,8102,8,170461,"[156932, 10291, 24, 3214]",movement_exact_recall,0.5833333333333334,0.625,0.04166666666666663,False,False,False
PX081,harm_minus_entropy,clean,3,8102,8,170461,"[156932, 10291, 24, 3214]",benign_false_alert_rate,0.0006053577345601917,0.000732801468151811,0.0001274437335916193,False,False,False
PX081,harm_minus_entropy,clean,3,8102,8,170461,"[156932, 10291, 24, 3214]",exfil_to_benign_count,58,61,3.0,False,False,False
PX081,harm_minus_entropy,clean,3,8102,8,170461,"[156932, 10291, 24, 3214]",benign_false_alert_count,95,115,20.0,False,False,False
PX081,harm_minus_entropy,clean,3,8102,9,181827,"[167073, 11541, 29, 3184]",macro_f1,0.7160269504794712,0.7148776162819561,-0.0011493341975150617,False,False,False
PX081,harm_minus_entropy,clean,3,8102,9,181827,"[167073, 11541, 29, 3184]",exfil_warning_recall,0.9472361809045227,0.9469221105527639,-0.0003140703517587884,False,False,False
PX081,harm_minus_entropy,clean,3,8102,9,181827,"[167073, 11541, 29, 3184]",movement_exact_recall,0.6206896551724138,0.6206896551724138,0.0,False,False,False
PX081,harm_minus_entropy,clean,3,8102,9,181827,"[167073, 11541, 29, 3184]",benign_false_alert_rate,0.0006524094258198512,0.0007900738000754162,0.00013766437425556492,False,False,False
PX081,harm_minus_entropy,clean,3,8102,9,181827,"[167073, 11541, 29, 3184]",exfil_to_benign_count,168,169,1.0,False,False,False
PX081,harm_minus_entropy,clean,3,8102,9,181827,"[167073, 11541, 29, 3184]",benign_false_alert_count,109,132,23.0,False,False,False
PX081,harm_minus_entropy,clean,3,8102,10,186939,"[171732, 12424, 35, 2748]",macro_f1,0.738028116812451,0.7372879344611414,-0.0007401823513095707,False,False,False
PX081,harm_minus_entropy,clean,3,8102,10,186939,"[171732, 12424, 35, 2748]",exfil_warning_recall,0.9297671033478894,0.9286754002911208,-0.0010917030567685337,False,False,False
PX081,harm_minus_entropy,clean,3,8102,10,186939,"[171732, 12424, 35, 2748]",movement_exact_recall,0.6285714285714286,0.6571428571428571,0.02857142857142858,False,False,False
PX081,harm_minus_entropy,clean,3,8102,10,186939,"[171732, 12424, 35, 2748]",benign_false_alert_rate,0.000692940162578902,0.000850161880138821,0.00015722171755991896,False,False,False
PX081,harm_minus_entropy,clean,3,8102,10,186939,"[171732, 12424, 35, 2748]",exfil_to_benign_count,193,196,3.0,False,False,False
PX081,harm_minus_entropy,clean,3,8102,10,186939,"[171732, 12424, 35, 2748]",benign_false_alert_count,119,146,27.0,False,False,False
PX081,harm_minus_entropy,clean,3,8103,6,137643,"[129793, 6644, 17, 1189]",macro_f1,0.5489207142954342,0.5572498490414282,0.008329134745993949,True,False,True
PX081,harm_minus_entropy,clean,3,8103,6,137643,"[129793, 6644, 17, 1189]",exfil_warning_recall,0.07401177460050468,0.056349873843566045,-0.01766190075693863,True,False,True
PX081,harm_minus_entropy,clean,3,8103,6,137643,"[129793, 6644, 17, 1189]",movement_exact_recall,0.4117647058823529,0.4117647058823529,0.0,True,False,True
PX081,harm_minus_entropy,clean,3,8103,6,137643,"[129793, 6644, 17, 1189]",benign_false_alert_rate,0.00041604709036696896,0.0004237516661145054,7.704575747536431e-06,True,False,True
PX081,harm_minus_entropy,clean,3,8103,6,137643,"[129793, 6644, 17, 1189]",exfil_to_benign_count,1101,1122,21.0,True,False,True
PX081,harm_minus_entropy,clean,3,8103,6,137643,"[129793, 6644, 17, 1189]",benign_false_alert_count,54,55,1.0,True,False,True
PX081,harm_minus_entropy,clean,3,8103,7,155506,"[143242, 8796, 35, 3433]",macro_f1,0.7689023228722001,0.7931325120677052,0.024230189195505125,True,False,True
PX081,harm_minus_entropy,clean,3,8103,7,155506,"[143242, 8796, 35, 3433]",exfil_warning_recall,0.680745703466356,0.6743373143023594,-0.006408389163996553,True,False,True
PX081,harm_minus_entropy,clean,3,8103,7,155506,"[143242, 8796, 35, 3433]",movement_exact_recall,0.4857142857142857,0.5142857142857142,0.028571428571428525,True,False,True
PX081,harm_minus_entropy,clean,3,8103,7,155506,"[143242, 8796, 35, 3433]",benign_false_alert_rate,0.00020245458734170145,0.0002164169726756119,1.3962385333910463e-05,True,False,True
PX081,harm_minus_entropy,clean,3,8103,7,155506,"[143242, 8796, 35, 3433]",exfil_to_benign_count,1096,1118,22.0,True,False,True
PX081,harm_minus_entropy,clean,3,8103,7,155506,"[143242, 8796, 35, 3433]",benign_false_alert_count,29,31,2.0,True,False,True
PX081,harm_minus_entropy,clean,3,8103,8,170461,"[156932, 10291, 24, 3214]",macro_f1,0.7480549803798916,0.7613755691051614,0.013320588725269755,True,False,True
PX081,harm_minus_entropy,clean,3,8103,8,170461,"[156932, 10291, 24, 3214]",exfil_warning_recall,0.7249533291848165,0.7202862476664593,-0.004667081518357152,True,False,True
PX081,harm_minus_entropy,clean,3,8103,8,170461,"[156932, 10291, 24, 3214]",movement_exact_recall,0.5,0.5416666666666666,0.04166666666666663,True,False,True
PX081,harm_minus_entropy,clean,3,8103,8,170461,"[156932, 10291, 24, 3214]",benign_false_alert_rate,0.0003823312007748579,0.00037595901409527696,-6.372186679580959e-06,True,False,True
PX081,harm_minus_entropy,clean,3,8103,8,170461,"[156932, 10291, 24, 3214]",exfil_to_benign_count,884,899,15.0,True,False,True
PX081,harm_minus_entropy,clean,3,8103,8,170461,"[156932, 10291, 24, 3214]",benign_false_alert_count,60,59,-1.0,True,False,True
PX081,harm_minus_entropy,clean,3,8103,9,181827,"[167073, 11541, 29, 3184]",macro_f1,0.7712267478279555,0.7835652124304411,0.012338464602485555,True,False,True
PX081,harm_minus_entropy,clean,3,8103,9,181827,"[167073, 11541, 29, 3184]",exfil_warning_recall,0.710427135678392,0.7060301507537688,-0.0043969849246231485,True,False,True
PX081,harm_minus_entropy,clean,3,8103,9,181827,"[167073, 11541, 29, 3184]",movement_exact_recall,0.5172413793103449,0.5517241379310345,0.03448275862068961,True,False,True
PX081,harm_minus_entropy,clean,3,8103,9,181827,"[167073, 11541, 29, 3184]",benign_false_alert_rate,0.00034715363942707677,0.0003531390470034057,5.985407576328933e-06,True,False,True
PX081,harm_minus_entropy,clean,3,8103,9,181827,"[167073, 11541, 29, 3184]",exfil_to_benign_count,922,936,14.0,True,False,True
PX081,harm_minus_entropy,clean,3,8103,9,181827,"[167073, 11541, 29, 3184]",benign_false_alert_count,58,59,1.0,True,False,True
PX081,harm_minus_entropy,clean,3,8103,10,186939,"[171732, 12424, 35, 2748]",macro_f1,0.7752228024600347,0.7862562468057378,0.01103344434570308,True,False,True
PX081,harm_minus_entropy,clean,3,8103,10,186939,"[171732, 12424, 35, 2748]",exfil_warning_recall,0.8482532751091703,0.8424308588064047,-0.005822416302765587,True,False,True
PX081,harm_minus_entropy,clean,3,8103,10,186939,"[171732, 12424, 35, 2748]",movement_exact_recall,0.4857142857142857,0.5142857142857142,0.028571428571428525,True,False,True
PX081,harm_minus_entropy,clean,3,8103,10,186939,"[171732, 12424, 35, 2748]",benign_false_alert_rate,0.00039014278061165074,0.000395965807187944,5.823026576293265e-06,True,False,True
PX081,harm_minus_entropy,clean,3,8103,10,186939,"[171732, 12424, 35, 2748]",exfil_to_benign_count,417,433,16.0,True,False,True
PX081,harm_minus_entropy,clean,3,8103,10,186939,"[171732, 12424, 35, 2748]",benign_false_alert_count,67,68,1.0,True,False,True
PX081,harm_minus_entropy,delayed_unavailable,1,8101,6,137643,"[129793, 6644, 17, 1189]",macro_f1,0.5218698139510136,0.5579827788873879,0.03611296493637428,True,False,True
PX081,harm_minus_entropy,delayed_unavailable,1,8101,6,137643,"[129793, 6644, 17, 1189]",exfil_warning_recall,0.6719932716568545,0.07232968881412949,-0.599663582842725,True,False,True
PX081,harm_minus_entropy,delayed_unavailable,1,8101,6,137643,"[129793, 6644, 17, 1189]",movement_exact_recall,0.7647058823529411,0.8235294117647058,0.05882352941176472,True,False,True
PX081,harm_minus_entropy,delayed_unavailable,1,8101,6,137643,"[129793, 6644, 17, 1189]",benign_false_alert_rate,0.0009630719684420577,0.0010247085744223494,6.163660598029167e-05,True,False,True
PX081,harm_minus_entropy,delayed_unavailable,1,8101,6,137643,"[129793, 6644, 17, 1189]",exfil_to_benign_count,390,1103,713.0,True,False,True
PX081,harm_minus_entropy,delayed_unavailable,1,8101,6,137643,"[129793, 6644, 17, 1189]",benign_false_alert_count,125,133,8.0,True,False,True
PX081,harm_minus_entropy,delayed_unavailable,1,8101,7,155506,"[143242, 8796, 35, 3433]",macro_f1,0.6998098856908397,0.7775143773907153,0.07770449169987559,True,False,True
PX081,harm_minus_entropy,delayed_unavailable,1,8101,7,155506,"[143242, 8796, 35, 3433]",exfil_warning_recall,0.8884357704631518,0.680745703466356,-0.20769006699679582,True,False,True
PX081,harm_minus_entropy,delayed_unavailable,1,8101,7,155506,"[143242, 8796, 35, 3433]",movement_exact_recall,0.8,0.8857142857142857,0.08571428571428563,True,False,True
PX081,harm_minus_entropy,delayed_unavailable,1,8101,7,155506,"[143242, 8796, 35, 3433]",benign_false_alert_rate,0.0006492509180268357,0.0007120816520294327,6.283073400259692e-05,True,False,True
PX081,harm_minus_entropy,delayed_unavailable,1,8101,7,155506,"[143242, 8796, 35, 3433]",exfil_to_benign_count,383,1096,713.0,True,False,True
PX081,harm_minus_entropy,delayed_unavailable,1,8101,7,155506,"[143242, 8796, 35, 3433]",benign_false_alert_count,93,102,9.0,True,False,True
PX081,harm_minus_entropy,delayed_unavailable,1,8101,8,170461,"[156932, 10291, 24, 3214]",macro_f1,0.7044241875038124,0.755554412531605,0.05113022502779263,True,False,True
PX081,harm_minus_entropy,delayed_unavailable,1,8101,8,170461,"[156932, 10291, 24, 3214]",exfil_warning_recall,0.910392034847542,0.724019912881145,-0.18637212196639708,True,False,True
PX081,harm_minus_entropy,delayed_unavailable,1,8101,8,170461,"[156932, 10291, 24, 3214]",movement_exact_recall,0.8333333333333334,0.9166666666666666,0.08333333333333326,True,False,True
PX081,harm_minus_entropy,delayed_unavailable,1,8101,8,170461,"[156932, 10291, 24, 3214]",benign_false_alert_rate,0.0008729895751025922,0.0008921061351413351,1.911656003874293e-05,True,False,True
PX081,harm_minus_entropy,delayed_unavailable,1,8101,8,170461,"[156932, 10291, 24, 3214]",exfil_to_benign_count,288,887,599.0,True,False,True
PX081,harm_minus_entropy,delayed_unavailable,1,8101,8,170461,"[156932, 10291, 24, 3214]",benign_false_alert_count,137,140,3.0,True,False,True
PX081,harm_minus_entropy,delayed_unavailable,1,8101,9,181827,"[167073, 11541, 29, 3184]",macro_f1,0.7189041097293404,0.7676481391642025,0.04874402943486211,True,False,True
PX081,harm_minus_entropy,delayed_unavailable,1,8101,9,181827,"[167073, 11541, 29, 3184]",exfil_warning_recall,0.8982412060301508,0.7101130653266332,-0.18812814070351758,True,False,True
PX081,harm_minus_entropy,delayed_unavailable,1,8101,9,181827,"[167073, 11541, 29, 3184]",movement_exact_recall,0.7931034482758621,0.896551724137931,0.10344827586206895,True,False,True
PX081,harm_minus_entropy,delayed_unavailable,1,8101,9,181827,"[167073, 11541, 29, 3184]",benign_false_alert_rate,0.0008918257288730076,0.0009516798046362967,5.9854075763289116e-05,True,False,True
PX081,harm_minus_entropy,delayed_unavailable,1,8101,9,181827,"[167073, 11541, 29, 3184]",exfil_to_benign_count,324,923,599.0,True,False,True
PX081,harm_minus_entropy,delayed_unavailable,1,8101,9,181827,"[167073, 11541, 29, 3184]",benign_false_alert_count,149,159,10.0,True,False,True
PX081,harm_minus_entropy,delayed_unavailable,1,8101,10,186939,"[171732, 12424, 35, 2748]",macro_f1,0.7398744840205912,0.7751290957317479,0.035254611711156736,True,False,True
PX081,harm_minus_entropy,delayed_unavailable,1,8101,10,186939,"[171732, 12424, 35, 2748]",exfil_warning_recall,0.9334061135371179,0.8504366812227074,-0.08296943231441045,True,False,True
PX081,harm_minus_entropy,delayed_unavailable,1,8101,10,186939,"[171732, 12424, 35, 2748]",movement_exact_recall,0.8,0.8857142857142857,0.08571428571428563,True,False,True
PX081,harm_minus_entropy,delayed_unavailable,1,8101,10,186939,"[171732, 12424, 35, 2748]",benign_false_alert_rate,0.0009782684648172734,0.0010364987305802064,5.823026576293297e-05,True,False,True
PX081,harm_minus_entropy,delayed_unavailable,1,8101,10,186939,"[171732, 12424, 35, 2748]",exfil_to_benign_count,183,411,228.0,True,False,True
PX081,harm_minus_entropy,delayed_unavailable,1,8101,10,186939,"[171732, 12424, 35, 2748]",benign_false_alert_count,168,178,10.0,True,False,True
PX081,harm_minus_entropy,delayed_unavailable,1,8102,6,137643,"[129793, 6644, 17, 1189]",macro_f1,0.5210724929819671,0.5604931561238343,0.03942066314186721,True,False,True
PX081,harm_minus_entropy,delayed_unavailable,1,8102,6,137643,"[129793, 6644, 17, 1189]",exfil_warning_recall,0.6627417998317915,0.06307821698906646,-0.599663582842725,True,False,True
PX081,harm_minus_entropy,delayed_unavailable,1,8102,6,137643,"[129793, 6644, 17, 1189]",movement_exact_recall,0.7058823529411765,0.7058823529411765,0.0,True,False,True
PX081,harm_minus_entropy,delayed_unavailable,1,8102,6,137643,"[129793, 6644, 17, 1189]",benign_false_alert_rate,0.0009091399382093025,0.0008629124837240838,-4.6227454485218695e-05,True,False,True
PX081,harm_minus_entropy,delayed_unavailable,1,8102,6,137643,"[129793, 6644, 17, 1189]",exfil_to_benign_count,401,1114,713.0,True,False,True
PX081,harm_minus_entropy,delayed_unavailable,1,8102,6,137643,"[129793, 6644, 17, 1189]",benign_false_alert_count,118,112,-6.0,True,False,True
PX081,harm_minus_entropy,delayed_unavailable,1,8102,7,155506,"[143242, 8796, 35, 3433]",macro_f1,0.6997767058359421,0.7846947425622142,0.08491803672627207,True,False,True
PX081,harm_minus_entropy,delayed_unavailable,1,8102,7,155506,"[143242, 8796, 35, 3433]",exfil_warning_recall,0.8852315758811535,0.6775415088843577,-0.20769006699679582,True,False,True
PX081,harm_minus_entropy,delayed_unavailable,1,8102,7,155506,"[143242, 8796, 35, 3433]",movement_exact_recall,0.7714285714285715,0.7714285714285715,0.0,True,False,True
PX081,harm_minus_entropy,delayed_unavailable,1,8102,7,155506,"[143242, 8796, 35, 3433]",benign_false_alert_rate,0.0006562321106937909,0.0006213261473590148,-3.4905963334776104e-05,True,False,True
PX081,harm_minus_entropy,delayed_unavailable,1,8102,7,155506,"[143242, 8796, 35, 3433]",exfil_to_benign_count,394,1107,713.0,True,False,True
PX081,harm_minus_entropy,delayed_unavailable,1,8102,7,155506,"[143242, 8796, 35, 3433]",benign_false_alert_count,94,89,-5.0,True,False,True
PX081,harm_minus_entropy,delayed_unavailable,1,8102,8,170461,"[156932, 10291, 24, 3214]",macro_f1,0.7045828210466122,0.7570950576321092,0.052512236585496974,True,False,True
PX081,harm_minus_entropy,delayed_unavailable,1,8102,8,170461,"[156932, 10291, 24, 3214]",exfil_warning_recall,0.9094586185438706,0.722775357809583,-0.18668326073428754,True,False,True
PX081,harm_minus_entropy,delayed_unavailable,1,8102,8,170461,"[156932, 10291, 24, 3214]",movement_exact_recall,0.8333333333333334,0.8333333333333334,0.0,True,False,True
PX081,harm_minus_entropy,delayed_unavailable,1,8102,8,170461,"[156932, 10291, 24, 3214]",benign_false_alert_rate,0.0008729895751025922,0.0008411286417046873,-3.186093339790485e-05,True,False,True
PX081,harm_minus_entropy,delayed_unavailable,1,8102,8,170461,"[156932, 10291, 24, 3214]",exfil_to_benign_count,291,891,600.0,True,False,True
PX081,harm_minus_entropy,delayed_unavailable,1,8102,8,170461,"[156932, 10291, 24, 3214]",benign_false_alert_count,137,132,-5.0,True,False,True
PX081,harm_minus_entropy,delayed_unavailable,1,8102,9,181827,"[167073, 11541, 29, 3184]",macro_f1,0.7185361503671934,0.7680853263835292,0.049549176016335794,True,False,True
PX081,harm_minus_entropy,delayed_unavailable,1,8102,9,181827,"[167073, 11541, 29, 3184]",exfil_warning_recall,0.8935301507537688,0.7079145728643217,-0.18561557788944716,True,False,True
PX081,harm_minus_entropy,delayed_unavailable,1,8102,9,181827,"[167073, 11541, 29, 3184]",movement_exact_recall,0.7586206896551724,0.7586206896551724,0.0,True,False,True
PX081,harm_minus_entropy,delayed_unavailable,1,8102,9,181827,"[167073, 11541, 29, 3184]",benign_false_alert_rate,0.0008738695061440209,0.0008439424682623763,-2.9927037881644558e-05,True,False,True
PX081,harm_minus_entropy,delayed_unavailable,1,8102,9,181827,"[167073, 11541, 29, 3184]",exfil_to_benign_count,339,930,591.0,True,False,True
PX081,harm_minus_entropy,delayed_unavailable,1,8102,9,181827,"[167073, 11541, 29, 3184]",benign_false_alert_count,146,141,-5.0,True,False,True
PX081,harm_minus_entropy,delayed_unavailable,1,8102,10,186939,"[171732, 12424, 35, 2748]",macro_f1,0.7395956300318651,0.7779937112446244,0.03839808121275923,True,False,True
PX081,harm_minus_entropy,delayed_unavailable,1,8102,10,186939,"[171732, 12424, 35, 2748]",exfil_warning_recall,0.9319505094614264,0.8464337700145561,-0.08551673944687033,True,False,True
PX081,harm_minus_entropy,delayed_unavailable,1,8102,10,186939,"[171732, 12424, 35, 2748]",movement_exact_recall,0.7714285714285715,0.7714285714285715,0.0,True,False,True
PX081,harm_minus_entropy,delayed_unavailable,1,8102,10,186939,"[171732, 12424, 35, 2748]",benign_false_alert_rate,0.0009607993850883935,0.0009200381990543405,-4.0761186034053015e-05,True,False,True
PX081,harm_minus_entropy,delayed_unavailable,1,8102,10,186939,"[171732, 12424, 35, 2748]",exfil_to_benign_count,187,422,235.0,True,False,True
PX081,harm_minus_entropy,delayed_unavailable,1,8102,10,186939,"[171732, 12424, 35, 2748]",benign_false_alert_count,165,158,-7.0,True,False,True
PX081,harm_minus_entropy,delayed_unavailable,1,8103,6,137643,"[129793, 6644, 17, 1189]",macro_f1,0.5585586810599532,0.5575463209982984,-0.0010123600616548378,False,False,False
PX081,harm_minus_entropy,delayed_unavailable,1,8103,6,137643,"[129793, 6644, 17, 1189]",exfil_warning_recall,0.06728343145500415,0.06728343145500415,0.0,False,False,False
PX081,harm_minus_entropy,delayed_unavailable,1,8103,6,137643,"[129793, 6644, 17, 1189]",movement_exact_recall,0.7647058823529411,0.7058823529411765,-0.05882352941176461,False,False,False
PX081,harm_minus_entropy,delayed_unavailable,1,8103,6,137643,"[129793, 6644, 17, 1189]",benign_false_alert_rate,0.0009938902714322036,0.0009399582411994484,-5.3932030232755235e-05,False,False,False
PX081,harm_minus_entropy,delayed_unavailable,1,8103,6,137643,"[129793, 6644, 17, 1189]",exfil_to_benign_count,1109,1109,0.0,False,False,False
PX081,harm_minus_entropy,delayed_unavailable,1,8103,6,137643,"[129793, 6644, 17, 1189]",benign_false_alert_count,129,122,-7.0,False,False,False
PX081,harm_minus_entropy,delayed_unavailable,1,8103,7,155506,"[143242, 8796, 35, 3433]",macro_f1,0.7782882525067617,0.7759434425452102,-0.0023448099615515083,False,False,False
PX081,harm_minus_entropy,delayed_unavailable,1,8103,7,155506,"[143242, 8796, 35, 3433]",exfil_warning_recall,0.6789979609670842,0.6789979609670842,0.0,False,False,False
PX081,harm_minus_entropy,delayed_unavailable,1,8103,7,155506,"[143242, 8796, 35, 3433]",movement_exact_recall,0.8571428571428571,0.7714285714285715,-0.08571428571428563,False,False,False
PX081,harm_minus_entropy,delayed_unavailable,1,8103,7,155506,"[143242, 8796, 35, 3433]",benign_false_alert_rate,0.0007120816520294327,0.0006492509180268357,-6.283073400259692e-05,False,False,False
PX081,harm_minus_entropy,delayed_unavailable,1,8103,7,155506,"[143242, 8796, 35, 3433]",exfil_to_benign_count,1102,1102,0.0,False,False,False
PX081,harm_minus_entropy,delayed_unavailable,1,8103,7,155506,"[143242, 8796, 35, 3433]",benign_false_alert_count,102,93,-9.0,False,False,False
PX081,harm_minus_entropy,delayed_unavailable,1,8103,8,170461,"[156932, 10291, 24, 3214]",macro_f1,0.757176241743414,0.7527284129614824,-0.004447828781931618,False,False,False
PX081,harm_minus_entropy,delayed_unavailable,1,8103,8,170461,"[156932, 10291, 24, 3214]",exfil_warning_recall,0.7237087741132545,0.7237087741132545,0.0,False,False,False
PX081,harm_minus_entropy,delayed_unavailable,1,8103,8,170461,"[156932, 10291, 24, 3214]",movement_exact_recall,0.9166666666666666,0.8333333333333334,-0.08333333333333326,False,False,False
PX081,harm_minus_entropy,delayed_unavailable,1,8103,8,170461,"[156932, 10291, 24, 3214]",benign_false_alert_rate,0.0008921061351413351,0.0008793617617821732,-1.2744373359161918e-05,False,False,False
PX081,harm_minus_entropy,delayed_unavailable,1,8103,8,170461,"[156932, 10291, 24, 3214]",exfil_to_benign_count,888,888,0.0,False,False,False
PX081,harm_minus_entropy,delayed_unavailable,1,8103,8,170461,"[156932, 10291, 24, 3214]",benign_false_alert_count,140,138,-2.0,False,False,False
PX081,harm_minus_entropy,delayed_unavailable,1,8103,9,181827,"[167073, 11541, 29, 3184]",macro_f1,0.767636882837391,0.7637674334303044,-0.003869449407086556,False,False,False
PX081,harm_minus_entropy,delayed_unavailable,1,8103,9,181827,"[167073, 11541, 29, 3184]",exfil_warning_recall,0.7085427135678393,0.7085427135678393,0.0,False,False,False
PX081,harm_minus_entropy,delayed_unavailable,1,8103,9,181827,"[167073, 11541, 29, 3184]",movement_exact_recall,0.8620689655172413,0.7586206896551724,-0.10344827586206895,False,False,False
PX081,harm_minus_entropy,delayed_unavailable,1,8103,9,181827,"[167073, 11541, 29, 3184]",benign_false_alert_rate,0.0009397089894836389,0.0008858403212966787,-5.386866818696029e-05,False,False,False
PX081,harm_minus_entropy,delayed_unavailable,1,8103,9,181827,"[167073, 11541, 29, 3184]",exfil_to_benign_count,928,928,0.0,False,False,False
PX081,harm_minus_entropy,delayed_unavailable,1,8103,9,181827,"[167073, 11541, 29, 3184]",benign_false_alert_count,157,148,-9.0,False,False,False
PX081,harm_minus_entropy,delayed_unavailable,1,8103,10,186939,"[171732, 12424, 35, 2748]",macro_f1,0.7761661568292161,0.7730065774754162,-0.0031595793537998462,False,False,False
PX081,harm_minus_entropy,delayed_unavailable,1,8103,10,186939,"[171732, 12424, 35, 2748]",exfil_warning_recall,0.8482532751091703,0.8482532751091703,0.0,False,False,False
PX081,harm_minus_entropy,delayed_unavailable,1,8103,10,186939,"[171732, 12424, 35, 2748]",movement_exact_recall,0.8571428571428571,0.7714285714285715,-0.08571428571428563,False,False,False
PX081,harm_minus_entropy,delayed_unavailable,1,8103,10,186939,"[171732, 12424, 35, 2748]",benign_false_alert_rate,0.0010248526774276198,0.0009724454382409801,-5.240723918663965e-05,False,False,False
PX081,harm_minus_entropy,delayed_unavailable,1,8103,10,186939,"[171732, 12424, 35, 2748]",exfil_to_benign_count,417,417,0.0,False,False,False
PX081,harm_minus_entropy,delayed_unavailable,1,8103,10,186939,"[171732, 12424, 35, 2748]",benign_false_alert_count,176,167,-9.0,False,False,False
PX081,harm_minus_entropy,delayed_unavailable,2,8101,6,137643,"[129793, 6644, 17, 1189]",macro_f1,0.5218236940798746,0.5621116101982593,0.04028791611838467,True,False,True
PX081,harm_minus_entropy,delayed_unavailable,2,8101,6,137643,"[129793, 6644, 17, 1189]",exfil_warning_recall,0.6703111858704793,0.0597140454163162,-0.6105971404541631,True,False,True
PX081,harm_minus_entropy,delayed_unavailable,2,8101,6,137643,"[129793, 6644, 17, 1189]",movement_exact_recall,0.7647058823529411,0.7647058823529411,0.0,True,False,True
PX081,harm_minus_entropy,delayed_unavailable,2,8101,6,137643,"[129793, 6644, 17, 1189]",benign_false_alert_rate,0.0008860262109666932,0.0008860262109666932,0.0,True,False,True
PX081,harm_minus_entropy,delayed_unavailable,2,8101,6,137643,"[129793, 6644, 17, 1189]",exfil_to_benign_count,392,1118,726.0,True,False,True
PX081,harm_minus_entropy,delayed_unavailable,2,8101,6,137643,"[129793, 6644, 17, 1189]",benign_false_alert_count,115,115,0.0,True,False,True
PX081,harm_minus_entropy,delayed_unavailable,2,8101,7,155506,"[143242, 8796, 35, 3433]",macro_f1,0.700787999057611,0.785214787287375,0.08442678822976402,True,False,True
PX081,harm_minus_entropy,delayed_unavailable,2,8101,7,155506,"[143242, 8796, 35, 3433]",exfil_warning_recall,0.8881444800466065,0.6763763472181765,-0.21176813282843,True,False,True
PX081,harm_minus_entropy,delayed_unavailable,2,8101,7,155506,"[143242, 8796, 35, 3433]",movement_exact_recall,0.8,0.8,0.0,True,False,True
PX081,harm_minus_entropy,delayed_unavailable,2,8101,7,155506,"[143242, 8796, 35, 3433]",benign_false_alert_rate,0.0005654766060233731,0.0005794389913572835,1.3962385333910463e-05,True,False,True
PX081,harm_minus_entropy,delayed_unavailable,2,8101,7,155506,"[143242, 8796, 35, 3433]",exfil_to_benign_count,384,1111,727.0,True,False,True
PX081,harm_minus_entropy,delayed_unavailable,2,8101,7,155506,"[143242, 8796, 35, 3433]",benign_false_alert_count,81,83,2.0,True,False,True
PX081,harm_minus_entropy,delayed_unavailable,2,8101,8,170461,"[156932, 10291, 24, 3214]",macro_f1,0.7054077635913664,0.7542165759924538,0.048808812401087476,True,False,True
PX081,harm_minus_entropy,delayed_unavailable,2,8101,8,170461,"[156932, 10291, 24, 3214]",exfil_warning_recall,0.9100808960796515,0.7221530802738021,-0.18792781580584939,True,False,True
PX081,harm_minus_entropy,delayed_unavailable,2,8101,8,170461,"[156932, 10291, 24, 3214]",movement_exact_recall,0.8333333333333334,0.8333333333333334,0.0,True,False,True
PX081,harm_minus_entropy,delayed_unavailable,2,8101,8,170461,"[156932, 10291, 24, 3214]",benign_false_alert_rate,0.0008028955216272016,0.0008028955216272016,0.0,True,False,True
PX081,harm_minus_entropy,delayed_unavailable,2,8101,8,170461,"[156932, 10291, 24, 3214]",exfil_to_benign_count,289,893,604.0,True,False,True
PX081,harm_minus_entropy,delayed_unavailable,2,8101,8,170461,"[156932, 10291, 24, 3214]",benign_false_alert_count,126,126,0.0,True,False,True
PX081,harm_minus_entropy,delayed_unavailable,2,8101,9,181827,"[167073, 11541, 29, 3184]",macro_f1,0.7199633310878688,0.7693481574065048,0.049384826318635944,True,False,True
PX081,harm_minus_entropy,delayed_unavailable,2,8101,9,181827,"[167073, 11541, 29, 3184]",exfil_warning_recall,0.8985552763819096,0.707286432160804,-0.19126884422110557,True,False,True
PX081,harm_minus_entropy,delayed_unavailable,2,8101,9,181827,"[167073, 11541, 29, 3184]",movement_exact_recall,0.7931034482758621,0.7931034482758621,0.0,True,False,True
PX081,harm_minus_entropy,delayed_unavailable,2,8101,9,181827,"[167073, 11541, 29, 3184]",benign_false_alert_rate,0.0008200008379570607,0.0008259862455333896,5.985407576328933e-06,True,False,True
PX081,harm_minus_entropy,delayed_unavailable,2,8101,9,181827,"[167073, 11541, 29, 3184]",exfil_to_benign_count,323,932,609.0,True,False,True
PX081,harm_minus_entropy,delayed_unavailable,2,8101,9,181827,"[167073, 11541, 29, 3184]",benign_false_alert_count,137,138,1.0,True,False,True
PX081,harm_minus_entropy,delayed_unavailable,2,8101,10,186939,"[171732, 12424, 35, 2748]",macro_f1,0.741475845645205,0.7784446651880119,0.03696881954280695,True,False,True
PX081,harm_minus_entropy,delayed_unavailable,2,8101,10,186939,"[171732, 12424, 35, 2748]",exfil_warning_recall,0.9330422125181951,0.8449781659388647,-0.08806404657933042,True,False,True
PX081,harm_minus_entropy,delayed_unavailable,2,8101,10,186939,"[171732, 12424, 35, 2748]",movement_exact_recall,0.8,0.8,0.0,True,False,True
PX081,harm_minus_entropy,delayed_unavailable,2,8101,10,186939,"[171732, 12424, 35, 2748]",benign_false_alert_rate,0.000890923066172874,0.0008967460927491673,5.823026576293319e-06,True,False,True
PX081,harm_minus_entropy,delayed_unavailable,2,8101,10,186939,"[171732, 12424, 35, 2748]",exfil_to_benign_count,184,426,242.0,True,False,True
PX081,harm_minus_entropy,delayed_unavailable,2,8101,10,186939,"[171732, 12424, 35, 2748]",benign_false_alert_count,153,154,1.0,True,False,True
PX081,harm_minus_entropy,delayed_unavailable,2,8102,6,137643,"[129793, 6644, 17, 1189]",macro_f1,0.5213769263973015,0.5657282500441032,0.04435132364680172,True,False,True
PX081,harm_minus_entropy,delayed_unavailable,2,8102,6,137643,"[129793, 6644, 17, 1189]",exfil_warning_recall,0.6593776282590412,0.060555088309503735,-0.5988225399495375,True,False,True
PX081,harm_minus_entropy,delayed_unavailable,2,8102,6,137643,"[129793, 6644, 17, 1189]",movement_exact_recall,0.7058823529411765,0.7058823529411765,0.0,True,False,True
PX081,harm_minus_entropy,delayed_unavailable,2,8102,6,137643,"[129793, 6644, 17, 1189]",benign_false_alert_rate,0.0007165255445208909,0.0007781621505011827,6.163660598029177e-05,True,False,True
PX081,harm_minus_entropy,delayed_unavailable,2,8102,6,137643,"[129793, 6644, 17, 1189]",exfil_to_benign_count,405,1117,712.0,True,False,True
PX081,harm_minus_entropy,delayed_unavailable,2,8102,6,137643,"[129793, 6644, 17, 1189]",benign_false_alert_count,93,101,8.0,True,False,True
PX081,harm_minus_entropy,delayed_unavailable,2,8102,7,155506,"[143242, 8796, 35, 3433]",macro_f1,0.6989786954338101,0.788861405204709,0.08988270977089896,True,False,True
PX081,harm_minus_entropy,delayed_unavailable,2,8102,7,155506,"[143242, 8796, 35, 3433]",exfil_warning_recall,0.883775123798427,0.6763763472181765,-0.20739877658025052,True,False,True
PX081,harm_minus_entropy,delayed_unavailable,2,8102,7,155506,"[143242, 8796, 35, 3433]",movement_exact_recall,0.6857142857142857,0.6857142857142857,0.0,True,False,True
PX081,harm_minus_entropy,delayed_unavailable,2,8102,7,155506,"[143242, 8796, 35, 3433]",benign_false_alert_rate,0.00047472110135295516,0.0005096270646877312,3.490596333477605e-05,True,False,True
PX081,harm_minus_entropy,delayed_unavailable,2,8102,7,155506,"[143242, 8796, 35, 3433]",exfil_to_benign_count,399,1111,712.0,True,False,True
PX081,harm_minus_entropy,delayed_unavailable,2,8102,7,155506,"[143242, 8796, 35, 3433]",benign_false_alert_count,68,73,5.0,True,False,True
PX081,harm_minus_entropy,delayed_unavailable,2,8102,8,170461,"[156932, 10291, 24, 3214]",macro_f1,0.7044966664821134,0.7565068044372804,0.05201013795516696,True,False,True
PX081,harm_minus_entropy,delayed_unavailable,2,8102,8,170461,"[156932, 10291, 24, 3214]",exfil_warning_recall,0.9088363410080896,0.7221530802738021,-0.18668326073428754,True,False,True
PX081,harm_minus_entropy,delayed_unavailable,2,8102,8,170461,"[156932, 10291, 24, 3214]",movement_exact_recall,0.75,0.75,0.0,True,False,True
PX081,harm_minus_entropy,delayed_unavailable,2,8102,8,170461,"[156932, 10291, 24, 3214]",benign_false_alert_rate,0.0007073127214334871,0.0007582902148701348,5.097749343664767e-05,True,False,True
PX081,harm_minus_entropy,delayed_unavailable,2,8102,8,170461,"[156932, 10291, 24, 3214]",exfil_to_benign_count,293,893,600.0,True,False,True
PX081,harm_minus_entropy,delayed_unavailable,2,8102,8,170461,"[156932, 10291, 24, 3214]",benign_false_alert_count,111,119,8.0,True,False,True
PX081,harm_minus_entropy,delayed_unavailable,2,8102,9,181827,"[167073, 11541, 29, 3184]",macro_f1,0.7171404163319299,0.7640715208394018,0.046931104507471844,True,False,True
PX081,harm_minus_entropy,delayed_unavailable,2,8102,9,181827,"[167073, 11541, 29, 3184]",exfil_warning_recall,0.8922738693467337,0.7069723618090452,-0.18530150753768848,True,False,True
PX081,harm_minus_entropy,delayed_unavailable,2,8102,9,181827,"[167073, 11541, 29, 3184]",movement_exact_recall,0.6206896551724138,0.6206896551724138,0.0,True,False,True
PX081,harm_minus_entropy,delayed_unavailable,2,8102,9,181827,"[167073, 11541, 29, 3184]",benign_false_alert_rate,0.0007062780940068114,0.0007421905394647849,3.591244545797349e-05,True,False,True
PX081,harm_minus_entropy,delayed_unavailable,2,8102,9,181827,"[167073, 11541, 29, 3184]",exfil_to_benign_count,343,933,590.0,True,False,True
PX081,harm_minus_entropy,delayed_unavailable,2,8102,9,181827,"[167073, 11541, 29, 3184]",benign_false_alert_count,118,124,6.0,True,False,True
PX081,harm_minus_entropy,delayed_unavailable,2,8102,10,186939,"[171732, 12424, 35, 2748]",macro_f1,0.7393295911143832,0.778702630229738,0.039373039115354724,True,False,True
PX081,harm_minus_entropy,delayed_unavailable,2,8102,10,186939,"[171732, 12424, 35, 2748]",exfil_warning_recall,0.9301310043668123,0.8449781659388647,-0.08515283842794763,True,False,True
PX081,harm_minus_entropy,delayed_unavailable,2,8102,10,186939,"[171732, 12424, 35, 2748]",movement_exact_recall,0.6857142857142857,0.6857142857142857,0.0,True,False,True
PX081,harm_minus_entropy,delayed_unavailable,2,8102,10,186939,"[171732, 12424, 35, 2748]",benign_false_alert_rate,0.0007569934549181282,0.0008094006941047679,5.240723918663965e-05,True,False,True
PX081,harm_minus_entropy,delayed_unavailable,2,8102,10,186939,"[171732, 12424, 35, 2748]",exfil_to_benign_count,192,426,234.0,True,False,True
PX081,harm_minus_entropy,delayed_unavailable,2,8102,10,186939,"[171732, 12424, 35, 2748]",benign_false_alert_count,130,139,9.0,True,False,True
PX081,harm_minus_entropy,delayed_unavailable,2,8103,6,137643,"[129793, 6644, 17, 1189]",macro_f1,0.5648758492070627,0.5641277834086562,-0.000748065798406472,False,False,False
PX081,harm_minus_entropy,delayed_unavailable,2,8103,6,137643,"[129793, 6644, 17, 1189]",exfil_warning_recall,0.061396131202691384,0.060555088309503735,-0.000841042893187649,False,False,False
PX081,harm_minus_entropy,delayed_unavailable,2,8103,6,137643,"[129793, 6644, 17, 1189]",movement_exact_recall,0.7647058823529411,0.7058823529411765,-0.05882352941176461,False,False,False
PX081,harm_minus_entropy,delayed_unavailable,2,8103,6,137643,"[129793, 6644, 17, 1189]",benign_false_alert_rate,0.0008243896049864014,0.0007781621505011827,-4.6227454485218695e-05,False,False,False
PX081,harm_minus_entropy,delayed_unavailable,2,8103,6,137643,"[129793, 6644, 17, 1189]",exfil_to_benign_count,1116,1117,1.0,False,False,False
PX081,harm_minus_entropy,delayed_unavailable,2,8103,6,137643,"[129793, 6644, 17, 1189]",benign_false_alert_count,107,101,-6.0,False,False,False
PX081,harm_minus_entropy,delayed_unavailable,2,8103,7,155506,"[143242, 8796, 35, 3433]",macro_f1,0.7829937887708712,0.7837534394920815,0.0007596507212103143,True,False,True
PX081,harm_minus_entropy,delayed_unavailable,2,8103,7,155506,"[143242, 8796, 35, 3433]",exfil_warning_recall,0.6766676376347218,0.6763763472181765,-0.00029129041654529786,True,False,True
PX081,harm_minus_entropy,delayed_unavailable,2,8103,7,155506,"[143242, 8796, 35, 3433]",movement_exact_recall,0.8,0.7428571428571429,-0.05714285714285716,True,False,True
PX081,harm_minus_entropy,delayed_unavailable,2,8103,7,155506,"[143242, 8796, 35, 3433]",benign_false_alert_rate,0.0006143449546920596,0.0005584954133564178,-5.5849541335641854e-05,True,False,True
PX081,harm_minus_entropy,delayed_unavailable,2,8103,7,155506,"[143242, 8796, 35, 3433]",exfil_to_benign_count,1110,1111,1.0,True,False,True
PX081,harm_minus_entropy,delayed_unavailable,2,8103,7,155506,"[143242, 8796, 35, 3433]",benign_false_alert_count,88,80,-8.0,True,False,True
PX081,harm_minus_entropy,delayed_unavailable,2,8103,8,170461,"[156932, 10291, 24, 3214]",macro_f1,0.7607607924840105,0.7578342750573352,-0.002926517426675268,False,False,False
PX081,harm_minus_entropy,delayed_unavailable,2,8103,8,170461,"[156932, 10291, 24, 3214]",exfil_warning_recall,0.7224642190416926,0.7224642190416926,0.0,False,False,False
PX081,harm_minus_entropy,delayed_unavailable,2,8103,8,170461,"[156932, 10291, 24, 3214]",movement_exact_recall,0.8333333333333334,0.7916666666666666,-0.04166666666666674,False,False,False
PX081,harm_minus_entropy,delayed_unavailable,2,8103,8,170461,"[156932, 10291, 24, 3214]",benign_false_alert_rate,0.000732801468151811,0.000732801468151811,0.0,False,False,False
PX081,harm_minus_entropy,delayed_unavailable,2,8103,8,170461,"[156932, 10291, 24, 3214]",exfil_to_benign_count,892,892,0.0,False,False,False
PX081,harm_minus_entropy,delayed_unavailable,2,8103,8,170461,"[156932, 10291, 24, 3214]",benign_false_alert_count,115,115,0.0,False,False,False
PX081,harm_minus_entropy,delayed_unavailable,2,8103,9,181827,"[167073, 11541, 29, 3184]",macro_f1,0.7719768217691085,0.7699725889334481,-0.0020042328356604244,False,False,False
PX081,harm_minus_entropy,delayed_unavailable,2,8103,9,181827,"[167073, 11541, 29, 3184]",exfil_warning_recall,0.7069723618090452,0.7066582914572864,-0.0003140703517587884,False,False,False
PX081,harm_minus_entropy,delayed_unavailable,2,8103,9,181827,"[167073, 11541, 29, 3184]",movement_exact_recall,0.7931034482758621,0.7241379310344828,-0.06896551724137934,False,False,False
PX081,harm_minus_entropy,delayed_unavailable,2,8103,9,181827,"[167073, 11541, 29, 3184]",benign_false_alert_rate,0.0007840883924990872,0.0007421905394647849,-4.1897853034302316e-05,False,False,False
PX081,harm_minus_entropy,delayed_unavailable,2,8103,9,181827,"[167073, 11541, 29, 3184]",exfil_to_benign_count,933,934,1.0,False,False,False
PX081,harm_minus_entropy,delayed_unavailable,2,8103,9,181827,"[167073, 11541, 29, 3184]",benign_false_alert_count,131,124,-7.0,False,False,False
PX081,harm_minus_entropy,delayed_unavailable,2,8103,10,186939,"[171732, 12424, 35, 2748]",macro_f1,0.7814243463392394,0.7799819372291406,-0.0014424091100988523,False,False,False
PX081,harm_minus_entropy,delayed_unavailable,2,8103,10,186939,"[171732, 12424, 35, 2748]",exfil_warning_recall,0.8453420669577875,0.8449781659388647,-0.0003639010189228076,False,False,False
PX081,harm_minus_entropy,delayed_unavailable,2,8103,10,186939,"[171732, 12424, 35, 2748]",movement_exact_recall,0.8,0.7428571428571429,-0.05714285714285716,False,False,False
PX081,harm_minus_entropy,delayed_unavailable,2,8103,10,186939,"[171732, 12424, 35, 2748]",benign_false_alert_rate,0.0008559849067151143,0.0008152237206810612,-4.0761186034053124e-05,False,False,False
PX081,harm_minus_entropy,delayed_unavailable,2,8103,10,186939,"[171732, 12424, 35, 2748]",exfil_to_benign_count,425,426,1.0,False,False,False
PX081,harm_minus_entropy,delayed_unavailable,2,8103,10,186939,"[171732, 12424, 35, 2748]",benign_false_alert_count,147,140,-7.0,False,False,False
PX081,harm_minus_entropy,delayed_unavailable,3,8101,6,137643,"[129793, 6644, 17, 1189]",macro_f1,0.521981705176369,0.5629285106711277,0.04094680549475871,True,False,True
PX081,harm_minus_entropy,delayed_unavailable,3,8101,6,137643,"[129793, 6644, 17, 1189]",exfil_warning_recall,0.6509671993271657,0.063919259882254,-0.5870479394449117,True,False,True
PX081,harm_minus_entropy,delayed_unavailable,3,8101,6,137643,"[129793, 6644, 17, 1189]",movement_exact_recall,0.7647058823529411,0.8235294117647058,0.05882352941176472,True,False,True
PX081,harm_minus_entropy,delayed_unavailable,3,8101,6,137643,"[129793, 6644, 17, 1189]",benign_false_alert_rate,0.000901435362461766,0.0008937307867142296,-7.704575747536431e-06,True,False,True
PX081,harm_minus_entropy,delayed_unavailable,3,8101,6,137643,"[129793, 6644, 17, 1189]",exfil_to_benign_count,415,1113,698.0,True,False,True
PX081,harm_minus_entropy,delayed_unavailable,3,8101,6,137643,"[129793, 6644, 17, 1189]",benign_false_alert_count,117,116,-1.0,True,False,True
PX081,harm_minus_entropy,delayed_unavailable,3,8101,7,155506,"[143242, 8796, 35, 3433]",macro_f1,0.7012021815824993,0.7832443073890346,0.08204212580653536,True,False,True
PX081,harm_minus_entropy,delayed_unavailable,3,8101,7,155506,"[143242, 8796, 35, 3433]",exfil_warning_recall,0.8814448004660647,0.6781240897174483,-0.20332071074861635,True,False,True
PX081,harm_minus_entropy,delayed_unavailable,3,8101,7,155506,"[143242, 8796, 35, 3433]",movement_exact_recall,0.8,0.8285714285714286,0.02857142857142858,True,False,True
PX081,harm_minus_entropy,delayed_unavailable,3,8101,7,155506,"[143242, 8796, 35, 3433]",benign_false_alert_rate,0.0005794389913572835,0.0005864201840242387,6.9811926669551775e-06,True,False,True
PX081,harm_minus_entropy,delayed_unavailable,3,8101,7,155506,"[143242, 8796, 35, 3433]",exfil_to_benign_count,407,1105,698.0,True,False,True
PX081,harm_minus_entropy,delayed_unavailable,3,8101,7,155506,"[143242, 8796, 35, 3433]",benign_false_alert_count,83,84,1.0,True,False,True
PX081,harm_minus_entropy,delayed_unavailable,3,8101,8,170461,"[156932, 10291, 24, 3214]",macro_f1,0.7054436135146838,0.7535643678430902,0.048120754328406457,True,False,True
PX081,harm_minus_entropy,delayed_unavailable,3,8101,8,170461,"[156932, 10291, 24, 3214]",exfil_warning_recall,0.909769757311761,0.7230864965774735,-0.18668326073428754,True,False,True
PX081,harm_minus_entropy,delayed_unavailable,3,8101,8,170461,"[156932, 10291, 24, 3214]",movement_exact_recall,0.8333333333333334,0.8333333333333334,0.0,True,False,True
PX081,harm_minus_entropy,delayed_unavailable,3,8101,8,170461,"[156932, 10291, 24, 3214]",benign_false_alert_rate,0.0008028955216272016,0.0008028955216272016,0.0,True,False,True
PX081,harm_minus_entropy,delayed_unavailable,3,8101,8,170461,"[156932, 10291, 24, 3214]",exfil_to_benign_count,290,890,600.0,True,False,True
PX081,harm_minus_entropy,delayed_unavailable,3,8101,8,170461,"[156932, 10291, 24, 3214]",benign_false_alert_count,126,126,0.0,True,False,True
PX081,harm_minus_entropy,delayed_unavailable,3,8101,9,181827,"[167073, 11541, 29, 3184]",macro_f1,0.7203547170579243,0.7700416558296214,0.04968693877169705,True,False,True
PX081,harm_minus_entropy,delayed_unavailable,3,8101,9,181827,"[167073, 11541, 29, 3184]",exfil_warning_recall,0.8910175879396985,0.7085427135678393,-0.18247487437185927,True,False,True
PX081,harm_minus_entropy,delayed_unavailable,3,8101,9,181827,"[167073, 11541, 29, 3184]",movement_exact_recall,0.7931034482758621,0.8275862068965517,0.03448275862068961,True,False,True
PX081,harm_minus_entropy,delayed_unavailable,3,8101,9,181827,"[167073, 11541, 29, 3184]",benign_false_alert_rate,0.0008319716531097185,0.0008319716531097185,0.0,True,False,True
PX081,harm_minus_entropy,delayed_unavailable,3,8101,9,181827,"[167073, 11541, 29, 3184]",exfil_to_benign_count,347,928,581.0,True,False,True
PX081,harm_minus_entropy,delayed_unavailable,3,8101,9,181827,"[167073, 11541, 29, 3184]",benign_false_alert_count,139,139,0.0,True,False,True
PX081,harm_minus_entropy,delayed_unavailable,3,8101,10,186939,"[171732, 12424, 35, 2748]",macro_f1,0.742909479762545,0.778373578508067,0.03546409874552203,True,False,True
PX081,harm_minus_entropy,delayed_unavailable,3,8101,10,186939,"[171732, 12424, 35, 2748]",exfil_warning_recall,0.9254002911208151,0.8471615720524017,-0.0782387190684134,True,False,True
PX081,harm_minus_entropy,delayed_unavailable,3,8101,10,186939,"[171732, 12424, 35, 2748]",movement_exact_recall,0.8,0.8285714285714286,0.02857142857142858,True,False,True
PX081,harm_minus_entropy,delayed_unavailable,3,8101,10,186939,"[171732, 12424, 35, 2748]",benign_false_alert_rate,0.0009025691193254606,0.0009025691193254606,0.0,True,False,True
PX081,harm_minus_entropy,delayed_unavailable,3,8101,10,186939,"[171732, 12424, 35, 2748]",exfil_to_benign_count,205,420,215.0,True,False,True
PX081,harm_minus_entropy,delayed_unavailable,3,8101,10,186939,"[171732, 12424, 35, 2748]",benign_false_alert_count,155,155,0.0,True,False,True
PX081,harm_minus_entropy,delayed_unavailable,3,8102,6,137643,"[129793, 6644, 17, 1189]",macro_f1,0.5215055613899555,0.5335614813489901,0.012055919959034544,True,False,True
PX081,harm_minus_entropy,delayed_unavailable,3,8102,6,137643,"[129793, 6644, 17, 1189]",exfil_warning_recall,0.6417157275021026,0.2068965517241379,-0.4348191757779647,True,False,True
PX081,harm_minus_entropy,delayed_unavailable,3,8102,6,137643,"[129793, 6644, 17, 1189]",movement_exact_recall,0.7058823529411765,0.7058823529411765,0.0,True,False,True
PX081,harm_minus_entropy,delayed_unavailable,3,8102,6,137643,"[129793, 6644, 17, 1189]",benign_false_alert_rate,0.0007473438475110369,0.0008320941807339379,8.475033322290107e-05,True,False,True
PX081,harm_minus_entropy,delayed_unavailable,3,8102,6,137643,"[129793, 6644, 17, 1189]",exfil_to_benign_count,426,943,517.0,True,False,True
PX081,harm_minus_entropy,delayed_unavailable,3,8102,6,137643,"[129793, 6644, 17, 1189]",benign_false_alert_count,97,108,11.0,True,False,True
PX081,harm_minus_entropy,delayed_unavailable,3,8102,7,155506,"[143242, 8796, 35, 3433]",macro_f1,0.6998223049966525,0.7256421897010199,0.025819884704367357,True,False,True
PX081,harm_minus_entropy,delayed_unavailable,3,8102,7,155506,"[143242, 8796, 35, 3433]",exfil_warning_recall,0.8776580250509758,0.7270608796970579,-0.15059714535391788,True,False,True
PX081,harm_minus_entropy,delayed_unavailable,3,8102,7,155506,"[143242, 8796, 35, 3433]",movement_exact_recall,0.7142857142857143,0.7142857142857143,0.0,True,False,True
PX081,harm_minus_entropy,delayed_unavailable,3,8102,7,155506,"[143242, 8796, 35, 3433]",benign_false_alert_rate,0.0005166082573546865,0.0005724577986903282,5.5849541335641745e-05,True,False,True
PX081,harm_minus_entropy,delayed_unavailable,3,8102,7,155506,"[143242, 8796, 35, 3433]",exfil_to_benign_count,420,937,517.0,True,False,True
PX081,harm_minus_entropy,delayed_unavailable,3,8102,7,155506,"[143242, 8796, 35, 3433]",benign_false_alert_count,74,82,8.0,True,False,True
PX081,harm_minus_entropy,delayed_unavailable,3,8102,8,170461,"[156932, 10291, 24, 3214]",macro_f1,0.7051527735168004,0.7226629614764692,0.017510187959668855,True,False,True
PX081,harm_minus_entropy,delayed_unavailable,3,8102,8,170461,"[156932, 10291, 24, 3214]",exfil_warning_recall,0.9079029247044181,0.7719352831362788,-0.13596764156813934,True,False,True
PX081,harm_minus_entropy,delayed_unavailable,3,8102,8,170461,"[156932, 10291, 24, 3214]",movement_exact_recall,0.7916666666666666,0.7916666666666666,0.0,True,False,True
PX081,harm_minus_entropy,delayed_unavailable,3,8102,8,170461,"[156932, 10291, 24, 3214]",benign_false_alert_rate,0.00072642928147223,0.0007901511482680397,6.37218667958097e-05,True,False,True
PX081,harm_minus_entropy,delayed_unavailable,3,8102,8,170461,"[156932, 10291, 24, 3214]",exfil_to_benign_count,296,733,437.0,True,False,True
PX081,harm_minus_entropy,delayed_unavailable,3,8102,8,170461,"[156932, 10291, 24, 3214]",benign_false_alert_count,114,124,10.0,True,False,True
PX081,harm_minus_entropy,delayed_unavailable,3,8102,9,181827,"[167073, 11541, 29, 3184]",macro_f1,0.7180284734131177,0.7352726220402588,0.017244148627141076,True,False,True
PX081,harm_minus_entropy,delayed_unavailable,3,8102,9,181827,"[167073, 11541, 29, 3184]",exfil_warning_recall,0.8863065326633166,0.7525125628140703,-0.1337939698492463,True,False,True
PX081,harm_minus_entropy,delayed_unavailable,3,8102,9,181827,"[167073, 11541, 29, 3184]",movement_exact_recall,0.6551724137931034,0.6551724137931034,0.0,True,False,True
PX081,harm_minus_entropy,delayed_unavailable,3,8102,9,181827,"[167073, 11541, 29, 3184]",benign_false_alert_rate,0.000736205131888456,0.0007960592076517451,5.9854075763289116e-05,True,False,True
PX081,harm_minus_entropy,delayed_unavailable,3,8102,9,181827,"[167073, 11541, 29, 3184]",exfil_to_benign_count,362,788,426.0,True,False,True
PX081,harm_minus_entropy,delayed_unavailable,3,8102,9,181827,"[167073, 11541, 29, 3184]",benign_false_alert_count,123,133,10.0,True,False,True
PX081,harm_minus_entropy,delayed_unavailable,3,8102,10,186939,"[171732, 12424, 35, 2748]",macro_f1,0.7415613777539318,0.7642198760993377,0.022658498345405897,True,False,True
PX081,harm_minus_entropy,delayed_unavailable,3,8102,10,186939,"[171732, 12424, 35, 2748]",exfil_warning_recall,0.9228529839883551,0.8606259097525473,-0.06222707423580787,True,False,True
PX081,harm_minus_entropy,delayed_unavailable,3,8102,10,186939,"[171732, 12424, 35, 2748]",movement_exact_recall,0.7142857142857143,0.7142857142857143,0.0,True,False,True
PX081,harm_minus_entropy,delayed_unavailable,3,8102,10,186939,"[171732, 12424, 35, 2748]",benign_false_alert_rate,0.000791931614375888,0.0008676309598677008,7.569934549181282e-05,True,False,True
PX081,harm_minus_entropy,delayed_unavailable,3,8102,10,186939,"[171732, 12424, 35, 2748]",exfil_to_benign_count,212,383,171.0,True,False,True
PX081,harm_minus_entropy,delayed_unavailable,3,8102,10,186939,"[171732, 12424, 35, 2748]",benign_false_alert_count,136,149,13.0,True,False,True
PX081,harm_minus_entropy,delayed_unavailable,3,8103,6,137643,"[129793, 6644, 17, 1189]",macro_f1,0.557820518580173,0.5615643764805772,0.0037438579004042127,True,False,True
PX081,harm_minus_entropy,delayed_unavailable,3,8103,6,137643,"[129793, 6644, 17, 1189]",exfil_warning_recall,0.06307821698906646,0.060555088309503735,-0.002523128679562725,True,False,True
PX081,harm_minus_entropy,delayed_unavailable,3,8103,6,137643,"[129793, 6644, 17, 1189]",movement_exact_recall,0.6470588235294118,0.6470588235294118,0.0,True,False,True
PX081,harm_minus_entropy,delayed_unavailable,3,8103,6,137643,"[129793, 6644, 17, 1189]",benign_false_alert_rate,0.0007935713019962556,0.0007550484232585733,-3.8522878737682264e-05,True,False,True
PX081,harm_minus_entropy,delayed_unavailable,3,8103,6,137643,"[129793, 6644, 17, 1189]",exfil_to_benign_count,1114,1117,3.0,True,False,True
PX081,harm_minus_entropy,delayed_unavailable,3,8103,6,137643,"[129793, 6644, 17, 1189]",benign_false_alert_count,103,98,-5.0,True,False,True
PX081,harm_minus_entropy,delayed_unavailable,3,8103,7,155506,"[143242, 8796, 35, 3433]",macro_f1,0.7785627994231394,0.7837717695509275,0.005208970127788093,True,False,True
PX081,harm_minus_entropy,delayed_unavailable,3,8103,7,155506,"[143242, 8796, 35, 3433]",exfil_warning_recall,0.6772502184678124,0.6763763472181765,-0.0008738712496358936,True,False,True
PX081,harm_minus_entropy,delayed_unavailable,3,8103,7,155506,"[143242, 8796, 35, 3433]",movement_exact_recall,0.7428571428571429,0.7142857142857143,-0.02857142857142858,True,False,True
PX081,harm_minus_entropy,delayed_unavailable,3,8103,7,155506,"[143242, 8796, 35, 3433]",benign_false_alert_rate,0.0005794389913572835,0.000530570642688597,-4.886834866868657e-05,True,False,True
PX081,harm_minus_entropy,delayed_unavailable,3,8103,7,155506,"[143242, 8796, 35, 3433]",exfil_to_benign_count,1108,1111,3.0,True,False,True
PX081,harm_minus_entropy,delayed_unavailable,3,8103,7,155506,"[143242, 8796, 35, 3433]",benign_false_alert_count,83,76,-7.0,True,False,True
PX081,harm_minus_entropy,delayed_unavailable,3,8103,8,170461,"[156932, 10291, 24, 3214]",macro_f1,0.7591338920387758,0.7561627592724776,-0.0029711327662982345,False,True,True
PX081,harm_minus_entropy,delayed_unavailable,3,8103,8,170461,"[156932, 10291, 24, 3214]",exfil_warning_recall,0.7221530802738021,0.7224642190416926,0.000311138767890462,False,True,True
PX081,harm_minus_entropy,delayed_unavailable,3,8103,8,170461,"[156932, 10291, 24, 3214]",movement_exact_recall,0.7916666666666666,0.75,-0.04166666666666663,False,True,True
PX081,harm_minus_entropy,delayed_unavailable,3,8103,8,170461,"[156932, 10291, 24, 3214]",benign_false_alert_rate,0.000713684908113068,0.000713684908113068,0.0,False,True,True
PX081,harm_minus_entropy,delayed_unavailable,3,8103,8,170461,"[156932, 10291, 24, 3214]",exfil_to_benign_count,893,892,-1.0,False,True,True
PX081,harm_minus_entropy,delayed_unavailable,3,8103,8,170461,"[156932, 10291, 24, 3214]",benign_false_alert_count,112,112,0.0,False,True,True
PX081,harm_minus_entropy,delayed_unavailable,3,8103,9,181827,"[167073, 11541, 29, 3184]",macro_f1,0.7705996036706853,0.7720666335010986,0.0014670298304133578,True,False,True
PX081,harm_minus_entropy,delayed_unavailable,3,8103,9,181827,"[167073, 11541, 29, 3184]",exfil_warning_recall,0.7079145728643217,0.7066582914572864,-0.0012562814070352646,True,False,True
PX081,harm_minus_entropy,delayed_unavailable,3,8103,9,181827,"[167073, 11541, 29, 3184]",movement_exact_recall,0.7586206896551724,0.7241379310344828,-0.03448275862068961,True,False,True
PX081,harm_minus_entropy,delayed_unavailable,3,8103,9,181827,"[167073, 11541, 29, 3184]",benign_false_alert_rate,0.0007481759470411137,0.0007122635015831403,-3.591244545797338e-05,True,False,True
PX081,harm_minus_entropy,delayed_unavailable,3,8103,9,181827,"[167073, 11541, 29, 3184]",exfil_to_benign_count,930,934,4.0,True,False,True
PX081,harm_minus_entropy,delayed_unavailable,3,8103,9,181827,"[167073, 11541, 29, 3184]",benign_false_alert_count,125,119,-6.0,True,False,True
PX081,harm_minus_entropy,delayed_unavailable,3,8103,10,186939,"[171732, 12424, 35, 2748]",macro_f1,0.7780132525190372,0.779558087996199,0.0015448354771617767,True,False,True
PX081,harm_minus_entropy,delayed_unavailable,3,8103,10,186939,"[171732, 12424, 35, 2748]",exfil_warning_recall,0.8460698689956332,0.8449781659388647,-0.0010917030567685337,True,False,True
PX081,harm_minus_entropy,delayed_unavailable,3,8103,10,186939,"[171732, 12424, 35, 2748]",movement_exact_recall,0.7428571428571429,0.7142857142857143,-0.02857142857142858,True,False,True
PX081,harm_minus_entropy,delayed_unavailable,3,8103,10,186939,"[171732, 12424, 35, 2748]",benign_false_alert_rate,0.0008210467472573545,0.0007861085877995947,-3.4938159457759805e-05,True,False,True
PX081,harm_minus_entropy,delayed_unavailable,3,8103,10,186939,"[171732, 12424, 35, 2748]",exfil_to_benign_count,423,426,3.0,True,False,True
PX081,harm_minus_entropy,delayed_unavailable,3,8103,10,186939,"[171732, 12424, 35, 2748]",benign_false_alert_count,141,135,-6.0,True,False,True
PX081,harm_minus_entropy,wrong_host_history,1,8101,6,137643,"[129793, 6644, 17, 1189]",macro_f1,0.5201810514316961,0.5586129064164116,0.03843185498471546,True,False,True
PX081,harm_minus_entropy,wrong_host_history,1,8101,6,137643,"[129793, 6644, 17, 1189]",exfil_warning_recall,0.9394449116904963,0.07653490328006729,-0.862910008410429,True,False,True
PX081,harm_minus_entropy,wrong_host_history,1,8101,6,137643,"[129793, 6644, 17, 1189]",movement_exact_recall,0.7647058823529411,0.8823529411764706,0.11764705882352944,True,False,True
PX081,harm_minus_entropy,wrong_host_history,1,8101,6,137643,"[129793, 6644, 17, 1189]",benign_false_alert_rate,0.0009630719684420577,0.0010478223016649588,8.475033322290107e-05,True,False,True
PX081,harm_minus_entropy,wrong_host_history,1,8101,6,137643,"[129793, 6644, 17, 1189]",exfil_to_benign_count,72,1098,1026.0,True,False,True
PX081,harm_minus_entropy,wrong_host_history,1,8101,6,137643,"[129793, 6644, 17, 1189]",benign_false_alert_count,125,136,11.0,True,False,True
PX081,harm_minus_entropy,wrong_host_history,1,8101,7,155506,"[143242, 8796, 35, 3433]",macro_f1,0.6957519478050207,0.7739269523461924,0.07817500454117166,True,False,True
PX081,harm_minus_entropy,wrong_host_history,1,8101,7,155506,"[143242, 8796, 35, 3433]",exfil_warning_recall,0.9810661229245558,0.6822021555490825,-0.29886396737547327,True,False,True
PX081,harm_minus_entropy,wrong_host_history,1,8101,7,155506,"[143242, 8796, 35, 3433]",movement_exact_recall,0.8,0.9142857142857143,0.11428571428571421,True,False,True
PX081,harm_minus_entropy,wrong_host_history,1,8101,7,155506,"[143242, 8796, 35, 3433]",benign_false_alert_rate,0.0006492509180268357,0.000753968808031164,0.00010471789000432831,True,False,True
PX081,harm_minus_entropy,wrong_host_history,1,8101,7,155506,"[143242, 8796, 35, 3433]",exfil_to_benign_count,65,1091,1026.0,True,False,True
PX081,harm_minus_entropy,wrong_host_history,1,8101,7,155506,"[143242, 8796, 35, 3433]",benign_false_alert_count,93,108,15.0,True,False,True
PX081,harm_minus_entropy,wrong_host_history,1,8101,8,170461,"[156932, 10291, 24, 3214]",macro_f1,0.7013268686427548,0.7537182790375812,0.05239141039482631,True,False,True
PX081,harm_minus_entropy,wrong_host_history,1,8101,8,170461,"[156932, 10291, 24, 3214]",exfil_warning_recall,0.9912881144990666,0.724642190416926,-0.2666459240821406,True,False,True
PX081,harm_minus_entropy,wrong_host_history,1,8101,8,170461,"[156932, 10291, 24, 3214]",movement_exact_recall,0.8333333333333334,0.9166666666666666,0.08333333333333326,True,False,True
PX081,harm_minus_entropy,wrong_host_history,1,8101,8,170461,"[156932, 10291, 24, 3214]",benign_false_alert_rate,0.0008729895751025922,0.0009112226951800779,3.8233120077485754e-05,True,False,True
PX081,harm_minus_entropy,wrong_host_history,1,8101,8,170461,"[156932, 10291, 24, 3214]",exfil_to_benign_count,28,885,857.0,True,False,True
PX081,harm_minus_entropy,wrong_host_history,1,8101,8,170461,"[156932, 10291, 24, 3214]",benign_false_alert_count,137,143,6.0,True,False,True
PX081,harm_minus_entropy,wrong_host_history,1,8101,9,181827,"[167073, 11541, 29, 3184]",macro_f1,0.7154299850722269,0.7670052438938313,0.05157525882160441,True,False,True
PX081,harm_minus_entropy,wrong_host_history,1,8101,9,181827,"[167073, 11541, 29, 3184]",exfil_warning_recall,0.9820979899497487,0.7110552763819096,-0.27104271356783916,True,False,True
PX081,harm_minus_entropy,wrong_host_history,1,8101,9,181827,"[167073, 11541, 29, 3184]",movement_exact_recall,0.7931034482758621,0.9310344827586207,0.13793103448275856,True,False,True
PX081,harm_minus_entropy,wrong_host_history,1,8101,9,181827,"[167073, 11541, 29, 3184]",benign_false_alert_rate,0.0008918257288730076,0.0009875922500942702,9.57665212212626e-05,True,False,True
PX081,harm_minus_entropy,wrong_host_history,1,8101,9,181827,"[167073, 11541, 29, 3184]",exfil_to_benign_count,57,920,863.0,True,False,True
PX081,harm_minus_entropy,wrong_host_history,1,8101,9,181827,"[167073, 11541, 29, 3184]",benign_false_alert_count,149,165,16.0,True,False,True
PX081,harm_minus_entropy,wrong_host_history,1,8101,10,186939,"[171732, 12424, 35, 2748]",macro_f1,0.7338110773822057,0.7739036248522887,0.04009254747008295,True,False,True
PX081,harm_minus_entropy,wrong_host_history,1,8101,10,186939,"[171732, 12424, 35, 2748]",exfil_warning_recall,0.9730713245997089,0.8522561863173217,-0.12081513828238721,True,False,True
PX081,harm_minus_entropy,wrong_host_history,1,8101,10,186939,"[171732, 12424, 35, 2748]",movement_exact_recall,0.8,0.9142857142857143,0.11428571428571421,True,False,True
PX081,harm_minus_entropy,wrong_host_history,1,8101,10,186939,"[171732, 12424, 35, 2748]",benign_false_alert_rate,0.0009782684648172734,0.0010714368900379661,9.316842522069267e-05,True,False,True
PX081,harm_minus_entropy,wrong_host_history,1,8101,10,186939,"[171732, 12424, 35, 2748]",exfil_to_benign_count,74,406,332.0,True,False,True
PX081,harm_minus_entropy,wrong_host_history,1,8101,10,186939,"[171732, 12424, 35, 2748]",benign_false_alert_count,168,184,16.0,True,False,True
PX081,harm_minus_entropy,wrong_host_history,1,8102,6,137643,"[129793, 6644, 17, 1189]",macro_f1,0.5193892794699008,0.5601250161575142,0.04073573668761343,True,False,True
PX081,harm_minus_entropy,wrong_host_history,1,8102,6,137643,"[129793, 6644, 17, 1189]",exfil_warning_recall,0.9486963835155593,0.063919259882254,-0.8847771236333053,True,False,True
PX081,harm_minus_entropy,wrong_host_history,1,8102,6,137643,"[129793, 6644, 17, 1189]",movement_exact_recall,0.7058823529411765,0.7058823529411765,0.0,True,False,True
PX081,harm_minus_entropy,wrong_host_history,1,8102,6,137643,"[129793, 6644, 17, 1189]",benign_false_alert_rate,0.0009245490897043754,0.0008629124837240838,-6.163660598029167e-05,True,False,True
PX081,harm_minus_entropy,wrong_host_history,1,8102,6,137643,"[129793, 6644, 17, 1189]",exfil_to_benign_count,61,1113,1052.0,True,False,True
PX081,harm_minus_entropy,wrong_host_history,1,8102,6,137643,"[129793, 6644, 17, 1189]",benign_false_alert_count,120,112,-8.0,True,False,True
PX081,harm_minus_entropy,wrong_host_history,1,8102,7,155506,"[143242, 8796, 35, 3433]",macro_f1,0.695594698540915,0.7839381174701764,0.08834341892926134,True,False,True
PX081,harm_minus_entropy,wrong_host_history,1,8102,7,155506,"[143242, 8796, 35, 3433]",exfil_warning_recall,0.984270317506554,0.677832799300903,-0.306437518205651,True,False,True
PX081,harm_minus_entropy,wrong_host_history,1,8102,7,155506,"[143242, 8796, 35, 3433]",movement_exact_recall,0.7714285714285715,0.7714285714285715,0.0,True,False,True
PX081,harm_minus_entropy,wrong_host_history,1,8102,7,155506,"[143242, 8796, 35, 3433]",benign_false_alert_rate,0.0006841568813616118,0.0006213261473590148,-6.283073400259703e-05,True,False,True
PX081,harm_minus_entropy,wrong_host_history,1,8102,7,155506,"[143242, 8796, 35, 3433]",exfil_to_benign_count,54,1106,1052.0,True,False,True
PX081,harm_minus_entropy,wrong_host_history,1,8102,7,155506,"[143242, 8796, 35, 3433]",benign_false_alert_count,98,89,-9.0,True,False,True
PX081,harm_minus_entropy,wrong_host_history,1,8102,8,170461,"[156932, 10291, 24, 3214]",macro_f1,0.7013097870637468,0.7566601575475458,0.05535037048379898,True,False,True
PX081,harm_minus_entropy,wrong_host_history,1,8102,8,170461,"[156932, 10291, 24, 3214]",exfil_warning_recall,0.9931549471064095,0.7230864965774735,-0.270068450528936,True,False,True
PX081,harm_minus_entropy,wrong_host_history,1,8102,8,170461,"[156932, 10291, 24, 3214]",movement_exact_recall,0.8333333333333334,0.8333333333333334,0.0,True,False,True
PX081,harm_minus_entropy,wrong_host_history,1,8102,8,170461,"[156932, 10291, 24, 3214]",benign_false_alert_rate,0.0009112226951800779,0.0008411286417046873,-7.00940534753906e-05,True,False,True
PX081,harm_minus_entropy,wrong_host_history,1,8102,8,170461,"[156932, 10291, 24, 3214]",exfil_to_benign_count,22,890,868.0,True,False,True
PX081,harm_minus_entropy,wrong_host_history,1,8102,8,170461,"[156932, 10291, 24, 3214]",benign_false_alert_count,143,132,-11.0,True,False,True
PX081,harm_minus_entropy,wrong_host_history,1,8102,9,181827,"[167073, 11541, 29, 3184]",macro_f1,0.7148784765855745,0.7680853263835292,0.05320684979795476,True,False,True
PX081,harm_minus_entropy,wrong_host_history,1,8102,9,181827,"[167073, 11541, 29, 3184]",exfil_warning_recall,0.9836683417085427,0.7079145728643217,-0.275753768844221,True,False,True
PX081,harm_minus_entropy,wrong_host_history,1,8102,9,181827,"[167073, 11541, 29, 3184]",movement_exact_recall,0.7586206896551724,0.7586206896551724,0.0,True,False,True
PX081,harm_minus_entropy,wrong_host_history,1,8102,9,181827,"[167073, 11541, 29, 3184]",benign_false_alert_rate,0.0009097819516019944,0.0008439424682623763,-6.583948333961805e-05,True,False,True
PX081,harm_minus_entropy,wrong_host_history,1,8102,9,181827,"[167073, 11541, 29, 3184]",exfil_to_benign_count,52,930,878.0,True,False,True
PX081,harm_minus_entropy,wrong_host_history,1,8102,9,181827,"[167073, 11541, 29, 3184]",benign_false_alert_count,152,141,-11.0,True,False,True
PX081,harm_minus_entropy,wrong_host_history,1,8102,10,186939,"[171732, 12424, 35, 2748]",macro_f1,0.7326687967617678,0.7776375774881197,0.04496878072635191,True,False,True
PX081,harm_minus_entropy,wrong_host_history,1,8102,10,186939,"[171732, 12424, 35, 2748]",exfil_warning_recall,0.9770742358078602,0.8467976710334789,-0.13027656477438132,True,False,True
PX081,harm_minus_entropy,wrong_host_history,1,8102,10,186939,"[171732, 12424, 35, 2748]",movement_exact_recall,0.7714285714285715,0.7714285714285715,0.0,True,False,True
PX081,harm_minus_entropy,wrong_host_history,1,8102,10,186939,"[171732, 12424, 35, 2748]",benign_false_alert_rate,0.0009957375445461534,0.0009200381990543405,-7.569934549181293e-05,True,False,True
PX081,harm_minus_entropy,wrong_host_history,1,8102,10,186939,"[171732, 12424, 35, 2748]",exfil_to_benign_count,63,421,358.0,True,False,True
PX081,harm_minus_entropy,wrong_host_history,1,8102,10,186939,"[171732, 12424, 35, 2748]",benign_false_alert_count,171,158,-13.0,True,False,True
PX081,harm_minus_entropy,wrong_host_history,1,8103,6,137643,"[129793, 6644, 17, 1189]",macro_f1,0.5586910513509051,0.5563900167248844,-0.002301034626020715,False,False,False
PX081,harm_minus_entropy,wrong_host_history,1,8103,6,137643,"[129793, 6644, 17, 1189]",exfil_warning_recall,0.07064760302775441,0.07064760302775441,0.0,False,False,False
PX081,harm_minus_entropy,wrong_host_history,1,8103,6,137643,"[129793, 6644, 17, 1189]",movement_exact_recall,0.8235294117647058,0.7058823529411765,-0.11764705882352933,False,False,False
PX081,harm_minus_entropy,wrong_host_history,1,8103,6,137643,"[129793, 6644, 17, 1189]",benign_false_alert_rate,0.0010401177259174224,0.0009399582411994484,-0.00010015948471797404,False,False,False
PX081,harm_minus_entropy,wrong_host_history,1,8103,6,137643,"[129793, 6644, 17, 1189]",exfil_to_benign_count,1105,1105,0.0,False,False,False
PX081,harm_minus_entropy,wrong_host_history,1,8103,6,137643,"[129793, 6644, 17, 1189]",benign_false_alert_count,135,122,-13.0,False,False,False
PX081,harm_minus_entropy,wrong_host_history,1,8103,7,155506,"[143242, 8796, 35, 3433]",macro_f1,0.7757680664710886,0.773618961294637,-0.0021491051764516156,False,False,False
PX081,harm_minus_entropy,wrong_host_history,1,8103,7,155506,"[143242, 8796, 35, 3433]",exfil_warning_recall,0.6801631226332654,0.6801631226332654,0.0,False,False,False
PX081,harm_minus_entropy,wrong_host_history,1,8103,7,155506,"[143242, 8796, 35, 3433]",movement_exact_recall,0.8857142857142857,0.7714285714285715,-0.11428571428571421,False,False,False
PX081,harm_minus_entropy,wrong_host_history,1,8103,7,155506,"[143242, 8796, 35, 3433]",benign_false_alert_rate,0.0007469876153642089,0.0006492509180268357,-9.773669733737314e-05,False,False,False
PX081,harm_minus_entropy,wrong_host_history,1,8103,7,155506,"[143242, 8796, 35, 3433]",exfil_to_benign_count,1098,1098,0.0,False,False,False
PX081,harm_minus_entropy,wrong_host_history,1,8103,7,155506,"[143242, 8796, 35, 3433]",benign_false_alert_count,107,93,-14.0,False,False,False
PX081,harm_minus_entropy,wrong_host_history,1,8103,8,170461,"[156932, 10291, 24, 3214]",macro_f1,0.7557796927839711,0.7524797172453264,-0.003299975538644695,False,False,False
PX081,harm_minus_entropy,wrong_host_history,1,8103,8,170461,"[156932, 10291, 24, 3214]",exfil_warning_recall,0.724019912881145,0.724019912881145,0.0,False,False,False
PX081,harm_minus_entropy,wrong_host_history,1,8103,8,170461,"[156932, 10291, 24, 3214]",movement_exact_recall,0.9166666666666666,0.8333333333333334,-0.08333333333333326,False,False,False
PX081,harm_minus_entropy,wrong_host_history,1,8103,8,170461,"[156932, 10291, 24, 3214]",benign_false_alert_rate,0.0009112226951800779,0.0008793617617821732,-3.186093339790474e-05,False,False,False
PX081,harm_minus_entropy,wrong_host_history,1,8103,8,170461,"[156932, 10291, 24, 3214]",exfil_to_benign_count,887,887,0.0,False,False,False
PX081,harm_minus_entropy,wrong_host_history,1,8103,8,170461,"[156932, 10291, 24, 3214]",benign_false_alert_count,143,138,-5.0,False,False,False
PX081,harm_minus_entropy,wrong_host_history,1,8103,9,181827,"[167073, 11541, 29, 3184]",macro_f1,0.7668913367911149,0.7630027440868103,-0.0038885927043045276,False,False,False
PX081,harm_minus_entropy,wrong_host_history,1,8103,9,181827,"[167073, 11541, 29, 3184]",exfil_warning_recall,0.7094849246231156,0.7094849246231156,0.0,False,False,False
PX081,harm_minus_entropy,wrong_host_history,1,8103,9,181827,"[167073, 11541, 29, 3184]",movement_exact_recall,0.896551724137931,0.7586206896551724,-0.13793103448275867,False,False,False
PX081,harm_minus_entropy,wrong_host_history,1,8103,9,181827,"[167073, 11541, 29, 3184]",benign_false_alert_rate,0.0009816068425179414,0.0008858403212966787,-9.576652122126272e-05,False,False,False
PX081,harm_minus_entropy,wrong_host_history,1,8103,9,181827,"[167073, 11541, 29, 3184]",exfil_to_benign_count,925,925,0.0,False,False,False
PX081,harm_minus_entropy,wrong_host_history,1,8103,9,181827,"[167073, 11541, 29, 3184]",benign_false_alert_count,164,148,-16.0,False,False,False
PX081,harm_minus_entropy,wrong_host_history,1,8103,10,186939,"[171732, 12424, 35, 2748]",macro_f1,0.7750739429901147,0.7720064528749325,-0.0030674901151821476,False,False,False
PX081,harm_minus_entropy,wrong_host_history,1,8103,10,186939,"[171732, 12424, 35, 2748]",exfil_warning_recall,0.8497088791848617,0.8497088791848617,0.0,False,False,False
PX081,harm_minus_entropy,wrong_host_history,1,8103,10,186939,"[171732, 12424, 35, 2748]",movement_exact_recall,0.8857142857142857,0.7714285714285715,-0.11428571428571421,False,False,False
PX081,harm_minus_entropy,wrong_host_history,1,8103,10,186939,"[171732, 12424, 35, 2748]",benign_false_alert_rate,0.0010656138634616728,0.0009724454382409801,-9.316842522069267e-05,False,False,False
PX081,harm_minus_entropy,wrong_host_history,1,8103,10,186939,"[171732, 12424, 35, 2748]",exfil_to_benign_count,413,413,0.0,False,False,False
PX081,harm_minus_entropy,wrong_host_history,1,8103,10,186939,"[171732, 12424, 35, 2748]",benign_false_alert_count,183,167,-16.0,False,False,False
PX081,harm_minus_entropy,wrong_host_history,2,8101,6,137643,"[129793, 6644, 17, 1189]",macro_f1,0.5129648944400377,0.5609002899499091,0.04793539550987147,True,False,True
PX081,harm_minus_entropy,wrong_host_history,2,8101,6,137643,"[129793, 6644, 17, 1189]",exfil_warning_recall,0.9335576114381834,0.05550883095037851,-0.8780487804878049,True,False,True
PX081,harm_minus_entropy,wrong_host_history,2,8101,6,137643,"[129793, 6644, 17, 1189]",movement_exact_recall,0.35294117647058826,0.4117647058823529,0.05882352941176466,True,False,True
PX081,harm_minus_entropy,wrong_host_history,2,8101,6,137643,"[129793, 6644, 17, 1189]",benign_false_alert_rate,0.00021572812093102094,0.0003235921813965314,0.00010786406046551047,True,False,True
PX081,harm_minus_entropy,wrong_host_history,2,8101,6,137643,"[129793, 6644, 17, 1189]",exfil_to_benign_count,79,1123,1044.0,True,False,True
PX081,harm_minus_entropy,wrong_host_history,2,8101,6,137643,"[129793, 6644, 17, 1189]",benign_false_alert_count,28,42,14.0,True,False,True
PX081,harm_minus_entropy,wrong_host_history,2,8101,7,155506,"[143242, 8796, 35, 3433]",macro_f1,0.6853065373585716,0.7443496457958625,0.05904310843729088,True,False,True
PX081,harm_minus_entropy,wrong_host_history,2,8101,7,155506,"[143242, 8796, 35, 3433]",exfil_warning_recall,0.9790270900087387,0.6734634430527235,-0.3055636469560151,True,False,True
PX081,harm_minus_entropy,wrong_host_history,2,8101,7,155506,"[143242, 8796, 35, 3433]",movement_exact_recall,0.2,0.2857142857142857,0.08571428571428569,True,False,True
PX081,harm_minus_entropy,wrong_host_history,2,8101,7,155506,"[143242, 8796, 35, 3433]",benign_false_alert_rate,0.00013962385333910444,0.00023736055067647758,9.773669733737314e-05,True,False,True
PX081,harm_minus_entropy,wrong_host_history,2,8101,7,155506,"[143242, 8796, 35, 3433]",exfil_to_benign_count,72,1121,1049.0,True,False,True
PX081,harm_minus_entropy,wrong_host_history,2,8101,7,155506,"[143242, 8796, 35, 3433]",benign_false_alert_count,20,34,14.0,True,False,True
PX081,harm_minus_entropy,wrong_host_history,2,8101,8,170461,"[156932, 10291, 24, 3214]",macro_f1,0.6916518666644637,0.7247768469035224,0.03312498023905874,True,False,True
PX081,harm_minus_entropy,wrong_host_history,2,8101,8,170461,"[156932, 10291, 24, 3214]",exfil_warning_recall,0.9897324206596142,0.7187305538270068,-0.2710018668326074,True,False,True
PX081,harm_minus_entropy,wrong_host_history,2,8101,8,170461,"[156932, 10291, 24, 3214]",movement_exact_recall,0.16666666666666666,0.25,0.08333333333333334,True,False,True
PX081,harm_minus_entropy,wrong_host_history,2,8101,8,170461,"[156932, 10291, 24, 3214]",benign_false_alert_rate,0.00020390997374659088,0.00035047026737695307,0.0001465602936303622,True,False,True
PX081,harm_minus_entropy,wrong_host_history,2,8101,8,170461,"[156932, 10291, 24, 3214]",exfil_to_benign_count,33,904,871.0,True,False,True
PX081,harm_minus_entropy,wrong_host_history,2,8101,8,170461,"[156932, 10291, 24, 3214]",benign_false_alert_count,32,55,23.0,True,False,True
PX081,harm_minus_entropy,wrong_host_history,2,8101,9,181827,"[167073, 11541, 29, 3184]",macro_f1,0.7033868156508937,0.7387909453751633,0.03540412972426965,True,False,True
PX081,harm_minus_entropy,wrong_host_history,2,8101,9,181827,"[167073, 11541, 29, 3184]",exfil_warning_recall,0.9814698492462312,0.7060301507537688,-0.2754396984924623,True,False,True
PX081,harm_minus_entropy,wrong_host_history,2,8101,9,181827,"[167073, 11541, 29, 3184]",movement_exact_recall,0.13793103448275862,0.2413793103448276,0.10344827586206898,True,False,True
PX081,harm_minus_entropy,wrong_host_history,2,8101,9,181827,"[167073, 11541, 29, 3184]",benign_false_alert_rate,0.00020350385759518294,0.0003291974166980901,0.00012569355910290714,True,False,True
PX081,harm_minus_entropy,wrong_host_history,2,8101,9,181827,"[167073, 11541, 29, 3184]",exfil_to_benign_count,59,936,877.0,True,False,True
PX081,harm_minus_entropy,wrong_host_history,2,8101,9,181827,"[167073, 11541, 29, 3184]",benign_false_alert_count,34,55,21.0,True,False,True
PX081,harm_minus_entropy,wrong_host_history,2,8101,10,186939,"[171732, 12424, 35, 2748]",macro_f1,0.7163919949689653,0.7547902220296554,0.03839822706069007,True,False,True
PX081,harm_minus_entropy,wrong_host_history,2,8101,10,186939,"[171732, 12424, 35, 2748]",exfil_warning_recall,0.9705240174672489,0.8413391557496361,-0.1291848617176128,True,False,True
PX081,harm_minus_entropy,wrong_host_history,2,8101,10,186939,"[171732, 12424, 35, 2748]",movement_exact_recall,0.2,0.2857142857142857,0.08571428571428569,True,False,True
PX081,harm_minus_entropy,wrong_host_history,2,8101,10,186939,"[171732, 12424, 35, 2748]",benign_false_alert_rate,0.00022127500989914517,0.00036102764773018425,0.00013975263783103908,True,False,True
PX081,harm_minus_entropy,wrong_host_history,2,8101,10,186939,"[171732, 12424, 35, 2748]",exfil_to_benign_count,81,436,355.0,True,False,True
PX081,harm_minus_entropy,wrong_host_history,2,8101,10,186939,"[171732, 12424, 35, 2748]",benign_false_alert_count,38,62,24.0,True,False,True
PX081,harm_minus_entropy,wrong_host_history,2,8102,6,137643,"[129793, 6644, 17, 1189]",macro_f1,0.343861150132935,0.41726603527940165,0.07340488514646665,True,False,True
PX081,harm_minus_entropy,wrong_host_history,2,8102,6,137643,"[129793, 6644, 17, 1189]",exfil_warning_recall,0.9352396972245585,0.05466778805719097,-0.8805719091673675,True,False,True
PX081,harm_minus_entropy,wrong_host_history,2,8102,6,137643,"[129793, 6644, 17, 1189]",movement_exact_recall,0.7058823529411765,0.7058823529411765,0.0,True,False,True
PX081,harm_minus_entropy,wrong_host_history,2,8102,6,137643,"[129793, 6644, 17, 1189]",benign_false_alert_rate,0.0006394797870455264,0.0007550484232585733,0.0001155686362130469,True,False,True
PX081,harm_minus_entropy,wrong_host_history,2,8102,6,137643,"[129793, 6644, 17, 1189]",exfil_to_benign_count,77,1124,1047.0,True,False,True
PX081,harm_minus_entropy,wrong_host_history,2,8102,6,137643,"[129793, 6644, 17, 1189]",benign_false_alert_count,83,98,15.0,True,False,True
PX081,harm_minus_entropy,wrong_host_history,2,8102,7,155506,"[143242, 8796, 35, 3433]",macro_f1,0.5313954218998247,0.6530507546319586,0.12165533273213391,True,False,True
PX081,harm_minus_entropy,wrong_host_history,2,8102,7,155506,"[143242, 8796, 35, 3433]",exfil_warning_recall,0.9781532187591029,0.6725895718030876,-0.30556364695601523,True,False,True
PX081,harm_minus_entropy,wrong_host_history,2,8102,7,155506,"[143242, 8796, 35, 3433]",movement_exact_recall,0.7142857142857143,0.7142857142857143,0.0,True,False,True
PX081,harm_minus_entropy,wrong_host_history,2,8102,7,155506,"[143242, 8796, 35, 3433]",benign_false_alert_rate,0.0004258527526842686,0.0005235894500216417,9.773669733737308e-05,True,False,True
PX081,harm_minus_entropy,wrong_host_history,2,8102,7,155506,"[143242, 8796, 35, 3433]",exfil_to_benign_count,75,1124,1049.0,True,False,True
PX081,harm_minus_entropy,wrong_host_history,2,8102,7,155506,"[143242, 8796, 35, 3433]",benign_false_alert_count,61,75,14.0,True,False,True
PX081,harm_minus_entropy,wrong_host_history,2,8102,8,170461,"[156932, 10291, 24, 3214]",macro_f1,0.5365237212493826,0.6234746983891988,0.08695097713981614,True,False,True
PX081,harm_minus_entropy,wrong_host_history,2,8102,8,170461,"[156932, 10291, 24, 3214]",exfil_warning_recall,0.9884878655880522,0.7181082762912259,-0.2703795892968264,True,False,True
PX081,harm_minus_entropy,wrong_host_history,2,8102,8,170461,"[156932, 10291, 24, 3214]",movement_exact_recall,0.75,0.75,0.0,True,False,True
PX081,harm_minus_entropy,wrong_host_history,2,8102,8,170461,"[156932, 10291, 24, 3214]",benign_false_alert_rate,0.0005734968011622868,0.0006881961613947442,0.00011469936023245737,True,False,True
PX081,harm_minus_entropy,wrong_host_history,2,8102,8,170461,"[156932, 10291, 24, 3214]",exfil_to_benign_count,37,906,869.0,True,False,True
PX081,harm_minus_entropy,wrong_host_history,2,8102,8,170461,"[156932, 10291, 24, 3214]",benign_false_alert_count,90,108,18.0,True,False,True
PX081,harm_minus_entropy,wrong_host_history,2,8102,9,181827,"[167073, 11541, 29, 3184]",macro_f1,0.5423671804503322,0.6291255054672911,0.0867583250169589,True,False,True
PX081,harm_minus_entropy,wrong_host_history,2,8102,9,181827,"[167073, 11541, 29, 3184]",exfil_warning_recall,0.980213567839196,0.7050879396984925,-0.2751256281407035,True,False,True
PX081,harm_minus_entropy,wrong_host_history,2,8102,9,181827,"[167073, 11541, 29, 3184]",movement_exact_recall,0.6896551724137931,0.6896551724137931,0.0,True,False,True
PX081,harm_minus_entropy,wrong_host_history,2,8102,9,181827,"[167073, 11541, 29, 3184]",benign_false_alert_rate,0.0005925553500565621,0.0006883218712778246,9.57665212212625e-05,True,False,True
PX081,harm_minus_entropy,wrong_host_history,2,8102,9,181827,"[167073, 11541, 29, 3184]",exfil_to_benign_count,63,939,876.0,True,False,True
PX081,harm_minus_entropy,wrong_host_history,2,8102,9,181827,"[167073, 11541, 29, 3184]",benign_false_alert_count,99,115,16.0,True,False,True
PX081,harm_minus_entropy,wrong_host_history,2,8102,10,186939,"[171732, 12424, 35, 2748]",macro_f1,0.5658081438990163,0.6433347548699969,0.07752661097098057,True,False,True
PX081,harm_minus_entropy,wrong_host_history,2,8102,10,186939,"[171732, 12424, 35, 2748]",exfil_warning_recall,0.9694323144104804,0.8402474526928676,-0.1291848617176128,True,False,True
PX081,harm_minus_entropy,wrong_host_history,2,8102,10,186939,"[171732, 12424, 35, 2748]",movement_exact_recall,0.7142857142857143,0.7142857142857143,0.0,True,False,True
PX081,harm_minus_entropy,wrong_host_history,2,8102,10,186939,"[171732, 12424, 35, 2748]",benign_false_alert_rate,0.0006463559499685557,0.0007686395080707148,0.00012228355810215915,True,False,True
PX081,harm_minus_entropy,wrong_host_history,2,8102,10,186939,"[171732, 12424, 35, 2748]",exfil_to_benign_count,84,439,355.0,True,False,True
PX081,harm_minus_entropy,wrong_host_history,2,8102,10,186939,"[171732, 12424, 35, 2748]",benign_false_alert_count,111,132,21.0,True,False,True
PX081,harm_minus_entropy,wrong_host_history,2,8103,6,137643,"[129793, 6644, 17, 1189]",macro_f1,0.33016155557432,0.5635561057484193,0.23339455017409932,False,False,False
PX081,harm_minus_entropy,wrong_host_history,2,8103,6,137643,"[129793, 6644, 17, 1189]",exfil_warning_recall,0.05550883095037851,0.056349873843566045,0.000841042893187538,False,False,False
PX081,harm_minus_entropy,wrong_host_history,2,8103,6,137643,"[129793, 6644, 17, 1189]",movement_exact_recall,0.4117647058823529,0.35294117647058826,-0.05882352941176466,False,False,False
PX081,harm_minus_entropy,wrong_host_history,2,8103,6,137643,"[129793, 6644, 17, 1189]",benign_false_alert_rate,0.00025425099966870326,0.0002619555754162397,7.704575747536431e-06,False,False,False
PX081,harm_minus_entropy,wrong_host_history,2,8103,6,137643,"[129793, 6644, 17, 1189]",exfil_to_benign_count,1123,1122,-1.0,False,False,False
PX081,harm_minus_entropy,wrong_host_history,2,8103,6,137643,"[129793, 6644, 17, 1189]",benign_false_alert_count,33,34,1.0,False,False,False
PX081,harm_minus_entropy,wrong_host_history,2,8103,7,155506,"[143242, 8796, 35, 3433]",macro_f1,0.5043295767567619,0.7397092706009423,0.23537969384418034,True,False,True
PX081,harm_minus_entropy,wrong_host_history,2,8103,7,155506,"[143242, 8796, 35, 3433]",exfil_warning_recall,0.6734634430527235,0.6731721526361782,-0.00029129041654529786,True,False,True
PX081,harm_minus_entropy,wrong_host_history,2,8103,7,155506,"[143242, 8796, 35, 3433]",movement_exact_recall,0.2857142857142857,0.22857142857142856,-0.057142857142857134,True,False,True
PX081,harm_minus_entropy,wrong_host_history,2,8103,7,155506,"[143242, 8796, 35, 3433]",benign_false_alert_rate,0.00023037935800952235,0.000188492202007791,-4.1887156001731336e-05,True,False,True
PX081,harm_minus_entropy,wrong_host_history,2,8103,7,155506,"[143242, 8796, 35, 3433]",exfil_to_benign_count,1121,1122,1.0,True,False,True
PX081,harm_minus_entropy,wrong_host_history,2,8103,7,155506,"[143242, 8796, 35, 3433]",benign_false_alert_count,33,27,-6.0,True,False,True
PX081,harm_minus_entropy,wrong_host_history,2,8103,8,170461,"[156932, 10291, 24, 3214]",macro_f1,0.490919642869201,0.7274074954692159,0.23648785260001493,True,False,True
PX081,harm_minus_entropy,wrong_host_history,2,8103,8,170461,"[156932, 10291, 24, 3214]",exfil_warning_recall,0.7190416925948973,0.7187305538270068,-0.000311138767890462,True,False,True
PX081,harm_minus_entropy,wrong_host_history,2,8103,8,170461,"[156932, 10291, 24, 3214]",movement_exact_recall,0.25,0.20833333333333334,-0.04166666666666666,True,False,True
PX081,harm_minus_entropy,wrong_host_history,2,8103,8,170461,"[156932, 10291, 24, 3214]",benign_false_alert_rate,0.0002357709071444957,0.00026763184054240055,3.186093339790485e-05,True,False,True
PX081,harm_minus_entropy,wrong_host_history,2,8103,8,170461,"[156932, 10291, 24, 3214]",exfil_to_benign_count,903,904,1.0,True,False,True
PX081,harm_minus_entropy,wrong_host_history,2,8103,8,170461,"[156932, 10291, 24, 3214]",benign_false_alert_count,37,42,5.0,True,False,True
PX081,harm_minus_entropy,wrong_host_history,2,8103,9,181827,"[167073, 11541, 29, 3184]",macro_f1,0.49590615389613407,0.7353436844335839,0.23943753053744982,True,False,True
PX081,harm_minus_entropy,wrong_host_history,2,8103,9,181827,"[167073, 11541, 29, 3184]",exfil_warning_recall,0.7057160804020101,0.7050879396984925,-0.0006281407035175768,True,False,True
PX081,harm_minus_entropy,wrong_host_history,2,8103,9,181827,"[167073, 11541, 29, 3184]",movement_exact_recall,0.2413793103448276,0.1724137931034483,-0.06896551724137931,True,False,True
PX081,harm_minus_entropy,wrong_host_history,2,8103,9,181827,"[167073, 11541, 29, 3184]",benign_false_alert_rate,0.00026335793335847203,0.00026335793335847203,0.0,True,False,True
PX081,harm_minus_entropy,wrong_host_history,2,8103,9,181827,"[167073, 11541, 29, 3184]",exfil_to_benign_count,937,939,2.0,True,False,True
PX081,harm_minus_entropy,wrong_host_history,2,8103,9,181827,"[167073, 11541, 29, 3184]",benign_false_alert_count,44,44,0.0,True,False,True
PX081,harm_minus_entropy,wrong_host_history,2,8103,10,186939,"[171732, 12424, 35, 2748]",macro_f1,0.5165593444829525,0.7538167453024736,0.23725740081952107,True,False,True
PX081,harm_minus_entropy,wrong_host_history,2,8103,10,186939,"[171732, 12424, 35, 2748]",exfil_warning_recall,0.8413391557496361,0.8409752547307132,-0.0003639010189229186,True,False,True
PX081,harm_minus_entropy,wrong_host_history,2,8103,10,186939,"[171732, 12424, 35, 2748]",movement_exact_recall,0.2857142857142857,0.22857142857142856,-0.057142857142857134,True,False,True
PX081,harm_minus_entropy,wrong_host_history,2,8103,10,186939,"[171732, 12424, 35, 2748]",benign_false_alert_rate,0.00028532830223837143,0.00028532830223837143,0.0,True,False,True
PX081,harm_minus_entropy,wrong_host_history,2,8103,10,186939,"[171732, 12424, 35, 2748]",exfil_to_benign_count,436,437,1.0,True,False,True
PX081,harm_minus_entropy,wrong_host_history,2,8103,10,186939,"[171732, 12424, 35, 2748]",benign_false_alert_count,49,49,0.0,True,False,True
PX081,harm_minus_entropy,wrong_host_history,3,8101,6,137643,"[129793, 6644, 17, 1189]",macro_f1,0.5784338250824179,0.562722804769068,-0.01571102031334992,False,False,False
PX081,harm_minus_entropy,wrong_host_history,3,8101,6,137643,"[129793, 6644, 17, 1189]",exfil_warning_recall,0.05719091673675358,0.05382674516400332,-0.003364171572750263,False,False,False
PX081,harm_minus_entropy,wrong_host_history,3,8101,6,137643,"[129793, 6644, 17, 1189]",movement_exact_recall,0.35294117647058826,0.4117647058823529,0.05882352941176466,False,False,False
PX081,harm_minus_entropy,wrong_host_history,3,8101,6,137643,"[129793, 6644, 17, 1189]",benign_false_alert_rate,0.00017720524219333862,0.0002927738784063856,0.00011556863621304696,False,False,False
PX081,harm_minus_entropy,wrong_host_history,3,8101,6,137643,"[129793, 6644, 17, 1189]",exfil_to_benign_count,1121,1125,4.0,False,False,False
PX081,harm_minus_entropy,wrong_host_history,3,8101,6,137643,"[129793, 6644, 17, 1189]",benign_false_alert_count,23,38,15.0,False,False,False
PX081,harm_minus_entropy,wrong_host_history,3,8101,7,155506,"[143242, 8796, 35, 3433]",macro_f1,0.7518996451374421,0.7451677963069757,-0.006731848830466403,False,False,False
PX081,harm_minus_entropy,wrong_host_history,3,8101,7,155506,"[143242, 8796, 35, 3433]",exfil_warning_recall,0.6755024759685406,0.6722982813865424,-0.0032041945819982764,False,False,False
PX081,harm_minus_entropy,wrong_host_history,3,8101,7,155506,"[143242, 8796, 35, 3433]",movement_exact_recall,0.2571428571428571,0.2857142857142857,0.02857142857142858,False,False,False
PX081,harm_minus_entropy,wrong_host_history,3,8101,7,155506,"[143242, 8796, 35, 3433]",benign_false_alert_rate,0.00016754862400692534,0.00022339816534256712,5.584954133564177e-05,False,False,False
PX081,harm_minus_entropy,wrong_host_history,3,8101,7,155506,"[143242, 8796, 35, 3433]",exfil_to_benign_count,1114,1125,11.0,False,False,False
PX081,harm_minus_entropy,wrong_host_history,3,8101,7,155506,"[143242, 8796, 35, 3433]",benign_false_alert_count,24,32,8.0,False,False,False
PX081,harm_minus_entropy,wrong_host_history,3,8101,8,170461,"[156932, 10291, 24, 3214]",macro_f1,0.7407552930005774,0.7264659872040221,-0.014289305796555296,False,False,False
PX081,harm_minus_entropy,wrong_host_history,3,8101,8,170461,"[156932, 10291, 24, 3214]",exfil_warning_recall,0.7215308027380212,0.7174859987554449,-0.004044803982576228,False,False,False
PX081,harm_minus_entropy,wrong_host_history,3,8101,8,170461,"[156932, 10291, 24, 3214]",movement_exact_recall,0.25,0.25,0.0,False,False,False
PX081,harm_minus_entropy,wrong_host_history,3,8101,8,170461,"[156932, 10291, 24, 3214]",benign_false_alert_rate,0.00021665434710575282,0.00032498152065862923,0.00010832717355287641,False,False,False
PX081,harm_minus_entropy,wrong_host_history,3,8101,8,170461,"[156932, 10291, 24, 3214]",exfil_to_benign_count,895,908,13.0,False,False,False
PX081,harm_minus_entropy,wrong_host_history,3,8101,8,170461,"[156932, 10291, 24, 3214]",benign_false_alert_count,34,51,17.0,False,False,False
PX081,harm_minus_entropy,wrong_host_history,3,8101,9,181827,"[167073, 11541, 29, 3184]",macro_f1,0.7473557370110199,0.7403566296011204,-0.006999107409899508,False,False,False
PX081,harm_minus_entropy,wrong_host_history,3,8101,9,181827,"[167073, 11541, 29, 3184]",exfil_warning_recall,0.7069723618090452,0.7054020100502513,-0.001570351758793942,False,False,False
PX081,harm_minus_entropy,wrong_host_history,3,8101,9,181827,"[167073, 11541, 29, 3184]",movement_exact_recall,0.20689655172413793,0.2413793103448276,0.03448275862068967,False,False,False
PX081,harm_minus_entropy,wrong_host_history,3,8101,9,181827,"[167073, 11541, 29, 3184]",benign_false_alert_rate,0.00021547467274784076,0.0002992703788164455,8.379570606860477e-05,False,False,False
PX081,harm_minus_entropy,wrong_host_history,3,8101,9,181827,"[167073, 11541, 29, 3184]",exfil_to_benign_count,933,938,5.0,False,False,False
PX081,harm_minus_entropy,wrong_host_history,3,8101,9,181827,"[167073, 11541, 29, 3184]",benign_false_alert_count,36,50,14.0,False,False,False
PX081,harm_minus_entropy,wrong_host_history,3,8101,10,186939,"[171732, 12424, 35, 2748]",macro_f1,0.7667735687505584,0.7566304621813595,-0.010143106569198812,False,False,False
PX081,harm_minus_entropy,wrong_host_history,3,8101,10,186939,"[171732, 12424, 35, 2748]",exfil_warning_recall,0.8438864628820961,0.8398835516739447,-0.004002911208151438,False,False,False
PX081,harm_minus_entropy,wrong_host_history,3,8101,10,186939,"[171732, 12424, 35, 2748]",movement_exact_recall,0.2571428571428571,0.2857142857142857,0.02857142857142858,False,False,False
PX081,harm_minus_entropy,wrong_host_history,3,8101,10,186939,"[171732, 12424, 35, 2748]",benign_false_alert_rate,0.0002270980364754385,0.00033191251484871777,0.00010481447837327928,False,False,False
PX081,harm_minus_entropy,wrong_host_history,3,8101,10,186939,"[171732, 12424, 35, 2748]",exfil_to_benign_count,429,440,11.0,False,False,False
PX081,harm_minus_entropy,wrong_host_history,3,8101,10,186939,"[171732, 12424, 35, 2748]",benign_false_alert_count,39,57,18.0,False,False,False
PX081,harm_minus_entropy,wrong_host_history,3,8102,6,137643,"[129793, 6644, 17, 1189]",macro_f1,0.45397295303375307,0.43613378491510574,-0.01783916811864733,False,True,True
PX081,harm_minus_entropy,wrong_host_history,3,8102,6,137643,"[129793, 6644, 17, 1189]",exfil_warning_recall,0.9470142977291842,0.9503784693019344,0.003364171572750152,False,True,True
PX081,harm_minus_entropy,wrong_host_history,3,8102,6,137643,"[129793, 6644, 17, 1189]",movement_exact_recall,0.8235294117647058,0.8823529411764706,0.05882352941176472,False,True,True
PX081,harm_minus_entropy,wrong_host_history,3,8102,6,137643,"[129793, 6644, 17, 1189]",benign_false_alert_rate,0.0008397987564814744,0.0009938902714322036,0.00015409151495072927,False,True,True
PX081,harm_minus_entropy,wrong_host_history,3,8102,6,137643,"[129793, 6644, 17, 1189]",exfil_to_benign_count,63,59,-4.0,False,True,True
PX081,harm_minus_entropy,wrong_host_history,3,8102,6,137643,"[129793, 6644, 17, 1189]",benign_false_alert_count,109,129,20.0,False,True,True
PX081,harm_minus_entropy,wrong_host_history,3,8102,7,155506,"[143242, 8796, 35, 3433]",macro_f1,0.600625932360049,0.5689810023009799,-0.0316449300590691,False,True,True
PX081,harm_minus_entropy,wrong_host_history,3,8102,7,155506,"[143242, 8796, 35, 3433]",exfil_warning_recall,0.9822312845907369,0.9828138654238275,0.0005825808330905957,False,True,True
PX081,harm_minus_entropy,wrong_host_history,3,8102,7,155506,"[143242, 8796, 35, 3433]",movement_exact_recall,0.8285714285714286,0.9142857142857143,0.08571428571428563,False,True,True
PX081,harm_minus_entropy,wrong_host_history,3,8102,7,155506,"[143242, 8796, 35, 3433]",benign_false_alert_rate,0.0006003825693581492,0.0007190628446963879,0.00011868027533823878,False,True,True
PX081,harm_minus_entropy,wrong_host_history,3,8102,7,155506,"[143242, 8796, 35, 3433]",exfil_to_benign_count,61,59,-2.0,False,True,True
PX081,harm_minus_entropy,wrong_host_history,3,8102,7,155506,"[143242, 8796, 35, 3433]",benign_false_alert_count,86,103,17.0,False,True,True
PX081,harm_minus_entropy,wrong_host_history,3,8102,8,170461,"[156932, 10291, 24, 3214]",macro_f1,0.6128557939427721,0.5814738033722152,-0.031381990570556906,False,False,False
PX081,harm_minus_entropy,wrong_host_history,3,8102,8,170461,"[156932, 10291, 24, 3214]",exfil_warning_recall,0.9894212818917237,0.9872433105164904,-0.002177971375233345,False,False,False
PX081,harm_minus_entropy,wrong_host_history,3,8102,8,170461,"[156932, 10291, 24, 3214]",movement_exact_recall,0.8333333333333334,0.9166666666666666,0.08333333333333326,False,False,False
PX081,harm_minus_entropy,wrong_host_history,3,8102,8,170461,"[156932, 10291, 24, 3214]",benign_false_alert_rate,0.0007582902148701348,0.0008729895751025922,0.00011469936023245737,False,False,False
PX081,harm_minus_entropy,wrong_host_history,3,8102,8,170461,"[156932, 10291, 24, 3214]",exfil_to_benign_count,34,41,7.0,False,False,False
PX081,harm_minus_entropy,wrong_host_history,3,8102,8,170461,"[156932, 10291, 24, 3214]",benign_false_alert_count,119,137,18.0,False,False,False
PX081,harm_minus_entropy,wrong_host_history,3,8102,9,181827,"[167073, 11541, 29, 3184]",macro_f1,0.6278148224734582,0.5998852448605295,-0.02792957761292869,False,True,True
PX081,harm_minus_entropy,wrong_host_history,3,8102,9,181827,"[167073, 11541, 29, 3184]",exfil_warning_recall,0.9836683417085427,0.9858668341708543,0.0021984924623116298,False,True,True
PX081,harm_minus_entropy,wrong_host_history,3,8102,9,181827,"[167073, 11541, 29, 3184]",movement_exact_recall,0.8275862068965517,0.9310344827586207,0.10344827586206895,False,True,True
PX081,harm_minus_entropy,wrong_host_history,3,8102,9,181827,"[167073, 11541, 29, 3184]",benign_false_alert_rate,0.0008140154303807318,0.00093372358190731,0.00011970815152657823,False,True,True
PX081,harm_minus_entropy,wrong_host_history,3,8102,9,181827,"[167073, 11541, 29, 3184]",exfil_to_benign_count,52,45,-7.0,False,True,True
PX081,harm_minus_entropy,wrong_host_history,3,8102,9,181827,"[167073, 11541, 29, 3184]",benign_false_alert_count,136,156,20.0,False,True,True
PX081,harm_minus_entropy,wrong_host_history,3,8102,10,186939,"[171732, 12424, 35, 2748]",macro_f1,0.6497930967063741,0.6223490675707932,-0.02744402913558086,False,True,True
PX081,harm_minus_entropy,wrong_host_history,3,8102,10,186939,"[171732, 12424, 35, 2748]",exfil_warning_recall,0.9745269286754003,0.975254730713246,0.0007278020378457262,False,True,True
PX081,harm_minus_entropy,wrong_host_history,3,8102,10,186939,"[171732, 12424, 35, 2748]",movement_exact_recall,0.8285714285714286,0.9142857142857143,0.08571428571428563,False,True,True
PX081,harm_minus_entropy,wrong_host_history,3,8102,10,186939,"[171732, 12424, 35, 2748]",benign_false_alert_rate,0.0008734539864439941,0.0010190296508513265,0.00014557566440733232,False,True,True
PX081,harm_minus_entropy,wrong_host_history,3,8102,10,186939,"[171732, 12424, 35, 2748]",exfil_to_benign_count,70,68,-2.0,False,True,True
PX081,harm_minus_entropy,wrong_host_history,3,8102,10,186939,"[171732, 12424, 35, 2748]",benign_false_alert_count,150,175,25.0,False,True,True
PX081,harm_minus_entropy,wrong_host_history,3,8103,6,137643,"[129793, 6644, 17, 1189]",macro_f1,0.5301613146005055,0.5358253997357636,0.005664085135258068,True,False,True
PX081,harm_minus_entropy,wrong_host_history,3,8103,6,137643,"[129793, 6644, 17, 1189]",exfil_warning_recall,0.05719091673675358,0.05382674516400332,-0.003364171572750263,True,False,True
PX081,harm_minus_entropy,wrong_host_history,3,8103,6,137643,"[129793, 6644, 17, 1189]",movement_exact_recall,0.11764705882352941,0.11764705882352941,0.0,True,False,True
PX081,harm_minus_entropy,wrong_host_history,3,8103,6,137643,"[129793, 6644, 17, 1189]",benign_false_alert_rate,0.0001617960906982657,0.00015409151495072925,-7.704575747536458e-06,True,False,True
PX081,harm_minus_entropy,wrong_host_history,3,8103,6,137643,"[129793, 6644, 17, 1189]",exfil_to_benign_count,1121,1125,4.0,True,False,True
PX081,harm_minus_entropy,wrong_host_history,3,8103,6,137643,"[129793, 6644, 17, 1189]",benign_false_alert_count,21,20,-1.0,True,False,True
PX081,harm_minus_entropy,wrong_host_history,3,8103,7,155506,"[143242, 8796, 35, 3433]",macro_f1,0.714646217077704,0.7200006709360888,0.005354453858384733,True,False,True
PX081,harm_minus_entropy,wrong_host_history,3,8103,7,155506,"[143242, 8796, 35, 3433]",exfil_warning_recall,0.6740460238858141,0.672006990969997,-0.002039032915817085,True,False,True
PX081,harm_minus_entropy,wrong_host_history,3,8103,7,155506,"[143242, 8796, 35, 3433]",movement_exact_recall,0.11428571428571428,0.11428571428571428,0.0,True,False,True
PX081,harm_minus_entropy,wrong_host_history,3,8103,7,155506,"[143242, 8796, 35, 3433]",benign_false_alert_rate,0.00011169908267128356,0.00010471789000432834,-6.981192666955218e-06,True,False,True
PX081,harm_minus_entropy,wrong_host_history,3,8103,7,155506,"[143242, 8796, 35, 3433]",exfil_to_benign_count,1119,1126,7.0,True,False,True
PX081,harm_minus_entropy,wrong_host_history,3,8103,7,155506,"[143242, 8796, 35, 3433]",benign_false_alert_count,16,15,-1.0,True,False,True
PX081,harm_minus_entropy,wrong_host_history,3,8103,8,170461,"[156932, 10291, 24, 3214]",macro_f1,0.7063119191331348,0.7105081219531832,0.0041962028200484,True,False,True
PX081,harm_minus_entropy,wrong_host_history,3,8103,8,170461,"[156932, 10291, 24, 3214]",exfil_warning_recall,0.7190416925948973,0.7177971375233354,-0.001244555071561848,True,False,True
PX081,harm_minus_entropy,wrong_host_history,3,8103,8,170461,"[156932, 10291, 24, 3214]",movement_exact_recall,0.08333333333333333,0.08333333333333333,0.0,True,False,True
PX081,harm_minus_entropy,wrong_host_history,3,8103,8,170461,"[156932, 10291, 24, 3214]",benign_false_alert_rate,0.000178421227028267,0.0001656768536691051,-1.2744373359161918e-05,True,False,True
PX081,harm_minus_entropy,wrong_host_history,3,8103,8,170461,"[156932, 10291, 24, 3214]",exfil_to_benign_count,903,907,4.0,True,False,True
PX081,harm_minus_entropy,wrong_host_history,3,8103,8,170461,"[156932, 10291, 24, 3214]",benign_false_alert_count,28,26,-2.0,True,False,True
PX081,harm_minus_entropy,wrong_host_history,3,8103,9,181827,"[167073, 11541, 29, 3184]",macro_f1,0.7321293903150767,0.7370174896125203,0.004888099297443604,True,False,True
PX081,harm_minus_entropy,wrong_host_history,3,8103,9,181827,"[167073, 11541, 29, 3184]",exfil_warning_recall,0.7063442211055276,0.7044597989949748,-0.0018844221105528414,True,False,True
PX081,harm_minus_entropy,wrong_host_history,3,8103,9,181827,"[167073, 11541, 29, 3184]",movement_exact_recall,0.13793103448275862,0.13793103448275862,0.0,True,False,True
PX081,harm_minus_entropy,wrong_host_history,3,8103,9,181827,"[167073, 11541, 29, 3184]",benign_false_alert_rate,0.00014963518940822276,0.00015562059698455167,5.985407576328906e-06,True,False,True
PX081,harm_minus_entropy,wrong_host_history,3,8103,9,181827,"[167073, 11541, 29, 3184]",exfil_to_benign_count,935,941,6.0,True,False,True
PX081,harm_minus_entropy,wrong_host_history,3,8103,9,181827,"[167073, 11541, 29, 3184]",benign_false_alert_count,25,26,1.0,True,False,True
PX081,harm_minus_entropy,wrong_host_history,3,8103,10,186939,"[171732, 12424, 35, 2748]",macro_f1,0.7344796319990446,0.7395053640407946,0.005025732041749942,True,False,True
PX081,harm_minus_entropy,wrong_host_history,3,8103,10,186939,"[171732, 12424, 35, 2748]",exfil_warning_recall,0.8420669577874818,0.8395196506550218,-0.002547307132459986,True,False,True
PX081,harm_minus_entropy,wrong_host_history,3,8103,10,186939,"[171732, 12424, 35, 2748]",movement_exact_recall,0.11428571428571428,0.11428571428571428,0.0,True,False,True
PX081,harm_minus_entropy,wrong_host_history,3,8103,10,186939,"[171732, 12424, 35, 2748]",benign_false_alert_rate,0.00017469079728879883,0.00016886777071250554,-5.823026576293292e-06,True,False,True
PX081,harm_minus_entropy,wrong_host_history,3,8103,10,186939,"[171732, 12424, 35, 2748]",exfil_to_benign_count,434,441,7.0,True,False,True
PX081,harm_minus_entropy,wrong_host_history,3,8103,10,186939,"[171732, 12424, 35, 2748]",benign_false_alert_count,30,29,-1.0,True,False,True
PX082,current_mixed_minus_past,common_anchor,,20260923,6,68825,"[64898, 3323, 9, 595]",macro_f1,0.5531676735417077,0.7710003686418965,0.21783269510018877,False,False,False
PX082,current_mixed_minus_past,common_anchor,,20260923,6,68825,"[64898, 3323, 9, 595]",exfil_warning_recall,0.05378151260504205,0.9831932773109243,0.9294117647058823,False,False,False
PX082,current_mixed_minus_past,common_anchor,,20260923,6,68825,"[64898, 3323, 9, 595]",movement_exact_recall,0.2222222222222222,0.6666666666666666,0.4444444444444444,False,False,False
PX082,current_mixed_minus_past,common_anchor,,20260923,6,68825,"[64898, 3323, 9, 595]",benign_false_alert_rate,0.00023113193010570435,0.000693395790317113,0.0004622638602114087,False,False,False
PX082,current_mixed_minus_past,common_anchor,,20260923,6,68825,"[64898, 3323, 9, 595]",exfil_to_benign_count,563,10,-553.0,False,False,False
PX082,current_mixed_minus_past,common_anchor,,20260923,6,68825,"[64898, 3323, 9, 595]",benign_false_alert_count,15,45,30.0,False,False,False
PX082,current_mixed_minus_past,common_anchor,,20260923,7,77756,"[71622, 4399, 18, 1717]",macro_f1,0.7440241716454643,0.8324729566739395,0.0884487850284752,False,False,False
PX082,current_mixed_minus_past,common_anchor,,20260923,7,77756,"[71622, 4399, 18, 1717]",exfil_warning_recall,0.6738497379149679,0.995923121723937,0.3220733838089691,False,False,False
PX082,current_mixed_minus_past,common_anchor,,20260923,7,77756,"[71622, 4399, 18, 1717]",movement_exact_recall,0.2222222222222222,0.7222222222222222,0.5,False,False,False
PX082,current_mixed_minus_past,common_anchor,,20260923,7,77756,"[71622, 4399, 18, 1717]",benign_false_alert_rate,0.00018150847504956578,0.0005305632347602692,0.0003490547597107034,False,False,False
PX082,current_mixed_minus_past,common_anchor,,20260923,7,77756,"[71622, 4399, 18, 1717]",exfil_to_benign_count,560,7,-553.0,False,False,False
PX082,current_mixed_minus_past,common_anchor,,20260923,7,77756,"[71622, 4399, 18, 1717]",benign_false_alert_count,13,38,25.0,False,False,False
PX082,current_mixed_minus_past,common_anchor,,20260923,8,85233,"[78467, 5146, 12, 1608]",macro_f1,0.7199931494181491,0.8030630270139514,0.08306987759580231,False,False,False
PX082,current_mixed_minus_past,common_anchor,,20260923,8,85233,"[78467, 5146, 12, 1608]",exfil_warning_recall,0.7195273631840796,0.9956467661691543,0.27611940298507465,False,False,False
PX082,current_mixed_minus_past,common_anchor,,20260923,8,85233,"[78467, 5146, 12, 1608]",movement_exact_recall,0.16666666666666666,0.8333333333333334,0.6666666666666667,False,False,False
PX082,current_mixed_minus_past,common_anchor,,20260923,8,85233,"[78467, 5146, 12, 1608]",benign_false_alert_rate,0.00029311685167012885,0.0007009316018198734,0.0004078147501497445,False,False,False
PX082,current_mixed_minus_past,common_anchor,,20260923,8,85233,"[78467, 5146, 12, 1608]",exfil_to_benign_count,451,7,-444.0,False,False,False
PX082,current_mixed_minus_past,common_anchor,,20260923,8,85233,"[78467, 5146, 12, 1608]",benign_false_alert_count,23,55,32.0,False,False,False
PX082,current_mixed_minus_past,common_anchor,,20260923,9,90917,"[83538, 5771, 15, 1593]",macro_f1,0.7593926885351252,0.8096022979337089,0.050209609398583654,False,False,False
PX082,current_mixed_minus_past,common_anchor,,20260923,9,90917,"[83538, 5771, 15, 1593]",exfil_warning_recall,0.7062146892655368,0.992467043314501,0.2862523540489642,False,False,False
PX082,current_mixed_minus_past,common_anchor,,20260923,9,90917,"[83538, 5771, 15, 1593]",movement_exact_recall,0.26666666666666666,0.6666666666666666,0.39999999999999997,False,False,False
PX082,current_mixed_minus_past,common_anchor,,20260923,9,90917,"[83538, 5771, 15, 1593]",benign_false_alert_rate,0.00025138260432378077,0.0006823242117359764,0.00043094160741219563,False,False,False
PX082,current_mixed_minus_past,common_anchor,,20260923,9,90917,"[83538, 5771, 15, 1593]",exfil_to_benign_count,468,12,-456.0,False,False,False
PX082,current_mixed_minus_past,common_anchor,,20260923,9,90917,"[83538, 5771, 15, 1593]",benign_false_alert_count,21,57,36.0,False,False,False
PX082,current_mixed_minus_past,common_anchor,,20260923,10,93473,"[85867, 6213, 18, 1375]",macro_f1,0.7559136431866079,0.8039583935595082,0.048044750372900236,False,False,False
PX082,current_mixed_minus_past,common_anchor,,20260923,10,93473,"[85867, 6213, 18, 1375]",exfil_warning_recall,0.8414545454545455,0.9912727272727273,0.14981818181818185,False,False,False
PX082,current_mixed_minus_past,common_anchor,,20260923,10,93473,"[85867, 6213, 18, 1375]",movement_exact_recall,0.2222222222222222,0.7222222222222222,0.5,False,False,False
PX082,current_mixed_minus_past,common_anchor,,20260923,10,93473,"[85867, 6213, 18, 1375]",benign_false_alert_rate,0.0002795020205666903,0.0007569846390347864,0.00047748261846809607,False,False,False
PX082,current_mixed_minus_past,common_anchor,,20260923,10,93473,"[85867, 6213, 18, 1375]",exfil_to_benign_count,218,12,-206.0,False,False,False
PX082,current_mixed_minus_past,common_anchor,,20260923,10,93473,"[85867, 6213, 18, 1375]",benign_false_alert_count,24,65,41.0,False,False,False
PX082,current_history_mixed_minus_past,common_anchor,,20260923,6,68825,"[64898, 3323, 9, 595]",macro_f1,0.5921135427060885,0.7003251366994337,0.10821159399334523,False,False,False
PX082,current_history_mixed_minus_past,common_anchor,,20260923,6,68825,"[64898, 3323, 9, 595]",exfil_warning_recall,0.04537815126050415,0.40672268907563025,0.3613445378151261,False,False,False
PX082,current_history_mixed_minus_past,common_anchor,,20260923,6,68825,"[64898, 3323, 9, 595]",movement_exact_recall,0.4444444444444444,0.6666666666666666,0.2222222222222222,False,False,False
PX082,current_history_mixed_minus_past,common_anchor,,20260923,6,68825,"[64898, 3323, 9, 595]",benign_false_alert_rate,0.00016949674874418318,0.0005547166322536904,0.0003852198835095072,False,False,False
PX082,current_history_mixed_minus_past,common_anchor,,20260923,6,68825,"[64898, 3323, 9, 595]",exfil_to_benign_count,568,353,-215.0,False,False,False
PX082,current_history_mixed_minus_past,common_anchor,,20260923,6,68825,"[64898, 3323, 9, 595]",benign_false_alert_count,11,36,25.0,False,False,False
PX082,current_history_mixed_minus_past,common_anchor,,20260923,7,77756,"[71622, 4399, 18, 1717]",macro_f1,0.780287240907235,0.8284459811655532,0.04815874025831823,False,False,False
PX082,current_history_mixed_minus_past,common_anchor,,20260923,7,77756,"[71622, 4399, 18, 1717]",exfil_warning_recall,0.6697728596389051,0.7967384973791497,0.1269656377402446,False,False,False
PX082,current_history_mixed_minus_past,common_anchor,,20260923,7,77756,"[71622, 4399, 18, 1717]",movement_exact_recall,0.3333333333333333,0.6666666666666666,0.3333333333333333,False,False,False
PX082,current_history_mixed_minus_past,common_anchor,,20260923,7,77756,"[71622, 4399, 18, 1717]",benign_false_alert_rate,0.00011169752310742509,0.00036301695009913155,0.0002513194269917065,False,False,False
PX082,current_history_mixed_minus_past,common_anchor,,20260923,7,77756,"[71622, 4399, 18, 1717]",exfil_to_benign_count,567,349,-218.0,False,False,False
PX082,current_history_mixed_minus_past,common_anchor,,20260923,7,77756,"[71622, 4399, 18, 1717]",benign_false_alert_count,8,26,18.0,False,False,False
PX082,current_history_mixed_minus_past,common_anchor,,20260923,8,85233,"[78467, 5146, 12, 1608]",macro_f1,0.7417525141552931,0.7806973013196646,0.03894478716437155,False,False,False
PX082,current_history_mixed_minus_past,common_anchor,,20260923,8,85233,"[78467, 5146, 12, 1608]",exfil_warning_recall,0.7151741293532339,0.7829601990049752,0.06778606965174128,False,False,False
PX082,current_history_mixed_minus_past,common_anchor,,20260923,8,85233,"[78467, 5146, 12, 1608]",movement_exact_recall,0.25,0.6666666666666666,0.41666666666666663,False,False,False
PX082,current_history_mixed_minus_past,common_anchor,,20260923,8,85233,"[78467, 5146, 12, 1608]",benign_false_alert_rate,0.00021665158601705175,0.0005607452814558987,0.000344093695438847,False,False,False
PX082,current_history_mixed_minus_past,common_anchor,,20260923,8,85233,"[78467, 5146, 12, 1608]",exfil_to_benign_count,458,349,-109.0,False,False,False
PX082,current_history_mixed_minus_past,common_anchor,,20260923,8,85233,"[78467, 5146, 12, 1608]",benign_false_alert_count,17,44,27.0,False,False,False
PX082,current_history_mixed_minus_past,common_anchor,,20260923,9,90917,"[83538, 5771, 15, 1593]",macro_f1,0.7771772283213458,0.7935659293426331,0.01638870102128731,False,False,False
PX082,current_history_mixed_minus_past,common_anchor,,20260923,9,90917,"[83538, 5771, 15, 1593]",exfil_warning_recall,0.7049591964846202,0.8166980539861896,0.11173885750156931,False,False,False
PX082,current_history_mixed_minus_past,common_anchor,,20260923,9,90917,"[83538, 5771, 15, 1593]",movement_exact_recall,0.3333333333333333,0.6666666666666666,0.3333333333333333,False,False,False
PX082,current_history_mixed_minus_past,common_anchor,,20260923,9,90917,"[83538, 5771, 15, 1593]",benign_false_alert_rate,0.00017955900308841487,0.0005626182096770332,0.00038305920658861833,False,False,False
PX082,current_history_mixed_minus_past,common_anchor,,20260923,9,90917,"[83538, 5771, 15, 1593]",exfil_to_benign_count,470,292,-178.0,False,False,False
PX082,current_history_mixed_minus_past,common_anchor,,20260923,9,90917,"[83538, 5771, 15, 1593]",benign_false_alert_count,15,47,32.0,False,False,False
PX082,current_history_mixed_minus_past,common_anchor,,20260923,10,93473,"[85867, 6213, 18, 1375]",macro_f1,0.7867252600896237,0.8161477907518878,0.02942253066226408,False,False,False
PX082,current_history_mixed_minus_past,common_anchor,,20260923,10,93473,"[85867, 6213, 18, 1375]",exfil_warning_recall,0.8363636363636364,0.9469090909090909,0.1105454545454545,False,False,False
PX082,current_history_mixed_minus_past,common_anchor,,20260923,10,93473,"[85867, 6213, 18, 1375]",movement_exact_recall,0.3333333333333333,0.6666666666666666,0.3333333333333333,False,False,False
PX082,current_history_mixed_minus_past,common_anchor,,20260923,10,93473,"[85867, 6213, 18, 1375]",benign_false_alert_rate,0.00019798059790140566,0.000593941793704217,0.00039596119580281137,False,False,False
PX082,current_history_mixed_minus_past,common_anchor,,20260923,10,93473,"[85867, 6213, 18, 1375]",exfil_to_benign_count,225,73,-152.0,False,False,False
PX082,current_history_mixed_minus_past,common_anchor,,20260923,10,93473,"[85867, 6213, 18, 1375]",benign_false_alert_count,17,51,34.0,False,False,False
PX082,chronological_history_minus_current,common_anchor,,20260923,6,68825,"[64898, 3323, 9, 595]",macro_f1,0.5531676735417077,0.5921135427060885,0.03894586916438081,True,False,True
PX082,chronological_history_minus_current,common_anchor,,20260923,6,68825,"[64898, 3323, 9, 595]",exfil_warning_recall,0.05378151260504205,0.04537815126050415,-0.008403361344537896,True,False,True
PX082,chronological_history_minus_current,common_anchor,,20260923,6,68825,"[64898, 3323, 9, 595]",movement_exact_recall,0.2222222222222222,0.4444444444444444,0.2222222222222222,True,False,True
PX082,chronological_history_minus_current,common_anchor,,20260923,6,68825,"[64898, 3323, 9, 595]",benign_false_alert_rate,0.00023113193010570435,0.00016949674874418318,-6.163518136152117e-05,True,False,True
PX082,chronological_history_minus_current,common_anchor,,20260923,6,68825,"[64898, 3323, 9, 595]",exfil_to_benign_count,563,568,5.0,True,False,True
PX082,chronological_history_minus_current,common_anchor,,20260923,6,68825,"[64898, 3323, 9, 595]",benign_false_alert_count,15,11,-4.0,True,False,True
PX082,chronological_history_minus_current,common_anchor,,20260923,7,77756,"[71622, 4399, 18, 1717]",macro_f1,0.7440241716454643,0.780287240907235,0.0362630692617707,True,False,True
PX082,chronological_history_minus_current,common_anchor,,20260923,7,77756,"[71622, 4399, 18, 1717]",exfil_warning_recall,0.6738497379149679,0.6697728596389051,-0.004076878276062845,True,False,True
PX082,chronological_history_minus_current,common_anchor,,20260923,7,77756,"[71622, 4399, 18, 1717]",movement_exact_recall,0.2222222222222222,0.3333333333333333,0.1111111111111111,True,False,True
PX082,chronological_history_minus_current,common_anchor,,20260923,7,77756,"[71622, 4399, 18, 1717]",benign_false_alert_rate,0.00018150847504956578,0.00011169752310742509,-6.981095194214069e-05,True,False,True
PX082,chronological_history_minus_current,common_anchor,,20260923,7,77756,"[71622, 4399, 18, 1717]",exfil_to_benign_count,560,567,7.0,True,False,True
PX082,chronological_history_minus_current,common_anchor,,20260923,7,77756,"[71622, 4399, 18, 1717]",benign_false_alert_count,13,8,-5.0,True,False,True
PX082,chronological_history_minus_current,common_anchor,,20260923,8,85233,"[78467, 5146, 12, 1608]",macro_f1,0.7199931494181491,0.7417525141552931,0.021759364737144016,True,False,True
PX082,chronological_history_minus_current,common_anchor,,20260923,8,85233,"[78467, 5146, 12, 1608]",exfil_warning_recall,0.7195273631840796,0.7151741293532339,-0.0043532338308457375,True,False,True
PX082,chronological_history_minus_current,common_anchor,,20260923,8,85233,"[78467, 5146, 12, 1608]",movement_exact_recall,0.16666666666666666,0.25,0.08333333333333334,True,False,True
PX082,chronological_history_minus_current,common_anchor,,20260923,8,85233,"[78467, 5146, 12, 1608]",benign_false_alert_rate,0.00029311685167012885,0.00021665158601705175,-7.64652656530771e-05,True,False,True
PX082,chronological_history_minus_current,common_anchor,,20260923,8,85233,"[78467, 5146, 12, 1608]",exfil_to_benign_count,451,458,7.0,True,False,True
PX082,chronological_history_minus_current,common_anchor,,20260923,8,85233,"[78467, 5146, 12, 1608]",benign_false_alert_count,23,17,-6.0,True,False,True
PX082,chronological_history_minus_current,common_anchor,,20260923,9,90917,"[83538, 5771, 15, 1593]",macro_f1,0.7593926885351252,0.7771772283213458,0.017784539786220632,True,False,True
PX082,chronological_history_minus_current,common_anchor,,20260923,9,90917,"[83538, 5771, 15, 1593]",exfil_warning_recall,0.7062146892655368,0.7049591964846202,-0.0012554927809165228,True,False,True
PX082,chronological_history_minus_current,common_anchor,,20260923,9,90917,"[83538, 5771, 15, 1593]",movement_exact_recall,0.26666666666666666,0.3333333333333333,0.06666666666666665,True,False,True
PX082,chronological_history_minus_current,common_anchor,,20260923,9,90917,"[83538, 5771, 15, 1593]",benign_false_alert_rate,0.00025138260432378077,0.00017955900308841487,-7.18236012353659e-05,True,False,True
PX082,chronological_history_minus_current,common_anchor,,20260923,9,90917,"[83538, 5771, 15, 1593]",exfil_to_benign_count,468,470,2.0,True,False,True
PX082,chronological_history_minus_current,common_anchor,,20260923,9,90917,"[83538, 5771, 15, 1593]",benign_false_alert_count,21,15,-6.0,True,False,True
PX082,chronological_history_minus_current,common_anchor,,20260923,10,93473,"[85867, 6213, 18, 1375]",macro_f1,0.7559136431866079,0.7867252600896237,0.030811616903015815,True,False,True
PX082,chronological_history_minus_current,common_anchor,,20260923,10,93473,"[85867, 6213, 18, 1375]",exfil_warning_recall,0.8414545454545455,0.8363636363636364,-0.005090909090909035,True,False,True
PX082,chronological_history_minus_current,common_anchor,,20260923,10,93473,"[85867, 6213, 18, 1375]",movement_exact_recall,0.2222222222222222,0.3333333333333333,0.1111111111111111,True,False,True
PX082,chronological_history_minus_current,common_anchor,,20260923,10,93473,"[85867, 6213, 18, 1375]",benign_false_alert_rate,0.0002795020205666903,0.00019798059790140566,-8.152142266528467e-05,True,False,True
PX082,chronological_history_minus_current,common_anchor,,20260923,10,93473,"[85867, 6213, 18, 1375]",exfil_to_benign_count,218,225,7.0,True,False,True
PX082,chronological_history_minus_current,common_anchor,,20260923,10,93473,"[85867, 6213, 18, 1375]",benign_false_alert_count,24,17,-7.0,True,False,True
PX082,current_mixed_minus_past,common_anchor,,20260924,6,68825,"[64898, 3323, 9, 595]",macro_f1,0.5538789001691314,0.7594986535900052,0.2056197534208738,False,False,False
PX082,current_mixed_minus_past,common_anchor,,20260924,6,68825,"[64898, 3323, 9, 595]",exfil_warning_recall,0.05714285714285716,0.9831932773109243,0.9260504201680672,False,False,False
PX082,current_mixed_minus_past,common_anchor,,20260924,6,68825,"[64898, 3323, 9, 595]",movement_exact_recall,0.2222222222222222,0.4444444444444444,0.2222222222222222,False,False,False
PX082,current_mixed_minus_past,common_anchor,,20260924,6,68825,"[64898, 3323, 9, 595]",benign_false_alert_rate,0.00020031433942494377,0.000585534222934451,0.00038521988350950727,False,False,False
PX082,current_mixed_minus_past,common_anchor,,20260924,6,68825,"[64898, 3323, 9, 595]",exfil_to_benign_count,561,10,-551.0,False,False,False
PX082,current_mixed_minus_past,common_anchor,,20260924,6,68825,"[64898, 3323, 9, 595]",benign_false_alert_count,13,38,25.0,False,False,False
PX082,current_mixed_minus_past,common_anchor,,20260924,7,77756,"[71622, 4399, 18, 1717]",macro_f1,0.7520744826952926,0.8330826978525101,0.08100821515721746,False,False,False
PX082,current_mixed_minus_past,common_anchor,,20260924,7,77756,"[71622, 4399, 18, 1717]",exfil_warning_recall,0.6750145602795574,0.995923121723937,0.3209085614443796,False,False,False
PX082,current_mixed_minus_past,common_anchor,,20260924,7,77756,"[71622, 4399, 18, 1717]",movement_exact_recall,0.2222222222222222,0.6111111111111112,0.38888888888888895,False,False,False
PX082,current_mixed_minus_past,common_anchor,,20260924,7,77756,"[71622, 4399, 18, 1717]",benign_false_alert_rate,9.773533271899695e-05,0.000404903521264416,0.00030716818854541905,False,False,False
PX082,current_mixed_minus_past,common_anchor,,20260924,7,77756,"[71622, 4399, 18, 1717]",exfil_to_benign_count,558,7,-551.0,False,False,False
PX082,current_mixed_minus_past,common_anchor,,20260924,7,77756,"[71622, 4399, 18, 1717]",benign_false_alert_count,7,29,22.0,False,False,False
PX082,current_mixed_minus_past,common_anchor,,20260924,8,85233,"[78467, 5146, 12, 1608]",macro_f1,0.7258984365028854,0.810071562902406,0.08417312639952057,False,False,False
PX082,current_mixed_minus_past,common_anchor,,20260924,8,85233,"[78467, 5146, 12, 1608]",exfil_warning_recall,0.7207711442786069,0.9956467661691543,0.2748756218905474,False,False,False
PX082,current_mixed_minus_past,common_anchor,,20260924,8,85233,"[78467, 5146, 12, 1608]",movement_exact_recall,0.16666666666666666,0.75,0.5833333333333334,False,False,False
PX082,current_mixed_minus_past,common_anchor,,20260924,8,85233,"[78467, 5146, 12, 1608]",benign_false_alert_rate,0.00019116316413269273,0.0005225126486293601,0.0003313494844966674,False,False,False
PX082,current_mixed_minus_past,common_anchor,,20260924,8,85233,"[78467, 5146, 12, 1608]",exfil_to_benign_count,449,7,-442.0,False,False,False
PX082,current_mixed_minus_past,common_anchor,,20260924,8,85233,"[78467, 5146, 12, 1608]",benign_false_alert_count,15,41,26.0,False,False,False
PX082,current_mixed_minus_past,common_anchor,,20260924,9,90917,"[83538, 5771, 15, 1593]",macro_f1,0.7669210330229795,0.8131505014485853,0.04622946842560571,False,False,False
PX082,current_mixed_minus_past,common_anchor,,20260924,9,90917,"[83538, 5771, 15, 1593]",exfil_warning_recall,0.7062146892655368,0.992467043314501,0.2862523540489642,False,False,False
PX082,current_mixed_minus_past,common_anchor,,20260924,9,90917,"[83538, 5771, 15, 1593]",movement_exact_recall,0.26666666666666666,0.6,0.3333333333333333,False,False,False
PX082,current_mixed_minus_past,common_anchor,,20260924,9,90917,"[83538, 5771, 15, 1593]",benign_false_alert_rate,0.0001556178026766262,0.0005386770092652446,0.0003830592065886184,False,False,False
PX082,current_mixed_minus_past,common_anchor,,20260924,9,90917,"[83538, 5771, 15, 1593]",exfil_to_benign_count,468,12,-456.0,False,False,False
PX082,current_mixed_minus_past,common_anchor,,20260924,9,90917,"[83538, 5771, 15, 1593]",benign_false_alert_count,13,45,32.0,False,False,False
PX082,current_mixed_minus_past,common_anchor,,20260924,10,93473,"[85867, 6213, 18, 1375]",macro_f1,0.7614018266240659,0.8043384500710582,0.04293662344699234,False,False,False
PX082,current_mixed_minus_past,common_anchor,,20260924,10,93473,"[85867, 6213, 18, 1375]",exfil_warning_recall,0.8429090909090909,0.9912727272727273,0.14836363636363636,False,False,False
PX082,current_mixed_minus_past,common_anchor,,20260924,10,93473,"[85867, 6213, 18, 1375]",movement_exact_recall,0.2222222222222222,0.6111111111111112,0.38888888888888895,False,False,False
PX082,current_mixed_minus_past,common_anchor,,20260924,10,93473,"[85867, 6213, 18, 1375]",benign_false_alert_rate,0.00018633468037779357,0.000593941793704217,0.00040760711332642343,False,False,False
PX082,current_mixed_minus_past,common_anchor,,20260924,10,93473,"[85867, 6213, 18, 1375]",exfil_to_benign_count,216,12,-204.0,False,False,False
PX082,current_mixed_minus_past,common_anchor,,20260924,10,93473,"[85867, 6213, 18, 1375]",benign_false_alert_count,16,51,35.0,False,False,False
PX082,current_history_mixed_minus_past,common_anchor,,20260924,6,68825,"[64898, 3323, 9, 595]",macro_f1,0.5790706453307031,0.6624590380144301,0.083388392683727,False,False,False
PX082,current_history_mixed_minus_past,common_anchor,,20260924,6,68825,"[64898, 3323, 9, 595]",exfil_warning_recall,0.050420168067226934,0.3142857142857143,0.26386554621848735,False,False,False
PX082,current_history_mixed_minus_past,common_anchor,,20260924,6,68825,"[64898, 3323, 9, 595]",movement_exact_recall,0.3333333333333333,0.4444444444444444,0.1111111111111111,False,False,False
PX082,current_history_mixed_minus_past,common_anchor,,20260924,6,68825,"[64898, 3323, 9, 595]",benign_false_alert_rate,0.0001540879534038029,0.0004930814508921692,0.00033899349748836636,False,False,False
PX082,current_history_mixed_minus_past,common_anchor,,20260924,6,68825,"[64898, 3323, 9, 595]",exfil_to_benign_count,565,408,-157.0,False,False,False
PX082,current_history_mixed_minus_past,common_anchor,,20260924,6,68825,"[64898, 3323, 9, 595]",benign_false_alert_count,10,32,22.0,False,False,False
PX082,current_history_mixed_minus_past,common_anchor,,20260924,7,77756,"[71622, 4399, 18, 1717]",macro_f1,0.756953848755437,0.8019738956737565,0.04502004691831951,False,False,False
PX082,current_history_mixed_minus_past,common_anchor,,20260924,7,77756,"[71622, 4399, 18, 1717]",exfil_warning_recall,0.6715200931857892,0.7647058823529411,0.09318578916715192,False,False,False
PX082,current_history_mixed_minus_past,common_anchor,,20260924,7,77756,"[71622, 4399, 18, 1717]",movement_exact_recall,0.2222222222222222,0.4444444444444444,0.2222222222222222,False,False,False
PX082,current_history_mixed_minus_past,common_anchor,,20260924,7,77756,"[71622, 4399, 18, 1717]",benign_false_alert_rate,9.773533271899695e-05,0.00029320599815699087,0.00019547066543799393,False,False,False
PX082,current_history_mixed_minus_past,common_anchor,,20260924,7,77756,"[71622, 4399, 18, 1717]",exfil_to_benign_count,564,404,-160.0,False,False,False
PX082,current_history_mixed_minus_past,common_anchor,,20260924,7,77756,"[71622, 4399, 18, 1717]",benign_false_alert_count,7,21,14.0,False,False,False
PX082,current_history_mixed_minus_past,common_anchor,,20260924,8,85233,"[78467, 5146, 12, 1608]",macro_f1,0.7342617803413242,0.7752068125504042,0.04094503220908008,False,False,False
PX082,current_history_mixed_minus_past,common_anchor,,20260924,8,85233,"[78467, 5146, 12, 1608]",exfil_warning_recall,0.717039800995025,0.75,0.032960199004975044,False,False,False
PX082,current_history_mixed_minus_past,common_anchor,,20260924,8,85233,"[78467, 5146, 12, 1608]",movement_exact_recall,0.16666666666666666,0.5,0.33333333333333337,False,False,False
PX082,current_history_mixed_minus_past,common_anchor,,20260924,8,85233,"[78467, 5146, 12, 1608]",benign_false_alert_rate,0.00014018632036397468,0.00038232632826538547,0.0002421400079014108,False,False,False
PX082,current_history_mixed_minus_past,common_anchor,,20260924,8,85233,"[78467, 5146, 12, 1608]",exfil_to_benign_count,455,402,-53.0,False,False,False
PX082,current_history_mixed_minus_past,common_anchor,,20260924,8,85233,"[78467, 5146, 12, 1608]",benign_false_alert_count,11,30,19.0,False,False,False
PX082,current_history_mixed_minus_past,common_anchor,,20260924,9,90917,"[83538, 5771, 15, 1593]",macro_f1,0.7655712055724909,0.7757491874396217,0.010177981867130814,False,False,False
PX082,current_history_mixed_minus_past,common_anchor,,20260924,9,90917,"[83538, 5771, 15, 1593]",exfil_warning_recall,0.7049591964846202,0.7915881983678594,0.08662900188323919,False,False,False
PX082,current_history_mixed_minus_past,common_anchor,,20260924,9,90917,"[83538, 5771, 15, 1593]",movement_exact_recall,0.2,0.4,0.2,False,False,False
PX082,current_history_mixed_minus_past,common_anchor,,20260924,9,90917,"[83538, 5771, 15, 1593]",benign_false_alert_rate,9.576480164715458e-05,0.000407000407000407,0.0003112356053532524,False,False,False
PX082,current_history_mixed_minus_past,common_anchor,,20260924,9,90917,"[83538, 5771, 15, 1593]",exfil_to_benign_count,470,332,-138.0,False,False,False
PX082,current_history_mixed_minus_past,common_anchor,,20260924,9,90917,"[83538, 5771, 15, 1593]",benign_false_alert_count,8,34,26.0,False,False,False
PX082,current_history_mixed_minus_past,common_anchor,,20260924,10,93473,"[85867, 6213, 18, 1375]",macro_f1,0.773266251481673,0.8029224871047933,0.029656235623120253,False,False,False
PX082,current_history_mixed_minus_past,common_anchor,,20260924,10,93473,"[85867, 6213, 18, 1375]",exfil_warning_recall,0.8385454545454545,0.9345454545454546,0.09600000000000009,False,False,False
PX082,current_history_mixed_minus_past,common_anchor,,20260924,10,93473,"[85867, 6213, 18, 1375]",movement_exact_recall,0.2222222222222222,0.4444444444444444,0.2222222222222222,False,False,False
PX082,current_history_mixed_minus_past,common_anchor,,20260924,10,93473,"[85867, 6213, 18, 1375]",benign_false_alert_rate,0.00013975101028334516,0.00045419078342087184,0.00031443977313752667,False,False,False
PX082,current_history_mixed_minus_past,common_anchor,,20260924,10,93473,"[85867, 6213, 18, 1375]",exfil_to_benign_count,222,90,-132.0,False,False,False
PX082,current_history_mixed_minus_past,common_anchor,,20260924,10,93473,"[85867, 6213, 18, 1375]",benign_false_alert_count,12,39,27.0,False,False,False
PX082,chronological_history_minus_current,common_anchor,,20260924,6,68825,"[64898, 3323, 9, 595]",macro_f1,0.5538789001691314,0.5790706453307031,0.025191745161571633,True,False,True
PX082,chronological_history_minus_current,common_anchor,,20260924,6,68825,"[64898, 3323, 9, 595]",exfil_warning_recall,0.05714285714285716,0.050420168067226934,-0.006722689075630228,True,False,True
PX082,chronological_history_minus_current,common_anchor,,20260924,6,68825,"[64898, 3323, 9, 595]",movement_exact_recall,0.2222222222222222,0.3333333333333333,0.1111111111111111,True,False,True
PX082,chronological_history_minus_current,common_anchor,,20260924,6,68825,"[64898, 3323, 9, 595]",benign_false_alert_rate,0.00020031433942494377,0.0001540879534038029,-4.6226386021140875e-05,True,False,True
PX082,chronological_history_minus_current,common_anchor,,20260924,6,68825,"[64898, 3323, 9, 595]",exfil_to_benign_count,561,565,4.0,True,False,True
PX082,chronological_history_minus_current,common_anchor,,20260924,6,68825,"[64898, 3323, 9, 595]",benign_false_alert_count,13,10,-3.0,True,False,True
PX082,chronological_history_minus_current,common_anchor,,20260924,7,77756,"[71622, 4399, 18, 1717]",macro_f1,0.7520744826952926,0.756953848755437,0.0048793660601443856,True,False,True
PX082,chronological_history_minus_current,common_anchor,,20260924,7,77756,"[71622, 4399, 18, 1717]",exfil_warning_recall,0.6750145602795574,0.6715200931857892,-0.0034944670937682165,True,False,True
PX082,chronological_history_minus_current,common_anchor,,20260924,7,77756,"[71622, 4399, 18, 1717]",movement_exact_recall,0.2222222222222222,0.2222222222222222,0.0,True,False,True
PX082,chronological_history_minus_current,common_anchor,,20260924,7,77756,"[71622, 4399, 18, 1717]",benign_false_alert_rate,9.773533271899695e-05,9.773533271899695e-05,0.0,True,False,True
PX082,chronological_history_minus_current,common_anchor,,20260924,7,77756,"[71622, 4399, 18, 1717]",exfil_to_benign_count,558,564,6.0,True,False,True
PX082,chronological_history_minus_current,common_anchor,,20260924,7,77756,"[71622, 4399, 18, 1717]",benign_false_alert_count,7,7,0.0,True,False,True
PX082,chronological_history_minus_current,common_anchor,,20260924,8,85233,"[78467, 5146, 12, 1608]",macro_f1,0.7258984365028854,0.7342617803413242,0.00836334383843873,True,False,True
PX082,chronological_history_minus_current,common_anchor,,20260924,8,85233,"[78467, 5146, 12, 1608]",exfil_warning_recall,0.7207711442786069,0.717039800995025,-0.003731343283581934,True,False,True
PX082,chronological_history_minus_current,common_anchor,,20260924,8,85233,"[78467, 5146, 12, 1608]",movement_exact_recall,0.16666666666666666,0.16666666666666666,0.0,True,False,True
PX082,chronological_history_minus_current,common_anchor,,20260924,8,85233,"[78467, 5146, 12, 1608]",benign_false_alert_rate,0.00019116316413269273,0.00014018632036397468,-5.097684376871806e-05,True,False,True
PX082,chronological_history_minus_current,common_anchor,,20260924,8,85233,"[78467, 5146, 12, 1608]",exfil_to_benign_count,449,455,6.0,True,False,True
PX082,chronological_history_minus_current,common_anchor,,20260924,8,85233,"[78467, 5146, 12, 1608]",benign_false_alert_count,15,11,-4.0,True,False,True
PX082,chronological_history_minus_current,common_anchor,,20260924,9,90917,"[83538, 5771, 15, 1593]",macro_f1,0.7669210330229795,0.7655712055724909,-0.0013498274504886165,False,False,False
PX082,chronological_history_minus_current,common_anchor,,20260924,9,90917,"[83538, 5771, 15, 1593]",exfil_warning_recall,0.7062146892655368,0.7049591964846202,-0.0012554927809165228,False,False,False
PX082,chronological_history_minus_current,common_anchor,,20260924,9,90917,"[83538, 5771, 15, 1593]",movement_exact_recall,0.26666666666666666,0.2,-0.06666666666666665,False,False,False
PX082,chronological_history_minus_current,common_anchor,,20260924,9,90917,"[83538, 5771, 15, 1593]",benign_false_alert_rate,0.0001556178026766262,9.576480164715458e-05,-5.985300102947163e-05,False,False,False
PX082,chronological_history_minus_current,common_anchor,,20260924,9,90917,"[83538, 5771, 15, 1593]",exfil_to_benign_count,468,470,2.0,False,False,False
PX082,chronological_history_minus_current,common_anchor,,20260924,9,90917,"[83538, 5771, 15, 1593]",benign_false_alert_count,13,8,-5.0,False,False,False
PX082,chronological_history_minus_current,common_anchor,,20260924,10,93473,"[85867, 6213, 18, 1375]",macro_f1,0.7614018266240659,0.773266251481673,0.011864424857607192,True,False,True
PX082,chronological_history_minus_current,common_anchor,,20260924,10,93473,"[85867, 6213, 18, 1375]",exfil_warning_recall,0.8429090909090909,0.8385454545454545,-0.004363636363636458,True,False,True
PX082,chronological_history_minus_current,common_anchor,,20260924,10,93473,"[85867, 6213, 18, 1375]",movement_exact_recall,0.2222222222222222,0.2222222222222222,0.0,True,False,True
PX082,chronological_history_minus_current,common_anchor,,20260924,10,93473,"[85867, 6213, 18, 1375]",benign_false_alert_rate,0.00018633468037779357,0.00013975101028334516,-4.6583670094448406e-05,True,False,True
PX082,chronological_history_minus_current,common_anchor,,20260924,10,93473,"[85867, 6213, 18, 1375]",exfil_to_benign_count,216,222,6.0,True,False,True
PX082,chronological_history_minus_current,common_anchor,,20260924,10,93473,"[85867, 6213, 18, 1375]",benign_false_alert_count,16,12,-4.0,True,False,True
PX082,current_mixed_minus_past,common_anchor,,20260925,6,68825,"[64898, 3323, 9, 595]",macro_f1,0.5739306528996831,0.7334456484131326,0.1595149955134495,False,False,False
PX082,current_mixed_minus_past,common_anchor,,20260925,6,68825,"[64898, 3323, 9, 595]",exfil_warning_recall,0.05714285714285716,0.9815126050420168,0.9243697478991596,False,False,False
PX082,current_mixed_minus_past,common_anchor,,20260925,6,68825,"[64898, 3323, 9, 595]",movement_exact_recall,0.4444444444444444,0.3333333333333333,-0.1111111111111111,False,False,False
PX082,current_mixed_minus_past,common_anchor,,20260925,6,68825,"[64898, 3323, 9, 595]",benign_false_alert_rate,0.00032358470214798605,0.0020031433942494375,0.0016795586921014515,False,False,False
PX082,current_mixed_minus_past,common_anchor,,20260925,6,68825,"[64898, 3323, 9, 595]",exfil_to_benign_count,561,11,-550.0,False,False,False
PX082,current_mixed_minus_past,common_anchor,,20260925,6,68825,"[64898, 3323, 9, 595]",benign_false_alert_count,21,130,109.0,False,False,False
PX082,current_mixed_minus_past,common_anchor,,20260925,7,77756,"[71622, 4399, 18, 1717]",macro_f1,0.7573817390846208,0.8081334047978412,0.05075166571322043,False,False,False
PX082,current_mixed_minus_past,common_anchor,,20260925,7,77756,"[71622, 4399, 18, 1717]",exfil_warning_recall,0.6750145602795574,0.9953407105416424,0.320326150262085,False,False,False
PX082,current_mixed_minus_past,common_anchor,,20260925,7,77756,"[71622, 4399, 18, 1717]",movement_exact_recall,0.3333333333333333,0.5,0.16666666666666669,False,False,False
PX082,current_mixed_minus_past,common_anchor,,20260925,7,77756,"[71622, 4399, 18, 1717]",benign_false_alert_rate,0.0002652816173801346,0.0017033872273882326,0.001438105610008098,False,False,False
PX082,current_mixed_minus_past,common_anchor,,20260925,7,77756,"[71622, 4399, 18, 1717]",exfil_to_benign_count,558,8,-550.0,False,False,False
PX082,current_mixed_minus_past,common_anchor,,20260925,7,77756,"[71622, 4399, 18, 1717]",benign_false_alert_count,19,122,103.0,False,False,False
PX082,current_mixed_minus_past,common_anchor,,20260925,8,85233,"[78467, 5146, 12, 1608]",macro_f1,0.7273496446464631,0.7925454434826361,0.06519579883617299,False,False,False
PX082,current_mixed_minus_past,common_anchor,,20260925,8,85233,"[78467, 5146, 12, 1608]",exfil_warning_recall,0.7201492537313433,0.9950248756218906,0.27487562189054726,False,False,False
PX082,current_mixed_minus_past,common_anchor,,20260925,8,85233,"[78467, 5146, 12, 1608]",movement_exact_recall,0.25,0.6666666666666666,0.41666666666666663,False,False,False
PX082,current_mixed_minus_past,common_anchor,,20260925,8,85233,"[78467, 5146, 12, 1608]",benign_false_alert_rate,0.0003695821173232059,0.0015802821568302598,0.001210700039507054,False,False,False
PX082,current_mixed_minus_past,common_anchor,,20260925,8,85233,"[78467, 5146, 12, 1608]",exfil_to_benign_count,450,8,-442.0,False,False,False
PX082,current_mixed_minus_past,common_anchor,,20260925,8,85233,"[78467, 5146, 12, 1608]",benign_false_alert_count,29,124,95.0,False,False,False
PX082,current_mixed_minus_past,common_anchor,,20260925,9,90917,"[83538, 5771, 15, 1593]",macro_f1,0.7627118875361315,0.7939724462376496,0.031260558701518115,False,False,False
PX082,current_mixed_minus_past,common_anchor,,20260925,9,90917,"[83538, 5771, 15, 1593]",exfil_warning_recall,0.706842435655995,0.992467043314501,0.28562460765850595,False,False,False
PX082,current_mixed_minus_past,common_anchor,,20260925,9,90917,"[83538, 5771, 15, 1593]",movement_exact_recall,0.3333333333333333,0.4666666666666667,0.13333333333333336,False,False,False
PX082,current_mixed_minus_past,common_anchor,,20260925,9,90917,"[83538, 5771, 15, 1593]",benign_false_alert_rate,0.0003232062055591467,0.0011731188201776438,0.0008499126146184971,False,False,False
PX082,current_mixed_minus_past,common_anchor,,20260925,9,90917,"[83538, 5771, 15, 1593]",exfil_to_benign_count,467,12,-455.0,False,False,False
PX082,current_mixed_minus_past,common_anchor,,20260925,9,90917,"[83538, 5771, 15, 1593]",benign_false_alert_count,27,98,71.0,False,False,False
PX082,current_mixed_minus_past,common_anchor,,20260925,10,93473,"[85867, 6213, 18, 1375]",macro_f1,0.7658630562542686,0.7841170049586947,0.018253948704426093,False,False,False
PX082,current_mixed_minus_past,common_anchor,,20260925,10,93473,"[85867, 6213, 18, 1375]",exfil_warning_recall,0.8429090909090909,0.9905454545454545,0.14763636363636357,False,False,False
PX082,current_mixed_minus_past,common_anchor,,20260925,10,93473,"[85867, 6213, 18, 1375]",movement_exact_recall,0.3333333333333333,0.5,0.16666666666666669,False,False,False
PX082,current_mixed_minus_past,common_anchor,,20260925,10,93473,"[85867, 6213, 18, 1375]",benign_false_alert_rate,0.00037266936075558714,0.0014673856079751243,0.0010947162472195373,False,False,False
PX082,current_mixed_minus_past,common_anchor,,20260925,10,93473,"[85867, 6213, 18, 1375]",exfil_to_benign_count,216,13,-203.0,False,False,False
PX082,current_mixed_minus_past,common_anchor,,20260925,10,93473,"[85867, 6213, 18, 1375]",benign_false_alert_count,32,126,94.0,False,False,False
PX082,current_history_mixed_minus_past,common_anchor,,20260925,6,68825,"[64898, 3323, 9, 595]",macro_f1,0.5906734369186789,0.7987975831634081,0.2081241462447292,False,False,False
PX082,current_history_mixed_minus_past,common_anchor,,20260925,6,68825,"[64898, 3323, 9, 595]",exfil_warning_recall,0.04705882352941182,0.957983193277311,0.9109243697478991,False,False,False
PX082,current_history_mixed_minus_past,common_anchor,,20260925,6,68825,"[64898, 3323, 9, 595]",movement_exact_recall,0.4444444444444444,0.6666666666666666,0.2222222222222222,False,False,False
PX082,current_history_mixed_minus_past,common_anchor,,20260925,6,68825,"[64898, 3323, 9, 595]",benign_false_alert_rate,0.00016949674874418318,0.0006163518136152116,0.0004468550648710284,False,False,False
PX082,current_history_mixed_minus_past,common_anchor,,20260925,6,68825,"[64898, 3323, 9, 595]",exfil_to_benign_count,567,25,-542.0,False,False,False
PX082,current_history_mixed_minus_past,common_anchor,,20260925,6,68825,"[64898, 3323, 9, 595]",benign_false_alert_count,11,40,29.0,False,False,False
PX082,current_history_mixed_minus_past,common_anchor,,20260925,7,77756,"[71622, 4399, 18, 1717]",macro_f1,0.7822880008578391,0.8419827251282685,0.05969472427042943,False,False,False
PX082,current_history_mixed_minus_past,common_anchor,,20260925,7,77756,"[71622, 4399, 18, 1717]",exfil_warning_recall,0.6703552708211997,0.9871869539895166,0.3168316831683169,False,False,False
PX082,current_history_mixed_minus_past,common_anchor,,20260925,7,77756,"[71622, 4399, 18, 1717]",movement_exact_recall,0.3333333333333333,0.6111111111111112,0.27777777777777785,False,False,False
PX082,current_history_mixed_minus_past,common_anchor,,20260925,7,77756,"[71622, 4399, 18, 1717]",benign_false_alert_rate,9.773533271899695e-05,0.00047471447320655667,0.00037697914048755973,False,False,False
PX082,current_history_mixed_minus_past,common_anchor,,20260925,7,77756,"[71622, 4399, 18, 1717]",exfil_to_benign_count,566,22,-544.0,False,False,False
PX082,current_history_mixed_minus_past,common_anchor,,20260925,7,77756,"[71622, 4399, 18, 1717]",benign_false_alert_count,7,34,27.0,False,False,False
PX082,current_history_mixed_minus_past,common_anchor,,20260925,8,85233,"[78467, 5146, 12, 1608]",macro_f1,0.7459241753271073,0.8143812954990772,0.06845712017196992,False,False,False
PX082,current_history_mixed_minus_past,common_anchor,,20260925,8,85233,"[78467, 5146, 12, 1608]",exfil_warning_recall,0.7157960199004976,0.986318407960199,0.2705223880597014,False,False,False
PX082,current_history_mixed_minus_past,common_anchor,,20260925,8,85233,"[78467, 5146, 12, 1608]",movement_exact_recall,0.25,0.6666666666666666,0.41666666666666663,False,False,False
PX082,current_history_mixed_minus_past,common_anchor,,20260925,8,85233,"[78467, 5146, 12, 1608]",benign_false_alert_rate,0.0001784189531905132,0.0005607452814558987,0.00038232632826538547,False,False,False
PX082,current_history_mixed_minus_past,common_anchor,,20260925,8,85233,"[78467, 5146, 12, 1608]",exfil_to_benign_count,457,22,-435.0,False,False,False
PX082,current_history_mixed_minus_past,common_anchor,,20260925,8,85233,"[78467, 5146, 12, 1608]",benign_false_alert_count,14,44,30.0,False,False,False
PX082,current_history_mixed_minus_past,common_anchor,,20260925,9,90917,"[83538, 5771, 15, 1593]",macro_f1,0.7878175261479016,0.8108622294108927,0.02304470326299113,False,False,False
PX082,current_history_mixed_minus_past,common_anchor,,20260925,9,90917,"[83538, 5771, 15, 1593]",exfil_warning_recall,0.7049591964846202,0.992467043314501,0.28750784682988073,False,False,False
PX082,current_history_mixed_minus_past,common_anchor,,20260925,9,90917,"[83538, 5771, 15, 1593]",movement_exact_recall,0.3333333333333333,0.5333333333333333,0.2,False,False,False
PX082,current_history_mixed_minus_past,common_anchor,,20260925,9,90917,"[83538, 5771, 15, 1593]",benign_false_alert_rate,0.00011970600205894323,0.0005626182096770332,0.00044291220761809,False,False,False
PX082,current_history_mixed_minus_past,common_anchor,,20260925,9,90917,"[83538, 5771, 15, 1593]",exfil_to_benign_count,470,12,-458.0,False,False,False
PX082,current_history_mixed_minus_past,common_anchor,,20260925,9,90917,"[83538, 5771, 15, 1593]",benign_false_alert_count,10,47,37.0,False,False,False
PX082,current_history_mixed_minus_past,common_anchor,,20260925,10,93473,"[85867, 6213, 18, 1375]",macro_f1,0.7915964736522197,0.8171820500841473,0.025585576431927604,False,False,False
PX082,current_history_mixed_minus_past,common_anchor,,20260925,10,93473,"[85867, 6213, 18, 1375]",exfil_warning_recall,0.8370909090909091,0.9803636363636363,0.14327272727272722,False,False,False
PX082,current_history_mixed_minus_past,common_anchor,,20260925,10,93473,"[85867, 6213, 18, 1375]",movement_exact_recall,0.3333333333333333,0.6111111111111112,0.27777777777777785,False,False,False
PX082,current_history_mixed_minus_past,common_anchor,,20260925,10,93473,"[85867, 6213, 18, 1375]",benign_false_alert_rate,0.00016304284533056937,0.0005473581236097686,0.00038431527827919925,False,False,False
PX082,current_history_mixed_minus_past,common_anchor,,20260925,10,93473,"[85867, 6213, 18, 1375]",exfil_to_benign_count,224,27,-197.0,False,False,False
PX082,current_history_mixed_minus_past,common_anchor,,20260925,10,93473,"[85867, 6213, 18, 1375]",benign_false_alert_count,14,47,33.0,False,False,False
PX082,chronological_history_minus_current,common_anchor,,20260925,6,68825,"[64898, 3323, 9, 595]",macro_f1,0.5739306528996831,0.5906734369186789,0.01674278401899576,True,False,True
PX082,chronological_history_minus_current,common_anchor,,20260925,6,68825,"[64898, 3323, 9, 595]",exfil_warning_recall,0.05714285714285716,0.04705882352941182,-0.010084033613445342,True,False,True
PX082,chronological_history_minus_current,common_anchor,,20260925,6,68825,"[64898, 3323, 9, 595]",movement_exact_recall,0.4444444444444444,0.4444444444444444,0.0,True,False,True
PX082,chronological_history_minus_current,common_anchor,,20260925,6,68825,"[64898, 3323, 9, 595]",benign_false_alert_rate,0.00032358470214798605,0.00016949674874418318,-0.00015408795340380286,True,False,True
PX082,chronological_history_minus_current,common_anchor,,20260925,6,68825,"[64898, 3323, 9, 595]",exfil_to_benign_count,561,567,6.0,True,False,True
PX082,chronological_history_minus_current,common_anchor,,20260925,6,68825,"[64898, 3323, 9, 595]",benign_false_alert_count,21,11,-10.0,True,False,True
PX082,chronological_history_minus_current,common_anchor,,20260925,7,77756,"[71622, 4399, 18, 1717]",macro_f1,0.7573817390846208,0.7822880008578391,0.024906261773218308,True,False,True
PX082,chronological_history_minus_current,common_anchor,,20260925,7,77756,"[71622, 4399, 18, 1717]",exfil_warning_recall,0.6750145602795574,0.6703552708211997,-0.004659289458357696,True,False,True
PX082,chronological_history_minus_current,common_anchor,,20260925,7,77756,"[71622, 4399, 18, 1717]",movement_exact_recall,0.3333333333333333,0.3333333333333333,0.0,True,False,True
PX082,chronological_history_minus_current,common_anchor,,20260925,7,77756,"[71622, 4399, 18, 1717]",benign_false_alert_rate,0.0002652816173801346,9.773533271899695e-05,-0.00016754628466113768,True,False,True
PX082,chronological_history_minus_current,common_anchor,,20260925,7,77756,"[71622, 4399, 18, 1717]",exfil_to_benign_count,558,566,8.0,True,False,True
PX082,chronological_history_minus_current,common_anchor,,20260925,7,77756,"[71622, 4399, 18, 1717]",benign_false_alert_count,19,7,-12.0,True,False,True
PX082,chronological_history_minus_current,common_anchor,,20260925,8,85233,"[78467, 5146, 12, 1608]",macro_f1,0.7273496446464631,0.7459241753271073,0.018574530680644186,True,False,True
PX082,chronological_history_minus_current,common_anchor,,20260925,8,85233,"[78467, 5146, 12, 1608]",exfil_warning_recall,0.7201492537313433,0.7157960199004976,-0.0043532338308457375,True,False,True
PX082,chronological_history_minus_current,common_anchor,,20260925,8,85233,"[78467, 5146, 12, 1608]",movement_exact_recall,0.25,0.25,0.0,True,False,True
PX082,chronological_history_minus_current,common_anchor,,20260925,8,85233,"[78467, 5146, 12, 1608]",benign_false_alert_rate,0.0003695821173232059,0.0001784189531905132,-0.0001911631641326927,True,False,True
PX082,chronological_history_minus_current,common_anchor,,20260925,8,85233,"[78467, 5146, 12, 1608]",exfil_to_benign_count,450,457,7.0,True,False,True
PX082,chronological_history_minus_current,common_anchor,,20260925,8,85233,"[78467, 5146, 12, 1608]",benign_false_alert_count,29,14,-15.0,True,False,True
PX082,chronological_history_minus_current,common_anchor,,20260925,9,90917,"[83538, 5771, 15, 1593]",macro_f1,0.7627118875361315,0.7878175261479016,0.025105638611770065,True,False,True
PX082,chronological_history_minus_current,common_anchor,,20260925,9,90917,"[83538, 5771, 15, 1593]",exfil_warning_recall,0.706842435655995,0.7049591964846202,-0.0018832391713747842,True,False,True
PX082,chronological_history_minus_current,common_anchor,,20260925,9,90917,"[83538, 5771, 15, 1593]",movement_exact_recall,0.3333333333333333,0.3333333333333333,0.0,True,False,True
PX082,chronological_history_minus_current,common_anchor,,20260925,9,90917,"[83538, 5771, 15, 1593]",benign_false_alert_rate,0.0003232062055591467,0.00011970600205894323,-0.0002035002035002035,True,False,True
PX082,chronological_history_minus_current,common_anchor,,20260925,9,90917,"[83538, 5771, 15, 1593]",exfil_to_benign_count,467,470,3.0,True,False,True
PX082,chronological_history_minus_current,common_anchor,,20260925,9,90917,"[83538, 5771, 15, 1593]",benign_false_alert_count,27,10,-17.0,True,False,True
PX082,chronological_history_minus_current,common_anchor,,20260925,10,93473,"[85867, 6213, 18, 1375]",macro_f1,0.7658630562542686,0.7915964736522197,0.025733417397951097,True,False,True
PX082,chronological_history_minus_current,common_anchor,,20260925,10,93473,"[85867, 6213, 18, 1375]",exfil_warning_recall,0.8429090909090909,0.8370909090909091,-0.0058181818181818334,True,False,True
PX082,chronological_history_minus_current,common_anchor,,20260925,10,93473,"[85867, 6213, 18, 1375]",movement_exact_recall,0.3333333333333333,0.3333333333333333,0.0,True,False,True
PX082,chronological_history_minus_current,common_anchor,,20260925,10,93473,"[85867, 6213, 18, 1375]",benign_false_alert_rate,0.00037266936075558714,0.00016304284533056937,-0.00020962651542501777,True,False,True
PX082,chronological_history_minus_current,common_anchor,,20260925,10,93473,"[85867, 6213, 18, 1375]",exfil_to_benign_count,216,224,8.0,True,False,True
PX082,chronological_history_minus_current,common_anchor,,20260925,10,93473,"[85867, 6213, 18, 1375]",benign_false_alert_count,32,14,-18.0,True,False,True
