setting,method,shot,seed,group,group_external_id,group_degree,top1,top5,top10,mrr,rank
standard,random_uniform,5,13,APT38,G0082,56,0.0,0.0,0.0,0.008064516129032258,124.0
standard,frequency_prior,5,13,APT38,G0082,56,0.0,0.0,0.0,0.041666666666666664,24.0
standard,overlap_cosine,5,13,APT38,G0082,56,1.0,1.0,1.0,1.0,1.0
standard,svd32_graph_embedding,5,13,APT38,G0082,56,1.0,1.0,1.0,1.0,1.0
standard,random_uniform,5,13,Indrik Spider,G0119,33,0.0,0.0,0.0,0.038461538461538464,26.0
standard,frequency_prior,5,13,Indrik Spider,G0119,33,0.0,0.0,0.0,0.018867924528301886,53.0
standard,overlap_cosine,5,13,Indrik Spider,G0119,33,1.0,1.0,1.0,1.0,1.0
standard,svd32_graph_embedding,5,13,Indrik Spider,G0119,33,0.0,1.0,1.0,0.3333333333333333,3.0
standard,random_uniform,5,13,BlackByte,G1043,48,0.0,0.0,0.0,0.01,100.0
standard,frequency_prior,5,13,BlackByte,G1043,48,0.0,0.0,0.0,0.03333333333333333,30.0
standard,overlap_cosine,5,13,BlackByte,G1043,48,1.0,1.0,1.0,1.0,1.0
standard,svd32_graph_embedding,5,13,BlackByte,G1043,48,1.0,1.0,1.0,1.0,1.0
standard,random_uniform,5,13,SideCopy,G1008,16,0.0,0.0,0.0,0.05555555555555555,18.0
standard,frequency_prior,5,13,SideCopy,G1008,16,0.0,0.0,0.0,0.01098901098901099,91.0
standard,overlap_cosine,5,13,SideCopy,G1008,16,1.0,1.0,1.0,1.0,1.0
standard,svd32_graph_embedding,5,13,SideCopy,G1008,16,1.0,1.0,1.0,1.0,1.0
standard,random_uniform,5,13,GALLIUM,G0093,31,0.0,0.0,0.0,0.006097560975609756,164.0
standard,frequency_prior,5,13,GALLIUM,G0093,31,0.0,0.0,0.0,0.017543859649122806,57.0
standard,overlap_cosine,5,13,GALLIUM,G0093,31,1.0,1.0,1.0,1.0,1.0
standard,svd32_graph_embedding,5,13,GALLIUM,G0093,31,1.0,1.0,1.0,1.0,1.0
standard,random_uniform,5,13,APT3,G0022,44,0.0,0.0,0.0,0.022727272727272728,44.0
standard,frequency_prior,5,13,APT3,G0022,44,0.0,0.0,0.0,0.02857142857142857,35.0
standard,overlap_cosine,5,13,APT3,G0022,44,1.0,1.0,1.0,1.0,1.0
standard,svd32_graph_embedding,5,13,APT3,G0022,44,0.0,1.0,1.0,0.25,4.0
standard,random_uniform,5,13,Mustard Tempest,G1020,12,0.0,0.0,1.0,0.1111111111111111,9.0
standard,frequency_prior,5,13,Mustard Tempest,G1020,12,0.0,0.0,0.0,0.009433962264150943,106.0
standard,overlap_cosine,5,13,Mustard Tempest,G1020,12,1.0,1.0,1.0,1.0,1.0
standard,svd32_graph_embedding,5,13,Mustard Tempest,G1020,12,1.0,1.0,1.0,1.0,1.0
standard,random_uniform,5,13,Kimsuky,G0094,130,0.0,0.0,0.0,0.006756756756756757,148.0
standard,frequency_prior,5,13,Kimsuky,G0094,130,1.0,1.0,1.0,1.0,1.0
standard,overlap_cosine,5,13,Kimsuky,G0094,130,0.0,0.0,1.0,0.16666666666666666,6.0
standard,svd32_graph_embedding,5,13,Kimsuky,G0094,130,0.0,1.0,1.0,0.5,2.0
standard,random_uniform,5,13,EXOTIC LILY,G1011,15,0.0,0.0,0.0,0.009009009009009009,111.0
standard,frequency_prior,5,13,EXOTIC LILY,G1011,15,0.0,0.0,0.0,0.01020408163265306,98.0
standard,overlap_cosine,5,13,EXOTIC LILY,G1011,15,1.0,1.0,1.0,1.0,1.0
standard,svd32_graph_embedding,5,13,EXOTIC LILY,G1011,15,1.0,1.0,1.0,1.0,1.0
standard,random_uniform,5,13,admin@338,G0018,12,0.0,0.0,0.0,0.006622516556291391,151.0
standard,frequency_prior,5,13,admin@338,G0018,12,0.0,0.0,0.0,0.00909090909090909,110.0
standard,overlap_cosine,5,13,admin@338,G0018,12,1.0,1.0,1.0,1.0,1.0
standard,svd32_graph_embedding,5,13,admin@338,G0018,12,1.0,1.0,1.0,1.0,1.0
standard,random_uniform,5,13,Volt Typhoon,G1017,81,0.0,0.0,0.0,0.012195121951219513,82.0
standard,frequency_prior,5,13,Volt Typhoon,G1017,81,0.0,0.0,1.0,0.16666666666666666,6.0
standard,overlap_cosine,5,13,Volt Typhoon,G1017,81,0.0,1.0,1.0,0.3333333333333333,3.0
standard,svd32_graph_embedding,5,13,Volt Typhoon,G1017,81,0.0,1.0,1.0,0.3333333333333333,3.0
standard,random_uniform,5,13,Patchwork,G0040,41,0.0,0.0,0.0,0.006578947368421052,152.0
standard,frequency_prior,5,13,Patchwork,G0040,41,0.0,0.0,0.0,0.025,40.0
standard,overlap_cosine,5,13,Patchwork,G0040,41,1.0,1.0,1.0,1.0,1.0
standard,svd32_graph_embedding,5,13,Patchwork,G0040,41,0.0,1.0,1.0,0.5,2.0
standard,random_uniform,5,13,APT41,G0096,82,0.0,0.0,0.0,0.022222222222222223,45.0
standard,frequency_prior,5,13,APT41,G0096,82,0.0,1.0,1.0,0.2,5.0
standard,overlap_cosine,5,13,APT41,G0096,82,0.0,0.0,0.0,0.0625,16.0
standard,svd32_graph_embedding,5,13,APT41,G0096,82,0.0,0.0,0.0,0.03125,32.0
standard,random_uniform,5,13,Salt Typhoon,G1045,14,0.0,0.0,0.0,0.03225806451612903,31.0
standard,frequency_prior,5,13,Salt Typhoon,G1045,14,0.0,0.0,0.0,0.00980392156862745,102.0
standard,overlap_cosine,5,13,Salt Typhoon,G1045,14,1.0,1.0,1.0,1.0,1.0
standard,svd32_graph_embedding,5,13,Salt Typhoon,G1045,14,1.0,1.0,1.0,1.0,1.0
standard,random_uniform,5,13,Dragonfly,G0035,56,0.0,0.0,0.0,0.04,25.0
standard,frequency_prior,5,13,Dragonfly,G0035,56,0.0,0.0,0.0,0.045454545454545456,22.0
standard,overlap_cosine,5,13,Dragonfly,G0035,56,1.0,1.0,1.0,1.0,1.0
standard,svd32_graph_embedding,5,13,Dragonfly,G0035,56,1.0,1.0,1.0,1.0,1.0
standard,random_uniform,5,13,Evilnum,G0120,11,0.0,0.0,0.0,0.007462686567164179,134.0
standard,frequency_prior,5,13,Evilnum,G0120,11,0.0,0.0,0.0,0.008403361344537815,119.0
standard,overlap_cosine,5,13,Evilnum,G0120,11,1.0,1.0,1.0,1.0,1.0
standard,svd32_graph_embedding,5,13,Evilnum,G0120,11,1.0,1.0,1.0,1.0,1.0
standard,random_uniform,5,13,Gorgon Group,G0078,16,0.0,0.0,0.0,0.006493506493506494,154.0
standard,frequency_prior,5,13,Gorgon Group,G0078,16,0.0,0.0,0.0,0.010526315789473684,95.0
standard,overlap_cosine,5,13,Gorgon Group,G0078,16,1.0,1.0,1.0,1.0,1.0
standard,svd32_graph_embedding,5,13,Gorgon Group,G0078,16,0.0,1.0,1.0,0.3333333333333333,3.0
standard,random_uniform,5,13,menuPass,G0045,46,0.0,0.0,0.0,0.007633587786259542,131.0
standard,frequency_prior,5,13,menuPass,G0045,46,0.0,0.0,0.0,0.030303030303030304,33.0
standard,overlap_cosine,5,13,menuPass,G0045,46,0.0,1.0,1.0,0.5,2.0
standard,svd32_graph_embedding,5,13,menuPass,G0045,46,0.0,1.0,1.0,0.3333333333333333,3.0
standard,random_uniform,5,13,APT32,G0050,78,0.0,0.0,0.0,0.009174311926605505,109.0
standard,frequency_prior,5,13,APT32,G0050,78,0.0,0.0,1.0,0.125,8.0
standard,overlap_cosine,5,13,APT32,G0050,78,0.0,1.0,1.0,0.5,2.0
standard,svd32_graph_embedding,5,13,APT32,G0050,78,1.0,1.0,1.0,1.0,1.0
standard,random_uniform,5,13,HAFNIUM,G0125,44,0.0,0.0,0.0,0.005813953488372093,172.0
standard,frequency_prior,5,13,HAFNIUM,G0125,44,0.0,0.0,0.0,0.027777777777777776,36.0
standard,overlap_cosine,5,13,HAFNIUM,G0125,44,0.0,1.0,1.0,0.3333333333333333,3.0
standard,svd32_graph_embedding,5,13,HAFNIUM,G0125,44,1.0,1.0,1.0,1.0,1.0
standard,random_uniform,5,13,MuddyWater,G0069,68,0.0,0.0,0.0,0.005813953488372093,172.0
standard,frequency_prior,5,13,MuddyWater,G0069,68,0.0,0.0,0.0,0.08333333333333333,12.0
standard,overlap_cosine,5,13,MuddyWater,G0069,68,0.0,0.0,0.0,0.09090909090909091,11.0
standard,svd32_graph_embedding,5,13,MuddyWater,G0069,68,0.0,0.0,0.0,0.06666666666666667,15.0
standard,random_uniform,5,13,Naikon,G0019,14,0.0,0.0,0.0,0.005780346820809248,173.0
standard,frequency_prior,5,13,Naikon,G0019,14,0.0,0.0,0.0,0.009708737864077669,103.0
standard,overlap_cosine,5,13,Naikon,G0019,14,1.0,1.0,1.0,1.0,1.0
standard,svd32_graph_embedding,5,13,Naikon,G0019,14,1.0,1.0,1.0,1.0,1.0
standard,random_uniform,5,13,FIN6,G0037,40,0.0,0.0,0.0,0.006172839506172839,162.0
standard,frequency_prior,5,13,FIN6,G0037,40,0.0,0.0,0.0,0.022222222222222223,45.0
standard,overlap_cosine,5,13,FIN6,G0037,40,0.0,1.0,1.0,0.3333333333333333,3.0
standard,svd32_graph_embedding,5,13,FIN6,G0037,40,0.0,1.0,1.0,0.3333333333333333,3.0
standard,random_uniform,5,13,Gamaredon Group,G0047,70,0.0,0.0,0.0,0.005952380952380952,168.0
standard,frequency_prior,5,13,Gamaredon Group,G0047,70,0.0,0.0,0.0,0.09090909090909091,11.0
standard,overlap_cosine,5,13,Gamaredon Group,G0047,70,1.0,1.0,1.0,1.0,1.0
standard,svd32_graph_embedding,5,13,Gamaredon Group,G0047,70,0.0,1.0,1.0,0.5,2.0
standard,random_uniform,5,13,Storm-1811,G1046,31,0.0,0.0,0.0,0.06666666666666667,15.0
standard,frequency_prior,5,13,Storm-1811,G1046,31,0.0,0.0,0.0,0.01818181818181818,55.0
standard,overlap_cosine,5,13,Storm-1811,G1046,31,1.0,1.0,1.0,1.0,1.0
standard,svd32_graph_embedding,5,13,Storm-1811,G1046,31,0.0,1.0,1.0,0.3333333333333333,3.0
standard,random_uniform,5,13,Leafminer,G0077,17,0.0,0.0,0.0,0.02857142857142857,35.0
standard,frequency_prior,5,13,Leafminer,G0077,17,0.0,0.0,0.0,0.011111111111111112,90.0
standard,overlap_cosine,5,13,Leafminer,G0077,17,1.0,1.0,1.0,1.0,1.0
standard,svd32_graph_embedding,5,13,Leafminer,G0077,17,1.0,1.0,1.0,1.0,1.0
standard,random_uniform,5,13,TeamTNT,G0139,56,0.0,0.0,1.0,0.16666666666666666,6.0
standard,frequency_prior,5,13,TeamTNT,G0139,56,0.0,0.0,0.0,0.043478260869565216,23.0
standard,overlap_cosine,5,13,TeamTNT,G0139,56,1.0,1.0,1.0,1.0,1.0
standard,svd32_graph_embedding,5,13,TeamTNT,G0139,56,1.0,1.0,1.0,1.0,1.0
standard,random_uniform,5,13,FIN7,G0046,67,0.0,0.0,0.0,0.03225806451612903,31.0
standard,frequency_prior,5,13,FIN7,G0046,67,0.0,0.0,0.0,0.07142857142857142,14.0
standard,overlap_cosine,5,13,FIN7,G0046,67,0.0,0.0,1.0,0.1,10.0
standard,svd32_graph_embedding,5,13,FIN7,G0046,67,0.0,0.0,1.0,0.14285714285714285,7.0
standard,random_uniform,5,13,Sandworm Team,G0034,79,0.0,0.0,0.0,0.058823529411764705,17.0
standard,frequency_prior,5,13,Sandworm Team,G0034,79,0.0,0.0,1.0,0.14285714285714285,7.0
standard,overlap_cosine,5,13,Sandworm Team,G0034,79,0.0,1.0,1.0,0.5,2.0
standard,svd32_graph_embedding,5,13,Sandworm Team,G0034,79,1.0,1.0,1.0,1.0,1.0
standard,random_uniform,5,13,Machete,G0095,11,0.0,1.0,1.0,0.5,2.0
standard,frequency_prior,5,13,Machete,G0095,11,0.0,0.0,0.0,0.008771929824561403,114.0
standard,overlap_cosine,5,13,Machete,G0095,11,1.0,1.0,1.0,1.0,1.0
standard,svd32_graph_embedding,5,13,Machete,G0095,11,1.0,1.0,1.0,1.0,1.0
standard,random_uniform,5,13,APT18,G0026,12,0.0,0.0,0.0,0.021739130434782608,46.0
standard,frequency_prior,5,13,APT18,G0026,12,0.0,0.0,0.0,0.009345794392523364,107.0
standard,overlap_cosine,5,13,APT18,G0026,12,1.0,1.0,1.0,1.0,1.0
standard,svd32_graph_embedding,5,13,APT18,G0026,12,0.0,1.0,1.0,0.5,2.0
standard,random_uniform,5,13,Andariel,G0138,12,0.0,0.0,0.0,0.006329113924050633,158.0
standard,frequency_prior,5,13,Andariel,G0138,12,0.0,0.0,0.0,0.009259259259259259,108.0
standard,overlap_cosine,5,13,Andariel,G0138,12,1.0,1.0,1.0,1.0,1.0
standard,svd32_graph_embedding,5,13,Andariel,G0138,12,0.0,1.0,1.0,0.5,2.0
standard,random_uniform,5,13,CURIUM,G1012,19,0.0,0.0,0.0,0.013333333333333334,75.0
standard,frequency_prior,5,13,CURIUM,G1012,19,0.0,0.0,0.0,0.012048192771084338,83.0
standard,overlap_cosine,5,13,CURIUM,G1012,19,0.0,1.0,1.0,0.5,2.0
standard,svd32_graph_embedding,5,13,CURIUM,G1012,19,1.0,1.0,1.0,1.0,1.0
standard,random_uniform,5,13,Sidewinder,G0121,30,0.0,0.0,0.0,0.017543859649122806,57.0
standard,frequency_prior,5,13,Sidewinder,G0121,30,0.0,0.0,0.0,0.017241379310344827,58.0
standard,overlap_cosine,5,13,Sidewinder,G0121,30,0.0,1.0,1.0,0.3333333333333333,3.0
standard,svd32_graph_embedding,5,13,Sidewinder,G0121,30,0.0,0.0,0.0,0.09090909090909091,11.0
standard,random_uniform,5,13,Mustang Panda,G0129,85,0.0,0.0,0.0,0.03225806451612903,31.0
standard,frequency_prior,5,13,Mustang Panda,G0129,85,0.0,1.0,1.0,0.25,4.0
standard,overlap_cosine,5,13,Mustang Panda,G0129,85,0.0,1.0,1.0,0.5,2.0
standard,svd32_graph_embedding,5,13,Mustang Panda,G0129,85,1.0,1.0,1.0,1.0,1.0
standard,random_uniform,5,13,ZIRCONIUM,G0128,29,0.0,0.0,0.0,0.08333333333333333,12.0
standard,frequency_prior,5,13,ZIRCONIUM,G0128,29,0.0,0.0,0.0,0.016666666666666666,60.0
standard,overlap_cosine,5,13,ZIRCONIUM,G0128,29,1.0,1.0,1.0,1.0,1.0
standard,svd32_graph_embedding,5,13,ZIRCONIUM,G0128,29,1.0,1.0,1.0,1.0,1.0
standard,random_uniform,5,13,Rocke,G0106,36,0.0,0.0,0.0,0.022727272727272728,44.0
standard,frequency_prior,5,13,Rocke,G0106,36,0.0,0.0,0.0,0.020833333333333332,48.0
standard,overlap_cosine,5,13,Rocke,G0106,36,1.0,1.0,1.0,1.0,1.0
standard,svd32_graph_embedding,5,13,Rocke,G0106,36,0.0,1.0,1.0,0.5,2.0
standard,random_uniform,5,13,Scattered Spider,G1015,64,0.0,0.0,0.0,0.006211180124223602,161.0
standard,frequency_prior,5,13,Scattered Spider,G1015,64,0.0,0.0,0.0,0.0625,16.0
standard,overlap_cosine,5,13,Scattered Spider,G1015,64,0.0,0.0,1.0,0.16666666666666666,6.0
standard,svd32_graph_embedding,5,13,Scattered Spider,G1015,64,0.0,1.0,1.0,0.25,4.0
standard,random_uniform,5,13,APT39,G0087,53,0.0,0.0,0.0,0.013513513513513514,74.0
standard,frequency_prior,5,13,APT39,G0087,53,0.0,0.0,0.0,0.038461538461538464,26.0
standard,overlap_cosine,5,13,APT39,G0087,53,1.0,1.0,1.0,1.0,1.0
standard,svd32_graph_embedding,5,13,APT39,G0087,53,1.0,1.0,1.0,1.0,1.0
standard,random_uniform,5,13,UNC3886,G1048,49,0.0,0.0,0.0,0.006944444444444444,144.0
standard,frequency_prior,5,13,UNC3886,G1048,49,0.0,0.0,0.0,0.034482758620689655,29.0
standard,overlap_cosine,5,13,UNC3886,G1048,49,1.0,1.0,1.0,1.0,1.0
standard,svd32_graph_embedding,5,13,UNC3886,G1048,49,1.0,1.0,1.0,1.0,1.0
standard,random_uniform,5,13,Contagious Interview,G1052,54,0.0,0.0,0.0,0.012658227848101266,79.0
standard,frequency_prior,5,13,Contagious Interview,G1052,54,0.0,0.0,0.0,0.04,25.0
standard,overlap_cosine,5,13,Contagious Interview,G1052,54,1.0,1.0,1.0,1.0,1.0
standard,svd32_graph_embedding,5,13,Contagious Interview,G1052,54,1.0,1.0,1.0,1.0,1.0
standard,random_uniform,5,13,TA2541,G1018,28,0.0,0.0,0.0,0.038461538461538464,26.0
standard,frequency_prior,5,13,TA2541,G1018,28,0.0,0.0,0.0,0.015873015873015872,63.0
standard,overlap_cosine,5,13,TA2541,G1018,28,0.0,1.0,1.0,0.5,2.0
standard,svd32_graph_embedding,5,13,TA2541,G1018,28,0.0,1.0,1.0,0.3333333333333333,3.0
standard,random_uniform,5,13,Akira,G1024,17,0.0,0.0,0.0,0.008771929824561403,114.0
standard,frequency_prior,5,13,Akira,G1024,17,0.0,0.0,0.0,0.011363636363636364,88.0
standard,overlap_cosine,5,13,Akira,G1024,17,1.0,1.0,1.0,1.0,1.0
standard,svd32_graph_embedding,5,13,Akira,G1024,17,1.0,1.0,1.0,1.0,1.0
standard,random_uniform,5,13,APT37,G0067,29,0.0,0.0,0.0,0.00909090909090909,110.0
standard,frequency_prior,5,13,APT37,G0067,29,0.0,0.0,0.0,0.01639344262295082,61.0
standard,overlap_cosine,5,13,APT37,G0067,29,0.0,1.0,1.0,0.5,2.0
standard,svd32_graph_embedding,5,13,APT37,G0067,29,1.0,1.0,1.0,1.0,1.0
standard,random_uniform,5,13,Moses Staff,G1009,12,0.0,0.0,0.0,0.010416666666666666,96.0
standard,frequency_prior,5,13,Moses Staff,G1009,12,0.0,0.0,0.0,0.008928571428571428,112.0
standard,overlap_cosine,5,13,Moses Staff,G1009,12,1.0,1.0,1.0,1.0,1.0
standard,svd32_graph_embedding,5,13,Moses Staff,G1009,12,1.0,1.0,1.0,1.0,1.0
standard,random_uniform,5,13,OilRig,G0049,76,0.0,0.0,0.0,0.01818181818181818,55.0
standard,frequency_prior,5,13,OilRig,G0049,76,0.0,0.0,1.0,0.1,10.0
standard,overlap_cosine,5,13,OilRig,G0049,76,0.0,1.0,1.0,0.2,5.0
standard,svd32_graph_embedding,5,13,OilRig,G0049,76,0.0,1.0,1.0,0.25,4.0
standard,random_uniform,5,13,Higaisa,G0126,28,0.0,0.0,0.0,0.02040816326530612,49.0
standard,frequency_prior,5,13,Higaisa,G0126,28,0.0,0.0,0.0,0.015625,64.0
standard,overlap_cosine,5,13,Higaisa,G0126,28,0.0,1.0,1.0,0.5,2.0
standard,svd32_graph_embedding,5,13,Higaisa,G0126,28,1.0,1.0,1.0,1.0,1.0
standard,random_uniform,5,13,Tropic Trooper,G0081,40,1.0,1.0,1.0,1.0,1.0
standard,frequency_prior,5,13,Tropic Trooper,G0081,40,0.0,0.0,0.0,0.023255813953488372,43.0
standard,overlap_cosine,5,13,Tropic Trooper,G0081,40,0.0,1.0,1.0,0.5,2.0
standard,svd32_graph_embedding,5,13,Tropic Trooper,G0081,40,0.0,1.0,1.0,0.5,2.0
standard,random_uniform,5,13,Sea Turtle,G1041,27,0.0,0.0,0.0,0.014925373134328358,67.0
standard,frequency_prior,5,13,Sea Turtle,G1041,27,0.0,0.0,0.0,0.014705882352941176,68.0
standard,overlap_cosine,5,13,Sea Turtle,G1041,27,1.0,1.0,1.0,1.0,1.0
standard,svd32_graph_embedding,5,13,Sea Turtle,G1041,27,1.0,1.0,1.0,1.0,1.0
standard,random_uniform,5,13,Aquatic Panda,G0143,35,0.0,0.0,0.0,0.019230769230769232,52.0
standard,frequency_prior,5,13,Aquatic Panda,G0143,35,0.0,0.0,0.0,0.02,50.0
standard,overlap_cosine,5,13,Aquatic Panda,G0143,35,1.0,1.0,1.0,1.0,1.0
standard,svd32_graph_embedding,5,13,Aquatic Panda,G0143,35,1.0,1.0,1.0,1.0,1.0
standard,random_uniform,5,13,Ke3chang,G0004,46,0.0,0.0,0.0,0.013333333333333334,75.0
standard,frequency_prior,5,13,Ke3chang,G0004,46,0.0,0.0,0.0,0.03125,32.0
standard,overlap_cosine,5,13,Ke3chang,G0004,46,0.0,1.0,1.0,0.5,2.0
standard,svd32_graph_embedding,5,13,Ke3chang,G0004,46,0.0,1.0,1.0,0.25,4.0
standard,random_uniform,5,13,Saint Bear,G1031,18,0.0,0.0,0.0,0.013333333333333334,75.0
standard,frequency_prior,5,13,Saint Bear,G1031,18,0.0,0.0,0.0,0.011494252873563218,87.0
standard,overlap_cosine,5,13,Saint Bear,G1031,18,1.0,1.0,1.0,1.0,1.0
standard,svd32_graph_embedding,5,13,Saint Bear,G1031,18,1.0,1.0,1.0,1.0,1.0
standard,random_uniform,5,13,APT1,G0006,23,0.0,1.0,1.0,0.2,5.0
standard,frequency_prior,5,13,APT1,G0006,23,0.0,0.0,0.0,0.013513513513513514,74.0
standard,overlap_cosine,5,13,APT1,G0006,23,1.0,1.0,1.0,1.0,1.0
standard,svd32_graph_embedding,5,13,APT1,G0006,23,0.0,1.0,1.0,0.25,4.0
standard,random_uniform,5,13,Confucius,G0142,19,0.0,0.0,0.0,0.013888888888888888,72.0
standard,frequency_prior,5,13,Confucius,G0142,19,0.0,0.0,0.0,0.011627906976744186,86.0
standard,overlap_cosine,5,13,Confucius,G0142,19,1.0,1.0,1.0,1.0,1.0
standard,svd32_graph_embedding,5,13,Confucius,G0142,19,0.0,1.0,1.0,0.25,4.0
standard,random_uniform,5,13,BlackTech,G0098,14,0.0,0.0,0.0,0.0196078431372549,51.0
standard,frequency_prior,5,13,BlackTech,G0098,14,0.0,0.0,0.0,0.009900990099009901,101.0
standard,overlap_cosine,5,13,BlackTech,G0098,14,1.0,1.0,1.0,1.0,1.0
standard,svd32_graph_embedding,5,13,BlackTech,G0098,14,1.0,1.0,1.0,1.0,1.0
standard,random_uniform,5,13,Leviathan,G0065,50,0.0,0.0,0.0,0.01020408163265306,98.0
standard,frequency_prior,5,13,Leviathan,G0065,50,0.0,0.0,0.0,0.03571428571428571,28.0
standard,overlap_cosine,5,13,Leviathan,G0065,50,0.0,1.0,1.0,0.25,4.0
standard,svd32_graph_embedding,5,13,Leviathan,G0065,50,0.0,0.0,1.0,0.14285714285714285,7.0
standard,random_uniform,5,13,Blue Mockingbird,G0108,22,0.0,0.0,0.0,0.0064516129032258064,155.0
standard,frequency_prior,5,13,Blue Mockingbird,G0108,22,0.0,0.0,0.0,0.013157894736842105,76.0
standard,overlap_cosine,5,13,Blue Mockingbird,G0108,22,1.0,1.0,1.0,1.0,1.0
standard,svd32_graph_embedding,5,13,Blue Mockingbird,G0108,22,1.0,1.0,1.0,1.0,1.0
standard,random_uniform,5,13,Winter Vivern,G1035,27,0.0,0.0,0.0,0.007042253521126761,142.0
standard,frequency_prior,5,13,Winter Vivern,G1035,27,0.0,0.0,0.0,0.014925373134328358,67.0
standard,overlap_cosine,5,13,Winter Vivern,G1035,27,1.0,1.0,1.0,1.0,1.0
standard,svd32_graph_embedding,5,13,Winter Vivern,G1035,27,1.0,1.0,1.0,1.0,1.0
standard,random_uniform,5,13,Turla,G0010,68,0.0,1.0,1.0,0.5,2.0
standard,frequency_prior,5,13,Turla,G0010,68,0.0,0.0,0.0,0.07692307692307693,13.0
standard,overlap_cosine,5,13,Turla,G0010,68,0.0,1.0,1.0,0.2,5.0
standard,svd32_graph_embedding,5,13,Turla,G0010,68,0.0,0.0,0.0,0.05,20.0
standard,random_uniform,5,13,Storm-0501,G1053,42,0.0,0.0,0.0,0.013888888888888888,72.0
standard,frequency_prior,5,13,Storm-0501,G1053,42,0.0,0.0,0.0,0.02564102564102564,39.0
standard,overlap_cosine,5,13,Storm-0501,G1053,42,1.0,1.0,1.0,1.0,1.0
standard,svd32_graph_embedding,5,13,Storm-0501,G1053,42,1.0,1.0,1.0,1.0,1.0
standard,random_uniform,5,13,TA505,G0092,34,0.0,0.0,0.0,0.006369426751592357,157.0
standard,frequency_prior,5,13,TA505,G0092,34,0.0,0.0,0.0,0.019230769230769232,52.0
standard,overlap_cosine,5,13,TA505,G0092,34,0.0,1.0,1.0,0.25,4.0
standard,svd32_graph_embedding,5,13,TA505,G0092,34,0.0,0.0,1.0,0.125,8.0
standard,random_uniform,5,13,BITTER,G1002,16,0.0,0.0,0.0,0.0136986301369863,73.0
standard,frequency_prior,5,13,BITTER,G1002,16,0.0,0.0,0.0,0.010416666666666666,96.0
standard,overlap_cosine,5,13,BITTER,G1002,16,1.0,1.0,1.0,1.0,1.0
standard,svd32_graph_embedding,5,13,BITTER,G1002,16,1.0,1.0,1.0,1.0,1.0
standard,random_uniform,5,13,DarkVishnya,G0105,10,0.0,0.0,0.0,0.041666666666666664,24.0
standard,frequency_prior,5,13,DarkVishnya,G0105,10,0.0,0.0,0.0,0.008264462809917356,121.0
standard,overlap_cosine,5,13,DarkVishnya,G0105,10,1.0,1.0,1.0,1.0,1.0
standard,svd32_graph_embedding,5,13,DarkVishnya,G0105,10,1.0,1.0,1.0,1.0,1.0
standard,random_uniform,5,13,RedCurl,G1039,41,0.0,0.0,0.0,0.008547008547008548,117.0
standard,frequency_prior,5,13,RedCurl,G1039,41,0.0,0.0,0.0,0.024390243902439025,41.0
standard,overlap_cosine,5,13,RedCurl,G1039,41,0.0,1.0,1.0,0.5,2.0
standard,svd32_graph_embedding,5,13,RedCurl,G1039,41,1.0,1.0,1.0,1.0,1.0
standard,random_uniform,5,13,FIN5,G0053,11,0.0,0.0,0.0,0.037037037037037035,27.0
standard,frequency_prior,5,13,FIN5,G0053,11,0.0,0.0,0.0,0.008695652173913044,115.0
standard,overlap_cosine,5,13,FIN5,G0053,11,1.0,1.0,1.0,1.0,1.0
standard,svd32_graph_embedding,5,13,FIN5,G0053,11,1.0,1.0,1.0,1.0,1.0
standard,random_uniform,5,13,Lotus Blossom,G0030,21,0.0,0.0,0.0,0.007692307692307693,130.0
standard,frequency_prior,5,13,Lotus Blossom,G0030,21,0.0,0.0,0.0,0.012658227848101266,79.0
standard,overlap_cosine,5,13,Lotus Blossom,G0030,21,1.0,1.0,1.0,1.0,1.0
standard,svd32_graph_embedding,5,13,Lotus Blossom,G0030,21,1.0,1.0,1.0,1.0,1.0
standard,random_uniform,5,13,Stealth Falcon,G0038,16,0.0,0.0,0.0,0.006493506493506494,154.0
standard,frequency_prior,5,13,Stealth Falcon,G0038,16,0.0,0.0,0.0,0.010752688172043012,93.0
standard,overlap_cosine,5,13,Stealth Falcon,G0038,16,1.0,1.0,1.0,1.0,1.0
standard,svd32_graph_embedding,5,13,Stealth Falcon,G0038,16,1.0,1.0,1.0,1.0,1.0
standard,random_uniform,5,13,APT29,G0016,66,0.0,0.0,0.0,0.022222222222222223,45.0
standard,frequency_prior,5,13,APT29,G0016,66,0.0,0.0,0.0,0.06666666666666667,15.0
standard,overlap_cosine,5,13,APT29,G0016,66,1.0,1.0,1.0,1.0,1.0
standard,svd32_graph_embedding,5,13,APT29,G0016,66,1.0,1.0,1.0,1.0,1.0
standard,random_uniform,5,13,Dark Caracal,G0070,12,0.0,0.0,0.0,0.01818181818181818,55.0
standard,frequency_prior,5,13,Dark Caracal,G0070,12,0.0,0.0,0.0,0.009174311926605505,109.0
standard,overlap_cosine,5,13,Dark Caracal,G0070,12,1.0,1.0,1.0,1.0,1.0
standard,svd32_graph_embedding,5,13,Dark Caracal,G0070,12,1.0,1.0,1.0,1.0,1.0
standard,random_uniform,5,13,Cinnamon Tempest,G1021,19,0.0,0.0,0.0,0.005988023952095809,167.0
standard,frequency_prior,5,13,Cinnamon Tempest,G1021,19,0.0,0.0,0.0,0.011904761904761904,84.0
standard,overlap_cosine,5,13,Cinnamon Tempest,G1021,19,1.0,1.0,1.0,1.0,1.0
standard,svd32_graph_embedding,5,13,Cinnamon Tempest,G1021,19,1.0,1.0,1.0,1.0,1.0
standard,random_uniform,5,13,Chimera,G0114,59,0.0,0.0,0.0,0.034482758620689655,29.0
standard,frequency_prior,5,13,Chimera,G0114,59,0.0,0.0,0.0,0.05263157894736842,19.0
standard,overlap_cosine,5,13,Chimera,G0114,59,0.0,1.0,1.0,0.25,4.0
standard,svd32_graph_embedding,5,13,Chimera,G0114,59,0.0,1.0,1.0,0.5,2.0
standard,random_uniform,5,13,MirrorFace,G1054,43,0.0,0.0,0.0,0.006578947368421052,152.0
standard,frequency_prior,5,13,MirrorFace,G1054,43,0.0,0.0,0.0,0.02631578947368421,38.0
standard,overlap_cosine,5,13,MirrorFace,G1054,43,1.0,1.0,1.0,1.0,1.0
standard,svd32_graph_embedding,5,13,MirrorFace,G1054,43,0.0,1.0,1.0,0.5,2.0
standard,random_uniform,5,13,Silent Librarian,G0122,13,0.0,0.0,0.0,0.008,125.0
standard,frequency_prior,5,13,Silent Librarian,G0122,13,0.0,0.0,0.0,0.009523809523809525,105.0
standard,overlap_cosine,5,13,Silent Librarian,G0122,13,1.0,1.0,1.0,1.0,1.0
standard,svd32_graph_embedding,5,13,Silent Librarian,G0122,13,1.0,1.0,1.0,1.0,1.0
standard,random_uniform,5,13,Medusa Group,G1051,57,0.0,0.0,0.0,0.006578947368421052,152.0
standard,frequency_prior,5,13,Medusa Group,G1051,57,0.0,0.0,0.0,0.047619047619047616,21.0
standard,overlap_cosine,5,13,Medusa Group,G1051,57,0.0,1.0,1.0,0.5,2.0
standard,svd32_graph_embedding,5,13,Medusa Group,G1051,57,0.0,1.0,1.0,0.5,2.0
standard,random_uniform,5,13,BRONZE BUTLER,G0060,40,0.0,0.0,0.0,0.05263157894736842,19.0
standard,frequency_prior,5,13,BRONZE BUTLER,G0060,40,0.0,0.0,0.0,0.022727272727272728,44.0
standard,overlap_cosine,5,13,BRONZE BUTLER,G0060,40,1.0,1.0,1.0,1.0,1.0
standard,svd32_graph_embedding,5,13,BRONZE BUTLER,G0060,40,0.0,1.0,1.0,0.25,4.0
standard,random_uniform,5,13,TA551,G0127,14,0.0,0.0,0.0,0.01639344262295082,61.0
standard,frequency_prior,5,13,TA551,G0127,14,0.0,0.0,0.0,0.01,100.0
standard,overlap_cosine,5,13,TA551,G0127,14,1.0,1.0,1.0,1.0,1.0
standard,svd32_graph_embedding,5,13,TA551,G0127,14,1.0,1.0,1.0,1.0,1.0
standard,random_uniform,5,13,BackdoorDiplomacy,G0135,15,0.0,0.0,0.0,0.010309278350515464,97.0
standard,frequency_prior,5,13,BackdoorDiplomacy,G0135,15,0.0,0.0,0.0,0.010101010101010102,99.0
standard,overlap_cosine,5,13,BackdoorDiplomacy,G0135,15,0.0,1.0,1.0,0.5,2.0
standard,svd32_graph_embedding,5,13,BackdoorDiplomacy,G0135,15,0.0,1.0,1.0,0.5,2.0
standard,random_uniform,5,13,Star Blizzard,G1033,20,0.0,0.0,0.0,0.008695652173913044,115.0
standard,frequency_prior,5,13,Star Blizzard,G1033,20,0.0,0.0,0.0,0.012195121951219513,82.0
standard,overlap_cosine,5,13,Star Blizzard,G1033,20,1.0,1.0,1.0,1.0,1.0
standard,svd32_graph_embedding,5,13,Star Blizzard,G1033,20,1.0,1.0,1.0,1.0,1.0
standard,random_uniform,5,13,Darkhotel,G0012,24,1.0,1.0,1.0,1.0,1.0
standard,frequency_prior,5,13,Darkhotel,G0012,24,0.0,0.0,0.0,0.0136986301369863,73.0
standard,overlap_cosine,5,13,Darkhotel,G0012,24,1.0,1.0,1.0,1.0,1.0
standard,svd32_graph_embedding,5,13,Darkhotel,G0012,24,0.0,0.0,1.0,0.14285714285714285,7.0
standard,random_uniform,5,13,Axiom,G0001,16,0.0,0.0,0.0,0.09090909090909091,11.0
standard,frequency_prior,5,13,Axiom,G0001,16,0.0,0.0,0.0,0.010638297872340425,94.0
standard,overlap_cosine,5,13,Axiom,G0001,16,1.0,1.0,1.0,1.0,1.0
standard,svd32_graph_embedding,5,13,Axiom,G0001,16,1.0,1.0,1.0,1.0,1.0
standard,random_uniform,5,13,Deep Panda,G0009,10,0.0,0.0,0.0,0.014925373134328358,67.0
standard,frequency_prior,5,13,Deep Panda,G0009,10,0.0,0.0,0.0,0.008333333333333333,120.0
standard,overlap_cosine,5,13,Deep Panda,G0009,10,1.0,1.0,1.0,1.0,1.0
standard,svd32_graph_embedding,5,13,Deep Panda,G0009,10,1.0,1.0,1.0,1.0,1.0
standard,random_uniform,5,13,Ember Bear,G1003,47,0.0,0.0,0.0,0.011904761904761904,84.0
standard,frequency_prior,5,13,Ember Bear,G1003,47,0.0,0.0,0.0,0.03225806451612903,31.0
standard,overlap_cosine,5,13,Ember Bear,G1003,47,1.0,1.0,1.0,1.0,1.0
standard,svd32_graph_embedding,5,13,Ember Bear,G1003,47,1.0,1.0,1.0,1.0,1.0
standard,random_uniform,5,13,LazyScripter,G0140,20,0.0,0.0,0.0,0.009259259259259259,108.0
standard,frequency_prior,5,13,LazyScripter,G0140,20,0.0,0.0,0.0,0.012345679012345678,81.0
standard,overlap_cosine,5,13,LazyScripter,G0140,20,1.0,1.0,1.0,1.0,1.0
standard,svd32_graph_embedding,5,13,LazyScripter,G0140,20,0.0,1.0,1.0,0.3333333333333333,3.0
standard,random_uniform,5,13,Windshift,G0112,19,0.0,0.0,0.0,0.008130081300813009,123.0
standard,frequency_prior,5,13,Windshift,G0112,19,0.0,0.0,0.0,0.011764705882352941,85.0
standard,overlap_cosine,5,13,Windshift,G0112,19,1.0,1.0,1.0,1.0,1.0
standard,svd32_graph_embedding,5,13,Windshift,G0112,19,1.0,1.0,1.0,1.0,1.0
standard,random_uniform,5,13,ToddyCat,G1022,25,0.0,0.0,0.0,0.008130081300813009,123.0
standard,frequency_prior,5,13,ToddyCat,G1022,25,0.0,0.0,0.0,0.013888888888888888,72.0
standard,overlap_cosine,5,13,ToddyCat,G1022,25,1.0,1.0,1.0,1.0,1.0
standard,svd32_graph_embedding,5,13,ToddyCat,G1022,25,1.0,1.0,1.0,1.0,1.0
standard,random_uniform,5,13,LuminousMoth,G1014,28,0.0,0.0,0.0,0.010101010101010102,99.0
standard,frequency_prior,5,13,LuminousMoth,G1014,28,0.0,0.0,0.0,0.015384615384615385,65.0
standard,overlap_cosine,5,13,LuminousMoth,G1014,28,1.0,1.0,1.0,1.0,1.0
standard,svd32_graph_embedding,5,13,LuminousMoth,G1014,28,1.0,1.0,1.0,1.0,1.0
standard,random_uniform,5,13,Agrius,G1030,22,0.0,0.0,0.0,0.013513513513513514,74.0
standard,frequency_prior,5,13,Agrius,G1030,22,0.0,0.0,0.0,0.013333333333333334,75.0
standard,overlap_cosine,5,13,Agrius,G1030,22,1.0,1.0,1.0,1.0,1.0
standard,svd32_graph_embedding,5,13,Agrius,G1030,22,0.0,1.0,1.0,0.5,2.0
standard,random_uniform,5,13,APT28,G0007,93,0.0,0.0,0.0,0.006535947712418301,153.0
standard,frequency_prior,5,13,APT28,G0007,93,0.0,1.0,1.0,0.5,2.0
standard,overlap_cosine,5,13,APT28,G0007,93,0.0,0.0,1.0,0.125,8.0
standard,svd32_graph_embedding,5,13,APT28,G0007,93,0.0,1.0,1.0,0.25,4.0
standard,random_uniform,5,13,Malteiro,G1026,12,0.0,0.0,0.0,0.02564102564102564,39.0
standard,frequency_prior,5,13,Malteiro,G1026,12,0.0,0.0,0.0,0.008849557522123894,113.0
standard,overlap_cosine,5,13,Malteiro,G1026,12,1.0,1.0,1.0,1.0,1.0
standard,svd32_graph_embedding,5,13,Malteiro,G1026,12,1.0,1.0,1.0,1.0,1.0
standard,random_uniform,5,13,APT42,G1044,32,0.0,0.0,0.0,0.01818181818181818,55.0
standard,frequency_prior,5,13,APT42,G1044,32,0.0,0.0,0.0,0.018518518518518517,54.0
standard,overlap_cosine,5,13,APT42,G1044,32,1.0,1.0,1.0,1.0,1.0
standard,svd32_graph_embedding,5,13,APT42,G1044,32,0.0,1.0,1.0,0.3333333333333333,3.0
standard,random_uniform,5,13,APT5,G1023,29,0.0,0.0,0.0,0.015625,64.0
standard,frequency_prior,5,13,APT5,G1023,29,0.0,0.0,0.0,0.016129032258064516,62.0
standard,overlap_cosine,5,13,APT5,G1023,29,1.0,1.0,1.0,1.0,1.0
standard,svd32_graph_embedding,5,13,APT5,G1023,29,1.0,1.0,1.0,1.0,1.0
standard,random_uniform,5,13,Fox Kitten,G0117,41,0.0,0.0,0.0,0.007352941176470588,136.0
standard,frequency_prior,5,13,Fox Kitten,G0117,41,0.0,0.0,0.0,0.023809523809523808,42.0
standard,overlap_cosine,5,13,Fox Kitten,G0117,41,1.0,1.0,1.0,1.0,1.0
standard,svd32_graph_embedding,5,13,Fox Kitten,G0117,41,0.0,1.0,1.0,0.3333333333333333,3.0
standard,random_uniform,5,13,APT-C-36,G0099,38,0.0,0.0,0.0,0.011494252873563218,87.0
standard,frequency_prior,5,13,APT-C-36,G0099,38,0.0,0.0,0.0,0.021739130434782608,46.0
standard,overlap_cosine,5,13,APT-C-36,G0099,38,0.0,1.0,1.0,0.3333333333333333,3.0
standard,svd32_graph_embedding,5,13,APT-C-36,G0099,38,0.0,1.0,1.0,0.25,4.0
standard,random_uniform,5,13,Tonto Team,G0131,15,0.0,0.0,1.0,0.1,10.0
standard,frequency_prior,5,13,Tonto Team,G0131,15,0.0,0.0,0.0,0.010309278350515464,97.0
standard,overlap_cosine,5,13,Tonto Team,G0131,15,1.0,1.0,1.0,1.0,1.0
standard,svd32_graph_embedding,5,13,Tonto Team,G0131,15,1.0,1.0,1.0,1.0,1.0
standard,random_uniform,5,13,Lazarus Group,G0032,93,0.0,0.0,0.0,0.006060606060606061,165.0
standard,frequency_prior,5,13,Lazarus Group,G0032,93,0.0,1.0,1.0,0.3333333333333333,3.0
standard,overlap_cosine,5,13,Lazarus Group,G0032,93,1.0,1.0,1.0,1.0,1.0
standard,svd32_graph_embedding,5,13,Lazarus Group,G0032,93,1.0,1.0,1.0,1.0,1.0
standard,random_uniform,5,13,INC Ransom,G1032,25,0.0,1.0,1.0,0.5,2.0
standard,frequency_prior,5,13,INC Ransom,G1032,25,0.0,0.0,0.0,0.014084507042253521,71.0
standard,overlap_cosine,5,13,INC Ransom,G1032,25,1.0,1.0,1.0,1.0,1.0
standard,svd32_graph_embedding,5,13,INC Ransom,G1032,25,1.0,1.0,1.0,1.0,1.0
standard,random_uniform,5,13,Earth Lusca,G1006,44,0.0,0.0,0.0,0.007874015748031496,127.0
standard,frequency_prior,5,13,Earth Lusca,G1006,44,0.0,0.0,0.0,0.029411764705882353,34.0
standard,overlap_cosine,5,13,Earth Lusca,G1006,44,1.0,1.0,1.0,1.0,1.0
standard,svd32_graph_embedding,5,13,Earth Lusca,G1006,44,1.0,1.0,1.0,1.0,1.0
standard,random_uniform,5,13,FIN4,G0085,12,0.0,0.0,0.0,0.007142857142857143,140.0
standard,frequency_prior,5,13,FIN4,G0085,12,0.0,0.0,0.0,0.009009009009009009,111.0
standard,overlap_cosine,5,13,FIN4,G0085,12,1.0,1.0,1.0,1.0,1.0
standard,svd32_graph_embedding,5,13,FIN4,G0085,12,1.0,1.0,1.0,1.0,1.0
standard,random_uniform,5,13,Silence,G0091,28,0.0,0.0,0.0,0.00684931506849315,146.0
standard,frequency_prior,5,13,Silence,G0091,28,0.0,0.0,0.0,0.015151515151515152,66.0
standard,overlap_cosine,5,13,Silence,G0091,28,1.0,1.0,1.0,1.0,1.0
standard,svd32_graph_embedding,5,13,Silence,G0091,28,0.0,1.0,1.0,0.25,4.0
standard,random_uniform,5,13,LAPSUS$,G1004,43,0.0,0.0,0.0,0.012345679012345678,81.0
standard,frequency_prior,5,13,LAPSUS$,G1004,43,0.0,0.0,0.0,0.02702702702702703,37.0
standard,overlap_cosine,5,13,LAPSUS$,G1004,43,1.0,1.0,1.0,1.0,1.0
standard,svd32_graph_embedding,5,13,LAPSUS$,G1004,43,1.0,1.0,1.0,1.0,1.0
standard,random_uniform,5,13,Cobalt Group,G0080,34,0.0,0.0,0.0,0.005847953216374269,171.0
standard,frequency_prior,5,13,Cobalt Group,G0080,34,0.0,0.0,0.0,0.0196078431372549,51.0
standard,overlap_cosine,5,13,Cobalt Group,G0080,34,0.0,1.0,1.0,0.5,2.0
standard,svd32_graph_embedding,5,13,Cobalt Group,G0080,34,0.0,1.0,1.0,0.3333333333333333,3.0
standard,random_uniform,5,13,Wizard Spider,G0102,64,0.0,0.0,0.0,0.017241379310344827,58.0
standard,frequency_prior,5,13,Wizard Spider,G0102,64,0.0,0.0,0.0,0.058823529411764705,17.0
standard,overlap_cosine,5,13,Wizard Spider,G0102,64,0.0,1.0,1.0,0.5,2.0
standard,svd32_graph_embedding,5,13,Wizard Spider,G0102,64,0.0,0.0,1.0,0.16666666666666666,6.0
standard,random_uniform,5,13,Molerats,G0021,16,0.0,0.0,0.0,0.02127659574468085,47.0
standard,frequency_prior,5,13,Molerats,G0021,16,0.0,0.0,0.0,0.010869565217391304,92.0
standard,overlap_cosine,5,13,Molerats,G0021,16,1.0,1.0,1.0,1.0,1.0
standard,svd32_graph_embedding,5,13,Molerats,G0021,16,1.0,1.0,1.0,1.0,1.0
standard,random_uniform,5,13,Velvet Ant,G1047,22,0.0,0.0,0.0,0.006802721088435374,147.0
standard,frequency_prior,5,13,Velvet Ant,G1047,22,0.0,0.0,0.0,0.012987012987012988,77.0
standard,overlap_cosine,5,13,Velvet Ant,G1047,22,1.0,1.0,1.0,1.0,1.0
standard,svd32_graph_embedding,5,13,Velvet Ant,G1047,22,1.0,1.0,1.0,1.0,1.0
standard,random_uniform,5,13,Transparent Tribe,G0134,14,0.0,0.0,0.0,0.023255813953488372,43.0
standard,frequency_prior,5,13,Transparent Tribe,G0134,14,0.0,0.0,0.0,0.009615384615384616,104.0
standard,overlap_cosine,5,13,Transparent Tribe,G0134,14,1.0,1.0,1.0,1.0,1.0
standard,svd32_graph_embedding,5,13,Transparent Tribe,G0134,14,0.0,1.0,1.0,0.25,4.0
standard,random_uniform,5,13,Moonstone Sleet,G1036,30,0.0,0.0,0.0,0.010638297872340425,94.0
standard,frequency_prior,5,13,Moonstone Sleet,G1036,30,0.0,0.0,0.0,0.01694915254237288,59.0
standard,overlap_cosine,5,13,Moonstone Sleet,G1036,30,0.0,1.0,1.0,0.5,2.0
standard,svd32_graph_embedding,5,13,Moonstone Sleet,G1036,30,1.0,1.0,1.0,1.0,1.0
standard,random_uniform,5,13,Inception,G0100,22,0.0,0.0,0.0,0.008620689655172414,116.0
standard,frequency_prior,5,13,Inception,G0100,22,0.0,0.0,0.0,0.01282051282051282,78.0
standard,overlap_cosine,5,13,Inception,G0100,22,1.0,1.0,1.0,1.0,1.0
standard,svd32_graph_embedding,5,13,Inception,G0100,22,0.0,1.0,1.0,0.3333333333333333,3.0
standard,random_uniform,5,13,VOID MANTICORE,G1055,63,0.0,0.0,0.0,0.008,125.0
standard,frequency_prior,5,13,VOID MANTICORE,G1055,63,0.0,0.0,0.0,0.05555555555555555,18.0
standard,overlap_cosine,5,13,VOID MANTICORE,G1055,63,0.0,1.0,1.0,0.5,2.0
standard,svd32_graph_embedding,5,13,VOID MANTICORE,G1055,63,1.0,1.0,1.0,1.0,1.0
standard,random_uniform,5,13,Play,G1040,26,0.0,1.0,1.0,0.2,5.0
standard,frequency_prior,5,13,Play,G1040,26,0.0,0.0,0.0,0.014492753623188406,69.0
standard,overlap_cosine,5,13,Play,G1040,26,1.0,1.0,1.0,1.0,1.0
standard,svd32_graph_embedding,5,13,Play,G1040,26,1.0,1.0,1.0,1.0,1.0
standard,random_uniform,5,13,PROMETHIUM,G0056,11,0.0,0.0,0.0,0.012195121951219513,82.0
standard,frequency_prior,5,13,PROMETHIUM,G0056,11,0.0,0.0,0.0,0.00847457627118644,118.0
standard,overlap_cosine,5,13,PROMETHIUM,G0056,11,1.0,1.0,1.0,1.0,1.0
standard,svd32_graph_embedding,5,13,PROMETHIUM,G0056,11,1.0,1.0,1.0,1.0,1.0
standard,random_uniform,5,13,HEXANE,G1001,36,0.0,1.0,1.0,0.2,5.0
standard,frequency_prior,5,13,HEXANE,G1001,36,0.0,0.0,0.0,0.02040816326530612,49.0
standard,overlap_cosine,5,13,HEXANE,G1001,36,1.0,1.0,1.0,1.0,1.0
standard,svd32_graph_embedding,5,13,HEXANE,G1001,36,1.0,1.0,1.0,1.0,1.0
standard,random_uniform,5,13,Daggerfly,G1034,17,0.0,1.0,1.0,0.25,4.0
standard,frequency_prior,5,13,Daggerfly,G1034,17,0.0,0.0,0.0,0.011235955056179775,89.0
standard,overlap_cosine,5,13,Daggerfly,G1034,17,1.0,1.0,1.0,1.0,1.0
standard,svd32_graph_embedding,5,13,Daggerfly,G1034,17,1.0,1.0,1.0,1.0,1.0
standard,random_uniform,5,13,WIRTE,G0090,26,0.0,0.0,0.0,0.006802721088435374,147.0
standard,frequency_prior,5,13,WIRTE,G0090,26,0.0,0.0,0.0,0.014285714285714285,70.0
standard,overlap_cosine,5,13,WIRTE,G0090,26,1.0,1.0,1.0,1.0,1.0
standard,svd32_graph_embedding,5,13,WIRTE,G0090,26,0.0,1.0,1.0,0.3333333333333333,3.0
standard,random_uniform,5,13,PLATINUM,G0068,11,0.0,0.0,0.0,0.005917159763313609,169.0
standard,frequency_prior,5,13,PLATINUM,G0068,11,0.0,0.0,0.0,0.008547008547008548,117.0
standard,overlap_cosine,5,13,PLATINUM,G0068,11,1.0,1.0,1.0,1.0,1.0
standard,svd32_graph_embedding,5,13,PLATINUM,G0068,11,1.0,1.0,1.0,1.0,1.0
standard,random_uniform,5,13,Magic Hound,G0059,78,0.0,0.0,0.0,0.008928571428571428,112.0
standard,frequency_prior,5,13,Magic Hound,G0059,78,0.0,0.0,1.0,0.1111111111111111,9.0
standard,overlap_cosine,5,13,Magic Hound,G0059,78,1.0,1.0,1.0,1.0,1.0
standard,svd32_graph_embedding,5,13,Magic Hound,G0059,78,1.0,1.0,1.0,1.0,1.0
standard,random_uniform,5,13,Threat Group-3390,G0027,57,0.0,0.0,0.0,0.0070921985815602835,141.0
standard,frequency_prior,5,13,Threat Group-3390,G0027,57,0.0,0.0,0.0,0.05,20.0
standard,overlap_cosine,5,13,Threat Group-3390,G0027,57,0.0,1.0,1.0,0.5,2.0
standard,svd32_graph_embedding,5,13,Threat Group-3390,G0027,57,0.0,1.0,1.0,0.3333333333333333,3.0
standard,random_uniform,5,13,APT33,G0064,31,0.0,0.0,0.0,0.0125,80.0
standard,frequency_prior,5,13,APT33,G0064,31,0.0,0.0,0.0,0.017857142857142856,56.0
standard,overlap_cosine,5,13,APT33,G0064,31,1.0,1.0,1.0,1.0,1.0
standard,svd32_graph_embedding,5,13,APT33,G0064,31,1.0,1.0,1.0,1.0,1.0
standard,random_uniform,5,13,FIN10,G0051,11,0.0,0.0,0.0,0.006944444444444444,144.0
standard,frequency_prior,5,13,FIN10,G0051,11,0.0,0.0,0.0,0.008620689655172414,116.0
standard,overlap_cosine,5,13,FIN10,G0051,11,1.0,1.0,1.0,1.0,1.0
standard,svd32_graph_embedding,5,13,FIN10,G0051,11,1.0,1.0,1.0,1.0,1.0
standard,random_uniform,5,13,FIN8,G0061,36,0.0,0.0,0.0,0.018518518518518517,54.0
standard,frequency_prior,5,13,FIN8,G0061,36,0.0,0.0,0.0,0.02127659574468085,47.0
standard,overlap_cosine,5,13,FIN8,G0061,36,1.0,1.0,1.0,1.0,1.0
standard,svd32_graph_embedding,5,13,FIN8,G0061,36,0.0,1.0,1.0,0.2,5.0
standard,random_uniform,5,13,FIN13,G1016,53,0.0,0.0,0.0,0.058823529411764705,17.0
standard,frequency_prior,5,13,FIN13,G1016,53,0.0,0.0,0.0,0.037037037037037035,27.0
standard,overlap_cosine,5,13,FIN13,G1016,53,1.0,1.0,1.0,1.0,1.0
standard,svd32_graph_embedding,5,13,FIN13,G1016,53,1.0,1.0,1.0,1.0,1.0
standard,random_uniform,5,13,APT19,G0073,21,0.0,0.0,0.0,0.005847953216374269,171.0
standard,frequency_prior,5,13,APT19,G0073,21,0.0,0.0,0.0,0.0125,80.0
standard,overlap_cosine,5,13,APT19,G0073,21,1.0,1.0,1.0,1.0,1.0
standard,svd32_graph_embedding,5,13,APT19,G0073,21,0.0,1.0,1.0,0.5,2.0
standard,random_uniform,5,42,APT38,G0082,56,0.0,0.0,1.0,0.14285714285714285,7.0
standard,frequency_prior,5,42,APT38,G0082,56,0.0,0.0,0.0,0.041666666666666664,24.0
standard,overlap_cosine,5,42,APT38,G0082,56,1.0,1.0,1.0,1.0,1.0
standard,svd32_graph_embedding,5,42,APT38,G0082,56,1.0,1.0,1.0,1.0,1.0
standard,random_uniform,5,42,Indrik Spider,G0119,33,0.0,0.0,0.0,0.017543859649122806,57.0
standard,frequency_prior,5,42,Indrik Spider,G0119,33,0.0,0.0,0.0,0.018867924528301886,53.0
standard,overlap_cosine,5,42,Indrik Spider,G0119,33,1.0,1.0,1.0,1.0,1.0
standard,svd32_graph_embedding,5,42,Indrik Spider,G0119,33,0.0,1.0,1.0,0.5,2.0
standard,random_uniform,5,42,BlackByte,G1043,48,0.0,0.0,0.0,0.023255813953488372,43.0
standard,frequency_prior,5,42,BlackByte,G1043,48,0.0,0.0,0.0,0.03333333333333333,30.0
standard,overlap_cosine,5,42,BlackByte,G1043,48,1.0,1.0,1.0,1.0,1.0
standard,svd32_graph_embedding,5,42,BlackByte,G1043,48,1.0,1.0,1.0,1.0,1.0
standard,random_uniform,5,42,SideCopy,G1008,16,0.0,0.0,0.0,0.02040816326530612,49.0
standard,frequency_prior,5,42,SideCopy,G1008,16,0.0,0.0,0.0,0.01098901098901099,91.0
standard,overlap_cosine,5,42,SideCopy,G1008,16,1.0,1.0,1.0,1.0,1.0
standard,svd32_graph_embedding,5,42,SideCopy,G1008,16,1.0,1.0,1.0,1.0,1.0
standard,random_uniform,5,42,GALLIUM,G0093,31,0.0,0.0,0.0,0.007142857142857143,140.0
standard,frequency_prior,5,42,GALLIUM,G0093,31,0.0,0.0,0.0,0.017543859649122806,57.0
standard,overlap_cosine,5,42,GALLIUM,G0093,31,1.0,1.0,1.0,1.0,1.0
standard,svd32_graph_embedding,5,42,GALLIUM,G0093,31,0.0,1.0,1.0,0.3333333333333333,3.0
standard,random_uniform,5,42,APT3,G0022,44,0.0,0.0,0.0,0.023255813953488372,43.0
standard,frequency_prior,5,42,APT3,G0022,44,0.0,0.0,0.0,0.02857142857142857,35.0
standard,overlap_cosine,5,42,APT3,G0022,44,1.0,1.0,1.0,1.0,1.0
standard,svd32_graph_embedding,5,42,APT3,G0022,44,1.0,1.0,1.0,1.0,1.0
standard,random_uniform,5,42,Mustard Tempest,G1020,12,0.0,0.0,0.0,0.006493506493506494,154.0
standard,frequency_prior,5,42,Mustard Tempest,G1020,12,0.0,0.0,0.0,0.009433962264150943,106.0
standard,overlap_cosine,5,42,Mustard Tempest,G1020,12,1.0,1.0,1.0,1.0,1.0
standard,svd32_graph_embedding,5,42,Mustard Tempest,G1020,12,1.0,1.0,1.0,1.0,1.0
standard,random_uniform,5,42,Kimsuky,G0094,130,0.0,0.0,0.0,0.009615384615384616,104.0
standard,frequency_prior,5,42,Kimsuky,G0094,130,1.0,1.0,1.0,1.0,1.0
standard,overlap_cosine,5,42,Kimsuky,G0094,130,0.0,0.0,1.0,0.16666666666666666,6.0
standard,svd32_graph_embedding,5,42,Kimsuky,G0094,130,0.0,1.0,1.0,0.25,4.0
standard,random_uniform,5,42,EXOTIC LILY,G1011,15,0.0,0.0,0.0,0.0070921985815602835,141.0
standard,frequency_prior,5,42,EXOTIC LILY,G1011,15,0.0,0.0,0.0,0.01020408163265306,98.0
standard,overlap_cosine,5,42,EXOTIC LILY,G1011,15,1.0,1.0,1.0,1.0,1.0
standard,svd32_graph_embedding,5,42,EXOTIC LILY,G1011,15,1.0,1.0,1.0,1.0,1.0
standard,random_uniform,5,42,admin@338,G0018,12,0.0,0.0,0.0,0.011904761904761904,84.0
standard,frequency_prior,5,42,admin@338,G0018,12,0.0,0.0,0.0,0.00909090909090909,110.0
standard,overlap_cosine,5,42,admin@338,G0018,12,1.0,1.0,1.0,1.0,1.0
standard,svd32_graph_embedding,5,42,admin@338,G0018,12,1.0,1.0,1.0,1.0,1.0
standard,random_uniform,5,42,Volt Typhoon,G1017,81,0.0,0.0,0.0,0.007462686567164179,134.0
standard,frequency_prior,5,42,Volt Typhoon,G1017,81,0.0,0.0,1.0,0.16666666666666666,6.0
standard,overlap_cosine,5,42,Volt Typhoon,G1017,81,1.0,1.0,1.0,1.0,1.0
standard,svd32_graph_embedding,5,42,Volt Typhoon,G1017,81,1.0,1.0,1.0,1.0,1.0
standard,random_uniform,5,42,Patchwork,G0040,41,0.0,0.0,0.0,0.03125,32.0
standard,frequency_prior,5,42,Patchwork,G0040,41,0.0,0.0,0.0,0.025,40.0
standard,overlap_cosine,5,42,Patchwork,G0040,41,1.0,1.0,1.0,1.0,1.0
standard,svd32_graph_embedding,5,42,Patchwork,G0040,41,0.0,1.0,1.0,0.2,5.0
standard,random_uniform,5,42,APT41,G0096,82,0.0,0.0,0.0,0.010752688172043012,93.0
standard,frequency_prior,5,42,APT41,G0096,82,0.0,1.0,1.0,0.2,5.0
standard,overlap_cosine,5,42,APT41,G0096,82,0.0,1.0,1.0,0.5,2.0
standard,svd32_graph_embedding,5,42,APT41,G0096,82,1.0,1.0,1.0,1.0,1.0
standard,random_uniform,5,42,Salt Typhoon,G1045,14,0.0,0.0,0.0,0.008,125.0
standard,frequency_prior,5,42,Salt Typhoon,G1045,14,0.0,0.0,0.0,0.00980392156862745,102.0
standard,overlap_cosine,5,42,Salt Typhoon,G1045,14,1.0,1.0,1.0,1.0,1.0
standard,svd32_graph_embedding,5,42,Salt Typhoon,G1045,14,1.0,1.0,1.0,1.0,1.0
standard,random_uniform,5,42,Dragonfly,G0035,56,0.0,0.0,0.0,0.008547008547008548,117.0
standard,frequency_prior,5,42,Dragonfly,G0035,56,0.0,0.0,0.0,0.045454545454545456,22.0
standard,overlap_cosine,5,42,Dragonfly,G0035,56,1.0,1.0,1.0,1.0,1.0
standard,svd32_graph_embedding,5,42,Dragonfly,G0035,56,0.0,1.0,1.0,0.5,2.0
standard,random_uniform,5,42,Evilnum,G0120,11,0.0,0.0,0.0,0.011235955056179775,89.0
standard,frequency_prior,5,42,Evilnum,G0120,11,0.0,0.0,0.0,0.008403361344537815,119.0
standard,overlap_cosine,5,42,Evilnum,G0120,11,1.0,1.0,1.0,1.0,1.0
standard,svd32_graph_embedding,5,42,Evilnum,G0120,11,1.0,1.0,1.0,1.0,1.0
standard,random_uniform,5,42,Gorgon Group,G0078,16,0.0,0.0,0.0,0.019230769230769232,52.0
standard,frequency_prior,5,42,Gorgon Group,G0078,16,0.0,0.0,0.0,0.010526315789473684,95.0
standard,overlap_cosine,5,42,Gorgon Group,G0078,16,1.0,1.0,1.0,1.0,1.0
standard,svd32_graph_embedding,5,42,Gorgon Group,G0078,16,1.0,1.0,1.0,1.0,1.0
standard,random_uniform,5,42,menuPass,G0045,46,0.0,0.0,0.0,0.0196078431372549,51.0
standard,frequency_prior,5,42,menuPass,G0045,46,0.0,0.0,0.0,0.030303030303030304,33.0
standard,overlap_cosine,5,42,menuPass,G0045,46,0.0,1.0,1.0,0.2,5.0
standard,svd32_graph_embedding,5,42,menuPass,G0045,46,0.0,0.0,0.0,0.07142857142857142,14.0
standard,random_uniform,5,42,APT32,G0050,78,0.0,0.0,0.0,0.010309278350515464,97.0
standard,frequency_prior,5,42,APT32,G0050,78,0.0,0.0,1.0,0.125,8.0
standard,overlap_cosine,5,42,APT32,G0050,78,1.0,1.0,1.0,1.0,1.0
standard,svd32_graph_embedding,5,42,APT32,G0050,78,1.0,1.0,1.0,1.0,1.0
standard,random_uniform,5,42,HAFNIUM,G0125,44,0.0,0.0,0.0,0.0072992700729927005,137.0
standard,frequency_prior,5,42,HAFNIUM,G0125,44,0.0,0.0,0.0,0.027777777777777776,36.0
standard,overlap_cosine,5,42,HAFNIUM,G0125,44,1.0,1.0,1.0,1.0,1.0
standard,svd32_graph_embedding,5,42,HAFNIUM,G0125,44,1.0,1.0,1.0,1.0,1.0
standard,random_uniform,5,42,MuddyWater,G0069,68,0.0,0.0,0.0,0.005813953488372093,172.0
standard,frequency_prior,5,42,MuddyWater,G0069,68,0.0,0.0,0.0,0.08333333333333333,12.0
standard,overlap_cosine,5,42,MuddyWater,G0069,68,1.0,1.0,1.0,1.0,1.0
standard,svd32_graph_embedding,5,42,MuddyWater,G0069,68,1.0,1.0,1.0,1.0,1.0
standard,random_uniform,5,42,Naikon,G0019,14,0.0,0.0,0.0,0.008849557522123894,113.0
standard,frequency_prior,5,42,Naikon,G0019,14,0.0,0.0,0.0,0.009708737864077669,103.0
standard,overlap_cosine,5,42,Naikon,G0019,14,1.0,1.0,1.0,1.0,1.0
standard,svd32_graph_embedding,5,42,Naikon,G0019,14,1.0,1.0,1.0,1.0,1.0
standard,random_uniform,5,42,FIN6,G0037,40,0.0,0.0,0.0,0.009345794392523364,107.0
standard,frequency_prior,5,42,FIN6,G0037,40,0.0,0.0,0.0,0.022222222222222223,45.0
standard,overlap_cosine,5,42,FIN6,G0037,40,1.0,1.0,1.0,1.0,1.0
standard,svd32_graph_embedding,5,42,FIN6,G0037,40,0.0,1.0,1.0,0.5,2.0
standard,random_uniform,5,42,Gamaredon Group,G0047,70,0.0,0.0,0.0,0.006060606060606061,165.0
standard,frequency_prior,5,42,Gamaredon Group,G0047,70,0.0,0.0,0.0,0.09090909090909091,11.0
standard,overlap_cosine,5,42,Gamaredon Group,G0047,70,0.0,1.0,1.0,0.5,2.0
standard,svd32_graph_embedding,5,42,Gamaredon Group,G0047,70,1.0,1.0,1.0,1.0,1.0
standard,random_uniform,5,42,Storm-1811,G1046,31,0.0,0.0,0.0,0.008064516129032258,124.0
standard,frequency_prior,5,42,Storm-1811,G1046,31,0.0,0.0,0.0,0.01818181818181818,55.0
standard,overlap_cosine,5,42,Storm-1811,G1046,31,1.0,1.0,1.0,1.0,1.0
standard,svd32_graph_embedding,5,42,Storm-1811,G1046,31,0.0,1.0,1.0,0.3333333333333333,3.0
standard,random_uniform,5,42,Leafminer,G0077,17,0.0,0.0,0.0,0.006944444444444444,144.0
standard,frequency_prior,5,42,Leafminer,G0077,17,0.0,0.0,0.0,0.011111111111111112,90.0
standard,overlap_cosine,5,42,Leafminer,G0077,17,1.0,1.0,1.0,1.0,1.0
standard,svd32_graph_embedding,5,42,Leafminer,G0077,17,1.0,1.0,1.0,1.0,1.0
standard,random_uniform,5,42,TeamTNT,G0139,56,0.0,0.0,0.0,0.008,125.0
standard,frequency_prior,5,42,TeamTNT,G0139,56,0.0,0.0,0.0,0.043478260869565216,23.0
standard,overlap_cosine,5,42,TeamTNT,G0139,56,0.0,1.0,1.0,0.3333333333333333,3.0
standard,svd32_graph_embedding,5,42,TeamTNT,G0139,56,0.0,1.0,1.0,0.3333333333333333,3.0
standard,random_uniform,5,42,FIN7,G0046,67,0.0,0.0,0.0,0.014285714285714285,70.0
standard,frequency_prior,5,42,FIN7,G0046,67,0.0,0.0,0.0,0.07142857142857142,14.0
standard,overlap_cosine,5,42,FIN7,G0046,67,0.0,1.0,1.0,0.5,2.0
standard,svd32_graph_embedding,5,42,FIN7,G0046,67,1.0,1.0,1.0,1.0,1.0
standard,random_uniform,5,42,Sandworm Team,G0034,79,0.0,0.0,0.0,0.017241379310344827,58.0
standard,frequency_prior,5,42,Sandworm Team,G0034,79,0.0,0.0,1.0,0.14285714285714285,7.0
standard,overlap_cosine,5,42,Sandworm Team,G0034,79,0.0,1.0,1.0,0.3333333333333333,3.0
standard,svd32_graph_embedding,5,42,Sandworm Team,G0034,79,1.0,1.0,1.0,1.0,1.0
standard,random_uniform,5,42,Machete,G0095,11,0.0,0.0,0.0,0.011111111111111112,90.0
standard,frequency_prior,5,42,Machete,G0095,11,0.0,0.0,0.0,0.008771929824561403,114.0
standard,overlap_cosine,5,42,Machete,G0095,11,1.0,1.0,1.0,1.0,1.0
standard,svd32_graph_embedding,5,42,Machete,G0095,11,1.0,1.0,1.0,1.0,1.0
standard,random_uniform,5,42,APT18,G0026,12,0.0,0.0,0.0,0.008333333333333333,120.0
standard,frequency_prior,5,42,APT18,G0026,12,0.0,0.0,0.0,0.009345794392523364,107.0
standard,overlap_cosine,5,42,APT18,G0026,12,1.0,1.0,1.0,1.0,1.0
standard,svd32_graph_embedding,5,42,APT18,G0026,12,1.0,1.0,1.0,1.0,1.0
standard,random_uniform,5,42,Andariel,G0138,12,0.0,0.0,0.0,0.018867924528301886,53.0
standard,frequency_prior,5,42,Andariel,G0138,12,0.0,0.0,0.0,0.009259259259259259,108.0
standard,overlap_cosine,5,42,Andariel,G0138,12,1.0,1.0,1.0,1.0,1.0
standard,svd32_graph_embedding,5,42,Andariel,G0138,12,1.0,1.0,1.0,1.0,1.0
standard,random_uniform,5,42,CURIUM,G1012,19,0.0,0.0,0.0,0.02127659574468085,47.0
standard,frequency_prior,5,42,CURIUM,G1012,19,0.0,0.0,0.0,0.012048192771084338,83.0
standard,overlap_cosine,5,42,CURIUM,G1012,19,1.0,1.0,1.0,1.0,1.0
standard,svd32_graph_embedding,5,42,CURIUM,G1012,19,1.0,1.0,1.0,1.0,1.0
standard,random_uniform,5,42,Sidewinder,G0121,30,0.0,0.0,0.0,0.007352941176470588,136.0
standard,frequency_prior,5,42,Sidewinder,G0121,30,0.0,0.0,0.0,0.017241379310344827,58.0
standard,overlap_cosine,5,42,Sidewinder,G0121,30,0.0,1.0,1.0,0.5,2.0
standard,svd32_graph_embedding,5,42,Sidewinder,G0121,30,0.0,1.0,1.0,0.5,2.0
standard,random_uniform,5,42,Mustang Panda,G0129,85,0.0,0.0,1.0,0.1,10.0
standard,frequency_prior,5,42,Mustang Panda,G0129,85,0.0,1.0,1.0,0.25,4.0
standard,overlap_cosine,5,42,Mustang Panda,G0129,85,0.0,1.0,1.0,0.5,2.0
standard,svd32_graph_embedding,5,42,Mustang Panda,G0129,85,0.0,1.0,1.0,0.3333333333333333,3.0
standard,random_uniform,5,42,ZIRCONIUM,G0128,29,0.0,0.0,0.0,0.009174311926605505,109.0
standard,frequency_prior,5,42,ZIRCONIUM,G0128,29,0.0,0.0,0.0,0.016666666666666666,60.0
standard,overlap_cosine,5,42,ZIRCONIUM,G0128,29,1.0,1.0,1.0,1.0,1.0
standard,svd32_graph_embedding,5,42,ZIRCONIUM,G0128,29,1.0,1.0,1.0,1.0,1.0
standard,random_uniform,5,42,Rocke,G0106,36,0.0,0.0,0.0,0.011111111111111112,90.0
standard,frequency_prior,5,42,Rocke,G0106,36,0.0,0.0,0.0,0.020833333333333332,48.0
standard,overlap_cosine,5,42,Rocke,G0106,36,1.0,1.0,1.0,1.0,1.0
standard,svd32_graph_embedding,5,42,Rocke,G0106,36,1.0,1.0,1.0,1.0,1.0
standard,random_uniform,5,42,Scattered Spider,G1015,64,0.0,0.0,0.0,0.006329113924050633,158.0
standard,frequency_prior,5,42,Scattered Spider,G1015,64,0.0,0.0,0.0,0.0625,16.0
standard,overlap_cosine,5,42,Scattered Spider,G1015,64,0.0,1.0,1.0,0.3333333333333333,3.0
standard,svd32_graph_embedding,5,42,Scattered Spider,G1015,64,1.0,1.0,1.0,1.0,1.0
standard,random_uniform,5,42,APT39,G0087,53,0.0,0.0,0.0,0.011235955056179775,89.0
standard,frequency_prior,5,42,APT39,G0087,53,0.0,0.0,0.0,0.038461538461538464,26.0
standard,overlap_cosine,5,42,APT39,G0087,53,0.0,1.0,1.0,0.25,4.0
standard,svd32_graph_embedding,5,42,APT39,G0087,53,0.0,1.0,1.0,0.25,4.0
standard,random_uniform,5,42,UNC3886,G1048,49,0.0,0.0,0.0,0.013888888888888888,72.0
standard,frequency_prior,5,42,UNC3886,G1048,49,0.0,0.0,0.0,0.034482758620689655,29.0
standard,overlap_cosine,5,42,UNC3886,G1048,49,1.0,1.0,1.0,1.0,1.0
standard,svd32_graph_embedding,5,42,UNC3886,G1048,49,1.0,1.0,1.0,1.0,1.0
standard,random_uniform,5,42,Contagious Interview,G1052,54,0.0,0.0,0.0,0.01098901098901099,91.0
standard,frequency_prior,5,42,Contagious Interview,G1052,54,0.0,0.0,0.0,0.04,25.0
standard,overlap_cosine,5,42,Contagious Interview,G1052,54,0.0,1.0,1.0,0.5,2.0
standard,svd32_graph_embedding,5,42,Contagious Interview,G1052,54,1.0,1.0,1.0,1.0,1.0
standard,random_uniform,5,42,TA2541,G1018,28,0.0,0.0,0.0,0.015151515151515152,66.0
standard,frequency_prior,5,42,TA2541,G1018,28,0.0,0.0,0.0,0.015873015873015872,63.0
standard,overlap_cosine,5,42,TA2541,G1018,28,1.0,1.0,1.0,1.0,1.0
standard,svd32_graph_embedding,5,42,TA2541,G1018,28,1.0,1.0,1.0,1.0,1.0
standard,random_uniform,5,42,Akira,G1024,17,0.0,0.0,0.0,0.021739130434782608,46.0
standard,frequency_prior,5,42,Akira,G1024,17,0.0,0.0,0.0,0.011363636363636364,88.0
standard,overlap_cosine,5,42,Akira,G1024,17,1.0,1.0,1.0,1.0,1.0
standard,svd32_graph_embedding,5,42,Akira,G1024,17,0.0,1.0,1.0,0.5,2.0
standard,random_uniform,5,42,APT37,G0067,29,0.0,0.0,0.0,0.008849557522123894,113.0
standard,frequency_prior,5,42,APT37,G0067,29,0.0,0.0,0.0,0.01639344262295082,61.0
standard,overlap_cosine,5,42,APT37,G0067,29,1.0,1.0,1.0,1.0,1.0
standard,svd32_graph_embedding,5,42,APT37,G0067,29,1.0,1.0,1.0,1.0,1.0
standard,random_uniform,5,42,Moses Staff,G1009,12,0.0,0.0,0.0,0.012987012987012988,77.0
standard,frequency_prior,5,42,Moses Staff,G1009,12,0.0,0.0,0.0,0.008928571428571428,112.0
standard,overlap_cosine,5,42,Moses Staff,G1009,12,1.0,1.0,1.0,1.0,1.0
standard,svd32_graph_embedding,5,42,Moses Staff,G1009,12,1.0,1.0,1.0,1.0,1.0
standard,random_uniform,5,42,OilRig,G0049,76,0.0,0.0,0.0,0.008403361344537815,119.0
standard,frequency_prior,5,42,OilRig,G0049,76,0.0,0.0,1.0,0.1,10.0
standard,overlap_cosine,5,42,OilRig,G0049,76,0.0,1.0,1.0,0.3333333333333333,3.0
standard,svd32_graph_embedding,5,42,OilRig,G0049,76,1.0,1.0,1.0,1.0,1.0
standard,random_uniform,5,42,Higaisa,G0126,28,0.0,0.0,0.0,0.012658227848101266,79.0
standard,frequency_prior,5,42,Higaisa,G0126,28,0.0,0.0,0.0,0.015625,64.0
standard,overlap_cosine,5,42,Higaisa,G0126,28,0.0,1.0,1.0,0.5,2.0
standard,svd32_graph_embedding,5,42,Higaisa,G0126,28,0.0,1.0,1.0,0.5,2.0
standard,random_uniform,5,42,Tropic Trooper,G0081,40,0.0,0.0,0.0,0.0078125,128.0
standard,frequency_prior,5,42,Tropic Trooper,G0081,40,0.0,0.0,0.0,0.023255813953488372,43.0
standard,overlap_cosine,5,42,Tropic Trooper,G0081,40,0.0,1.0,1.0,0.5,2.0
standard,svd32_graph_embedding,5,42,Tropic Trooper,G0081,40,1.0,1.0,1.0,1.0,1.0
standard,random_uniform,5,42,Sea Turtle,G1041,27,0.0,0.0,0.0,0.010526315789473684,95.0
standard,frequency_prior,5,42,Sea Turtle,G1041,27,0.0,0.0,0.0,0.014705882352941176,68.0
standard,overlap_cosine,5,42,Sea Turtle,G1041,27,1.0,1.0,1.0,1.0,1.0
standard,svd32_graph_embedding,5,42,Sea Turtle,G1041,27,1.0,1.0,1.0,1.0,1.0
standard,random_uniform,5,42,Aquatic Panda,G0143,35,0.0,0.0,0.0,0.034482758620689655,29.0
standard,frequency_prior,5,42,Aquatic Panda,G0143,35,0.0,0.0,0.0,0.02,50.0
standard,overlap_cosine,5,42,Aquatic Panda,G0143,35,1.0,1.0,1.0,1.0,1.0
standard,svd32_graph_embedding,5,42,Aquatic Panda,G0143,35,1.0,1.0,1.0,1.0,1.0
standard,random_uniform,5,42,Ke3chang,G0004,46,0.0,0.0,0.0,0.008547008547008548,117.0
standard,frequency_prior,5,42,Ke3chang,G0004,46,0.0,0.0,0.0,0.03125,32.0
standard,overlap_cosine,5,42,Ke3chang,G0004,46,0.0,1.0,1.0,0.5,2.0
standard,svd32_graph_embedding,5,42,Ke3chang,G0004,46,0.0,1.0,1.0,0.25,4.0
standard,random_uniform,5,42,Saint Bear,G1031,18,0.0,0.0,0.0,0.037037037037037035,27.0
standard,frequency_prior,5,42,Saint Bear,G1031,18,0.0,0.0,0.0,0.011494252873563218,87.0
standard,overlap_cosine,5,42,Saint Bear,G1031,18,1.0,1.0,1.0,1.0,1.0
standard,svd32_graph_embedding,5,42,Saint Bear,G1031,18,1.0,1.0,1.0,1.0,1.0
standard,random_uniform,5,42,APT1,G0006,23,0.0,0.0,0.0,0.014925373134328358,67.0
standard,frequency_prior,5,42,APT1,G0006,23,0.0,0.0,0.0,0.013513513513513514,74.0
standard,overlap_cosine,5,42,APT1,G0006,23,1.0,1.0,1.0,1.0,1.0
standard,svd32_graph_embedding,5,42,APT1,G0006,23,1.0,1.0,1.0,1.0,1.0
standard,random_uniform,5,42,Confucius,G0142,19,0.0,1.0,1.0,0.5,2.0
standard,frequency_prior,5,42,Confucius,G0142,19,0.0,0.0,0.0,0.011627906976744186,86.0
standard,overlap_cosine,5,42,Confucius,G0142,19,1.0,1.0,1.0,1.0,1.0
standard,svd32_graph_embedding,5,42,Confucius,G0142,19,0.0,1.0,1.0,0.5,2.0
standard,random_uniform,5,42,BlackTech,G0098,14,0.0,0.0,0.0,0.00980392156862745,102.0
standard,frequency_prior,5,42,BlackTech,G0098,14,0.0,0.0,0.0,0.009900990099009901,101.0
standard,overlap_cosine,5,42,BlackTech,G0098,14,1.0,1.0,1.0,1.0,1.0
standard,svd32_graph_embedding,5,42,BlackTech,G0098,14,1.0,1.0,1.0,1.0,1.0
standard,random_uniform,5,42,Leviathan,G0065,50,0.0,0.0,0.0,0.017857142857142856,56.0
standard,frequency_prior,5,42,Leviathan,G0065,50,0.0,0.0,0.0,0.03571428571428571,28.0
standard,overlap_cosine,5,42,Leviathan,G0065,50,0.0,1.0,1.0,0.5,2.0
standard,svd32_graph_embedding,5,42,Leviathan,G0065,50,1.0,1.0,1.0,1.0,1.0
standard,random_uniform,5,42,Blue Mockingbird,G0108,22,0.0,0.0,0.0,0.0196078431372549,51.0
standard,frequency_prior,5,42,Blue Mockingbird,G0108,22,0.0,0.0,0.0,0.013157894736842105,76.0
standard,overlap_cosine,5,42,Blue Mockingbird,G0108,22,1.0,1.0,1.0,1.0,1.0
standard,svd32_graph_embedding,5,42,Blue Mockingbird,G0108,22,0.0,0.0,0.0,0.09090909090909091,11.0
standard,random_uniform,5,42,Winter Vivern,G1035,27,0.0,0.0,0.0,0.01818181818181818,55.0
standard,frequency_prior,5,42,Winter Vivern,G1035,27,0.0,0.0,0.0,0.014925373134328358,67.0
standard,overlap_cosine,5,42,Winter Vivern,G1035,27,1.0,1.0,1.0,1.0,1.0
standard,svd32_graph_embedding,5,42,Winter Vivern,G1035,27,1.0,1.0,1.0,1.0,1.0
standard,random_uniform,5,42,Turla,G0010,68,0.0,0.0,0.0,0.017543859649122806,57.0
standard,frequency_prior,5,42,Turla,G0010,68,0.0,0.0,0.0,0.07692307692307693,13.0
standard,overlap_cosine,5,42,Turla,G0010,68,1.0,1.0,1.0,1.0,1.0
standard,svd32_graph_embedding,5,42,Turla,G0010,68,1.0,1.0,1.0,1.0,1.0
standard,random_uniform,5,42,Storm-0501,G1053,42,0.0,0.0,0.0,0.037037037037037035,27.0
standard,frequency_prior,5,42,Storm-0501,G1053,42,0.0,0.0,0.0,0.02564102564102564,39.0
standard,overlap_cosine,5,42,Storm-0501,G1053,42,1.0,1.0,1.0,1.0,1.0
standard,svd32_graph_embedding,5,42,Storm-0501,G1053,42,1.0,1.0,1.0,1.0,1.0
standard,random_uniform,5,42,TA505,G0092,34,0.0,0.0,0.0,0.015873015873015872,63.0
standard,frequency_prior,5,42,TA505,G0092,34,0.0,0.0,0.0,0.019230769230769232,52.0
standard,overlap_cosine,5,42,TA505,G0092,34,0.0,1.0,1.0,0.5,2.0
standard,svd32_graph_embedding,5,42,TA505,G0092,34,0.0,0.0,1.0,0.16666666666666666,6.0
standard,random_uniform,5,42,BITTER,G1002,16,0.0,0.0,0.0,0.018867924528301886,53.0
standard,frequency_prior,5,42,BITTER,G1002,16,0.0,0.0,0.0,0.010416666666666666,96.0
standard,overlap_cosine,5,42,BITTER,G1002,16,1.0,1.0,1.0,1.0,1.0
standard,svd32_graph_embedding,5,42,BITTER,G1002,16,0.0,1.0,1.0,0.3333333333333333,3.0
standard,random_uniform,5,42,DarkVishnya,G0105,10,0.0,0.0,0.0,0.006211180124223602,161.0
standard,frequency_prior,5,42,DarkVishnya,G0105,10,0.0,0.0,0.0,0.008264462809917356,121.0
standard,overlap_cosine,5,42,DarkVishnya,G0105,10,1.0,1.0,1.0,1.0,1.0
standard,svd32_graph_embedding,5,42,DarkVishnya,G0105,10,1.0,1.0,1.0,1.0,1.0
standard,random_uniform,5,42,RedCurl,G1039,41,0.0,0.0,0.0,0.010752688172043012,93.0
standard,frequency_prior,5,42,RedCurl,G1039,41,0.0,0.0,0.0,0.024390243902439025,41.0
standard,overlap_cosine,5,42,RedCurl,G1039,41,1.0,1.0,1.0,1.0,1.0
standard,svd32_graph_embedding,5,42,RedCurl,G1039,41,1.0,1.0,1.0,1.0,1.0
standard,random_uniform,5,42,FIN5,G0053,11,0.0,0.0,0.0,0.009433962264150943,106.0
standard,frequency_prior,5,42,FIN5,G0053,11,0.0,0.0,0.0,0.008695652173913044,115.0
standard,overlap_cosine,5,42,FIN5,G0053,11,1.0,1.0,1.0,1.0,1.0
standard,svd32_graph_embedding,5,42,FIN5,G0053,11,1.0,1.0,1.0,1.0,1.0
standard,random_uniform,5,42,Lotus Blossom,G0030,21,0.0,0.0,0.0,0.0078125,128.0
standard,frequency_prior,5,42,Lotus Blossom,G0030,21,0.0,0.0,0.0,0.012658227848101266,79.0
standard,overlap_cosine,5,42,Lotus Blossom,G0030,21,1.0,1.0,1.0,1.0,1.0
standard,svd32_graph_embedding,5,42,Lotus Blossom,G0030,21,1.0,1.0,1.0,1.0,1.0
standard,random_uniform,5,42,Stealth Falcon,G0038,16,0.0,0.0,0.0,0.010869565217391304,92.0
standard,frequency_prior,5,42,Stealth Falcon,G0038,16,0.0,0.0,0.0,0.010752688172043012,93.0
standard,overlap_cosine,5,42,Stealth Falcon,G0038,16,1.0,1.0,1.0,1.0,1.0
standard,svd32_graph_embedding,5,42,Stealth Falcon,G0038,16,1.0,1.0,1.0,1.0,1.0
standard,random_uniform,5,42,APT29,G0016,66,0.0,0.0,0.0,0.02857142857142857,35.0
standard,frequency_prior,5,42,APT29,G0016,66,0.0,0.0,0.0,0.06666666666666667,15.0
standard,overlap_cosine,5,42,APT29,G0016,66,0.0,1.0,1.0,0.3333333333333333,3.0
standard,svd32_graph_embedding,5,42,APT29,G0016,66,1.0,1.0,1.0,1.0,1.0
standard,random_uniform,5,42,Dark Caracal,G0070,12,0.0,0.0,0.0,0.006535947712418301,153.0
standard,frequency_prior,5,42,Dark Caracal,G0070,12,0.0,0.0,0.0,0.009174311926605505,109.0
standard,overlap_cosine,5,42,Dark Caracal,G0070,12,1.0,1.0,1.0,1.0,1.0
standard,svd32_graph_embedding,5,42,Dark Caracal,G0070,12,1.0,1.0,1.0,1.0,1.0
standard,random_uniform,5,42,Cinnamon Tempest,G1021,19,0.0,0.0,0.0,0.007874015748031496,127.0
standard,frequency_prior,5,42,Cinnamon Tempest,G1021,19,0.0,0.0,0.0,0.011904761904761904,84.0
standard,overlap_cosine,5,42,Cinnamon Tempest,G1021,19,1.0,1.0,1.0,1.0,1.0
standard,svd32_graph_embedding,5,42,Cinnamon Tempest,G1021,19,1.0,1.0,1.0,1.0,1.0
standard,random_uniform,5,42,Chimera,G0114,59,0.0,0.0,0.0,0.006666666666666667,150.0
standard,frequency_prior,5,42,Chimera,G0114,59,0.0,0.0,0.0,0.05263157894736842,19.0
standard,overlap_cosine,5,42,Chimera,G0114,59,0.0,0.0,1.0,0.16666666666666666,6.0
standard,svd32_graph_embedding,5,42,Chimera,G0114,59,0.0,1.0,1.0,0.2,5.0
standard,random_uniform,5,42,MirrorFace,G1054,43,0.0,0.0,0.0,0.009433962264150943,106.0
standard,frequency_prior,5,42,MirrorFace,G1054,43,0.0,0.0,0.0,0.02631578947368421,38.0
standard,overlap_cosine,5,42,MirrorFace,G1054,43,0.0,1.0,1.0,0.5,2.0
standard,svd32_graph_embedding,5,42,MirrorFace,G1054,43,0.0,1.0,1.0,0.3333333333333333,3.0
standard,random_uniform,5,42,Silent Librarian,G0122,13,0.0,0.0,0.0,0.016129032258064516,62.0
standard,frequency_prior,5,42,Silent Librarian,G0122,13,0.0,0.0,0.0,0.009523809523809525,105.0
standard,overlap_cosine,5,42,Silent Librarian,G0122,13,1.0,1.0,1.0,1.0,1.0
standard,svd32_graph_embedding,5,42,Silent Librarian,G0122,13,1.0,1.0,1.0,1.0,1.0
standard,random_uniform,5,42,Medusa Group,G1051,57,0.0,0.0,0.0,0.008264462809917356,121.0
standard,frequency_prior,5,42,Medusa Group,G1051,57,0.0,0.0,0.0,0.047619047619047616,21.0
standard,overlap_cosine,5,42,Medusa Group,G1051,57,0.0,1.0,1.0,0.3333333333333333,3.0
standard,svd32_graph_embedding,5,42,Medusa Group,G1051,57,0.0,1.0,1.0,0.2,5.0
standard,random_uniform,5,42,BRONZE BUTLER,G0060,40,0.0,0.0,0.0,0.006756756756756757,148.0
standard,frequency_prior,5,42,BRONZE BUTLER,G0060,40,0.0,0.0,0.0,0.022727272727272728,44.0
standard,overlap_cosine,5,42,BRONZE BUTLER,G0060,40,0.0,1.0,1.0,0.5,2.0
standard,svd32_graph_embedding,5,42,BRONZE BUTLER,G0060,40,0.0,0.0,1.0,0.16666666666666666,6.0
standard,random_uniform,5,42,TA551,G0127,14,0.0,0.0,0.0,0.011494252873563218,87.0
standard,frequency_prior,5,42,TA551,G0127,14,0.0,0.0,0.0,0.01,100.0
standard,overlap_cosine,5,42,TA551,G0127,14,1.0,1.0,1.0,1.0,1.0
standard,svd32_graph_embedding,5,42,TA551,G0127,14,0.0,1.0,1.0,0.5,2.0
standard,random_uniform,5,42,BackdoorDiplomacy,G0135,15,0.0,0.0,0.0,0.011111111111111112,90.0
standard,frequency_prior,5,42,BackdoorDiplomacy,G0135,15,0.0,0.0,0.0,0.010101010101010102,99.0
standard,overlap_cosine,5,42,BackdoorDiplomacy,G0135,15,1.0,1.0,1.0,1.0,1.0
standard,svd32_graph_embedding,5,42,BackdoorDiplomacy,G0135,15,0.0,1.0,1.0,0.5,2.0
standard,random_uniform,5,42,Star Blizzard,G1033,20,0.0,0.0,1.0,0.1111111111111111,9.0
standard,frequency_prior,5,42,Star Blizzard,G1033,20,0.0,0.0,0.0,0.012195121951219513,82.0
standard,overlap_cosine,5,42,Star Blizzard,G1033,20,0.0,1.0,1.0,0.5,2.0
standard,svd32_graph_embedding,5,42,Star Blizzard,G1033,20,1.0,1.0,1.0,1.0,1.0
standard,random_uniform,5,42,Darkhotel,G0012,24,0.0,0.0,0.0,0.011627906976744186,86.0
standard,frequency_prior,5,42,Darkhotel,G0012,24,0.0,0.0,0.0,0.0136986301369863,73.0
standard,overlap_cosine,5,42,Darkhotel,G0012,24,1.0,1.0,1.0,1.0,1.0
standard,svd32_graph_embedding,5,42,Darkhotel,G0012,24,1.0,1.0,1.0,1.0,1.0
standard,random_uniform,5,42,Axiom,G0001,16,0.0,0.0,0.0,0.014084507042253521,71.0
standard,frequency_prior,5,42,Axiom,G0001,16,0.0,0.0,0.0,0.010638297872340425,94.0
standard,overlap_cosine,5,42,Axiom,G0001,16,1.0,1.0,1.0,1.0,1.0
standard,svd32_graph_embedding,5,42,Axiom,G0001,16,1.0,1.0,1.0,1.0,1.0
standard,random_uniform,5,42,Deep Panda,G0009,10,0.0,0.0,0.0,0.009708737864077669,103.0
standard,frequency_prior,5,42,Deep Panda,G0009,10,0.0,0.0,0.0,0.008333333333333333,120.0
standard,overlap_cosine,5,42,Deep Panda,G0009,10,1.0,1.0,1.0,1.0,1.0
standard,svd32_graph_embedding,5,42,Deep Panda,G0009,10,1.0,1.0,1.0,1.0,1.0
standard,random_uniform,5,42,Ember Bear,G1003,47,0.0,0.0,0.0,0.008695652173913044,115.0
standard,frequency_prior,5,42,Ember Bear,G1003,47,0.0,0.0,0.0,0.03225806451612903,31.0
standard,overlap_cosine,5,42,Ember Bear,G1003,47,0.0,1.0,1.0,0.25,4.0
standard,svd32_graph_embedding,5,42,Ember Bear,G1003,47,1.0,1.0,1.0,1.0,1.0
standard,random_uniform,5,42,LazyScripter,G0140,20,0.0,0.0,0.0,0.011627906976744186,86.0
standard,frequency_prior,5,42,LazyScripter,G0140,20,0.0,0.0,0.0,0.012345679012345678,81.0
standard,overlap_cosine,5,42,LazyScripter,G0140,20,0.0,1.0,1.0,0.3333333333333333,3.0
standard,svd32_graph_embedding,5,42,LazyScripter,G0140,20,0.0,1.0,1.0,0.3333333333333333,3.0
standard,random_uniform,5,42,Windshift,G0112,19,0.0,0.0,0.0,0.041666666666666664,24.0
standard,frequency_prior,5,42,Windshift,G0112,19,0.0,0.0,0.0,0.011764705882352941,85.0
standard,overlap_cosine,5,42,Windshift,G0112,19,1.0,1.0,1.0,1.0,1.0
standard,svd32_graph_embedding,5,42,Windshift,G0112,19,0.0,0.0,1.0,0.14285714285714285,7.0
standard,random_uniform,5,42,ToddyCat,G1022,25,0.0,0.0,0.0,0.006756756756756757,148.0
standard,frequency_prior,5,42,ToddyCat,G1022,25,0.0,0.0,0.0,0.013888888888888888,72.0
standard,overlap_cosine,5,42,ToddyCat,G1022,25,1.0,1.0,1.0,1.0,1.0
standard,svd32_graph_embedding,5,42,ToddyCat,G1022,25,1.0,1.0,1.0,1.0,1.0
standard,random_uniform,5,42,LuminousMoth,G1014,28,0.0,0.0,0.0,0.008849557522123894,113.0
standard,frequency_prior,5,42,LuminousMoth,G1014,28,0.0,0.0,0.0,0.015384615384615385,65.0
standard,overlap_cosine,5,42,LuminousMoth,G1014,28,1.0,1.0,1.0,1.0,1.0
standard,svd32_graph_embedding,5,42,LuminousMoth,G1014,28,0.0,1.0,1.0,0.25,4.0
standard,random_uniform,5,42,Agrius,G1030,22,0.0,0.0,0.0,0.019230769230769232,52.0
standard,frequency_prior,5,42,Agrius,G1030,22,0.0,0.0,0.0,0.013333333333333334,75.0
standard,overlap_cosine,5,42,Agrius,G1030,22,1.0,1.0,1.0,1.0,1.0
standard,svd32_graph_embedding,5,42,Agrius,G1030,22,1.0,1.0,1.0,1.0,1.0
standard,random_uniform,5,42,APT28,G0007,93,0.0,0.0,0.0,0.010309278350515464,97.0
standard,frequency_prior,5,42,APT28,G0007,93,0.0,1.0,1.0,0.5,2.0
standard,overlap_cosine,5,42,APT28,G0007,93,1.0,1.0,1.0,1.0,1.0
standard,svd32_graph_embedding,5,42,APT28,G0007,93,0.0,1.0,1.0,0.5,2.0
standard,random_uniform,5,42,Malteiro,G1026,12,0.0,0.0,0.0,0.023255813953488372,43.0
standard,frequency_prior,5,42,Malteiro,G1026,12,0.0,0.0,0.0,0.008849557522123894,113.0
standard,overlap_cosine,5,42,Malteiro,G1026,12,1.0,1.0,1.0,1.0,1.0
standard,svd32_graph_embedding,5,42,Malteiro,G1026,12,0.0,1.0,1.0,0.2,5.0
standard,random_uniform,5,42,APT42,G1044,32,0.0,0.0,0.0,0.08333333333333333,12.0
standard,frequency_prior,5,42,APT42,G1044,32,0.0,0.0,0.0,0.018518518518518517,54.0
standard,overlap_cosine,5,42,APT42,G1044,32,1.0,1.0,1.0,1.0,1.0
standard,svd32_graph_embedding,5,42,APT42,G1044,32,0.0,1.0,1.0,0.25,4.0
standard,random_uniform,5,42,APT5,G1023,29,0.0,0.0,0.0,0.03225806451612903,31.0
standard,frequency_prior,5,42,APT5,G1023,29,0.0,0.0,0.0,0.016129032258064516,62.0
standard,overlap_cosine,5,42,APT5,G1023,29,1.0,1.0,1.0,1.0,1.0
standard,svd32_graph_embedding,5,42,APT5,G1023,29,1.0,1.0,1.0,1.0,1.0
standard,random_uniform,5,42,Fox Kitten,G0117,41,0.0,0.0,0.0,0.008130081300813009,123.0
standard,frequency_prior,5,42,Fox Kitten,G0117,41,0.0,0.0,0.0,0.023809523809523808,42.0
standard,overlap_cosine,5,42,Fox Kitten,G0117,41,1.0,1.0,1.0,1.0,1.0
standard,svd32_graph_embedding,5,42,Fox Kitten,G0117,41,1.0,1.0,1.0,1.0,1.0
standard,random_uniform,5,42,APT-C-36,G0099,38,0.0,0.0,0.0,0.041666666666666664,24.0
standard,frequency_prior,5,42,APT-C-36,G0099,38,0.0,0.0,0.0,0.021739130434782608,46.0
standard,overlap_cosine,5,42,APT-C-36,G0099,38,0.0,1.0,1.0,0.25,4.0
standard,svd32_graph_embedding,5,42,APT-C-36,G0099,38,0.0,0.0,0.0,0.08333333333333333,12.0
standard,random_uniform,5,42,Tonto Team,G0131,15,0.0,1.0,1.0,0.3333333333333333,3.0
standard,frequency_prior,5,42,Tonto Team,G0131,15,0.0,0.0,0.0,0.010309278350515464,97.0
standard,overlap_cosine,5,42,Tonto Team,G0131,15,1.0,1.0,1.0,1.0,1.0
standard,svd32_graph_embedding,5,42,Tonto Team,G0131,15,1.0,1.0,1.0,1.0,1.0
standard,random_uniform,5,42,Lazarus Group,G0032,93,0.0,0.0,0.0,0.008928571428571428,112.0
standard,frequency_prior,5,42,Lazarus Group,G0032,93,0.0,1.0,1.0,0.3333333333333333,3.0
standard,overlap_cosine,5,42,Lazarus Group,G0032,93,0.0,1.0,1.0,0.3333333333333333,3.0
standard,svd32_graph_embedding,5,42,Lazarus Group,G0032,93,0.0,1.0,1.0,0.5,2.0
standard,random_uniform,5,42,INC Ransom,G1032,25,0.0,0.0,0.0,0.027777777777777776,36.0
standard,frequency_prior,5,42,INC Ransom,G1032,25,0.0,0.0,0.0,0.014084507042253521,71.0
standard,overlap_cosine,5,42,INC Ransom,G1032,25,0.0,1.0,1.0,0.5,2.0
standard,svd32_graph_embedding,5,42,INC Ransom,G1032,25,0.0,1.0,1.0,0.5,2.0
standard,random_uniform,5,42,Earth Lusca,G1006,44,0.0,0.0,0.0,0.015151515151515152,66.0
standard,frequency_prior,5,42,Earth Lusca,G1006,44,0.0,0.0,0.0,0.029411764705882353,34.0
standard,overlap_cosine,5,42,Earth Lusca,G1006,44,1.0,1.0,1.0,1.0,1.0
standard,svd32_graph_embedding,5,42,Earth Lusca,G1006,44,1.0,1.0,1.0,1.0,1.0
standard,random_uniform,5,42,FIN4,G0085,12,0.0,0.0,0.0,0.013513513513513514,74.0
standard,frequency_prior,5,42,FIN4,G0085,12,0.0,0.0,0.0,0.009009009009009009,111.0
standard,overlap_cosine,5,42,FIN4,G0085,12,1.0,1.0,1.0,1.0,1.0
standard,svd32_graph_embedding,5,42,FIN4,G0085,12,1.0,1.0,1.0,1.0,1.0
standard,random_uniform,5,42,Silence,G0091,28,0.0,0.0,0.0,0.009523809523809525,105.0
standard,frequency_prior,5,42,Silence,G0091,28,0.0,0.0,0.0,0.015151515151515152,66.0
standard,overlap_cosine,5,42,Silence,G0091,28,1.0,1.0,1.0,1.0,1.0
standard,svd32_graph_embedding,5,42,Silence,G0091,28,0.0,1.0,1.0,0.2,5.0
standard,random_uniform,5,42,LAPSUS$,G1004,43,0.0,0.0,0.0,0.018867924528301886,53.0
standard,frequency_prior,5,42,LAPSUS$,G1004,43,0.0,0.0,0.0,0.02702702702702703,37.0
standard,overlap_cosine,5,42,LAPSUS$,G1004,43,1.0,1.0,1.0,1.0,1.0
standard,svd32_graph_embedding,5,42,LAPSUS$,G1004,43,1.0,1.0,1.0,1.0,1.0
standard,random_uniform,5,42,Cobalt Group,G0080,34,0.0,0.0,0.0,0.015384615384615385,65.0
standard,frequency_prior,5,42,Cobalt Group,G0080,34,0.0,0.0,0.0,0.0196078431372549,51.0
standard,overlap_cosine,5,42,Cobalt Group,G0080,34,1.0,1.0,1.0,1.0,1.0
standard,svd32_graph_embedding,5,42,Cobalt Group,G0080,34,1.0,1.0,1.0,1.0,1.0
standard,random_uniform,5,42,Wizard Spider,G0102,64,0.0,0.0,0.0,0.015873015873015872,63.0
standard,frequency_prior,5,42,Wizard Spider,G0102,64,0.0,0.0,0.0,0.058823529411764705,17.0
standard,overlap_cosine,5,42,Wizard Spider,G0102,64,0.0,1.0,1.0,0.2,5.0
standard,svd32_graph_embedding,5,42,Wizard Spider,G0102,64,0.0,0.0,1.0,0.1,10.0
standard,random_uniform,5,42,Molerats,G0021,16,0.0,0.0,0.0,0.015625,64.0
standard,frequency_prior,5,42,Molerats,G0021,16,0.0,0.0,0.0,0.010869565217391304,92.0
standard,overlap_cosine,5,42,Molerats,G0021,16,1.0,1.0,1.0,1.0,1.0
standard,svd32_graph_embedding,5,42,Molerats,G0021,16,0.0,1.0,1.0,0.25,4.0
standard,random_uniform,5,42,Velvet Ant,G1047,22,0.0,0.0,0.0,0.022222222222222223,45.0
standard,frequency_prior,5,42,Velvet Ant,G1047,22,0.0,0.0,0.0,0.012987012987012988,77.0
standard,overlap_cosine,5,42,Velvet Ant,G1047,22,1.0,1.0,1.0,1.0,1.0
standard,svd32_graph_embedding,5,42,Velvet Ant,G1047,22,1.0,1.0,1.0,1.0,1.0
standard,random_uniform,5,42,Transparent Tribe,G0134,14,0.0,0.0,0.0,0.018518518518518517,54.0
standard,frequency_prior,5,42,Transparent Tribe,G0134,14,0.0,0.0,0.0,0.009615384615384616,104.0
standard,overlap_cosine,5,42,Transparent Tribe,G0134,14,1.0,1.0,1.0,1.0,1.0
standard,svd32_graph_embedding,5,42,Transparent Tribe,G0134,14,1.0,1.0,1.0,1.0,1.0
standard,random_uniform,5,42,Moonstone Sleet,G1036,30,0.0,0.0,0.0,0.006756756756756757,148.0
standard,frequency_prior,5,42,Moonstone Sleet,G1036,30,0.0,0.0,0.0,0.01694915254237288,59.0
standard,overlap_cosine,5,42,Moonstone Sleet,G1036,30,0.0,1.0,1.0,0.3333333333333333,3.0
standard,svd32_graph_embedding,5,42,Moonstone Sleet,G1036,30,0.0,1.0,1.0,0.5,2.0
standard,random_uniform,5,42,Inception,G0100,22,0.0,0.0,0.0,0.006993006993006993,143.0
standard,frequency_prior,5,42,Inception,G0100,22,0.0,0.0,0.0,0.01282051282051282,78.0
standard,overlap_cosine,5,42,Inception,G0100,22,1.0,1.0,1.0,1.0,1.0
standard,svd32_graph_embedding,5,42,Inception,G0100,22,1.0,1.0,1.0,1.0,1.0
standard,random_uniform,5,42,VOID MANTICORE,G1055,63,0.0,0.0,0.0,0.015873015873015872,63.0
standard,frequency_prior,5,42,VOID MANTICORE,G1055,63,0.0,0.0,0.0,0.05555555555555555,18.0
standard,overlap_cosine,5,42,VOID MANTICORE,G1055,63,0.0,1.0,1.0,0.5,2.0
standard,svd32_graph_embedding,5,42,VOID MANTICORE,G1055,63,1.0,1.0,1.0,1.0,1.0
standard,random_uniform,5,42,Play,G1040,26,0.0,0.0,0.0,0.007633587786259542,131.0
standard,frequency_prior,5,42,Play,G1040,26,0.0,0.0,0.0,0.014492753623188406,69.0
standard,overlap_cosine,5,42,Play,G1040,26,1.0,1.0,1.0,1.0,1.0
standard,svd32_graph_embedding,5,42,Play,G1040,26,0.0,1.0,1.0,0.3333333333333333,3.0
standard,random_uniform,5,42,PROMETHIUM,G0056,11,0.0,0.0,0.0,0.005747126436781609,174.0
standard,frequency_prior,5,42,PROMETHIUM,G0056,11,0.0,0.0,0.0,0.00847457627118644,118.0
standard,overlap_cosine,5,42,PROMETHIUM,G0056,11,1.0,1.0,1.0,1.0,1.0
standard,svd32_graph_embedding,5,42,PROMETHIUM,G0056,11,1.0,1.0,1.0,1.0,1.0
standard,random_uniform,5,42,HEXANE,G1001,36,0.0,0.0,0.0,0.015151515151515152,66.0
standard,frequency_prior,5,42,HEXANE,G1001,36,0.0,0.0,0.0,0.02040816326530612,49.0
standard,overlap_cosine,5,42,HEXANE,G1001,36,1.0,1.0,1.0,1.0,1.0
standard,svd32_graph_embedding,5,42,HEXANE,G1001,36,0.0,0.0,1.0,0.14285714285714285,7.0
standard,random_uniform,5,42,Daggerfly,G1034,17,0.0,0.0,0.0,0.011764705882352941,85.0
standard,frequency_prior,5,42,Daggerfly,G1034,17,0.0,0.0,0.0,0.011235955056179775,89.0
standard,overlap_cosine,5,42,Daggerfly,G1034,17,1.0,1.0,1.0,1.0,1.0
standard,svd32_graph_embedding,5,42,Daggerfly,G1034,17,1.0,1.0,1.0,1.0,1.0
standard,random_uniform,5,42,WIRTE,G0090,26,0.0,0.0,0.0,0.010752688172043012,93.0
standard,frequency_prior,5,42,WIRTE,G0090,26,0.0,0.0,0.0,0.014285714285714285,70.0
standard,overlap_cosine,5,42,WIRTE,G0090,26,1.0,1.0,1.0,1.0,1.0
standard,svd32_graph_embedding,5,42,WIRTE,G0090,26,0.0,1.0,1.0,0.3333333333333333,3.0
standard,random_uniform,5,42,PLATINUM,G0068,11,0.0,0.0,0.0,0.0078125,128.0
standard,frequency_prior,5,42,PLATINUM,G0068,11,0.0,0.0,0.0,0.008547008547008548,117.0
standard,overlap_cosine,5,42,PLATINUM,G0068,11,1.0,1.0,1.0,1.0,1.0
standard,svd32_graph_embedding,5,42,PLATINUM,G0068,11,1.0,1.0,1.0,1.0,1.0
standard,random_uniform,5,42,Magic Hound,G0059,78,0.0,0.0,0.0,0.011235955056179775,89.0
standard,frequency_prior,5,42,Magic Hound,G0059,78,0.0,0.0,1.0,0.1111111111111111,9.0
standard,overlap_cosine,5,42,Magic Hound,G0059,78,0.0,1.0,1.0,0.3333333333333333,3.0
standard,svd32_graph_embedding,5,42,Magic Hound,G0059,78,0.0,1.0,1.0,0.25,4.0
standard,random_uniform,5,42,Threat Group-3390,G0027,57,0.0,0.0,0.0,0.008547008547008548,117.0
standard,frequency_prior,5,42,Threat Group-3390,G0027,57,0.0,0.0,0.0,0.05,20.0
standard,overlap_cosine,5,42,Threat Group-3390,G0027,57,0.0,0.0,1.0,0.125,8.0
standard,svd32_graph_embedding,5,42,Threat Group-3390,G0027,57,0.0,0.0,1.0,0.1,10.0
standard,random_uniform,5,42,APT33,G0064,31,0.0,1.0,1.0,0.5,2.0
standard,frequency_prior,5,42,APT33,G0064,31,0.0,0.0,0.0,0.017857142857142856,56.0
standard,overlap_cosine,5,42,APT33,G0064,31,0.0,0.0,1.0,0.125,8.0
standard,svd32_graph_embedding,5,42,APT33,G0064,31,0.0,0.0,0.0,0.07692307692307693,13.0
standard,random_uniform,5,42,FIN10,G0051,11,0.0,0.0,0.0,0.015151515151515152,66.0
standard,frequency_prior,5,42,FIN10,G0051,11,0.0,0.0,0.0,0.008620689655172414,116.0
standard,overlap_cosine,5,42,FIN10,G0051,11,1.0,1.0,1.0,1.0,1.0
standard,svd32_graph_embedding,5,42,FIN10,G0051,11,1.0,1.0,1.0,1.0,1.0
standard,random_uniform,5,42,FIN8,G0061,36,0.0,0.0,1.0,0.1111111111111111,9.0
standard,frequency_prior,5,42,FIN8,G0061,36,0.0,0.0,0.0,0.02127659574468085,47.0
standard,overlap_cosine,5,42,FIN8,G0061,36,0.0,1.0,1.0,0.5,2.0
standard,svd32_graph_embedding,5,42,FIN8,G0061,36,0.0,0.0,1.0,0.1111111111111111,9.0
standard,random_uniform,5,42,FIN13,G1016,53,0.0,0.0,0.0,0.023809523809523808,42.0
standard,frequency_prior,5,42,FIN13,G1016,53,0.0,0.0,0.0,0.037037037037037035,27.0
standard,overlap_cosine,5,42,FIN13,G1016,53,1.0,1.0,1.0,1.0,1.0
standard,svd32_graph_embedding,5,42,FIN13,G1016,53,0.0,0.0,0.0,0.09090909090909091,11.0
standard,random_uniform,5,42,APT19,G0073,21,0.0,0.0,0.0,0.014492753623188406,69.0
standard,frequency_prior,5,42,APT19,G0073,21,0.0,0.0,0.0,0.0125,80.0
standard,overlap_cosine,5,42,APT19,G0073,21,1.0,1.0,1.0,1.0,1.0
standard,svd32_graph_embedding,5,42,APT19,G0073,21,1.0,1.0,1.0,1.0,1.0
standard,random_uniform,5,271,APT38,G0082,56,0.0,0.0,0.0,0.007751937984496124,129.0
standard,frequency_prior,5,271,APT38,G0082,56,0.0,0.0,0.0,0.041666666666666664,24.0
standard,overlap_cosine,5,271,APT38,G0082,56,0.0,1.0,1.0,0.25,4.0
standard,svd32_graph_embedding,5,271,APT38,G0082,56,1.0,1.0,1.0,1.0,1.0
standard,random_uniform,5,271,Indrik Spider,G0119,33,0.0,0.0,0.0,0.020833333333333332,48.0
standard,frequency_prior,5,271,Indrik Spider,G0119,33,0.0,0.0,0.0,0.018867924528301886,53.0
standard,overlap_cosine,5,271,Indrik Spider,G0119,33,1.0,1.0,1.0,1.0,1.0
standard,svd32_graph_embedding,5,271,Indrik Spider,G0119,33,1.0,1.0,1.0,1.0,1.0
standard,random_uniform,5,271,BlackByte,G1043,48,0.0,0.0,1.0,0.14285714285714285,7.0
standard,frequency_prior,5,271,BlackByte,G1043,48,0.0,0.0,0.0,0.03333333333333333,30.0
standard,overlap_cosine,5,271,BlackByte,G1043,48,1.0,1.0,1.0,1.0,1.0
standard,svd32_graph_embedding,5,271,BlackByte,G1043,48,0.0,1.0,1.0,0.5,2.0
standard,random_uniform,5,271,SideCopy,G1008,16,0.0,0.0,0.0,0.008264462809917356,121.0
standard,frequency_prior,5,271,SideCopy,G1008,16,0.0,0.0,0.0,0.01098901098901099,91.0
standard,overlap_cosine,5,271,SideCopy,G1008,16,1.0,1.0,1.0,1.0,1.0
standard,svd32_graph_embedding,5,271,SideCopy,G1008,16,1.0,1.0,1.0,1.0,1.0
standard,random_uniform,5,271,GALLIUM,G0093,31,0.0,0.0,0.0,0.008064516129032258,124.0
standard,frequency_prior,5,271,GALLIUM,G0093,31,0.0,0.0,0.0,0.017543859649122806,57.0
standard,overlap_cosine,5,271,GALLIUM,G0093,31,0.0,1.0,1.0,0.5,2.0
standard,svd32_graph_embedding,5,271,GALLIUM,G0093,31,0.0,1.0,1.0,0.25,4.0
standard,random_uniform,5,271,APT3,G0022,44,0.0,0.0,0.0,0.0625,16.0
standard,frequency_prior,5,271,APT3,G0022,44,0.0,0.0,0.0,0.02857142857142857,35.0
standard,overlap_cosine,5,271,APT3,G0022,44,1.0,1.0,1.0,1.0,1.0
standard,svd32_graph_embedding,5,271,APT3,G0022,44,1.0,1.0,1.0,1.0,1.0
standard,random_uniform,5,271,Mustard Tempest,G1020,12,0.0,0.0,0.0,0.009523809523809525,105.0
standard,frequency_prior,5,271,Mustard Tempest,G1020,12,0.0,0.0,0.0,0.009433962264150943,106.0
standard,overlap_cosine,5,271,Mustard Tempest,G1020,12,1.0,1.0,1.0,1.0,1.0
standard,svd32_graph_embedding,5,271,Mustard Tempest,G1020,12,1.0,1.0,1.0,1.0,1.0
standard,random_uniform,5,271,Kimsuky,G0094,130,0.0,0.0,0.0,0.04,25.0
standard,frequency_prior,5,271,Kimsuky,G0094,130,1.0,1.0,1.0,1.0,1.0
standard,overlap_cosine,5,271,Kimsuky,G0094,130,0.0,0.0,1.0,0.14285714285714285,7.0
standard,svd32_graph_embedding,5,271,Kimsuky,G0094,130,0.0,1.0,1.0,0.3333333333333333,3.0
standard,random_uniform,5,271,EXOTIC LILY,G1011,15,0.0,0.0,0.0,0.018867924528301886,53.0
standard,frequency_prior,5,271,EXOTIC LILY,G1011,15,0.0,0.0,0.0,0.01020408163265306,98.0
standard,overlap_cosine,5,271,EXOTIC LILY,G1011,15,1.0,1.0,1.0,1.0,1.0
standard,svd32_graph_embedding,5,271,EXOTIC LILY,G1011,15,1.0,1.0,1.0,1.0,1.0
standard,random_uniform,5,271,admin@338,G0018,12,0.0,0.0,0.0,0.008547008547008548,117.0
standard,frequency_prior,5,271,admin@338,G0018,12,0.0,0.0,0.0,0.00909090909090909,110.0
standard,overlap_cosine,5,271,admin@338,G0018,12,1.0,1.0,1.0,1.0,1.0
standard,svd32_graph_embedding,5,271,admin@338,G0018,12,1.0,1.0,1.0,1.0,1.0
standard,random_uniform,5,271,Volt Typhoon,G1017,81,0.0,0.0,0.0,0.008130081300813009,123.0
standard,frequency_prior,5,271,Volt Typhoon,G1017,81,0.0,0.0,1.0,0.16666666666666666,6.0
standard,overlap_cosine,5,271,Volt Typhoon,G1017,81,1.0,1.0,1.0,1.0,1.0
standard,svd32_graph_embedding,5,271,Volt Typhoon,G1017,81,0.0,1.0,1.0,0.5,2.0
standard,random_uniform,5,271,Patchwork,G0040,41,0.0,0.0,0.0,0.0070921985815602835,141.0
standard,frequency_prior,5,271,Patchwork,G0040,41,0.0,0.0,0.0,0.025,40.0
standard,overlap_cosine,5,271,Patchwork,G0040,41,1.0,1.0,1.0,1.0,1.0
standard,svd32_graph_embedding,5,271,Patchwork,G0040,41,1.0,1.0,1.0,1.0,1.0
standard,random_uniform,5,271,APT41,G0096,82,0.0,0.0,0.0,0.01694915254237288,59.0
standard,frequency_prior,5,271,APT41,G0096,82,0.0,1.0,1.0,0.2,5.0
standard,overlap_cosine,5,271,APT41,G0096,82,1.0,1.0,1.0,1.0,1.0
standard,svd32_graph_embedding,5,271,APT41,G0096,82,1.0,1.0,1.0,1.0,1.0
standard,random_uniform,5,271,Salt Typhoon,G1045,14,0.0,0.0,0.0,0.00909090909090909,110.0
standard,frequency_prior,5,271,Salt Typhoon,G1045,14,0.0,0.0,0.0,0.00980392156862745,102.0
standard,overlap_cosine,5,271,Salt Typhoon,G1045,14,1.0,1.0,1.0,1.0,1.0
standard,svd32_graph_embedding,5,271,Salt Typhoon,G1045,14,1.0,1.0,1.0,1.0,1.0
standard,random_uniform,5,271,Dragonfly,G0035,56,0.0,0.0,0.0,0.012048192771084338,83.0
standard,frequency_prior,5,271,Dragonfly,G0035,56,0.0,0.0,0.0,0.045454545454545456,22.0
standard,overlap_cosine,5,271,Dragonfly,G0035,56,1.0,1.0,1.0,1.0,1.0
standard,svd32_graph_embedding,5,271,Dragonfly,G0035,56,0.0,0.0,1.0,0.16666666666666666,6.0
standard,random_uniform,5,271,Evilnum,G0120,11,0.0,0.0,0.0,0.006493506493506494,154.0
standard,frequency_prior,5,271,Evilnum,G0120,11,0.0,0.0,0.0,0.008403361344537815,119.0
standard,overlap_cosine,5,271,Evilnum,G0120,11,1.0,1.0,1.0,1.0,1.0
standard,svd32_graph_embedding,5,271,Evilnum,G0120,11,1.0,1.0,1.0,1.0,1.0
standard,random_uniform,5,271,Gorgon Group,G0078,16,0.0,0.0,0.0,0.008547008547008548,117.0
standard,frequency_prior,5,271,Gorgon Group,G0078,16,0.0,0.0,0.0,0.010526315789473684,95.0
standard,overlap_cosine,5,271,Gorgon Group,G0078,16,1.0,1.0,1.0,1.0,1.0
standard,svd32_graph_embedding,5,271,Gorgon Group,G0078,16,1.0,1.0,1.0,1.0,1.0
standard,random_uniform,5,271,menuPass,G0045,46,0.0,0.0,0.0,0.006097560975609756,164.0
standard,frequency_prior,5,271,menuPass,G0045,46,0.0,0.0,0.0,0.030303030303030304,33.0
standard,overlap_cosine,5,271,menuPass,G0045,46,0.0,1.0,1.0,0.3333333333333333,3.0
standard,svd32_graph_embedding,5,271,menuPass,G0045,46,0.0,0.0,0.0,0.07692307692307693,13.0
standard,random_uniform,5,271,APT32,G0050,78,0.0,0.0,0.0,0.017241379310344827,58.0
standard,frequency_prior,5,271,APT32,G0050,78,0.0,0.0,1.0,0.125,8.0
standard,overlap_cosine,5,271,APT32,G0050,78,0.0,1.0,1.0,0.5,2.0
standard,svd32_graph_embedding,5,271,APT32,G0050,78,1.0,1.0,1.0,1.0,1.0
standard,random_uniform,5,271,HAFNIUM,G0125,44,0.0,0.0,0.0,0.041666666666666664,24.0
standard,frequency_prior,5,271,HAFNIUM,G0125,44,0.0,0.0,0.0,0.027777777777777776,36.0
standard,overlap_cosine,5,271,HAFNIUM,G0125,44,1.0,1.0,1.0,1.0,1.0
standard,svd32_graph_embedding,5,271,HAFNIUM,G0125,44,1.0,1.0,1.0,1.0,1.0
standard,random_uniform,5,271,MuddyWater,G0069,68,0.0,0.0,0.0,0.012658227848101266,79.0
standard,frequency_prior,5,271,MuddyWater,G0069,68,0.0,0.0,0.0,0.08333333333333333,12.0
standard,overlap_cosine,5,271,MuddyWater,G0069,68,0.0,0.0,1.0,0.1111111111111111,9.0
standard,svd32_graph_embedding,5,271,MuddyWater,G0069,68,0.0,0.0,0.0,0.023255813953488372,43.0
standard,random_uniform,5,271,Naikon,G0019,14,0.0,0.0,0.0,0.025,40.0
standard,frequency_prior,5,271,Naikon,G0019,14,0.0,0.0,0.0,0.009708737864077669,103.0
standard,overlap_cosine,5,271,Naikon,G0019,14,0.0,1.0,1.0,0.3333333333333333,3.0
standard,svd32_graph_embedding,5,271,Naikon,G0019,14,0.0,0.0,1.0,0.16666666666666666,6.0
standard,random_uniform,5,271,FIN6,G0037,40,0.0,0.0,0.0,0.009523809523809525,105.0
standard,frequency_prior,5,271,FIN6,G0037,40,0.0,0.0,0.0,0.022222222222222223,45.0
standard,overlap_cosine,5,271,FIN6,G0037,40,1.0,1.0,1.0,1.0,1.0
standard,svd32_graph_embedding,5,271,FIN6,G0037,40,1.0,1.0,1.0,1.0,1.0
standard,random_uniform,5,271,Gamaredon Group,G0047,70,0.0,0.0,0.0,0.07692307692307693,13.0
standard,frequency_prior,5,271,Gamaredon Group,G0047,70,0.0,0.0,0.0,0.09090909090909091,11.0
standard,overlap_cosine,5,271,Gamaredon Group,G0047,70,0.0,1.0,1.0,0.5,2.0
standard,svd32_graph_embedding,5,271,Gamaredon Group,G0047,70,1.0,1.0,1.0,1.0,1.0
standard,random_uniform,5,271,Storm-1811,G1046,31,0.0,0.0,0.0,0.007874015748031496,127.0
standard,frequency_prior,5,271,Storm-1811,G1046,31,0.0,0.0,0.0,0.01818181818181818,55.0
standard,overlap_cosine,5,271,Storm-1811,G1046,31,1.0,1.0,1.0,1.0,1.0
standard,svd32_graph_embedding,5,271,Storm-1811,G1046,31,0.0,1.0,1.0,0.25,4.0
standard,random_uniform,5,271,Leafminer,G0077,17,0.0,0.0,0.0,0.01694915254237288,59.0
standard,frequency_prior,5,271,Leafminer,G0077,17,0.0,0.0,0.0,0.011111111111111112,90.0
standard,overlap_cosine,5,271,Leafminer,G0077,17,1.0,1.0,1.0,1.0,1.0
standard,svd32_graph_embedding,5,271,Leafminer,G0077,17,1.0,1.0,1.0,1.0,1.0
standard,random_uniform,5,271,TeamTNT,G0139,56,0.0,0.0,0.0,0.008620689655172414,116.0
standard,frequency_prior,5,271,TeamTNT,G0139,56,0.0,0.0,0.0,0.043478260869565216,23.0
standard,overlap_cosine,5,271,TeamTNT,G0139,56,1.0,1.0,1.0,1.0,1.0
standard,svd32_graph_embedding,5,271,TeamTNT,G0139,56,1.0,1.0,1.0,1.0,1.0
standard,random_uniform,5,271,FIN7,G0046,67,0.0,0.0,0.0,0.006134969325153374,163.0
standard,frequency_prior,5,271,FIN7,G0046,67,0.0,0.0,0.0,0.07142857142857142,14.0
standard,overlap_cosine,5,271,FIN7,G0046,67,1.0,1.0,1.0,1.0,1.0
standard,svd32_graph_embedding,5,271,FIN7,G0046,67,1.0,1.0,1.0,1.0,1.0
standard,random_uniform,5,271,Sandworm Team,G0034,79,0.0,0.0,0.0,0.017241379310344827,58.0
standard,frequency_prior,5,271,Sandworm Team,G0034,79,0.0,0.0,1.0,0.14285714285714285,7.0
standard,overlap_cosine,5,271,Sandworm Team,G0034,79,0.0,1.0,1.0,0.3333333333333333,3.0
standard,svd32_graph_embedding,5,271,Sandworm Team,G0034,79,1.0,1.0,1.0,1.0,1.0
standard,random_uniform,5,271,Machete,G0095,11,0.0,0.0,0.0,0.02564102564102564,39.0
standard,frequency_prior,5,271,Machete,G0095,11,0.0,0.0,0.0,0.008771929824561403,114.0
standard,overlap_cosine,5,271,Machete,G0095,11,1.0,1.0,1.0,1.0,1.0
standard,svd32_graph_embedding,5,271,Machete,G0095,11,1.0,1.0,1.0,1.0,1.0
standard,random_uniform,5,271,APT18,G0026,12,0.0,0.0,0.0,0.008771929824561403,114.0
standard,frequency_prior,5,271,APT18,G0026,12,0.0,0.0,0.0,0.009345794392523364,107.0
standard,overlap_cosine,5,271,APT18,G0026,12,1.0,1.0,1.0,1.0,1.0
standard,svd32_graph_embedding,5,271,APT18,G0026,12,1.0,1.0,1.0,1.0,1.0
standard,random_uniform,5,271,Andariel,G0138,12,0.0,0.0,0.0,0.05263157894736842,19.0
standard,frequency_prior,5,271,Andariel,G0138,12,0.0,0.0,0.0,0.009259259259259259,108.0
standard,overlap_cosine,5,271,Andariel,G0138,12,1.0,1.0,1.0,1.0,1.0
standard,svd32_graph_embedding,5,271,Andariel,G0138,12,1.0,1.0,1.0,1.0,1.0
standard,random_uniform,5,271,CURIUM,G1012,19,0.0,0.0,0.0,0.037037037037037035,27.0
standard,frequency_prior,5,271,CURIUM,G1012,19,0.0,0.0,0.0,0.012048192771084338,83.0
standard,overlap_cosine,5,271,CURIUM,G1012,19,1.0,1.0,1.0,1.0,1.0
standard,svd32_graph_embedding,5,271,CURIUM,G1012,19,0.0,1.0,1.0,0.5,2.0
standard,random_uniform,5,271,Sidewinder,G0121,30,0.0,0.0,0.0,0.03571428571428571,28.0
standard,frequency_prior,5,271,Sidewinder,G0121,30,0.0,0.0,0.0,0.017241379310344827,58.0
standard,overlap_cosine,5,271,Sidewinder,G0121,30,1.0,1.0,1.0,1.0,1.0
standard,svd32_graph_embedding,5,271,Sidewinder,G0121,30,1.0,1.0,1.0,1.0,1.0
standard,random_uniform,5,271,Mustang Panda,G0129,85,0.0,0.0,0.0,0.0072992700729927005,137.0
standard,frequency_prior,5,271,Mustang Panda,G0129,85,0.0,1.0,1.0,0.25,4.0
standard,overlap_cosine,5,271,Mustang Panda,G0129,85,0.0,1.0,1.0,0.5,2.0
standard,svd32_graph_embedding,5,271,Mustang Panda,G0129,85,0.0,1.0,1.0,0.5,2.0
standard,random_uniform,5,271,ZIRCONIUM,G0128,29,0.0,0.0,0.0,0.006896551724137931,145.0
standard,frequency_prior,5,271,ZIRCONIUM,G0128,29,0.0,0.0,0.0,0.016666666666666666,60.0
standard,overlap_cosine,5,271,ZIRCONIUM,G0128,29,1.0,1.0,1.0,1.0,1.0
standard,svd32_graph_embedding,5,271,ZIRCONIUM,G0128,29,0.0,0.0,0.0,0.08333333333333333,12.0
standard,random_uniform,5,271,Rocke,G0106,36,0.0,0.0,0.0,0.006711409395973154,149.0
standard,frequency_prior,5,271,Rocke,G0106,36,0.0,0.0,0.0,0.020833333333333332,48.0
standard,overlap_cosine,5,271,Rocke,G0106,36,1.0,1.0,1.0,1.0,1.0
standard,svd32_graph_embedding,5,271,Rocke,G0106,36,1.0,1.0,1.0,1.0,1.0
standard,random_uniform,5,271,Scattered Spider,G1015,64,0.0,0.0,0.0,0.010416666666666666,96.0
standard,frequency_prior,5,271,Scattered Spider,G1015,64,0.0,0.0,0.0,0.0625,16.0
standard,overlap_cosine,5,271,Scattered Spider,G1015,64,0.0,1.0,1.0,0.3333333333333333,3.0
standard,svd32_graph_embedding,5,271,Scattered Spider,G1015,64,1.0,1.0,1.0,1.0,1.0
standard,random_uniform,5,271,APT39,G0087,53,0.0,0.0,0.0,0.011627906976744186,86.0
standard,frequency_prior,5,271,APT39,G0087,53,0.0,0.0,0.0,0.038461538461538464,26.0
standard,overlap_cosine,5,271,APT39,G0087,53,1.0,1.0,1.0,1.0,1.0
standard,svd32_graph_embedding,5,271,APT39,G0087,53,1.0,1.0,1.0,1.0,1.0
standard,random_uniform,5,271,UNC3886,G1048,49,0.0,0.0,0.0,0.013513513513513514,74.0
standard,frequency_prior,5,271,UNC3886,G1048,49,0.0,0.0,0.0,0.034482758620689655,29.0
standard,overlap_cosine,5,271,UNC3886,G1048,49,1.0,1.0,1.0,1.0,1.0
standard,svd32_graph_embedding,5,271,UNC3886,G1048,49,1.0,1.0,1.0,1.0,1.0
standard,random_uniform,5,271,Contagious Interview,G1052,54,0.0,0.0,0.0,0.09090909090909091,11.0
standard,frequency_prior,5,271,Contagious Interview,G1052,54,0.0,0.0,0.0,0.04,25.0
standard,overlap_cosine,5,271,Contagious Interview,G1052,54,1.0,1.0,1.0,1.0,1.0
standard,svd32_graph_embedding,5,271,Contagious Interview,G1052,54,1.0,1.0,1.0,1.0,1.0
standard,random_uniform,5,271,TA2541,G1018,28,0.0,0.0,0.0,0.01282051282051282,78.0
standard,frequency_prior,5,271,TA2541,G1018,28,0.0,0.0,0.0,0.015873015873015872,63.0
standard,overlap_cosine,5,271,TA2541,G1018,28,0.0,1.0,1.0,0.3333333333333333,3.0
standard,svd32_graph_embedding,5,271,TA2541,G1018,28,0.0,1.0,1.0,0.3333333333333333,3.0
standard,random_uniform,5,271,Akira,G1024,17,0.0,0.0,0.0,0.00980392156862745,102.0
standard,frequency_prior,5,271,Akira,G1024,17,0.0,0.0,0.0,0.011363636363636364,88.0
standard,overlap_cosine,5,271,Akira,G1024,17,1.0,1.0,1.0,1.0,1.0
standard,svd32_graph_embedding,5,271,Akira,G1024,17,1.0,1.0,1.0,1.0,1.0
standard,random_uniform,5,271,APT37,G0067,29,0.0,0.0,0.0,0.0625,16.0
standard,frequency_prior,5,271,APT37,G0067,29,0.0,0.0,0.0,0.01639344262295082,61.0
standard,overlap_cosine,5,271,APT37,G0067,29,1.0,1.0,1.0,1.0,1.0
standard,svd32_graph_embedding,5,271,APT37,G0067,29,0.0,1.0,1.0,0.2,5.0
standard,random_uniform,5,271,Moses Staff,G1009,12,0.0,0.0,0.0,0.010101010101010102,99.0
standard,frequency_prior,5,271,Moses Staff,G1009,12,0.0,0.0,0.0,0.008928571428571428,112.0
standard,overlap_cosine,5,271,Moses Staff,G1009,12,1.0,1.0,1.0,1.0,1.0
standard,svd32_graph_embedding,5,271,Moses Staff,G1009,12,1.0,1.0,1.0,1.0,1.0
standard,random_uniform,5,271,OilRig,G0049,76,0.0,0.0,0.0,0.0125,80.0
standard,frequency_prior,5,271,OilRig,G0049,76,0.0,0.0,1.0,0.1,10.0
standard,overlap_cosine,5,271,OilRig,G0049,76,1.0,1.0,1.0,1.0,1.0
standard,svd32_graph_embedding,5,271,OilRig,G0049,76,1.0,1.0,1.0,1.0,1.0
standard,random_uniform,5,271,Higaisa,G0126,28,0.0,0.0,0.0,0.006622516556291391,151.0
standard,frequency_prior,5,271,Higaisa,G0126,28,0.0,0.0,0.0,0.015625,64.0
standard,overlap_cosine,5,271,Higaisa,G0126,28,1.0,1.0,1.0,1.0,1.0
standard,svd32_graph_embedding,5,271,Higaisa,G0126,28,0.0,1.0,1.0,0.5,2.0
standard,random_uniform,5,271,Tropic Trooper,G0081,40,0.0,0.0,0.0,0.010526315789473684,95.0
standard,frequency_prior,5,271,Tropic Trooper,G0081,40,0.0,0.0,0.0,0.023255813953488372,43.0
standard,overlap_cosine,5,271,Tropic Trooper,G0081,40,1.0,1.0,1.0,1.0,1.0
standard,svd32_graph_embedding,5,271,Tropic Trooper,G0081,40,0.0,0.0,1.0,0.16666666666666666,6.0
standard,random_uniform,5,271,Sea Turtle,G1041,27,0.0,0.0,0.0,0.005747126436781609,174.0
standard,frequency_prior,5,271,Sea Turtle,G1041,27,0.0,0.0,0.0,0.014705882352941176,68.0
standard,overlap_cosine,5,271,Sea Turtle,G1041,27,1.0,1.0,1.0,1.0,1.0
standard,svd32_graph_embedding,5,271,Sea Turtle,G1041,27,1.0,1.0,1.0,1.0,1.0
standard,random_uniform,5,271,Aquatic Panda,G0143,35,0.0,0.0,0.0,0.00847457627118644,118.0
standard,frequency_prior,5,271,Aquatic Panda,G0143,35,0.0,0.0,0.0,0.02,50.0
standard,overlap_cosine,5,271,Aquatic Panda,G0143,35,1.0,1.0,1.0,1.0,1.0
standard,svd32_graph_embedding,5,271,Aquatic Panda,G0143,35,1.0,1.0,1.0,1.0,1.0
standard,random_uniform,5,271,Ke3chang,G0004,46,0.0,0.0,0.0,0.013333333333333334,75.0
standard,frequency_prior,5,271,Ke3chang,G0004,46,0.0,0.0,0.0,0.03125,32.0
standard,overlap_cosine,5,271,Ke3chang,G0004,46,0.0,1.0,1.0,0.3333333333333333,3.0
standard,svd32_graph_embedding,5,271,Ke3chang,G0004,46,0.0,0.0,1.0,0.16666666666666666,6.0
standard,random_uniform,5,271,Saint Bear,G1031,18,0.0,0.0,0.0,0.029411764705882353,34.0
standard,frequency_prior,5,271,Saint Bear,G1031,18,0.0,0.0,0.0,0.011494252873563218,87.0
standard,overlap_cosine,5,271,Saint Bear,G1031,18,1.0,1.0,1.0,1.0,1.0
standard,svd32_graph_embedding,5,271,Saint Bear,G1031,18,1.0,1.0,1.0,1.0,1.0
standard,random_uniform,5,271,APT1,G0006,23,0.0,0.0,0.0,0.008333333333333333,120.0
standard,frequency_prior,5,271,APT1,G0006,23,0.0,0.0,0.0,0.013513513513513514,74.0
standard,overlap_cosine,5,271,APT1,G0006,23,1.0,1.0,1.0,1.0,1.0
standard,svd32_graph_embedding,5,271,APT1,G0006,23,1.0,1.0,1.0,1.0,1.0
standard,random_uniform,5,271,Confucius,G0142,19,0.0,0.0,0.0,0.007462686567164179,134.0
standard,frequency_prior,5,271,Confucius,G0142,19,0.0,0.0,0.0,0.011627906976744186,86.0
standard,overlap_cosine,5,271,Confucius,G0142,19,1.0,1.0,1.0,1.0,1.0
standard,svd32_graph_embedding,5,271,Confucius,G0142,19,1.0,1.0,1.0,1.0,1.0
standard,random_uniform,5,271,BlackTech,G0098,14,0.0,0.0,0.0,0.020833333333333332,48.0
standard,frequency_prior,5,271,BlackTech,G0098,14,0.0,0.0,0.0,0.009900990099009901,101.0
standard,overlap_cosine,5,271,BlackTech,G0098,14,1.0,1.0,1.0,1.0,1.0
standard,svd32_graph_embedding,5,271,BlackTech,G0098,14,1.0,1.0,1.0,1.0,1.0
standard,random_uniform,5,271,Leviathan,G0065,50,0.0,0.0,0.0,0.005780346820809248,173.0
standard,frequency_prior,5,271,Leviathan,G0065,50,0.0,0.0,0.0,0.03571428571428571,28.0
standard,overlap_cosine,5,271,Leviathan,G0065,50,1.0,1.0,1.0,1.0,1.0
standard,svd32_graph_embedding,5,271,Leviathan,G0065,50,0.0,1.0,1.0,0.2,5.0
standard,random_uniform,5,271,Blue Mockingbird,G0108,22,0.0,0.0,0.0,0.006369426751592357,157.0
standard,frequency_prior,5,271,Blue Mockingbird,G0108,22,0.0,0.0,0.0,0.013157894736842105,76.0
standard,overlap_cosine,5,271,Blue Mockingbird,G0108,22,1.0,1.0,1.0,1.0,1.0
standard,svd32_graph_embedding,5,271,Blue Mockingbird,G0108,22,0.0,1.0,1.0,0.3333333333333333,3.0
standard,random_uniform,5,271,Winter Vivern,G1035,27,0.0,0.0,0.0,0.07692307692307693,13.0
standard,frequency_prior,5,271,Winter Vivern,G1035,27,0.0,0.0,0.0,0.014925373134328358,67.0
standard,overlap_cosine,5,271,Winter Vivern,G1035,27,1.0,1.0,1.0,1.0,1.0
standard,svd32_graph_embedding,5,271,Winter Vivern,G1035,27,1.0,1.0,1.0,1.0,1.0
standard,random_uniform,5,271,Turla,G0010,68,0.0,0.0,0.0,0.0196078431372549,51.0
standard,frequency_prior,5,271,Turla,G0010,68,0.0,0.0,0.0,0.07692307692307693,13.0
standard,overlap_cosine,5,271,Turla,G0010,68,1.0,1.0,1.0,1.0,1.0
standard,svd32_graph_embedding,5,271,Turla,G0010,68,1.0,1.0,1.0,1.0,1.0
standard,random_uniform,5,271,Storm-0501,G1053,42,0.0,0.0,0.0,0.043478260869565216,23.0
standard,frequency_prior,5,271,Storm-0501,G1053,42,0.0,0.0,0.0,0.02564102564102564,39.0
standard,overlap_cosine,5,271,Storm-0501,G1053,42,1.0,1.0,1.0,1.0,1.0
standard,svd32_graph_embedding,5,271,Storm-0501,G1053,42,1.0,1.0,1.0,1.0,1.0
standard,random_uniform,5,271,TA505,G0092,34,0.0,0.0,0.0,0.012987012987012988,77.0
standard,frequency_prior,5,271,TA505,G0092,34,0.0,0.0,0.0,0.019230769230769232,52.0
standard,overlap_cosine,5,271,TA505,G0092,34,1.0,1.0,1.0,1.0,1.0
standard,svd32_graph_embedding,5,271,TA505,G0092,34,0.0,1.0,1.0,0.2,5.0
standard,random_uniform,5,271,BITTER,G1002,16,0.0,0.0,0.0,0.014925373134328358,67.0
standard,frequency_prior,5,271,BITTER,G1002,16,0.0,0.0,0.0,0.010416666666666666,96.0
standard,overlap_cosine,5,271,BITTER,G1002,16,1.0,1.0,1.0,1.0,1.0
standard,svd32_graph_embedding,5,271,BITTER,G1002,16,1.0,1.0,1.0,1.0,1.0
standard,random_uniform,5,271,DarkVishnya,G0105,10,0.0,0.0,0.0,0.09090909090909091,11.0
standard,frequency_prior,5,271,DarkVishnya,G0105,10,0.0,0.0,0.0,0.008264462809917356,121.0
standard,overlap_cosine,5,271,DarkVishnya,G0105,10,1.0,1.0,1.0,1.0,1.0
standard,svd32_graph_embedding,5,271,DarkVishnya,G0105,10,1.0,1.0,1.0,1.0,1.0
standard,random_uniform,5,271,RedCurl,G1039,41,0.0,0.0,0.0,0.006369426751592357,157.0
standard,frequency_prior,5,271,RedCurl,G1039,41,0.0,0.0,0.0,0.024390243902439025,41.0
standard,overlap_cosine,5,271,RedCurl,G1039,41,0.0,1.0,1.0,0.2,5.0
standard,svd32_graph_embedding,5,271,RedCurl,G1039,41,0.0,0.0,0.0,0.037037037037037035,27.0
standard,random_uniform,5,271,FIN5,G0053,11,0.0,0.0,0.0,0.09090909090909091,11.0
standard,frequency_prior,5,271,FIN5,G0053,11,0.0,0.0,0.0,0.008695652173913044,115.0
standard,overlap_cosine,5,271,FIN5,G0053,11,1.0,1.0,1.0,1.0,1.0
standard,svd32_graph_embedding,5,271,FIN5,G0053,11,1.0,1.0,1.0,1.0,1.0
standard,random_uniform,5,271,Lotus Blossom,G0030,21,0.0,0.0,0.0,0.018867924528301886,53.0
standard,frequency_prior,5,271,Lotus Blossom,G0030,21,0.0,0.0,0.0,0.012658227848101266,79.0
standard,overlap_cosine,5,271,Lotus Blossom,G0030,21,1.0,1.0,1.0,1.0,1.0
standard,svd32_graph_embedding,5,271,Lotus Blossom,G0030,21,1.0,1.0,1.0,1.0,1.0
standard,random_uniform,5,271,Stealth Falcon,G0038,16,0.0,0.0,0.0,0.020833333333333332,48.0
standard,frequency_prior,5,271,Stealth Falcon,G0038,16,0.0,0.0,0.0,0.010752688172043012,93.0
standard,overlap_cosine,5,271,Stealth Falcon,G0038,16,1.0,1.0,1.0,1.0,1.0
standard,svd32_graph_embedding,5,271,Stealth Falcon,G0038,16,1.0,1.0,1.0,1.0,1.0
standard,random_uniform,5,271,APT29,G0016,66,0.0,0.0,0.0,0.016666666666666666,60.0
standard,frequency_prior,5,271,APT29,G0016,66,0.0,0.0,0.0,0.06666666666666667,15.0
standard,overlap_cosine,5,271,APT29,G0016,66,1.0,1.0,1.0,1.0,1.0
standard,svd32_graph_embedding,5,271,APT29,G0016,66,1.0,1.0,1.0,1.0,1.0
standard,random_uniform,5,271,Dark Caracal,G0070,12,0.0,0.0,0.0,0.0072992700729927005,137.0
standard,frequency_prior,5,271,Dark Caracal,G0070,12,0.0,0.0,0.0,0.009174311926605505,109.0
standard,overlap_cosine,5,271,Dark Caracal,G0070,12,1.0,1.0,1.0,1.0,1.0
standard,svd32_graph_embedding,5,271,Dark Caracal,G0070,12,1.0,1.0,1.0,1.0,1.0
standard,random_uniform,5,271,Cinnamon Tempest,G1021,19,0.0,0.0,0.0,0.006896551724137931,145.0
standard,frequency_prior,5,271,Cinnamon Tempest,G1021,19,0.0,0.0,0.0,0.011904761904761904,84.0
standard,overlap_cosine,5,271,Cinnamon Tempest,G1021,19,1.0,1.0,1.0,1.0,1.0
standard,svd32_graph_embedding,5,271,Cinnamon Tempest,G1021,19,1.0,1.0,1.0,1.0,1.0
standard,random_uniform,5,271,Chimera,G0114,59,0.0,0.0,0.0,0.006944444444444444,144.0
standard,frequency_prior,5,271,Chimera,G0114,59,0.0,0.0,0.0,0.05263157894736842,19.0
standard,overlap_cosine,5,271,Chimera,G0114,59,0.0,1.0,1.0,0.5,2.0
standard,svd32_graph_embedding,5,271,Chimera,G0114,59,0.0,1.0,1.0,0.3333333333333333,3.0
standard,random_uniform,5,271,MirrorFace,G1054,43,0.0,0.0,0.0,0.016666666666666666,60.0
standard,frequency_prior,5,271,MirrorFace,G1054,43,0.0,0.0,0.0,0.02631578947368421,38.0
standard,overlap_cosine,5,271,MirrorFace,G1054,43,0.0,1.0,1.0,0.5,2.0
standard,svd32_graph_embedding,5,271,MirrorFace,G1054,43,1.0,1.0,1.0,1.0,1.0
standard,random_uniform,5,271,Silent Librarian,G0122,13,0.0,0.0,0.0,0.0070921985815602835,141.0
standard,frequency_prior,5,271,Silent Librarian,G0122,13,0.0,0.0,0.0,0.009523809523809525,105.0
standard,overlap_cosine,5,271,Silent Librarian,G0122,13,1.0,1.0,1.0,1.0,1.0
standard,svd32_graph_embedding,5,271,Silent Librarian,G0122,13,1.0,1.0,1.0,1.0,1.0
standard,random_uniform,5,271,Medusa Group,G1051,57,0.0,0.0,0.0,0.00847457627118644,118.0
standard,frequency_prior,5,271,Medusa Group,G1051,57,0.0,0.0,0.0,0.047619047619047616,21.0
standard,overlap_cosine,5,271,Medusa Group,G1051,57,1.0,1.0,1.0,1.0,1.0
standard,svd32_graph_embedding,5,271,Medusa Group,G1051,57,1.0,1.0,1.0,1.0,1.0
standard,random_uniform,5,271,BRONZE BUTLER,G0060,40,0.0,0.0,0.0,0.007142857142857143,140.0
standard,frequency_prior,5,271,BRONZE BUTLER,G0060,40,0.0,0.0,0.0,0.022727272727272728,44.0
standard,overlap_cosine,5,271,BRONZE BUTLER,G0060,40,0.0,1.0,1.0,0.5,2.0
standard,svd32_graph_embedding,5,271,BRONZE BUTLER,G0060,40,1.0,1.0,1.0,1.0,1.0
standard,random_uniform,5,271,TA551,G0127,14,0.0,1.0,1.0,0.5,2.0
standard,frequency_prior,5,271,TA551,G0127,14,0.0,0.0,0.0,0.01,100.0
standard,overlap_cosine,5,271,TA551,G0127,14,1.0,1.0,1.0,1.0,1.0
standard,svd32_graph_embedding,5,271,TA551,G0127,14,1.0,1.0,1.0,1.0,1.0
standard,random_uniform,5,271,BackdoorDiplomacy,G0135,15,0.0,0.0,0.0,0.008771929824561403,114.0
standard,frequency_prior,5,271,BackdoorDiplomacy,G0135,15,0.0,0.0,0.0,0.010101010101010102,99.0
standard,overlap_cosine,5,271,BackdoorDiplomacy,G0135,15,1.0,1.0,1.0,1.0,1.0
standard,svd32_graph_embedding,5,271,BackdoorDiplomacy,G0135,15,1.0,1.0,1.0,1.0,1.0
standard,random_uniform,5,271,Star Blizzard,G1033,20,0.0,0.0,1.0,0.1111111111111111,9.0
standard,frequency_prior,5,271,Star Blizzard,G1033,20,0.0,0.0,0.0,0.012195121951219513,82.0
standard,overlap_cosine,5,271,Star Blizzard,G1033,20,1.0,1.0,1.0,1.0,1.0
standard,svd32_graph_embedding,5,271,Star Blizzard,G1033,20,1.0,1.0,1.0,1.0,1.0
standard,random_uniform,5,271,Darkhotel,G0012,24,0.0,0.0,0.0,0.008620689655172414,116.0
standard,frequency_prior,5,271,Darkhotel,G0012,24,0.0,0.0,0.0,0.0136986301369863,73.0
standard,overlap_cosine,5,271,Darkhotel,G0012,24,0.0,1.0,1.0,0.2,5.0
standard,svd32_graph_embedding,5,271,Darkhotel,G0012,24,0.0,0.0,1.0,0.1111111111111111,9.0
standard,random_uniform,5,271,Axiom,G0001,16,0.0,0.0,0.0,0.016129032258064516,62.0
standard,frequency_prior,5,271,Axiom,G0001,16,0.0,0.0,0.0,0.010638297872340425,94.0
standard,overlap_cosine,5,271,Axiom,G0001,16,1.0,1.0,1.0,1.0,1.0
standard,svd32_graph_embedding,5,271,Axiom,G0001,16,1.0,1.0,1.0,1.0,1.0
standard,random_uniform,5,271,Deep Panda,G0009,10,0.0,0.0,0.0,0.058823529411764705,17.0
standard,frequency_prior,5,271,Deep Panda,G0009,10,0.0,0.0,0.0,0.008333333333333333,120.0
standard,overlap_cosine,5,271,Deep Panda,G0009,10,1.0,1.0,1.0,1.0,1.0
standard,svd32_graph_embedding,5,271,Deep Panda,G0009,10,1.0,1.0,1.0,1.0,1.0
standard,random_uniform,5,271,Ember Bear,G1003,47,0.0,0.0,0.0,0.03333333333333333,30.0
standard,frequency_prior,5,271,Ember Bear,G1003,47,0.0,0.0,0.0,0.03225806451612903,31.0
standard,overlap_cosine,5,271,Ember Bear,G1003,47,1.0,1.0,1.0,1.0,1.0
standard,svd32_graph_embedding,5,271,Ember Bear,G1003,47,1.0,1.0,1.0,1.0,1.0
standard,random_uniform,5,271,LazyScripter,G0140,20,0.0,0.0,0.0,0.030303030303030304,33.0
standard,frequency_prior,5,271,LazyScripter,G0140,20,0.0,0.0,0.0,0.012345679012345678,81.0
standard,overlap_cosine,5,271,LazyScripter,G0140,20,0.0,1.0,1.0,0.5,2.0
standard,svd32_graph_embedding,5,271,LazyScripter,G0140,20,1.0,1.0,1.0,1.0,1.0
standard,random_uniform,5,271,Windshift,G0112,19,0.0,0.0,0.0,0.0625,16.0
standard,frequency_prior,5,271,Windshift,G0112,19,0.0,0.0,0.0,0.011764705882352941,85.0
standard,overlap_cosine,5,271,Windshift,G0112,19,1.0,1.0,1.0,1.0,1.0
standard,svd32_graph_embedding,5,271,Windshift,G0112,19,0.0,1.0,1.0,0.25,4.0
standard,random_uniform,5,271,ToddyCat,G1022,25,0.0,0.0,0.0,0.037037037037037035,27.0
standard,frequency_prior,5,271,ToddyCat,G1022,25,0.0,0.0,0.0,0.013888888888888888,72.0
standard,overlap_cosine,5,271,ToddyCat,G1022,25,1.0,1.0,1.0,1.0,1.0
standard,svd32_graph_embedding,5,271,ToddyCat,G1022,25,1.0,1.0,1.0,1.0,1.0
standard,random_uniform,5,271,LuminousMoth,G1014,28,0.0,0.0,0.0,0.014705882352941176,68.0
standard,frequency_prior,5,271,LuminousMoth,G1014,28,0.0,0.0,0.0,0.015384615384615385,65.0
standard,overlap_cosine,5,271,LuminousMoth,G1014,28,1.0,1.0,1.0,1.0,1.0
standard,svd32_graph_embedding,5,271,LuminousMoth,G1014,28,1.0,1.0,1.0,1.0,1.0
standard,random_uniform,5,271,Agrius,G1030,22,0.0,0.0,0.0,0.013513513513513514,74.0
standard,frequency_prior,5,271,Agrius,G1030,22,0.0,0.0,0.0,0.013333333333333334,75.0
standard,overlap_cosine,5,271,Agrius,G1030,22,1.0,1.0,1.0,1.0,1.0
standard,svd32_graph_embedding,5,271,Agrius,G1030,22,1.0,1.0,1.0,1.0,1.0
standard,random_uniform,5,271,APT28,G0007,93,0.0,0.0,0.0,0.011494252873563218,87.0
standard,frequency_prior,5,271,APT28,G0007,93,0.0,1.0,1.0,0.5,2.0
standard,overlap_cosine,5,271,APT28,G0007,93,0.0,1.0,1.0,0.3333333333333333,3.0
standard,svd32_graph_embedding,5,271,APT28,G0007,93,0.0,1.0,1.0,0.5,2.0
standard,random_uniform,5,271,Malteiro,G1026,12,0.0,0.0,0.0,0.008620689655172414,116.0
standard,frequency_prior,5,271,Malteiro,G1026,12,0.0,0.0,0.0,0.008849557522123894,113.0
standard,overlap_cosine,5,271,Malteiro,G1026,12,1.0,1.0,1.0,1.0,1.0
standard,svd32_graph_embedding,5,271,Malteiro,G1026,12,1.0,1.0,1.0,1.0,1.0
standard,random_uniform,5,271,APT42,G1044,32,0.0,0.0,0.0,0.007352941176470588,136.0
standard,frequency_prior,5,271,APT42,G1044,32,0.0,0.0,0.0,0.018518518518518517,54.0
standard,overlap_cosine,5,271,APT42,G1044,32,1.0,1.0,1.0,1.0,1.0
standard,svd32_graph_embedding,5,271,APT42,G1044,32,0.0,1.0,1.0,0.25,4.0
standard,random_uniform,5,271,APT5,G1023,29,0.0,0.0,0.0,0.008547008547008548,117.0
standard,frequency_prior,5,271,APT5,G1023,29,0.0,0.0,0.0,0.016129032258064516,62.0
standard,overlap_cosine,5,271,APT5,G1023,29,1.0,1.0,1.0,1.0,1.0
standard,svd32_graph_embedding,5,271,APT5,G1023,29,1.0,1.0,1.0,1.0,1.0
standard,random_uniform,5,271,Fox Kitten,G0117,41,0.0,0.0,0.0,0.011111111111111112,90.0
standard,frequency_prior,5,271,Fox Kitten,G0117,41,0.0,0.0,0.0,0.023809523809523808,42.0
standard,overlap_cosine,5,271,Fox Kitten,G0117,41,1.0,1.0,1.0,1.0,1.0
standard,svd32_graph_embedding,5,271,Fox Kitten,G0117,41,1.0,1.0,1.0,1.0,1.0
standard,random_uniform,5,271,APT-C-36,G0099,38,0.0,0.0,0.0,0.011627906976744186,86.0
standard,frequency_prior,5,271,APT-C-36,G0099,38,0.0,0.0,0.0,0.021739130434782608,46.0
standard,overlap_cosine,5,271,APT-C-36,G0099,38,1.0,1.0,1.0,1.0,1.0
standard,svd32_graph_embedding,5,271,APT-C-36,G0099,38,0.0,1.0,1.0,0.5,2.0
standard,random_uniform,5,271,Tonto Team,G0131,15,0.0,0.0,0.0,0.006097560975609756,164.0
standard,frequency_prior,5,271,Tonto Team,G0131,15,0.0,0.0,0.0,0.010309278350515464,97.0
standard,overlap_cosine,5,271,Tonto Team,G0131,15,1.0,1.0,1.0,1.0,1.0
standard,svd32_graph_embedding,5,271,Tonto Team,G0131,15,1.0,1.0,1.0,1.0,1.0
standard,random_uniform,5,271,Lazarus Group,G0032,93,0.0,0.0,0.0,0.014285714285714285,70.0
standard,frequency_prior,5,271,Lazarus Group,G0032,93,0.0,1.0,1.0,0.3333333333333333,3.0
standard,overlap_cosine,5,271,Lazarus Group,G0032,93,0.0,0.0,0.0,0.07142857142857142,14.0
standard,svd32_graph_embedding,5,271,Lazarus Group,G0032,93,0.0,0.0,0.0,0.041666666666666664,24.0
standard,random_uniform,5,271,INC Ransom,G1032,25,0.0,0.0,0.0,0.008403361344537815,119.0
standard,frequency_prior,5,271,INC Ransom,G1032,25,0.0,0.0,0.0,0.014084507042253521,71.0
standard,overlap_cosine,5,271,INC Ransom,G1032,25,1.0,1.0,1.0,1.0,1.0
standard,svd32_graph_embedding,5,271,INC Ransom,G1032,25,1.0,1.0,1.0,1.0,1.0
standard,random_uniform,5,271,Earth Lusca,G1006,44,0.0,0.0,0.0,0.016666666666666666,60.0
standard,frequency_prior,5,271,Earth Lusca,G1006,44,0.0,0.0,0.0,0.029411764705882353,34.0
standard,overlap_cosine,5,271,Earth Lusca,G1006,44,1.0,1.0,1.0,1.0,1.0
standard,svd32_graph_embedding,5,271,Earth Lusca,G1006,44,1.0,1.0,1.0,1.0,1.0
standard,random_uniform,5,271,FIN4,G0085,12,0.0,0.0,0.0,0.01282051282051282,78.0
standard,frequency_prior,5,271,FIN4,G0085,12,0.0,0.0,0.0,0.009009009009009009,111.0
standard,overlap_cosine,5,271,FIN4,G0085,12,1.0,1.0,1.0,1.0,1.0
standard,svd32_graph_embedding,5,271,FIN4,G0085,12,1.0,1.0,1.0,1.0,1.0
standard,random_uniform,5,271,Silence,G0091,28,0.0,0.0,0.0,0.020833333333333332,48.0
standard,frequency_prior,5,271,Silence,G0091,28,0.0,0.0,0.0,0.015151515151515152,66.0
standard,overlap_cosine,5,271,Silence,G0091,28,1.0,1.0,1.0,1.0,1.0
standard,svd32_graph_embedding,5,271,Silence,G0091,28,0.0,0.0,1.0,0.16666666666666666,6.0
standard,random_uniform,5,271,LAPSUS$,G1004,43,1.0,1.0,1.0,1.0,1.0
standard,frequency_prior,5,271,LAPSUS$,G1004,43,0.0,0.0,0.0,0.02702702702702703,37.0
standard,overlap_cosine,5,271,LAPSUS$,G1004,43,1.0,1.0,1.0,1.0,1.0
standard,svd32_graph_embedding,5,271,LAPSUS$,G1004,43,1.0,1.0,1.0,1.0,1.0
standard,random_uniform,5,271,Cobalt Group,G0080,34,0.0,1.0,1.0,0.25,4.0
standard,frequency_prior,5,271,Cobalt Group,G0080,34,0.0,0.0,0.0,0.0196078431372549,51.0
standard,overlap_cosine,5,271,Cobalt Group,G0080,34,0.0,1.0,1.0,0.5,2.0
standard,svd32_graph_embedding,5,271,Cobalt Group,G0080,34,0.0,1.0,1.0,0.3333333333333333,3.0
standard,random_uniform,5,271,Wizard Spider,G0102,64,0.0,0.0,0.0,0.010416666666666666,96.0
standard,frequency_prior,5,271,Wizard Spider,G0102,64,0.0,0.0,0.0,0.058823529411764705,17.0
standard,overlap_cosine,5,271,Wizard Spider,G0102,64,0.0,1.0,1.0,0.3333333333333333,3.0
standard,svd32_graph_embedding,5,271,Wizard Spider,G0102,64,1.0,1.0,1.0,1.0,1.0
standard,random_uniform,5,271,Molerats,G0021,16,0.0,0.0,0.0,0.007246376811594203,138.0
standard,frequency_prior,5,271,Molerats,G0021,16,0.0,0.0,0.0,0.010869565217391304,92.0
standard,overlap_cosine,5,271,Molerats,G0021,16,1.0,1.0,1.0,1.0,1.0
standard,svd32_graph_embedding,5,271,Molerats,G0021,16,0.0,1.0,1.0,0.3333333333333333,3.0
standard,random_uniform,5,271,Velvet Ant,G1047,22,0.0,0.0,0.0,0.010869565217391304,92.0
standard,frequency_prior,5,271,Velvet Ant,G1047,22,0.0,0.0,0.0,0.012987012987012988,77.0
standard,overlap_cosine,5,271,Velvet Ant,G1047,22,1.0,1.0,1.0,1.0,1.0
standard,svd32_graph_embedding,5,271,Velvet Ant,G1047,22,1.0,1.0,1.0,1.0,1.0
standard,random_uniform,5,271,Transparent Tribe,G0134,14,0.0,0.0,0.0,0.0078125,128.0
standard,frequency_prior,5,271,Transparent Tribe,G0134,14,0.0,0.0,0.0,0.009615384615384616,104.0
standard,overlap_cosine,5,271,Transparent Tribe,G0134,14,1.0,1.0,1.0,1.0,1.0
standard,svd32_graph_embedding,5,271,Transparent Tribe,G0134,14,0.0,1.0,1.0,0.5,2.0
standard,random_uniform,5,271,Moonstone Sleet,G1036,30,0.0,0.0,0.0,0.019230769230769232,52.0
standard,frequency_prior,5,271,Moonstone Sleet,G1036,30,0.0,0.0,0.0,0.01694915254237288,59.0
standard,overlap_cosine,5,271,Moonstone Sleet,G1036,30,1.0,1.0,1.0,1.0,1.0
standard,svd32_graph_embedding,5,271,Moonstone Sleet,G1036,30,0.0,1.0,1.0,0.2,5.0
standard,random_uniform,5,271,Inception,G0100,22,0.0,0.0,0.0,0.00641025641025641,156.0
standard,frequency_prior,5,271,Inception,G0100,22,0.0,0.0,0.0,0.01282051282051282,78.0
standard,overlap_cosine,5,271,Inception,G0100,22,1.0,1.0,1.0,1.0,1.0
standard,svd32_graph_embedding,5,271,Inception,G0100,22,1.0,1.0,1.0,1.0,1.0
standard,random_uniform,5,271,VOID MANTICORE,G1055,63,0.0,0.0,0.0,0.011494252873563218,87.0
standard,frequency_prior,5,271,VOID MANTICORE,G1055,63,0.0,0.0,0.0,0.05555555555555555,18.0
standard,overlap_cosine,5,271,VOID MANTICORE,G1055,63,1.0,1.0,1.0,1.0,1.0
standard,svd32_graph_embedding,5,271,VOID MANTICORE,G1055,63,1.0,1.0,1.0,1.0,1.0
standard,random_uniform,5,271,Play,G1040,26,0.0,0.0,0.0,0.021739130434782608,46.0
standard,frequency_prior,5,271,Play,G1040,26,0.0,0.0,0.0,0.014492753623188406,69.0
standard,overlap_cosine,5,271,Play,G1040,26,1.0,1.0,1.0,1.0,1.0
standard,svd32_graph_embedding,5,271,Play,G1040,26,1.0,1.0,1.0,1.0,1.0
standard,random_uniform,5,271,PROMETHIUM,G0056,11,0.0,0.0,0.0,0.05555555555555555,18.0
standard,frequency_prior,5,271,PROMETHIUM,G0056,11,0.0,0.0,0.0,0.00847457627118644,118.0
standard,overlap_cosine,5,271,PROMETHIUM,G0056,11,1.0,1.0,1.0,1.0,1.0
standard,svd32_graph_embedding,5,271,PROMETHIUM,G0056,11,1.0,1.0,1.0,1.0,1.0
standard,random_uniform,5,271,HEXANE,G1001,36,0.0,0.0,0.0,0.038461538461538464,26.0
standard,frequency_prior,5,271,HEXANE,G1001,36,0.0,0.0,0.0,0.02040816326530612,49.0
standard,overlap_cosine,5,271,HEXANE,G1001,36,1.0,1.0,1.0,1.0,1.0
standard,svd32_graph_embedding,5,271,HEXANE,G1001,36,0.0,0.0,1.0,0.1111111111111111,9.0
standard,random_uniform,5,271,Daggerfly,G1034,17,0.0,0.0,0.0,0.006211180124223602,161.0
standard,frequency_prior,5,271,Daggerfly,G1034,17,0.0,0.0,0.0,0.011235955056179775,89.0
standard,overlap_cosine,5,271,Daggerfly,G1034,17,1.0,1.0,1.0,1.0,1.0
standard,svd32_graph_embedding,5,271,Daggerfly,G1034,17,1.0,1.0,1.0,1.0,1.0
standard,random_uniform,5,271,WIRTE,G0090,26,0.0,0.0,0.0,0.009433962264150943,106.0
standard,frequency_prior,5,271,WIRTE,G0090,26,0.0,0.0,0.0,0.014285714285714285,70.0
standard,overlap_cosine,5,271,WIRTE,G0090,26,0.0,1.0,1.0,0.5,2.0
standard,svd32_graph_embedding,5,271,WIRTE,G0090,26,0.0,1.0,1.0,0.5,2.0
standard,random_uniform,5,271,PLATINUM,G0068,11,0.0,0.0,0.0,0.011627906976744186,86.0
standard,frequency_prior,5,271,PLATINUM,G0068,11,0.0,0.0,0.0,0.008547008547008548,117.0
standard,overlap_cosine,5,271,PLATINUM,G0068,11,1.0,1.0,1.0,1.0,1.0
standard,svd32_graph_embedding,5,271,PLATINUM,G0068,11,0.0,1.0,1.0,0.2,5.0
standard,random_uniform,5,271,Magic Hound,G0059,78,0.0,0.0,0.0,0.011904761904761904,84.0
standard,frequency_prior,5,271,Magic Hound,G0059,78,0.0,0.0,1.0,0.1111111111111111,9.0
standard,overlap_cosine,5,271,Magic Hound,G0059,78,0.0,1.0,1.0,0.5,2.0
standard,svd32_graph_embedding,5,271,Magic Hound,G0059,78,1.0,1.0,1.0,1.0,1.0
standard,random_uniform,5,271,Threat Group-3390,G0027,57,0.0,0.0,0.0,0.007936507936507936,126.0
standard,frequency_prior,5,271,Threat Group-3390,G0027,57,0.0,0.0,0.0,0.05,20.0
standard,overlap_cosine,5,271,Threat Group-3390,G0027,57,1.0,1.0,1.0,1.0,1.0
standard,svd32_graph_embedding,5,271,Threat Group-3390,G0027,57,0.0,1.0,1.0,0.3333333333333333,3.0
standard,random_uniform,5,271,APT33,G0064,31,0.0,0.0,0.0,0.009900990099009901,101.0
standard,frequency_prior,5,271,APT33,G0064,31,0.0,0.0,0.0,0.017857142857142856,56.0
standard,overlap_cosine,5,271,APT33,G0064,31,0.0,1.0,1.0,0.5,2.0
standard,svd32_graph_embedding,5,271,APT33,G0064,31,1.0,1.0,1.0,1.0,1.0
standard,random_uniform,5,271,FIN10,G0051,11,0.0,0.0,0.0,0.0058823529411764705,170.0
standard,frequency_prior,5,271,FIN10,G0051,11,0.0,0.0,0.0,0.008620689655172414,116.0
standard,overlap_cosine,5,271,FIN10,G0051,11,1.0,1.0,1.0,1.0,1.0
standard,svd32_graph_embedding,5,271,FIN10,G0051,11,1.0,1.0,1.0,1.0,1.0
standard,random_uniform,5,271,FIN8,G0061,36,0.0,1.0,1.0,0.3333333333333333,3.0
standard,frequency_prior,5,271,FIN8,G0061,36,0.0,0.0,0.0,0.02127659574468085,47.0
standard,overlap_cosine,5,271,FIN8,G0061,36,0.0,1.0,1.0,0.5,2.0
standard,svd32_graph_embedding,5,271,FIN8,G0061,36,0.0,0.0,1.0,0.16666666666666666,6.0
standard,random_uniform,5,271,FIN13,G1016,53,0.0,0.0,0.0,0.007518796992481203,133.0
standard,frequency_prior,5,271,FIN13,G1016,53,0.0,0.0,0.0,0.037037037037037035,27.0
standard,overlap_cosine,5,271,FIN13,G1016,53,0.0,1.0,1.0,0.25,4.0
standard,svd32_graph_embedding,5,271,FIN13,G1016,53,0.0,1.0,1.0,0.5,2.0
standard,random_uniform,5,271,APT19,G0073,21,0.0,0.0,0.0,0.007633587786259542,131.0
standard,frequency_prior,5,271,APT19,G0073,21,0.0,0.0,0.0,0.0125,80.0
standard,overlap_cosine,5,271,APT19,G0073,21,1.0,1.0,1.0,1.0,1.0
standard,svd32_graph_embedding,5,271,APT19,G0073,21,1.0,1.0,1.0,1.0,1.0
standard,random_uniform,5,1729,APT38,G0082,56,0.0,0.0,0.0,0.0078125,128.0
standard,frequency_prior,5,1729,APT38,G0082,56,0.0,0.0,0.0,0.041666666666666664,24.0
standard,overlap_cosine,5,1729,APT38,G0082,56,0.0,1.0,1.0,0.3333333333333333,3.0
standard,svd32_graph_embedding,5,1729,APT38,G0082,56,0.0,1.0,1.0,0.2,5.0
standard,random_uniform,5,1729,Indrik Spider,G0119,33,0.0,0.0,0.0,0.018867924528301886,53.0
standard,frequency_prior,5,1729,Indrik Spider,G0119,33,0.0,0.0,0.0,0.018867924528301886,53.0
standard,overlap_cosine,5,1729,Indrik Spider,G0119,33,1.0,1.0,1.0,1.0,1.0
standard,svd32_graph_embedding,5,1729,Indrik Spider,G0119,33,1.0,1.0,1.0,1.0,1.0
standard,random_uniform,5,1729,BlackByte,G1043,48,0.0,0.0,0.0,0.03571428571428571,28.0
standard,frequency_prior,5,1729,BlackByte,G1043,48,0.0,0.0,0.0,0.03333333333333333,30.0
standard,overlap_cosine,5,1729,BlackByte,G1043,48,1.0,1.0,1.0,1.0,1.0
standard,svd32_graph_embedding,5,1729,BlackByte,G1043,48,0.0,1.0,1.0,0.25,4.0
standard,random_uniform,5,1729,SideCopy,G1008,16,0.0,0.0,0.0,0.009259259259259259,108.0
standard,frequency_prior,5,1729,SideCopy,G1008,16,0.0,0.0,0.0,0.01098901098901099,91.0
standard,overlap_cosine,5,1729,SideCopy,G1008,16,1.0,1.0,1.0,1.0,1.0
standard,svd32_graph_embedding,5,1729,SideCopy,G1008,16,1.0,1.0,1.0,1.0,1.0
standard,random_uniform,5,1729,GALLIUM,G0093,31,0.0,0.0,0.0,0.013888888888888888,72.0
standard,frequency_prior,5,1729,GALLIUM,G0093,31,0.0,0.0,0.0,0.017543859649122806,57.0
standard,overlap_cosine,5,1729,GALLIUM,G0093,31,0.0,1.0,1.0,0.5,2.0
standard,svd32_graph_embedding,5,1729,GALLIUM,G0093,31,0.0,1.0,1.0,0.5,2.0
standard,random_uniform,5,1729,APT3,G0022,44,0.0,0.0,0.0,0.02631578947368421,38.0
standard,frequency_prior,5,1729,APT3,G0022,44,0.0,0.0,0.0,0.02857142857142857,35.0
standard,overlap_cosine,5,1729,APT3,G0022,44,1.0,1.0,1.0,1.0,1.0
standard,svd32_graph_embedding,5,1729,APT3,G0022,44,1.0,1.0,1.0,1.0,1.0
standard,random_uniform,5,1729,Mustard Tempest,G1020,12,0.0,0.0,0.0,0.009615384615384616,104.0
standard,frequency_prior,5,1729,Mustard Tempest,G1020,12,0.0,0.0,0.0,0.009433962264150943,106.0
standard,overlap_cosine,5,1729,Mustard Tempest,G1020,12,1.0,1.0,1.0,1.0,1.0
standard,svd32_graph_embedding,5,1729,Mustard Tempest,G1020,12,1.0,1.0,1.0,1.0,1.0
standard,random_uniform,5,1729,Kimsuky,G0094,130,0.0,0.0,0.0,0.043478260869565216,23.0
standard,frequency_prior,5,1729,Kimsuky,G0094,130,1.0,1.0,1.0,1.0,1.0
standard,overlap_cosine,5,1729,Kimsuky,G0094,130,0.0,1.0,1.0,0.3333333333333333,3.0
standard,svd32_graph_embedding,5,1729,Kimsuky,G0094,130,0.0,0.0,1.0,0.16666666666666666,6.0
standard,random_uniform,5,1729,EXOTIC LILY,G1011,15,0.0,0.0,0.0,0.014285714285714285,70.0
standard,frequency_prior,5,1729,EXOTIC LILY,G1011,15,0.0,0.0,0.0,0.01020408163265306,98.0
standard,overlap_cosine,5,1729,EXOTIC LILY,G1011,15,1.0,1.0,1.0,1.0,1.0
standard,svd32_graph_embedding,5,1729,EXOTIC LILY,G1011,15,1.0,1.0,1.0,1.0,1.0
standard,random_uniform,5,1729,admin@338,G0018,12,0.0,0.0,0.0,0.01694915254237288,59.0
standard,frequency_prior,5,1729,admin@338,G0018,12,0.0,0.0,0.0,0.00909090909090909,110.0
standard,overlap_cosine,5,1729,admin@338,G0018,12,1.0,1.0,1.0,1.0,1.0
standard,svd32_graph_embedding,5,1729,admin@338,G0018,12,1.0,1.0,1.0,1.0,1.0
standard,random_uniform,5,1729,Volt Typhoon,G1017,81,0.0,0.0,0.0,0.007518796992481203,133.0
standard,frequency_prior,5,1729,Volt Typhoon,G1017,81,0.0,0.0,1.0,0.16666666666666666,6.0
standard,overlap_cosine,5,1729,Volt Typhoon,G1017,81,1.0,1.0,1.0,1.0,1.0
standard,svd32_graph_embedding,5,1729,Volt Typhoon,G1017,81,1.0,1.0,1.0,1.0,1.0
standard,random_uniform,5,1729,Patchwork,G0040,41,0.0,0.0,0.0,0.010101010101010102,99.0
standard,frequency_prior,5,1729,Patchwork,G0040,41,0.0,0.0,0.0,0.025,40.0
standard,overlap_cosine,5,1729,Patchwork,G0040,41,0.0,1.0,1.0,0.3333333333333333,3.0
standard,svd32_graph_embedding,5,1729,Patchwork,G0040,41,0.0,0.0,1.0,0.16666666666666666,6.0
standard,random_uniform,5,1729,APT41,G0096,82,0.0,0.0,0.0,0.008403361344537815,119.0
standard,frequency_prior,5,1729,APT41,G0096,82,0.0,1.0,1.0,0.2,5.0
standard,overlap_cosine,5,1729,APT41,G0096,82,0.0,1.0,1.0,0.25,4.0
standard,svd32_graph_embedding,5,1729,APT41,G0096,82,0.0,0.0,1.0,0.14285714285714285,7.0
standard,random_uniform,5,1729,Salt Typhoon,G1045,14,0.0,0.0,0.0,0.012048192771084338,83.0
standard,frequency_prior,5,1729,Salt Typhoon,G1045,14,0.0,0.0,0.0,0.00980392156862745,102.0
standard,overlap_cosine,5,1729,Salt Typhoon,G1045,14,1.0,1.0,1.0,1.0,1.0
standard,svd32_graph_embedding,5,1729,Salt Typhoon,G1045,14,1.0,1.0,1.0,1.0,1.0
standard,random_uniform,5,1729,Dragonfly,G0035,56,0.0,0.0,0.0,0.006944444444444444,144.0
standard,frequency_prior,5,1729,Dragonfly,G0035,56,0.0,0.0,0.0,0.045454545454545456,22.0
standard,overlap_cosine,5,1729,Dragonfly,G0035,56,0.0,1.0,1.0,0.5,2.0
standard,svd32_graph_embedding,5,1729,Dragonfly,G0035,56,0.0,1.0,1.0,0.3333333333333333,3.0
standard,random_uniform,5,1729,Evilnum,G0120,11,0.0,0.0,0.0,0.047619047619047616,21.0
standard,frequency_prior,5,1729,Evilnum,G0120,11,0.0,0.0,0.0,0.008403361344537815,119.0
standard,overlap_cosine,5,1729,Evilnum,G0120,11,1.0,1.0,1.0,1.0,1.0
standard,svd32_graph_embedding,5,1729,Evilnum,G0120,11,1.0,1.0,1.0,1.0,1.0
standard,random_uniform,5,1729,Gorgon Group,G0078,16,0.0,0.0,0.0,0.006172839506172839,162.0
standard,frequency_prior,5,1729,Gorgon Group,G0078,16,0.0,0.0,0.0,0.010526315789473684,95.0
standard,overlap_cosine,5,1729,Gorgon Group,G0078,16,0.0,1.0,1.0,0.5,2.0
standard,svd32_graph_embedding,5,1729,Gorgon Group,G0078,16,0.0,0.0,1.0,0.125,8.0
standard,random_uniform,5,1729,menuPass,G0045,46,0.0,0.0,0.0,0.030303030303030304,33.0
standard,frequency_prior,5,1729,menuPass,G0045,46,0.0,0.0,0.0,0.030303030303030304,33.0
standard,overlap_cosine,5,1729,menuPass,G0045,46,0.0,1.0,1.0,0.3333333333333333,3.0
standard,svd32_graph_embedding,5,1729,menuPass,G0045,46,0.0,1.0,1.0,0.5,2.0
standard,random_uniform,5,1729,APT32,G0050,78,0.0,0.0,0.0,0.09090909090909091,11.0
standard,frequency_prior,5,1729,APT32,G0050,78,0.0,0.0,1.0,0.125,8.0
standard,overlap_cosine,5,1729,APT32,G0050,78,0.0,0.0,0.0,0.024390243902439025,41.0
standard,svd32_graph_embedding,5,1729,APT32,G0050,78,0.0,0.0,0.0,0.017543859649122806,57.0
standard,random_uniform,5,1729,HAFNIUM,G0125,44,0.0,0.0,1.0,0.1,10.0
standard,frequency_prior,5,1729,HAFNIUM,G0125,44,0.0,0.0,0.0,0.027777777777777776,36.0
standard,overlap_cosine,5,1729,HAFNIUM,G0125,44,1.0,1.0,1.0,1.0,1.0
standard,svd32_graph_embedding,5,1729,HAFNIUM,G0125,44,1.0,1.0,1.0,1.0,1.0
standard,random_uniform,5,1729,MuddyWater,G0069,68,0.0,0.0,0.0,0.007751937984496124,129.0
standard,frequency_prior,5,1729,MuddyWater,G0069,68,0.0,0.0,0.0,0.08333333333333333,12.0
standard,overlap_cosine,5,1729,MuddyWater,G0069,68,1.0,1.0,1.0,1.0,1.0
standard,svd32_graph_embedding,5,1729,MuddyWater,G0069,68,0.0,1.0,1.0,0.5,2.0
standard,random_uniform,5,1729,Naikon,G0019,14,0.0,0.0,0.0,0.006711409395973154,149.0
standard,frequency_prior,5,1729,Naikon,G0019,14,0.0,0.0,0.0,0.009708737864077669,103.0
standard,overlap_cosine,5,1729,Naikon,G0019,14,1.0,1.0,1.0,1.0,1.0
standard,svd32_graph_embedding,5,1729,Naikon,G0019,14,1.0,1.0,1.0,1.0,1.0
standard,random_uniform,5,1729,FIN6,G0037,40,0.0,0.0,0.0,0.006024096385542169,166.0
standard,frequency_prior,5,1729,FIN6,G0037,40,0.0,0.0,0.0,0.022222222222222223,45.0
standard,overlap_cosine,5,1729,FIN6,G0037,40,1.0,1.0,1.0,1.0,1.0
standard,svd32_graph_embedding,5,1729,FIN6,G0037,40,0.0,0.0,0.0,0.09090909090909091,11.0
standard,random_uniform,5,1729,Gamaredon Group,G0047,70,0.0,0.0,0.0,0.008064516129032258,124.0
standard,frequency_prior,5,1729,Gamaredon Group,G0047,70,0.0,0.0,0.0,0.09090909090909091,11.0
standard,overlap_cosine,5,1729,Gamaredon Group,G0047,70,1.0,1.0,1.0,1.0,1.0
standard,svd32_graph_embedding,5,1729,Gamaredon Group,G0047,70,0.0,1.0,1.0,0.5,2.0
standard,random_uniform,5,1729,Storm-1811,G1046,31,0.0,0.0,0.0,0.010101010101010102,99.0
standard,frequency_prior,5,1729,Storm-1811,G1046,31,0.0,0.0,0.0,0.01818181818181818,55.0
standard,overlap_cosine,5,1729,Storm-1811,G1046,31,1.0,1.0,1.0,1.0,1.0
standard,svd32_graph_embedding,5,1729,Storm-1811,G1046,31,1.0,1.0,1.0,1.0,1.0
standard,random_uniform,5,1729,Leafminer,G0077,17,0.0,0.0,0.0,0.007751937984496124,129.0
standard,frequency_prior,5,1729,Leafminer,G0077,17,0.0,0.0,0.0,0.011111111111111112,90.0
standard,overlap_cosine,5,1729,Leafminer,G0077,17,1.0,1.0,1.0,1.0,1.0
standard,svd32_graph_embedding,5,1729,Leafminer,G0077,17,1.0,1.0,1.0,1.0,1.0
standard,random_uniform,5,1729,TeamTNT,G0139,56,0.0,0.0,0.0,0.00847457627118644,118.0
standard,frequency_prior,5,1729,TeamTNT,G0139,56,0.0,0.0,0.0,0.043478260869565216,23.0
standard,overlap_cosine,5,1729,TeamTNT,G0139,56,1.0,1.0,1.0,1.0,1.0
standard,svd32_graph_embedding,5,1729,TeamTNT,G0139,56,1.0,1.0,1.0,1.0,1.0
standard,random_uniform,5,1729,FIN7,G0046,67,0.0,0.0,0.0,0.05555555555555555,18.0
standard,frequency_prior,5,1729,FIN7,G0046,67,0.0,0.0,0.0,0.07142857142857142,14.0
standard,overlap_cosine,5,1729,FIN7,G0046,67,0.0,0.0,1.0,0.16666666666666666,6.0
standard,svd32_graph_embedding,5,1729,FIN7,G0046,67,0.0,1.0,1.0,0.25,4.0
standard,random_uniform,5,1729,Sandworm Team,G0034,79,0.0,0.0,0.0,0.008,125.0
standard,frequency_prior,5,1729,Sandworm Team,G0034,79,0.0,0.0,1.0,0.14285714285714285,7.0
standard,overlap_cosine,5,1729,Sandworm Team,G0034,79,0.0,1.0,1.0,0.2,5.0
standard,svd32_graph_embedding,5,1729,Sandworm Team,G0034,79,0.0,1.0,1.0,0.25,4.0
standard,random_uniform,5,1729,Machete,G0095,11,0.0,0.0,0.0,0.017857142857142856,56.0
standard,frequency_prior,5,1729,Machete,G0095,11,0.0,0.0,0.0,0.008771929824561403,114.0
standard,overlap_cosine,5,1729,Machete,G0095,11,1.0,1.0,1.0,1.0,1.0
standard,svd32_graph_embedding,5,1729,Machete,G0095,11,1.0,1.0,1.0,1.0,1.0
standard,random_uniform,5,1729,APT18,G0026,12,0.0,0.0,0.0,0.02857142857142857,35.0
standard,frequency_prior,5,1729,APT18,G0026,12,0.0,0.0,0.0,0.009345794392523364,107.0
standard,overlap_cosine,5,1729,APT18,G0026,12,1.0,1.0,1.0,1.0,1.0
standard,svd32_graph_embedding,5,1729,APT18,G0026,12,1.0,1.0,1.0,1.0,1.0
standard,random_uniform,5,1729,Andariel,G0138,12,0.0,0.0,0.0,0.03571428571428571,28.0
standard,frequency_prior,5,1729,Andariel,G0138,12,0.0,0.0,0.0,0.009259259259259259,108.0
standard,overlap_cosine,5,1729,Andariel,G0138,12,1.0,1.0,1.0,1.0,1.0
standard,svd32_graph_embedding,5,1729,Andariel,G0138,12,0.0,1.0,1.0,0.5,2.0
standard,random_uniform,5,1729,CURIUM,G1012,19,0.0,0.0,0.0,0.07692307692307693,13.0
standard,frequency_prior,5,1729,CURIUM,G1012,19,0.0,0.0,0.0,0.012048192771084338,83.0
standard,overlap_cosine,5,1729,CURIUM,G1012,19,1.0,1.0,1.0,1.0,1.0
standard,svd32_graph_embedding,5,1729,CURIUM,G1012,19,1.0,1.0,1.0,1.0,1.0
standard,random_uniform,5,1729,Sidewinder,G0121,30,0.0,0.0,0.0,0.008695652173913044,115.0
standard,frequency_prior,5,1729,Sidewinder,G0121,30,0.0,0.0,0.0,0.017241379310344827,58.0
standard,overlap_cosine,5,1729,Sidewinder,G0121,30,0.0,1.0,1.0,0.5,2.0
standard,svd32_graph_embedding,5,1729,Sidewinder,G0121,30,0.0,0.0,0.0,0.09090909090909091,11.0
standard,random_uniform,5,1729,Mustang Panda,G0129,85,0.0,0.0,0.0,0.02702702702702703,37.0
standard,frequency_prior,5,1729,Mustang Panda,G0129,85,0.0,1.0,1.0,0.25,4.0
standard,overlap_cosine,5,1729,Mustang Panda,G0129,85,0.0,1.0,1.0,0.5,2.0
standard,svd32_graph_embedding,5,1729,Mustang Panda,G0129,85,0.0,0.0,1.0,0.16666666666666666,6.0
standard,random_uniform,5,1729,ZIRCONIUM,G0128,29,0.0,0.0,0.0,0.006060606060606061,165.0
standard,frequency_prior,5,1729,ZIRCONIUM,G0128,29,0.0,0.0,0.0,0.016666666666666666,60.0
standard,overlap_cosine,5,1729,ZIRCONIUM,G0128,29,1.0,1.0,1.0,1.0,1.0
standard,svd32_graph_embedding,5,1729,ZIRCONIUM,G0128,29,1.0,1.0,1.0,1.0,1.0
standard,random_uniform,5,1729,Rocke,G0106,36,0.0,0.0,0.0,0.007874015748031496,127.0
standard,frequency_prior,5,1729,Rocke,G0106,36,0.0,0.0,0.0,0.020833333333333332,48.0
standard,overlap_cosine,5,1729,Rocke,G0106,36,1.0,1.0,1.0,1.0,1.0
standard,svd32_graph_embedding,5,1729,Rocke,G0106,36,0.0,1.0,1.0,0.3333333333333333,3.0
standard,random_uniform,5,1729,Scattered Spider,G1015,64,0.0,0.0,0.0,0.005780346820809248,173.0
standard,frequency_prior,5,1729,Scattered Spider,G1015,64,0.0,0.0,0.0,0.0625,16.0
standard,overlap_cosine,5,1729,Scattered Spider,G1015,64,0.0,1.0,1.0,0.5,2.0
standard,svd32_graph_embedding,5,1729,Scattered Spider,G1015,64,1.0,1.0,1.0,1.0,1.0
standard,random_uniform,5,1729,APT39,G0087,53,0.0,0.0,0.0,0.012987012987012988,77.0
standard,frequency_prior,5,1729,APT39,G0087,53,0.0,0.0,0.0,0.038461538461538464,26.0
standard,overlap_cosine,5,1729,APT39,G0087,53,0.0,1.0,1.0,0.5,2.0
standard,svd32_graph_embedding,5,1729,APT39,G0087,53,1.0,1.0,1.0,1.0,1.0
standard,random_uniform,5,1729,UNC3886,G1048,49,0.0,0.0,0.0,0.022727272727272728,44.0
standard,frequency_prior,5,1729,UNC3886,G1048,49,0.0,0.0,0.0,0.034482758620689655,29.0
standard,overlap_cosine,5,1729,UNC3886,G1048,49,1.0,1.0,1.0,1.0,1.0
standard,svd32_graph_embedding,5,1729,UNC3886,G1048,49,1.0,1.0,1.0,1.0,1.0
standard,random_uniform,5,1729,Contagious Interview,G1052,54,0.0,0.0,0.0,0.008928571428571428,112.0
standard,frequency_prior,5,1729,Contagious Interview,G1052,54,0.0,0.0,0.0,0.04,25.0
standard,overlap_cosine,5,1729,Contagious Interview,G1052,54,0.0,1.0,1.0,0.3333333333333333,3.0
standard,svd32_graph_embedding,5,1729,Contagious Interview,G1052,54,0.0,0.0,1.0,0.16666666666666666,6.0
standard,random_uniform,5,1729,TA2541,G1018,28,0.0,0.0,0.0,0.025,40.0
standard,frequency_prior,5,1729,TA2541,G1018,28,0.0,0.0,0.0,0.015873015873015872,63.0
standard,overlap_cosine,5,1729,TA2541,G1018,28,1.0,1.0,1.0,1.0,1.0
standard,svd32_graph_embedding,5,1729,TA2541,G1018,28,1.0,1.0,1.0,1.0,1.0
standard,random_uniform,5,1729,Akira,G1024,17,0.0,0.0,0.0,0.007633587786259542,131.0
standard,frequency_prior,5,1729,Akira,G1024,17,0.0,0.0,0.0,0.011363636363636364,88.0
standard,overlap_cosine,5,1729,Akira,G1024,17,1.0,1.0,1.0,1.0,1.0
standard,svd32_graph_embedding,5,1729,Akira,G1024,17,1.0,1.0,1.0,1.0,1.0
standard,random_uniform,5,1729,APT37,G0067,29,0.0,0.0,0.0,0.0196078431372549,51.0
standard,frequency_prior,5,1729,APT37,G0067,29,0.0,0.0,0.0,0.01639344262295082,61.0
standard,overlap_cosine,5,1729,APT37,G0067,29,1.0,1.0,1.0,1.0,1.0
standard,svd32_graph_embedding,5,1729,APT37,G0067,29,1.0,1.0,1.0,1.0,1.0
standard,random_uniform,5,1729,Moses Staff,G1009,12,0.0,0.0,0.0,0.01282051282051282,78.0
standard,frequency_prior,5,1729,Moses Staff,G1009,12,0.0,0.0,0.0,0.008928571428571428,112.0
standard,overlap_cosine,5,1729,Moses Staff,G1009,12,1.0,1.0,1.0,1.0,1.0
standard,svd32_graph_embedding,5,1729,Moses Staff,G1009,12,1.0,1.0,1.0,1.0,1.0
standard,random_uniform,5,1729,OilRig,G0049,76,0.0,0.0,0.0,0.007575757575757576,132.0
standard,frequency_prior,5,1729,OilRig,G0049,76,0.0,0.0,1.0,0.1,10.0
standard,overlap_cosine,5,1729,OilRig,G0049,76,0.0,0.0,1.0,0.14285714285714285,7.0
standard,svd32_graph_embedding,5,1729,OilRig,G0049,76,0.0,0.0,0.0,0.06666666666666667,15.0
standard,random_uniform,5,1729,Higaisa,G0126,28,0.0,0.0,0.0,0.041666666666666664,24.0
standard,frequency_prior,5,1729,Higaisa,G0126,28,0.0,0.0,0.0,0.015625,64.0
standard,overlap_cosine,5,1729,Higaisa,G0126,28,1.0,1.0,1.0,1.0,1.0
standard,svd32_graph_embedding,5,1729,Higaisa,G0126,28,0.0,0.0,1.0,0.14285714285714285,7.0
standard,random_uniform,5,1729,Tropic Trooper,G0081,40,0.0,0.0,0.0,0.008333333333333333,120.0
standard,frequency_prior,5,1729,Tropic Trooper,G0081,40,0.0,0.0,0.0,0.023255813953488372,43.0
standard,overlap_cosine,5,1729,Tropic Trooper,G0081,40,1.0,1.0,1.0,1.0,1.0
standard,svd32_graph_embedding,5,1729,Tropic Trooper,G0081,40,0.0,1.0,1.0,0.5,2.0
standard,random_uniform,5,1729,Sea Turtle,G1041,27,0.0,0.0,0.0,0.015873015873015872,63.0
standard,frequency_prior,5,1729,Sea Turtle,G1041,27,0.0,0.0,0.0,0.014705882352941176,68.0
standard,overlap_cosine,5,1729,Sea Turtle,G1041,27,1.0,1.0,1.0,1.0,1.0
standard,svd32_graph_embedding,5,1729,Sea Turtle,G1041,27,1.0,1.0,1.0,1.0,1.0
standard,random_uniform,5,1729,Aquatic Panda,G0143,35,0.0,0.0,0.0,0.012195121951219513,82.0
standard,frequency_prior,5,1729,Aquatic Panda,G0143,35,0.0,0.0,0.0,0.02,50.0
standard,overlap_cosine,5,1729,Aquatic Panda,G0143,35,1.0,1.0,1.0,1.0,1.0
standard,svd32_graph_embedding,5,1729,Aquatic Panda,G0143,35,0.0,1.0,1.0,0.5,2.0
standard,random_uniform,5,1729,Ke3chang,G0004,46,0.0,0.0,0.0,0.02127659574468085,47.0
standard,frequency_prior,5,1729,Ke3chang,G0004,46,0.0,0.0,0.0,0.03125,32.0
standard,overlap_cosine,5,1729,Ke3chang,G0004,46,1.0,1.0,1.0,1.0,1.0
standard,svd32_graph_embedding,5,1729,Ke3chang,G0004,46,1.0,1.0,1.0,1.0,1.0
standard,random_uniform,5,1729,Saint Bear,G1031,18,0.0,0.0,0.0,0.021739130434782608,46.0
standard,frequency_prior,5,1729,Saint Bear,G1031,18,0.0,0.0,0.0,0.011494252873563218,87.0
standard,overlap_cosine,5,1729,Saint Bear,G1031,18,1.0,1.0,1.0,1.0,1.0
standard,svd32_graph_embedding,5,1729,Saint Bear,G1031,18,0.0,1.0,1.0,0.2,5.0
standard,random_uniform,5,1729,APT1,G0006,23,0.0,0.0,0.0,0.007692307692307693,130.0
standard,frequency_prior,5,1729,APT1,G0006,23,0.0,0.0,0.0,0.013513513513513514,74.0
standard,overlap_cosine,5,1729,APT1,G0006,23,1.0,1.0,1.0,1.0,1.0
standard,svd32_graph_embedding,5,1729,APT1,G0006,23,0.0,1.0,1.0,0.3333333333333333,3.0
standard,random_uniform,5,1729,Confucius,G0142,19,0.0,0.0,0.0,0.008849557522123894,113.0
standard,frequency_prior,5,1729,Confucius,G0142,19,0.0,0.0,0.0,0.011627906976744186,86.0
standard,overlap_cosine,5,1729,Confucius,G0142,19,0.0,0.0,1.0,0.16666666666666666,6.0
standard,svd32_graph_embedding,5,1729,Confucius,G0142,19,0.0,0.0,0.0,0.09090909090909091,11.0
standard,random_uniform,5,1729,BlackTech,G0098,14,0.0,0.0,0.0,0.029411764705882353,34.0
standard,frequency_prior,5,1729,BlackTech,G0098,14,0.0,0.0,0.0,0.009900990099009901,101.0
standard,overlap_cosine,5,1729,BlackTech,G0098,14,1.0,1.0,1.0,1.0,1.0
standard,svd32_graph_embedding,5,1729,BlackTech,G0098,14,1.0,1.0,1.0,1.0,1.0
standard,random_uniform,5,1729,Leviathan,G0065,50,0.0,0.0,0.0,0.03225806451612903,31.0
standard,frequency_prior,5,1729,Leviathan,G0065,50,0.0,0.0,0.0,0.03571428571428571,28.0
standard,overlap_cosine,5,1729,Leviathan,G0065,50,0.0,1.0,1.0,0.5,2.0
standard,svd32_graph_embedding,5,1729,Leviathan,G0065,50,0.0,1.0,1.0,0.5,2.0
standard,random_uniform,5,1729,Blue Mockingbird,G0108,22,0.0,0.0,0.0,0.01639344262295082,61.0
standard,frequency_prior,5,1729,Blue Mockingbird,G0108,22,0.0,0.0,0.0,0.013157894736842105,76.0
standard,overlap_cosine,5,1729,Blue Mockingbird,G0108,22,0.0,1.0,1.0,0.5,2.0
standard,svd32_graph_embedding,5,1729,Blue Mockingbird,G0108,22,1.0,1.0,1.0,1.0,1.0
standard,random_uniform,5,1729,Winter Vivern,G1035,27,0.0,0.0,0.0,0.013513513513513514,74.0
standard,frequency_prior,5,1729,Winter Vivern,G1035,27,0.0,0.0,0.0,0.014925373134328358,67.0
standard,overlap_cosine,5,1729,Winter Vivern,G1035,27,1.0,1.0,1.0,1.0,1.0
standard,svd32_graph_embedding,5,1729,Winter Vivern,G1035,27,1.0,1.0,1.0,1.0,1.0
standard,random_uniform,5,1729,Turla,G0010,68,0.0,0.0,0.0,0.07692307692307693,13.0
standard,frequency_prior,5,1729,Turla,G0010,68,0.0,0.0,0.0,0.07692307692307693,13.0
standard,overlap_cosine,5,1729,Turla,G0010,68,0.0,1.0,1.0,0.3333333333333333,3.0
standard,svd32_graph_embedding,5,1729,Turla,G0010,68,1.0,1.0,1.0,1.0,1.0
standard,random_uniform,5,1729,Storm-0501,G1053,42,0.0,0.0,0.0,0.012658227848101266,79.0
standard,frequency_prior,5,1729,Storm-0501,G1053,42,0.0,0.0,0.0,0.02564102564102564,39.0
standard,overlap_cosine,5,1729,Storm-0501,G1053,42,1.0,1.0,1.0,1.0,1.0
standard,svd32_graph_embedding,5,1729,Storm-0501,G1053,42,1.0,1.0,1.0,1.0,1.0
standard,random_uniform,5,1729,TA505,G0092,34,0.0,0.0,0.0,0.0136986301369863,73.0
standard,frequency_prior,5,1729,TA505,G0092,34,0.0,0.0,0.0,0.019230769230769232,52.0
standard,overlap_cosine,5,1729,TA505,G0092,34,0.0,1.0,1.0,0.5,2.0
standard,svd32_graph_embedding,5,1729,TA505,G0092,34,1.0,1.0,1.0,1.0,1.0
standard,random_uniform,5,1729,BITTER,G1002,16,0.0,0.0,0.0,0.010526315789473684,95.0
standard,frequency_prior,5,1729,BITTER,G1002,16,0.0,0.0,0.0,0.010416666666666666,96.0
standard,overlap_cosine,5,1729,BITTER,G1002,16,0.0,1.0,1.0,0.5,2.0
standard,svd32_graph_embedding,5,1729,BITTER,G1002,16,1.0,1.0,1.0,1.0,1.0
standard,random_uniform,5,1729,DarkVishnya,G0105,10,0.0,0.0,0.0,0.0078125,128.0
standard,frequency_prior,5,1729,DarkVishnya,G0105,10,0.0,0.0,0.0,0.008264462809917356,121.0
standard,overlap_cosine,5,1729,DarkVishnya,G0105,10,1.0,1.0,1.0,1.0,1.0
standard,svd32_graph_embedding,5,1729,DarkVishnya,G0105,10,1.0,1.0,1.0,1.0,1.0
standard,random_uniform,5,1729,RedCurl,G1039,41,0.0,0.0,0.0,0.00980392156862745,102.0
standard,frequency_prior,5,1729,RedCurl,G1039,41,0.0,0.0,0.0,0.024390243902439025,41.0
standard,overlap_cosine,5,1729,RedCurl,G1039,41,0.0,1.0,1.0,0.3333333333333333,3.0
standard,svd32_graph_embedding,5,1729,RedCurl,G1039,41,0.0,1.0,1.0,0.25,4.0
standard,random_uniform,5,1729,FIN5,G0053,11,0.0,0.0,0.0,0.012048192771084338,83.0
standard,frequency_prior,5,1729,FIN5,G0053,11,0.0,0.0,0.0,0.008695652173913044,115.0
standard,overlap_cosine,5,1729,FIN5,G0053,11,1.0,1.0,1.0,1.0,1.0
standard,svd32_graph_embedding,5,1729,FIN5,G0053,11,1.0,1.0,1.0,1.0,1.0
standard,random_uniform,5,1729,Lotus Blossom,G0030,21,0.0,0.0,0.0,0.00909090909090909,110.0
standard,frequency_prior,5,1729,Lotus Blossom,G0030,21,0.0,0.0,0.0,0.012658227848101266,79.0
standard,overlap_cosine,5,1729,Lotus Blossom,G0030,21,1.0,1.0,1.0,1.0,1.0
standard,svd32_graph_embedding,5,1729,Lotus Blossom,G0030,21,1.0,1.0,1.0,1.0,1.0
standard,random_uniform,5,1729,Stealth Falcon,G0038,16,0.0,0.0,0.0,0.007518796992481203,133.0
standard,frequency_prior,5,1729,Stealth Falcon,G0038,16,0.0,0.0,0.0,0.010752688172043012,93.0
standard,overlap_cosine,5,1729,Stealth Falcon,G0038,16,1.0,1.0,1.0,1.0,1.0
standard,svd32_graph_embedding,5,1729,Stealth Falcon,G0038,16,1.0,1.0,1.0,1.0,1.0
standard,random_uniform,5,1729,APT29,G0016,66,0.0,0.0,0.0,0.015873015873015872,63.0
standard,frequency_prior,5,1729,APT29,G0016,66,0.0,0.0,0.0,0.06666666666666667,15.0
standard,overlap_cosine,5,1729,APT29,G0016,66,1.0,1.0,1.0,1.0,1.0
standard,svd32_graph_embedding,5,1729,APT29,G0016,66,1.0,1.0,1.0,1.0,1.0
standard,random_uniform,5,1729,Dark Caracal,G0070,12,0.0,0.0,0.0,0.011111111111111112,90.0
standard,frequency_prior,5,1729,Dark Caracal,G0070,12,0.0,0.0,0.0,0.009174311926605505,109.0
standard,overlap_cosine,5,1729,Dark Caracal,G0070,12,1.0,1.0,1.0,1.0,1.0
standard,svd32_graph_embedding,5,1729,Dark Caracal,G0070,12,1.0,1.0,1.0,1.0,1.0
standard,random_uniform,5,1729,Cinnamon Tempest,G1021,19,0.0,0.0,0.0,0.006369426751592357,157.0
standard,frequency_prior,5,1729,Cinnamon Tempest,G1021,19,0.0,0.0,0.0,0.011904761904761904,84.0
standard,overlap_cosine,5,1729,Cinnamon Tempest,G1021,19,1.0,1.0,1.0,1.0,1.0
standard,svd32_graph_embedding,5,1729,Cinnamon Tempest,G1021,19,0.0,1.0,1.0,0.5,2.0
standard,random_uniform,5,1729,Chimera,G0114,59,0.0,0.0,0.0,0.006993006993006993,143.0
standard,frequency_prior,5,1729,Chimera,G0114,59,0.0,0.0,0.0,0.05263157894736842,19.0
standard,overlap_cosine,5,1729,Chimera,G0114,59,0.0,1.0,1.0,0.5,2.0
standard,svd32_graph_embedding,5,1729,Chimera,G0114,59,0.0,1.0,1.0,0.5,2.0
standard,random_uniform,5,1729,MirrorFace,G1054,43,0.0,0.0,0.0,0.008264462809917356,121.0
standard,frequency_prior,5,1729,MirrorFace,G1054,43,0.0,0.0,0.0,0.02631578947368421,38.0
standard,overlap_cosine,5,1729,MirrorFace,G1054,43,1.0,1.0,1.0,1.0,1.0
standard,svd32_graph_embedding,5,1729,MirrorFace,G1054,43,0.0,1.0,1.0,0.3333333333333333,3.0
standard,random_uniform,5,1729,Silent Librarian,G0122,13,0.0,0.0,0.0,0.009523809523809525,105.0
standard,frequency_prior,5,1729,Silent Librarian,G0122,13,0.0,0.0,0.0,0.009523809523809525,105.0
standard,overlap_cosine,5,1729,Silent Librarian,G0122,13,1.0,1.0,1.0,1.0,1.0
standard,svd32_graph_embedding,5,1729,Silent Librarian,G0122,13,1.0,1.0,1.0,1.0,1.0
standard,random_uniform,5,1729,Medusa Group,G1051,57,0.0,0.0,0.0,0.022222222222222223,45.0
standard,frequency_prior,5,1729,Medusa Group,G1051,57,0.0,0.0,0.0,0.047619047619047616,21.0
standard,overlap_cosine,5,1729,Medusa Group,G1051,57,0.0,1.0,1.0,0.3333333333333333,3.0
standard,svd32_graph_embedding,5,1729,Medusa Group,G1051,57,0.0,1.0,1.0,0.5,2.0
standard,random_uniform,5,1729,BRONZE BUTLER,G0060,40,0.0,0.0,0.0,0.01,100.0
standard,frequency_prior,5,1729,BRONZE BUTLER,G0060,40,0.0,0.0,0.0,0.022727272727272728,44.0
standard,overlap_cosine,5,1729,BRONZE BUTLER,G0060,40,0.0,1.0,1.0,0.5,2.0
standard,svd32_graph_embedding,5,1729,BRONZE BUTLER,G0060,40,0.0,0.0,0.0,0.06666666666666667,15.0
standard,random_uniform,5,1729,TA551,G0127,14,0.0,0.0,0.0,0.010309278350515464,97.0
standard,frequency_prior,5,1729,TA551,G0127,14,0.0,0.0,0.0,0.01,100.0
standard,overlap_cosine,5,1729,TA551,G0127,14,1.0,1.0,1.0,1.0,1.0
standard,svd32_graph_embedding,5,1729,TA551,G0127,14,1.0,1.0,1.0,1.0,1.0
standard,random_uniform,5,1729,BackdoorDiplomacy,G0135,15,0.0,0.0,0.0,0.0136986301369863,73.0
standard,frequency_prior,5,1729,BackdoorDiplomacy,G0135,15,0.0,0.0,0.0,0.010101010101010102,99.0
standard,overlap_cosine,5,1729,BackdoorDiplomacy,G0135,15,0.0,1.0,1.0,0.5,2.0
standard,svd32_graph_embedding,5,1729,BackdoorDiplomacy,G0135,15,0.0,1.0,1.0,0.5,2.0
standard,random_uniform,5,1729,Star Blizzard,G1033,20,0.0,0.0,0.0,0.00980392156862745,102.0
standard,frequency_prior,5,1729,Star Blizzard,G1033,20,0.0,0.0,0.0,0.012195121951219513,82.0
standard,overlap_cosine,5,1729,Star Blizzard,G1033,20,0.0,1.0,1.0,0.5,2.0
standard,svd32_graph_embedding,5,1729,Star Blizzard,G1033,20,0.0,0.0,1.0,0.125,8.0
standard,random_uniform,5,1729,Darkhotel,G0012,24,0.0,0.0,0.0,0.006535947712418301,153.0
standard,frequency_prior,5,1729,Darkhotel,G0012,24,0.0,0.0,0.0,0.0136986301369863,73.0
standard,overlap_cosine,5,1729,Darkhotel,G0012,24,1.0,1.0,1.0,1.0,1.0
standard,svd32_graph_embedding,5,1729,Darkhotel,G0012,24,0.0,1.0,1.0,0.25,4.0
standard,random_uniform,5,1729,Axiom,G0001,16,0.0,0.0,0.0,0.030303030303030304,33.0
standard,frequency_prior,5,1729,Axiom,G0001,16,0.0,0.0,0.0,0.010638297872340425,94.0
standard,overlap_cosine,5,1729,Axiom,G0001,16,1.0,1.0,1.0,1.0,1.0
standard,svd32_graph_embedding,5,1729,Axiom,G0001,16,0.0,0.0,1.0,0.14285714285714285,7.0
standard,random_uniform,5,1729,Deep Panda,G0009,10,0.0,0.0,0.0,0.03225806451612903,31.0
standard,frequency_prior,5,1729,Deep Panda,G0009,10,0.0,0.0,0.0,0.008333333333333333,120.0
standard,overlap_cosine,5,1729,Deep Panda,G0009,10,1.0,1.0,1.0,1.0,1.0
standard,svd32_graph_embedding,5,1729,Deep Panda,G0009,10,1.0,1.0,1.0,1.0,1.0
standard,random_uniform,5,1729,Ember Bear,G1003,47,0.0,0.0,0.0,0.011363636363636364,88.0
standard,frequency_prior,5,1729,Ember Bear,G1003,47,0.0,0.0,0.0,0.03225806451612903,31.0
standard,overlap_cosine,5,1729,Ember Bear,G1003,47,1.0,1.0,1.0,1.0,1.0
standard,svd32_graph_embedding,5,1729,Ember Bear,G1003,47,1.0,1.0,1.0,1.0,1.0
standard,random_uniform,5,1729,LazyScripter,G0140,20,0.0,0.0,0.0,0.010526315789473684,95.0
standard,frequency_prior,5,1729,LazyScripter,G0140,20,0.0,0.0,0.0,0.012345679012345678,81.0
standard,overlap_cosine,5,1729,LazyScripter,G0140,20,1.0,1.0,1.0,1.0,1.0
standard,svd32_graph_embedding,5,1729,LazyScripter,G0140,20,1.0,1.0,1.0,1.0,1.0
standard,random_uniform,5,1729,Windshift,G0112,19,0.0,0.0,0.0,0.027777777777777776,36.0
standard,frequency_prior,5,1729,Windshift,G0112,19,0.0,0.0,0.0,0.011764705882352941,85.0
standard,overlap_cosine,5,1729,Windshift,G0112,19,1.0,1.0,1.0,1.0,1.0
standard,svd32_graph_embedding,5,1729,Windshift,G0112,19,0.0,1.0,1.0,0.5,2.0
standard,random_uniform,5,1729,ToddyCat,G1022,25,0.0,0.0,0.0,0.009009009009009009,111.0
standard,frequency_prior,5,1729,ToddyCat,G1022,25,0.0,0.0,0.0,0.013888888888888888,72.0
standard,overlap_cosine,5,1729,ToddyCat,G1022,25,1.0,1.0,1.0,1.0,1.0
standard,svd32_graph_embedding,5,1729,ToddyCat,G1022,25,0.0,1.0,1.0,0.25,4.0
standard,random_uniform,5,1729,LuminousMoth,G1014,28,0.0,0.0,0.0,0.009009009009009009,111.0
standard,frequency_prior,5,1729,LuminousMoth,G1014,28,0.0,0.0,0.0,0.015384615384615385,65.0
standard,overlap_cosine,5,1729,LuminousMoth,G1014,28,1.0,1.0,1.0,1.0,1.0
standard,svd32_graph_embedding,5,1729,LuminousMoth,G1014,28,1.0,1.0,1.0,1.0,1.0
standard,random_uniform,5,1729,Agrius,G1030,22,0.0,0.0,0.0,0.013888888888888888,72.0
standard,frequency_prior,5,1729,Agrius,G1030,22,0.0,0.0,0.0,0.013333333333333334,75.0
standard,overlap_cosine,5,1729,Agrius,G1030,22,1.0,1.0,1.0,1.0,1.0
standard,svd32_graph_embedding,5,1729,Agrius,G1030,22,1.0,1.0,1.0,1.0,1.0
standard,random_uniform,5,1729,APT28,G0007,93,0.0,0.0,0.0,0.008333333333333333,120.0
standard,frequency_prior,5,1729,APT28,G0007,93,0.0,1.0,1.0,0.5,2.0
standard,overlap_cosine,5,1729,APT28,G0007,93,0.0,1.0,1.0,0.3333333333333333,3.0
standard,svd32_graph_embedding,5,1729,APT28,G0007,93,0.0,1.0,1.0,0.5,2.0
standard,random_uniform,5,1729,Malteiro,G1026,12,0.0,0.0,0.0,0.05555555555555555,18.0
standard,frequency_prior,5,1729,Malteiro,G1026,12,0.0,0.0,0.0,0.008849557522123894,113.0
standard,overlap_cosine,5,1729,Malteiro,G1026,12,1.0,1.0,1.0,1.0,1.0
standard,svd32_graph_embedding,5,1729,Malteiro,G1026,12,1.0,1.0,1.0,1.0,1.0
standard,random_uniform,5,1729,APT42,G1044,32,0.0,0.0,0.0,0.01020408163265306,98.0
standard,frequency_prior,5,1729,APT42,G1044,32,0.0,0.0,0.0,0.018518518518518517,54.0
standard,overlap_cosine,5,1729,APT42,G1044,32,1.0,1.0,1.0,1.0,1.0
standard,svd32_graph_embedding,5,1729,APT42,G1044,32,1.0,1.0,1.0,1.0,1.0
standard,random_uniform,5,1729,APT5,G1023,29,0.0,0.0,0.0,0.018867924528301886,53.0
standard,frequency_prior,5,1729,APT5,G1023,29,0.0,0.0,0.0,0.016129032258064516,62.0
standard,overlap_cosine,5,1729,APT5,G1023,29,1.0,1.0,1.0,1.0,1.0
standard,svd32_graph_embedding,5,1729,APT5,G1023,29,1.0,1.0,1.0,1.0,1.0
standard,random_uniform,5,1729,Fox Kitten,G0117,41,0.0,0.0,0.0,0.009523809523809525,105.0
standard,frequency_prior,5,1729,Fox Kitten,G0117,41,0.0,0.0,0.0,0.023809523809523808,42.0
standard,overlap_cosine,5,1729,Fox Kitten,G0117,41,1.0,1.0,1.0,1.0,1.0
standard,svd32_graph_embedding,5,1729,Fox Kitten,G0117,41,0.0,1.0,1.0,0.5,2.0
standard,random_uniform,5,1729,APT-C-36,G0099,38,0.0,0.0,0.0,0.0625,16.0
standard,frequency_prior,5,1729,APT-C-36,G0099,38,0.0,0.0,0.0,0.021739130434782608,46.0
standard,overlap_cosine,5,1729,APT-C-36,G0099,38,1.0,1.0,1.0,1.0,1.0
standard,svd32_graph_embedding,5,1729,APT-C-36,G0099,38,1.0,1.0,1.0,1.0,1.0
standard,random_uniform,5,1729,Tonto Team,G0131,15,0.0,0.0,0.0,0.041666666666666664,24.0
standard,frequency_prior,5,1729,Tonto Team,G0131,15,0.0,0.0,0.0,0.010309278350515464,97.0
standard,overlap_cosine,5,1729,Tonto Team,G0131,15,1.0,1.0,1.0,1.0,1.0
standard,svd32_graph_embedding,5,1729,Tonto Team,G0131,15,1.0,1.0,1.0,1.0,1.0
standard,random_uniform,5,1729,Lazarus Group,G0032,93,0.0,0.0,0.0,0.01,100.0
standard,frequency_prior,5,1729,Lazarus Group,G0032,93,0.0,1.0,1.0,0.3333333333333333,3.0
standard,overlap_cosine,5,1729,Lazarus Group,G0032,93,0.0,0.0,1.0,0.14285714285714285,7.0
standard,svd32_graph_embedding,5,1729,Lazarus Group,G0032,93,0.0,0.0,0.0,0.07692307692307693,13.0
standard,random_uniform,5,1729,INC Ransom,G1032,25,0.0,0.0,0.0,0.010752688172043012,93.0
standard,frequency_prior,5,1729,INC Ransom,G1032,25,0.0,0.0,0.0,0.014084507042253521,71.0
standard,overlap_cosine,5,1729,INC Ransom,G1032,25,1.0,1.0,1.0,1.0,1.0
standard,svd32_graph_embedding,5,1729,INC Ransom,G1032,25,1.0,1.0,1.0,1.0,1.0
standard,random_uniform,5,1729,Earth Lusca,G1006,44,0.0,0.0,0.0,0.058823529411764705,17.0
standard,frequency_prior,5,1729,Earth Lusca,G1006,44,0.0,0.0,0.0,0.029411764705882353,34.0
standard,overlap_cosine,5,1729,Earth Lusca,G1006,44,0.0,0.0,1.0,0.16666666666666666,6.0
standard,svd32_graph_embedding,5,1729,Earth Lusca,G1006,44,0.0,0.0,0.0,0.07692307692307693,13.0
standard,random_uniform,5,1729,FIN4,G0085,12,0.0,0.0,0.0,0.011627906976744186,86.0
standard,frequency_prior,5,1729,FIN4,G0085,12,0.0,0.0,0.0,0.009009009009009009,111.0
standard,overlap_cosine,5,1729,FIN4,G0085,12,1.0,1.0,1.0,1.0,1.0
standard,svd32_graph_embedding,5,1729,FIN4,G0085,12,1.0,1.0,1.0,1.0,1.0
standard,random_uniform,5,1729,Silence,G0091,28,0.0,0.0,0.0,0.013333333333333334,75.0
standard,frequency_prior,5,1729,Silence,G0091,28,0.0,0.0,0.0,0.015151515151515152,66.0
standard,overlap_cosine,5,1729,Silence,G0091,28,0.0,1.0,1.0,0.3333333333333333,3.0
standard,svd32_graph_embedding,5,1729,Silence,G0091,28,0.0,1.0,1.0,0.3333333333333333,3.0
standard,random_uniform,5,1729,LAPSUS$,G1004,43,0.0,0.0,0.0,0.014705882352941176,68.0
standard,frequency_prior,5,1729,LAPSUS$,G1004,43,0.0,0.0,0.0,0.02702702702702703,37.0
standard,overlap_cosine,5,1729,LAPSUS$,G1004,43,1.0,1.0,1.0,1.0,1.0
standard,svd32_graph_embedding,5,1729,LAPSUS$,G1004,43,1.0,1.0,1.0,1.0,1.0
standard,random_uniform,5,1729,Cobalt Group,G0080,34,0.0,0.0,0.0,0.014925373134328358,67.0
standard,frequency_prior,5,1729,Cobalt Group,G0080,34,0.0,0.0,0.0,0.0196078431372549,51.0
standard,overlap_cosine,5,1729,Cobalt Group,G0080,34,0.0,1.0,1.0,0.5,2.0
standard,svd32_graph_embedding,5,1729,Cobalt Group,G0080,34,1.0,1.0,1.0,1.0,1.0
standard,random_uniform,5,1729,Wizard Spider,G0102,64,0.0,0.0,0.0,0.09090909090909091,11.0
standard,frequency_prior,5,1729,Wizard Spider,G0102,64,0.0,0.0,0.0,0.058823529411764705,17.0
standard,overlap_cosine,5,1729,Wizard Spider,G0102,64,1.0,1.0,1.0,1.0,1.0
standard,svd32_graph_embedding,5,1729,Wizard Spider,G0102,64,0.0,1.0,1.0,0.3333333333333333,3.0
standard,random_uniform,5,1729,Molerats,G0021,16,0.0,0.0,0.0,0.00684931506849315,146.0
standard,frequency_prior,5,1729,Molerats,G0021,16,0.0,0.0,0.0,0.010869565217391304,92.0
standard,overlap_cosine,5,1729,Molerats,G0021,16,0.0,1.0,1.0,0.3333333333333333,3.0
standard,svd32_graph_embedding,5,1729,Molerats,G0021,16,0.0,0.0,0.0,0.09090909090909091,11.0
standard,random_uniform,5,1729,Velvet Ant,G1047,22,0.0,0.0,0.0,0.02040816326530612,49.0
standard,frequency_prior,5,1729,Velvet Ant,G1047,22,0.0,0.0,0.0,0.012987012987012988,77.0
standard,overlap_cosine,5,1729,Velvet Ant,G1047,22,1.0,1.0,1.0,1.0,1.0
standard,svd32_graph_embedding,5,1729,Velvet Ant,G1047,22,1.0,1.0,1.0,1.0,1.0
standard,random_uniform,5,1729,Transparent Tribe,G0134,14,0.0,0.0,0.0,0.00641025641025641,156.0
standard,frequency_prior,5,1729,Transparent Tribe,G0134,14,0.0,0.0,0.0,0.009615384615384616,104.0
standard,overlap_cosine,5,1729,Transparent Tribe,G0134,14,0.0,1.0,1.0,0.5,2.0
standard,svd32_graph_embedding,5,1729,Transparent Tribe,G0134,14,1.0,1.0,1.0,1.0,1.0
standard,random_uniform,5,1729,Moonstone Sleet,G1036,30,0.0,0.0,0.0,0.010869565217391304,92.0
standard,frequency_prior,5,1729,Moonstone Sleet,G1036,30,0.0,0.0,0.0,0.01694915254237288,59.0
standard,overlap_cosine,5,1729,Moonstone Sleet,G1036,30,1.0,1.0,1.0,1.0,1.0
standard,svd32_graph_embedding,5,1729,Moonstone Sleet,G1036,30,0.0,1.0,1.0,0.5,2.0
standard,random_uniform,5,1729,Inception,G0100,22,0.0,0.0,0.0,0.007462686567164179,134.0
standard,frequency_prior,5,1729,Inception,G0100,22,0.0,0.0,0.0,0.01282051282051282,78.0
standard,overlap_cosine,5,1729,Inception,G0100,22,0.0,1.0,1.0,0.5,2.0
standard,svd32_graph_embedding,5,1729,Inception,G0100,22,0.0,1.0,1.0,0.25,4.0
standard,random_uniform,5,1729,VOID MANTICORE,G1055,63,0.0,1.0,1.0,0.2,5.0
standard,frequency_prior,5,1729,VOID MANTICORE,G1055,63,0.0,0.0,0.0,0.05555555555555555,18.0
standard,overlap_cosine,5,1729,VOID MANTICORE,G1055,63,0.0,1.0,1.0,0.25,4.0
standard,svd32_graph_embedding,5,1729,VOID MANTICORE,G1055,63,0.0,0.0,1.0,0.14285714285714285,7.0
standard,random_uniform,5,1729,Play,G1040,26,0.0,0.0,0.0,0.019230769230769232,52.0
standard,frequency_prior,5,1729,Play,G1040,26,0.0,0.0,0.0,0.014492753623188406,69.0
standard,overlap_cosine,5,1729,Play,G1040,26,1.0,1.0,1.0,1.0,1.0
standard,svd32_graph_embedding,5,1729,Play,G1040,26,1.0,1.0,1.0,1.0,1.0
standard,random_uniform,5,1729,PROMETHIUM,G0056,11,0.0,0.0,0.0,0.058823529411764705,17.0
standard,frequency_prior,5,1729,PROMETHIUM,G0056,11,0.0,0.0,0.0,0.00847457627118644,118.0
standard,overlap_cosine,5,1729,PROMETHIUM,G0056,11,1.0,1.0,1.0,1.0,1.0
standard,svd32_graph_embedding,5,1729,PROMETHIUM,G0056,11,1.0,1.0,1.0,1.0,1.0
standard,random_uniform,5,1729,HEXANE,G1001,36,0.0,0.0,0.0,0.04,25.0
standard,frequency_prior,5,1729,HEXANE,G1001,36,0.0,0.0,0.0,0.02040816326530612,49.0
standard,overlap_cosine,5,1729,HEXANE,G1001,36,1.0,1.0,1.0,1.0,1.0
standard,svd32_graph_embedding,5,1729,HEXANE,G1001,36,1.0,1.0,1.0,1.0,1.0
standard,random_uniform,5,1729,Daggerfly,G1034,17,0.0,0.0,0.0,0.012658227848101266,79.0
standard,frequency_prior,5,1729,Daggerfly,G1034,17,0.0,0.0,0.0,0.011235955056179775,89.0
standard,overlap_cosine,5,1729,Daggerfly,G1034,17,1.0,1.0,1.0,1.0,1.0
standard,svd32_graph_embedding,5,1729,Daggerfly,G1034,17,1.0,1.0,1.0,1.0,1.0
standard,random_uniform,5,1729,WIRTE,G0090,26,0.0,0.0,0.0,0.0136986301369863,73.0
standard,frequency_prior,5,1729,WIRTE,G0090,26,0.0,0.0,0.0,0.014285714285714285,70.0
standard,overlap_cosine,5,1729,WIRTE,G0090,26,1.0,1.0,1.0,1.0,1.0
standard,svd32_graph_embedding,5,1729,WIRTE,G0090,26,0.0,1.0,1.0,0.5,2.0
standard,random_uniform,5,1729,PLATINUM,G0068,11,0.0,0.0,0.0,0.008,125.0
standard,frequency_prior,5,1729,PLATINUM,G0068,11,0.0,0.0,0.0,0.008547008547008548,117.0
standard,overlap_cosine,5,1729,PLATINUM,G0068,11,1.0,1.0,1.0,1.0,1.0
standard,svd32_graph_embedding,5,1729,PLATINUM,G0068,11,1.0,1.0,1.0,1.0,1.0
standard,random_uniform,5,1729,Magic Hound,G0059,78,0.0,0.0,0.0,0.008403361344537815,119.0
standard,frequency_prior,5,1729,Magic Hound,G0059,78,0.0,0.0,1.0,0.1111111111111111,9.0
standard,overlap_cosine,5,1729,Magic Hound,G0059,78,0.0,1.0,1.0,0.3333333333333333,3.0
standard,svd32_graph_embedding,5,1729,Magic Hound,G0059,78,1.0,1.0,1.0,1.0,1.0
standard,random_uniform,5,1729,Threat Group-3390,G0027,57,0.0,0.0,0.0,0.013157894736842105,76.0
standard,frequency_prior,5,1729,Threat Group-3390,G0027,57,0.0,0.0,0.0,0.05,20.0
standard,overlap_cosine,5,1729,Threat Group-3390,G0027,57,0.0,0.0,1.0,0.125,8.0
standard,svd32_graph_embedding,5,1729,Threat Group-3390,G0027,57,0.0,1.0,1.0,0.25,4.0
standard,random_uniform,5,1729,APT33,G0064,31,0.0,0.0,0.0,0.010752688172043012,93.0
standard,frequency_prior,5,1729,APT33,G0064,31,0.0,0.0,0.0,0.017857142857142856,56.0
standard,overlap_cosine,5,1729,APT33,G0064,31,0.0,1.0,1.0,0.5,2.0
standard,svd32_graph_embedding,5,1729,APT33,G0064,31,1.0,1.0,1.0,1.0,1.0
standard,random_uniform,5,1729,FIN10,G0051,11,0.0,0.0,0.0,0.038461538461538464,26.0
standard,frequency_prior,5,1729,FIN10,G0051,11,0.0,0.0,0.0,0.008620689655172414,116.0
standard,overlap_cosine,5,1729,FIN10,G0051,11,1.0,1.0,1.0,1.0,1.0
standard,svd32_graph_embedding,5,1729,FIN10,G0051,11,1.0,1.0,1.0,1.0,1.0
standard,random_uniform,5,1729,FIN8,G0061,36,0.0,0.0,0.0,0.013513513513513514,74.0
standard,frequency_prior,5,1729,FIN8,G0061,36,0.0,0.0,0.0,0.02127659574468085,47.0
standard,overlap_cosine,5,1729,FIN8,G0061,36,1.0,1.0,1.0,1.0,1.0
standard,svd32_graph_embedding,5,1729,FIN8,G0061,36,1.0,1.0,1.0,1.0,1.0
standard,random_uniform,5,1729,FIN13,G1016,53,0.0,0.0,0.0,0.017857142857142856,56.0
standard,frequency_prior,5,1729,FIN13,G1016,53,0.0,0.0,0.0,0.037037037037037035,27.0
standard,overlap_cosine,5,1729,FIN13,G1016,53,1.0,1.0,1.0,1.0,1.0
standard,svd32_graph_embedding,5,1729,FIN13,G1016,53,1.0,1.0,1.0,1.0,1.0
standard,random_uniform,5,1729,APT19,G0073,21,0.0,0.0,0.0,0.005952380952380952,168.0
standard,frequency_prior,5,1729,APT19,G0073,21,0.0,0.0,0.0,0.0125,80.0
standard,overlap_cosine,5,1729,APT19,G0073,21,1.0,1.0,1.0,1.0,1.0
standard,svd32_graph_embedding,5,1729,APT19,G0073,21,1.0,1.0,1.0,1.0,1.0
standard,random_uniform,5,20260510,APT38,G0082,56,0.0,0.0,0.0,0.006329113924050633,158.0
standard,frequency_prior,5,20260510,APT38,G0082,56,0.0,0.0,0.0,0.041666666666666664,24.0
standard,overlap_cosine,5,20260510,APT38,G0082,56,1.0,1.0,1.0,1.0,1.0
standard,svd32_graph_embedding,5,20260510,APT38,G0082,56,1.0,1.0,1.0,1.0,1.0
standard,random_uniform,5,20260510,Indrik Spider,G0119,33,0.0,0.0,0.0,0.0136986301369863,73.0
standard,frequency_prior,5,20260510,Indrik Spider,G0119,33,0.0,0.0,0.0,0.018867924528301886,53.0
standard,overlap_cosine,5,20260510,Indrik Spider,G0119,33,1.0,1.0,1.0,1.0,1.0
standard,svd32_graph_embedding,5,20260510,Indrik Spider,G0119,33,1.0,1.0,1.0,1.0,1.0
standard,random_uniform,5,20260510,BlackByte,G1043,48,0.0,0.0,0.0,0.011764705882352941,85.0
standard,frequency_prior,5,20260510,BlackByte,G1043,48,0.0,0.0,0.0,0.03333333333333333,30.0
standard,overlap_cosine,5,20260510,BlackByte,G1043,48,1.0,1.0,1.0,1.0,1.0
standard,svd32_graph_embedding,5,20260510,BlackByte,G1043,48,0.0,1.0,1.0,0.3333333333333333,3.0
standard,random_uniform,5,20260510,SideCopy,G1008,16,0.0,0.0,0.0,0.014925373134328358,67.0
standard,frequency_prior,5,20260510,SideCopy,G1008,16,0.0,0.0,0.0,0.01098901098901099,91.0
standard,overlap_cosine,5,20260510,SideCopy,G1008,16,1.0,1.0,1.0,1.0,1.0
standard,svd32_graph_embedding,5,20260510,SideCopy,G1008,16,1.0,1.0,1.0,1.0,1.0
standard,random_uniform,5,20260510,GALLIUM,G0093,31,0.0,0.0,0.0,0.016129032258064516,62.0
standard,frequency_prior,5,20260510,GALLIUM,G0093,31,0.0,0.0,0.0,0.017543859649122806,57.0
standard,overlap_cosine,5,20260510,GALLIUM,G0093,31,1.0,1.0,1.0,1.0,1.0
standard,svd32_graph_embedding,5,20260510,GALLIUM,G0093,31,1.0,1.0,1.0,1.0,1.0
standard,random_uniform,5,20260510,APT3,G0022,44,0.0,0.0,0.0,0.02564102564102564,39.0
standard,frequency_prior,5,20260510,APT3,G0022,44,0.0,0.0,0.0,0.02857142857142857,35.0
standard,overlap_cosine,5,20260510,APT3,G0022,44,0.0,1.0,1.0,0.5,2.0
standard,svd32_graph_embedding,5,20260510,APT3,G0022,44,1.0,1.0,1.0,1.0,1.0
standard,random_uniform,5,20260510,Mustard Tempest,G1020,12,0.0,0.0,0.0,0.0070921985815602835,141.0
standard,frequency_prior,5,20260510,Mustard Tempest,G1020,12,0.0,0.0,0.0,0.009433962264150943,106.0
standard,overlap_cosine,5,20260510,Mustard Tempest,G1020,12,1.0,1.0,1.0,1.0,1.0
standard,svd32_graph_embedding,5,20260510,Mustard Tempest,G1020,12,1.0,1.0,1.0,1.0,1.0
standard,random_uniform,5,20260510,Kimsuky,G0094,130,0.0,0.0,0.0,0.010309278350515464,97.0
standard,frequency_prior,5,20260510,Kimsuky,G0094,130,1.0,1.0,1.0,1.0,1.0
standard,overlap_cosine,5,20260510,Kimsuky,G0094,130,1.0,1.0,1.0,1.0,1.0
standard,svd32_graph_embedding,5,20260510,Kimsuky,G0094,130,1.0,1.0,1.0,1.0,1.0
standard,random_uniform,5,20260510,EXOTIC LILY,G1011,15,0.0,0.0,0.0,0.006578947368421052,152.0
standard,frequency_prior,5,20260510,EXOTIC LILY,G1011,15,0.0,0.0,0.0,0.01020408163265306,98.0
standard,overlap_cosine,5,20260510,EXOTIC LILY,G1011,15,1.0,1.0,1.0,1.0,1.0
standard,svd32_graph_embedding,5,20260510,EXOTIC LILY,G1011,15,1.0,1.0,1.0,1.0,1.0
standard,random_uniform,5,20260510,admin@338,G0018,12,0.0,0.0,0.0,0.012987012987012988,77.0
standard,frequency_prior,5,20260510,admin@338,G0018,12,0.0,0.0,0.0,0.00909090909090909,110.0
standard,overlap_cosine,5,20260510,admin@338,G0018,12,1.0,1.0,1.0,1.0,1.0
standard,svd32_graph_embedding,5,20260510,admin@338,G0018,12,1.0,1.0,1.0,1.0,1.0
standard,random_uniform,5,20260510,Volt Typhoon,G1017,81,0.0,0.0,0.0,0.015384615384615385,65.0
standard,frequency_prior,5,20260510,Volt Typhoon,G1017,81,0.0,0.0,1.0,0.16666666666666666,6.0
standard,overlap_cosine,5,20260510,Volt Typhoon,G1017,81,1.0,1.0,1.0,1.0,1.0
standard,svd32_graph_embedding,5,20260510,Volt Typhoon,G1017,81,1.0,1.0,1.0,1.0,1.0
standard,random_uniform,5,20260510,Patchwork,G0040,41,0.0,0.0,0.0,0.012658227848101266,79.0
standard,frequency_prior,5,20260510,Patchwork,G0040,41,0.0,0.0,0.0,0.025,40.0
standard,overlap_cosine,5,20260510,Patchwork,G0040,41,0.0,1.0,1.0,0.3333333333333333,3.0
standard,svd32_graph_embedding,5,20260510,Patchwork,G0040,41,0.0,0.0,1.0,0.1,10.0
standard,random_uniform,5,20260510,APT41,G0096,82,0.0,0.0,0.0,0.010416666666666666,96.0
standard,frequency_prior,5,20260510,APT41,G0096,82,0.0,1.0,1.0,0.2,5.0
standard,overlap_cosine,5,20260510,APT41,G0096,82,0.0,1.0,1.0,0.3333333333333333,3.0
standard,svd32_graph_embedding,5,20260510,APT41,G0096,82,0.0,0.0,1.0,0.16666666666666666,6.0
standard,random_uniform,5,20260510,Salt Typhoon,G1045,14,0.0,0.0,0.0,0.0058823529411764705,170.0
standard,frequency_prior,5,20260510,Salt Typhoon,G1045,14,0.0,0.0,0.0,0.00980392156862745,102.0
standard,overlap_cosine,5,20260510,Salt Typhoon,G1045,14,1.0,1.0,1.0,1.0,1.0
standard,svd32_graph_embedding,5,20260510,Salt Typhoon,G1045,14,0.0,1.0,1.0,0.25,4.0
standard,random_uniform,5,20260510,Dragonfly,G0035,56,0.0,0.0,0.0,0.023255813953488372,43.0
standard,frequency_prior,5,20260510,Dragonfly,G0035,56,0.0,0.0,0.0,0.045454545454545456,22.0
standard,overlap_cosine,5,20260510,Dragonfly,G0035,56,1.0,1.0,1.0,1.0,1.0
standard,svd32_graph_embedding,5,20260510,Dragonfly,G0035,56,1.0,1.0,1.0,1.0,1.0
standard,random_uniform,5,20260510,Evilnum,G0120,11,0.0,0.0,0.0,0.011494252873563218,87.0
standard,frequency_prior,5,20260510,Evilnum,G0120,11,0.0,0.0,0.0,0.008403361344537815,119.0
standard,overlap_cosine,5,20260510,Evilnum,G0120,11,1.0,1.0,1.0,1.0,1.0
standard,svd32_graph_embedding,5,20260510,Evilnum,G0120,11,1.0,1.0,1.0,1.0,1.0
standard,random_uniform,5,20260510,Gorgon Group,G0078,16,0.0,0.0,0.0,0.010416666666666666,96.0
standard,frequency_prior,5,20260510,Gorgon Group,G0078,16,0.0,0.0,0.0,0.010526315789473684,95.0
standard,overlap_cosine,5,20260510,Gorgon Group,G0078,16,0.0,1.0,1.0,0.5,2.0
standard,svd32_graph_embedding,5,20260510,Gorgon Group,G0078,16,0.0,0.0,1.0,0.14285714285714285,7.0
standard,random_uniform,5,20260510,menuPass,G0045,46,0.0,0.0,0.0,0.015625,64.0
standard,frequency_prior,5,20260510,menuPass,G0045,46,0.0,0.0,0.0,0.030303030303030304,33.0
standard,overlap_cosine,5,20260510,menuPass,G0045,46,0.0,1.0,1.0,0.5,2.0
standard,svd32_graph_embedding,5,20260510,menuPass,G0045,46,0.0,0.0,0.0,0.07692307692307693,13.0
standard,random_uniform,5,20260510,APT32,G0050,78,0.0,0.0,0.0,0.01639344262295082,61.0
standard,frequency_prior,5,20260510,APT32,G0050,78,0.0,0.0,1.0,0.125,8.0
standard,overlap_cosine,5,20260510,APT32,G0050,78,0.0,1.0,1.0,0.5,2.0
standard,svd32_graph_embedding,5,20260510,APT32,G0050,78,1.0,1.0,1.0,1.0,1.0
standard,random_uniform,5,20260510,HAFNIUM,G0125,44,0.0,0.0,0.0,0.008,125.0
standard,frequency_prior,5,20260510,HAFNIUM,G0125,44,0.0,0.0,0.0,0.027777777777777776,36.0
standard,overlap_cosine,5,20260510,HAFNIUM,G0125,44,1.0,1.0,1.0,1.0,1.0
standard,svd32_graph_embedding,5,20260510,HAFNIUM,G0125,44,1.0,1.0,1.0,1.0,1.0
standard,random_uniform,5,20260510,MuddyWater,G0069,68,0.0,0.0,0.0,0.05,20.0
standard,frequency_prior,5,20260510,MuddyWater,G0069,68,0.0,0.0,0.0,0.08333333333333333,12.0
standard,overlap_cosine,5,20260510,MuddyWater,G0069,68,0.0,0.0,1.0,0.14285714285714285,7.0
standard,svd32_graph_embedding,5,20260510,MuddyWater,G0069,68,0.0,0.0,0.0,0.04,25.0
standard,random_uniform,5,20260510,Naikon,G0019,14,0.0,0.0,0.0,0.005917159763313609,169.0
standard,frequency_prior,5,20260510,Naikon,G0019,14,0.0,0.0,0.0,0.009708737864077669,103.0
standard,overlap_cosine,5,20260510,Naikon,G0019,14,1.0,1.0,1.0,1.0,1.0
standard,svd32_graph_embedding,5,20260510,Naikon,G0019,14,1.0,1.0,1.0,1.0,1.0
standard,random_uniform,5,20260510,FIN6,G0037,40,0.0,0.0,0.0,0.038461538461538464,26.0
standard,frequency_prior,5,20260510,FIN6,G0037,40,0.0,0.0,0.0,0.022222222222222223,45.0
standard,overlap_cosine,5,20260510,FIN6,G0037,40,1.0,1.0,1.0,1.0,1.0
standard,svd32_graph_embedding,5,20260510,FIN6,G0037,40,1.0,1.0,1.0,1.0,1.0
standard,random_uniform,5,20260510,Gamaredon Group,G0047,70,0.0,0.0,0.0,0.012658227848101266,79.0
standard,frequency_prior,5,20260510,Gamaredon Group,G0047,70,0.0,0.0,0.0,0.09090909090909091,11.0
standard,overlap_cosine,5,20260510,Gamaredon Group,G0047,70,0.0,1.0,1.0,0.3333333333333333,3.0
standard,svd32_graph_embedding,5,20260510,Gamaredon Group,G0047,70,0.0,1.0,1.0,0.5,2.0
standard,random_uniform,5,20260510,Storm-1811,G1046,31,0.0,0.0,0.0,0.05555555555555555,18.0
standard,frequency_prior,5,20260510,Storm-1811,G1046,31,0.0,0.0,0.0,0.01818181818181818,55.0
standard,overlap_cosine,5,20260510,Storm-1811,G1046,31,1.0,1.0,1.0,1.0,1.0
standard,svd32_graph_embedding,5,20260510,Storm-1811,G1046,31,1.0,1.0,1.0,1.0,1.0
standard,random_uniform,5,20260510,Leafminer,G0077,17,0.0,0.0,0.0,0.005917159763313609,169.0
standard,frequency_prior,5,20260510,Leafminer,G0077,17,0.0,0.0,0.0,0.011111111111111112,90.0
standard,overlap_cosine,5,20260510,Leafminer,G0077,17,1.0,1.0,1.0,1.0,1.0
standard,svd32_graph_embedding,5,20260510,Leafminer,G0077,17,1.0,1.0,1.0,1.0,1.0
standard,random_uniform,5,20260510,TeamTNT,G0139,56,0.0,0.0,0.0,0.041666666666666664,24.0
standard,frequency_prior,5,20260510,TeamTNT,G0139,56,0.0,0.0,0.0,0.043478260869565216,23.0
standard,overlap_cosine,5,20260510,TeamTNT,G0139,56,1.0,1.0,1.0,1.0,1.0
standard,svd32_graph_embedding,5,20260510,TeamTNT,G0139,56,1.0,1.0,1.0,1.0,1.0
standard,random_uniform,5,20260510,FIN7,G0046,67,0.0,0.0,0.0,0.013333333333333334,75.0
standard,frequency_prior,5,20260510,FIN7,G0046,67,0.0,0.0,0.0,0.07142857142857142,14.0
standard,overlap_cosine,5,20260510,FIN7,G0046,67,0.0,0.0,0.0,0.07692307692307693,13.0
standard,svd32_graph_embedding,5,20260510,FIN7,G0046,67,0.0,0.0,0.0,0.037037037037037035,27.0
standard,random_uniform,5,20260510,Sandworm Team,G0034,79,0.0,0.0,0.0,0.058823529411764705,17.0
standard,frequency_prior,5,20260510,Sandworm Team,G0034,79,0.0,0.0,1.0,0.14285714285714285,7.0
standard,overlap_cosine,5,20260510,Sandworm Team,G0034,79,0.0,0.0,1.0,0.14285714285714285,7.0
standard,svd32_graph_embedding,5,20260510,Sandworm Team,G0034,79,0.0,0.0,1.0,0.1111111111111111,9.0
standard,random_uniform,5,20260510,Machete,G0095,11,0.0,0.0,0.0,0.013333333333333334,75.0
standard,frequency_prior,5,20260510,Machete,G0095,11,0.0,0.0,0.0,0.008771929824561403,114.0
standard,overlap_cosine,5,20260510,Machete,G0095,11,1.0,1.0,1.0,1.0,1.0
standard,svd32_graph_embedding,5,20260510,Machete,G0095,11,1.0,1.0,1.0,1.0,1.0
standard,random_uniform,5,20260510,APT18,G0026,12,0.0,0.0,0.0,0.00847457627118644,118.0
standard,frequency_prior,5,20260510,APT18,G0026,12,0.0,0.0,0.0,0.009345794392523364,107.0
standard,overlap_cosine,5,20260510,APT18,G0026,12,1.0,1.0,1.0,1.0,1.0
standard,svd32_graph_embedding,5,20260510,APT18,G0026,12,1.0,1.0,1.0,1.0,1.0
standard,random_uniform,5,20260510,Andariel,G0138,12,0.0,0.0,0.0,0.01694915254237288,59.0
standard,frequency_prior,5,20260510,Andariel,G0138,12,0.0,0.0,0.0,0.009259259259259259,108.0
standard,overlap_cosine,5,20260510,Andariel,G0138,12,1.0,1.0,1.0,1.0,1.0
standard,svd32_graph_embedding,5,20260510,Andariel,G0138,12,0.0,1.0,1.0,0.3333333333333333,3.0
standard,random_uniform,5,20260510,CURIUM,G1012,19,0.0,0.0,0.0,0.008264462809917356,121.0
standard,frequency_prior,5,20260510,CURIUM,G1012,19,0.0,0.0,0.0,0.012048192771084338,83.0
standard,overlap_cosine,5,20260510,CURIUM,G1012,19,1.0,1.0,1.0,1.0,1.0
standard,svd32_graph_embedding,5,20260510,CURIUM,G1012,19,1.0,1.0,1.0,1.0,1.0
standard,random_uniform,5,20260510,Sidewinder,G0121,30,0.0,0.0,0.0,0.016666666666666666,60.0
standard,frequency_prior,5,20260510,Sidewinder,G0121,30,0.0,0.0,0.0,0.017241379310344827,58.0
standard,overlap_cosine,5,20260510,Sidewinder,G0121,30,1.0,1.0,1.0,1.0,1.0
standard,svd32_graph_embedding,5,20260510,Sidewinder,G0121,30,1.0,1.0,1.0,1.0,1.0
standard,random_uniform,5,20260510,Mustang Panda,G0129,85,0.0,0.0,0.0,0.017241379310344827,58.0
standard,frequency_prior,5,20260510,Mustang Panda,G0129,85,0.0,1.0,1.0,0.25,4.0
standard,overlap_cosine,5,20260510,Mustang Panda,G0129,85,0.0,1.0,1.0,0.25,4.0
standard,svd32_graph_embedding,5,20260510,Mustang Panda,G0129,85,0.0,0.0,0.0,0.05555555555555555,18.0
standard,random_uniform,5,20260510,ZIRCONIUM,G0128,29,0.0,0.0,0.0,0.007518796992481203,133.0
standard,frequency_prior,5,20260510,ZIRCONIUM,G0128,29,0.0,0.0,0.0,0.016666666666666666,60.0
standard,overlap_cosine,5,20260510,ZIRCONIUM,G0128,29,1.0,1.0,1.0,1.0,1.0
standard,svd32_graph_embedding,5,20260510,ZIRCONIUM,G0128,29,1.0,1.0,1.0,1.0,1.0
standard,random_uniform,5,20260510,Rocke,G0106,36,0.0,0.0,1.0,0.1111111111111111,9.0
standard,frequency_prior,5,20260510,Rocke,G0106,36,0.0,0.0,0.0,0.020833333333333332,48.0
standard,overlap_cosine,5,20260510,Rocke,G0106,36,1.0,1.0,1.0,1.0,1.0
standard,svd32_graph_embedding,5,20260510,Rocke,G0106,36,1.0,1.0,1.0,1.0,1.0
standard,random_uniform,5,20260510,Scattered Spider,G1015,64,0.0,0.0,0.0,0.008771929824561403,114.0
standard,frequency_prior,5,20260510,Scattered Spider,G1015,64,0.0,0.0,0.0,0.0625,16.0
standard,overlap_cosine,5,20260510,Scattered Spider,G1015,64,0.0,1.0,1.0,0.5,2.0
standard,svd32_graph_embedding,5,20260510,Scattered Spider,G1015,64,1.0,1.0,1.0,1.0,1.0
standard,random_uniform,5,20260510,APT39,G0087,53,0.0,0.0,0.0,0.0058823529411764705,170.0
standard,frequency_prior,5,20260510,APT39,G0087,53,0.0,0.0,0.0,0.038461538461538464,26.0
standard,overlap_cosine,5,20260510,APT39,G0087,53,0.0,1.0,1.0,0.2,5.0
standard,svd32_graph_embedding,5,20260510,APT39,G0087,53,0.0,0.0,0.0,0.025,40.0
standard,random_uniform,5,20260510,UNC3886,G1048,49,0.0,0.0,0.0,0.01098901098901099,91.0
standard,frequency_prior,5,20260510,UNC3886,G1048,49,0.0,0.0,0.0,0.034482758620689655,29.0
standard,overlap_cosine,5,20260510,UNC3886,G1048,49,1.0,1.0,1.0,1.0,1.0
standard,svd32_graph_embedding,5,20260510,UNC3886,G1048,49,1.0,1.0,1.0,1.0,1.0
standard,random_uniform,5,20260510,Contagious Interview,G1052,54,0.0,0.0,0.0,0.08333333333333333,12.0
standard,frequency_prior,5,20260510,Contagious Interview,G1052,54,0.0,0.0,0.0,0.04,25.0
standard,overlap_cosine,5,20260510,Contagious Interview,G1052,54,1.0,1.0,1.0,1.0,1.0
standard,svd32_graph_embedding,5,20260510,Contagious Interview,G1052,54,1.0,1.0,1.0,1.0,1.0
standard,random_uniform,5,20260510,TA2541,G1018,28,0.0,0.0,0.0,0.011764705882352941,85.0
standard,frequency_prior,5,20260510,TA2541,G1018,28,0.0,0.0,0.0,0.015873015873015872,63.0
standard,overlap_cosine,5,20260510,TA2541,G1018,28,0.0,1.0,1.0,0.2,5.0
standard,svd32_graph_embedding,5,20260510,TA2541,G1018,28,0.0,0.0,1.0,0.1111111111111111,9.0
standard,random_uniform,5,20260510,Akira,G1024,17,0.0,0.0,0.0,0.07692307692307693,13.0
standard,frequency_prior,5,20260510,Akira,G1024,17,0.0,0.0,0.0,0.011363636363636364,88.0
standard,overlap_cosine,5,20260510,Akira,G1024,17,1.0,1.0,1.0,1.0,1.0
standard,svd32_graph_embedding,5,20260510,Akira,G1024,17,1.0,1.0,1.0,1.0,1.0
standard,random_uniform,5,20260510,APT37,G0067,29,0.0,0.0,0.0,0.045454545454545456,22.0
standard,frequency_prior,5,20260510,APT37,G0067,29,0.0,0.0,0.0,0.01639344262295082,61.0
standard,overlap_cosine,5,20260510,APT37,G0067,29,1.0,1.0,1.0,1.0,1.0
standard,svd32_graph_embedding,5,20260510,APT37,G0067,29,0.0,1.0,1.0,0.5,2.0
standard,random_uniform,5,20260510,Moses Staff,G1009,12,0.0,0.0,0.0,0.011627906976744186,86.0
standard,frequency_prior,5,20260510,Moses Staff,G1009,12,0.0,0.0,0.0,0.008928571428571428,112.0
standard,overlap_cosine,5,20260510,Moses Staff,G1009,12,1.0,1.0,1.0,1.0,1.0
standard,svd32_graph_embedding,5,20260510,Moses Staff,G1009,12,1.0,1.0,1.0,1.0,1.0
standard,random_uniform,5,20260510,OilRig,G0049,76,0.0,0.0,0.0,0.009615384615384616,104.0
standard,frequency_prior,5,20260510,OilRig,G0049,76,0.0,0.0,1.0,0.1,10.0
standard,overlap_cosine,5,20260510,OilRig,G0049,76,1.0,1.0,1.0,1.0,1.0
standard,svd32_graph_embedding,5,20260510,OilRig,G0049,76,1.0,1.0,1.0,1.0,1.0
standard,random_uniform,5,20260510,Higaisa,G0126,28,0.0,0.0,0.0,0.008264462809917356,121.0
standard,frequency_prior,5,20260510,Higaisa,G0126,28,0.0,0.0,0.0,0.015625,64.0
standard,overlap_cosine,5,20260510,Higaisa,G0126,28,1.0,1.0,1.0,1.0,1.0
standard,svd32_graph_embedding,5,20260510,Higaisa,G0126,28,0.0,1.0,1.0,0.2,5.0
standard,random_uniform,5,20260510,Tropic Trooper,G0081,40,0.0,0.0,0.0,0.01020408163265306,98.0
standard,frequency_prior,5,20260510,Tropic Trooper,G0081,40,0.0,0.0,0.0,0.023255813953488372,43.0
standard,overlap_cosine,5,20260510,Tropic Trooper,G0081,40,0.0,1.0,1.0,0.5,2.0
standard,svd32_graph_embedding,5,20260510,Tropic Trooper,G0081,40,0.0,1.0,1.0,0.5,2.0
standard,random_uniform,5,20260510,Sea Turtle,G1041,27,0.0,0.0,0.0,0.015873015873015872,63.0
standard,frequency_prior,5,20260510,Sea Turtle,G1041,27,0.0,0.0,0.0,0.014705882352941176,68.0
standard,overlap_cosine,5,20260510,Sea Turtle,G1041,27,1.0,1.0,1.0,1.0,1.0
standard,svd32_graph_embedding,5,20260510,Sea Turtle,G1041,27,1.0,1.0,1.0,1.0,1.0
standard,random_uniform,5,20260510,Aquatic Panda,G0143,35,0.0,0.0,0.0,0.08333333333333333,12.0
standard,frequency_prior,5,20260510,Aquatic Panda,G0143,35,0.0,0.0,0.0,0.02,50.0
standard,overlap_cosine,5,20260510,Aquatic Panda,G0143,35,1.0,1.0,1.0,1.0,1.0
standard,svd32_graph_embedding,5,20260510,Aquatic Panda,G0143,35,0.0,0.0,0.0,0.09090909090909091,11.0
standard,random_uniform,5,20260510,Ke3chang,G0004,46,0.0,0.0,0.0,0.006493506493506494,154.0
standard,frequency_prior,5,20260510,Ke3chang,G0004,46,0.0,0.0,0.0,0.03125,32.0
standard,overlap_cosine,5,20260510,Ke3chang,G0004,46,1.0,1.0,1.0,1.0,1.0
standard,svd32_graph_embedding,5,20260510,Ke3chang,G0004,46,0.0,1.0,1.0,0.5,2.0
standard,random_uniform,5,20260510,Saint Bear,G1031,18,0.0,0.0,0.0,0.008130081300813009,123.0
standard,frequency_prior,5,20260510,Saint Bear,G1031,18,0.0,0.0,0.0,0.011494252873563218,87.0
standard,overlap_cosine,5,20260510,Saint Bear,G1031,18,1.0,1.0,1.0,1.0,1.0
standard,svd32_graph_embedding,5,20260510,Saint Bear,G1031,18,0.0,1.0,1.0,0.5,2.0
standard,random_uniform,5,20260510,APT1,G0006,23,0.0,0.0,0.0,0.02857142857142857,35.0
standard,frequency_prior,5,20260510,APT1,G0006,23,0.0,0.0,0.0,0.013513513513513514,74.0
standard,overlap_cosine,5,20260510,APT1,G0006,23,1.0,1.0,1.0,1.0,1.0
standard,svd32_graph_embedding,5,20260510,APT1,G0006,23,1.0,1.0,1.0,1.0,1.0
standard,random_uniform,5,20260510,Confucius,G0142,19,0.0,0.0,0.0,0.016666666666666666,60.0
standard,frequency_prior,5,20260510,Confucius,G0142,19,0.0,0.0,0.0,0.011627906976744186,86.0
standard,overlap_cosine,5,20260510,Confucius,G0142,19,1.0,1.0,1.0,1.0,1.0
standard,svd32_graph_embedding,5,20260510,Confucius,G0142,19,1.0,1.0,1.0,1.0,1.0
standard,random_uniform,5,20260510,BlackTech,G0098,14,0.0,0.0,0.0,0.016129032258064516,62.0
standard,frequency_prior,5,20260510,BlackTech,G0098,14,0.0,0.0,0.0,0.009900990099009901,101.0
standard,overlap_cosine,5,20260510,BlackTech,G0098,14,0.0,1.0,1.0,0.25,4.0
standard,svd32_graph_embedding,5,20260510,BlackTech,G0098,14,0.0,0.0,1.0,0.125,8.0
standard,random_uniform,5,20260510,Leviathan,G0065,50,0.0,0.0,0.0,0.010101010101010102,99.0
standard,frequency_prior,5,20260510,Leviathan,G0065,50,0.0,0.0,0.0,0.03571428571428571,28.0
standard,overlap_cosine,5,20260510,Leviathan,G0065,50,0.0,1.0,1.0,0.5,2.0
standard,svd32_graph_embedding,5,20260510,Leviathan,G0065,50,1.0,1.0,1.0,1.0,1.0
standard,random_uniform,5,20260510,Blue Mockingbird,G0108,22,0.0,0.0,0.0,0.010416666666666666,96.0
standard,frequency_prior,5,20260510,Blue Mockingbird,G0108,22,0.0,0.0,0.0,0.013157894736842105,76.0
standard,overlap_cosine,5,20260510,Blue Mockingbird,G0108,22,1.0,1.0,1.0,1.0,1.0
standard,svd32_graph_embedding,5,20260510,Blue Mockingbird,G0108,22,0.0,1.0,1.0,0.5,2.0
standard,random_uniform,5,20260510,Winter Vivern,G1035,27,0.0,0.0,0.0,0.07142857142857142,14.0
standard,frequency_prior,5,20260510,Winter Vivern,G1035,27,0.0,0.0,0.0,0.014925373134328358,67.0
standard,overlap_cosine,5,20260510,Winter Vivern,G1035,27,1.0,1.0,1.0,1.0,1.0
standard,svd32_graph_embedding,5,20260510,Winter Vivern,G1035,27,1.0,1.0,1.0,1.0,1.0
standard,random_uniform,5,20260510,Turla,G0010,68,0.0,0.0,0.0,0.014925373134328358,67.0
standard,frequency_prior,5,20260510,Turla,G0010,68,0.0,0.0,0.0,0.07692307692307693,13.0
standard,overlap_cosine,5,20260510,Turla,G0010,68,1.0,1.0,1.0,1.0,1.0
standard,svd32_graph_embedding,5,20260510,Turla,G0010,68,1.0,1.0,1.0,1.0,1.0
standard,random_uniform,5,20260510,Storm-0501,G1053,42,0.0,0.0,0.0,0.007194244604316547,139.0
standard,frequency_prior,5,20260510,Storm-0501,G1053,42,0.0,0.0,0.0,0.02564102564102564,39.0
standard,overlap_cosine,5,20260510,Storm-0501,G1053,42,1.0,1.0,1.0,1.0,1.0
standard,svd32_graph_embedding,5,20260510,Storm-0501,G1053,42,1.0,1.0,1.0,1.0,1.0
standard,random_uniform,5,20260510,TA505,G0092,34,0.0,0.0,1.0,0.1111111111111111,9.0
standard,frequency_prior,5,20260510,TA505,G0092,34,0.0,0.0,0.0,0.019230769230769232,52.0
standard,overlap_cosine,5,20260510,TA505,G0092,34,0.0,1.0,1.0,0.5,2.0
standard,svd32_graph_embedding,5,20260510,TA505,G0092,34,1.0,1.0,1.0,1.0,1.0
standard,random_uniform,5,20260510,BITTER,G1002,16,0.0,0.0,0.0,0.0125,80.0
standard,frequency_prior,5,20260510,BITTER,G1002,16,0.0,0.0,0.0,0.010416666666666666,96.0
standard,overlap_cosine,5,20260510,BITTER,G1002,16,1.0,1.0,1.0,1.0,1.0
standard,svd32_graph_embedding,5,20260510,BITTER,G1002,16,1.0,1.0,1.0,1.0,1.0
standard,random_uniform,5,20260510,DarkVishnya,G0105,10,0.0,0.0,0.0,0.025,40.0
standard,frequency_prior,5,20260510,DarkVishnya,G0105,10,0.0,0.0,0.0,0.008264462809917356,121.0
standard,overlap_cosine,5,20260510,DarkVishnya,G0105,10,1.0,1.0,1.0,1.0,1.0
standard,svd32_graph_embedding,5,20260510,DarkVishnya,G0105,10,1.0,1.0,1.0,1.0,1.0
standard,random_uniform,5,20260510,RedCurl,G1039,41,0.0,0.0,0.0,0.023255813953488372,43.0
standard,frequency_prior,5,20260510,RedCurl,G1039,41,0.0,0.0,0.0,0.024390243902439025,41.0
standard,overlap_cosine,5,20260510,RedCurl,G1039,41,1.0,1.0,1.0,1.0,1.0
standard,svd32_graph_embedding,5,20260510,RedCurl,G1039,41,1.0,1.0,1.0,1.0,1.0
standard,random_uniform,5,20260510,FIN5,G0053,11,0.0,0.0,0.0,0.02,50.0
standard,frequency_prior,5,20260510,FIN5,G0053,11,0.0,0.0,0.0,0.008695652173913044,115.0
standard,overlap_cosine,5,20260510,FIN5,G0053,11,1.0,1.0,1.0,1.0,1.0
standard,svd32_graph_embedding,5,20260510,FIN5,G0053,11,1.0,1.0,1.0,1.0,1.0
standard,random_uniform,5,20260510,Lotus Blossom,G0030,21,0.0,0.0,0.0,0.006024096385542169,166.0
standard,frequency_prior,5,20260510,Lotus Blossom,G0030,21,0.0,0.0,0.0,0.012658227848101266,79.0
standard,overlap_cosine,5,20260510,Lotus Blossom,G0030,21,1.0,1.0,1.0,1.0,1.0
standard,svd32_graph_embedding,5,20260510,Lotus Blossom,G0030,21,1.0,1.0,1.0,1.0,1.0
standard,random_uniform,5,20260510,Stealth Falcon,G0038,16,0.0,0.0,0.0,0.006622516556291391,151.0
standard,frequency_prior,5,20260510,Stealth Falcon,G0038,16,0.0,0.0,0.0,0.010752688172043012,93.0
standard,overlap_cosine,5,20260510,Stealth Falcon,G0038,16,1.0,1.0,1.0,1.0,1.0
standard,svd32_graph_embedding,5,20260510,Stealth Falcon,G0038,16,1.0,1.0,1.0,1.0,1.0
standard,random_uniform,5,20260510,APT29,G0016,66,0.0,0.0,0.0,0.027777777777777776,36.0
standard,frequency_prior,5,20260510,APT29,G0016,66,0.0,0.0,0.0,0.06666666666666667,15.0
standard,overlap_cosine,5,20260510,APT29,G0016,66,0.0,1.0,1.0,0.2,5.0
standard,svd32_graph_embedding,5,20260510,APT29,G0016,66,0.0,0.0,0.0,0.058823529411764705,17.0
standard,random_uniform,5,20260510,Dark Caracal,G0070,12,0.0,0.0,0.0,0.010309278350515464,97.0
standard,frequency_prior,5,20260510,Dark Caracal,G0070,12,0.0,0.0,0.0,0.009174311926605505,109.0
standard,overlap_cosine,5,20260510,Dark Caracal,G0070,12,1.0,1.0,1.0,1.0,1.0
standard,svd32_graph_embedding,5,20260510,Dark Caracal,G0070,12,1.0,1.0,1.0,1.0,1.0
standard,random_uniform,5,20260510,Cinnamon Tempest,G1021,19,0.0,0.0,0.0,0.011363636363636364,88.0
standard,frequency_prior,5,20260510,Cinnamon Tempest,G1021,19,0.0,0.0,0.0,0.011904761904761904,84.0
standard,overlap_cosine,5,20260510,Cinnamon Tempest,G1021,19,1.0,1.0,1.0,1.0,1.0
standard,svd32_graph_embedding,5,20260510,Cinnamon Tempest,G1021,19,1.0,1.0,1.0,1.0,1.0
standard,random_uniform,5,20260510,Chimera,G0114,59,0.0,0.0,0.0,0.006369426751592357,157.0
standard,frequency_prior,5,20260510,Chimera,G0114,59,0.0,0.0,0.0,0.05263157894736842,19.0
standard,overlap_cosine,5,20260510,Chimera,G0114,59,0.0,1.0,1.0,0.5,2.0
standard,svd32_graph_embedding,5,20260510,Chimera,G0114,59,0.0,1.0,1.0,0.3333333333333333,3.0
standard,random_uniform,5,20260510,MirrorFace,G1054,43,0.0,0.0,0.0,0.01098901098901099,91.0
standard,frequency_prior,5,20260510,MirrorFace,G1054,43,0.0,0.0,0.0,0.02631578947368421,38.0
standard,overlap_cosine,5,20260510,MirrorFace,G1054,43,1.0,1.0,1.0,1.0,1.0
standard,svd32_graph_embedding,5,20260510,MirrorFace,G1054,43,0.0,1.0,1.0,0.3333333333333333,3.0
standard,random_uniform,5,20260510,Silent Librarian,G0122,13,0.0,0.0,0.0,0.058823529411764705,17.0
standard,frequency_prior,5,20260510,Silent Librarian,G0122,13,0.0,0.0,0.0,0.009523809523809525,105.0
standard,overlap_cosine,5,20260510,Silent Librarian,G0122,13,1.0,1.0,1.0,1.0,1.0
standard,svd32_graph_embedding,5,20260510,Silent Librarian,G0122,13,1.0,1.0,1.0,1.0,1.0
standard,random_uniform,5,20260510,Medusa Group,G1051,57,0.0,0.0,0.0,0.010638297872340425,94.0
standard,frequency_prior,5,20260510,Medusa Group,G1051,57,0.0,0.0,0.0,0.047619047619047616,21.0
standard,overlap_cosine,5,20260510,Medusa Group,G1051,57,0.0,1.0,1.0,0.3333333333333333,3.0
standard,svd32_graph_embedding,5,20260510,Medusa Group,G1051,57,0.0,1.0,1.0,0.25,4.0
standard,random_uniform,5,20260510,BRONZE BUTLER,G0060,40,0.0,0.0,0.0,0.020833333333333332,48.0
standard,frequency_prior,5,20260510,BRONZE BUTLER,G0060,40,0.0,0.0,0.0,0.022727272727272728,44.0
standard,overlap_cosine,5,20260510,BRONZE BUTLER,G0060,40,1.0,1.0,1.0,1.0,1.0
standard,svd32_graph_embedding,5,20260510,BRONZE BUTLER,G0060,40,0.0,0.0,1.0,0.1111111111111111,9.0
standard,random_uniform,5,20260510,TA551,G0127,14,0.0,0.0,0.0,0.009615384615384616,104.0
standard,frequency_prior,5,20260510,TA551,G0127,14,0.0,0.0,0.0,0.01,100.0
standard,overlap_cosine,5,20260510,TA551,G0127,14,1.0,1.0,1.0,1.0,1.0
standard,svd32_graph_embedding,5,20260510,TA551,G0127,14,1.0,1.0,1.0,1.0,1.0
standard,random_uniform,5,20260510,BackdoorDiplomacy,G0135,15,0.0,0.0,0.0,0.014705882352941176,68.0
standard,frequency_prior,5,20260510,BackdoorDiplomacy,G0135,15,0.0,0.0,0.0,0.010101010101010102,99.0
standard,overlap_cosine,5,20260510,BackdoorDiplomacy,G0135,15,1.0,1.0,1.0,1.0,1.0
standard,svd32_graph_embedding,5,20260510,BackdoorDiplomacy,G0135,15,1.0,1.0,1.0,1.0,1.0
standard,random_uniform,5,20260510,Star Blizzard,G1033,20,0.0,0.0,0.0,0.009174311926605505,109.0
standard,frequency_prior,5,20260510,Star Blizzard,G1033,20,0.0,0.0,0.0,0.012195121951219513,82.0
standard,overlap_cosine,5,20260510,Star Blizzard,G1033,20,1.0,1.0,1.0,1.0,1.0
standard,svd32_graph_embedding,5,20260510,Star Blizzard,G1033,20,1.0,1.0,1.0,1.0,1.0
standard,random_uniform,5,20260510,Darkhotel,G0012,24,0.0,0.0,0.0,0.006578947368421052,152.0
standard,frequency_prior,5,20260510,Darkhotel,G0012,24,0.0,0.0,0.0,0.0136986301369863,73.0
standard,overlap_cosine,5,20260510,Darkhotel,G0012,24,0.0,1.0,1.0,0.3333333333333333,3.0
standard,svd32_graph_embedding,5,20260510,Darkhotel,G0012,24,0.0,0.0,0.0,0.07142857142857142,14.0
standard,random_uniform,5,20260510,Axiom,G0001,16,0.0,0.0,0.0,0.010416666666666666,96.0
standard,frequency_prior,5,20260510,Axiom,G0001,16,0.0,0.0,0.0,0.010638297872340425,94.0
standard,overlap_cosine,5,20260510,Axiom,G0001,16,1.0,1.0,1.0,1.0,1.0
standard,svd32_graph_embedding,5,20260510,Axiom,G0001,16,1.0,1.0,1.0,1.0,1.0
standard,random_uniform,5,20260510,Deep Panda,G0009,10,0.0,0.0,0.0,0.006993006993006993,143.0
standard,frequency_prior,5,20260510,Deep Panda,G0009,10,0.0,0.0,0.0,0.008333333333333333,120.0
standard,overlap_cosine,5,20260510,Deep Panda,G0009,10,1.0,1.0,1.0,1.0,1.0
standard,svd32_graph_embedding,5,20260510,Deep Panda,G0009,10,1.0,1.0,1.0,1.0,1.0
standard,random_uniform,5,20260510,Ember Bear,G1003,47,0.0,0.0,0.0,0.006060606060606061,165.0
standard,frequency_prior,5,20260510,Ember Bear,G1003,47,0.0,0.0,0.0,0.03225806451612903,31.0
standard,overlap_cosine,5,20260510,Ember Bear,G1003,47,1.0,1.0,1.0,1.0,1.0
standard,svd32_graph_embedding,5,20260510,Ember Bear,G1003,47,1.0,1.0,1.0,1.0,1.0
standard,random_uniform,5,20260510,LazyScripter,G0140,20,0.0,0.0,0.0,0.02564102564102564,39.0
standard,frequency_prior,5,20260510,LazyScripter,G0140,20,0.0,0.0,0.0,0.012345679012345678,81.0
standard,overlap_cosine,5,20260510,LazyScripter,G0140,20,1.0,1.0,1.0,1.0,1.0
standard,svd32_graph_embedding,5,20260510,LazyScripter,G0140,20,0.0,0.0,1.0,0.16666666666666666,6.0
standard,random_uniform,5,20260510,Windshift,G0112,19,0.0,0.0,0.0,0.013157894736842105,76.0
standard,frequency_prior,5,20260510,Windshift,G0112,19,0.0,0.0,0.0,0.011764705882352941,85.0
standard,overlap_cosine,5,20260510,Windshift,G0112,19,1.0,1.0,1.0,1.0,1.0
standard,svd32_graph_embedding,5,20260510,Windshift,G0112,19,0.0,1.0,1.0,0.3333333333333333,3.0
standard,random_uniform,5,20260510,ToddyCat,G1022,25,0.0,0.0,0.0,0.012195121951219513,82.0
standard,frequency_prior,5,20260510,ToddyCat,G1022,25,0.0,0.0,0.0,0.013888888888888888,72.0
standard,overlap_cosine,5,20260510,ToddyCat,G1022,25,1.0,1.0,1.0,1.0,1.0
standard,svd32_graph_embedding,5,20260510,ToddyCat,G1022,25,0.0,1.0,1.0,0.5,2.0
standard,random_uniform,5,20260510,LuminousMoth,G1014,28,0.0,0.0,0.0,0.0078125,128.0
standard,frequency_prior,5,20260510,LuminousMoth,G1014,28,0.0,0.0,0.0,0.015384615384615385,65.0
standard,overlap_cosine,5,20260510,LuminousMoth,G1014,28,1.0,1.0,1.0,1.0,1.0
standard,svd32_graph_embedding,5,20260510,LuminousMoth,G1014,28,1.0,1.0,1.0,1.0,1.0
standard,random_uniform,5,20260510,Agrius,G1030,22,0.0,0.0,0.0,0.008064516129032258,124.0
standard,frequency_prior,5,20260510,Agrius,G1030,22,0.0,0.0,0.0,0.013333333333333334,75.0
standard,overlap_cosine,5,20260510,Agrius,G1030,22,1.0,1.0,1.0,1.0,1.0
standard,svd32_graph_embedding,5,20260510,Agrius,G1030,22,1.0,1.0,1.0,1.0,1.0
standard,random_uniform,5,20260510,APT28,G0007,93,0.0,0.0,0.0,0.01694915254237288,59.0
standard,frequency_prior,5,20260510,APT28,G0007,93,0.0,1.0,1.0,0.5,2.0
standard,overlap_cosine,5,20260510,APT28,G0007,93,0.0,1.0,1.0,0.5,2.0
standard,svd32_graph_embedding,5,20260510,APT28,G0007,93,0.0,1.0,1.0,0.25,4.0
standard,random_uniform,5,20260510,Malteiro,G1026,12,0.0,0.0,0.0,0.034482758620689655,29.0
standard,frequency_prior,5,20260510,Malteiro,G1026,12,0.0,0.0,0.0,0.008849557522123894,113.0
standard,overlap_cosine,5,20260510,Malteiro,G1026,12,1.0,1.0,1.0,1.0,1.0
standard,svd32_graph_embedding,5,20260510,Malteiro,G1026,12,1.0,1.0,1.0,1.0,1.0
standard,random_uniform,5,20260510,APT42,G1044,32,0.0,0.0,0.0,0.016129032258064516,62.0
standard,frequency_prior,5,20260510,APT42,G1044,32,0.0,0.0,0.0,0.018518518518518517,54.0
standard,overlap_cosine,5,20260510,APT42,G1044,32,0.0,1.0,1.0,0.5,2.0
standard,svd32_graph_embedding,5,20260510,APT42,G1044,32,1.0,1.0,1.0,1.0,1.0
standard,random_uniform,5,20260510,APT5,G1023,29,0.0,0.0,1.0,0.1,10.0
standard,frequency_prior,5,20260510,APT5,G1023,29,0.0,0.0,0.0,0.016129032258064516,62.0
standard,overlap_cosine,5,20260510,APT5,G1023,29,1.0,1.0,1.0,1.0,1.0
standard,svd32_graph_embedding,5,20260510,APT5,G1023,29,1.0,1.0,1.0,1.0,1.0
standard,random_uniform,5,20260510,Fox Kitten,G0117,41,0.0,0.0,0.0,0.006134969325153374,163.0
standard,frequency_prior,5,20260510,Fox Kitten,G0117,41,0.0,0.0,0.0,0.023809523809523808,42.0
standard,overlap_cosine,5,20260510,Fox Kitten,G0117,41,1.0,1.0,1.0,1.0,1.0
standard,svd32_graph_embedding,5,20260510,Fox Kitten,G0117,41,1.0,1.0,1.0,1.0,1.0
standard,random_uniform,5,20260510,APT-C-36,G0099,38,0.0,0.0,0.0,0.005952380952380952,168.0
standard,frequency_prior,5,20260510,APT-C-36,G0099,38,0.0,0.0,0.0,0.021739130434782608,46.0
standard,overlap_cosine,5,20260510,APT-C-36,G0099,38,0.0,1.0,1.0,0.5,2.0
standard,svd32_graph_embedding,5,20260510,APT-C-36,G0099,38,1.0,1.0,1.0,1.0,1.0
standard,random_uniform,5,20260510,Tonto Team,G0131,15,0.0,0.0,0.0,0.005952380952380952,168.0
standard,frequency_prior,5,20260510,Tonto Team,G0131,15,0.0,0.0,0.0,0.010309278350515464,97.0
standard,overlap_cosine,5,20260510,Tonto Team,G0131,15,0.0,1.0,1.0,0.5,2.0
standard,svd32_graph_embedding,5,20260510,Tonto Team,G0131,15,0.0,1.0,1.0,0.5,2.0
standard,random_uniform,5,20260510,Lazarus Group,G0032,93,0.0,0.0,0.0,0.037037037037037035,27.0
standard,frequency_prior,5,20260510,Lazarus Group,G0032,93,0.0,1.0,1.0,0.3333333333333333,3.0
standard,overlap_cosine,5,20260510,Lazarus Group,G0032,93,1.0,1.0,1.0,1.0,1.0
standard,svd32_graph_embedding,5,20260510,Lazarus Group,G0032,93,1.0,1.0,1.0,1.0,1.0
standard,random_uniform,5,20260510,INC Ransom,G1032,25,0.0,0.0,0.0,0.014492753623188406,69.0
standard,frequency_prior,5,20260510,INC Ransom,G1032,25,0.0,0.0,0.0,0.014084507042253521,71.0
standard,overlap_cosine,5,20260510,INC Ransom,G1032,25,1.0,1.0,1.0,1.0,1.0
standard,svd32_graph_embedding,5,20260510,INC Ransom,G1032,25,0.0,1.0,1.0,0.5,2.0
standard,random_uniform,5,20260510,Earth Lusca,G1006,44,0.0,0.0,0.0,0.006666666666666667,150.0
standard,frequency_prior,5,20260510,Earth Lusca,G1006,44,0.0,0.0,0.0,0.029411764705882353,34.0
standard,overlap_cosine,5,20260510,Earth Lusca,G1006,44,0.0,0.0,1.0,0.14285714285714285,7.0
standard,svd32_graph_embedding,5,20260510,Earth Lusca,G1006,44,0.0,0.0,1.0,0.125,8.0
standard,random_uniform,5,20260510,FIN4,G0085,12,0.0,0.0,0.0,0.013157894736842105,76.0
standard,frequency_prior,5,20260510,FIN4,G0085,12,0.0,0.0,0.0,0.009009009009009009,111.0
standard,overlap_cosine,5,20260510,FIN4,G0085,12,1.0,1.0,1.0,1.0,1.0
standard,svd32_graph_embedding,5,20260510,FIN4,G0085,12,1.0,1.0,1.0,1.0,1.0
standard,random_uniform,5,20260510,Silence,G0091,28,0.0,0.0,0.0,0.007518796992481203,133.0
standard,frequency_prior,5,20260510,Silence,G0091,28,0.0,0.0,0.0,0.015151515151515152,66.0
standard,overlap_cosine,5,20260510,Silence,G0091,28,1.0,1.0,1.0,1.0,1.0
standard,svd32_graph_embedding,5,20260510,Silence,G0091,28,0.0,1.0,1.0,0.5,2.0
standard,random_uniform,5,20260510,LAPSUS$,G1004,43,0.0,0.0,0.0,0.010416666666666666,96.0
standard,frequency_prior,5,20260510,LAPSUS$,G1004,43,0.0,0.0,0.0,0.02702702702702703,37.0
standard,overlap_cosine,5,20260510,LAPSUS$,G1004,43,1.0,1.0,1.0,1.0,1.0
standard,svd32_graph_embedding,5,20260510,LAPSUS$,G1004,43,1.0,1.0,1.0,1.0,1.0
standard,random_uniform,5,20260510,Cobalt Group,G0080,34,0.0,0.0,0.0,0.011235955056179775,89.0
standard,frequency_prior,5,20260510,Cobalt Group,G0080,34,0.0,0.0,0.0,0.0196078431372549,51.0
standard,overlap_cosine,5,20260510,Cobalt Group,G0080,34,1.0,1.0,1.0,1.0,1.0
standard,svd32_graph_embedding,5,20260510,Cobalt Group,G0080,34,0.0,0.0,1.0,0.14285714285714285,7.0
standard,random_uniform,5,20260510,Wizard Spider,G0102,64,0.0,0.0,0.0,0.07692307692307693,13.0
standard,frequency_prior,5,20260510,Wizard Spider,G0102,64,0.0,0.0,0.0,0.058823529411764705,17.0
standard,overlap_cosine,5,20260510,Wizard Spider,G0102,64,0.0,1.0,1.0,0.5,2.0
standard,svd32_graph_embedding,5,20260510,Wizard Spider,G0102,64,1.0,1.0,1.0,1.0,1.0
standard,random_uniform,5,20260510,Molerats,G0021,16,0.0,0.0,0.0,0.03571428571428571,28.0
standard,frequency_prior,5,20260510,Molerats,G0021,16,0.0,0.0,0.0,0.010869565217391304,92.0
standard,overlap_cosine,5,20260510,Molerats,G0021,16,1.0,1.0,1.0,1.0,1.0
standard,svd32_graph_embedding,5,20260510,Molerats,G0021,16,1.0,1.0,1.0,1.0,1.0
standard,random_uniform,5,20260510,Velvet Ant,G1047,22,0.0,0.0,1.0,0.125,8.0
standard,frequency_prior,5,20260510,Velvet Ant,G1047,22,0.0,0.0,0.0,0.012987012987012988,77.0
standard,overlap_cosine,5,20260510,Velvet Ant,G1047,22,1.0,1.0,1.0,1.0,1.0
standard,svd32_graph_embedding,5,20260510,Velvet Ant,G1047,22,1.0,1.0,1.0,1.0,1.0
standard,random_uniform,5,20260510,Transparent Tribe,G0134,14,0.0,0.0,0.0,0.08333333333333333,12.0
standard,frequency_prior,5,20260510,Transparent Tribe,G0134,14,0.0,0.0,0.0,0.009615384615384616,104.0
standard,overlap_cosine,5,20260510,Transparent Tribe,G0134,14,0.0,1.0,1.0,0.5,2.0
standard,svd32_graph_embedding,5,20260510,Transparent Tribe,G0134,14,0.0,1.0,1.0,0.5,2.0
standard,random_uniform,5,20260510,Moonstone Sleet,G1036,30,0.0,0.0,0.0,0.011111111111111112,90.0
standard,frequency_prior,5,20260510,Moonstone Sleet,G1036,30,0.0,0.0,0.0,0.01694915254237288,59.0
standard,overlap_cosine,5,20260510,Moonstone Sleet,G1036,30,1.0,1.0,1.0,1.0,1.0
standard,svd32_graph_embedding,5,20260510,Moonstone Sleet,G1036,30,1.0,1.0,1.0,1.0,1.0
standard,random_uniform,5,20260510,Inception,G0100,22,0.0,0.0,0.0,0.0625,16.0
standard,frequency_prior,5,20260510,Inception,G0100,22,0.0,0.0,0.0,0.01282051282051282,78.0
standard,overlap_cosine,5,20260510,Inception,G0100,22,1.0,1.0,1.0,1.0,1.0
standard,svd32_graph_embedding,5,20260510,Inception,G0100,22,1.0,1.0,1.0,1.0,1.0
standard,random_uniform,5,20260510,VOID MANTICORE,G1055,63,0.0,0.0,0.0,0.005988023952095809,167.0
standard,frequency_prior,5,20260510,VOID MANTICORE,G1055,63,0.0,0.0,0.0,0.05555555555555555,18.0
standard,overlap_cosine,5,20260510,VOID MANTICORE,G1055,63,1.0,1.0,1.0,1.0,1.0
standard,svd32_graph_embedding,5,20260510,VOID MANTICORE,G1055,63,1.0,1.0,1.0,1.0,1.0
standard,random_uniform,5,20260510,Play,G1040,26,0.0,0.0,0.0,0.010416666666666666,96.0
standard,frequency_prior,5,20260510,Play,G1040,26,0.0,0.0,0.0,0.014492753623188406,69.0
standard,overlap_cosine,5,20260510,Play,G1040,26,1.0,1.0,1.0,1.0,1.0
standard,svd32_graph_embedding,5,20260510,Play,G1040,26,0.0,0.0,1.0,0.14285714285714285,7.0
standard,random_uniform,5,20260510,PROMETHIUM,G0056,11,0.0,0.0,0.0,0.011363636363636364,88.0
standard,frequency_prior,5,20260510,PROMETHIUM,G0056,11,0.0,0.0,0.0,0.00847457627118644,118.0
standard,overlap_cosine,5,20260510,PROMETHIUM,G0056,11,1.0,1.0,1.0,1.0,1.0
standard,svd32_graph_embedding,5,20260510,PROMETHIUM,G0056,11,1.0,1.0,1.0,1.0,1.0
standard,random_uniform,5,20260510,HEXANE,G1001,36,0.0,0.0,1.0,0.1,10.0
standard,frequency_prior,5,20260510,HEXANE,G1001,36,0.0,0.0,0.0,0.02040816326530612,49.0
standard,overlap_cosine,5,20260510,HEXANE,G1001,36,1.0,1.0,1.0,1.0,1.0
standard,svd32_graph_embedding,5,20260510,HEXANE,G1001,36,1.0,1.0,1.0,1.0,1.0
standard,random_uniform,5,20260510,Daggerfly,G1034,17,0.0,0.0,0.0,0.005917159763313609,169.0
standard,frequency_prior,5,20260510,Daggerfly,G1034,17,0.0,0.0,0.0,0.011235955056179775,89.0
standard,overlap_cosine,5,20260510,Daggerfly,G1034,17,1.0,1.0,1.0,1.0,1.0
standard,svd32_graph_embedding,5,20260510,Daggerfly,G1034,17,1.0,1.0,1.0,1.0,1.0
standard,random_uniform,5,20260510,WIRTE,G0090,26,0.0,0.0,0.0,0.006369426751592357,157.0
standard,frequency_prior,5,20260510,WIRTE,G0090,26,0.0,0.0,0.0,0.014285714285714285,70.0
standard,overlap_cosine,5,20260510,WIRTE,G0090,26,1.0,1.0,1.0,1.0,1.0
standard,svd32_graph_embedding,5,20260510,WIRTE,G0090,26,0.0,1.0,1.0,0.3333333333333333,3.0
standard,random_uniform,5,20260510,PLATINUM,G0068,11,0.0,0.0,0.0,0.034482758620689655,29.0
standard,frequency_prior,5,20260510,PLATINUM,G0068,11,0.0,0.0,0.0,0.008547008547008548,117.0
standard,overlap_cosine,5,20260510,PLATINUM,G0068,11,1.0,1.0,1.0,1.0,1.0
standard,svd32_graph_embedding,5,20260510,PLATINUM,G0068,11,1.0,1.0,1.0,1.0,1.0
standard,random_uniform,5,20260510,Magic Hound,G0059,78,0.0,0.0,0.0,0.017543859649122806,57.0
standard,frequency_prior,5,20260510,Magic Hound,G0059,78,0.0,0.0,1.0,0.1111111111111111,9.0
standard,overlap_cosine,5,20260510,Magic Hound,G0059,78,0.0,1.0,1.0,0.25,4.0
standard,svd32_graph_embedding,5,20260510,Magic Hound,G0059,78,0.0,1.0,1.0,0.2,5.0
standard,random_uniform,5,20260510,Threat Group-3390,G0027,57,0.0,0.0,0.0,0.011494252873563218,87.0
standard,frequency_prior,5,20260510,Threat Group-3390,G0027,57,0.0,0.0,0.0,0.05,20.0
standard,overlap_cosine,5,20260510,Threat Group-3390,G0027,57,1.0,1.0,1.0,1.0,1.0
standard,svd32_graph_embedding,5,20260510,Threat Group-3390,G0027,57,0.0,1.0,1.0,0.5,2.0
standard,random_uniform,5,20260510,APT33,G0064,31,0.0,0.0,0.0,0.00684931506849315,146.0
standard,frequency_prior,5,20260510,APT33,G0064,31,0.0,0.0,0.0,0.017857142857142856,56.0
standard,overlap_cosine,5,20260510,APT33,G0064,31,1.0,1.0,1.0,1.0,1.0
standard,svd32_graph_embedding,5,20260510,APT33,G0064,31,1.0,1.0,1.0,1.0,1.0
standard,random_uniform,5,20260510,FIN10,G0051,11,0.0,0.0,0.0,0.015625,64.0
standard,frequency_prior,5,20260510,FIN10,G0051,11,0.0,0.0,0.0,0.008620689655172414,116.0
standard,overlap_cosine,5,20260510,FIN10,G0051,11,1.0,1.0,1.0,1.0,1.0
standard,svd32_graph_embedding,5,20260510,FIN10,G0051,11,1.0,1.0,1.0,1.0,1.0
standard,random_uniform,5,20260510,FIN8,G0061,36,0.0,0.0,0.0,0.008771929824561403,114.0
standard,frequency_prior,5,20260510,FIN8,G0061,36,0.0,0.0,0.0,0.02127659574468085,47.0
standard,overlap_cosine,5,20260510,FIN8,G0061,36,1.0,1.0,1.0,1.0,1.0
standard,svd32_graph_embedding,5,20260510,FIN8,G0061,36,0.0,0.0,1.0,0.125,8.0
standard,random_uniform,5,20260510,FIN13,G1016,53,0.0,0.0,0.0,0.014084507042253521,71.0
standard,frequency_prior,5,20260510,FIN13,G1016,53,0.0,0.0,0.0,0.037037037037037035,27.0
standard,overlap_cosine,5,20260510,FIN13,G1016,53,1.0,1.0,1.0,1.0,1.0
standard,svd32_graph_embedding,5,20260510,FIN13,G1016,53,1.0,1.0,1.0,1.0,1.0
standard,random_uniform,5,20260510,APT19,G0073,21,0.0,0.0,0.0,0.016129032258064516,62.0
standard,frequency_prior,5,20260510,APT19,G0073,21,0.0,0.0,0.0,0.0125,80.0
standard,overlap_cosine,5,20260510,APT19,G0073,21,1.0,1.0,1.0,1.0,1.0
standard,svd32_graph_embedding,5,20260510,APT19,G0073,21,1.0,1.0,1.0,1.0,1.0
leave_query_out,random_uniform,5,13,APT38,G0082,56,0.0,0.0,0.0,0.008064516129032258,124.0
leave_query_out,frequency_prior,5,13,APT38,G0082,56,0.0,0.0,0.0,0.041666666666666664,24.0
leave_query_out,overlap_cosine,5,13,APT38,G0082,56,0.0,0.0,0.0,0.017857142857142856,56.0
leave_query_out,svd32_graph_embedding,5,13,APT38,G0082,56,1.0,1.0,1.0,1.0,1.0
leave_query_out,random_uniform,5,13,Indrik Spider,G0119,33,0.0,0.0,0.0,0.038461538461538464,26.0
leave_query_out,frequency_prior,5,13,Indrik Spider,G0119,33,0.0,0.0,0.0,0.018867924528301886,53.0
leave_query_out,overlap_cosine,5,13,Indrik Spider,G0119,33,0.0,0.0,0.0,0.008849557522123894,113.0
leave_query_out,svd32_graph_embedding,5,13,Indrik Spider,G0119,33,0.0,0.0,0.0,0.038461538461538464,26.0
leave_query_out,random_uniform,5,13,BlackByte,G1043,48,0.0,0.0,0.0,0.01,100.0
leave_query_out,frequency_prior,5,13,BlackByte,G1043,48,0.0,0.0,0.0,0.03333333333333333,30.0
leave_query_out,overlap_cosine,5,13,BlackByte,G1043,48,0.0,0.0,0.0,0.011235955056179775,89.0
leave_query_out,svd32_graph_embedding,5,13,BlackByte,G1043,48,0.0,1.0,1.0,0.5,2.0
leave_query_out,random_uniform,5,13,SideCopy,G1008,16,0.0,0.0,0.0,0.05555555555555555,18.0
leave_query_out,frequency_prior,5,13,SideCopy,G1008,16,0.0,0.0,0.0,0.01098901098901099,91.0
leave_query_out,overlap_cosine,5,13,SideCopy,G1008,16,0.0,0.0,0.0,0.00847457627118644,118.0
leave_query_out,svd32_graph_embedding,5,13,SideCopy,G1008,16,0.0,1.0,1.0,0.25,4.0
leave_query_out,random_uniform,5,13,GALLIUM,G0093,31,0.0,0.0,0.0,0.006097560975609756,164.0
leave_query_out,frequency_prior,5,13,GALLIUM,G0093,31,0.0,0.0,0.0,0.017543859649122806,57.0
leave_query_out,overlap_cosine,5,13,GALLIUM,G0093,31,0.0,0.0,0.0,0.016666666666666666,60.0
leave_query_out,svd32_graph_embedding,5,13,GALLIUM,G0093,31,0.0,1.0,1.0,0.5,2.0
leave_query_out,random_uniform,5,13,APT3,G0022,44,0.0,0.0,0.0,0.022727272727272728,44.0
leave_query_out,frequency_prior,5,13,APT3,G0022,44,0.0,0.0,0.0,0.02857142857142857,35.0
leave_query_out,overlap_cosine,5,13,APT3,G0022,44,0.0,0.0,0.0,0.011494252873563218,87.0
leave_query_out,svd32_graph_embedding,5,13,APT3,G0022,44,0.0,0.0,0.0,0.07142857142857142,14.0
leave_query_out,random_uniform,5,13,Mustard Tempest,G1020,12,0.0,0.0,1.0,0.1111111111111111,9.0
leave_query_out,frequency_prior,5,13,Mustard Tempest,G1020,12,0.0,0.0,0.0,0.009433962264150943,106.0
leave_query_out,overlap_cosine,5,13,Mustard Tempest,G1020,12,0.0,0.0,0.0,0.008403361344537815,119.0
leave_query_out,svd32_graph_embedding,5,13,Mustard Tempest,G1020,12,0.0,0.0,0.0,0.01639344262295082,61.0
leave_query_out,random_uniform,5,13,Kimsuky,G0094,130,0.0,0.0,0.0,0.006756756756756757,148.0
leave_query_out,frequency_prior,5,13,Kimsuky,G0094,130,1.0,1.0,1.0,1.0,1.0
leave_query_out,overlap_cosine,5,13,Kimsuky,G0094,130,0.0,0.0,0.0,0.011904761904761904,84.0
leave_query_out,svd32_graph_embedding,5,13,Kimsuky,G0094,130,0.0,1.0,1.0,0.25,4.0
leave_query_out,random_uniform,5,13,EXOTIC LILY,G1011,15,0.0,0.0,0.0,0.009009009009009009,111.0
leave_query_out,frequency_prior,5,13,EXOTIC LILY,G1011,15,0.0,0.0,0.0,0.01020408163265306,98.0
leave_query_out,overlap_cosine,5,13,EXOTIC LILY,G1011,15,0.0,0.0,0.0,0.008771929824561403,114.0
leave_query_out,svd32_graph_embedding,5,13,EXOTIC LILY,G1011,15,0.0,1.0,1.0,0.5,2.0
leave_query_out,random_uniform,5,13,admin@338,G0018,12,0.0,0.0,0.0,0.006622516556291391,151.0
leave_query_out,frequency_prior,5,13,admin@338,G0018,12,0.0,0.0,0.0,0.00909090909090909,110.0
leave_query_out,overlap_cosine,5,13,admin@338,G0018,12,0.0,0.0,0.0,0.006578947368421052,152.0
leave_query_out,svd32_graph_embedding,5,13,admin@338,G0018,12,0.0,0.0,1.0,0.14285714285714285,7.0
leave_query_out,random_uniform,5,13,Volt Typhoon,G1017,81,0.0,0.0,0.0,0.012195121951219513,82.0
leave_query_out,frequency_prior,5,13,Volt Typhoon,G1017,81,0.0,0.0,1.0,0.16666666666666666,6.0
leave_query_out,overlap_cosine,5,13,Volt Typhoon,G1017,81,0.0,0.0,0.0,0.008130081300813009,123.0
leave_query_out,svd32_graph_embedding,5,13,Volt Typhoon,G1017,81,0.0,0.0,0.0,0.07692307692307693,13.0
leave_query_out,random_uniform,5,13,Patchwork,G0040,41,0.0,0.0,0.0,0.006578947368421052,152.0
leave_query_out,frequency_prior,5,13,Patchwork,G0040,41,0.0,0.0,0.0,0.025,40.0
leave_query_out,overlap_cosine,5,13,Patchwork,G0040,41,0.0,0.0,0.0,0.008130081300813009,123.0
leave_query_out,svd32_graph_embedding,5,13,Patchwork,G0040,41,0.0,0.0,0.0,0.0625,16.0
leave_query_out,random_uniform,5,13,APT41,G0096,82,0.0,0.0,0.0,0.022222222222222223,45.0
leave_query_out,frequency_prior,5,13,APT41,G0096,82,0.0,1.0,1.0,0.2,5.0
leave_query_out,overlap_cosine,5,13,APT41,G0096,82,0.0,0.0,0.0,0.0078125,128.0
leave_query_out,svd32_graph_embedding,5,13,APT41,G0096,82,0.0,0.0,0.0,0.013513513513513514,74.0
leave_query_out,random_uniform,5,13,Salt Typhoon,G1045,14,0.0,0.0,0.0,0.03225806451612903,31.0
leave_query_out,frequency_prior,5,13,Salt Typhoon,G1045,14,0.0,0.0,0.0,0.00980392156862745,102.0
leave_query_out,overlap_cosine,5,13,Salt Typhoon,G1045,14,0.0,0.0,0.0,0.01694915254237288,59.0
leave_query_out,svd32_graph_embedding,5,13,Salt Typhoon,G1045,14,0.0,1.0,1.0,0.5,2.0
leave_query_out,random_uniform,5,13,Dragonfly,G0035,56,0.0,0.0,0.0,0.04,25.0
leave_query_out,frequency_prior,5,13,Dragonfly,G0035,56,0.0,0.0,0.0,0.045454545454545456,22.0
leave_query_out,overlap_cosine,5,13,Dragonfly,G0035,56,0.0,0.0,0.0,0.017241379310344827,58.0
leave_query_out,svd32_graph_embedding,5,13,Dragonfly,G0035,56,1.0,1.0,1.0,1.0,1.0
leave_query_out,random_uniform,5,13,Evilnum,G0120,11,0.0,0.0,0.0,0.007462686567164179,134.0
leave_query_out,frequency_prior,5,13,Evilnum,G0120,11,0.0,0.0,0.0,0.008403361344537815,119.0
leave_query_out,overlap_cosine,5,13,Evilnum,G0120,11,0.0,0.0,0.0,0.008,125.0
leave_query_out,svd32_graph_embedding,5,13,Evilnum,G0120,11,0.0,0.0,0.0,0.010752688172043012,93.0
leave_query_out,random_uniform,5,13,Gorgon Group,G0078,16,0.0,0.0,0.0,0.006493506493506494,154.0
leave_query_out,frequency_prior,5,13,Gorgon Group,G0078,16,0.0,0.0,0.0,0.010526315789473684,95.0
leave_query_out,overlap_cosine,5,13,Gorgon Group,G0078,16,0.0,0.0,0.0,0.00819672131147541,122.0
leave_query_out,svd32_graph_embedding,5,13,Gorgon Group,G0078,16,0.0,0.0,0.0,0.017857142857142856,56.0
leave_query_out,random_uniform,5,13,menuPass,G0045,46,0.0,0.0,0.0,0.007633587786259542,131.0
leave_query_out,frequency_prior,5,13,menuPass,G0045,46,0.0,0.0,0.0,0.030303030303030304,33.0
leave_query_out,overlap_cosine,5,13,menuPass,G0045,46,0.0,0.0,0.0,0.008264462809917356,121.0
leave_query_out,svd32_graph_embedding,5,13,menuPass,G0045,46,0.0,0.0,0.0,0.05555555555555555,18.0
leave_query_out,random_uniform,5,13,APT32,G0050,78,0.0,0.0,0.0,0.009174311926605505,109.0
leave_query_out,frequency_prior,5,13,APT32,G0050,78,0.0,0.0,1.0,0.125,8.0
leave_query_out,overlap_cosine,5,13,APT32,G0050,78,0.0,0.0,0.0,0.008130081300813009,123.0
leave_query_out,svd32_graph_embedding,5,13,APT32,G0050,78,0.0,1.0,1.0,0.25,4.0
leave_query_out,random_uniform,5,13,HAFNIUM,G0125,44,0.0,0.0,0.0,0.005813953488372093,172.0
leave_query_out,frequency_prior,5,13,HAFNIUM,G0125,44,0.0,0.0,0.0,0.027777777777777776,36.0
leave_query_out,overlap_cosine,5,13,HAFNIUM,G0125,44,0.0,0.0,0.0,0.007936507936507936,126.0
leave_query_out,svd32_graph_embedding,5,13,HAFNIUM,G0125,44,0.0,0.0,0.0,0.04,25.0
leave_query_out,random_uniform,5,13,MuddyWater,G0069,68,0.0,0.0,0.0,0.005813953488372093,172.0
leave_query_out,frequency_prior,5,13,MuddyWater,G0069,68,0.0,0.0,0.0,0.08333333333333333,12.0
leave_query_out,overlap_cosine,5,13,MuddyWater,G0069,68,0.0,0.0,0.0,0.007936507936507936,126.0
leave_query_out,svd32_graph_embedding,5,13,MuddyWater,G0069,68,0.0,0.0,0.0,0.025,40.0
leave_query_out,random_uniform,5,13,Naikon,G0019,14,0.0,0.0,0.0,0.005780346820809248,173.0
leave_query_out,frequency_prior,5,13,Naikon,G0019,14,0.0,0.0,0.0,0.009708737864077669,103.0
leave_query_out,overlap_cosine,5,13,Naikon,G0019,14,0.0,0.0,0.0,0.007874015748031496,127.0
leave_query_out,svd32_graph_embedding,5,13,Naikon,G0019,14,0.0,0.0,0.0,0.038461538461538464,26.0
leave_query_out,random_uniform,5,13,FIN6,G0037,40,0.0,0.0,0.0,0.006172839506172839,162.0
leave_query_out,frequency_prior,5,13,FIN6,G0037,40,0.0,0.0,0.0,0.022222222222222223,45.0
leave_query_out,overlap_cosine,5,13,FIN6,G0037,40,0.0,0.0,0.0,0.007874015748031496,127.0
leave_query_out,svd32_graph_embedding,5,13,FIN6,G0037,40,0.0,0.0,0.0,0.045454545454545456,22.0
leave_query_out,random_uniform,5,13,Gamaredon Group,G0047,70,0.0,0.0,0.0,0.005952380952380952,168.0
leave_query_out,frequency_prior,5,13,Gamaredon Group,G0047,70,0.0,0.0,0.0,0.09090909090909091,11.0
leave_query_out,overlap_cosine,5,13,Gamaredon Group,G0047,70,0.0,0.0,0.0,0.02040816326530612,49.0
leave_query_out,svd32_graph_embedding,5,13,Gamaredon Group,G0047,70,0.0,1.0,1.0,0.5,2.0
leave_query_out,random_uniform,5,13,Storm-1811,G1046,31,0.0,0.0,0.0,0.06666666666666667,15.0
leave_query_out,frequency_prior,5,13,Storm-1811,G1046,31,0.0,0.0,0.0,0.01818181818181818,55.0
leave_query_out,overlap_cosine,5,13,Storm-1811,G1046,31,0.0,0.0,0.0,0.013333333333333334,75.0
leave_query_out,svd32_graph_embedding,5,13,Storm-1811,G1046,31,0.0,0.0,0.0,0.043478260869565216,23.0
leave_query_out,random_uniform,5,13,Leafminer,G0077,17,0.0,0.0,0.0,0.02857142857142857,35.0
leave_query_out,frequency_prior,5,13,Leafminer,G0077,17,0.0,0.0,0.0,0.011111111111111112,90.0
leave_query_out,overlap_cosine,5,13,Leafminer,G0077,17,0.0,0.0,0.0,0.006711409395973154,149.0
leave_query_out,svd32_graph_embedding,5,13,Leafminer,G0077,17,0.0,0.0,0.0,0.0136986301369863,73.0
leave_query_out,random_uniform,5,13,TeamTNT,G0139,56,0.0,0.0,1.0,0.16666666666666666,6.0
leave_query_out,frequency_prior,5,13,TeamTNT,G0139,56,0.0,0.0,0.0,0.043478260869565216,23.0
leave_query_out,overlap_cosine,5,13,TeamTNT,G0139,56,0.0,0.0,0.0,0.00909090909090909,110.0
leave_query_out,svd32_graph_embedding,5,13,TeamTNT,G0139,56,1.0,1.0,1.0,1.0,1.0
leave_query_out,random_uniform,5,13,FIN7,G0046,67,0.0,0.0,0.0,0.03225806451612903,31.0
leave_query_out,frequency_prior,5,13,FIN7,G0046,67,0.0,0.0,0.0,0.07142857142857142,14.0
leave_query_out,overlap_cosine,5,13,FIN7,G0046,67,0.0,0.0,0.0,0.00641025641025641,156.0
leave_query_out,svd32_graph_embedding,5,13,FIN7,G0046,67,0.0,0.0,0.0,0.027777777777777776,36.0
leave_query_out,random_uniform,5,13,Sandworm Team,G0034,79,0.0,0.0,0.0,0.058823529411764705,17.0
leave_query_out,frequency_prior,5,13,Sandworm Team,G0034,79,0.0,0.0,1.0,0.14285714285714285,7.0
leave_query_out,overlap_cosine,5,13,Sandworm Team,G0034,79,0.0,0.0,0.0,0.012048192771084338,83.0
leave_query_out,svd32_graph_embedding,5,13,Sandworm Team,G0034,79,0.0,1.0,1.0,0.5,2.0
leave_query_out,random_uniform,5,13,Machete,G0095,11,0.0,1.0,1.0,0.5,2.0
leave_query_out,frequency_prior,5,13,Machete,G0095,11,0.0,0.0,0.0,0.008771929824561403,114.0
leave_query_out,overlap_cosine,5,13,Machete,G0095,11,0.0,0.0,0.0,0.006578947368421052,152.0
leave_query_out,svd32_graph_embedding,5,13,Machete,G0095,11,0.0,0.0,0.0,0.02631578947368421,38.0
leave_query_out,random_uniform,5,13,APT18,G0026,12,0.0,0.0,0.0,0.021739130434782608,46.0
leave_query_out,frequency_prior,5,13,APT18,G0026,12,0.0,0.0,0.0,0.009345794392523364,107.0
leave_query_out,overlap_cosine,5,13,APT18,G0026,12,0.0,0.0,0.0,0.008333333333333333,120.0
leave_query_out,svd32_graph_embedding,5,13,APT18,G0026,12,0.0,0.0,0.0,0.016666666666666666,60.0
leave_query_out,random_uniform,5,13,Andariel,G0138,12,0.0,0.0,0.0,0.006329113924050633,158.0
leave_query_out,frequency_prior,5,13,Andariel,G0138,12,0.0,0.0,0.0,0.009259259259259259,108.0
leave_query_out,overlap_cosine,5,13,Andariel,G0138,12,0.0,0.0,0.0,0.00819672131147541,122.0
leave_query_out,svd32_graph_embedding,5,13,Andariel,G0138,12,0.0,0.0,0.0,0.02127659574468085,47.0
leave_query_out,random_uniform,5,13,CURIUM,G1012,19,0.0,0.0,0.0,0.013333333333333334,75.0
leave_query_out,frequency_prior,5,13,CURIUM,G1012,19,0.0,0.0,0.0,0.012048192771084338,83.0
leave_query_out,overlap_cosine,5,13,CURIUM,G1012,19,0.0,0.0,0.0,0.011363636363636364,88.0
leave_query_out,svd32_graph_embedding,5,13,CURIUM,G1012,19,0.0,1.0,1.0,0.25,4.0
leave_query_out,random_uniform,5,13,Sidewinder,G0121,30,0.0,0.0,0.0,0.017543859649122806,57.0
leave_query_out,frequency_prior,5,13,Sidewinder,G0121,30,0.0,0.0,0.0,0.017241379310344827,58.0
leave_query_out,overlap_cosine,5,13,Sidewinder,G0121,30,0.0,0.0,0.0,0.00909090909090909,110.0
leave_query_out,svd32_graph_embedding,5,13,Sidewinder,G0121,30,0.0,0.0,0.0,0.017241379310344827,58.0
leave_query_out,random_uniform,5,13,Mustang Panda,G0129,85,0.0,0.0,0.0,0.03225806451612903,31.0
leave_query_out,frequency_prior,5,13,Mustang Panda,G0129,85,0.0,1.0,1.0,0.25,4.0
leave_query_out,overlap_cosine,5,13,Mustang Panda,G0129,85,0.0,0.0,0.0,0.012987012987012988,77.0
leave_query_out,svd32_graph_embedding,5,13,Mustang Panda,G0129,85,1.0,1.0,1.0,1.0,1.0
leave_query_out,random_uniform,5,13,ZIRCONIUM,G0128,29,0.0,0.0,0.0,0.08333333333333333,12.0
leave_query_out,frequency_prior,5,13,ZIRCONIUM,G0128,29,0.0,0.0,0.0,0.016666666666666666,60.0
leave_query_out,overlap_cosine,5,13,ZIRCONIUM,G0128,29,0.0,0.0,0.0,0.012658227848101266,79.0
leave_query_out,svd32_graph_embedding,5,13,ZIRCONIUM,G0128,29,1.0,1.0,1.0,1.0,1.0
leave_query_out,random_uniform,5,13,Rocke,G0106,36,0.0,0.0,0.0,0.022727272727272728,44.0
leave_query_out,frequency_prior,5,13,Rocke,G0106,36,0.0,0.0,0.0,0.020833333333333332,48.0
leave_query_out,overlap_cosine,5,13,Rocke,G0106,36,0.0,0.0,0.0,0.008333333333333333,120.0
leave_query_out,svd32_graph_embedding,5,13,Rocke,G0106,36,0.0,1.0,1.0,0.25,4.0
leave_query_out,random_uniform,5,13,Scattered Spider,G1015,64,0.0,0.0,0.0,0.006211180124223602,161.0
leave_query_out,frequency_prior,5,13,Scattered Spider,G1015,64,0.0,0.0,0.0,0.0625,16.0
leave_query_out,overlap_cosine,5,13,Scattered Spider,G1015,64,0.0,0.0,0.0,0.0078125,128.0
leave_query_out,svd32_graph_embedding,5,13,Scattered Spider,G1015,64,0.0,0.0,0.0,0.09090909090909091,11.0
leave_query_out,random_uniform,5,13,APT39,G0087,53,0.0,0.0,0.0,0.013513513513513514,74.0
leave_query_out,frequency_prior,5,13,APT39,G0087,53,0.0,0.0,0.0,0.038461538461538464,26.0
leave_query_out,overlap_cosine,5,13,APT39,G0087,53,0.0,0.0,0.0,0.013333333333333334,75.0
leave_query_out,svd32_graph_embedding,5,13,APT39,G0087,53,0.0,0.0,1.0,0.16666666666666666,6.0
leave_query_out,random_uniform,5,13,UNC3886,G1048,49,0.0,0.0,0.0,0.006944444444444444,144.0
leave_query_out,frequency_prior,5,13,UNC3886,G1048,49,0.0,0.0,0.0,0.034482758620689655,29.0
leave_query_out,overlap_cosine,5,13,UNC3886,G1048,49,0.0,0.0,0.0,0.0136986301369863,73.0
leave_query_out,svd32_graph_embedding,5,13,UNC3886,G1048,49,1.0,1.0,1.0,1.0,1.0
leave_query_out,random_uniform,5,13,Contagious Interview,G1052,54,0.0,0.0,0.0,0.012658227848101266,79.0
leave_query_out,frequency_prior,5,13,Contagious Interview,G1052,54,0.0,0.0,0.0,0.04,25.0
leave_query_out,overlap_cosine,5,13,Contagious Interview,G1052,54,0.0,0.0,0.0,0.00909090909090909,110.0
leave_query_out,svd32_graph_embedding,5,13,Contagious Interview,G1052,54,1.0,1.0,1.0,1.0,1.0
leave_query_out,random_uniform,5,13,TA2541,G1018,28,0.0,0.0,0.0,0.038461538461538464,26.0
leave_query_out,frequency_prior,5,13,TA2541,G1018,28,0.0,0.0,0.0,0.015873015873015872,63.0
leave_query_out,overlap_cosine,5,13,TA2541,G1018,28,0.0,0.0,0.0,0.006493506493506494,154.0
leave_query_out,svd32_graph_embedding,5,13,TA2541,G1018,28,0.0,0.0,0.0,0.029411764705882353,34.0
leave_query_out,random_uniform,5,13,Akira,G1024,17,0.0,0.0,0.0,0.008771929824561403,114.0
leave_query_out,frequency_prior,5,13,Akira,G1024,17,0.0,0.0,0.0,0.011363636363636364,88.0
leave_query_out,overlap_cosine,5,13,Akira,G1024,17,0.0,0.0,0.0,0.009523809523809525,105.0
leave_query_out,svd32_graph_embedding,5,13,Akira,G1024,17,0.0,0.0,0.0,0.037037037037037035,27.0
leave_query_out,random_uniform,5,13,APT37,G0067,29,0.0,0.0,0.0,0.00909090909090909,110.0
leave_query_out,frequency_prior,5,13,APT37,G0067,29,0.0,0.0,0.0,0.01639344262295082,61.0
leave_query_out,overlap_cosine,5,13,APT37,G0067,29,0.0,0.0,0.0,0.009174311926605505,109.0
leave_query_out,svd32_graph_embedding,5,13,APT37,G0067,29,0.0,0.0,1.0,0.125,8.0
leave_query_out,random_uniform,5,13,Moses Staff,G1009,12,0.0,0.0,0.0,0.010416666666666666,96.0
leave_query_out,frequency_prior,5,13,Moses Staff,G1009,12,0.0,0.0,0.0,0.008928571428571428,112.0
leave_query_out,overlap_cosine,5,13,Moses Staff,G1009,12,0.0,0.0,0.0,0.006369426751592357,157.0
leave_query_out,svd32_graph_embedding,5,13,Moses Staff,G1009,12,0.0,1.0,1.0,0.3333333333333333,3.0
leave_query_out,random_uniform,5,13,OilRig,G0049,76,0.0,0.0,0.0,0.01818181818181818,55.0
leave_query_out,frequency_prior,5,13,OilRig,G0049,76,0.0,0.0,1.0,0.1,10.0
leave_query_out,overlap_cosine,5,13,OilRig,G0049,76,0.0,0.0,0.0,0.006535947712418301,153.0
leave_query_out,svd32_graph_embedding,5,13,OilRig,G0049,76,0.0,0.0,0.0,0.05,20.0
leave_query_out,random_uniform,5,13,Higaisa,G0126,28,0.0,0.0,0.0,0.02040816326530612,49.0
leave_query_out,frequency_prior,5,13,Higaisa,G0126,28,0.0,0.0,0.0,0.015625,64.0
leave_query_out,overlap_cosine,5,13,Higaisa,G0126,28,0.0,0.0,0.0,0.009174311926605505,109.0
leave_query_out,svd32_graph_embedding,5,13,Higaisa,G0126,28,0.0,0.0,0.0,0.030303030303030304,33.0
leave_query_out,random_uniform,5,13,Tropic Trooper,G0081,40,1.0,1.0,1.0,1.0,1.0
leave_query_out,frequency_prior,5,13,Tropic Trooper,G0081,40,0.0,0.0,0.0,0.023255813953488372,43.0
leave_query_out,overlap_cosine,5,13,Tropic Trooper,G0081,40,0.0,0.0,0.0,0.011627906976744186,86.0
leave_query_out,svd32_graph_embedding,5,13,Tropic Trooper,G0081,40,0.0,0.0,0.0,0.058823529411764705,17.0
leave_query_out,random_uniform,5,13,Sea Turtle,G1041,27,0.0,0.0,0.0,0.014925373134328358,67.0
leave_query_out,frequency_prior,5,13,Sea Turtle,G1041,27,0.0,0.0,0.0,0.014705882352941176,68.0
leave_query_out,overlap_cosine,5,13,Sea Turtle,G1041,27,0.0,0.0,0.0,0.015151515151515152,66.0
leave_query_out,svd32_graph_embedding,5,13,Sea Turtle,G1041,27,0.0,1.0,1.0,0.3333333333333333,3.0
leave_query_out,random_uniform,5,13,Aquatic Panda,G0143,35,0.0,0.0,0.0,0.019230769230769232,52.0
leave_query_out,frequency_prior,5,13,Aquatic Panda,G0143,35,0.0,0.0,0.0,0.02,50.0
leave_query_out,overlap_cosine,5,13,Aquatic Panda,G0143,35,0.0,0.0,0.0,0.006666666666666667,150.0
leave_query_out,svd32_graph_embedding,5,13,Aquatic Panda,G0143,35,0.0,1.0,1.0,0.5,2.0
leave_query_out,random_uniform,5,13,Ke3chang,G0004,46,0.0,0.0,0.0,0.013333333333333334,75.0
leave_query_out,frequency_prior,5,13,Ke3chang,G0004,46,0.0,0.0,0.0,0.03125,32.0
leave_query_out,overlap_cosine,5,13,Ke3chang,G0004,46,0.0,0.0,0.0,0.006622516556291391,151.0
leave_query_out,svd32_graph_embedding,5,13,Ke3chang,G0004,46,0.0,0.0,0.0,0.05,20.0
leave_query_out,random_uniform,5,13,Saint Bear,G1031,18,0.0,0.0,0.0,0.013333333333333334,75.0
leave_query_out,frequency_prior,5,13,Saint Bear,G1031,18,0.0,0.0,0.0,0.011494252873563218,87.0
leave_query_out,overlap_cosine,5,13,Saint Bear,G1031,18,0.0,0.0,0.0,0.006896551724137931,145.0
leave_query_out,svd32_graph_embedding,5,13,Saint Bear,G1031,18,0.0,0.0,0.0,0.0196078431372549,51.0
leave_query_out,random_uniform,5,13,APT1,G0006,23,0.0,1.0,1.0,0.2,5.0
leave_query_out,frequency_prior,5,13,APT1,G0006,23,0.0,0.0,0.0,0.013513513513513514,74.0
leave_query_out,overlap_cosine,5,13,APT1,G0006,23,0.0,0.0,0.0,0.006756756756756757,148.0
leave_query_out,svd32_graph_embedding,5,13,APT1,G0006,23,0.0,0.0,0.0,0.014925373134328358,67.0
leave_query_out,random_uniform,5,13,Confucius,G0142,19,0.0,0.0,0.0,0.013888888888888888,72.0
leave_query_out,frequency_prior,5,13,Confucius,G0142,19,0.0,0.0,0.0,0.011627906976744186,86.0
leave_query_out,overlap_cosine,5,13,Confucius,G0142,19,0.0,0.0,0.0,0.006756756756756757,148.0
leave_query_out,svd32_graph_embedding,5,13,Confucius,G0142,19,0.0,0.0,0.0,0.02702702702702703,37.0
leave_query_out,random_uniform,5,13,BlackTech,G0098,14,0.0,0.0,0.0,0.0196078431372549,51.0
leave_query_out,frequency_prior,5,13,BlackTech,G0098,14,0.0,0.0,0.0,0.009900990099009901,101.0
leave_query_out,overlap_cosine,5,13,BlackTech,G0098,14,0.0,0.0,0.0,0.006802721088435374,147.0
leave_query_out,svd32_graph_embedding,5,13,BlackTech,G0098,14,0.0,0.0,0.0,0.015873015873015872,63.0
leave_query_out,random_uniform,5,13,Leviathan,G0065,50,0.0,0.0,0.0,0.01020408163265306,98.0
leave_query_out,frequency_prior,5,13,Leviathan,G0065,50,0.0,0.0,0.0,0.03571428571428571,28.0
leave_query_out,overlap_cosine,5,13,Leviathan,G0065,50,0.0,0.0,0.0,0.006756756756756757,148.0
leave_query_out,svd32_graph_embedding,5,13,Leviathan,G0065,50,0.0,0.0,0.0,0.05263157894736842,19.0
leave_query_out,random_uniform,5,13,Blue Mockingbird,G0108,22,0.0,0.0,0.0,0.0064516129032258064,155.0
leave_query_out,frequency_prior,5,13,Blue Mockingbird,G0108,22,0.0,0.0,0.0,0.013157894736842105,76.0
leave_query_out,overlap_cosine,5,13,Blue Mockingbird,G0108,22,0.0,0.0,0.0,0.010752688172043012,93.0
leave_query_out,svd32_graph_embedding,5,13,Blue Mockingbird,G0108,22,0.0,1.0,1.0,0.3333333333333333,3.0
leave_query_out,random_uniform,5,13,Winter Vivern,G1035,27,0.0,0.0,0.0,0.007042253521126761,142.0
leave_query_out,frequency_prior,5,13,Winter Vivern,G1035,27,0.0,0.0,0.0,0.014925373134328358,67.0
leave_query_out,overlap_cosine,5,13,Winter Vivern,G1035,27,0.0,0.0,0.0,0.0064516129032258064,155.0
leave_query_out,svd32_graph_embedding,5,13,Winter Vivern,G1035,27,0.0,0.0,0.0,0.05555555555555555,18.0
leave_query_out,random_uniform,5,13,Turla,G0010,68,0.0,1.0,1.0,0.5,2.0
leave_query_out,frequency_prior,5,13,Turla,G0010,68,0.0,0.0,0.0,0.07692307692307693,13.0
leave_query_out,overlap_cosine,5,13,Turla,G0010,68,0.0,0.0,0.0,0.007194244604316547,139.0
leave_query_out,svd32_graph_embedding,5,13,Turla,G0010,68,0.0,0.0,0.0,0.01818181818181818,55.0
leave_query_out,random_uniform,5,13,Storm-0501,G1053,42,0.0,0.0,0.0,0.013888888888888888,72.0
leave_query_out,frequency_prior,5,13,Storm-0501,G1053,42,0.0,0.0,0.0,0.02564102564102564,39.0
leave_query_out,overlap_cosine,5,13,Storm-0501,G1053,42,0.0,0.0,0.0,0.009433962264150943,106.0
leave_query_out,svd32_graph_embedding,5,13,Storm-0501,G1053,42,1.0,1.0,1.0,1.0,1.0
leave_query_out,random_uniform,5,13,TA505,G0092,34,0.0,0.0,0.0,0.006369426751592357,157.0
leave_query_out,frequency_prior,5,13,TA505,G0092,34,0.0,0.0,0.0,0.019230769230769232,52.0
leave_query_out,overlap_cosine,5,13,TA505,G0092,34,0.0,0.0,0.0,0.00980392156862745,102.0
leave_query_out,svd32_graph_embedding,5,13,TA505,G0092,34,0.0,0.0,0.0,0.034482758620689655,29.0
leave_query_out,random_uniform,5,13,BITTER,G1002,16,0.0,0.0,0.0,0.0136986301369863,73.0
leave_query_out,frequency_prior,5,13,BITTER,G1002,16,0.0,0.0,0.0,0.010416666666666666,96.0
leave_query_out,overlap_cosine,5,13,BITTER,G1002,16,0.0,0.0,0.0,0.00684931506849315,146.0
leave_query_out,svd32_graph_embedding,5,13,BITTER,G1002,16,0.0,0.0,0.0,0.013513513513513514,74.0
leave_query_out,random_uniform,5,13,DarkVishnya,G0105,10,0.0,0.0,0.0,0.041666666666666664,24.0
leave_query_out,frequency_prior,5,13,DarkVishnya,G0105,10,0.0,0.0,0.0,0.008264462809917356,121.0
leave_query_out,overlap_cosine,5,13,DarkVishnya,G0105,10,0.0,0.0,0.0,0.009615384615384616,104.0
leave_query_out,svd32_graph_embedding,5,13,DarkVishnya,G0105,10,0.0,1.0,1.0,0.25,4.0
leave_query_out,random_uniform,5,13,RedCurl,G1039,41,0.0,0.0,0.0,0.008547008547008548,117.0
leave_query_out,frequency_prior,5,13,RedCurl,G1039,41,0.0,0.0,0.0,0.024390243902439025,41.0
leave_query_out,overlap_cosine,5,13,RedCurl,G1039,41,0.0,0.0,0.0,0.01,100.0
leave_query_out,svd32_graph_embedding,5,13,RedCurl,G1039,41,0.0,0.0,1.0,0.16666666666666666,6.0
leave_query_out,random_uniform,5,13,FIN5,G0053,11,0.0,0.0,0.0,0.037037037037037035,27.0
leave_query_out,frequency_prior,5,13,FIN5,G0053,11,0.0,0.0,0.0,0.008695652173913044,115.0
leave_query_out,overlap_cosine,5,13,FIN5,G0053,11,0.0,0.0,0.0,0.007042253521126761,142.0
leave_query_out,svd32_graph_embedding,5,13,FIN5,G0053,11,0.0,0.0,0.0,0.02857142857142857,35.0
leave_query_out,random_uniform,5,13,Lotus Blossom,G0030,21,0.0,0.0,0.0,0.007692307692307693,130.0
leave_query_out,frequency_prior,5,13,Lotus Blossom,G0030,21,0.0,0.0,0.0,0.012658227848101266,79.0
leave_query_out,overlap_cosine,5,13,Lotus Blossom,G0030,21,0.0,0.0,0.0,0.01020408163265306,98.0
leave_query_out,svd32_graph_embedding,5,13,Lotus Blossom,G0030,21,0.0,0.0,0.0,0.07142857142857142,14.0
leave_query_out,random_uniform,5,13,Stealth Falcon,G0038,16,0.0,0.0,0.0,0.006493506493506494,154.0
leave_query_out,frequency_prior,5,13,Stealth Falcon,G0038,16,0.0,0.0,0.0,0.010752688172043012,93.0
leave_query_out,overlap_cosine,5,13,Stealth Falcon,G0038,16,0.0,0.0,0.0,0.010309278350515464,97.0
leave_query_out,svd32_graph_embedding,5,13,Stealth Falcon,G0038,16,1.0,1.0,1.0,1.0,1.0
leave_query_out,random_uniform,5,13,APT29,G0016,66,0.0,0.0,0.0,0.022222222222222223,45.0
leave_query_out,frequency_prior,5,13,APT29,G0016,66,0.0,0.0,0.0,0.06666666666666667,15.0
leave_query_out,overlap_cosine,5,13,APT29,G0016,66,0.0,0.0,0.0,0.01020408163265306,98.0
leave_query_out,svd32_graph_embedding,5,13,APT29,G0016,66,1.0,1.0,1.0,1.0,1.0
leave_query_out,random_uniform,5,13,Dark Caracal,G0070,12,0.0,0.0,0.0,0.01818181818181818,55.0
leave_query_out,frequency_prior,5,13,Dark Caracal,G0070,12,0.0,0.0,0.0,0.009174311926605505,109.0
leave_query_out,overlap_cosine,5,13,Dark Caracal,G0070,12,0.0,0.0,0.0,0.006944444444444444,144.0
leave_query_out,svd32_graph_embedding,5,13,Dark Caracal,G0070,12,0.0,0.0,0.0,0.09090909090909091,11.0
leave_query_out,random_uniform,5,13,Cinnamon Tempest,G1021,19,0.0,0.0,0.0,0.005988023952095809,167.0
leave_query_out,frequency_prior,5,13,Cinnamon Tempest,G1021,19,0.0,0.0,0.0,0.011904761904761904,84.0
leave_query_out,overlap_cosine,5,13,Cinnamon Tempest,G1021,19,0.0,0.0,0.0,0.007352941176470588,136.0
leave_query_out,svd32_graph_embedding,5,13,Cinnamon Tempest,G1021,19,0.0,0.0,0.0,0.08333333333333333,12.0
leave_query_out,random_uniform,5,13,Chimera,G0114,59,0.0,0.0,0.0,0.034482758620689655,29.0
leave_query_out,frequency_prior,5,13,Chimera,G0114,59,0.0,0.0,0.0,0.05263157894736842,19.0
leave_query_out,overlap_cosine,5,13,Chimera,G0114,59,0.0,0.0,0.0,0.007194244604316547,139.0
leave_query_out,svd32_graph_embedding,5,13,Chimera,G0114,59,0.0,0.0,0.0,0.037037037037037035,27.0
leave_query_out,random_uniform,5,13,MirrorFace,G1054,43,0.0,0.0,0.0,0.006578947368421052,152.0
leave_query_out,frequency_prior,5,13,MirrorFace,G1054,43,0.0,0.0,0.0,0.02631578947368421,38.0
leave_query_out,overlap_cosine,5,13,MirrorFace,G1054,43,0.0,0.0,0.0,0.006896551724137931,145.0
leave_query_out,svd32_graph_embedding,5,13,MirrorFace,G1054,43,0.0,0.0,0.0,0.06666666666666667,15.0
leave_query_out,random_uniform,5,13,Silent Librarian,G0122,13,0.0,0.0,0.0,0.008,125.0
leave_query_out,frequency_prior,5,13,Silent Librarian,G0122,13,0.0,0.0,0.0,0.009523809523809525,105.0
leave_query_out,overlap_cosine,5,13,Silent Librarian,G0122,13,0.0,0.0,0.0,0.00909090909090909,110.0
leave_query_out,svd32_graph_embedding,5,13,Silent Librarian,G0122,13,0.0,1.0,1.0,0.2,5.0
leave_query_out,random_uniform,5,13,Medusa Group,G1051,57,0.0,0.0,0.0,0.006578947368421052,152.0
leave_query_out,frequency_prior,5,13,Medusa Group,G1051,57,0.0,0.0,0.0,0.047619047619047616,21.0
leave_query_out,overlap_cosine,5,13,Medusa Group,G1051,57,0.0,0.0,0.0,0.007246376811594203,138.0
leave_query_out,svd32_graph_embedding,5,13,Medusa Group,G1051,57,0.0,0.0,0.0,0.047619047619047616,21.0
leave_query_out,random_uniform,5,13,BRONZE BUTLER,G0060,40,0.0,0.0,0.0,0.05263157894736842,19.0
leave_query_out,frequency_prior,5,13,BRONZE BUTLER,G0060,40,0.0,0.0,0.0,0.022727272727272728,44.0
leave_query_out,overlap_cosine,5,13,BRONZE BUTLER,G0060,40,0.0,0.0,0.0,0.0072992700729927005,137.0
leave_query_out,svd32_graph_embedding,5,13,BRONZE BUTLER,G0060,40,0.0,0.0,0.0,0.02564102564102564,39.0
leave_query_out,random_uniform,5,13,TA551,G0127,14,0.0,0.0,0.0,0.01639344262295082,61.0
leave_query_out,frequency_prior,5,13,TA551,G0127,14,0.0,0.0,0.0,0.01,100.0
leave_query_out,overlap_cosine,5,13,TA551,G0127,14,0.0,0.0,0.0,0.0072992700729927005,137.0
leave_query_out,svd32_graph_embedding,5,13,TA551,G0127,14,0.0,1.0,1.0,0.2,5.0
leave_query_out,random_uniform,5,13,BackdoorDiplomacy,G0135,15,0.0,0.0,0.0,0.010309278350515464,97.0
leave_query_out,frequency_prior,5,13,BackdoorDiplomacy,G0135,15,0.0,0.0,0.0,0.010101010101010102,99.0
leave_query_out,overlap_cosine,5,13,BackdoorDiplomacy,G0135,15,0.0,0.0,0.0,0.007462686567164179,134.0
leave_query_out,svd32_graph_embedding,5,13,BackdoorDiplomacy,G0135,15,0.0,0.0,0.0,0.009174311926605505,109.0
leave_query_out,random_uniform,5,13,Star Blizzard,G1033,20,0.0,0.0,0.0,0.008695652173913044,115.0
leave_query_out,frequency_prior,5,13,Star Blizzard,G1033,20,0.0,0.0,0.0,0.012195121951219513,82.0
leave_query_out,overlap_cosine,5,13,Star Blizzard,G1033,20,0.0,0.0,0.0,0.0072992700729927005,137.0
leave_query_out,svd32_graph_embedding,5,13,Star Blizzard,G1033,20,0.0,0.0,1.0,0.14285714285714285,7.0
leave_query_out,random_uniform,5,13,Darkhotel,G0012,24,1.0,1.0,1.0,1.0,1.0
leave_query_out,frequency_prior,5,13,Darkhotel,G0012,24,0.0,0.0,0.0,0.0136986301369863,73.0
leave_query_out,overlap_cosine,5,13,Darkhotel,G0012,24,0.0,0.0,0.0,0.007042253521126761,142.0
leave_query_out,svd32_graph_embedding,5,13,Darkhotel,G0012,24,0.0,0.0,0.0,0.02040816326530612,49.0
leave_query_out,random_uniform,5,13,Axiom,G0001,16,0.0,0.0,0.0,0.09090909090909091,11.0
leave_query_out,frequency_prior,5,13,Axiom,G0001,16,0.0,0.0,0.0,0.010638297872340425,94.0
leave_query_out,overlap_cosine,5,13,Axiom,G0001,16,0.0,0.0,0.0,0.008771929824561403,114.0
leave_query_out,svd32_graph_embedding,5,13,Axiom,G0001,16,0.0,0.0,0.0,0.06666666666666667,15.0
leave_query_out,random_uniform,5,13,Deep Panda,G0009,10,0.0,0.0,0.0,0.014925373134328358,67.0
leave_query_out,frequency_prior,5,13,Deep Panda,G0009,10,0.0,0.0,0.0,0.008333333333333333,120.0
leave_query_out,overlap_cosine,5,13,Deep Panda,G0009,10,0.0,0.0,0.0,0.006944444444444444,144.0
leave_query_out,svd32_graph_embedding,5,13,Deep Panda,G0009,10,0.0,0.0,0.0,0.021739130434782608,46.0
leave_query_out,random_uniform,5,13,Ember Bear,G1003,47,0.0,0.0,0.0,0.011904761904761904,84.0
leave_query_out,frequency_prior,5,13,Ember Bear,G1003,47,0.0,0.0,0.0,0.03225806451612903,31.0
leave_query_out,overlap_cosine,5,13,Ember Bear,G1003,47,0.0,0.0,0.0,0.007246376811594203,138.0
leave_query_out,svd32_graph_embedding,5,13,Ember Bear,G1003,47,1.0,1.0,1.0,1.0,1.0
leave_query_out,random_uniform,5,13,LazyScripter,G0140,20,0.0,0.0,0.0,0.009259259259259259,108.0
leave_query_out,frequency_prior,5,13,LazyScripter,G0140,20,0.0,0.0,0.0,0.012345679012345678,81.0
leave_query_out,overlap_cosine,5,13,LazyScripter,G0140,20,0.0,0.0,0.0,0.007246376811594203,138.0
leave_query_out,svd32_graph_embedding,5,13,LazyScripter,G0140,20,0.0,0.0,0.0,0.016666666666666666,60.0
leave_query_out,random_uniform,5,13,Windshift,G0112,19,0.0,0.0,0.0,0.008130081300813009,123.0
leave_query_out,frequency_prior,5,13,Windshift,G0112,19,0.0,0.0,0.0,0.011764705882352941,85.0
leave_query_out,overlap_cosine,5,13,Windshift,G0112,19,0.0,0.0,0.0,0.007462686567164179,134.0
leave_query_out,svd32_graph_embedding,5,13,Windshift,G0112,19,0.0,0.0,0.0,0.0625,16.0
leave_query_out,random_uniform,5,13,ToddyCat,G1022,25,0.0,0.0,0.0,0.008130081300813009,123.0
leave_query_out,frequency_prior,5,13,ToddyCat,G1022,25,0.0,0.0,0.0,0.013888888888888888,72.0
leave_query_out,overlap_cosine,5,13,ToddyCat,G1022,25,0.0,0.0,0.0,0.007407407407407408,135.0
leave_query_out,svd32_graph_embedding,5,13,ToddyCat,G1022,25,0.0,0.0,0.0,0.03125,32.0
leave_query_out,random_uniform,5,13,LuminousMoth,G1014,28,0.0,0.0,0.0,0.010101010101010102,99.0
leave_query_out,frequency_prior,5,13,LuminousMoth,G1014,28,0.0,0.0,0.0,0.015384615384615385,65.0
leave_query_out,overlap_cosine,5,13,LuminousMoth,G1014,28,0.0,0.0,0.0,0.007352941176470588,136.0
leave_query_out,svd32_graph_embedding,5,13,LuminousMoth,G1014,28,0.0,0.0,1.0,0.16666666666666666,6.0
leave_query_out,random_uniform,5,13,Agrius,G1030,22,0.0,0.0,0.0,0.013513513513513514,74.0
leave_query_out,frequency_prior,5,13,Agrius,G1030,22,0.0,0.0,0.0,0.013333333333333334,75.0
leave_query_out,overlap_cosine,5,13,Agrius,G1030,22,0.0,0.0,0.0,0.007352941176470588,136.0
leave_query_out,svd32_graph_embedding,5,13,Agrius,G1030,22,0.0,0.0,0.0,0.021739130434782608,46.0
leave_query_out,random_uniform,5,13,APT28,G0007,93,0.0,0.0,0.0,0.006535947712418301,153.0
leave_query_out,frequency_prior,5,13,APT28,G0007,93,0.0,1.0,1.0,0.5,2.0
leave_query_out,overlap_cosine,5,13,APT28,G0007,93,0.0,0.0,0.0,0.007633587786259542,131.0
leave_query_out,svd32_graph_embedding,5,13,APT28,G0007,93,0.0,0.0,0.0,0.045454545454545456,22.0
leave_query_out,random_uniform,5,13,Malteiro,G1026,12,0.0,0.0,0.0,0.02564102564102564,39.0
leave_query_out,frequency_prior,5,13,Malteiro,G1026,12,0.0,0.0,0.0,0.008849557522123894,113.0
leave_query_out,overlap_cosine,5,13,Malteiro,G1026,12,0.0,0.0,0.0,0.007575757575757576,132.0
leave_query_out,svd32_graph_embedding,5,13,Malteiro,G1026,12,0.0,0.0,0.0,0.06666666666666667,15.0
leave_query_out,random_uniform,5,13,APT42,G1044,32,0.0,0.0,0.0,0.01818181818181818,55.0
leave_query_out,frequency_prior,5,13,APT42,G1044,32,0.0,0.0,0.0,0.018518518518518517,54.0
leave_query_out,overlap_cosine,5,13,APT42,G1044,32,0.0,0.0,0.0,0.007692307692307693,130.0
leave_query_out,svd32_graph_embedding,5,13,APT42,G1044,32,0.0,0.0,0.0,0.07692307692307693,13.0
leave_query_out,random_uniform,5,13,APT5,G1023,29,0.0,0.0,0.0,0.015625,64.0
leave_query_out,frequency_prior,5,13,APT5,G1023,29,0.0,0.0,0.0,0.016129032258064516,62.0
leave_query_out,overlap_cosine,5,13,APT5,G1023,29,0.0,0.0,0.0,0.007692307692307693,130.0
leave_query_out,svd32_graph_embedding,5,13,APT5,G1023,29,0.0,0.0,1.0,0.125,8.0
leave_query_out,random_uniform,5,13,Fox Kitten,G0117,41,0.0,0.0,0.0,0.007352941176470588,136.0
leave_query_out,frequency_prior,5,13,Fox Kitten,G0117,41,0.0,0.0,0.0,0.023809523809523808,42.0
leave_query_out,overlap_cosine,5,13,Fox Kitten,G0117,41,0.0,0.0,0.0,0.007692307692307693,130.0
leave_query_out,svd32_graph_embedding,5,13,Fox Kitten,G0117,41,0.0,0.0,0.0,0.02857142857142857,35.0
leave_query_out,random_uniform,5,13,APT-C-36,G0099,38,0.0,0.0,0.0,0.011494252873563218,87.0
leave_query_out,frequency_prior,5,13,APT-C-36,G0099,38,0.0,0.0,0.0,0.021739130434782608,46.0
leave_query_out,overlap_cosine,5,13,APT-C-36,G0099,38,0.0,0.0,0.0,0.00625,160.0
leave_query_out,svd32_graph_embedding,5,13,APT-C-36,G0099,38,0.0,0.0,0.0,0.06666666666666667,15.0
leave_query_out,random_uniform,5,13,Tonto Team,G0131,15,0.0,0.0,1.0,0.1,10.0
leave_query_out,frequency_prior,5,13,Tonto Team,G0131,15,0.0,0.0,0.0,0.010309278350515464,97.0
leave_query_out,overlap_cosine,5,13,Tonto Team,G0131,15,0.0,0.0,0.0,0.005847953216374269,171.0
leave_query_out,svd32_graph_embedding,5,13,Tonto Team,G0131,15,0.0,0.0,0.0,0.03125,32.0
leave_query_out,random_uniform,5,13,Lazarus Group,G0032,93,0.0,0.0,0.0,0.006060606060606061,165.0
leave_query_out,frequency_prior,5,13,Lazarus Group,G0032,93,0.0,1.0,1.0,0.3333333333333333,3.0
leave_query_out,overlap_cosine,5,13,Lazarus Group,G0032,93,0.0,0.0,0.0,0.006578947368421052,152.0
leave_query_out,svd32_graph_embedding,5,13,Lazarus Group,G0032,93,1.0,1.0,1.0,1.0,1.0
leave_query_out,random_uniform,5,13,INC Ransom,G1032,25,0.0,1.0,1.0,0.5,2.0
leave_query_out,frequency_prior,5,13,INC Ransom,G1032,25,0.0,0.0,0.0,0.014084507042253521,71.0
leave_query_out,overlap_cosine,5,13,INC Ransom,G1032,25,0.0,0.0,0.0,0.006369426751592357,157.0
leave_query_out,svd32_graph_embedding,5,13,INC Ransom,G1032,25,1.0,1.0,1.0,1.0,1.0
leave_query_out,random_uniform,5,13,Earth Lusca,G1006,44,0.0,0.0,0.0,0.007874015748031496,127.0
leave_query_out,frequency_prior,5,13,Earth Lusca,G1006,44,0.0,0.0,0.0,0.029411764705882353,34.0
leave_query_out,overlap_cosine,5,13,Earth Lusca,G1006,44,0.0,0.0,0.0,0.006369426751592357,157.0
leave_query_out,svd32_graph_embedding,5,13,Earth Lusca,G1006,44,1.0,1.0,1.0,1.0,1.0
leave_query_out,random_uniform,5,13,FIN4,G0085,12,0.0,0.0,0.0,0.007142857142857143,140.0
leave_query_out,frequency_prior,5,13,FIN4,G0085,12,0.0,0.0,0.0,0.009009009009009009,111.0
leave_query_out,overlap_cosine,5,13,FIN4,G0085,12,0.0,0.0,0.0,0.005847953216374269,171.0
leave_query_out,svd32_graph_embedding,5,13,FIN4,G0085,12,0.0,0.0,0.0,0.09090909090909091,11.0
leave_query_out,random_uniform,5,13,Silence,G0091,28,0.0,0.0,0.0,0.00684931506849315,146.0
leave_query_out,frequency_prior,5,13,Silence,G0091,28,0.0,0.0,0.0,0.015151515151515152,66.0
leave_query_out,overlap_cosine,5,13,Silence,G0091,28,0.0,0.0,0.0,0.005780346820809248,173.0
leave_query_out,svd32_graph_embedding,5,13,Silence,G0091,28,0.0,0.0,0.0,0.023255813953488372,43.0
leave_query_out,random_uniform,5,13,LAPSUS$,G1004,43,0.0,0.0,0.0,0.012345679012345678,81.0
leave_query_out,frequency_prior,5,13,LAPSUS$,G1004,43,0.0,0.0,0.0,0.02702702702702703,37.0
leave_query_out,overlap_cosine,5,13,LAPSUS$,G1004,43,0.0,0.0,0.0,0.006896551724137931,145.0
leave_query_out,svd32_graph_embedding,5,13,LAPSUS$,G1004,43,1.0,1.0,1.0,1.0,1.0
leave_query_out,random_uniform,5,13,Cobalt Group,G0080,34,0.0,0.0,0.0,0.005847953216374269,171.0
leave_query_out,frequency_prior,5,13,Cobalt Group,G0080,34,0.0,0.0,0.0,0.0196078431372549,51.0
leave_query_out,overlap_cosine,5,13,Cobalt Group,G0080,34,0.0,0.0,0.0,0.006024096385542169,166.0
leave_query_out,svd32_graph_embedding,5,13,Cobalt Group,G0080,34,0.0,0.0,0.0,0.021739130434782608,46.0
leave_query_out,random_uniform,5,13,Wizard Spider,G0102,64,0.0,0.0,0.0,0.017241379310344827,58.0
leave_query_out,frequency_prior,5,13,Wizard Spider,G0102,64,0.0,0.0,0.0,0.058823529411764705,17.0
leave_query_out,overlap_cosine,5,13,Wizard Spider,G0102,64,0.0,0.0,0.0,0.006578947368421052,152.0
leave_query_out,svd32_graph_embedding,5,13,Wizard Spider,G0102,64,0.0,0.0,0.0,0.043478260869565216,23.0
leave_query_out,random_uniform,5,13,Molerats,G0021,16,0.0,0.0,0.0,0.02127659574468085,47.0
leave_query_out,frequency_prior,5,13,Molerats,G0021,16,0.0,0.0,0.0,0.010869565217391304,92.0
leave_query_out,overlap_cosine,5,13,Molerats,G0021,16,0.0,0.0,0.0,0.006024096385542169,166.0
leave_query_out,svd32_graph_embedding,5,13,Molerats,G0021,16,0.0,0.0,0.0,0.06666666666666667,15.0
leave_query_out,random_uniform,5,13,Velvet Ant,G1047,22,0.0,0.0,0.0,0.006802721088435374,147.0
leave_query_out,frequency_prior,5,13,Velvet Ant,G1047,22,0.0,0.0,0.0,0.012987012987012988,77.0
leave_query_out,overlap_cosine,5,13,Velvet Ant,G1047,22,0.0,0.0,0.0,0.006666666666666667,150.0
leave_query_out,svd32_graph_embedding,5,13,Velvet Ant,G1047,22,0.0,1.0,1.0,0.5,2.0
leave_query_out,random_uniform,5,13,Transparent Tribe,G0134,14,0.0,0.0,0.0,0.023255813953488372,43.0
leave_query_out,frequency_prior,5,13,Transparent Tribe,G0134,14,0.0,0.0,0.0,0.009615384615384616,104.0
leave_query_out,overlap_cosine,5,13,Transparent Tribe,G0134,14,0.0,0.0,0.0,0.005952380952380952,168.0
leave_query_out,svd32_graph_embedding,5,13,Transparent Tribe,G0134,14,0.0,0.0,0.0,0.021739130434782608,46.0
leave_query_out,random_uniform,5,13,Moonstone Sleet,G1036,30,0.0,0.0,0.0,0.010638297872340425,94.0
leave_query_out,frequency_prior,5,13,Moonstone Sleet,G1036,30,0.0,0.0,0.0,0.01694915254237288,59.0
leave_query_out,overlap_cosine,5,13,Moonstone Sleet,G1036,30,0.0,0.0,0.0,0.006097560975609756,164.0
leave_query_out,svd32_graph_embedding,5,13,Moonstone Sleet,G1036,30,0.0,1.0,1.0,0.25,4.0
leave_query_out,random_uniform,5,13,Inception,G0100,22,0.0,0.0,0.0,0.008620689655172414,116.0
leave_query_out,frequency_prior,5,13,Inception,G0100,22,0.0,0.0,0.0,0.01282051282051282,78.0
leave_query_out,overlap_cosine,5,13,Inception,G0100,22,0.0,0.0,0.0,0.006134969325153374,163.0
leave_query_out,svd32_graph_embedding,5,13,Inception,G0100,22,0.0,0.0,0.0,0.018867924528301886,53.0
leave_query_out,random_uniform,5,13,VOID MANTICORE,G1055,63,0.0,0.0,0.0,0.008,125.0
leave_query_out,frequency_prior,5,13,VOID MANTICORE,G1055,63,0.0,0.0,0.0,0.05555555555555555,18.0
leave_query_out,overlap_cosine,5,13,VOID MANTICORE,G1055,63,0.0,0.0,0.0,0.006369426751592357,157.0
leave_query_out,svd32_graph_embedding,5,13,VOID MANTICORE,G1055,63,0.0,1.0,1.0,0.5,2.0
leave_query_out,random_uniform,5,13,Play,G1040,26,0.0,1.0,1.0,0.2,5.0
leave_query_out,frequency_prior,5,13,Play,G1040,26,0.0,0.0,0.0,0.014492753623188406,69.0
leave_query_out,overlap_cosine,5,13,Play,G1040,26,0.0,0.0,0.0,0.006060606060606061,165.0
leave_query_out,svd32_graph_embedding,5,13,Play,G1040,26,0.0,0.0,0.0,0.045454545454545456,22.0
leave_query_out,random_uniform,5,13,PROMETHIUM,G0056,11,0.0,0.0,0.0,0.012195121951219513,82.0
leave_query_out,frequency_prior,5,13,PROMETHIUM,G0056,11,0.0,0.0,0.0,0.00847457627118644,118.0
leave_query_out,overlap_cosine,5,13,PROMETHIUM,G0056,11,0.0,0.0,0.0,0.006097560975609756,164.0
leave_query_out,svd32_graph_embedding,5,13,PROMETHIUM,G0056,11,0.0,0.0,0.0,0.017241379310344827,58.0
leave_query_out,random_uniform,5,13,HEXANE,G1001,36,0.0,1.0,1.0,0.2,5.0
leave_query_out,frequency_prior,5,13,HEXANE,G1001,36,0.0,0.0,0.0,0.02040816326530612,49.0
leave_query_out,overlap_cosine,5,13,HEXANE,G1001,36,0.0,0.0,0.0,0.006172839506172839,162.0
leave_query_out,svd32_graph_embedding,5,13,HEXANE,G1001,36,0.0,0.0,0.0,0.07142857142857142,14.0
leave_query_out,random_uniform,5,13,Daggerfly,G1034,17,0.0,1.0,1.0,0.25,4.0
leave_query_out,frequency_prior,5,13,Daggerfly,G1034,17,0.0,0.0,0.0,0.011235955056179775,89.0
leave_query_out,overlap_cosine,5,13,Daggerfly,G1034,17,0.0,0.0,0.0,0.005847953216374269,171.0
leave_query_out,svd32_graph_embedding,5,13,Daggerfly,G1034,17,0.0,0.0,0.0,0.03225806451612903,31.0
leave_query_out,random_uniform,5,13,WIRTE,G0090,26,0.0,0.0,0.0,0.006802721088435374,147.0
leave_query_out,frequency_prior,5,13,WIRTE,G0090,26,0.0,0.0,0.0,0.014285714285714285,70.0
leave_query_out,overlap_cosine,5,13,WIRTE,G0090,26,0.0,0.0,0.0,0.005847953216374269,171.0
leave_query_out,svd32_graph_embedding,5,13,WIRTE,G0090,26,0.0,0.0,0.0,0.038461538461538464,26.0
leave_query_out,random_uniform,5,13,PLATINUM,G0068,11,0.0,0.0,0.0,0.005917159763313609,169.0
leave_query_out,frequency_prior,5,13,PLATINUM,G0068,11,0.0,0.0,0.0,0.008547008547008548,117.0
leave_query_out,overlap_cosine,5,13,PLATINUM,G0068,11,0.0,0.0,0.0,0.005813953488372093,172.0
leave_query_out,svd32_graph_embedding,5,13,PLATINUM,G0068,11,0.0,0.0,0.0,0.06666666666666667,15.0
leave_query_out,random_uniform,5,13,Magic Hound,G0059,78,0.0,0.0,0.0,0.008928571428571428,112.0
leave_query_out,frequency_prior,5,13,Magic Hound,G0059,78,0.0,0.0,1.0,0.1111111111111111,9.0
leave_query_out,overlap_cosine,5,13,Magic Hound,G0059,78,0.0,0.0,0.0,0.005847953216374269,171.0
leave_query_out,svd32_graph_embedding,5,13,Magic Hound,G0059,78,1.0,1.0,1.0,1.0,1.0
leave_query_out,random_uniform,5,13,Threat Group-3390,G0027,57,0.0,0.0,0.0,0.0070921985815602835,141.0
leave_query_out,frequency_prior,5,13,Threat Group-3390,G0027,57,0.0,0.0,0.0,0.05,20.0
leave_query_out,overlap_cosine,5,13,Threat Group-3390,G0027,57,0.0,0.0,0.0,0.005917159763313609,169.0
leave_query_out,svd32_graph_embedding,5,13,Threat Group-3390,G0027,57,0.0,0.0,0.0,0.0625,16.0
leave_query_out,random_uniform,5,13,APT33,G0064,31,0.0,0.0,0.0,0.0125,80.0
leave_query_out,frequency_prior,5,13,APT33,G0064,31,0.0,0.0,0.0,0.017857142857142856,56.0
leave_query_out,overlap_cosine,5,13,APT33,G0064,31,0.0,0.0,0.0,0.005847953216374269,171.0
leave_query_out,svd32_graph_embedding,5,13,APT33,G0064,31,0.0,0.0,1.0,0.14285714285714285,7.0
leave_query_out,random_uniform,5,13,FIN10,G0051,11,0.0,0.0,0.0,0.006944444444444444,144.0
leave_query_out,frequency_prior,5,13,FIN10,G0051,11,0.0,0.0,0.0,0.008620689655172414,116.0
leave_query_out,overlap_cosine,5,13,FIN10,G0051,11,0.0,0.0,0.0,0.005780346820809248,173.0
leave_query_out,svd32_graph_embedding,5,13,FIN10,G0051,11,0.0,0.0,0.0,0.01639344262295082,61.0
leave_query_out,random_uniform,5,13,FIN8,G0061,36,0.0,0.0,0.0,0.018518518518518517,54.0
leave_query_out,frequency_prior,5,13,FIN8,G0061,36,0.0,0.0,0.0,0.02127659574468085,47.0
leave_query_out,overlap_cosine,5,13,FIN8,G0061,36,0.0,0.0,0.0,0.005813953488372093,172.0
leave_query_out,svd32_graph_embedding,5,13,FIN8,G0061,36,0.0,0.0,0.0,0.03225806451612903,31.0
leave_query_out,random_uniform,5,13,FIN13,G1016,53,0.0,0.0,0.0,0.058823529411764705,17.0
leave_query_out,frequency_prior,5,13,FIN13,G1016,53,0.0,0.0,0.0,0.037037037037037035,27.0
leave_query_out,overlap_cosine,5,13,FIN13,G1016,53,0.0,0.0,0.0,0.005847953216374269,171.0
leave_query_out,svd32_graph_embedding,5,13,FIN13,G1016,53,0.0,1.0,1.0,0.25,4.0
leave_query_out,random_uniform,5,13,APT19,G0073,21,0.0,0.0,0.0,0.005847953216374269,171.0
leave_query_out,frequency_prior,5,13,APT19,G0073,21,0.0,0.0,0.0,0.0125,80.0
leave_query_out,overlap_cosine,5,13,APT19,G0073,21,0.0,0.0,0.0,0.005780346820809248,173.0
leave_query_out,svd32_graph_embedding,5,13,APT19,G0073,21,0.0,0.0,0.0,0.030303030303030304,33.0
leave_query_out,random_uniform,5,42,APT38,G0082,56,0.0,0.0,1.0,0.14285714285714285,7.0
leave_query_out,frequency_prior,5,42,APT38,G0082,56,0.0,0.0,0.0,0.041666666666666664,24.0
leave_query_out,overlap_cosine,5,42,APT38,G0082,56,0.0,0.0,0.0,0.007874015748031496,127.0
leave_query_out,svd32_graph_embedding,5,42,APT38,G0082,56,1.0,1.0,1.0,1.0,1.0
leave_query_out,random_uniform,5,42,Indrik Spider,G0119,33,0.0,0.0,0.0,0.017543859649122806,57.0
leave_query_out,frequency_prior,5,42,Indrik Spider,G0119,33,0.0,0.0,0.0,0.018867924528301886,53.0
leave_query_out,overlap_cosine,5,42,Indrik Spider,G0119,33,0.0,0.0,0.0,0.007874015748031496,127.0
leave_query_out,svd32_graph_embedding,5,42,Indrik Spider,G0119,33,0.0,0.0,1.0,0.1,10.0
leave_query_out,random_uniform,5,42,BlackByte,G1043,48,0.0,0.0,0.0,0.023255813953488372,43.0
leave_query_out,frequency_prior,5,42,BlackByte,G1043,48,0.0,0.0,0.0,0.03333333333333333,30.0
leave_query_out,overlap_cosine,5,42,BlackByte,G1043,48,0.0,0.0,0.0,0.008,125.0
leave_query_out,svd32_graph_embedding,5,42,BlackByte,G1043,48,0.0,0.0,1.0,0.1111111111111111,9.0
leave_query_out,random_uniform,5,42,SideCopy,G1008,16,0.0,0.0,0.0,0.02040816326530612,49.0
leave_query_out,frequency_prior,5,42,SideCopy,G1008,16,0.0,0.0,0.0,0.01098901098901099,91.0
leave_query_out,overlap_cosine,5,42,SideCopy,G1008,16,0.0,0.0,0.0,0.008403361344537815,119.0
leave_query_out,svd32_graph_embedding,5,42,SideCopy,G1008,16,0.0,0.0,1.0,0.125,8.0
leave_query_out,random_uniform,5,42,GALLIUM,G0093,31,0.0,0.0,0.0,0.007142857142857143,140.0
leave_query_out,frequency_prior,5,42,GALLIUM,G0093,31,0.0,0.0,0.0,0.017543859649122806,57.0
leave_query_out,overlap_cosine,5,42,GALLIUM,G0093,31,0.0,0.0,0.0,0.008403361344537815,119.0
leave_query_out,svd32_graph_embedding,5,42,GALLIUM,G0093,31,0.0,0.0,0.0,0.045454545454545456,22.0
leave_query_out,random_uniform,5,42,APT3,G0022,44,0.0,0.0,0.0,0.023255813953488372,43.0
leave_query_out,frequency_prior,5,42,APT3,G0022,44,0.0,0.0,0.0,0.02857142857142857,35.0
leave_query_out,overlap_cosine,5,42,APT3,G0022,44,0.0,0.0,0.0,0.008547008547008548,117.0
leave_query_out,svd32_graph_embedding,5,42,APT3,G0022,44,1.0,1.0,1.0,1.0,1.0
leave_query_out,random_uniform,5,42,Mustard Tempest,G1020,12,0.0,0.0,0.0,0.006493506493506494,154.0
leave_query_out,frequency_prior,5,42,Mustard Tempest,G1020,12,0.0,0.0,0.0,0.009433962264150943,106.0
leave_query_out,overlap_cosine,5,42,Mustard Tempest,G1020,12,0.0,0.0,0.0,0.008695652173913044,115.0
leave_query_out,svd32_graph_embedding,5,42,Mustard Tempest,G1020,12,0.0,0.0,0.0,0.011235955056179775,89.0
leave_query_out,random_uniform,5,42,Kimsuky,G0094,130,0.0,0.0,0.0,0.009615384615384616,104.0
leave_query_out,frequency_prior,5,42,Kimsuky,G0094,130,1.0,1.0,1.0,1.0,1.0
leave_query_out,overlap_cosine,5,42,Kimsuky,G0094,130,0.0,0.0,0.0,0.008547008547008548,117.0
leave_query_out,svd32_graph_embedding,5,42,Kimsuky,G0094,130,0.0,0.0,1.0,0.125,8.0
leave_query_out,random_uniform,5,42,EXOTIC LILY,G1011,15,0.0,0.0,0.0,0.0070921985815602835,141.0
leave_query_out,frequency_prior,5,42,EXOTIC LILY,G1011,15,0.0,0.0,0.0,0.01020408163265306,98.0
leave_query_out,overlap_cosine,5,42,EXOTIC LILY,G1011,15,0.0,0.0,0.0,0.012048192771084338,83.0
leave_query_out,svd32_graph_embedding,5,42,EXOTIC LILY,G1011,15,0.0,1.0,1.0,0.25,4.0
leave_query_out,random_uniform,5,42,admin@338,G0018,12,0.0,0.0,0.0,0.011904761904761904,84.0
leave_query_out,frequency_prior,5,42,admin@338,G0018,12,0.0,0.0,0.0,0.00909090909090909,110.0
leave_query_out,overlap_cosine,5,42,admin@338,G0018,12,0.0,0.0,0.0,0.006578947368421052,152.0
leave_query_out,svd32_graph_embedding,5,42,admin@338,G0018,12,0.0,0.0,0.0,0.0625,16.0
leave_query_out,random_uniform,5,42,Volt Typhoon,G1017,81,0.0,0.0,0.0,0.007462686567164179,134.0
leave_query_out,frequency_prior,5,42,Volt Typhoon,G1017,81,0.0,0.0,1.0,0.16666666666666666,6.0
leave_query_out,overlap_cosine,5,42,Volt Typhoon,G1017,81,0.0,0.0,0.0,0.008695652173913044,115.0
leave_query_out,svd32_graph_embedding,5,42,Volt Typhoon,G1017,81,0.0,0.0,1.0,0.1,10.0
leave_query_out,random_uniform,5,42,Patchwork,G0040,41,0.0,0.0,0.0,0.03125,32.0
leave_query_out,frequency_prior,5,42,Patchwork,G0040,41,0.0,0.0,0.0,0.025,40.0
leave_query_out,overlap_cosine,5,42,Patchwork,G0040,41,0.0,0.0,0.0,0.008130081300813009,123.0
leave_query_out,svd32_graph_embedding,5,42,Patchwork,G0040,41,0.0,0.0,0.0,0.03225806451612903,31.0
leave_query_out,random_uniform,5,42,APT41,G0096,82,0.0,0.0,0.0,0.010752688172043012,93.0
leave_query_out,frequency_prior,5,42,APT41,G0096,82,0.0,1.0,1.0,0.2,5.0
leave_query_out,overlap_cosine,5,42,APT41,G0096,82,0.0,0.0,0.0,0.008264462809917356,121.0
leave_query_out,svd32_graph_embedding,5,42,APT41,G0096,82,0.0,1.0,1.0,0.5,2.0
leave_query_out,random_uniform,5,42,Salt Typhoon,G1045,14,0.0,0.0,0.0,0.008,125.0
leave_query_out,frequency_prior,5,42,Salt Typhoon,G1045,14,0.0,0.0,0.0,0.00980392156862745,102.0
leave_query_out,overlap_cosine,5,42,Salt Typhoon,G1045,14,0.0,0.0,0.0,0.008064516129032258,124.0
leave_query_out,svd32_graph_embedding,5,42,Salt Typhoon,G1045,14,0.0,0.0,0.0,0.030303030303030304,33.0
leave_query_out,random_uniform,5,42,Dragonfly,G0035,56,0.0,0.0,0.0,0.008547008547008548,117.0
leave_query_out,frequency_prior,5,42,Dragonfly,G0035,56,0.0,0.0,0.0,0.045454545454545456,22.0
leave_query_out,overlap_cosine,5,42,Dragonfly,G0035,56,0.0,0.0,0.0,0.008130081300813009,123.0
leave_query_out,svd32_graph_embedding,5,42,Dragonfly,G0035,56,0.0,0.0,1.0,0.16666666666666666,6.0
leave_query_out,random_uniform,5,42,Evilnum,G0120,11,0.0,0.0,0.0,0.011235955056179775,89.0
leave_query_out,frequency_prior,5,42,Evilnum,G0120,11,0.0,0.0,0.0,0.008403361344537815,119.0
leave_query_out,overlap_cosine,5,42,Evilnum,G0120,11,0.0,0.0,0.0,0.00819672131147541,122.0
leave_query_out,svd32_graph_embedding,5,42,Evilnum,G0120,11,0.0,0.0,0.0,0.018867924528301886,53.0
leave_query_out,random_uniform,5,42,Gorgon Group,G0078,16,0.0,0.0,0.0,0.019230769230769232,52.0
leave_query_out,frequency_prior,5,42,Gorgon Group,G0078,16,0.0,0.0,0.0,0.010526315789473684,95.0
leave_query_out,overlap_cosine,5,42,Gorgon Group,G0078,16,0.0,0.0,0.0,0.008,125.0
leave_query_out,svd32_graph_embedding,5,42,Gorgon Group,G0078,16,0.0,0.0,0.0,0.0125,80.0
leave_query_out,random_uniform,5,42,menuPass,G0045,46,0.0,0.0,0.0,0.0196078431372549,51.0
leave_query_out,frequency_prior,5,42,menuPass,G0045,46,0.0,0.0,0.0,0.030303030303030304,33.0
leave_query_out,overlap_cosine,5,42,menuPass,G0045,46,0.0,0.0,0.0,0.008,125.0
leave_query_out,svd32_graph_embedding,5,42,menuPass,G0045,46,0.0,0.0,0.0,0.02127659574468085,47.0
leave_query_out,random_uniform,5,42,APT32,G0050,78,0.0,0.0,0.0,0.010309278350515464,97.0
leave_query_out,frequency_prior,5,42,APT32,G0050,78,0.0,0.0,1.0,0.125,8.0
leave_query_out,overlap_cosine,5,42,APT32,G0050,78,0.0,0.0,0.0,0.018867924528301886,53.0
leave_query_out,svd32_graph_embedding,5,42,APT32,G0050,78,0.0,1.0,1.0,0.3333333333333333,3.0
leave_query_out,random_uniform,5,42,HAFNIUM,G0125,44,0.0,0.0,0.0,0.0072992700729927005,137.0
leave_query_out,frequency_prior,5,42,HAFNIUM,G0125,44,0.0,0.0,0.0,0.027777777777777776,36.0
leave_query_out,overlap_cosine,5,42,HAFNIUM,G0125,44,0.0,0.0,0.0,0.008064516129032258,124.0
leave_query_out,svd32_graph_embedding,5,42,HAFNIUM,G0125,44,1.0,1.0,1.0,1.0,1.0
leave_query_out,random_uniform,5,42,MuddyWater,G0069,68,0.0,0.0,0.0,0.005813953488372093,172.0
leave_query_out,frequency_prior,5,42,MuddyWater,G0069,68,0.0,0.0,0.0,0.08333333333333333,12.0
leave_query_out,overlap_cosine,5,42,MuddyWater,G0069,68,0.0,0.0,0.0,0.00819672131147541,122.0
leave_query_out,svd32_graph_embedding,5,42,MuddyWater,G0069,68,1.0,1.0,1.0,1.0,1.0
leave_query_out,random_uniform,5,42,Naikon,G0019,14,0.0,0.0,0.0,0.008849557522123894,113.0
leave_query_out,frequency_prior,5,42,Naikon,G0019,14,0.0,0.0,0.0,0.009708737864077669,103.0
leave_query_out,overlap_cosine,5,42,Naikon,G0019,14,0.0,0.0,0.0,0.007874015748031496,127.0
leave_query_out,svd32_graph_embedding,5,42,Naikon,G0019,14,0.0,0.0,0.0,0.041666666666666664,24.0
leave_query_out,random_uniform,5,42,FIN6,G0037,40,0.0,0.0,0.0,0.009345794392523364,107.0
leave_query_out,frequency_prior,5,42,FIN6,G0037,40,0.0,0.0,0.0,0.022222222222222223,45.0
leave_query_out,overlap_cosine,5,42,FIN6,G0037,40,0.0,0.0,0.0,0.007874015748031496,127.0
leave_query_out,svd32_graph_embedding,5,42,FIN6,G0037,40,0.0,0.0,0.0,0.08333333333333333,12.0
leave_query_out,random_uniform,5,42,Gamaredon Group,G0047,70,0.0,0.0,0.0,0.006060606060606061,165.0
leave_query_out,frequency_prior,5,42,Gamaredon Group,G0047,70,0.0,0.0,0.0,0.09090909090909091,11.0
leave_query_out,overlap_cosine,5,42,Gamaredon Group,G0047,70,0.0,0.0,0.0,0.0196078431372549,51.0
leave_query_out,svd32_graph_embedding,5,42,Gamaredon Group,G0047,70,1.0,1.0,1.0,1.0,1.0
leave_query_out,random_uniform,5,42,Storm-1811,G1046,31,0.0,0.0,0.0,0.008064516129032258,124.0
leave_query_out,frequency_prior,5,42,Storm-1811,G1046,31,0.0,0.0,0.0,0.01818181818181818,55.0
leave_query_out,overlap_cosine,5,42,Storm-1811,G1046,31,0.0,0.0,0.0,0.008,125.0
leave_query_out,svd32_graph_embedding,5,42,Storm-1811,G1046,31,0.0,0.0,0.0,0.023809523809523808,42.0
leave_query_out,random_uniform,5,42,Leafminer,G0077,17,0.0,0.0,0.0,0.006944444444444444,144.0
leave_query_out,frequency_prior,5,42,Leafminer,G0077,17,0.0,0.0,0.0,0.011111111111111112,90.0
leave_query_out,overlap_cosine,5,42,Leafminer,G0077,17,0.0,0.0,0.0,0.008928571428571428,112.0
leave_query_out,svd32_graph_embedding,5,42,Leafminer,G0077,17,0.0,0.0,0.0,0.016129032258064516,62.0
leave_query_out,random_uniform,5,42,TeamTNT,G0139,56,0.0,0.0,0.0,0.008,125.0
leave_query_out,frequency_prior,5,42,TeamTNT,G0139,56,0.0,0.0,0.0,0.043478260869565216,23.0
leave_query_out,overlap_cosine,5,42,TeamTNT,G0139,56,0.0,0.0,0.0,0.008849557522123894,113.0
leave_query_out,svd32_graph_embedding,5,42,TeamTNT,G0139,56,0.0,1.0,1.0,0.25,4.0
leave_query_out,random_uniform,5,42,FIN7,G0046,67,0.0,0.0,0.0,0.014285714285714285,70.0
leave_query_out,frequency_prior,5,42,FIN7,G0046,67,0.0,0.0,0.0,0.07142857142857142,14.0
leave_query_out,overlap_cosine,5,42,FIN7,G0046,67,0.0,0.0,0.0,0.008264462809917356,121.0
leave_query_out,svd32_graph_embedding,5,42,FIN7,G0046,67,1.0,1.0,1.0,1.0,1.0
leave_query_out,random_uniform,5,42,Sandworm Team,G0034,79,0.0,0.0,0.0,0.017241379310344827,58.0
leave_query_out,frequency_prior,5,42,Sandworm Team,G0034,79,0.0,0.0,1.0,0.14285714285714285,7.0
leave_query_out,overlap_cosine,5,42,Sandworm Team,G0034,79,0.0,0.0,0.0,0.009345794392523364,107.0
leave_query_out,svd32_graph_embedding,5,42,Sandworm Team,G0034,79,0.0,1.0,1.0,0.3333333333333333,3.0
leave_query_out,random_uniform,5,42,Machete,G0095,11,0.0,0.0,0.0,0.011111111111111112,90.0
leave_query_out,frequency_prior,5,42,Machete,G0095,11,0.0,0.0,0.0,0.008771929824561403,114.0
leave_query_out,overlap_cosine,5,42,Machete,G0095,11,0.0,0.0,0.0,0.010526315789473684,95.0
leave_query_out,svd32_graph_embedding,5,42,Machete,G0095,11,0.0,0.0,0.0,0.01639344262295082,61.0
leave_query_out,random_uniform,5,42,APT18,G0026,12,0.0,0.0,0.0,0.008333333333333333,120.0
leave_query_out,frequency_prior,5,42,APT18,G0026,12,0.0,0.0,0.0,0.009345794392523364,107.0
leave_query_out,overlap_cosine,5,42,APT18,G0026,12,0.0,0.0,0.0,0.0064516129032258064,155.0
leave_query_out,svd32_graph_embedding,5,42,APT18,G0026,12,0.0,0.0,0.0,0.02,50.0
leave_query_out,random_uniform,5,42,Andariel,G0138,12,0.0,0.0,0.0,0.018867924528301886,53.0
leave_query_out,frequency_prior,5,42,Andariel,G0138,12,0.0,0.0,0.0,0.009259259259259259,108.0
leave_query_out,overlap_cosine,5,42,Andariel,G0138,12,0.0,0.0,0.0,0.009259259259259259,108.0
leave_query_out,svd32_graph_embedding,5,42,Andariel,G0138,12,0.0,1.0,1.0,0.5,2.0
leave_query_out,random_uniform,5,42,CURIUM,G1012,19,0.0,0.0,0.0,0.02127659574468085,47.0
leave_query_out,frequency_prior,5,42,CURIUM,G1012,19,0.0,0.0,0.0,0.012048192771084338,83.0
leave_query_out,overlap_cosine,5,42,CURIUM,G1012,19,0.0,0.0,0.0,0.012987012987012988,77.0
leave_query_out,svd32_graph_embedding,5,42,CURIUM,G1012,19,0.0,0.0,0.0,0.07692307692307693,13.0
leave_query_out,random_uniform,5,42,Sidewinder,G0121,30,0.0,0.0,0.0,0.007352941176470588,136.0
leave_query_out,frequency_prior,5,42,Sidewinder,G0121,30,0.0,0.0,0.0,0.017241379310344827,58.0
leave_query_out,overlap_cosine,5,42,Sidewinder,G0121,30,0.0,0.0,0.0,0.006622516556291391,151.0
leave_query_out,svd32_graph_embedding,5,42,Sidewinder,G0121,30,0.0,0.0,0.0,0.08333333333333333,12.0
leave_query_out,random_uniform,5,42,Mustang Panda,G0129,85,0.0,0.0,1.0,0.1,10.0
leave_query_out,frequency_prior,5,42,Mustang Panda,G0129,85,0.0,1.0,1.0,0.25,4.0
leave_query_out,overlap_cosine,5,42,Mustang Panda,G0129,85,0.0,0.0,0.0,0.012658227848101266,79.0
leave_query_out,svd32_graph_embedding,5,42,Mustang Panda,G0129,85,0.0,0.0,1.0,0.125,8.0
leave_query_out,random_uniform,5,42,ZIRCONIUM,G0128,29,0.0,0.0,0.0,0.009174311926605505,109.0
leave_query_out,frequency_prior,5,42,ZIRCONIUM,G0128,29,0.0,0.0,0.0,0.016666666666666666,60.0
leave_query_out,overlap_cosine,5,42,ZIRCONIUM,G0128,29,0.0,0.0,0.0,0.012987012987012988,77.0
leave_query_out,svd32_graph_embedding,5,42,ZIRCONIUM,G0128,29,1.0,1.0,1.0,1.0,1.0
leave_query_out,random_uniform,5,42,Rocke,G0106,36,0.0,0.0,0.0,0.011111111111111112,90.0
leave_query_out,frequency_prior,5,42,Rocke,G0106,36,0.0,0.0,0.0,0.020833333333333332,48.0
leave_query_out,overlap_cosine,5,42,Rocke,G0106,36,0.0,0.0,0.0,0.02040816326530612,49.0
leave_query_out,svd32_graph_embedding,5,42,Rocke,G0106,36,1.0,1.0,1.0,1.0,1.0
leave_query_out,random_uniform,5,42,Scattered Spider,G1015,64,0.0,0.0,0.0,0.006329113924050633,158.0
leave_query_out,frequency_prior,5,42,Scattered Spider,G1015,64,0.0,0.0,0.0,0.0625,16.0
leave_query_out,overlap_cosine,5,42,Scattered Spider,G1015,64,0.0,0.0,0.0,0.0125,80.0
leave_query_out,svd32_graph_embedding,5,42,Scattered Spider,G1015,64,1.0,1.0,1.0,1.0,1.0
leave_query_out,random_uniform,5,42,APT39,G0087,53,0.0,0.0,0.0,0.011235955056179775,89.0
leave_query_out,frequency_prior,5,42,APT39,G0087,53,0.0,0.0,0.0,0.038461538461538464,26.0
leave_query_out,overlap_cosine,5,42,APT39,G0087,53,0.0,0.0,0.0,0.00641025641025641,156.0
leave_query_out,svd32_graph_embedding,5,42,APT39,G0087,53,0.0,0.0,0.0,0.04,25.0
leave_query_out,random_uniform,5,42,UNC3886,G1048,49,0.0,0.0,0.0,0.013888888888888888,72.0
leave_query_out,frequency_prior,5,42,UNC3886,G1048,49,0.0,0.0,0.0,0.034482758620689655,29.0
leave_query_out,overlap_cosine,5,42,UNC3886,G1048,49,0.0,0.0,0.0,0.0136986301369863,73.0
leave_query_out,svd32_graph_embedding,5,42,UNC3886,G1048,49,1.0,1.0,1.0,1.0,1.0
leave_query_out,random_uniform,5,42,Contagious Interview,G1052,54,0.0,0.0,0.0,0.01098901098901099,91.0
leave_query_out,frequency_prior,5,42,Contagious Interview,G1052,54,0.0,0.0,0.0,0.04,25.0
leave_query_out,overlap_cosine,5,42,Contagious Interview,G1052,54,0.0,0.0,0.0,0.011764705882352941,85.0
leave_query_out,svd32_graph_embedding,5,42,Contagious Interview,G1052,54,0.0,1.0,1.0,0.5,2.0
leave_query_out,random_uniform,5,42,TA2541,G1018,28,0.0,0.0,0.0,0.015151515151515152,66.0
leave_query_out,frequency_prior,5,42,TA2541,G1018,28,0.0,0.0,0.0,0.015873015873015872,63.0
leave_query_out,overlap_cosine,5,42,TA2541,G1018,28,0.0,0.0,0.0,0.011235955056179775,89.0
leave_query_out,svd32_graph_embedding,5,42,TA2541,G1018,28,0.0,1.0,1.0,0.5,2.0
leave_query_out,random_uniform,5,42,Akira,G1024,17,0.0,0.0,0.0,0.021739130434782608,46.0
leave_query_out,frequency_prior,5,42,Akira,G1024,17,0.0,0.0,0.0,0.011363636363636364,88.0
leave_query_out,overlap_cosine,5,42,Akira,G1024,17,0.0,0.0,0.0,0.014285714285714285,70.0
leave_query_out,svd32_graph_embedding,5,42,Akira,G1024,17,0.0,0.0,0.0,0.03225806451612903,31.0
leave_query_out,random_uniform,5,42,APT37,G0067,29,0.0,0.0,0.0,0.008849557522123894,113.0
leave_query_out,frequency_prior,5,42,APT37,G0067,29,0.0,0.0,0.0,0.01639344262295082,61.0
leave_query_out,overlap_cosine,5,42,APT37,G0067,29,0.0,0.0,0.0,0.009174311926605505,109.0
leave_query_out,svd32_graph_embedding,5,42,APT37,G0067,29,0.0,0.0,0.0,0.045454545454545456,22.0
leave_query_out,random_uniform,5,42,Moses Staff,G1009,12,0.0,0.0,0.0,0.012987012987012988,77.0
leave_query_out,frequency_prior,5,42,Moses Staff,G1009,12,0.0,0.0,0.0,0.008928571428571428,112.0
leave_query_out,overlap_cosine,5,42,Moses Staff,G1009,12,0.0,0.0,0.0,0.006369426751592357,157.0
leave_query_out,svd32_graph_embedding,5,42,Moses Staff,G1009,12,0.0,0.0,0.0,0.025,40.0
leave_query_out,random_uniform,5,42,OilRig,G0049,76,0.0,0.0,0.0,0.008403361344537815,119.0
leave_query_out,frequency_prior,5,42,OilRig,G0049,76,0.0,0.0,1.0,0.1,10.0
leave_query_out,overlap_cosine,5,42,OilRig,G0049,76,0.0,0.0,0.0,0.013888888888888888,72.0
leave_query_out,svd32_graph_embedding,5,42,OilRig,G0049,76,1.0,1.0,1.0,1.0,1.0
leave_query_out,random_uniform,5,42,Higaisa,G0126,28,0.0,0.0,0.0,0.012658227848101266,79.0
leave_query_out,frequency_prior,5,42,Higaisa,G0126,28,0.0,0.0,0.0,0.015625,64.0
leave_query_out,overlap_cosine,5,42,Higaisa,G0126,28,0.0,0.0,0.0,0.0064516129032258064,155.0
leave_query_out,svd32_graph_embedding,5,42,Higaisa,G0126,28,0.0,0.0,0.0,0.05,20.0
leave_query_out,random_uniform,5,42,Tropic Trooper,G0081,40,0.0,0.0,0.0,0.0078125,128.0
leave_query_out,frequency_prior,5,42,Tropic Trooper,G0081,40,0.0,0.0,0.0,0.023255813953488372,43.0
leave_query_out,overlap_cosine,5,42,Tropic Trooper,G0081,40,0.0,0.0,0.0,0.006369426751592357,157.0
leave_query_out,svd32_graph_embedding,5,42,Tropic Trooper,G0081,40,0.0,0.0,1.0,0.16666666666666666,6.0
leave_query_out,random_uniform,5,42,Sea Turtle,G1041,27,0.0,0.0,0.0,0.010526315789473684,95.0
leave_query_out,frequency_prior,5,42,Sea Turtle,G1041,27,0.0,0.0,0.0,0.014705882352941176,68.0
leave_query_out,overlap_cosine,5,42,Sea Turtle,G1041,27,0.0,0.0,0.0,0.014925373134328358,67.0
leave_query_out,svd32_graph_embedding,5,42,Sea Turtle,G1041,27,0.0,1.0,1.0,0.5,2.0
leave_query_out,random_uniform,5,42,Aquatic Panda,G0143,35,0.0,0.0,0.0,0.034482758620689655,29.0
leave_query_out,frequency_prior,5,42,Aquatic Panda,G0143,35,0.0,0.0,0.0,0.02,50.0
leave_query_out,overlap_cosine,5,42,Aquatic Panda,G0143,35,0.0,0.0,0.0,0.006666666666666667,150.0
leave_query_out,svd32_graph_embedding,5,42,Aquatic Panda,G0143,35,0.0,0.0,0.0,0.06666666666666667,15.0
leave_query_out,random_uniform,5,42,Ke3chang,G0004,46,0.0,0.0,0.0,0.008547008547008548,117.0
leave_query_out,frequency_prior,5,42,Ke3chang,G0004,46,0.0,0.0,0.0,0.03125,32.0
leave_query_out,overlap_cosine,5,42,Ke3chang,G0004,46,0.0,0.0,0.0,0.009433962264150943,106.0
leave_query_out,svd32_graph_embedding,5,42,Ke3chang,G0004,46,0.0,0.0,0.0,0.038461538461538464,26.0
leave_query_out,random_uniform,5,42,Saint Bear,G1031,18,0.0,0.0,0.0,0.037037037037037035,27.0
leave_query_out,frequency_prior,5,42,Saint Bear,G1031,18,0.0,0.0,0.0,0.011494252873563218,87.0
leave_query_out,overlap_cosine,5,42,Saint Bear,G1031,18,0.0,0.0,0.0,0.006578947368421052,152.0
leave_query_out,svd32_graph_embedding,5,42,Saint Bear,G1031,18,0.0,0.0,0.0,0.03333333333333333,30.0
leave_query_out,random_uniform,5,42,APT1,G0006,23,0.0,0.0,0.0,0.014925373134328358,67.0
leave_query_out,frequency_prior,5,42,APT1,G0006,23,0.0,0.0,0.0,0.013513513513513514,74.0
leave_query_out,overlap_cosine,5,42,APT1,G0006,23,0.0,0.0,0.0,0.009174311926605505,109.0
leave_query_out,svd32_graph_embedding,5,42,APT1,G0006,23,0.0,1.0,1.0,0.2,5.0
leave_query_out,random_uniform,5,42,Confucius,G0142,19,0.0,1.0,1.0,0.5,2.0
leave_query_out,frequency_prior,5,42,Confucius,G0142,19,0.0,0.0,0.0,0.011627906976744186,86.0
leave_query_out,overlap_cosine,5,42,Confucius,G0142,19,0.0,0.0,0.0,0.006756756756756757,148.0
leave_query_out,svd32_graph_embedding,5,42,Confucius,G0142,19,0.0,0.0,0.0,0.043478260869565216,23.0
leave_query_out,random_uniform,5,42,BlackTech,G0098,14,0.0,0.0,0.0,0.00980392156862745,102.0
leave_query_out,frequency_prior,5,42,BlackTech,G0098,14,0.0,0.0,0.0,0.009900990099009901,101.0
leave_query_out,overlap_cosine,5,42,BlackTech,G0098,14,0.0,0.0,0.0,0.006756756756756757,148.0
leave_query_out,svd32_graph_embedding,5,42,BlackTech,G0098,14,0.0,0.0,0.0,0.013513513513513514,74.0
leave_query_out,random_uniform,5,42,Leviathan,G0065,50,0.0,0.0,0.0,0.017857142857142856,56.0
leave_query_out,frequency_prior,5,42,Leviathan,G0065,50,0.0,0.0,0.0,0.03571428571428571,28.0
leave_query_out,overlap_cosine,5,42,Leviathan,G0065,50,0.0,0.0,0.0,0.006802721088435374,147.0
leave_query_out,svd32_graph_embedding,5,42,Leviathan,G0065,50,0.0,0.0,0.0,0.08333333333333333,12.0
leave_query_out,random_uniform,5,42,Blue Mockingbird,G0108,22,0.0,0.0,0.0,0.0196078431372549,51.0
leave_query_out,frequency_prior,5,42,Blue Mockingbird,G0108,22,0.0,0.0,0.0,0.013157894736842105,76.0
leave_query_out,overlap_cosine,5,42,Blue Mockingbird,G0108,22,0.0,0.0,0.0,0.006896551724137931,145.0
leave_query_out,svd32_graph_embedding,5,42,Blue Mockingbird,G0108,22,0.0,0.0,0.0,0.009009009009009009,111.0
leave_query_out,random_uniform,5,42,Winter Vivern,G1035,27,0.0,0.0,0.0,0.01818181818181818,55.0
leave_query_out,frequency_prior,5,42,Winter Vivern,G1035,27,0.0,0.0,0.0,0.014925373134328358,67.0
leave_query_out,overlap_cosine,5,42,Winter Vivern,G1035,27,0.0,0.0,0.0,0.009345794392523364,107.0
leave_query_out,svd32_graph_embedding,5,42,Winter Vivern,G1035,27,0.0,0.0,1.0,0.16666666666666666,6.0
leave_query_out,random_uniform,5,42,Turla,G0010,68,0.0,0.0,0.0,0.017543859649122806,57.0
leave_query_out,frequency_prior,5,42,Turla,G0010,68,0.0,0.0,0.0,0.07692307692307693,13.0
leave_query_out,overlap_cosine,5,42,Turla,G0010,68,0.0,0.0,0.0,0.00980392156862745,102.0
leave_query_out,svd32_graph_embedding,5,42,Turla,G0010,68,1.0,1.0,1.0,1.0,1.0
leave_query_out,random_uniform,5,42,Storm-0501,G1053,42,0.0,0.0,0.0,0.037037037037037035,27.0
leave_query_out,frequency_prior,5,42,Storm-0501,G1053,42,0.0,0.0,0.0,0.02564102564102564,39.0
leave_query_out,overlap_cosine,5,42,Storm-0501,G1053,42,0.0,0.0,0.0,0.006578947368421052,152.0
leave_query_out,svd32_graph_embedding,5,42,Storm-0501,G1053,42,0.0,1.0,1.0,0.3333333333333333,3.0
leave_query_out,random_uniform,5,42,TA505,G0092,34,0.0,0.0,0.0,0.015873015873015872,63.0
leave_query_out,frequency_prior,5,42,TA505,G0092,34,0.0,0.0,0.0,0.019230769230769232,52.0
leave_query_out,overlap_cosine,5,42,TA505,G0092,34,0.0,0.0,0.0,0.006493506493506494,154.0
leave_query_out,svd32_graph_embedding,5,42,TA505,G0092,34,0.0,0.0,0.0,0.037037037037037035,27.0
leave_query_out,random_uniform,5,42,BITTER,G1002,16,0.0,0.0,0.0,0.018867924528301886,53.0
leave_query_out,frequency_prior,5,42,BITTER,G1002,16,0.0,0.0,0.0,0.010416666666666666,96.0
leave_query_out,overlap_cosine,5,42,BITTER,G1002,16,0.0,0.0,0.0,0.00684931506849315,146.0
leave_query_out,svd32_graph_embedding,5,42,BITTER,G1002,16,0.0,0.0,0.0,0.021739130434782608,46.0
leave_query_out,random_uniform,5,42,DarkVishnya,G0105,10,0.0,0.0,0.0,0.006211180124223602,161.0
leave_query_out,frequency_prior,5,42,DarkVishnya,G0105,10,0.0,0.0,0.0,0.008264462809917356,121.0
leave_query_out,overlap_cosine,5,42,DarkVishnya,G0105,10,0.0,0.0,0.0,0.009615384615384616,104.0
leave_query_out,svd32_graph_embedding,5,42,DarkVishnya,G0105,10,0.0,0.0,1.0,0.16666666666666666,6.0
leave_query_out,random_uniform,5,42,RedCurl,G1039,41,0.0,0.0,0.0,0.010752688172043012,93.0
leave_query_out,frequency_prior,5,42,RedCurl,G1039,41,0.0,0.0,0.0,0.024390243902439025,41.0
leave_query_out,overlap_cosine,5,42,RedCurl,G1039,41,0.0,0.0,0.0,0.01,100.0
leave_query_out,svd32_graph_embedding,5,42,RedCurl,G1039,41,0.0,0.0,1.0,0.16666666666666666,6.0
leave_query_out,random_uniform,5,42,FIN5,G0053,11,0.0,0.0,0.0,0.009433962264150943,106.0
leave_query_out,frequency_prior,5,42,FIN5,G0053,11,0.0,0.0,0.0,0.008695652173913044,115.0
leave_query_out,overlap_cosine,5,42,FIN5,G0053,11,0.0,0.0,0.0,0.009708737864077669,103.0
leave_query_out,svd32_graph_embedding,5,42,FIN5,G0053,11,0.0,1.0,1.0,0.25,4.0
leave_query_out,random_uniform,5,42,Lotus Blossom,G0030,21,0.0,0.0,0.0,0.0078125,128.0
leave_query_out,frequency_prior,5,42,Lotus Blossom,G0030,21,0.0,0.0,0.0,0.012658227848101266,79.0
leave_query_out,overlap_cosine,5,42,Lotus Blossom,G0030,21,0.0,0.0,0.0,0.010309278350515464,97.0
leave_query_out,svd32_graph_embedding,5,42,Lotus Blossom,G0030,21,0.0,0.0,0.0,0.05,20.0
leave_query_out,random_uniform,5,42,Stealth Falcon,G0038,16,0.0,0.0,0.0,0.010869565217391304,92.0
leave_query_out,frequency_prior,5,42,Stealth Falcon,G0038,16,0.0,0.0,0.0,0.010752688172043012,93.0
leave_query_out,overlap_cosine,5,42,Stealth Falcon,G0038,16,0.0,0.0,0.0,0.006993006993006993,143.0
leave_query_out,svd32_graph_embedding,5,42,Stealth Falcon,G0038,16,0.0,0.0,0.0,0.022727272727272728,44.0
leave_query_out,random_uniform,5,42,APT29,G0016,66,0.0,0.0,0.0,0.02857142857142857,35.0
leave_query_out,frequency_prior,5,42,APT29,G0016,66,0.0,0.0,0.0,0.06666666666666667,15.0
leave_query_out,overlap_cosine,5,42,APT29,G0016,66,0.0,0.0,0.0,0.010309278350515464,97.0
leave_query_out,svd32_graph_embedding,5,42,APT29,G0016,66,0.0,1.0,1.0,0.25,4.0
leave_query_out,random_uniform,5,42,Dark Caracal,G0070,12,0.0,0.0,0.0,0.006535947712418301,153.0
leave_query_out,frequency_prior,5,42,Dark Caracal,G0070,12,0.0,0.0,0.0,0.009174311926605505,109.0
leave_query_out,overlap_cosine,5,42,Dark Caracal,G0070,12,0.0,0.0,0.0,0.006944444444444444,144.0
leave_query_out,svd32_graph_embedding,5,42,Dark Caracal,G0070,12,0.0,0.0,0.0,0.022727272727272728,44.0
leave_query_out,random_uniform,5,42,Cinnamon Tempest,G1021,19,0.0,0.0,0.0,0.007874015748031496,127.0
leave_query_out,frequency_prior,5,42,Cinnamon Tempest,G1021,19,0.0,0.0,0.0,0.011904761904761904,84.0
leave_query_out,overlap_cosine,5,42,Cinnamon Tempest,G1021,19,0.0,0.0,0.0,0.007194244604316547,139.0
leave_query_out,svd32_graph_embedding,5,42,Cinnamon Tempest,G1021,19,0.0,0.0,0.0,0.045454545454545456,22.0
leave_query_out,random_uniform,5,42,Chimera,G0114,59,0.0,0.0,0.0,0.006666666666666667,150.0
leave_query_out,frequency_prior,5,42,Chimera,G0114,59,0.0,0.0,0.0,0.05263157894736842,19.0
leave_query_out,overlap_cosine,5,42,Chimera,G0114,59,0.0,0.0,0.0,0.007194244604316547,139.0
leave_query_out,svd32_graph_embedding,5,42,Chimera,G0114,59,0.0,0.0,0.0,0.041666666666666664,24.0
leave_query_out,random_uniform,5,42,MirrorFace,G1054,43,0.0,0.0,0.0,0.009433962264150943,106.0
leave_query_out,frequency_prior,5,42,MirrorFace,G1054,43,0.0,0.0,0.0,0.02631578947368421,38.0
leave_query_out,overlap_cosine,5,42,MirrorFace,G1054,43,0.0,0.0,0.0,0.007194244604316547,139.0
leave_query_out,svd32_graph_embedding,5,42,MirrorFace,G1054,43,0.0,0.0,0.0,0.06666666666666667,15.0
leave_query_out,random_uniform,5,42,Silent Librarian,G0122,13,0.0,0.0,0.0,0.016129032258064516,62.0
leave_query_out,frequency_prior,5,42,Silent Librarian,G0122,13,0.0,0.0,0.0,0.009523809523809525,105.0
leave_query_out,overlap_cosine,5,42,Silent Librarian,G0122,13,0.0,0.0,0.0,0.00909090909090909,110.0
leave_query_out,svd32_graph_embedding,5,42,Silent Librarian,G0122,13,0.0,1.0,1.0,0.3333333333333333,3.0
leave_query_out,random_uniform,5,42,Medusa Group,G1051,57,0.0,0.0,0.0,0.008264462809917356,121.0
leave_query_out,frequency_prior,5,42,Medusa Group,G1051,57,0.0,0.0,0.0,0.047619047619047616,21.0
leave_query_out,overlap_cosine,5,42,Medusa Group,G1051,57,0.0,0.0,0.0,0.006896551724137931,145.0
leave_query_out,svd32_graph_embedding,5,42,Medusa Group,G1051,57,0.0,0.0,0.0,0.0625,16.0
leave_query_out,random_uniform,5,42,BRONZE BUTLER,G0060,40,0.0,0.0,0.0,0.006756756756756757,148.0
leave_query_out,frequency_prior,5,42,BRONZE BUTLER,G0060,40,0.0,0.0,0.0,0.022727272727272728,44.0
leave_query_out,overlap_cosine,5,42,BRONZE BUTLER,G0060,40,0.0,0.0,0.0,0.0072992700729927005,137.0
leave_query_out,svd32_graph_embedding,5,42,BRONZE BUTLER,G0060,40,0.0,0.0,0.0,0.029411764705882353,34.0
leave_query_out,random_uniform,5,42,TA551,G0127,14,0.0,0.0,0.0,0.011494252873563218,87.0
leave_query_out,frequency_prior,5,42,TA551,G0127,14,0.0,0.0,0.0,0.01,100.0
leave_query_out,overlap_cosine,5,42,TA551,G0127,14,0.0,0.0,0.0,0.006756756756756757,148.0
leave_query_out,svd32_graph_embedding,5,42,TA551,G0127,14,0.0,0.0,0.0,0.03333333333333333,30.0
leave_query_out,random_uniform,5,42,BackdoorDiplomacy,G0135,15,0.0,0.0,0.0,0.011111111111111112,90.0
leave_query_out,frequency_prior,5,42,BackdoorDiplomacy,G0135,15,0.0,0.0,0.0,0.010101010101010102,99.0
leave_query_out,overlap_cosine,5,42,BackdoorDiplomacy,G0135,15,0.0,0.0,0.0,0.007042253521126761,142.0
leave_query_out,svd32_graph_embedding,5,42,BackdoorDiplomacy,G0135,15,0.0,0.0,0.0,0.011904761904761904,84.0
leave_query_out,random_uniform,5,42,Star Blizzard,G1033,20,0.0,0.0,1.0,0.1111111111111111,9.0
leave_query_out,frequency_prior,5,42,Star Blizzard,G1033,20,0.0,0.0,0.0,0.012195121951219513,82.0
leave_query_out,overlap_cosine,5,42,Star Blizzard,G1033,20,0.0,0.0,0.0,0.0070921985815602835,141.0
leave_query_out,svd32_graph_embedding,5,42,Star Blizzard,G1033,20,0.0,1.0,1.0,0.3333333333333333,3.0
leave_query_out,random_uniform,5,42,Darkhotel,G0012,24,0.0,0.0,0.0,0.011627906976744186,86.0
leave_query_out,frequency_prior,5,42,Darkhotel,G0012,24,0.0,0.0,0.0,0.0136986301369863,73.0
leave_query_out,overlap_cosine,5,42,Darkhotel,G0012,24,0.0,0.0,0.0,0.0070921985815602835,141.0
leave_query_out,svd32_graph_embedding,5,42,Darkhotel,G0012,24,0.0,0.0,0.0,0.058823529411764705,17.0
leave_query_out,random_uniform,5,42,Axiom,G0001,16,0.0,0.0,0.0,0.014084507042253521,71.0
leave_query_out,frequency_prior,5,42,Axiom,G0001,16,0.0,0.0,0.0,0.010638297872340425,94.0
leave_query_out,overlap_cosine,5,42,Axiom,G0001,16,0.0,0.0,0.0,0.007042253521126761,142.0
leave_query_out,svd32_graph_embedding,5,42,Axiom,G0001,16,0.0,0.0,0.0,0.045454545454545456,22.0
leave_query_out,random_uniform,5,42,Deep Panda,G0009,10,0.0,0.0,0.0,0.009708737864077669,103.0
leave_query_out,frequency_prior,5,42,Deep Panda,G0009,10,0.0,0.0,0.0,0.008333333333333333,120.0
leave_query_out,overlap_cosine,5,42,Deep Panda,G0009,10,0.0,0.0,0.0,0.006944444444444444,144.0
leave_query_out,svd32_graph_embedding,5,42,Deep Panda,G0009,10,0.0,0.0,0.0,0.07692307692307693,13.0
leave_query_out,random_uniform,5,42,Ember Bear,G1003,47,0.0,0.0,0.0,0.008695652173913044,115.0
leave_query_out,frequency_prior,5,42,Ember Bear,G1003,47,0.0,0.0,0.0,0.03225806451612903,31.0
leave_query_out,overlap_cosine,5,42,Ember Bear,G1003,47,0.0,0.0,0.0,0.0072992700729927005,137.0
leave_query_out,svd32_graph_embedding,5,42,Ember Bear,G1003,47,0.0,1.0,1.0,0.3333333333333333,3.0
leave_query_out,random_uniform,5,42,LazyScripter,G0140,20,0.0,0.0,0.0,0.011627906976744186,86.0
leave_query_out,frequency_prior,5,42,LazyScripter,G0140,20,0.0,0.0,0.0,0.012345679012345678,81.0
leave_query_out,overlap_cosine,5,42,LazyScripter,G0140,20,0.0,0.0,0.0,0.006172839506172839,162.0
leave_query_out,svd32_graph_embedding,5,42,LazyScripter,G0140,20,0.0,0.0,0.0,0.016666666666666666,60.0
leave_query_out,random_uniform,5,42,Windshift,G0112,19,0.0,0.0,0.0,0.041666666666666664,24.0
leave_query_out,frequency_prior,5,42,Windshift,G0112,19,0.0,0.0,0.0,0.011764705882352941,85.0
leave_query_out,overlap_cosine,5,42,Windshift,G0112,19,0.0,0.0,0.0,0.007462686567164179,134.0
leave_query_out,svd32_graph_embedding,5,42,Windshift,G0112,19,0.0,0.0,0.0,0.013513513513513514,74.0
leave_query_out,random_uniform,5,42,ToddyCat,G1022,25,0.0,0.0,0.0,0.006756756756756757,148.0
leave_query_out,frequency_prior,5,42,ToddyCat,G1022,25,0.0,0.0,0.0,0.013888888888888888,72.0
leave_query_out,overlap_cosine,5,42,ToddyCat,G1022,25,0.0,0.0,0.0,0.007352941176470588,136.0
leave_query_out,svd32_graph_embedding,5,42,ToddyCat,G1022,25,0.0,1.0,1.0,0.5,2.0
leave_query_out,random_uniform,5,42,LuminousMoth,G1014,28,0.0,0.0,0.0,0.008849557522123894,113.0
leave_query_out,frequency_prior,5,42,LuminousMoth,G1014,28,0.0,0.0,0.0,0.015384615384615385,65.0
leave_query_out,overlap_cosine,5,42,LuminousMoth,G1014,28,0.0,0.0,0.0,0.007407407407407408,135.0
leave_query_out,svd32_graph_embedding,5,42,LuminousMoth,G1014,28,0.0,0.0,0.0,0.02857142857142857,35.0
leave_query_out,random_uniform,5,42,Agrius,G1030,22,0.0,0.0,0.0,0.019230769230769232,52.0
leave_query_out,frequency_prior,5,42,Agrius,G1030,22,0.0,0.0,0.0,0.013333333333333334,75.0
leave_query_out,overlap_cosine,5,42,Agrius,G1030,22,0.0,0.0,0.0,0.007352941176470588,136.0
leave_query_out,svd32_graph_embedding,5,42,Agrius,G1030,22,0.0,1.0,1.0,0.3333333333333333,3.0
leave_query_out,random_uniform,5,42,APT28,G0007,93,0.0,0.0,0.0,0.010309278350515464,97.0
leave_query_out,frequency_prior,5,42,APT28,G0007,93,0.0,1.0,1.0,0.5,2.0
leave_query_out,overlap_cosine,5,42,APT28,G0007,93,0.0,0.0,0.0,0.007518796992481203,133.0
leave_query_out,svd32_graph_embedding,5,42,APT28,G0007,93,0.0,1.0,1.0,0.5,2.0
leave_query_out,random_uniform,5,42,Malteiro,G1026,12,0.0,0.0,0.0,0.023255813953488372,43.0
leave_query_out,frequency_prior,5,42,Malteiro,G1026,12,0.0,0.0,0.0,0.008849557522123894,113.0
leave_query_out,overlap_cosine,5,42,Malteiro,G1026,12,0.0,0.0,0.0,0.007518796992481203,133.0
leave_query_out,svd32_graph_embedding,5,42,Malteiro,G1026,12,0.0,0.0,0.0,0.01818181818181818,55.0
leave_query_out,random_uniform,5,42,APT42,G1044,32,0.0,0.0,0.0,0.08333333333333333,12.0
leave_query_out,frequency_prior,5,42,APT42,G1044,32,0.0,0.0,0.0,0.018518518518518517,54.0
leave_query_out,overlap_cosine,5,42,APT42,G1044,32,0.0,0.0,0.0,0.007633587786259542,131.0
leave_query_out,svd32_graph_embedding,5,42,APT42,G1044,32,0.0,0.0,0.0,0.038461538461538464,26.0
leave_query_out,random_uniform,5,42,APT5,G1023,29,0.0,0.0,0.0,0.03225806451612903,31.0
leave_query_out,frequency_prior,5,42,APT5,G1023,29,0.0,0.0,0.0,0.016129032258064516,62.0
leave_query_out,overlap_cosine,5,42,APT5,G1023,29,0.0,0.0,0.0,0.007692307692307693,130.0
leave_query_out,svd32_graph_embedding,5,42,APT5,G1023,29,0.0,0.0,1.0,0.16666666666666666,6.0
leave_query_out,random_uniform,5,42,Fox Kitten,G0117,41,0.0,0.0,0.0,0.008130081300813009,123.0
leave_query_out,frequency_prior,5,42,Fox Kitten,G0117,41,0.0,0.0,0.0,0.023809523809523808,42.0
leave_query_out,overlap_cosine,5,42,Fox Kitten,G0117,41,0.0,0.0,0.0,0.007692307692307693,130.0
leave_query_out,svd32_graph_embedding,5,42,Fox Kitten,G0117,41,0.0,0.0,1.0,0.14285714285714285,7.0
leave_query_out,random_uniform,5,42,APT-C-36,G0099,38,0.0,0.0,0.0,0.041666666666666664,24.0
leave_query_out,frequency_prior,5,42,APT-C-36,G0099,38,0.0,0.0,0.0,0.021739130434782608,46.0
leave_query_out,overlap_cosine,5,42,APT-C-36,G0099,38,0.0,0.0,0.0,0.005952380952380952,168.0
leave_query_out,svd32_graph_embedding,5,42,APT-C-36,G0099,38,0.0,0.0,0.0,0.027777777777777776,36.0
leave_query_out,random_uniform,5,42,Tonto Team,G0131,15,0.0,1.0,1.0,0.3333333333333333,3.0
leave_query_out,frequency_prior,5,42,Tonto Team,G0131,15,0.0,0.0,0.0,0.010309278350515464,97.0
leave_query_out,overlap_cosine,5,42,Tonto Team,G0131,15,0.0,0.0,0.0,0.005917159763313609,169.0
leave_query_out,svd32_graph_embedding,5,42,Tonto Team,G0131,15,0.0,0.0,0.0,0.018518518518518517,54.0
leave_query_out,random_uniform,5,42,Lazarus Group,G0032,93,0.0,0.0,0.0,0.008928571428571428,112.0
leave_query_out,frequency_prior,5,42,Lazarus Group,G0032,93,0.0,1.0,1.0,0.3333333333333333,3.0
leave_query_out,overlap_cosine,5,42,Lazarus Group,G0032,93,0.0,0.0,0.0,0.006329113924050633,158.0
leave_query_out,svd32_graph_embedding,5,42,Lazarus Group,G0032,93,0.0,0.0,0.0,0.09090909090909091,11.0
leave_query_out,random_uniform,5,42,INC Ransom,G1032,25,0.0,0.0,0.0,0.027777777777777776,36.0
leave_query_out,frequency_prior,5,42,INC Ransom,G1032,25,0.0,0.0,0.0,0.014084507042253521,71.0
leave_query_out,overlap_cosine,5,42,INC Ransom,G1032,25,0.0,0.0,0.0,0.005917159763313609,169.0
leave_query_out,svd32_graph_embedding,5,42,INC Ransom,G1032,25,0.0,1.0,1.0,0.25,4.0
leave_query_out,random_uniform,5,42,Earth Lusca,G1006,44,0.0,0.0,0.0,0.015151515151515152,66.0
leave_query_out,frequency_prior,5,42,Earth Lusca,G1006,44,0.0,0.0,0.0,0.029411764705882353,34.0
leave_query_out,overlap_cosine,5,42,Earth Lusca,G1006,44,0.0,0.0,0.0,0.006622516556291391,151.0
leave_query_out,svd32_graph_embedding,5,42,Earth Lusca,G1006,44,0.0,1.0,1.0,0.25,4.0
leave_query_out,random_uniform,5,42,FIN4,G0085,12,0.0,0.0,0.0,0.013513513513513514,74.0
leave_query_out,frequency_prior,5,42,FIN4,G0085,12,0.0,0.0,0.0,0.009009009009009009,111.0
leave_query_out,overlap_cosine,5,42,FIN4,G0085,12,0.0,0.0,0.0,0.006666666666666667,150.0
leave_query_out,svd32_graph_embedding,5,42,FIN4,G0085,12,0.0,0.0,0.0,0.043478260869565216,23.0
leave_query_out,random_uniform,5,42,Silence,G0091,28,0.0,0.0,0.0,0.009523809523809525,105.0
leave_query_out,frequency_prior,5,42,Silence,G0091,28,0.0,0.0,0.0,0.015151515151515152,66.0
leave_query_out,overlap_cosine,5,42,Silence,G0091,28,0.0,0.0,0.0,0.006024096385542169,166.0
leave_query_out,svd32_graph_embedding,5,42,Silence,G0091,28,0.0,0.0,0.0,0.043478260869565216,23.0
leave_query_out,random_uniform,5,42,LAPSUS$,G1004,43,0.0,0.0,0.0,0.018867924528301886,53.0
leave_query_out,frequency_prior,5,42,LAPSUS$,G1004,43,0.0,0.0,0.0,0.02702702702702703,37.0
leave_query_out,overlap_cosine,5,42,LAPSUS$,G1004,43,0.0,0.0,0.0,0.006896551724137931,145.0
leave_query_out,svd32_graph_embedding,5,42,LAPSUS$,G1004,43,1.0,1.0,1.0,1.0,1.0
leave_query_out,random_uniform,5,42,Cobalt Group,G0080,34,0.0,0.0,0.0,0.015384615384615385,65.0
leave_query_out,frequency_prior,5,42,Cobalt Group,G0080,34,0.0,0.0,0.0,0.0196078431372549,51.0
leave_query_out,overlap_cosine,5,42,Cobalt Group,G0080,34,0.0,0.0,0.0,0.006756756756756757,148.0
leave_query_out,svd32_graph_embedding,5,42,Cobalt Group,G0080,34,1.0,1.0,1.0,1.0,1.0
leave_query_out,random_uniform,5,42,Wizard Spider,G0102,64,0.0,0.0,0.0,0.015873015873015872,63.0
leave_query_out,frequency_prior,5,42,Wizard Spider,G0102,64,0.0,0.0,0.0,0.058823529411764705,17.0
leave_query_out,overlap_cosine,5,42,Wizard Spider,G0102,64,0.0,0.0,0.0,0.006060606060606061,165.0
leave_query_out,svd32_graph_embedding,5,42,Wizard Spider,G0102,64,0.0,0.0,0.0,0.022727272727272728,44.0
leave_query_out,random_uniform,5,42,Molerats,G0021,16,0.0,0.0,0.0,0.015625,64.0
leave_query_out,frequency_prior,5,42,Molerats,G0021,16,0.0,0.0,0.0,0.010869565217391304,92.0
leave_query_out,overlap_cosine,5,42,Molerats,G0021,16,0.0,0.0,0.0,0.005813953488372093,172.0
leave_query_out,svd32_graph_embedding,5,42,Molerats,G0021,16,0.0,0.0,0.0,0.012987012987012988,77.0
leave_query_out,random_uniform,5,42,Velvet Ant,G1047,22,0.0,0.0,0.0,0.022222222222222223,45.0
leave_query_out,frequency_prior,5,42,Velvet Ant,G1047,22,0.0,0.0,0.0,0.012987012987012988,77.0
leave_query_out,overlap_cosine,5,42,Velvet Ant,G1047,22,0.0,0.0,0.0,0.006666666666666667,150.0
leave_query_out,svd32_graph_embedding,5,42,Velvet Ant,G1047,22,0.0,0.0,0.0,0.0625,16.0
leave_query_out,random_uniform,5,42,Transparent Tribe,G0134,14,0.0,0.0,0.0,0.018518518518518517,54.0
leave_query_out,frequency_prior,5,42,Transparent Tribe,G0134,14,0.0,0.0,0.0,0.009615384615384616,104.0
leave_query_out,overlap_cosine,5,42,Transparent Tribe,G0134,14,0.0,0.0,0.0,0.005988023952095809,167.0
leave_query_out,svd32_graph_embedding,5,42,Transparent Tribe,G0134,14,0.0,0.0,0.0,0.041666666666666664,24.0
leave_query_out,random_uniform,5,42,Moonstone Sleet,G1036,30,0.0,0.0,0.0,0.006756756756756757,148.0
leave_query_out,frequency_prior,5,42,Moonstone Sleet,G1036,30,0.0,0.0,0.0,0.01694915254237288,59.0
leave_query_out,overlap_cosine,5,42,Moonstone Sleet,G1036,30,0.0,0.0,0.0,0.006172839506172839,162.0
leave_query_out,svd32_graph_embedding,5,42,Moonstone Sleet,G1036,30,0.0,0.0,1.0,0.1,10.0
leave_query_out,random_uniform,5,42,Inception,G0100,22,0.0,0.0,0.0,0.006993006993006993,143.0
leave_query_out,frequency_prior,5,42,Inception,G0100,22,0.0,0.0,0.0,0.01282051282051282,78.0
leave_query_out,overlap_cosine,5,42,Inception,G0100,22,0.0,0.0,0.0,0.006097560975609756,164.0
leave_query_out,svd32_graph_embedding,5,42,Inception,G0100,22,0.0,0.0,0.0,0.024390243902439025,41.0
leave_query_out,random_uniform,5,42,VOID MANTICORE,G1055,63,0.0,0.0,0.0,0.015873015873015872,63.0
leave_query_out,frequency_prior,5,42,VOID MANTICORE,G1055,63,0.0,0.0,0.0,0.05555555555555555,18.0
leave_query_out,overlap_cosine,5,42,VOID MANTICORE,G1055,63,0.0,0.0,0.0,0.006097560975609756,164.0
leave_query_out,svd32_graph_embedding,5,42,VOID MANTICORE,G1055,63,0.0,1.0,1.0,0.25,4.0
leave_query_out,random_uniform,5,42,Play,G1040,26,0.0,0.0,0.0,0.007633587786259542,131.0
leave_query_out,frequency_prior,5,42,Play,G1040,26,0.0,0.0,0.0,0.014492753623188406,69.0
leave_query_out,overlap_cosine,5,42,Play,G1040,26,0.0,0.0,0.0,0.006097560975609756,164.0
leave_query_out,svd32_graph_embedding,5,42,Play,G1040,26,0.0,0.0,0.0,0.05555555555555555,18.0
leave_query_out,random_uniform,5,42,PROMETHIUM,G0056,11,0.0,0.0,0.0,0.005747126436781609,174.0
leave_query_out,frequency_prior,5,42,PROMETHIUM,G0056,11,0.0,0.0,0.0,0.00847457627118644,118.0
leave_query_out,overlap_cosine,5,42,PROMETHIUM,G0056,11,0.0,0.0,0.0,0.006172839506172839,162.0
leave_query_out,svd32_graph_embedding,5,42,PROMETHIUM,G0056,11,0.0,0.0,0.0,0.014925373134328358,67.0
leave_query_out,random_uniform,5,42,HEXANE,G1001,36,0.0,0.0,0.0,0.015151515151515152,66.0
leave_query_out,frequency_prior,5,42,HEXANE,G1001,36,0.0,0.0,0.0,0.02040816326530612,49.0
leave_query_out,overlap_cosine,5,42,HEXANE,G1001,36,0.0,0.0,0.0,0.006172839506172839,162.0
leave_query_out,svd32_graph_embedding,5,42,HEXANE,G1001,36,0.0,0.0,0.0,0.037037037037037035,27.0
leave_query_out,random_uniform,5,42,Daggerfly,G1034,17,0.0,0.0,0.0,0.011764705882352941,85.0
leave_query_out,frequency_prior,5,42,Daggerfly,G1034,17,0.0,0.0,0.0,0.011235955056179775,89.0
leave_query_out,overlap_cosine,5,42,Daggerfly,G1034,17,0.0,0.0,0.0,0.0058823529411764705,170.0
leave_query_out,svd32_graph_embedding,5,42,Daggerfly,G1034,17,0.0,0.0,0.0,0.06666666666666667,15.0
leave_query_out,random_uniform,5,42,WIRTE,G0090,26,0.0,0.0,0.0,0.010752688172043012,93.0
leave_query_out,frequency_prior,5,42,WIRTE,G0090,26,0.0,0.0,0.0,0.014285714285714285,70.0
leave_query_out,overlap_cosine,5,42,WIRTE,G0090,26,0.0,0.0,0.0,0.005847953216374269,171.0
leave_query_out,svd32_graph_embedding,5,42,WIRTE,G0090,26,0.0,0.0,0.0,0.06666666666666667,15.0
leave_query_out,random_uniform,5,42,PLATINUM,G0068,11,0.0,0.0,0.0,0.0078125,128.0
leave_query_out,frequency_prior,5,42,PLATINUM,G0068,11,0.0,0.0,0.0,0.008547008547008548,117.0
leave_query_out,overlap_cosine,5,42,PLATINUM,G0068,11,0.0,0.0,0.0,0.005813953488372093,172.0
leave_query_out,svd32_graph_embedding,5,42,PLATINUM,G0068,11,0.0,0.0,0.0,0.058823529411764705,17.0
leave_query_out,random_uniform,5,42,Magic Hound,G0059,78,0.0,0.0,0.0,0.011235955056179775,89.0
leave_query_out,frequency_prior,5,42,Magic Hound,G0059,78,0.0,0.0,1.0,0.1111111111111111,9.0
leave_query_out,overlap_cosine,5,42,Magic Hound,G0059,78,0.0,0.0,0.0,0.005917159763313609,169.0
leave_query_out,svd32_graph_embedding,5,42,Magic Hound,G0059,78,0.0,0.0,0.0,0.05555555555555555,18.0
leave_query_out,random_uniform,5,42,Threat Group-3390,G0027,57,0.0,0.0,0.0,0.008547008547008548,117.0
leave_query_out,frequency_prior,5,42,Threat Group-3390,G0027,57,0.0,0.0,0.0,0.05,20.0
leave_query_out,overlap_cosine,5,42,Threat Group-3390,G0027,57,0.0,0.0,0.0,0.005780346820809248,173.0
leave_query_out,svd32_graph_embedding,5,42,Threat Group-3390,G0027,57,0.0,0.0,0.0,0.017857142857142856,56.0
leave_query_out,random_uniform,5,42,APT33,G0064,31,0.0,1.0,1.0,0.5,2.0
leave_query_out,frequency_prior,5,42,APT33,G0064,31,0.0,0.0,0.0,0.017857142857142856,56.0
leave_query_out,overlap_cosine,5,42,APT33,G0064,31,0.0,0.0,0.0,0.005780346820809248,173.0
leave_query_out,svd32_graph_embedding,5,42,APT33,G0064,31,0.0,0.0,0.0,0.013888888888888888,72.0
leave_query_out,random_uniform,5,42,FIN10,G0051,11,0.0,0.0,0.0,0.015151515151515152,66.0
leave_query_out,frequency_prior,5,42,FIN10,G0051,11,0.0,0.0,0.0,0.008620689655172414,116.0
leave_query_out,overlap_cosine,5,42,FIN10,G0051,11,0.0,0.0,0.0,0.005780346820809248,173.0
leave_query_out,svd32_graph_embedding,5,42,FIN10,G0051,11,0.0,0.0,0.0,0.016129032258064516,62.0
leave_query_out,random_uniform,5,42,FIN8,G0061,36,0.0,0.0,1.0,0.1111111111111111,9.0
leave_query_out,frequency_prior,5,42,FIN8,G0061,36,0.0,0.0,0.0,0.02127659574468085,47.0
leave_query_out,overlap_cosine,5,42,FIN8,G0061,36,0.0,0.0,0.0,0.005813953488372093,172.0
leave_query_out,svd32_graph_embedding,5,42,FIN8,G0061,36,0.0,0.0,0.0,0.017543859649122806,57.0
leave_query_out,random_uniform,5,42,FIN13,G1016,53,0.0,0.0,0.0,0.023809523809523808,42.0
leave_query_out,frequency_prior,5,42,FIN13,G1016,53,0.0,0.0,0.0,0.037037037037037035,27.0
leave_query_out,overlap_cosine,5,42,FIN13,G1016,53,0.0,0.0,0.0,0.005813953488372093,172.0
leave_query_out,svd32_graph_embedding,5,42,FIN13,G1016,53,0.0,0.0,0.0,0.02127659574468085,47.0
leave_query_out,random_uniform,5,42,APT19,G0073,21,0.0,0.0,0.0,0.014492753623188406,69.0
leave_query_out,frequency_prior,5,42,APT19,G0073,21,0.0,0.0,0.0,0.0125,80.0
leave_query_out,overlap_cosine,5,42,APT19,G0073,21,0.0,0.0,0.0,0.005780346820809248,173.0
leave_query_out,svd32_graph_embedding,5,42,APT19,G0073,21,0.0,1.0,1.0,0.25,4.0
leave_query_out,random_uniform,5,271,APT38,G0082,56,0.0,0.0,0.0,0.007751937984496124,129.0
leave_query_out,frequency_prior,5,271,APT38,G0082,56,0.0,0.0,0.0,0.041666666666666664,24.0
leave_query_out,overlap_cosine,5,271,APT38,G0082,56,0.0,0.0,0.0,0.008620689655172414,116.0
leave_query_out,svd32_graph_embedding,5,271,APT38,G0082,56,1.0,1.0,1.0,1.0,1.0
leave_query_out,random_uniform,5,271,Indrik Spider,G0119,33,0.0,0.0,0.0,0.020833333333333332,48.0
leave_query_out,frequency_prior,5,271,Indrik Spider,G0119,33,0.0,0.0,0.0,0.018867924528301886,53.0
leave_query_out,overlap_cosine,5,271,Indrik Spider,G0119,33,0.0,0.0,0.0,0.008620689655172414,116.0
leave_query_out,svd32_graph_embedding,5,271,Indrik Spider,G0119,33,0.0,0.0,0.0,0.03571428571428571,28.0
leave_query_out,random_uniform,5,271,BlackByte,G1043,48,0.0,0.0,1.0,0.14285714285714285,7.0
leave_query_out,frequency_prior,5,271,BlackByte,G1043,48,0.0,0.0,0.0,0.03333333333333333,30.0
leave_query_out,overlap_cosine,5,271,BlackByte,G1043,48,0.0,0.0,0.0,0.008064516129032258,124.0
leave_query_out,svd32_graph_embedding,5,271,BlackByte,G1043,48,0.0,1.0,1.0,0.3333333333333333,3.0
leave_query_out,random_uniform,5,271,SideCopy,G1008,16,0.0,0.0,0.0,0.008264462809917356,121.0
leave_query_out,frequency_prior,5,271,SideCopy,G1008,16,0.0,0.0,0.0,0.01098901098901099,91.0
leave_query_out,overlap_cosine,5,271,SideCopy,G1008,16,0.0,0.0,0.0,0.00847457627118644,118.0
leave_query_out,svd32_graph_embedding,5,271,SideCopy,G1008,16,0.0,0.0,0.0,0.02631578947368421,38.0
leave_query_out,random_uniform,5,271,GALLIUM,G0093,31,0.0,0.0,0.0,0.008064516129032258,124.0
leave_query_out,frequency_prior,5,271,GALLIUM,G0093,31,0.0,0.0,0.0,0.017543859649122806,57.0
leave_query_out,overlap_cosine,5,271,GALLIUM,G0093,31,0.0,0.0,0.0,0.008403361344537815,119.0
leave_query_out,svd32_graph_embedding,5,271,GALLIUM,G0093,31,0.0,0.0,0.0,0.02631578947368421,38.0
leave_query_out,random_uniform,5,271,APT3,G0022,44,0.0,0.0,0.0,0.0625,16.0
leave_query_out,frequency_prior,5,271,APT3,G0022,44,0.0,0.0,0.0,0.02857142857142857,35.0
leave_query_out,overlap_cosine,5,271,APT3,G0022,44,0.0,0.0,0.0,0.008695652173913044,115.0
leave_query_out,svd32_graph_embedding,5,271,APT3,G0022,44,0.0,1.0,1.0,0.2,5.0
leave_query_out,random_uniform,5,271,Mustard Tempest,G1020,12,0.0,0.0,0.0,0.009523809523809525,105.0
leave_query_out,frequency_prior,5,271,Mustard Tempest,G1020,12,0.0,0.0,0.0,0.009433962264150943,106.0
leave_query_out,overlap_cosine,5,271,Mustard Tempest,G1020,12,0.0,0.0,0.0,0.008695652173913044,115.0
leave_query_out,svd32_graph_embedding,5,271,Mustard Tempest,G1020,12,0.0,0.0,0.0,0.02127659574468085,47.0
leave_query_out,random_uniform,5,271,Kimsuky,G0094,130,0.0,0.0,0.0,0.04,25.0
leave_query_out,frequency_prior,5,271,Kimsuky,G0094,130,1.0,1.0,1.0,1.0,1.0
leave_query_out,overlap_cosine,5,271,Kimsuky,G0094,130,0.0,0.0,0.0,0.008064516129032258,124.0
leave_query_out,svd32_graph_embedding,5,271,Kimsuky,G0094,130,0.0,0.0,1.0,0.14285714285714285,7.0
leave_query_out,random_uniform,5,271,EXOTIC LILY,G1011,15,0.0,0.0,0.0,0.018867924528301886,53.0
leave_query_out,frequency_prior,5,271,EXOTIC LILY,G1011,15,0.0,0.0,0.0,0.01020408163265306,98.0
leave_query_out,overlap_cosine,5,271,EXOTIC LILY,G1011,15,0.0,0.0,0.0,0.008771929824561403,114.0
leave_query_out,svd32_graph_embedding,5,271,EXOTIC LILY,G1011,15,0.0,1.0,1.0,0.25,4.0
leave_query_out,random_uniform,5,271,admin@338,G0018,12,0.0,0.0,0.0,0.008547008547008548,117.0
leave_query_out,frequency_prior,5,271,admin@338,G0018,12,0.0,0.0,0.0,0.00909090909090909,110.0
leave_query_out,overlap_cosine,5,271,admin@338,G0018,12,0.0,0.0,0.0,0.006578947368421052,152.0
leave_query_out,svd32_graph_embedding,5,271,admin@338,G0018,12,0.0,0.0,0.0,0.07692307692307693,13.0
leave_query_out,random_uniform,5,271,Volt Typhoon,G1017,81,0.0,0.0,0.0,0.008130081300813009,123.0
leave_query_out,frequency_prior,5,271,Volt Typhoon,G1017,81,0.0,0.0,1.0,0.16666666666666666,6.0
leave_query_out,overlap_cosine,5,271,Volt Typhoon,G1017,81,0.0,0.0,0.0,0.008130081300813009,123.0
leave_query_out,svd32_graph_embedding,5,271,Volt Typhoon,G1017,81,0.0,1.0,1.0,0.2,5.0
leave_query_out,random_uniform,5,271,Patchwork,G0040,41,0.0,0.0,0.0,0.0070921985815602835,141.0
leave_query_out,frequency_prior,5,271,Patchwork,G0040,41,0.0,0.0,0.0,0.025,40.0
leave_query_out,overlap_cosine,5,271,Patchwork,G0040,41,0.0,0.0,0.0,0.00847457627118644,118.0
leave_query_out,svd32_graph_embedding,5,271,Patchwork,G0040,41,0.0,1.0,1.0,0.3333333333333333,3.0
leave_query_out,random_uniform,5,271,APT41,G0096,82,0.0,0.0,0.0,0.01694915254237288,59.0
leave_query_out,frequency_prior,5,271,APT41,G0096,82,0.0,1.0,1.0,0.2,5.0
leave_query_out,overlap_cosine,5,271,APT41,G0096,82,0.0,0.0,0.0,0.01818181818181818,55.0
leave_query_out,svd32_graph_embedding,5,271,APT41,G0096,82,1.0,1.0,1.0,1.0,1.0
leave_query_out,random_uniform,5,271,Salt Typhoon,G1045,14,0.0,0.0,0.0,0.00909090909090909,110.0
leave_query_out,frequency_prior,5,271,Salt Typhoon,G1045,14,0.0,0.0,0.0,0.00980392156862745,102.0
leave_query_out,overlap_cosine,5,271,Salt Typhoon,G1045,14,0.0,0.0,0.0,0.01639344262295082,61.0
leave_query_out,svd32_graph_embedding,5,271,Salt Typhoon,G1045,14,1.0,1.0,1.0,1.0,1.0
leave_query_out,random_uniform,5,271,Dragonfly,G0035,56,0.0,0.0,0.0,0.012048192771084338,83.0
leave_query_out,frequency_prior,5,271,Dragonfly,G0035,56,0.0,0.0,0.0,0.045454545454545456,22.0
leave_query_out,overlap_cosine,5,271,Dragonfly,G0035,56,0.0,0.0,0.0,0.00847457627118644,118.0
leave_query_out,svd32_graph_embedding,5,271,Dragonfly,G0035,56,0.0,0.0,0.0,0.05555555555555555,18.0
leave_query_out,random_uniform,5,271,Evilnum,G0120,11,0.0,0.0,0.0,0.006493506493506494,154.0
leave_query_out,frequency_prior,5,271,Evilnum,G0120,11,0.0,0.0,0.0,0.008403361344537815,119.0
leave_query_out,overlap_cosine,5,271,Evilnum,G0120,11,0.0,0.0,0.0,0.00819672131147541,122.0
leave_query_out,svd32_graph_embedding,5,271,Evilnum,G0120,11,0.0,0.0,0.0,0.016666666666666666,60.0
leave_query_out,random_uniform,5,271,Gorgon Group,G0078,16,0.0,0.0,0.0,0.008547008547008548,117.0
leave_query_out,frequency_prior,5,271,Gorgon Group,G0078,16,0.0,0.0,0.0,0.010526315789473684,95.0
leave_query_out,overlap_cosine,5,271,Gorgon Group,G0078,16,0.0,0.0,0.0,0.008,125.0
leave_query_out,svd32_graph_embedding,5,271,Gorgon Group,G0078,16,0.0,0.0,0.0,0.05555555555555555,18.0
leave_query_out,random_uniform,5,271,menuPass,G0045,46,0.0,0.0,0.0,0.006097560975609756,164.0
leave_query_out,frequency_prior,5,271,menuPass,G0045,46,0.0,0.0,0.0,0.030303030303030304,33.0
leave_query_out,overlap_cosine,5,271,menuPass,G0045,46,0.0,0.0,0.0,0.008,125.0
leave_query_out,svd32_graph_embedding,5,271,menuPass,G0045,46,0.0,0.0,0.0,0.022222222222222223,45.0
leave_query_out,random_uniform,5,271,APT32,G0050,78,0.0,0.0,0.0,0.017241379310344827,58.0
leave_query_out,frequency_prior,5,271,APT32,G0050,78,0.0,0.0,1.0,0.125,8.0
leave_query_out,overlap_cosine,5,271,APT32,G0050,78,0.0,0.0,0.0,0.008130081300813009,123.0
leave_query_out,svd32_graph_embedding,5,271,APT32,G0050,78,1.0,1.0,1.0,1.0,1.0
leave_query_out,random_uniform,5,271,HAFNIUM,G0125,44,0.0,0.0,0.0,0.041666666666666664,24.0
leave_query_out,frequency_prior,5,271,HAFNIUM,G0125,44,0.0,0.0,0.0,0.027777777777777776,36.0
leave_query_out,overlap_cosine,5,271,HAFNIUM,G0125,44,0.0,0.0,0.0,0.007936507936507936,126.0
leave_query_out,svd32_graph_embedding,5,271,HAFNIUM,G0125,44,0.0,1.0,1.0,0.3333333333333333,3.0
leave_query_out,random_uniform,5,271,MuddyWater,G0069,68,0.0,0.0,0.0,0.012658227848101266,79.0
leave_query_out,frequency_prior,5,271,MuddyWater,G0069,68,0.0,0.0,0.0,0.08333333333333333,12.0
leave_query_out,overlap_cosine,5,271,MuddyWater,G0069,68,0.0,0.0,0.0,0.007936507936507936,126.0
leave_query_out,svd32_graph_embedding,5,271,MuddyWater,G0069,68,0.0,0.0,0.0,0.011111111111111112,90.0
leave_query_out,random_uniform,5,271,Naikon,G0019,14,0.0,0.0,0.0,0.025,40.0
leave_query_out,frequency_prior,5,271,Naikon,G0019,14,0.0,0.0,0.0,0.009708737864077669,103.0
leave_query_out,overlap_cosine,5,271,Naikon,G0019,14,0.0,0.0,0.0,0.007874015748031496,127.0
leave_query_out,svd32_graph_embedding,5,271,Naikon,G0019,14,0.0,0.0,0.0,0.011764705882352941,85.0
leave_query_out,random_uniform,5,271,FIN6,G0037,40,0.0,0.0,0.0,0.009523809523809525,105.0
leave_query_out,frequency_prior,5,271,FIN6,G0037,40,0.0,0.0,0.0,0.022222222222222223,45.0
leave_query_out,overlap_cosine,5,271,FIN6,G0037,40,0.0,0.0,0.0,0.007874015748031496,127.0
leave_query_out,svd32_graph_embedding,5,271,FIN6,G0037,40,0.0,0.0,1.0,0.1,10.0
leave_query_out,random_uniform,5,271,Gamaredon Group,G0047,70,0.0,0.0,0.0,0.07692307692307693,13.0
leave_query_out,frequency_prior,5,271,Gamaredon Group,G0047,70,0.0,0.0,0.0,0.09090909090909091,11.0
leave_query_out,overlap_cosine,5,271,Gamaredon Group,G0047,70,0.0,0.0,0.0,0.0078125,128.0
leave_query_out,svd32_graph_embedding,5,271,Gamaredon Group,G0047,70,1.0,1.0,1.0,1.0,1.0
leave_query_out,random_uniform,5,271,Storm-1811,G1046,31,0.0,0.0,0.0,0.007874015748031496,127.0
leave_query_out,frequency_prior,5,271,Storm-1811,G1046,31,0.0,0.0,0.0,0.01818181818181818,55.0
leave_query_out,overlap_cosine,5,271,Storm-1811,G1046,31,0.0,0.0,0.0,0.010752688172043012,93.0
leave_query_out,svd32_graph_embedding,5,271,Storm-1811,G1046,31,0.0,0.0,0.0,0.03225806451612903,31.0
leave_query_out,random_uniform,5,271,Leafminer,G0077,17,0.0,0.0,0.0,0.01694915254237288,59.0
leave_query_out,frequency_prior,5,271,Leafminer,G0077,17,0.0,0.0,0.0,0.011111111111111112,90.0
leave_query_out,overlap_cosine,5,271,Leafminer,G0077,17,0.0,0.0,0.0,0.013157894736842105,76.0
leave_query_out,svd32_graph_embedding,5,271,Leafminer,G0077,17,0.0,1.0,1.0,0.2,5.0
leave_query_out,random_uniform,5,271,TeamTNT,G0139,56,0.0,0.0,0.0,0.008620689655172414,116.0
leave_query_out,frequency_prior,5,271,TeamTNT,G0139,56,0.0,0.0,0.0,0.043478260869565216,23.0
leave_query_out,overlap_cosine,5,271,TeamTNT,G0139,56,0.0,0.0,0.0,0.013513513513513514,74.0
leave_query_out,svd32_graph_embedding,5,271,TeamTNT,G0139,56,1.0,1.0,1.0,1.0,1.0
leave_query_out,random_uniform,5,271,FIN7,G0046,67,0.0,0.0,0.0,0.006134969325153374,163.0
leave_query_out,frequency_prior,5,271,FIN7,G0046,67,0.0,0.0,0.0,0.07142857142857142,14.0
leave_query_out,overlap_cosine,5,271,FIN7,G0046,67,0.0,0.0,0.0,0.011111111111111112,90.0
leave_query_out,svd32_graph_embedding,5,271,FIN7,G0046,67,0.0,0.0,1.0,0.16666666666666666,6.0
leave_query_out,random_uniform,5,271,Sandworm Team,G0034,79,0.0,0.0,0.0,0.017241379310344827,58.0
leave_query_out,frequency_prior,5,271,Sandworm Team,G0034,79,0.0,0.0,1.0,0.14285714285714285,7.0
leave_query_out,overlap_cosine,5,271,Sandworm Team,G0034,79,0.0,0.0,0.0,0.013513513513513514,74.0
leave_query_out,svd32_graph_embedding,5,271,Sandworm Team,G0034,79,0.0,1.0,1.0,0.2,5.0
leave_query_out,random_uniform,5,271,Machete,G0095,11,0.0,0.0,0.0,0.02564102564102564,39.0
leave_query_out,frequency_prior,5,271,Machete,G0095,11,0.0,0.0,0.0,0.008771929824561403,114.0
leave_query_out,overlap_cosine,5,271,Machete,G0095,11,0.0,0.0,0.0,0.006578947368421052,152.0
leave_query_out,svd32_graph_embedding,5,271,Machete,G0095,11,0.0,0.0,0.0,0.017857142857142856,56.0
leave_query_out,random_uniform,5,271,APT18,G0026,12,0.0,0.0,0.0,0.008771929824561403,114.0
leave_query_out,frequency_prior,5,271,APT18,G0026,12,0.0,0.0,0.0,0.009345794392523364,107.0
leave_query_out,overlap_cosine,5,271,APT18,G0026,12,0.0,0.0,0.0,0.006369426751592357,157.0
leave_query_out,svd32_graph_embedding,5,271,APT18,G0026,12,0.0,0.0,1.0,0.125,8.0
leave_query_out,random_uniform,5,271,Andariel,G0138,12,0.0,0.0,0.0,0.05263157894736842,19.0
leave_query_out,frequency_prior,5,271,Andariel,G0138,12,0.0,0.0,0.0,0.009259259259259259,108.0
leave_query_out,overlap_cosine,5,271,Andariel,G0138,12,0.0,0.0,0.0,0.007936507936507936,126.0
leave_query_out,svd32_graph_embedding,5,271,Andariel,G0138,12,0.0,0.0,0.0,0.09090909090909091,11.0
leave_query_out,random_uniform,5,271,CURIUM,G1012,19,0.0,0.0,0.0,0.037037037037037035,27.0
leave_query_out,frequency_prior,5,271,CURIUM,G1012,19,0.0,0.0,0.0,0.012048192771084338,83.0
leave_query_out,overlap_cosine,5,271,CURIUM,G1012,19,0.0,0.0,0.0,0.012658227848101266,79.0
leave_query_out,svd32_graph_embedding,5,271,CURIUM,G1012,19,0.0,0.0,0.0,0.025,40.0
leave_query_out,random_uniform,5,271,Sidewinder,G0121,30,0.0,0.0,0.0,0.03571428571428571,28.0
leave_query_out,frequency_prior,5,271,Sidewinder,G0121,30,0.0,0.0,0.0,0.017241379310344827,58.0
leave_query_out,overlap_cosine,5,271,Sidewinder,G0121,30,0.0,0.0,0.0,0.006493506493506494,154.0
leave_query_out,svd32_graph_embedding,5,271,Sidewinder,G0121,30,0.0,1.0,1.0,0.2,5.0
leave_query_out,random_uniform,5,271,Mustang Panda,G0129,85,0.0,0.0,0.0,0.0072992700729927005,137.0
leave_query_out,frequency_prior,5,271,Mustang Panda,G0129,85,0.0,1.0,1.0,0.25,4.0
leave_query_out,overlap_cosine,5,271,Mustang Panda,G0129,85,0.0,0.0,0.0,0.0196078431372549,51.0
leave_query_out,svd32_graph_embedding,5,271,Mustang Panda,G0129,85,0.0,1.0,1.0,0.5,2.0
leave_query_out,random_uniform,5,271,ZIRCONIUM,G0128,29,0.0,0.0,0.0,0.006896551724137931,145.0
leave_query_out,frequency_prior,5,271,ZIRCONIUM,G0128,29,0.0,0.0,0.0,0.016666666666666666,60.0
leave_query_out,overlap_cosine,5,271,ZIRCONIUM,G0128,29,0.0,0.0,0.0,0.009174311926605505,109.0
leave_query_out,svd32_graph_embedding,5,271,ZIRCONIUM,G0128,29,0.0,0.0,0.0,0.018518518518518517,54.0
leave_query_out,random_uniform,5,271,Rocke,G0106,36,0.0,0.0,0.0,0.006711409395973154,149.0
leave_query_out,frequency_prior,5,271,Rocke,G0106,36,0.0,0.0,0.0,0.020833333333333332,48.0
leave_query_out,overlap_cosine,5,271,Rocke,G0106,36,0.0,0.0,0.0,0.012658227848101266,79.0
leave_query_out,svd32_graph_embedding,5,271,Rocke,G0106,36,0.0,1.0,1.0,0.25,4.0
leave_query_out,random_uniform,5,271,Scattered Spider,G1015,64,0.0,0.0,0.0,0.010416666666666666,96.0
leave_query_out,frequency_prior,5,271,Scattered Spider,G1015,64,0.0,0.0,0.0,0.0625,16.0
leave_query_out,overlap_cosine,5,271,Scattered Spider,G1015,64,0.0,0.0,0.0,0.0125,80.0
leave_query_out,svd32_graph_embedding,5,271,Scattered Spider,G1015,64,0.0,1.0,1.0,0.3333333333333333,3.0
leave_query_out,random_uniform,5,271,APT39,G0087,53,0.0,0.0,0.0,0.011627906976744186,86.0
leave_query_out,frequency_prior,5,271,APT39,G0087,53,0.0,0.0,0.0,0.038461538461538464,26.0
leave_query_out,overlap_cosine,5,271,APT39,G0087,53,0.0,0.0,0.0,0.009009009009009009,111.0
leave_query_out,svd32_graph_embedding,5,271,APT39,G0087,53,0.0,0.0,1.0,0.1111111111111111,9.0
leave_query_out,random_uniform,5,271,UNC3886,G1048,49,0.0,0.0,0.0,0.013513513513513514,74.0
leave_query_out,frequency_prior,5,271,UNC3886,G1048,49,0.0,0.0,0.0,0.034482758620689655,29.0
leave_query_out,overlap_cosine,5,271,UNC3886,G1048,49,0.0,0.0,0.0,0.0136986301369863,73.0
leave_query_out,svd32_graph_embedding,5,271,UNC3886,G1048,49,1.0,1.0,1.0,1.0,1.0
leave_query_out,random_uniform,5,271,Contagious Interview,G1052,54,0.0,0.0,0.0,0.09090909090909091,11.0
leave_query_out,frequency_prior,5,271,Contagious Interview,G1052,54,0.0,0.0,0.0,0.04,25.0
leave_query_out,overlap_cosine,5,271,Contagious Interview,G1052,54,0.0,0.0,0.0,0.01282051282051282,78.0
leave_query_out,svd32_graph_embedding,5,271,Contagious Interview,G1052,54,0.0,1.0,1.0,0.5,2.0
leave_query_out,random_uniform,5,271,TA2541,G1018,28,0.0,0.0,0.0,0.01282051282051282,78.0
leave_query_out,frequency_prior,5,271,TA2541,G1018,28,0.0,0.0,0.0,0.015873015873015872,63.0
leave_query_out,overlap_cosine,5,271,TA2541,G1018,28,0.0,0.0,0.0,0.00641025641025641,156.0
leave_query_out,svd32_graph_embedding,5,271,TA2541,G1018,28,0.0,0.0,0.0,0.01694915254237288,59.0
leave_query_out,random_uniform,5,271,Akira,G1024,17,0.0,0.0,0.0,0.00980392156862745,102.0
leave_query_out,frequency_prior,5,271,Akira,G1024,17,0.0,0.0,0.0,0.011363636363636364,88.0
leave_query_out,overlap_cosine,5,271,Akira,G1024,17,0.0,0.0,0.0,0.010752688172043012,93.0
leave_query_out,svd32_graph_embedding,5,271,Akira,G1024,17,0.0,0.0,0.0,0.07692307692307693,13.0
leave_query_out,random_uniform,5,271,APT37,G0067,29,0.0,0.0,0.0,0.0625,16.0
leave_query_out,frequency_prior,5,271,APT37,G0067,29,0.0,0.0,0.0,0.01639344262295082,61.0
leave_query_out,overlap_cosine,5,271,APT37,G0067,29,0.0,0.0,0.0,0.009708737864077669,103.0
leave_query_out,svd32_graph_embedding,5,271,APT37,G0067,29,0.0,0.0,0.0,0.03571428571428571,28.0
leave_query_out,random_uniform,5,271,Moses Staff,G1009,12,0.0,0.0,0.0,0.010101010101010102,99.0
leave_query_out,frequency_prior,5,271,Moses Staff,G1009,12,0.0,0.0,0.0,0.008928571428571428,112.0
leave_query_out,overlap_cosine,5,271,Moses Staff,G1009,12,0.0,0.0,0.0,0.006369426751592357,157.0
leave_query_out,svd32_graph_embedding,5,271,Moses Staff,G1009,12,0.0,0.0,0.0,0.011904761904761904,84.0
leave_query_out,random_uniform,5,271,OilRig,G0049,76,0.0,0.0,0.0,0.0125,80.0
leave_query_out,frequency_prior,5,271,OilRig,G0049,76,0.0,0.0,1.0,0.1,10.0
leave_query_out,overlap_cosine,5,271,OilRig,G0049,76,0.0,0.0,0.0,0.013888888888888888,72.0
leave_query_out,svd32_graph_embedding,5,271,OilRig,G0049,76,0.0,1.0,1.0,0.5,2.0
leave_query_out,random_uniform,5,271,Higaisa,G0126,28,0.0,0.0,0.0,0.006622516556291391,151.0
leave_query_out,frequency_prior,5,271,Higaisa,G0126,28,0.0,0.0,0.0,0.015625,64.0
leave_query_out,overlap_cosine,5,271,Higaisa,G0126,28,0.0,0.0,0.0,0.00641025641025641,156.0
leave_query_out,svd32_graph_embedding,5,271,Higaisa,G0126,28,0.0,0.0,0.0,0.024390243902439025,41.0
leave_query_out,random_uniform,5,271,Tropic Trooper,G0081,40,0.0,0.0,0.0,0.010526315789473684,95.0
leave_query_out,frequency_prior,5,271,Tropic Trooper,G0081,40,0.0,0.0,0.0,0.023255813953488372,43.0
leave_query_out,overlap_cosine,5,271,Tropic Trooper,G0081,40,0.0,0.0,0.0,0.011904761904761904,84.0
leave_query_out,svd32_graph_embedding,5,271,Tropic Trooper,G0081,40,0.0,0.0,0.0,0.023809523809523808,42.0
leave_query_out,random_uniform,5,271,Sea Turtle,G1041,27,0.0,0.0,0.0,0.005747126436781609,174.0
leave_query_out,frequency_prior,5,271,Sea Turtle,G1041,27,0.0,0.0,0.0,0.014705882352941176,68.0
leave_query_out,overlap_cosine,5,271,Sea Turtle,G1041,27,0.0,0.0,0.0,0.014925373134328358,67.0
leave_query_out,svd32_graph_embedding,5,271,Sea Turtle,G1041,27,1.0,1.0,1.0,1.0,1.0
leave_query_out,random_uniform,5,271,Aquatic Panda,G0143,35,0.0,0.0,0.0,0.00847457627118644,118.0
leave_query_out,frequency_prior,5,271,Aquatic Panda,G0143,35,0.0,0.0,0.0,0.02,50.0
leave_query_out,overlap_cosine,5,271,Aquatic Panda,G0143,35,0.0,0.0,0.0,0.010526315789473684,95.0
leave_query_out,svd32_graph_embedding,5,271,Aquatic Panda,G0143,35,0.0,0.0,1.0,0.1,10.0
leave_query_out,random_uniform,5,271,Ke3chang,G0004,46,0.0,0.0,0.0,0.013333333333333334,75.0
leave_query_out,frequency_prior,5,271,Ke3chang,G0004,46,0.0,0.0,0.0,0.03125,32.0
leave_query_out,overlap_cosine,5,271,Ke3chang,G0004,46,0.0,0.0,0.0,0.009523809523809525,105.0
leave_query_out,svd32_graph_embedding,5,271,Ke3chang,G0004,46,0.0,0.0,0.0,0.037037037037037035,27.0
leave_query_out,random_uniform,5,271,Saint Bear,G1031,18,0.0,0.0,0.0,0.029411764705882353,34.0
leave_query_out,frequency_prior,5,271,Saint Bear,G1031,18,0.0,0.0,0.0,0.011494252873563218,87.0
leave_query_out,overlap_cosine,5,271,Saint Bear,G1031,18,0.0,0.0,0.0,0.010752688172043012,93.0
leave_query_out,svd32_graph_embedding,5,271,Saint Bear,G1031,18,0.0,0.0,0.0,0.021739130434782608,46.0
leave_query_out,random_uniform,5,271,APT1,G0006,23,0.0,0.0,0.0,0.008333333333333333,120.0
leave_query_out,frequency_prior,5,271,APT1,G0006,23,0.0,0.0,0.0,0.013513513513513514,74.0
leave_query_out,overlap_cosine,5,271,APT1,G0006,23,0.0,0.0,0.0,0.009433962264150943,106.0
leave_query_out,svd32_graph_embedding,5,271,APT1,G0006,23,0.0,0.0,1.0,0.16666666666666666,6.0
leave_query_out,random_uniform,5,271,Confucius,G0142,19,0.0,0.0,0.0,0.007462686567164179,134.0
leave_query_out,frequency_prior,5,271,Confucius,G0142,19,0.0,0.0,0.0,0.011627906976744186,86.0
leave_query_out,overlap_cosine,5,271,Confucius,G0142,19,0.0,0.0,0.0,0.006756756756756757,148.0
leave_query_out,svd32_graph_embedding,5,271,Confucius,G0142,19,0.0,0.0,0.0,0.02631578947368421,38.0
leave_query_out,random_uniform,5,271,BlackTech,G0098,14,0.0,0.0,0.0,0.020833333333333332,48.0
leave_query_out,frequency_prior,5,271,BlackTech,G0098,14,0.0,0.0,0.0,0.009900990099009901,101.0
leave_query_out,overlap_cosine,5,271,BlackTech,G0098,14,0.0,0.0,0.0,0.006756756756756757,148.0
leave_query_out,svd32_graph_embedding,5,271,BlackTech,G0098,14,0.0,0.0,0.0,0.022727272727272728,44.0
leave_query_out,random_uniform,5,271,Leviathan,G0065,50,0.0,0.0,0.0,0.005780346820809248,173.0
leave_query_out,frequency_prior,5,271,Leviathan,G0065,50,0.0,0.0,0.0,0.03571428571428571,28.0
leave_query_out,overlap_cosine,5,271,Leviathan,G0065,50,0.0,0.0,0.0,0.008333333333333333,120.0
leave_query_out,svd32_graph_embedding,5,271,Leviathan,G0065,50,0.0,0.0,0.0,0.043478260869565216,23.0
leave_query_out,random_uniform,5,271,Blue Mockingbird,G0108,22,0.0,0.0,0.0,0.006369426751592357,157.0
leave_query_out,frequency_prior,5,271,Blue Mockingbird,G0108,22,0.0,0.0,0.0,0.013157894736842105,76.0
leave_query_out,overlap_cosine,5,271,Blue Mockingbird,G0108,22,0.0,0.0,0.0,0.006896551724137931,145.0
leave_query_out,svd32_graph_embedding,5,271,Blue Mockingbird,G0108,22,0.0,0.0,0.0,0.027777777777777776,36.0
leave_query_out,random_uniform,5,271,Winter Vivern,G1035,27,0.0,0.0,0.0,0.07692307692307693,13.0
leave_query_out,frequency_prior,5,271,Winter Vivern,G1035,27,0.0,0.0,0.0,0.014925373134328358,67.0
leave_query_out,overlap_cosine,5,271,Winter Vivern,G1035,27,0.0,0.0,0.0,0.00641025641025641,156.0
leave_query_out,svd32_graph_embedding,5,271,Winter Vivern,G1035,27,0.0,1.0,1.0,0.3333333333333333,3.0
leave_query_out,random_uniform,5,271,Turla,G0010,68,0.0,0.0,0.0,0.0196078431372549,51.0
leave_query_out,frequency_prior,5,271,Turla,G0010,68,0.0,0.0,0.0,0.07692307692307693,13.0
leave_query_out,overlap_cosine,5,271,Turla,G0010,68,0.0,0.0,0.0,0.011494252873563218,87.0
leave_query_out,svd32_graph_embedding,5,271,Turla,G0010,68,0.0,1.0,1.0,0.5,2.0
leave_query_out,random_uniform,5,271,Storm-0501,G1053,42,0.0,0.0,0.0,0.043478260869565216,23.0
leave_query_out,frequency_prior,5,271,Storm-0501,G1053,42,0.0,0.0,0.0,0.02564102564102564,39.0
leave_query_out,overlap_cosine,5,271,Storm-0501,G1053,42,0.0,0.0,0.0,0.009433962264150943,106.0
leave_query_out,svd32_graph_embedding,5,271,Storm-0501,G1053,42,1.0,1.0,1.0,1.0,1.0
leave_query_out,random_uniform,5,271,TA505,G0092,34,0.0,0.0,0.0,0.012987012987012988,77.0
leave_query_out,frequency_prior,5,271,TA505,G0092,34,0.0,0.0,0.0,0.019230769230769232,52.0
leave_query_out,overlap_cosine,5,271,TA505,G0092,34,0.0,0.0,0.0,0.00684931506849315,146.0
leave_query_out,svd32_graph_embedding,5,271,TA505,G0092,34,0.0,0.0,0.0,0.023809523809523808,42.0
leave_query_out,random_uniform,5,271,BITTER,G1002,16,0.0,0.0,0.0,0.014925373134328358,67.0
leave_query_out,frequency_prior,5,271,BITTER,G1002,16,0.0,0.0,0.0,0.010416666666666666,96.0
leave_query_out,overlap_cosine,5,271,BITTER,G1002,16,0.0,0.0,0.0,0.006493506493506494,154.0
leave_query_out,svd32_graph_embedding,5,271,BITTER,G1002,16,0.0,0.0,0.0,0.021739130434782608,46.0
leave_query_out,random_uniform,5,271,DarkVishnya,G0105,10,0.0,0.0,0.0,0.09090909090909091,11.0
leave_query_out,frequency_prior,5,271,DarkVishnya,G0105,10,0.0,0.0,0.0,0.008264462809917356,121.0
leave_query_out,overlap_cosine,5,271,DarkVishnya,G0105,10,0.0,0.0,0.0,0.01,100.0
leave_query_out,svd32_graph_embedding,5,271,DarkVishnya,G0105,10,0.0,0.0,0.0,0.016129032258064516,62.0
leave_query_out,random_uniform,5,271,RedCurl,G1039,41,0.0,0.0,0.0,0.006369426751592357,157.0
leave_query_out,frequency_prior,5,271,RedCurl,G1039,41,0.0,0.0,0.0,0.024390243902439025,41.0
leave_query_out,overlap_cosine,5,271,RedCurl,G1039,41,0.0,0.0,0.0,0.006993006993006993,143.0
leave_query_out,svd32_graph_embedding,5,271,RedCurl,G1039,41,0.0,0.0,0.0,0.014925373134328358,67.0
leave_query_out,random_uniform,5,271,FIN5,G0053,11,0.0,0.0,0.0,0.09090909090909091,11.0
leave_query_out,frequency_prior,5,271,FIN5,G0053,11,0.0,0.0,0.0,0.008695652173913044,115.0
leave_query_out,overlap_cosine,5,271,FIN5,G0053,11,0.0,0.0,0.0,0.010101010101010102,99.0
leave_query_out,svd32_graph_embedding,5,271,FIN5,G0053,11,0.0,1.0,1.0,0.3333333333333333,3.0
leave_query_out,random_uniform,5,271,Lotus Blossom,G0030,21,0.0,0.0,0.0,0.018867924528301886,53.0
leave_query_out,frequency_prior,5,271,Lotus Blossom,G0030,21,0.0,0.0,0.0,0.012658227848101266,79.0
leave_query_out,overlap_cosine,5,271,Lotus Blossom,G0030,21,0.0,0.0,0.0,0.010101010101010102,99.0
leave_query_out,svd32_graph_embedding,5,271,Lotus Blossom,G0030,21,0.0,0.0,0.0,0.06666666666666667,15.0
leave_query_out,random_uniform,5,271,Stealth Falcon,G0038,16,0.0,0.0,0.0,0.020833333333333332,48.0
leave_query_out,frequency_prior,5,271,Stealth Falcon,G0038,16,0.0,0.0,0.0,0.010752688172043012,93.0
leave_query_out,overlap_cosine,5,271,Stealth Falcon,G0038,16,0.0,0.0,0.0,0.010101010101010102,99.0
leave_query_out,svd32_graph_embedding,5,271,Stealth Falcon,G0038,16,0.0,0.0,1.0,0.16666666666666666,6.0
leave_query_out,random_uniform,5,271,APT29,G0016,66,0.0,0.0,0.0,0.016666666666666666,60.0
leave_query_out,frequency_prior,5,271,APT29,G0016,66,0.0,0.0,0.0,0.06666666666666667,15.0
leave_query_out,overlap_cosine,5,271,APT29,G0016,66,0.0,0.0,0.0,0.01020408163265306,98.0
leave_query_out,svd32_graph_embedding,5,271,APT29,G0016,66,1.0,1.0,1.0,1.0,1.0
leave_query_out,random_uniform,5,271,Dark Caracal,G0070,12,0.0,0.0,0.0,0.0072992700729927005,137.0
leave_query_out,frequency_prior,5,271,Dark Caracal,G0070,12,0.0,0.0,0.0,0.009174311926605505,109.0
leave_query_out,overlap_cosine,5,271,Dark Caracal,G0070,12,0.0,0.0,0.0,0.006944444444444444,144.0
leave_query_out,svd32_graph_embedding,5,271,Dark Caracal,G0070,12,0.0,0.0,0.0,0.014285714285714285,70.0
leave_query_out,random_uniform,5,271,Cinnamon Tempest,G1021,19,0.0,0.0,0.0,0.006896551724137931,145.0
leave_query_out,frequency_prior,5,271,Cinnamon Tempest,G1021,19,0.0,0.0,0.0,0.011904761904761904,84.0
leave_query_out,overlap_cosine,5,271,Cinnamon Tempest,G1021,19,0.0,0.0,0.0,0.007194244604316547,139.0
leave_query_out,svd32_graph_embedding,5,271,Cinnamon Tempest,G1021,19,0.0,0.0,0.0,0.03333333333333333,30.0
leave_query_out,random_uniform,5,271,Chimera,G0114,59,0.0,0.0,0.0,0.006944444444444444,144.0
leave_query_out,frequency_prior,5,271,Chimera,G0114,59,0.0,0.0,0.0,0.05263157894736842,19.0
leave_query_out,overlap_cosine,5,271,Chimera,G0114,59,0.0,0.0,0.0,0.007194244604316547,139.0
leave_query_out,svd32_graph_embedding,5,271,Chimera,G0114,59,0.0,0.0,0.0,0.043478260869565216,23.0
leave_query_out,random_uniform,5,271,MirrorFace,G1054,43,0.0,0.0,0.0,0.016666666666666666,60.0
leave_query_out,frequency_prior,5,271,MirrorFace,G1054,43,0.0,0.0,0.0,0.02631578947368421,38.0
leave_query_out,overlap_cosine,5,271,MirrorFace,G1054,43,0.0,0.0,0.0,0.007194244604316547,139.0
leave_query_out,svd32_graph_embedding,5,271,MirrorFace,G1054,43,0.0,0.0,1.0,0.14285714285714285,7.0
leave_query_out,random_uniform,5,271,Silent Librarian,G0122,13,0.0,0.0,0.0,0.0070921985815602835,141.0
leave_query_out,frequency_prior,5,271,Silent Librarian,G0122,13,0.0,0.0,0.0,0.009523809523809525,105.0
leave_query_out,overlap_cosine,5,271,Silent Librarian,G0122,13,0.0,0.0,0.0,0.006896551724137931,145.0
leave_query_out,svd32_graph_embedding,5,271,Silent Librarian,G0122,13,0.0,1.0,1.0,0.25,4.0
leave_query_out,random_uniform,5,271,Medusa Group,G1051,57,0.0,0.0,0.0,0.00847457627118644,118.0
leave_query_out,frequency_prior,5,271,Medusa Group,G1051,57,0.0,0.0,0.0,0.047619047619047616,21.0
leave_query_out,overlap_cosine,5,271,Medusa Group,G1051,57,0.0,0.0,0.0,0.00980392156862745,102.0
leave_query_out,svd32_graph_embedding,5,271,Medusa Group,G1051,57,0.0,1.0,1.0,0.3333333333333333,3.0
leave_query_out,random_uniform,5,271,BRONZE BUTLER,G0060,40,0.0,0.0,0.0,0.007142857142857143,140.0
leave_query_out,frequency_prior,5,271,BRONZE BUTLER,G0060,40,0.0,0.0,0.0,0.022727272727272728,44.0
leave_query_out,overlap_cosine,5,271,BRONZE BUTLER,G0060,40,0.0,0.0,0.0,0.009009009009009009,111.0
leave_query_out,svd32_graph_embedding,5,271,BRONZE BUTLER,G0060,40,0.0,0.0,0.0,0.0625,16.0
leave_query_out,random_uniform,5,271,TA551,G0127,14,0.0,1.0,1.0,0.5,2.0
leave_query_out,frequency_prior,5,271,TA551,G0127,14,0.0,0.0,0.0,0.01,100.0
leave_query_out,overlap_cosine,5,271,TA551,G0127,14,0.0,0.0,0.0,0.0072992700729927005,137.0
leave_query_out,svd32_graph_embedding,5,271,TA551,G0127,14,0.0,0.0,1.0,0.1,10.0
leave_query_out,random_uniform,5,271,BackdoorDiplomacy,G0135,15,0.0,0.0,0.0,0.008771929824561403,114.0
leave_query_out,frequency_prior,5,271,BackdoorDiplomacy,G0135,15,0.0,0.0,0.0,0.010101010101010102,99.0
leave_query_out,overlap_cosine,5,271,BackdoorDiplomacy,G0135,15,0.0,0.0,0.0,0.007194244604316547,139.0
leave_query_out,svd32_graph_embedding,5,271,BackdoorDiplomacy,G0135,15,0.0,0.0,0.0,0.03125,32.0
leave_query_out,random_uniform,5,271,Star Blizzard,G1033,20,0.0,0.0,1.0,0.1111111111111111,9.0
leave_query_out,frequency_prior,5,271,Star Blizzard,G1033,20,0.0,0.0,0.0,0.012195121951219513,82.0
leave_query_out,overlap_cosine,5,271,Star Blizzard,G1033,20,0.0,0.0,0.0,0.007142857142857143,140.0
leave_query_out,svd32_graph_embedding,5,271,Star Blizzard,G1033,20,0.0,1.0,1.0,0.3333333333333333,3.0
leave_query_out,random_uniform,5,271,Darkhotel,G0012,24,0.0,0.0,0.0,0.008620689655172414,116.0
leave_query_out,frequency_prior,5,271,Darkhotel,G0012,24,0.0,0.0,0.0,0.0136986301369863,73.0
leave_query_out,overlap_cosine,5,271,Darkhotel,G0012,24,0.0,0.0,0.0,0.007518796992481203,133.0
leave_query_out,svd32_graph_embedding,5,271,Darkhotel,G0012,24,0.0,0.0,0.0,0.01694915254237288,59.0
leave_query_out,random_uniform,5,271,Axiom,G0001,16,0.0,0.0,0.0,0.016129032258064516,62.0
leave_query_out,frequency_prior,5,271,Axiom,G0001,16,0.0,0.0,0.0,0.010638297872340425,94.0
leave_query_out,overlap_cosine,5,271,Axiom,G0001,16,0.0,0.0,0.0,0.007042253521126761,142.0
leave_query_out,svd32_graph_embedding,5,271,Axiom,G0001,16,0.0,0.0,0.0,0.025,40.0
leave_query_out,random_uniform,5,271,Deep Panda,G0009,10,0.0,0.0,0.0,0.058823529411764705,17.0
leave_query_out,frequency_prior,5,271,Deep Panda,G0009,10,0.0,0.0,0.0,0.008333333333333333,120.0
leave_query_out,overlap_cosine,5,271,Deep Panda,G0009,10,0.0,0.0,0.0,0.006944444444444444,144.0
leave_query_out,svd32_graph_embedding,5,271,Deep Panda,G0009,10,0.0,0.0,0.0,0.058823529411764705,17.0
leave_query_out,random_uniform,5,271,Ember Bear,G1003,47,0.0,0.0,0.0,0.03333333333333333,30.0
leave_query_out,frequency_prior,5,271,Ember Bear,G1003,47,0.0,0.0,0.0,0.03225806451612903,31.0
leave_query_out,overlap_cosine,5,271,Ember Bear,G1003,47,0.0,0.0,0.0,0.0072992700729927005,137.0
leave_query_out,svd32_graph_embedding,5,271,Ember Bear,G1003,47,0.0,1.0,1.0,0.5,2.0
leave_query_out,random_uniform,5,271,LazyScripter,G0140,20,0.0,0.0,0.0,0.030303030303030304,33.0
leave_query_out,frequency_prior,5,271,LazyScripter,G0140,20,0.0,0.0,0.0,0.012345679012345678,81.0
leave_query_out,overlap_cosine,5,271,LazyScripter,G0140,20,0.0,0.0,0.0,0.007575757575757576,132.0
leave_query_out,svd32_graph_embedding,5,271,LazyScripter,G0140,20,0.0,0.0,0.0,0.07692307692307693,13.0
leave_query_out,random_uniform,5,271,Windshift,G0112,19,0.0,0.0,0.0,0.0625,16.0
leave_query_out,frequency_prior,5,271,Windshift,G0112,19,0.0,0.0,0.0,0.011764705882352941,85.0
leave_query_out,overlap_cosine,5,271,Windshift,G0112,19,0.0,0.0,0.0,0.007518796992481203,133.0
leave_query_out,svd32_graph_embedding,5,271,Windshift,G0112,19,0.0,0.0,0.0,0.010869565217391304,92.0
leave_query_out,random_uniform,5,271,ToddyCat,G1022,25,0.0,0.0,0.0,0.037037037037037035,27.0
leave_query_out,frequency_prior,5,271,ToddyCat,G1022,25,0.0,0.0,0.0,0.013888888888888888,72.0
leave_query_out,overlap_cosine,5,271,ToddyCat,G1022,25,0.0,0.0,0.0,0.007462686567164179,134.0
leave_query_out,svd32_graph_embedding,5,271,ToddyCat,G1022,25,0.0,0.0,0.0,0.045454545454545456,22.0
leave_query_out,random_uniform,5,271,LuminousMoth,G1014,28,0.0,0.0,0.0,0.014705882352941176,68.0
leave_query_out,frequency_prior,5,271,LuminousMoth,G1014,28,0.0,0.0,0.0,0.015384615384615385,65.0
leave_query_out,overlap_cosine,5,271,LuminousMoth,G1014,28,0.0,0.0,0.0,0.007407407407407408,135.0
leave_query_out,svd32_graph_embedding,5,271,LuminousMoth,G1014,28,1.0,1.0,1.0,1.0,1.0
leave_query_out,random_uniform,5,271,Agrius,G1030,22,0.0,0.0,0.0,0.013513513513513514,74.0
leave_query_out,frequency_prior,5,271,Agrius,G1030,22,0.0,0.0,0.0,0.013333333333333334,75.0
leave_query_out,overlap_cosine,5,271,Agrius,G1030,22,0.0,0.0,0.0,0.007352941176470588,136.0
leave_query_out,svd32_graph_embedding,5,271,Agrius,G1030,22,0.0,1.0,1.0,0.2,5.0
leave_query_out,random_uniform,5,271,APT28,G0007,93,0.0,0.0,0.0,0.011494252873563218,87.0
leave_query_out,frequency_prior,5,271,APT28,G0007,93,0.0,1.0,1.0,0.5,2.0
leave_query_out,overlap_cosine,5,271,APT28,G0007,93,0.0,0.0,0.0,0.007633587786259542,131.0
leave_query_out,svd32_graph_embedding,5,271,APT28,G0007,93,0.0,1.0,1.0,0.25,4.0
leave_query_out,random_uniform,5,271,Malteiro,G1026,12,0.0,0.0,0.0,0.008620689655172414,116.0
leave_query_out,frequency_prior,5,271,Malteiro,G1026,12,0.0,0.0,0.0,0.008849557522123894,113.0
leave_query_out,overlap_cosine,5,271,Malteiro,G1026,12,0.0,0.0,0.0,0.007633587786259542,131.0
leave_query_out,svd32_graph_embedding,5,271,Malteiro,G1026,12,0.0,0.0,0.0,0.02857142857142857,35.0
leave_query_out,random_uniform,5,271,APT42,G1044,32,0.0,0.0,0.0,0.007352941176470588,136.0
leave_query_out,frequency_prior,5,271,APT42,G1044,32,0.0,0.0,0.0,0.018518518518518517,54.0
leave_query_out,overlap_cosine,5,271,APT42,G1044,32,0.0,0.0,0.0,0.007633587786259542,131.0
leave_query_out,svd32_graph_embedding,5,271,APT42,G1044,32,0.0,0.0,0.0,0.021739130434782608,46.0
leave_query_out,random_uniform,5,271,APT5,G1023,29,0.0,0.0,0.0,0.008547008547008548,117.0
leave_query_out,frequency_prior,5,271,APT5,G1023,29,0.0,0.0,0.0,0.016129032258064516,62.0
leave_query_out,overlap_cosine,5,271,APT5,G1023,29,0.0,0.0,0.0,0.007692307692307693,130.0
leave_query_out,svd32_graph_embedding,5,271,APT5,G1023,29,0.0,0.0,1.0,0.1,10.0
leave_query_out,random_uniform,5,271,Fox Kitten,G0117,41,0.0,0.0,0.0,0.011111111111111112,90.0
leave_query_out,frequency_prior,5,271,Fox Kitten,G0117,41,0.0,0.0,0.0,0.023809523809523808,42.0
leave_query_out,overlap_cosine,5,271,Fox Kitten,G0117,41,0.0,0.0,0.0,0.007692307692307693,130.0
leave_query_out,svd32_graph_embedding,5,271,Fox Kitten,G0117,41,0.0,1.0,1.0,0.3333333333333333,3.0
leave_query_out,random_uniform,5,271,APT-C-36,G0099,38,0.0,0.0,0.0,0.011627906976744186,86.0
leave_query_out,frequency_prior,5,271,APT-C-36,G0099,38,0.0,0.0,0.0,0.021739130434782608,46.0
leave_query_out,overlap_cosine,5,271,APT-C-36,G0099,38,0.0,0.0,0.0,0.005952380952380952,168.0
leave_query_out,svd32_graph_embedding,5,271,APT-C-36,G0099,38,0.0,0.0,1.0,0.1,10.0
leave_query_out,random_uniform,5,271,Tonto Team,G0131,15,0.0,0.0,0.0,0.006097560975609756,164.0
leave_query_out,frequency_prior,5,271,Tonto Team,G0131,15,0.0,0.0,0.0,0.010309278350515464,97.0
leave_query_out,overlap_cosine,5,271,Tonto Team,G0131,15,0.0,0.0,0.0,0.0058823529411764705,170.0
leave_query_out,svd32_graph_embedding,5,271,Tonto Team,G0131,15,0.0,0.0,0.0,0.018867924528301886,53.0
leave_query_out,random_uniform,5,271,Lazarus Group,G0032,93,0.0,0.0,0.0,0.014285714285714285,70.0
leave_query_out,frequency_prior,5,271,Lazarus Group,G0032,93,0.0,1.0,1.0,0.3333333333333333,3.0
leave_query_out,overlap_cosine,5,271,Lazarus Group,G0032,93,0.0,0.0,0.0,0.005917159763313609,169.0
leave_query_out,svd32_graph_embedding,5,271,Lazarus Group,G0032,93,0.0,0.0,0.0,0.017241379310344827,58.0
leave_query_out,random_uniform,5,271,INC Ransom,G1032,25,0.0,0.0,0.0,0.008403361344537815,119.0
leave_query_out,frequency_prior,5,271,INC Ransom,G1032,25,0.0,0.0,0.0,0.014084507042253521,71.0
leave_query_out,overlap_cosine,5,271,INC Ransom,G1032,25,0.0,0.0,0.0,0.006329113924050633,158.0
leave_query_out,svd32_graph_embedding,5,271,INC Ransom,G1032,25,0.0,0.0,1.0,0.14285714285714285,7.0
leave_query_out,random_uniform,5,271,Earth Lusca,G1006,44,0.0,0.0,0.0,0.016666666666666666,60.0
leave_query_out,frequency_prior,5,271,Earth Lusca,G1006,44,0.0,0.0,0.0,0.029411764705882353,34.0
leave_query_out,overlap_cosine,5,271,Earth Lusca,G1006,44,0.0,0.0,0.0,0.006944444444444444,144.0
leave_query_out,svd32_graph_embedding,5,271,Earth Lusca,G1006,44,1.0,1.0,1.0,1.0,1.0
leave_query_out,random_uniform,5,271,FIN4,G0085,12,0.0,0.0,0.0,0.01282051282051282,78.0
leave_query_out,frequency_prior,5,271,FIN4,G0085,12,0.0,0.0,0.0,0.009009009009009009,111.0
leave_query_out,overlap_cosine,5,271,FIN4,G0085,12,0.0,0.0,0.0,0.006369426751592357,157.0
leave_query_out,svd32_graph_embedding,5,271,FIN4,G0085,12,0.0,0.0,0.0,0.01282051282051282,78.0
leave_query_out,random_uniform,5,271,Silence,G0091,28,0.0,0.0,0.0,0.020833333333333332,48.0
leave_query_out,frequency_prior,5,271,Silence,G0091,28,0.0,0.0,0.0,0.015151515151515152,66.0
leave_query_out,overlap_cosine,5,271,Silence,G0091,28,0.0,0.0,0.0,0.006329113924050633,158.0
leave_query_out,svd32_graph_embedding,5,271,Silence,G0091,28,0.0,0.0,0.0,0.034482758620689655,29.0
leave_query_out,random_uniform,5,271,LAPSUS$,G1004,43,1.0,1.0,1.0,1.0,1.0
leave_query_out,frequency_prior,5,271,LAPSUS$,G1004,43,0.0,0.0,0.0,0.02702702702702703,37.0
leave_query_out,overlap_cosine,5,271,LAPSUS$,G1004,43,0.0,0.0,0.0,0.006896551724137931,145.0
leave_query_out,svd32_graph_embedding,5,271,LAPSUS$,G1004,43,1.0,1.0,1.0,1.0,1.0
leave_query_out,random_uniform,5,271,Cobalt Group,G0080,34,0.0,1.0,1.0,0.25,4.0
leave_query_out,frequency_prior,5,271,Cobalt Group,G0080,34,0.0,0.0,0.0,0.0196078431372549,51.0
leave_query_out,overlap_cosine,5,271,Cobalt Group,G0080,34,0.0,0.0,0.0,0.006024096385542169,166.0
leave_query_out,svd32_graph_embedding,5,271,Cobalt Group,G0080,34,0.0,0.0,0.0,0.038461538461538464,26.0
leave_query_out,random_uniform,5,271,Wizard Spider,G0102,64,0.0,0.0,0.0,0.010416666666666666,96.0
leave_query_out,frequency_prior,5,271,Wizard Spider,G0102,64,0.0,0.0,0.0,0.058823529411764705,17.0
leave_query_out,overlap_cosine,5,271,Wizard Spider,G0102,64,0.0,0.0,0.0,0.006024096385542169,166.0
leave_query_out,svd32_graph_embedding,5,271,Wizard Spider,G0102,64,0.0,0.0,1.0,0.16666666666666666,6.0
leave_query_out,random_uniform,5,271,Molerats,G0021,16,0.0,0.0,0.0,0.007246376811594203,138.0
leave_query_out,frequency_prior,5,271,Molerats,G0021,16,0.0,0.0,0.0,0.010869565217391304,92.0
leave_query_out,overlap_cosine,5,271,Molerats,G0021,16,0.0,0.0,0.0,0.006097560975609756,164.0
leave_query_out,svd32_graph_embedding,5,271,Molerats,G0021,16,0.0,0.0,0.0,0.014705882352941176,68.0
leave_query_out,random_uniform,5,271,Velvet Ant,G1047,22,0.0,0.0,0.0,0.010869565217391304,92.0
leave_query_out,frequency_prior,5,271,Velvet Ant,G1047,22,0.0,0.0,0.0,0.012987012987012988,77.0
leave_query_out,overlap_cosine,5,271,Velvet Ant,G1047,22,0.0,0.0,0.0,0.006666666666666667,150.0
leave_query_out,svd32_graph_embedding,5,271,Velvet Ant,G1047,22,0.0,1.0,1.0,0.5,2.0
leave_query_out,random_uniform,5,271,Transparent Tribe,G0134,14,0.0,0.0,0.0,0.0078125,128.0
leave_query_out,frequency_prior,5,271,Transparent Tribe,G0134,14,0.0,0.0,0.0,0.009615384615384616,104.0
leave_query_out,overlap_cosine,5,271,Transparent Tribe,G0134,14,0.0,0.0,0.0,0.005988023952095809,167.0
leave_query_out,svd32_graph_embedding,5,271,Transparent Tribe,G0134,14,0.0,0.0,0.0,0.02702702702702703,37.0
leave_query_out,random_uniform,5,271,Moonstone Sleet,G1036,30,0.0,0.0,0.0,0.019230769230769232,52.0
leave_query_out,frequency_prior,5,271,Moonstone Sleet,G1036,30,0.0,0.0,0.0,0.01694915254237288,59.0
leave_query_out,overlap_cosine,5,271,Moonstone Sleet,G1036,30,0.0,0.0,0.0,0.006060606060606061,165.0
leave_query_out,svd32_graph_embedding,5,271,Moonstone Sleet,G1036,30,0.0,0.0,0.0,0.03225806451612903,31.0
leave_query_out,random_uniform,5,271,Inception,G0100,22,0.0,0.0,0.0,0.00641025641025641,156.0
leave_query_out,frequency_prior,5,271,Inception,G0100,22,0.0,0.0,0.0,0.01282051282051282,78.0
leave_query_out,overlap_cosine,5,271,Inception,G0100,22,0.0,0.0,0.0,0.006097560975609756,164.0
leave_query_out,svd32_graph_embedding,5,271,Inception,G0100,22,0.0,0.0,1.0,0.125,8.0
leave_query_out,random_uniform,5,271,VOID MANTICORE,G1055,63,0.0,0.0,0.0,0.011494252873563218,87.0
leave_query_out,frequency_prior,5,271,VOID MANTICORE,G1055,63,0.0,0.0,0.0,0.05555555555555555,18.0
leave_query_out,overlap_cosine,5,271,VOID MANTICORE,G1055,63,0.0,0.0,0.0,0.006369426751592357,157.0
leave_query_out,svd32_graph_embedding,5,271,VOID MANTICORE,G1055,63,0.0,1.0,1.0,0.5,2.0
leave_query_out,random_uniform,5,271,Play,G1040,26,0.0,0.0,0.0,0.021739130434782608,46.0
leave_query_out,frequency_prior,5,271,Play,G1040,26,0.0,0.0,0.0,0.014492753623188406,69.0
leave_query_out,overlap_cosine,5,271,Play,G1040,26,0.0,0.0,0.0,0.006134969325153374,163.0
leave_query_out,svd32_graph_embedding,5,271,Play,G1040,26,0.0,0.0,0.0,0.02127659574468085,47.0
leave_query_out,random_uniform,5,271,PROMETHIUM,G0056,11,0.0,0.0,0.0,0.05555555555555555,18.0
leave_query_out,frequency_prior,5,271,PROMETHIUM,G0056,11,0.0,0.0,0.0,0.00847457627118644,118.0
leave_query_out,overlap_cosine,5,271,PROMETHIUM,G0056,11,0.0,0.0,0.0,0.006172839506172839,162.0
leave_query_out,svd32_graph_embedding,5,271,PROMETHIUM,G0056,11,0.0,0.0,0.0,0.014285714285714285,70.0
leave_query_out,random_uniform,5,271,HEXANE,G1001,36,0.0,0.0,0.0,0.038461538461538464,26.0
leave_query_out,frequency_prior,5,271,HEXANE,G1001,36,0.0,0.0,0.0,0.02040816326530612,49.0
leave_query_out,overlap_cosine,5,271,HEXANE,G1001,36,0.0,0.0,0.0,0.006172839506172839,162.0
leave_query_out,svd32_graph_embedding,5,271,HEXANE,G1001,36,0.0,0.0,0.0,0.01639344262295082,61.0
leave_query_out,random_uniform,5,271,Daggerfly,G1034,17,0.0,0.0,0.0,0.006211180124223602,161.0
leave_query_out,frequency_prior,5,271,Daggerfly,G1034,17,0.0,0.0,0.0,0.011235955056179775,89.0
leave_query_out,overlap_cosine,5,271,Daggerfly,G1034,17,0.0,0.0,0.0,0.005988023952095809,167.0
leave_query_out,svd32_graph_embedding,5,271,Daggerfly,G1034,17,0.0,0.0,0.0,0.02040816326530612,49.0
leave_query_out,random_uniform,5,271,WIRTE,G0090,26,0.0,0.0,0.0,0.009433962264150943,106.0
leave_query_out,frequency_prior,5,271,WIRTE,G0090,26,0.0,0.0,0.0,0.014285714285714285,70.0
leave_query_out,overlap_cosine,5,271,WIRTE,G0090,26,0.0,0.0,0.0,0.005813953488372093,172.0
leave_query_out,svd32_graph_embedding,5,271,WIRTE,G0090,26,0.0,0.0,0.0,0.0625,16.0
leave_query_out,random_uniform,5,271,PLATINUM,G0068,11,0.0,0.0,0.0,0.011627906976744186,86.0
leave_query_out,frequency_prior,5,271,PLATINUM,G0068,11,0.0,0.0,0.0,0.008547008547008548,117.0
leave_query_out,overlap_cosine,5,271,PLATINUM,G0068,11,0.0,0.0,0.0,0.005813953488372093,172.0
leave_query_out,svd32_graph_embedding,5,271,PLATINUM,G0068,11,0.0,0.0,0.0,0.0136986301369863,73.0
leave_query_out,random_uniform,5,271,Magic Hound,G0059,78,0.0,0.0,0.0,0.011904761904761904,84.0
leave_query_out,frequency_prior,5,271,Magic Hound,G0059,78,0.0,0.0,1.0,0.1111111111111111,9.0
leave_query_out,overlap_cosine,5,271,Magic Hound,G0059,78,0.0,0.0,0.0,0.005847953216374269,171.0
leave_query_out,svd32_graph_embedding,5,271,Magic Hound,G0059,78,0.0,1.0,1.0,0.25,4.0
leave_query_out,random_uniform,5,271,Threat Group-3390,G0027,57,0.0,0.0,0.0,0.007936507936507936,126.0
leave_query_out,frequency_prior,5,271,Threat Group-3390,G0027,57,0.0,0.0,0.0,0.05,20.0
leave_query_out,overlap_cosine,5,271,Threat Group-3390,G0027,57,0.0,0.0,0.0,0.0058823529411764705,170.0
leave_query_out,svd32_graph_embedding,5,271,Threat Group-3390,G0027,57,0.0,0.0,0.0,0.038461538461538464,26.0
leave_query_out,random_uniform,5,271,APT33,G0064,31,0.0,0.0,0.0,0.009900990099009901,101.0
leave_query_out,frequency_prior,5,271,APT33,G0064,31,0.0,0.0,0.0,0.017857142857142856,56.0
leave_query_out,overlap_cosine,5,271,APT33,G0064,31,0.0,0.0,0.0,0.005780346820809248,173.0
leave_query_out,svd32_graph_embedding,5,271,APT33,G0064,31,0.0,0.0,0.0,0.041666666666666664,24.0
leave_query_out,random_uniform,5,271,FIN10,G0051,11,0.0,0.0,0.0,0.0058823529411764705,170.0
leave_query_out,frequency_prior,5,271,FIN10,G0051,11,0.0,0.0,0.0,0.008620689655172414,116.0
leave_query_out,overlap_cosine,5,271,FIN10,G0051,11,0.0,0.0,0.0,0.005747126436781609,174.0
leave_query_out,svd32_graph_embedding,5,271,FIN10,G0051,11,0.0,0.0,0.0,0.034482758620689655,29.0
leave_query_out,random_uniform,5,271,FIN8,G0061,36,0.0,1.0,1.0,0.3333333333333333,3.0
leave_query_out,frequency_prior,5,271,FIN8,G0061,36,0.0,0.0,0.0,0.02127659574468085,47.0
leave_query_out,overlap_cosine,5,271,FIN8,G0061,36,0.0,0.0,0.0,0.005813953488372093,172.0
leave_query_out,svd32_graph_embedding,5,271,FIN8,G0061,36,0.0,0.0,0.0,0.038461538461538464,26.0
leave_query_out,random_uniform,5,271,FIN13,G1016,53,0.0,0.0,0.0,0.007518796992481203,133.0
leave_query_out,frequency_prior,5,271,FIN13,G1016,53,0.0,0.0,0.0,0.037037037037037035,27.0
leave_query_out,overlap_cosine,5,271,FIN13,G1016,53,0.0,0.0,0.0,0.005813953488372093,172.0
leave_query_out,svd32_graph_embedding,5,271,FIN13,G1016,53,0.0,0.0,0.0,0.05263157894736842,19.0
leave_query_out,random_uniform,5,271,APT19,G0073,21,0.0,0.0,0.0,0.007633587786259542,131.0
leave_query_out,frequency_prior,5,271,APT19,G0073,21,0.0,0.0,0.0,0.0125,80.0
leave_query_out,overlap_cosine,5,271,APT19,G0073,21,0.0,0.0,0.0,0.005780346820809248,173.0
leave_query_out,svd32_graph_embedding,5,271,APT19,G0073,21,0.0,0.0,0.0,0.06666666666666667,15.0
leave_query_out,random_uniform,5,1729,APT38,G0082,56,0.0,0.0,0.0,0.0078125,128.0
leave_query_out,frequency_prior,5,1729,APT38,G0082,56,0.0,0.0,0.0,0.041666666666666664,24.0
leave_query_out,overlap_cosine,5,1729,APT38,G0082,56,0.0,0.0,0.0,0.00847457627118644,118.0
leave_query_out,svd32_graph_embedding,5,1729,APT38,G0082,56,0.0,0.0,0.0,0.058823529411764705,17.0
leave_query_out,random_uniform,5,1729,Indrik Spider,G0119,33,0.0,0.0,0.0,0.018867924528301886,53.0
leave_query_out,frequency_prior,5,1729,Indrik Spider,G0119,33,0.0,0.0,0.0,0.018867924528301886,53.0
leave_query_out,overlap_cosine,5,1729,Indrik Spider,G0119,33,0.0,0.0,0.0,0.00847457627118644,118.0
leave_query_out,svd32_graph_embedding,5,1729,Indrik Spider,G0119,33,0.0,0.0,0.0,0.09090909090909091,11.0
leave_query_out,random_uniform,5,1729,BlackByte,G1043,48,0.0,0.0,0.0,0.03571428571428571,28.0
leave_query_out,frequency_prior,5,1729,BlackByte,G1043,48,0.0,0.0,0.0,0.03333333333333333,30.0
leave_query_out,overlap_cosine,5,1729,BlackByte,G1043,48,0.0,0.0,0.0,0.008403361344537815,119.0
leave_query_out,svd32_graph_embedding,5,1729,BlackByte,G1043,48,0.0,0.0,1.0,0.1,10.0
leave_query_out,random_uniform,5,1729,SideCopy,G1008,16,0.0,0.0,0.0,0.009259259259259259,108.0
leave_query_out,frequency_prior,5,1729,SideCopy,G1008,16,0.0,0.0,0.0,0.01098901098901099,91.0
leave_query_out,overlap_cosine,5,1729,SideCopy,G1008,16,0.0,0.0,0.0,0.00847457627118644,118.0
leave_query_out,svd32_graph_embedding,5,1729,SideCopy,G1008,16,0.0,0.0,0.0,0.05555555555555555,18.0
leave_query_out,random_uniform,5,1729,GALLIUM,G0093,31,0.0,0.0,0.0,0.013888888888888888,72.0
leave_query_out,frequency_prior,5,1729,GALLIUM,G0093,31,0.0,0.0,0.0,0.017543859649122806,57.0
leave_query_out,overlap_cosine,5,1729,GALLIUM,G0093,31,0.0,0.0,0.0,0.008403361344537815,119.0
leave_query_out,svd32_graph_embedding,5,1729,GALLIUM,G0093,31,0.0,0.0,1.0,0.14285714285714285,7.0
leave_query_out,random_uniform,5,1729,APT3,G0022,44,0.0,0.0,0.0,0.02631578947368421,38.0
leave_query_out,frequency_prior,5,1729,APT3,G0022,44,0.0,0.0,0.0,0.02857142857142857,35.0
leave_query_out,overlap_cosine,5,1729,APT3,G0022,44,0.0,0.0,0.0,0.008064516129032258,124.0
leave_query_out,svd32_graph_embedding,5,1729,APT3,G0022,44,1.0,1.0,1.0,1.0,1.0
leave_query_out,random_uniform,5,1729,Mustard Tempest,G1020,12,0.0,0.0,0.0,0.009615384615384616,104.0
leave_query_out,frequency_prior,5,1729,Mustard Tempest,G1020,12,0.0,0.0,0.0,0.009433962264150943,106.0
leave_query_out,overlap_cosine,5,1729,Mustard Tempest,G1020,12,0.0,0.0,0.0,0.008333333333333333,120.0
leave_query_out,svd32_graph_embedding,5,1729,Mustard Tempest,G1020,12,0.0,0.0,0.0,0.008620689655172414,116.0
leave_query_out,random_uniform,5,1729,Kimsuky,G0094,130,0.0,0.0,0.0,0.043478260869565216,23.0
leave_query_out,frequency_prior,5,1729,Kimsuky,G0094,130,1.0,1.0,1.0,1.0,1.0
leave_query_out,overlap_cosine,5,1729,Kimsuky,G0094,130,0.0,0.0,0.0,0.008547008547008548,117.0
leave_query_out,svd32_graph_embedding,5,1729,Kimsuky,G0094,130,0.0,0.0,0.0,0.05555555555555555,18.0
leave_query_out,random_uniform,5,1729,EXOTIC LILY,G1011,15,0.0,0.0,0.0,0.014285714285714285,70.0
leave_query_out,frequency_prior,5,1729,EXOTIC LILY,G1011,15,0.0,0.0,0.0,0.01020408163265306,98.0
leave_query_out,overlap_cosine,5,1729,EXOTIC LILY,G1011,15,0.0,0.0,0.0,0.008264462809917356,121.0
leave_query_out,svd32_graph_embedding,5,1729,EXOTIC LILY,G1011,15,0.0,0.0,1.0,0.14285714285714285,7.0
leave_query_out,random_uniform,5,1729,admin@338,G0018,12,0.0,0.0,0.0,0.01694915254237288,59.0
leave_query_out,frequency_prior,5,1729,admin@338,G0018,12,0.0,0.0,0.0,0.00909090909090909,110.0
leave_query_out,overlap_cosine,5,1729,admin@338,G0018,12,0.0,0.0,0.0,0.008264462809917356,121.0
leave_query_out,svd32_graph_embedding,5,1729,admin@338,G0018,12,0.0,0.0,0.0,0.05,20.0
leave_query_out,random_uniform,5,1729,Volt Typhoon,G1017,81,0.0,0.0,0.0,0.007518796992481203,133.0
leave_query_out,frequency_prior,5,1729,Volt Typhoon,G1017,81,0.0,0.0,1.0,0.16666666666666666,6.0
leave_query_out,overlap_cosine,5,1729,Volt Typhoon,G1017,81,0.0,0.0,0.0,0.017241379310344827,58.0
leave_query_out,svd32_graph_embedding,5,1729,Volt Typhoon,G1017,81,1.0,1.0,1.0,1.0,1.0
leave_query_out,random_uniform,5,1729,Patchwork,G0040,41,0.0,0.0,0.0,0.010101010101010102,99.0
leave_query_out,frequency_prior,5,1729,Patchwork,G0040,41,0.0,0.0,0.0,0.025,40.0
leave_query_out,overlap_cosine,5,1729,Patchwork,G0040,41,0.0,0.0,0.0,0.008,125.0
leave_query_out,svd32_graph_embedding,5,1729,Patchwork,G0040,41,0.0,0.0,0.0,0.02564102564102564,39.0
leave_query_out,random_uniform,5,1729,APT41,G0096,82,0.0,0.0,0.0,0.008403361344537815,119.0
leave_query_out,frequency_prior,5,1729,APT41,G0096,82,0.0,1.0,1.0,0.2,5.0
leave_query_out,overlap_cosine,5,1729,APT41,G0096,82,0.0,0.0,0.0,0.008264462809917356,121.0
leave_query_out,svd32_graph_embedding,5,1729,APT41,G0096,82,0.0,0.0,0.0,0.02857142857142857,35.0
leave_query_out,random_uniform,5,1729,Salt Typhoon,G1045,14,0.0,0.0,0.0,0.012048192771084338,83.0
leave_query_out,frequency_prior,5,1729,Salt Typhoon,G1045,14,0.0,0.0,0.0,0.00980392156862745,102.0
leave_query_out,overlap_cosine,5,1729,Salt Typhoon,G1045,14,0.0,0.0,0.0,0.011363636363636364,88.0
leave_query_out,svd32_graph_embedding,5,1729,Salt Typhoon,G1045,14,0.0,1.0,1.0,0.3333333333333333,3.0
leave_query_out,random_uniform,5,1729,Dragonfly,G0035,56,0.0,0.0,0.0,0.006944444444444444,144.0
leave_query_out,frequency_prior,5,1729,Dragonfly,G0035,56,0.0,0.0,0.0,0.045454545454545456,22.0
leave_query_out,overlap_cosine,5,1729,Dragonfly,G0035,56,0.0,0.0,0.0,0.006756756756756757,148.0
leave_query_out,svd32_graph_embedding,5,1729,Dragonfly,G0035,56,0.0,0.0,0.0,0.02857142857142857,35.0
leave_query_out,random_uniform,5,1729,Evilnum,G0120,11,0.0,0.0,0.0,0.047619047619047616,21.0
leave_query_out,frequency_prior,5,1729,Evilnum,G0120,11,0.0,0.0,0.0,0.008403361344537815,119.0
leave_query_out,overlap_cosine,5,1729,Evilnum,G0120,11,0.0,0.0,0.0,0.008620689655172414,116.0
leave_query_out,svd32_graph_embedding,5,1729,Evilnum,G0120,11,0.0,0.0,0.0,0.015151515151515152,66.0
leave_query_out,random_uniform,5,1729,Gorgon Group,G0078,16,0.0,0.0,0.0,0.006172839506172839,162.0
leave_query_out,frequency_prior,5,1729,Gorgon Group,G0078,16,0.0,0.0,0.0,0.010526315789473684,95.0
leave_query_out,overlap_cosine,5,1729,Gorgon Group,G0078,16,0.0,0.0,0.0,0.008264462809917356,121.0
leave_query_out,svd32_graph_embedding,5,1729,Gorgon Group,G0078,16,0.0,0.0,0.0,0.016666666666666666,60.0
leave_query_out,random_uniform,5,1729,menuPass,G0045,46,0.0,0.0,0.0,0.030303030303030304,33.0
leave_query_out,frequency_prior,5,1729,menuPass,G0045,46,0.0,0.0,0.0,0.030303030303030304,33.0
leave_query_out,overlap_cosine,5,1729,menuPass,G0045,46,0.0,0.0,0.0,0.008264462809917356,121.0
leave_query_out,svd32_graph_embedding,5,1729,menuPass,G0045,46,0.0,0.0,1.0,0.125,8.0
leave_query_out,random_uniform,5,1729,APT32,G0050,78,0.0,0.0,0.0,0.09090909090909091,11.0
leave_query_out,frequency_prior,5,1729,APT32,G0050,78,0.0,0.0,1.0,0.125,8.0
leave_query_out,overlap_cosine,5,1729,APT32,G0050,78,0.0,0.0,0.0,0.007874015748031496,127.0
leave_query_out,svd32_graph_embedding,5,1729,APT32,G0050,78,0.0,0.0,0.0,0.010309278350515464,97.0
leave_query_out,random_uniform,5,1729,HAFNIUM,G0125,44,0.0,0.0,1.0,0.1,10.0
leave_query_out,frequency_prior,5,1729,HAFNIUM,G0125,44,0.0,0.0,0.0,0.027777777777777776,36.0
leave_query_out,overlap_cosine,5,1729,HAFNIUM,G0125,44,0.0,0.0,0.0,0.01818181818181818,55.0
leave_query_out,svd32_graph_embedding,5,1729,HAFNIUM,G0125,44,1.0,1.0,1.0,1.0,1.0
leave_query_out,random_uniform,5,1729,MuddyWater,G0069,68,0.0,0.0,0.0,0.007751937984496124,129.0
leave_query_out,frequency_prior,5,1729,MuddyWater,G0069,68,0.0,0.0,0.0,0.08333333333333333,12.0
leave_query_out,overlap_cosine,5,1729,MuddyWater,G0069,68,0.0,0.0,0.0,0.00909090909090909,110.0
leave_query_out,svd32_graph_embedding,5,1729,MuddyWater,G0069,68,0.0,0.0,0.0,0.08333333333333333,12.0
leave_query_out,random_uniform,5,1729,Naikon,G0019,14,0.0,0.0,0.0,0.006711409395973154,149.0
leave_query_out,frequency_prior,5,1729,Naikon,G0019,14,0.0,0.0,0.0,0.009708737864077669,103.0
leave_query_out,overlap_cosine,5,1729,Naikon,G0019,14,0.0,0.0,0.0,0.007874015748031496,127.0
leave_query_out,svd32_graph_embedding,5,1729,Naikon,G0019,14,0.0,0.0,0.0,0.015151515151515152,66.0
leave_query_out,random_uniform,5,1729,FIN6,G0037,40,0.0,0.0,0.0,0.006024096385542169,166.0
leave_query_out,frequency_prior,5,1729,FIN6,G0037,40,0.0,0.0,0.0,0.022222222222222223,45.0
leave_query_out,overlap_cosine,5,1729,FIN6,G0037,40,0.0,0.0,0.0,0.008,125.0
leave_query_out,svd32_graph_embedding,5,1729,FIN6,G0037,40,0.0,0.0,0.0,0.02040816326530612,49.0
leave_query_out,random_uniform,5,1729,Gamaredon Group,G0047,70,0.0,0.0,0.0,0.008064516129032258,124.0
leave_query_out,frequency_prior,5,1729,Gamaredon Group,G0047,70,0.0,0.0,0.0,0.09090909090909091,11.0
leave_query_out,overlap_cosine,5,1729,Gamaredon Group,G0047,70,0.0,0.0,0.0,0.008928571428571428,112.0
leave_query_out,svd32_graph_embedding,5,1729,Gamaredon Group,G0047,70,0.0,0.0,1.0,0.16666666666666666,6.0
leave_query_out,random_uniform,5,1729,Storm-1811,G1046,31,0.0,0.0,0.0,0.010101010101010102,99.0
leave_query_out,frequency_prior,5,1729,Storm-1811,G1046,31,0.0,0.0,0.0,0.01818181818181818,55.0
leave_query_out,overlap_cosine,5,1729,Storm-1811,G1046,31,0.0,0.0,0.0,0.009345794392523364,107.0
leave_query_out,svd32_graph_embedding,5,1729,Storm-1811,G1046,31,0.0,0.0,0.0,0.0625,16.0
leave_query_out,random_uniform,5,1729,Leafminer,G0077,17,0.0,0.0,0.0,0.007751937984496124,129.0
leave_query_out,frequency_prior,5,1729,Leafminer,G0077,17,0.0,0.0,0.0,0.011111111111111112,90.0
leave_query_out,overlap_cosine,5,1729,Leafminer,G0077,17,0.0,0.0,0.0,0.012195121951219513,82.0
leave_query_out,svd32_graph_embedding,5,1729,Leafminer,G0077,17,0.0,1.0,1.0,0.3333333333333333,3.0
leave_query_out,random_uniform,5,1729,TeamTNT,G0139,56,0.0,0.0,0.0,0.00847457627118644,118.0
leave_query_out,frequency_prior,5,1729,TeamTNT,G0139,56,0.0,0.0,0.0,0.043478260869565216,23.0
leave_query_out,overlap_cosine,5,1729,TeamTNT,G0139,56,0.0,0.0,0.0,0.009433962264150943,106.0
leave_query_out,svd32_graph_embedding,5,1729,TeamTNT,G0139,56,0.0,0.0,1.0,0.1111111111111111,9.0
leave_query_out,random_uniform,5,1729,FIN7,G0046,67,0.0,0.0,0.0,0.05555555555555555,18.0
leave_query_out,frequency_prior,5,1729,FIN7,G0046,67,0.0,0.0,0.0,0.07142857142857142,14.0
leave_query_out,overlap_cosine,5,1729,FIN7,G0046,67,0.0,0.0,0.0,0.00641025641025641,156.0
leave_query_out,svd32_graph_embedding,5,1729,FIN7,G0046,67,0.0,0.0,0.0,0.05263157894736842,19.0
leave_query_out,random_uniform,5,1729,Sandworm Team,G0034,79,0.0,0.0,0.0,0.008,125.0
leave_query_out,frequency_prior,5,1729,Sandworm Team,G0034,79,0.0,0.0,1.0,0.14285714285714285,7.0
leave_query_out,overlap_cosine,5,1729,Sandworm Team,G0034,79,0.0,0.0,0.0,0.009433962264150943,106.0
leave_query_out,svd32_graph_embedding,5,1729,Sandworm Team,G0034,79,0.0,0.0,0.0,0.09090909090909091,11.0
leave_query_out,random_uniform,5,1729,Machete,G0095,11,0.0,0.0,0.0,0.017857142857142856,56.0
leave_query_out,frequency_prior,5,1729,Machete,G0095,11,0.0,0.0,0.0,0.008771929824561403,114.0
leave_query_out,overlap_cosine,5,1729,Machete,G0095,11,0.0,0.0,0.0,0.006578947368421052,152.0
leave_query_out,svd32_graph_embedding,5,1729,Machete,G0095,11,0.0,0.0,0.0,0.05,20.0
leave_query_out,random_uniform,5,1729,APT18,G0026,12,0.0,0.0,0.0,0.02857142857142857,35.0
leave_query_out,frequency_prior,5,1729,APT18,G0026,12,0.0,0.0,0.0,0.009345794392523364,107.0
leave_query_out,overlap_cosine,5,1729,APT18,G0026,12,0.0,0.0,0.0,0.009009009009009009,111.0
leave_query_out,svd32_graph_embedding,5,1729,APT18,G0026,12,0.0,0.0,0.0,0.015151515151515152,66.0
leave_query_out,random_uniform,5,1729,Andariel,G0138,12,0.0,0.0,0.0,0.03571428571428571,28.0
leave_query_out,frequency_prior,5,1729,Andariel,G0138,12,0.0,0.0,0.0,0.009259259259259259,108.0
leave_query_out,overlap_cosine,5,1729,Andariel,G0138,12,0.0,0.0,0.0,0.01282051282051282,78.0
leave_query_out,svd32_graph_embedding,5,1729,Andariel,G0138,12,0.0,0.0,0.0,0.014285714285714285,70.0
leave_query_out,random_uniform,5,1729,CURIUM,G1012,19,0.0,0.0,0.0,0.07692307692307693,13.0
leave_query_out,frequency_prior,5,1729,CURIUM,G1012,19,0.0,0.0,0.0,0.012048192771084338,83.0
leave_query_out,overlap_cosine,5,1729,CURIUM,G1012,19,0.0,0.0,0.0,0.009345794392523364,107.0
leave_query_out,svd32_graph_embedding,5,1729,CURIUM,G1012,19,0.0,1.0,1.0,0.5,2.0
leave_query_out,random_uniform,5,1729,Sidewinder,G0121,30,0.0,0.0,0.0,0.008695652173913044,115.0
leave_query_out,frequency_prior,5,1729,Sidewinder,G0121,30,0.0,0.0,0.0,0.017241379310344827,58.0
leave_query_out,overlap_cosine,5,1729,Sidewinder,G0121,30,0.0,0.0,0.0,0.006493506493506494,154.0
leave_query_out,svd32_graph_embedding,5,1729,Sidewinder,G0121,30,0.0,0.0,0.0,0.023809523809523808,42.0
leave_query_out,random_uniform,5,1729,Mustang Panda,G0129,85,0.0,0.0,0.0,0.02702702702702703,37.0
leave_query_out,frequency_prior,5,1729,Mustang Panda,G0129,85,0.0,1.0,1.0,0.25,4.0
leave_query_out,overlap_cosine,5,1729,Mustang Panda,G0129,85,0.0,0.0,0.0,0.00909090909090909,110.0
leave_query_out,svd32_graph_embedding,5,1729,Mustang Panda,G0129,85,0.0,0.0,0.0,0.05,20.0
leave_query_out,random_uniform,5,1729,ZIRCONIUM,G0128,29,0.0,0.0,0.0,0.006060606060606061,165.0
leave_query_out,frequency_prior,5,1729,ZIRCONIUM,G0128,29,0.0,0.0,0.0,0.016666666666666666,60.0
leave_query_out,overlap_cosine,5,1729,ZIRCONIUM,G0128,29,0.0,0.0,0.0,0.011363636363636364,88.0
leave_query_out,svd32_graph_embedding,5,1729,ZIRCONIUM,G0128,29,0.0,0.0,1.0,0.125,8.0
leave_query_out,random_uniform,5,1729,Rocke,G0106,36,0.0,0.0,0.0,0.007874015748031496,127.0
leave_query_out,frequency_prior,5,1729,Rocke,G0106,36,0.0,0.0,0.0,0.020833333333333332,48.0
leave_query_out,overlap_cosine,5,1729,Rocke,G0106,36,0.0,0.0,0.0,0.008333333333333333,120.0
leave_query_out,svd32_graph_embedding,5,1729,Rocke,G0106,36,0.0,0.0,1.0,0.14285714285714285,7.0
leave_query_out,random_uniform,5,1729,Scattered Spider,G1015,64,0.0,0.0,0.0,0.005780346820809248,173.0
leave_query_out,frequency_prior,5,1729,Scattered Spider,G1015,64,0.0,0.0,0.0,0.0625,16.0
leave_query_out,overlap_cosine,5,1729,Scattered Spider,G1015,64,0.0,0.0,0.0,0.0125,80.0
leave_query_out,svd32_graph_embedding,5,1729,Scattered Spider,G1015,64,0.0,1.0,1.0,0.5,2.0
leave_query_out,random_uniform,5,1729,APT39,G0087,53,0.0,0.0,0.0,0.012987012987012988,77.0
leave_query_out,frequency_prior,5,1729,APT39,G0087,53,0.0,0.0,0.0,0.038461538461538464,26.0
leave_query_out,overlap_cosine,5,1729,APT39,G0087,53,0.0,0.0,0.0,0.010526315789473684,95.0
leave_query_out,svd32_graph_embedding,5,1729,APT39,G0087,53,0.0,1.0,1.0,0.3333333333333333,3.0
leave_query_out,random_uniform,5,1729,UNC3886,G1048,49,0.0,0.0,0.0,0.022727272727272728,44.0
leave_query_out,frequency_prior,5,1729,UNC3886,G1048,49,0.0,0.0,0.0,0.034482758620689655,29.0
leave_query_out,overlap_cosine,5,1729,UNC3886,G1048,49,0.0,0.0,0.0,0.011627906976744186,86.0
leave_query_out,svd32_graph_embedding,5,1729,UNC3886,G1048,49,1.0,1.0,1.0,1.0,1.0
leave_query_out,random_uniform,5,1729,Contagious Interview,G1052,54,0.0,0.0,0.0,0.008928571428571428,112.0
leave_query_out,frequency_prior,5,1729,Contagious Interview,G1052,54,0.0,0.0,0.0,0.04,25.0
leave_query_out,overlap_cosine,5,1729,Contagious Interview,G1052,54,0.0,0.0,0.0,0.0064516129032258064,155.0
leave_query_out,svd32_graph_embedding,5,1729,Contagious Interview,G1052,54,0.0,0.0,0.0,0.038461538461538464,26.0
leave_query_out,random_uniform,5,1729,TA2541,G1018,28,0.0,0.0,0.0,0.025,40.0
leave_query_out,frequency_prior,5,1729,TA2541,G1018,28,0.0,0.0,0.0,0.015873015873015872,63.0
leave_query_out,overlap_cosine,5,1729,TA2541,G1018,28,0.0,0.0,0.0,0.009433962264150943,106.0
leave_query_out,svd32_graph_embedding,5,1729,TA2541,G1018,28,0.0,0.0,0.0,0.05555555555555555,18.0
leave_query_out,random_uniform,5,1729,Akira,G1024,17,0.0,0.0,0.0,0.007633587786259542,131.0
leave_query_out,frequency_prior,5,1729,Akira,G1024,17,0.0,0.0,0.0,0.011363636363636364,88.0
leave_query_out,overlap_cosine,5,1729,Akira,G1024,17,0.0,0.0,0.0,0.010638297872340425,94.0
leave_query_out,svd32_graph_embedding,5,1729,Akira,G1024,17,0.0,0.0,0.0,0.03333333333333333,30.0
leave_query_out,random_uniform,5,1729,APT37,G0067,29,0.0,0.0,0.0,0.0196078431372549,51.0
leave_query_out,frequency_prior,5,1729,APT37,G0067,29,0.0,0.0,0.0,0.01639344262295082,61.0
leave_query_out,overlap_cosine,5,1729,APT37,G0067,29,0.0,0.0,0.0,0.009174311926605505,109.0
leave_query_out,svd32_graph_embedding,5,1729,APT37,G0067,29,0.0,0.0,0.0,0.03125,32.0
leave_query_out,random_uniform,5,1729,Moses Staff,G1009,12,0.0,0.0,0.0,0.01282051282051282,78.0
leave_query_out,frequency_prior,5,1729,Moses Staff,G1009,12,0.0,0.0,0.0,0.008928571428571428,112.0
leave_query_out,overlap_cosine,5,1729,Moses Staff,G1009,12,0.0,0.0,0.0,0.009259259259259259,108.0
leave_query_out,svd32_graph_embedding,5,1729,Moses Staff,G1009,12,0.0,0.0,0.0,0.05555555555555555,18.0
leave_query_out,random_uniform,5,1729,OilRig,G0049,76,0.0,0.0,0.0,0.007575757575757576,132.0
leave_query_out,frequency_prior,5,1729,OilRig,G0049,76,0.0,0.0,1.0,0.1,10.0
leave_query_out,overlap_cosine,5,1729,OilRig,G0049,76,0.0,0.0,0.0,0.009615384615384616,104.0
leave_query_out,svd32_graph_embedding,5,1729,OilRig,G0049,76,0.0,0.0,0.0,0.03571428571428571,28.0
leave_query_out,random_uniform,5,1729,Higaisa,G0126,28,0.0,0.0,0.0,0.041666666666666664,24.0
leave_query_out,frequency_prior,5,1729,Higaisa,G0126,28,0.0,0.0,0.0,0.015625,64.0
leave_query_out,overlap_cosine,5,1729,Higaisa,G0126,28,0.0,0.0,0.0,0.0064516129032258064,155.0
leave_query_out,svd32_graph_embedding,5,1729,Higaisa,G0126,28,0.0,0.0,0.0,0.037037037037037035,27.0
leave_query_out,random_uniform,5,1729,Tropic Trooper,G0081,40,0.0,0.0,0.0,0.008333333333333333,120.0
leave_query_out,frequency_prior,5,1729,Tropic Trooper,G0081,40,0.0,0.0,0.0,0.023255813953488372,43.0
leave_query_out,overlap_cosine,5,1729,Tropic Trooper,G0081,40,0.0,0.0,0.0,0.014492753623188406,69.0
leave_query_out,svd32_graph_embedding,5,1729,Tropic Trooper,G0081,40,0.0,0.0,0.0,0.08333333333333333,12.0
leave_query_out,random_uniform,5,1729,Sea Turtle,G1041,27,0.0,0.0,0.0,0.015873015873015872,63.0
leave_query_out,frequency_prior,5,1729,Sea Turtle,G1041,27,0.0,0.0,0.0,0.014705882352941176,68.0
leave_query_out,overlap_cosine,5,1729,Sea Turtle,G1041,27,0.0,0.0,0.0,0.014925373134328358,67.0
leave_query_out,svd32_graph_embedding,5,1729,Sea Turtle,G1041,27,1.0,1.0,1.0,1.0,1.0
leave_query_out,random_uniform,5,1729,Aquatic Panda,G0143,35,0.0,0.0,0.0,0.012195121951219513,82.0
leave_query_out,frequency_prior,5,1729,Aquatic Panda,G0143,35,0.0,0.0,0.0,0.02,50.0
leave_query_out,overlap_cosine,5,1729,Aquatic Panda,G0143,35,0.0,0.0,0.0,0.006993006993006993,143.0
leave_query_out,svd32_graph_embedding,5,1729,Aquatic Panda,G0143,35,0.0,0.0,0.0,0.03571428571428571,28.0
leave_query_out,random_uniform,5,1729,Ke3chang,G0004,46,0.0,0.0,0.0,0.02127659574468085,47.0
leave_query_out,frequency_prior,5,1729,Ke3chang,G0004,46,0.0,0.0,0.0,0.03125,32.0
leave_query_out,overlap_cosine,5,1729,Ke3chang,G0004,46,0.0,0.0,0.0,0.009523809523809525,105.0
leave_query_out,svd32_graph_embedding,5,1729,Ke3chang,G0004,46,0.0,1.0,1.0,0.2,5.0
leave_query_out,random_uniform,5,1729,Saint Bear,G1031,18,0.0,0.0,0.0,0.021739130434782608,46.0
leave_query_out,frequency_prior,5,1729,Saint Bear,G1031,18,0.0,0.0,0.0,0.011494252873563218,87.0
leave_query_out,overlap_cosine,5,1729,Saint Bear,G1031,18,0.0,0.0,0.0,0.006622516556291391,151.0
leave_query_out,svd32_graph_embedding,5,1729,Saint Bear,G1031,18,0.0,0.0,0.0,0.013888888888888888,72.0
leave_query_out,random_uniform,5,1729,APT1,G0006,23,0.0,0.0,0.0,0.007692307692307693,130.0
leave_query_out,frequency_prior,5,1729,APT1,G0006,23,0.0,0.0,0.0,0.013513513513513514,74.0
leave_query_out,overlap_cosine,5,1729,APT1,G0006,23,0.0,0.0,0.0,0.006802721088435374,147.0
leave_query_out,svd32_graph_embedding,5,1729,APT1,G0006,23,0.0,0.0,0.0,0.017857142857142856,56.0
leave_query_out,random_uniform,5,1729,Confucius,G0142,19,0.0,0.0,0.0,0.008849557522123894,113.0
leave_query_out,frequency_prior,5,1729,Confucius,G0142,19,0.0,0.0,0.0,0.011627906976744186,86.0
leave_query_out,overlap_cosine,5,1729,Confucius,G0142,19,0.0,0.0,0.0,0.006756756756756757,148.0
leave_query_out,svd32_graph_embedding,5,1729,Confucius,G0142,19,0.0,0.0,0.0,0.012987012987012988,77.0
leave_query_out,random_uniform,5,1729,BlackTech,G0098,14,0.0,0.0,0.0,0.029411764705882353,34.0
leave_query_out,frequency_prior,5,1729,BlackTech,G0098,14,0.0,0.0,0.0,0.009900990099009901,101.0
leave_query_out,overlap_cosine,5,1729,BlackTech,G0098,14,0.0,0.0,0.0,0.006578947368421052,152.0
leave_query_out,svd32_graph_embedding,5,1729,BlackTech,G0098,14,0.0,0.0,0.0,0.047619047619047616,21.0
leave_query_out,random_uniform,5,1729,Leviathan,G0065,50,0.0,0.0,0.0,0.03225806451612903,31.0
leave_query_out,frequency_prior,5,1729,Leviathan,G0065,50,0.0,0.0,0.0,0.03571428571428571,28.0
leave_query_out,overlap_cosine,5,1729,Leviathan,G0065,50,0.0,0.0,0.0,0.006622516556291391,151.0
leave_query_out,svd32_graph_embedding,5,1729,Leviathan,G0065,50,0.0,1.0,1.0,0.5,2.0
leave_query_out,random_uniform,5,1729,Blue Mockingbird,G0108,22,0.0,0.0,0.0,0.01639344262295082,61.0
leave_query_out,frequency_prior,5,1729,Blue Mockingbird,G0108,22,0.0,0.0,0.0,0.013157894736842105,76.0
leave_query_out,overlap_cosine,5,1729,Blue Mockingbird,G0108,22,0.0,0.0,0.0,0.006896551724137931,145.0
leave_query_out,svd32_graph_embedding,5,1729,Blue Mockingbird,G0108,22,0.0,0.0,1.0,0.1111111111111111,9.0
leave_query_out,random_uniform,5,1729,Winter Vivern,G1035,27,0.0,0.0,0.0,0.013513513513513514,74.0
leave_query_out,frequency_prior,5,1729,Winter Vivern,G1035,27,0.0,0.0,0.0,0.014925373134328358,67.0
leave_query_out,overlap_cosine,5,1729,Winter Vivern,G1035,27,0.0,0.0,0.0,0.009900990099009901,101.0
leave_query_out,svd32_graph_embedding,5,1729,Winter Vivern,G1035,27,1.0,1.0,1.0,1.0,1.0
leave_query_out,random_uniform,5,1729,Turla,G0010,68,0.0,0.0,0.0,0.07692307692307693,13.0
leave_query_out,frequency_prior,5,1729,Turla,G0010,68,0.0,0.0,0.0,0.07692307692307693,13.0
leave_query_out,overlap_cosine,5,1729,Turla,G0010,68,0.0,0.0,0.0,0.009259259259259259,108.0
leave_query_out,svd32_graph_embedding,5,1729,Turla,G0010,68,0.0,1.0,1.0,0.3333333333333333,3.0
leave_query_out,random_uniform,5,1729,Storm-0501,G1053,42,0.0,0.0,0.0,0.012658227848101266,79.0
leave_query_out,frequency_prior,5,1729,Storm-0501,G1053,42,0.0,0.0,0.0,0.02564102564102564,39.0
leave_query_out,overlap_cosine,5,1729,Storm-0501,G1053,42,0.0,0.0,0.0,0.011363636363636364,88.0
leave_query_out,svd32_graph_embedding,5,1729,Storm-0501,G1053,42,1.0,1.0,1.0,1.0,1.0
leave_query_out,random_uniform,5,1729,TA505,G0092,34,0.0,0.0,0.0,0.0136986301369863,73.0
leave_query_out,frequency_prior,5,1729,TA505,G0092,34,0.0,0.0,0.0,0.019230769230769232,52.0
leave_query_out,overlap_cosine,5,1729,TA505,G0092,34,0.0,0.0,0.0,0.011627906976744186,86.0
leave_query_out,svd32_graph_embedding,5,1729,TA505,G0092,34,0.0,0.0,1.0,0.125,8.0
leave_query_out,random_uniform,5,1729,BITTER,G1002,16,0.0,0.0,0.0,0.010526315789473684,95.0
leave_query_out,frequency_prior,5,1729,BITTER,G1002,16,0.0,0.0,0.0,0.010416666666666666,96.0
leave_query_out,overlap_cosine,5,1729,BITTER,G1002,16,0.0,0.0,0.0,0.006756756756756757,148.0
leave_query_out,svd32_graph_embedding,5,1729,BITTER,G1002,16,0.0,0.0,0.0,0.05555555555555555,18.0
leave_query_out,random_uniform,5,1729,DarkVishnya,G0105,10,0.0,0.0,0.0,0.0078125,128.0
leave_query_out,frequency_prior,5,1729,DarkVishnya,G0105,10,0.0,0.0,0.0,0.008264462809917356,121.0
leave_query_out,overlap_cosine,5,1729,DarkVishnya,G0105,10,0.0,0.0,0.0,0.0070921985815602835,141.0
leave_query_out,svd32_graph_embedding,5,1729,DarkVishnya,G0105,10,0.0,0.0,0.0,0.010416666666666666,96.0
leave_query_out,random_uniform,5,1729,RedCurl,G1039,41,0.0,0.0,0.0,0.00980392156862745,102.0
leave_query_out,frequency_prior,5,1729,RedCurl,G1039,41,0.0,0.0,0.0,0.024390243902439025,41.0
leave_query_out,overlap_cosine,5,1729,RedCurl,G1039,41,0.0,0.0,0.0,0.006756756756756757,148.0
leave_query_out,svd32_graph_embedding,5,1729,RedCurl,G1039,41,0.0,0.0,0.0,0.02857142857142857,35.0
leave_query_out,random_uniform,5,1729,FIN5,G0053,11,0.0,0.0,0.0,0.012048192771084338,83.0
leave_query_out,frequency_prior,5,1729,FIN5,G0053,11,0.0,0.0,0.0,0.008695652173913044,115.0
leave_query_out,overlap_cosine,5,1729,FIN5,G0053,11,0.0,0.0,0.0,0.010101010101010102,99.0
leave_query_out,svd32_graph_embedding,5,1729,FIN5,G0053,11,0.0,1.0,1.0,0.3333333333333333,3.0
leave_query_out,random_uniform,5,1729,Lotus Blossom,G0030,21,0.0,0.0,0.0,0.00909090909090909,110.0
leave_query_out,frequency_prior,5,1729,Lotus Blossom,G0030,21,0.0,0.0,0.0,0.012658227848101266,79.0
leave_query_out,overlap_cosine,5,1729,Lotus Blossom,G0030,21,0.0,0.0,0.0,0.01020408163265306,98.0
leave_query_out,svd32_graph_embedding,5,1729,Lotus Blossom,G0030,21,0.0,0.0,1.0,0.1111111111111111,9.0
leave_query_out,random_uniform,5,1729,Stealth Falcon,G0038,16,0.0,0.0,0.0,0.007518796992481203,133.0
leave_query_out,frequency_prior,5,1729,Stealth Falcon,G0038,16,0.0,0.0,0.0,0.010752688172043012,93.0
leave_query_out,overlap_cosine,5,1729,Stealth Falcon,G0038,16,0.0,0.0,0.0,0.01020408163265306,98.0
leave_query_out,svd32_graph_embedding,5,1729,Stealth Falcon,G0038,16,0.0,0.0,0.0,0.047619047619047616,21.0
leave_query_out,random_uniform,5,1729,APT29,G0016,66,0.0,0.0,0.0,0.015873015873015872,63.0
leave_query_out,frequency_prior,5,1729,APT29,G0016,66,0.0,0.0,0.0,0.06666666666666667,15.0
leave_query_out,overlap_cosine,5,1729,APT29,G0016,66,0.0,0.0,0.0,0.01020408163265306,98.0
leave_query_out,svd32_graph_embedding,5,1729,APT29,G0016,66,0.0,1.0,1.0,0.3333333333333333,3.0
leave_query_out,random_uniform,5,1729,Dark Caracal,G0070,12,0.0,0.0,0.0,0.011111111111111112,90.0
leave_query_out,frequency_prior,5,1729,Dark Caracal,G0070,12,0.0,0.0,0.0,0.009174311926605505,109.0
leave_query_out,overlap_cosine,5,1729,Dark Caracal,G0070,12,0.0,0.0,0.0,0.006944444444444444,144.0
leave_query_out,svd32_graph_embedding,5,1729,Dark Caracal,G0070,12,0.0,0.0,0.0,0.03333333333333333,30.0
leave_query_out,random_uniform,5,1729,Cinnamon Tempest,G1021,19,0.0,0.0,0.0,0.006369426751592357,157.0
leave_query_out,frequency_prior,5,1729,Cinnamon Tempest,G1021,19,0.0,0.0,0.0,0.011904761904761904,84.0
leave_query_out,overlap_cosine,5,1729,Cinnamon Tempest,G1021,19,0.0,0.0,0.0,0.007194244604316547,139.0
leave_query_out,svd32_graph_embedding,5,1729,Cinnamon Tempest,G1021,19,0.0,0.0,0.0,0.01694915254237288,59.0
leave_query_out,random_uniform,5,1729,Chimera,G0114,59,0.0,0.0,0.0,0.006993006993006993,143.0
leave_query_out,frequency_prior,5,1729,Chimera,G0114,59,0.0,0.0,0.0,0.05263157894736842,19.0
leave_query_out,overlap_cosine,5,1729,Chimera,G0114,59,0.0,0.0,0.0,0.006896551724137931,145.0
leave_query_out,svd32_graph_embedding,5,1729,Chimera,G0114,59,0.0,0.0,1.0,0.16666666666666666,6.0
leave_query_out,random_uniform,5,1729,MirrorFace,G1054,43,0.0,0.0,0.0,0.008264462809917356,121.0
leave_query_out,frequency_prior,5,1729,MirrorFace,G1054,43,0.0,0.0,0.0,0.02631578947368421,38.0
leave_query_out,overlap_cosine,5,1729,MirrorFace,G1054,43,0.0,0.0,0.0,0.008928571428571428,112.0
leave_query_out,svd32_graph_embedding,5,1729,MirrorFace,G1054,43,0.0,0.0,0.0,0.058823529411764705,17.0
leave_query_out,random_uniform,5,1729,Silent Librarian,G0122,13,0.0,0.0,0.0,0.009523809523809525,105.0
leave_query_out,frequency_prior,5,1729,Silent Librarian,G0122,13,0.0,0.0,0.0,0.009523809523809525,105.0
leave_query_out,overlap_cosine,5,1729,Silent Librarian,G0122,13,0.0,0.0,0.0,0.00909090909090909,110.0
leave_query_out,svd32_graph_embedding,5,1729,Silent Librarian,G0122,13,0.0,1.0,1.0,0.3333333333333333,3.0
leave_query_out,random_uniform,5,1729,Medusa Group,G1051,57,0.0,0.0,0.0,0.022222222222222223,45.0
leave_query_out,frequency_prior,5,1729,Medusa Group,G1051,57,0.0,0.0,0.0,0.047619047619047616,21.0
leave_query_out,overlap_cosine,5,1729,Medusa Group,G1051,57,0.0,0.0,0.0,0.00684931506849315,146.0
leave_query_out,svd32_graph_embedding,5,1729,Medusa Group,G1051,57,0.0,0.0,0.0,0.09090909090909091,11.0
leave_query_out,random_uniform,5,1729,BRONZE BUTLER,G0060,40,0.0,0.0,0.0,0.01,100.0
leave_query_out,frequency_prior,5,1729,BRONZE BUTLER,G0060,40,0.0,0.0,0.0,0.022727272727272728,44.0
leave_query_out,overlap_cosine,5,1729,BRONZE BUTLER,G0060,40,0.0,0.0,0.0,0.0072992700729927005,137.0
leave_query_out,svd32_graph_embedding,5,1729,BRONZE BUTLER,G0060,40,0.0,0.0,0.0,0.02,50.0
leave_query_out,random_uniform,5,1729,TA551,G0127,14,0.0,0.0,0.0,0.010309278350515464,97.0
leave_query_out,frequency_prior,5,1729,TA551,G0127,14,0.0,0.0,0.0,0.01,100.0
leave_query_out,overlap_cosine,5,1729,TA551,G0127,14,0.0,0.0,0.0,0.006802721088435374,147.0
leave_query_out,svd32_graph_embedding,5,1729,TA551,G0127,14,0.0,0.0,0.0,0.02631578947368421,38.0
leave_query_out,random_uniform,5,1729,BackdoorDiplomacy,G0135,15,0.0,0.0,0.0,0.0136986301369863,73.0
leave_query_out,frequency_prior,5,1729,BackdoorDiplomacy,G0135,15,0.0,0.0,0.0,0.010101010101010102,99.0
leave_query_out,overlap_cosine,5,1729,BackdoorDiplomacy,G0135,15,0.0,0.0,0.0,0.007462686567164179,134.0
leave_query_out,svd32_graph_embedding,5,1729,BackdoorDiplomacy,G0135,15,0.0,0.0,0.0,0.014492753623188406,69.0
leave_query_out,random_uniform,5,1729,Star Blizzard,G1033,20,0.0,0.0,0.0,0.00980392156862745,102.0
leave_query_out,frequency_prior,5,1729,Star Blizzard,G1033,20,0.0,0.0,0.0,0.012195121951219513,82.0
leave_query_out,overlap_cosine,5,1729,Star Blizzard,G1033,20,0.0,0.0,0.0,0.0070921985815602835,141.0
leave_query_out,svd32_graph_embedding,5,1729,Star Blizzard,G1033,20,0.0,0.0,0.0,0.01694915254237288,59.0
leave_query_out,random_uniform,5,1729,Darkhotel,G0012,24,0.0,0.0,0.0,0.006535947712418301,153.0
leave_query_out,frequency_prior,5,1729,Darkhotel,G0012,24,0.0,0.0,0.0,0.0136986301369863,73.0
leave_query_out,overlap_cosine,5,1729,Darkhotel,G0012,24,0.0,0.0,0.0,0.0070921985815602835,141.0
leave_query_out,svd32_graph_embedding,5,1729,Darkhotel,G0012,24,0.0,0.0,0.0,0.038461538461538464,26.0
leave_query_out,random_uniform,5,1729,Axiom,G0001,16,0.0,0.0,0.0,0.030303030303030304,33.0
leave_query_out,frequency_prior,5,1729,Axiom,G0001,16,0.0,0.0,0.0,0.010638297872340425,94.0
leave_query_out,overlap_cosine,5,1729,Axiom,G0001,16,0.0,0.0,0.0,0.007042253521126761,142.0
leave_query_out,svd32_graph_embedding,5,1729,Axiom,G0001,16,0.0,0.0,0.0,0.012987012987012988,77.0
leave_query_out,random_uniform,5,1729,Deep Panda,G0009,10,0.0,0.0,0.0,0.03225806451612903,31.0
leave_query_out,frequency_prior,5,1729,Deep Panda,G0009,10,0.0,0.0,0.0,0.008333333333333333,120.0
leave_query_out,overlap_cosine,5,1729,Deep Panda,G0009,10,0.0,0.0,0.0,0.006944444444444444,144.0
leave_query_out,svd32_graph_embedding,5,1729,Deep Panda,G0009,10,0.0,0.0,0.0,0.03225806451612903,31.0
leave_query_out,random_uniform,5,1729,Ember Bear,G1003,47,0.0,0.0,0.0,0.011363636363636364,88.0
leave_query_out,frequency_prior,5,1729,Ember Bear,G1003,47,0.0,0.0,0.0,0.03225806451612903,31.0
leave_query_out,overlap_cosine,5,1729,Ember Bear,G1003,47,0.0,0.0,0.0,0.008620689655172414,116.0
leave_query_out,svd32_graph_embedding,5,1729,Ember Bear,G1003,47,1.0,1.0,1.0,1.0,1.0
leave_query_out,random_uniform,5,1729,LazyScripter,G0140,20,0.0,0.0,0.0,0.010526315789473684,95.0
leave_query_out,frequency_prior,5,1729,LazyScripter,G0140,20,0.0,0.0,0.0,0.012345679012345678,81.0
leave_query_out,overlap_cosine,5,1729,LazyScripter,G0140,20,0.0,0.0,0.0,0.0072992700729927005,137.0
leave_query_out,svd32_graph_embedding,5,1729,LazyScripter,G0140,20,0.0,0.0,0.0,0.05263157894736842,19.0
leave_query_out,random_uniform,5,1729,Windshift,G0112,19,0.0,0.0,0.0,0.027777777777777776,36.0
leave_query_out,frequency_prior,5,1729,Windshift,G0112,19,0.0,0.0,0.0,0.011764705882352941,85.0
leave_query_out,overlap_cosine,5,1729,Windshift,G0112,19,0.0,0.0,0.0,0.007518796992481203,133.0
leave_query_out,svd32_graph_embedding,5,1729,Windshift,G0112,19,0.0,0.0,0.0,0.022727272727272728,44.0
leave_query_out,random_uniform,5,1729,ToddyCat,G1022,25,0.0,0.0,0.0,0.009009009009009009,111.0
leave_query_out,frequency_prior,5,1729,ToddyCat,G1022,25,0.0,0.0,0.0,0.013888888888888888,72.0
leave_query_out,overlap_cosine,5,1729,ToddyCat,G1022,25,0.0,0.0,0.0,0.007462686567164179,134.0
leave_query_out,svd32_graph_embedding,5,1729,ToddyCat,G1022,25,0.0,0.0,0.0,0.02857142857142857,35.0
leave_query_out,random_uniform,5,1729,LuminousMoth,G1014,28,0.0,0.0,0.0,0.009009009009009009,111.0
leave_query_out,frequency_prior,5,1729,LuminousMoth,G1014,28,0.0,0.0,0.0,0.015384615384615385,65.0
leave_query_out,overlap_cosine,5,1729,LuminousMoth,G1014,28,0.0,0.0,0.0,0.007518796992481203,133.0
leave_query_out,svd32_graph_embedding,5,1729,LuminousMoth,G1014,28,0.0,0.0,0.0,0.02857142857142857,35.0
leave_query_out,random_uniform,5,1729,Agrius,G1030,22,0.0,0.0,0.0,0.013888888888888888,72.0
leave_query_out,frequency_prior,5,1729,Agrius,G1030,22,0.0,0.0,0.0,0.013333333333333334,75.0
leave_query_out,overlap_cosine,5,1729,Agrius,G1030,22,0.0,0.0,0.0,0.007575757575757576,132.0
leave_query_out,svd32_graph_embedding,5,1729,Agrius,G1030,22,0.0,0.0,0.0,0.0196078431372549,51.0
leave_query_out,random_uniform,5,1729,APT28,G0007,93,0.0,0.0,0.0,0.008333333333333333,120.0
leave_query_out,frequency_prior,5,1729,APT28,G0007,93,0.0,1.0,1.0,0.5,2.0
leave_query_out,overlap_cosine,5,1729,APT28,G0007,93,0.0,0.0,0.0,0.007692307692307693,130.0
leave_query_out,svd32_graph_embedding,5,1729,APT28,G0007,93,0.0,0.0,1.0,0.16666666666666666,6.0
leave_query_out,random_uniform,5,1729,Malteiro,G1026,12,0.0,0.0,0.0,0.05555555555555555,18.0
leave_query_out,frequency_prior,5,1729,Malteiro,G1026,12,0.0,0.0,0.0,0.008849557522123894,113.0
leave_query_out,overlap_cosine,5,1729,Malteiro,G1026,12,0.0,0.0,0.0,0.007633587786259542,131.0
leave_query_out,svd32_graph_embedding,5,1729,Malteiro,G1026,12,0.0,0.0,1.0,0.125,8.0
leave_query_out,random_uniform,5,1729,APT42,G1044,32,0.0,0.0,0.0,0.01020408163265306,98.0
leave_query_out,frequency_prior,5,1729,APT42,G1044,32,0.0,0.0,0.0,0.018518518518518517,54.0
leave_query_out,overlap_cosine,5,1729,APT42,G1044,32,0.0,0.0,0.0,0.007633587786259542,131.0
leave_query_out,svd32_graph_embedding,5,1729,APT42,G1044,32,0.0,1.0,1.0,0.5,2.0
leave_query_out,random_uniform,5,1729,APT5,G1023,29,0.0,0.0,0.0,0.018867924528301886,53.0
leave_query_out,frequency_prior,5,1729,APT5,G1023,29,0.0,0.0,0.0,0.016129032258064516,62.0
leave_query_out,overlap_cosine,5,1729,APT5,G1023,29,0.0,0.0,0.0,0.007692307692307693,130.0
leave_query_out,svd32_graph_embedding,5,1729,APT5,G1023,29,0.0,1.0,1.0,0.2,5.0
leave_query_out,random_uniform,5,1729,Fox Kitten,G0117,41,0.0,0.0,0.0,0.009523809523809525,105.0
leave_query_out,frequency_prior,5,1729,Fox Kitten,G0117,41,0.0,0.0,0.0,0.023809523809523808,42.0
leave_query_out,overlap_cosine,5,1729,Fox Kitten,G0117,41,0.0,0.0,0.0,0.007692307692307693,130.0
leave_query_out,svd32_graph_embedding,5,1729,Fox Kitten,G0117,41,0.0,0.0,0.0,0.047619047619047616,21.0
leave_query_out,random_uniform,5,1729,APT-C-36,G0099,38,0.0,0.0,0.0,0.0625,16.0
leave_query_out,frequency_prior,5,1729,APT-C-36,G0099,38,0.0,0.0,0.0,0.021739130434782608,46.0
leave_query_out,overlap_cosine,5,1729,APT-C-36,G0099,38,0.0,0.0,0.0,0.00625,160.0
leave_query_out,svd32_graph_embedding,5,1729,APT-C-36,G0099,38,0.0,0.0,1.0,0.125,8.0
leave_query_out,random_uniform,5,1729,Tonto Team,G0131,15,0.0,0.0,0.0,0.041666666666666664,24.0
leave_query_out,frequency_prior,5,1729,Tonto Team,G0131,15,0.0,0.0,0.0,0.010309278350515464,97.0
leave_query_out,overlap_cosine,5,1729,Tonto Team,G0131,15,0.0,0.0,0.0,0.005917159763313609,169.0
leave_query_out,svd32_graph_embedding,5,1729,Tonto Team,G0131,15,0.0,0.0,0.0,0.041666666666666664,24.0
leave_query_out,random_uniform,5,1729,Lazarus Group,G0032,93,0.0,0.0,0.0,0.01,100.0
leave_query_out,frequency_prior,5,1729,Lazarus Group,G0032,93,0.0,1.0,1.0,0.3333333333333333,3.0
leave_query_out,overlap_cosine,5,1729,Lazarus Group,G0032,93,0.0,0.0,0.0,0.005917159763313609,169.0
leave_query_out,svd32_graph_embedding,5,1729,Lazarus Group,G0032,93,0.0,0.0,0.0,0.02564102564102564,39.0
leave_query_out,random_uniform,5,1729,INC Ransom,G1032,25,0.0,0.0,0.0,0.010752688172043012,93.0
leave_query_out,frequency_prior,5,1729,INC Ransom,G1032,25,0.0,0.0,0.0,0.014084507042253521,71.0
leave_query_out,overlap_cosine,5,1729,INC Ransom,G1032,25,0.0,0.0,0.0,0.006289308176100629,159.0
leave_query_out,svd32_graph_embedding,5,1729,INC Ransom,G1032,25,0.0,1.0,1.0,0.5,2.0
leave_query_out,random_uniform,5,1729,Earth Lusca,G1006,44,0.0,0.0,0.0,0.058823529411764705,17.0
leave_query_out,frequency_prior,5,1729,Earth Lusca,G1006,44,0.0,0.0,0.0,0.029411764705882353,34.0
leave_query_out,overlap_cosine,5,1729,Earth Lusca,G1006,44,0.0,0.0,0.0,0.006024096385542169,166.0
leave_query_out,svd32_graph_embedding,5,1729,Earth Lusca,G1006,44,0.0,0.0,0.0,0.012658227848101266,79.0
leave_query_out,random_uniform,5,1729,FIN4,G0085,12,0.0,0.0,0.0,0.011627906976744186,86.0
leave_query_out,frequency_prior,5,1729,FIN4,G0085,12,0.0,0.0,0.0,0.009009009009009009,111.0
leave_query_out,overlap_cosine,5,1729,FIN4,G0085,12,0.0,0.0,0.0,0.005813953488372093,172.0
leave_query_out,svd32_graph_embedding,5,1729,FIN4,G0085,12,0.0,0.0,0.0,0.014285714285714285,70.0
leave_query_out,random_uniform,5,1729,Silence,G0091,28,0.0,0.0,0.0,0.013333333333333334,75.0
leave_query_out,frequency_prior,5,1729,Silence,G0091,28,0.0,0.0,0.0,0.015151515151515152,66.0
leave_query_out,overlap_cosine,5,1729,Silence,G0091,28,0.0,0.0,0.0,0.005988023952095809,167.0
leave_query_out,svd32_graph_embedding,5,1729,Silence,G0091,28,0.0,0.0,0.0,0.029411764705882353,34.0
leave_query_out,random_uniform,5,1729,LAPSUS$,G1004,43,0.0,0.0,0.0,0.014705882352941176,68.0
leave_query_out,frequency_prior,5,1729,LAPSUS$,G1004,43,0.0,0.0,0.0,0.02702702702702703,37.0
leave_query_out,overlap_cosine,5,1729,LAPSUS$,G1004,43,0.0,0.0,0.0,0.006896551724137931,145.0
leave_query_out,svd32_graph_embedding,5,1729,LAPSUS$,G1004,43,1.0,1.0,1.0,1.0,1.0
leave_query_out,random_uniform,5,1729,Cobalt Group,G0080,34,0.0,0.0,0.0,0.014925373134328358,67.0
leave_query_out,frequency_prior,5,1729,Cobalt Group,G0080,34,0.0,0.0,0.0,0.0196078431372549,51.0
leave_query_out,overlap_cosine,5,1729,Cobalt Group,G0080,34,0.0,0.0,0.0,0.006024096385542169,166.0
leave_query_out,svd32_graph_embedding,5,1729,Cobalt Group,G0080,34,0.0,1.0,1.0,0.5,2.0
leave_query_out,random_uniform,5,1729,Wizard Spider,G0102,64,0.0,0.0,0.0,0.09090909090909091,11.0
leave_query_out,frequency_prior,5,1729,Wizard Spider,G0102,64,0.0,0.0,0.0,0.058823529411764705,17.0
leave_query_out,overlap_cosine,5,1729,Wizard Spider,G0102,64,0.0,0.0,0.0,0.005917159763313609,169.0
leave_query_out,svd32_graph_embedding,5,1729,Wizard Spider,G0102,64,0.0,0.0,0.0,0.0625,16.0
leave_query_out,random_uniform,5,1729,Molerats,G0021,16,0.0,0.0,0.0,0.00684931506849315,146.0
leave_query_out,frequency_prior,5,1729,Molerats,G0021,16,0.0,0.0,0.0,0.010869565217391304,92.0
leave_query_out,overlap_cosine,5,1729,Molerats,G0021,16,0.0,0.0,0.0,0.006097560975609756,164.0
leave_query_out,svd32_graph_embedding,5,1729,Molerats,G0021,16,0.0,0.0,0.0,0.015873015873015872,63.0
leave_query_out,random_uniform,5,1729,Velvet Ant,G1047,22,0.0,0.0,0.0,0.02040816326530612,49.0
leave_query_out,frequency_prior,5,1729,Velvet Ant,G1047,22,0.0,0.0,0.0,0.012987012987012988,77.0
leave_query_out,overlap_cosine,5,1729,Velvet Ant,G1047,22,0.0,0.0,0.0,0.006493506493506494,154.0
leave_query_out,svd32_graph_embedding,5,1729,Velvet Ant,G1047,22,0.0,1.0,1.0,0.2,5.0
leave_query_out,random_uniform,5,1729,Transparent Tribe,G0134,14,0.0,0.0,0.0,0.00641025641025641,156.0
leave_query_out,frequency_prior,5,1729,Transparent Tribe,G0134,14,0.0,0.0,0.0,0.009615384615384616,104.0
leave_query_out,overlap_cosine,5,1729,Transparent Tribe,G0134,14,0.0,0.0,0.0,0.006097560975609756,164.0
leave_query_out,svd32_graph_embedding,5,1729,Transparent Tribe,G0134,14,0.0,0.0,0.0,0.02564102564102564,39.0
leave_query_out,random_uniform,5,1729,Moonstone Sleet,G1036,30,0.0,0.0,0.0,0.010869565217391304,92.0
leave_query_out,frequency_prior,5,1729,Moonstone Sleet,G1036,30,0.0,0.0,0.0,0.01694915254237288,59.0
leave_query_out,overlap_cosine,5,1729,Moonstone Sleet,G1036,30,0.0,0.0,0.0,0.00641025641025641,156.0
leave_query_out,svd32_graph_embedding,5,1729,Moonstone Sleet,G1036,30,0.0,0.0,0.0,0.058823529411764705,17.0
leave_query_out,random_uniform,5,1729,Inception,G0100,22,0.0,0.0,0.0,0.007462686567164179,134.0
leave_query_out,frequency_prior,5,1729,Inception,G0100,22,0.0,0.0,0.0,0.01282051282051282,78.0
leave_query_out,overlap_cosine,5,1729,Inception,G0100,22,0.0,0.0,0.0,0.006134969325153374,163.0
leave_query_out,svd32_graph_embedding,5,1729,Inception,G0100,22,0.0,0.0,0.0,0.03333333333333333,30.0
leave_query_out,random_uniform,5,1729,VOID MANTICORE,G1055,63,0.0,1.0,1.0,0.2,5.0
leave_query_out,frequency_prior,5,1729,VOID MANTICORE,G1055,63,0.0,0.0,0.0,0.05555555555555555,18.0
leave_query_out,overlap_cosine,5,1729,VOID MANTICORE,G1055,63,0.0,0.0,0.0,0.006172839506172839,162.0
leave_query_out,svd32_graph_embedding,5,1729,VOID MANTICORE,G1055,63,0.0,0.0,0.0,0.03571428571428571,28.0
leave_query_out,random_uniform,5,1729,Play,G1040,26,0.0,0.0,0.0,0.019230769230769232,52.0
leave_query_out,frequency_prior,5,1729,Play,G1040,26,0.0,0.0,0.0,0.014492753623188406,69.0
leave_query_out,overlap_cosine,5,1729,Play,G1040,26,0.0,0.0,0.0,0.006134969325153374,163.0
leave_query_out,svd32_graph_embedding,5,1729,Play,G1040,26,0.0,0.0,0.0,0.04,25.0
leave_query_out,random_uniform,5,1729,PROMETHIUM,G0056,11,0.0,0.0,0.0,0.058823529411764705,17.0
leave_query_out,frequency_prior,5,1729,PROMETHIUM,G0056,11,0.0,0.0,0.0,0.00847457627118644,118.0
leave_query_out,overlap_cosine,5,1729,PROMETHIUM,G0056,11,0.0,0.0,0.0,0.006097560975609756,164.0
leave_query_out,svd32_graph_embedding,5,1729,PROMETHIUM,G0056,11,0.0,0.0,0.0,0.027777777777777776,36.0
leave_query_out,random_uniform,5,1729,HEXANE,G1001,36,0.0,0.0,0.0,0.04,25.0
leave_query_out,frequency_prior,5,1729,HEXANE,G1001,36,0.0,0.0,0.0,0.02040816326530612,49.0
leave_query_out,overlap_cosine,5,1729,HEXANE,G1001,36,0.0,0.0,0.0,0.006172839506172839,162.0
leave_query_out,svd32_graph_embedding,5,1729,HEXANE,G1001,36,0.0,1.0,1.0,0.2,5.0
leave_query_out,random_uniform,5,1729,Daggerfly,G1034,17,0.0,0.0,0.0,0.012658227848101266,79.0
leave_query_out,frequency_prior,5,1729,Daggerfly,G1034,17,0.0,0.0,0.0,0.011235955056179775,89.0
leave_query_out,overlap_cosine,5,1729,Daggerfly,G1034,17,0.0,0.0,0.0,0.005813953488372093,172.0
leave_query_out,svd32_graph_embedding,5,1729,Daggerfly,G1034,17,0.0,0.0,0.0,0.0136986301369863,73.0
leave_query_out,random_uniform,5,1729,WIRTE,G0090,26,0.0,0.0,0.0,0.0136986301369863,73.0
leave_query_out,frequency_prior,5,1729,WIRTE,G0090,26,0.0,0.0,0.0,0.014285714285714285,70.0
leave_query_out,overlap_cosine,5,1729,WIRTE,G0090,26,0.0,0.0,0.0,0.005847953216374269,171.0
leave_query_out,svd32_graph_embedding,5,1729,WIRTE,G0090,26,0.0,0.0,0.0,0.027777777777777776,36.0
leave_query_out,random_uniform,5,1729,PLATINUM,G0068,11,0.0,0.0,0.0,0.008,125.0
leave_query_out,frequency_prior,5,1729,PLATINUM,G0068,11,0.0,0.0,0.0,0.008547008547008548,117.0
leave_query_out,overlap_cosine,5,1729,PLATINUM,G0068,11,0.0,0.0,0.0,0.005813953488372093,172.0
leave_query_out,svd32_graph_embedding,5,1729,PLATINUM,G0068,11,0.0,0.0,0.0,0.09090909090909091,11.0
leave_query_out,random_uniform,5,1729,Magic Hound,G0059,78,0.0,0.0,0.0,0.008403361344537815,119.0
leave_query_out,frequency_prior,5,1729,Magic Hound,G0059,78,0.0,0.0,1.0,0.1111111111111111,9.0
leave_query_out,overlap_cosine,5,1729,Magic Hound,G0059,78,0.0,0.0,0.0,0.005847953216374269,171.0
leave_query_out,svd32_graph_embedding,5,1729,Magic Hound,G0059,78,1.0,1.0,1.0,1.0,1.0
leave_query_out,random_uniform,5,1729,Threat Group-3390,G0027,57,0.0,0.0,0.0,0.013157894736842105,76.0
leave_query_out,frequency_prior,5,1729,Threat Group-3390,G0027,57,0.0,0.0,0.0,0.05,20.0
leave_query_out,overlap_cosine,5,1729,Threat Group-3390,G0027,57,0.0,0.0,0.0,0.005780346820809248,173.0
leave_query_out,svd32_graph_embedding,5,1729,Threat Group-3390,G0027,57,0.0,0.0,0.0,0.05,20.0
leave_query_out,random_uniform,5,1729,APT33,G0064,31,0.0,0.0,0.0,0.010752688172043012,93.0
leave_query_out,frequency_prior,5,1729,APT33,G0064,31,0.0,0.0,0.0,0.017857142857142856,56.0
leave_query_out,overlap_cosine,5,1729,APT33,G0064,31,0.0,0.0,0.0,0.005780346820809248,173.0
leave_query_out,svd32_graph_embedding,5,1729,APT33,G0064,31,0.0,0.0,1.0,0.14285714285714285,7.0
leave_query_out,random_uniform,5,1729,FIN10,G0051,11,0.0,0.0,0.0,0.038461538461538464,26.0
leave_query_out,frequency_prior,5,1729,FIN10,G0051,11,0.0,0.0,0.0,0.008620689655172414,116.0
leave_query_out,overlap_cosine,5,1729,FIN10,G0051,11,0.0,0.0,0.0,0.005780346820809248,173.0
leave_query_out,svd32_graph_embedding,5,1729,FIN10,G0051,11,0.0,0.0,0.0,0.038461538461538464,26.0
leave_query_out,random_uniform,5,1729,FIN8,G0061,36,0.0,0.0,0.0,0.013513513513513514,74.0
leave_query_out,frequency_prior,5,1729,FIN8,G0061,36,0.0,0.0,0.0,0.02127659574468085,47.0
leave_query_out,overlap_cosine,5,1729,FIN8,G0061,36,0.0,0.0,0.0,0.005780346820809248,173.0
leave_query_out,svd32_graph_embedding,5,1729,FIN8,G0061,36,0.0,0.0,0.0,0.058823529411764705,17.0
leave_query_out,random_uniform,5,1729,FIN13,G1016,53,0.0,0.0,0.0,0.017857142857142856,56.0
leave_query_out,frequency_prior,5,1729,FIN13,G1016,53,0.0,0.0,0.0,0.037037037037037035,27.0
leave_query_out,overlap_cosine,5,1729,FIN13,G1016,53,0.0,0.0,0.0,0.005847953216374269,171.0
leave_query_out,svd32_graph_embedding,5,1729,FIN13,G1016,53,0.0,1.0,1.0,0.2,5.0
leave_query_out,random_uniform,5,1729,APT19,G0073,21,0.0,0.0,0.0,0.005952380952380952,168.0
leave_query_out,frequency_prior,5,1729,APT19,G0073,21,0.0,0.0,0.0,0.0125,80.0
leave_query_out,overlap_cosine,5,1729,APT19,G0073,21,0.0,0.0,0.0,0.005780346820809248,173.0
leave_query_out,svd32_graph_embedding,5,1729,APT19,G0073,21,0.0,0.0,0.0,0.029411764705882353,34.0
leave_query_out,random_uniform,5,20260510,APT38,G0082,56,0.0,0.0,0.0,0.006329113924050633,158.0
leave_query_out,frequency_prior,5,20260510,APT38,G0082,56,0.0,0.0,0.0,0.041666666666666664,24.0
leave_query_out,overlap_cosine,5,20260510,APT38,G0082,56,0.0,0.0,0.0,0.03571428571428571,28.0
leave_query_out,svd32_graph_embedding,5,20260510,APT38,G0082,56,1.0,1.0,1.0,1.0,1.0
leave_query_out,random_uniform,5,20260510,Indrik Spider,G0119,33,0.0,0.0,0.0,0.0136986301369863,73.0
leave_query_out,frequency_prior,5,20260510,Indrik Spider,G0119,33,0.0,0.0,0.0,0.018867924528301886,53.0
leave_query_out,overlap_cosine,5,20260510,Indrik Spider,G0119,33,0.0,0.0,0.0,0.00819672131147541,122.0
leave_query_out,svd32_graph_embedding,5,20260510,Indrik Spider,G0119,33,0.0,1.0,1.0,0.2,5.0
leave_query_out,random_uniform,5,20260510,BlackByte,G1043,48,0.0,0.0,0.0,0.011764705882352941,85.0
leave_query_out,frequency_prior,5,20260510,BlackByte,G1043,48,0.0,0.0,0.0,0.03333333333333333,30.0
leave_query_out,overlap_cosine,5,20260510,BlackByte,G1043,48,0.0,0.0,0.0,0.008547008547008548,117.0
leave_query_out,svd32_graph_embedding,5,20260510,BlackByte,G1043,48,0.0,0.0,0.0,0.05263157894736842,19.0
leave_query_out,random_uniform,5,20260510,SideCopy,G1008,16,0.0,0.0,0.0,0.014925373134328358,67.0
leave_query_out,frequency_prior,5,20260510,SideCopy,G1008,16,0.0,0.0,0.0,0.01098901098901099,91.0
leave_query_out,overlap_cosine,5,20260510,SideCopy,G1008,16,0.0,0.0,0.0,0.007874015748031496,127.0
leave_query_out,svd32_graph_embedding,5,20260510,SideCopy,G1008,16,0.0,0.0,1.0,0.1,10.0
leave_query_out,random_uniform,5,20260510,GALLIUM,G0093,31,0.0,0.0,0.0,0.016129032258064516,62.0
leave_query_out,frequency_prior,5,20260510,GALLIUM,G0093,31,0.0,0.0,0.0,0.017543859649122806,57.0
leave_query_out,overlap_cosine,5,20260510,GALLIUM,G0093,31,0.0,0.0,0.0,0.011494252873563218,87.0
leave_query_out,svd32_graph_embedding,5,20260510,GALLIUM,G0093,31,0.0,0.0,1.0,0.1111111111111111,9.0
leave_query_out,random_uniform,5,20260510,APT3,G0022,44,0.0,0.0,0.0,0.02564102564102564,39.0
leave_query_out,frequency_prior,5,20260510,APT3,G0022,44,0.0,0.0,0.0,0.02857142857142857,35.0
leave_query_out,overlap_cosine,5,20260510,APT3,G0022,44,0.0,0.0,0.0,0.008620689655172414,116.0
leave_query_out,svd32_graph_embedding,5,20260510,APT3,G0022,44,0.0,0.0,1.0,0.16666666666666666,6.0
leave_query_out,random_uniform,5,20260510,Mustard Tempest,G1020,12,0.0,0.0,0.0,0.0070921985815602835,141.0
leave_query_out,frequency_prior,5,20260510,Mustard Tempest,G1020,12,0.0,0.0,0.0,0.009433962264150943,106.0
leave_query_out,overlap_cosine,5,20260510,Mustard Tempest,G1020,12,0.0,0.0,0.0,0.012048192771084338,83.0
leave_query_out,svd32_graph_embedding,5,20260510,Mustard Tempest,G1020,12,0.0,0.0,0.0,0.041666666666666664,24.0
leave_query_out,random_uniform,5,20260510,Kimsuky,G0094,130,0.0,0.0,0.0,0.010309278350515464,97.0
leave_query_out,frequency_prior,5,20260510,Kimsuky,G0094,130,1.0,1.0,1.0,1.0,1.0
leave_query_out,overlap_cosine,5,20260510,Kimsuky,G0094,130,0.0,0.0,0.0,0.015625,64.0
leave_query_out,svd32_graph_embedding,5,20260510,Kimsuky,G0094,130,1.0,1.0,1.0,1.0,1.0
leave_query_out,random_uniform,5,20260510,EXOTIC LILY,G1011,15,0.0,0.0,0.0,0.006578947368421052,152.0
leave_query_out,frequency_prior,5,20260510,EXOTIC LILY,G1011,15,0.0,0.0,0.0,0.01020408163265306,98.0
leave_query_out,overlap_cosine,5,20260510,EXOTIC LILY,G1011,15,0.0,0.0,0.0,0.008333333333333333,120.0
leave_query_out,svd32_graph_embedding,5,20260510,EXOTIC LILY,G1011,15,0.0,1.0,1.0,0.2,5.0
leave_query_out,random_uniform,5,20260510,admin@338,G0018,12,0.0,0.0,0.0,0.012987012987012988,77.0
leave_query_out,frequency_prior,5,20260510,admin@338,G0018,12,0.0,0.0,0.0,0.00909090909090909,110.0
leave_query_out,overlap_cosine,5,20260510,admin@338,G0018,12,0.0,0.0,0.0,0.00819672131147541,122.0
leave_query_out,svd32_graph_embedding,5,20260510,admin@338,G0018,12,0.0,0.0,0.0,0.09090909090909091,11.0
leave_query_out,random_uniform,5,20260510,Volt Typhoon,G1017,81,0.0,0.0,0.0,0.015384615384615385,65.0
leave_query_out,frequency_prior,5,20260510,Volt Typhoon,G1017,81,0.0,0.0,1.0,0.16666666666666666,6.0
leave_query_out,overlap_cosine,5,20260510,Volt Typhoon,G1017,81,0.0,0.0,0.0,0.019230769230769232,52.0
leave_query_out,svd32_graph_embedding,5,20260510,Volt Typhoon,G1017,81,1.0,1.0,1.0,1.0,1.0
leave_query_out,random_uniform,5,20260510,Patchwork,G0040,41,0.0,0.0,0.0,0.012658227848101266,79.0
leave_query_out,frequency_prior,5,20260510,Patchwork,G0040,41,0.0,0.0,0.0,0.025,40.0
leave_query_out,overlap_cosine,5,20260510,Patchwork,G0040,41,0.0,0.0,0.0,0.008130081300813009,123.0
leave_query_out,svd32_graph_embedding,5,20260510,Patchwork,G0040,41,0.0,0.0,0.0,0.02,50.0
leave_query_out,random_uniform,5,20260510,APT41,G0096,82,0.0,0.0,0.0,0.010416666666666666,96.0
leave_query_out,frequency_prior,5,20260510,APT41,G0096,82,0.0,1.0,1.0,0.2,5.0
leave_query_out,overlap_cosine,5,20260510,APT41,G0096,82,0.0,0.0,0.0,0.008130081300813009,123.0
leave_query_out,svd32_graph_embedding,5,20260510,APT41,G0096,82,0.0,0.0,0.0,0.058823529411764705,17.0
leave_query_out,random_uniform,5,20260510,Salt Typhoon,G1045,14,0.0,0.0,0.0,0.0058823529411764705,170.0
leave_query_out,frequency_prior,5,20260510,Salt Typhoon,G1045,14,0.0,0.0,0.0,0.00980392156862745,102.0
leave_query_out,overlap_cosine,5,20260510,Salt Typhoon,G1045,14,0.0,0.0,0.0,0.010869565217391304,92.0
leave_query_out,svd32_graph_embedding,5,20260510,Salt Typhoon,G1045,14,0.0,0.0,0.0,0.021739130434782608,46.0
leave_query_out,random_uniform,5,20260510,Dragonfly,G0035,56,0.0,0.0,0.0,0.023255813953488372,43.0
leave_query_out,frequency_prior,5,20260510,Dragonfly,G0035,56,0.0,0.0,0.0,0.045454545454545456,22.0
leave_query_out,overlap_cosine,5,20260510,Dragonfly,G0035,56,0.0,0.0,0.0,0.00847457627118644,118.0
leave_query_out,svd32_graph_embedding,5,20260510,Dragonfly,G0035,56,0.0,1.0,1.0,0.5,2.0
leave_query_out,random_uniform,5,20260510,Evilnum,G0120,11,0.0,0.0,0.0,0.011494252873563218,87.0
leave_query_out,frequency_prior,5,20260510,Evilnum,G0120,11,0.0,0.0,0.0,0.008403361344537815,119.0
leave_query_out,overlap_cosine,5,20260510,Evilnum,G0120,11,0.0,0.0,0.0,0.008064516129032258,124.0
leave_query_out,svd32_graph_embedding,5,20260510,Evilnum,G0120,11,0.0,0.0,0.0,0.05555555555555555,18.0
leave_query_out,random_uniform,5,20260510,Gorgon Group,G0078,16,0.0,0.0,0.0,0.010416666666666666,96.0
leave_query_out,frequency_prior,5,20260510,Gorgon Group,G0078,16,0.0,0.0,0.0,0.010526315789473684,95.0
leave_query_out,overlap_cosine,5,20260510,Gorgon Group,G0078,16,0.0,0.0,0.0,0.008264462809917356,121.0
leave_query_out,svd32_graph_embedding,5,20260510,Gorgon Group,G0078,16,0.0,0.0,0.0,0.016129032258064516,62.0
leave_query_out,random_uniform,5,20260510,menuPass,G0045,46,0.0,0.0,0.0,0.015625,64.0
leave_query_out,frequency_prior,5,20260510,menuPass,G0045,46,0.0,0.0,0.0,0.030303030303030304,33.0
leave_query_out,overlap_cosine,5,20260510,menuPass,G0045,46,0.0,0.0,0.0,0.008264462809917356,121.0
leave_query_out,svd32_graph_embedding,5,20260510,menuPass,G0045,46,0.0,0.0,0.0,0.015151515151515152,66.0
leave_query_out,random_uniform,5,20260510,APT32,G0050,78,0.0,0.0,0.0,0.01639344262295082,61.0
leave_query_out,frequency_prior,5,20260510,APT32,G0050,78,0.0,0.0,1.0,0.125,8.0
leave_query_out,overlap_cosine,5,20260510,APT32,G0050,78,0.0,0.0,0.0,0.00819672131147541,122.0
leave_query_out,svd32_graph_embedding,5,20260510,APT32,G0050,78,0.0,1.0,1.0,0.25,4.0
leave_query_out,random_uniform,5,20260510,HAFNIUM,G0125,44,0.0,0.0,0.0,0.008,125.0
leave_query_out,frequency_prior,5,20260510,HAFNIUM,G0125,44,0.0,0.0,0.0,0.027777777777777776,36.0
leave_query_out,overlap_cosine,5,20260510,HAFNIUM,G0125,44,0.0,0.0,0.0,0.01694915254237288,59.0
leave_query_out,svd32_graph_embedding,5,20260510,HAFNIUM,G0125,44,1.0,1.0,1.0,1.0,1.0
leave_query_out,random_uniform,5,20260510,MuddyWater,G0069,68,0.0,0.0,0.0,0.05,20.0
leave_query_out,frequency_prior,5,20260510,MuddyWater,G0069,68,0.0,0.0,0.0,0.08333333333333333,12.0
leave_query_out,overlap_cosine,5,20260510,MuddyWater,G0069,68,0.0,0.0,0.0,0.0078125,128.0
leave_query_out,svd32_graph_embedding,5,20260510,MuddyWater,G0069,68,0.0,0.0,0.0,0.017857142857142856,56.0
leave_query_out,random_uniform,5,20260510,Naikon,G0019,14,0.0,0.0,0.0,0.005917159763313609,169.0
leave_query_out,frequency_prior,5,20260510,Naikon,G0019,14,0.0,0.0,0.0,0.009708737864077669,103.0
leave_query_out,overlap_cosine,5,20260510,Naikon,G0019,14,0.0,0.0,0.0,0.007874015748031496,127.0
leave_query_out,svd32_graph_embedding,5,20260510,Naikon,G0019,14,0.0,0.0,0.0,0.03333333333333333,30.0
leave_query_out,random_uniform,5,20260510,FIN6,G0037,40,0.0,0.0,0.0,0.038461538461538464,26.0
leave_query_out,frequency_prior,5,20260510,FIN6,G0037,40,0.0,0.0,0.0,0.022222222222222223,45.0
leave_query_out,overlap_cosine,5,20260510,FIN6,G0037,40,0.0,0.0,0.0,0.006172839506172839,162.0
leave_query_out,svd32_graph_embedding,5,20260510,FIN6,G0037,40,0.0,0.0,1.0,0.1,10.0
leave_query_out,random_uniform,5,20260510,Gamaredon Group,G0047,70,0.0,0.0,0.0,0.012658227848101266,79.0
leave_query_out,frequency_prior,5,20260510,Gamaredon Group,G0047,70,0.0,0.0,0.0,0.09090909090909091,11.0
leave_query_out,overlap_cosine,5,20260510,Gamaredon Group,G0047,70,0.0,0.0,0.0,0.008928571428571428,112.0
leave_query_out,svd32_graph_embedding,5,20260510,Gamaredon Group,G0047,70,0.0,1.0,1.0,0.2,5.0
leave_query_out,random_uniform,5,20260510,Storm-1811,G1046,31,0.0,0.0,0.0,0.05555555555555555,18.0
leave_query_out,frequency_prior,5,20260510,Storm-1811,G1046,31,0.0,0.0,0.0,0.01818181818181818,55.0
leave_query_out,overlap_cosine,5,20260510,Storm-1811,G1046,31,0.0,0.0,0.0,0.008130081300813009,123.0
leave_query_out,svd32_graph_embedding,5,20260510,Storm-1811,G1046,31,0.0,0.0,0.0,0.034482758620689655,29.0
leave_query_out,random_uniform,5,20260510,Leafminer,G0077,17,0.0,0.0,0.0,0.005917159763313609,169.0
leave_query_out,frequency_prior,5,20260510,Leafminer,G0077,17,0.0,0.0,0.0,0.011111111111111112,90.0
leave_query_out,overlap_cosine,5,20260510,Leafminer,G0077,17,0.0,0.0,0.0,0.011764705882352941,85.0
leave_query_out,svd32_graph_embedding,5,20260510,Leafminer,G0077,17,0.0,1.0,1.0,0.25,4.0
leave_query_out,random_uniform,5,20260510,TeamTNT,G0139,56,0.0,0.0,0.0,0.041666666666666664,24.0
leave_query_out,frequency_prior,5,20260510,TeamTNT,G0139,56,0.0,0.0,0.0,0.043478260869565216,23.0
leave_query_out,overlap_cosine,5,20260510,TeamTNT,G0139,56,0.0,0.0,0.0,0.012345679012345678,81.0
leave_query_out,svd32_graph_embedding,5,20260510,TeamTNT,G0139,56,0.0,1.0,1.0,0.25,4.0
leave_query_out,random_uniform,5,20260510,FIN7,G0046,67,0.0,0.0,0.0,0.013333333333333334,75.0
leave_query_out,frequency_prior,5,20260510,FIN7,G0046,67,0.0,0.0,0.0,0.07142857142857142,14.0
leave_query_out,overlap_cosine,5,20260510,FIN7,G0046,67,0.0,0.0,0.0,0.00641025641025641,156.0
leave_query_out,svd32_graph_embedding,5,20260510,FIN7,G0046,67,0.0,0.0,0.0,0.0125,80.0
leave_query_out,random_uniform,5,20260510,Sandworm Team,G0034,79,0.0,0.0,0.0,0.058823529411764705,17.0
leave_query_out,frequency_prior,5,20260510,Sandworm Team,G0034,79,0.0,0.0,1.0,0.14285714285714285,7.0
leave_query_out,overlap_cosine,5,20260510,Sandworm Team,G0034,79,0.0,0.0,0.0,0.009174311926605505,109.0
leave_query_out,svd32_graph_embedding,5,20260510,Sandworm Team,G0034,79,0.0,0.0,0.0,0.027777777777777776,36.0
leave_query_out,random_uniform,5,20260510,Machete,G0095,11,0.0,0.0,0.0,0.013333333333333334,75.0
leave_query_out,frequency_prior,5,20260510,Machete,G0095,11,0.0,0.0,0.0,0.008771929824561403,114.0
leave_query_out,overlap_cosine,5,20260510,Machete,G0095,11,0.0,0.0,0.0,0.006578947368421052,152.0
leave_query_out,svd32_graph_embedding,5,20260510,Machete,G0095,11,0.0,0.0,0.0,0.05555555555555555,18.0
leave_query_out,random_uniform,5,20260510,APT18,G0026,12,0.0,0.0,0.0,0.00847457627118644,118.0
leave_query_out,frequency_prior,5,20260510,APT18,G0026,12,0.0,0.0,0.0,0.009345794392523364,107.0
leave_query_out,overlap_cosine,5,20260510,APT18,G0026,12,0.0,0.0,0.0,0.008333333333333333,120.0
leave_query_out,svd32_graph_embedding,5,20260510,APT18,G0026,12,0.0,0.0,1.0,0.16666666666666666,6.0
leave_query_out,random_uniform,5,20260510,Andariel,G0138,12,0.0,0.0,0.0,0.01694915254237288,59.0
leave_query_out,frequency_prior,5,20260510,Andariel,G0138,12,0.0,0.0,0.0,0.009259259259259259,108.0
leave_query_out,overlap_cosine,5,20260510,Andariel,G0138,12,0.0,0.0,0.0,0.008064516129032258,124.0
leave_query_out,svd32_graph_embedding,5,20260510,Andariel,G0138,12,0.0,0.0,0.0,0.02,50.0
leave_query_out,random_uniform,5,20260510,CURIUM,G1012,19,0.0,0.0,0.0,0.008264462809917356,121.0
leave_query_out,frequency_prior,5,20260510,CURIUM,G1012,19,0.0,0.0,0.0,0.012048192771084338,83.0
leave_query_out,overlap_cosine,5,20260510,CURIUM,G1012,19,0.0,0.0,0.0,0.006493506493506494,154.0
leave_query_out,svd32_graph_embedding,5,20260510,CURIUM,G1012,19,0.0,0.0,0.0,0.05263157894736842,19.0
leave_query_out,random_uniform,5,20260510,Sidewinder,G0121,30,0.0,0.0,0.0,0.016666666666666666,60.0
leave_query_out,frequency_prior,5,20260510,Sidewinder,G0121,30,0.0,0.0,0.0,0.017241379310344827,58.0
leave_query_out,overlap_cosine,5,20260510,Sidewinder,G0121,30,0.0,0.0,0.0,0.00819672131147541,122.0
leave_query_out,svd32_graph_embedding,5,20260510,Sidewinder,G0121,30,0.0,1.0,1.0,0.2,5.0
leave_query_out,random_uniform,5,20260510,Mustang Panda,G0129,85,0.0,0.0,0.0,0.017241379310344827,58.0
leave_query_out,frequency_prior,5,20260510,Mustang Panda,G0129,85,0.0,1.0,1.0,0.25,4.0
leave_query_out,overlap_cosine,5,20260510,Mustang Panda,G0129,85,0.0,0.0,0.0,0.006535947712418301,153.0
leave_query_out,svd32_graph_embedding,5,20260510,Mustang Panda,G0129,85,0.0,0.0,0.0,0.020833333333333332,48.0
leave_query_out,random_uniform,5,20260510,ZIRCONIUM,G0128,29,0.0,0.0,0.0,0.007518796992481203,133.0
leave_query_out,frequency_prior,5,20260510,ZIRCONIUM,G0128,29,0.0,0.0,0.0,0.016666666666666666,60.0
leave_query_out,overlap_cosine,5,20260510,ZIRCONIUM,G0128,29,0.0,0.0,0.0,0.008333333333333333,120.0
leave_query_out,svd32_graph_embedding,5,20260510,ZIRCONIUM,G0128,29,0.0,0.0,1.0,0.1111111111111111,9.0
leave_query_out,random_uniform,5,20260510,Rocke,G0106,36,0.0,0.0,1.0,0.1111111111111111,9.0
leave_query_out,frequency_prior,5,20260510,Rocke,G0106,36,0.0,0.0,0.0,0.020833333333333332,48.0
leave_query_out,overlap_cosine,5,20260510,Rocke,G0106,36,0.0,0.0,0.0,0.0125,80.0
leave_query_out,svd32_graph_embedding,5,20260510,Rocke,G0106,36,1.0,1.0,1.0,1.0,1.0
leave_query_out,random_uniform,5,20260510,Scattered Spider,G1015,64,0.0,0.0,0.0,0.008771929824561403,114.0
leave_query_out,frequency_prior,5,20260510,Scattered Spider,G1015,64,0.0,0.0,0.0,0.0625,16.0
leave_query_out,overlap_cosine,5,20260510,Scattered Spider,G1015,64,0.0,0.0,0.0,0.0125,80.0
leave_query_out,svd32_graph_embedding,5,20260510,Scattered Spider,G1015,64,1.0,1.0,1.0,1.0,1.0
leave_query_out,random_uniform,5,20260510,APT39,G0087,53,0.0,0.0,0.0,0.0058823529411764705,170.0
leave_query_out,frequency_prior,5,20260510,APT39,G0087,53,0.0,0.0,0.0,0.038461538461538464,26.0
leave_query_out,overlap_cosine,5,20260510,APT39,G0087,53,0.0,0.0,0.0,0.00641025641025641,156.0
leave_query_out,svd32_graph_embedding,5,20260510,APT39,G0087,53,0.0,0.0,0.0,0.011363636363636364,88.0
leave_query_out,random_uniform,5,20260510,UNC3886,G1048,49,0.0,0.0,0.0,0.01098901098901099,91.0
leave_query_out,frequency_prior,5,20260510,UNC3886,G1048,49,0.0,0.0,0.0,0.034482758620689655,29.0
leave_query_out,overlap_cosine,5,20260510,UNC3886,G1048,49,0.0,0.0,0.0,0.012987012987012988,77.0
leave_query_out,svd32_graph_embedding,5,20260510,UNC3886,G1048,49,1.0,1.0,1.0,1.0,1.0
leave_query_out,random_uniform,5,20260510,Contagious Interview,G1052,54,0.0,0.0,0.0,0.08333333333333333,12.0
leave_query_out,frequency_prior,5,20260510,Contagious Interview,G1052,54,0.0,0.0,0.0,0.04,25.0
leave_query_out,overlap_cosine,5,20260510,Contagious Interview,G1052,54,0.0,0.0,0.0,0.013513513513513514,74.0
leave_query_out,svd32_graph_embedding,5,20260510,Contagious Interview,G1052,54,1.0,1.0,1.0,1.0,1.0
leave_query_out,random_uniform,5,20260510,TA2541,G1018,28,0.0,0.0,0.0,0.011764705882352941,85.0
leave_query_out,frequency_prior,5,20260510,TA2541,G1018,28,0.0,0.0,0.0,0.015873015873015872,63.0
leave_query_out,overlap_cosine,5,20260510,TA2541,G1018,28,0.0,0.0,0.0,0.006622516556291391,151.0
leave_query_out,svd32_graph_embedding,5,20260510,TA2541,G1018,28,0.0,0.0,0.0,0.020833333333333332,48.0
leave_query_out,random_uniform,5,20260510,Akira,G1024,17,0.0,0.0,0.0,0.07692307692307693,13.0
leave_query_out,frequency_prior,5,20260510,Akira,G1024,17,0.0,0.0,0.0,0.011363636363636364,88.0
leave_query_out,overlap_cosine,5,20260510,Akira,G1024,17,0.0,0.0,0.0,0.009009009009009009,111.0
leave_query_out,svd32_graph_embedding,5,20260510,Akira,G1024,17,0.0,0.0,0.0,0.029411764705882353,34.0
leave_query_out,random_uniform,5,20260510,APT37,G0067,29,0.0,0.0,0.0,0.045454545454545456,22.0
leave_query_out,frequency_prior,5,20260510,APT37,G0067,29,0.0,0.0,0.0,0.01639344262295082,61.0
leave_query_out,overlap_cosine,5,20260510,APT37,G0067,29,0.0,0.0,0.0,0.009708737864077669,103.0
leave_query_out,svd32_graph_embedding,5,20260510,APT37,G0067,29,0.0,0.0,0.0,0.02857142857142857,35.0
leave_query_out,random_uniform,5,20260510,Moses Staff,G1009,12,0.0,0.0,0.0,0.011627906976744186,86.0
leave_query_out,frequency_prior,5,20260510,Moses Staff,G1009,12,0.0,0.0,0.0,0.008928571428571428,112.0
leave_query_out,overlap_cosine,5,20260510,Moses Staff,G1009,12,0.0,0.0,0.0,0.008403361344537815,119.0
leave_query_out,svd32_graph_embedding,5,20260510,Moses Staff,G1009,12,0.0,0.0,0.0,0.041666666666666664,24.0
leave_query_out,random_uniform,5,20260510,OilRig,G0049,76,0.0,0.0,0.0,0.009615384615384616,104.0
leave_query_out,frequency_prior,5,20260510,OilRig,G0049,76,0.0,0.0,1.0,0.1,10.0
leave_query_out,overlap_cosine,5,20260510,OilRig,G0049,76,0.0,0.0,0.0,0.013888888888888888,72.0
leave_query_out,svd32_graph_embedding,5,20260510,OilRig,G0049,76,1.0,1.0,1.0,1.0,1.0
leave_query_out,random_uniform,5,20260510,Higaisa,G0126,28,0.0,0.0,0.0,0.008264462809917356,121.0
leave_query_out,frequency_prior,5,20260510,Higaisa,G0126,28,0.0,0.0,0.0,0.015625,64.0
leave_query_out,overlap_cosine,5,20260510,Higaisa,G0126,28,0.0,0.0,0.0,0.00909090909090909,110.0
leave_query_out,svd32_graph_embedding,5,20260510,Higaisa,G0126,28,0.0,0.0,0.0,0.03571428571428571,28.0
leave_query_out,random_uniform,5,20260510,Tropic Trooper,G0081,40,0.0,0.0,0.0,0.01020408163265306,98.0
leave_query_out,frequency_prior,5,20260510,Tropic Trooper,G0081,40,0.0,0.0,0.0,0.023255813953488372,43.0
leave_query_out,overlap_cosine,5,20260510,Tropic Trooper,G0081,40,0.0,0.0,0.0,0.00641025641025641,156.0
leave_query_out,svd32_graph_embedding,5,20260510,Tropic Trooper,G0081,40,0.0,0.0,0.0,0.09090909090909091,11.0
leave_query_out,random_uniform,5,20260510,Sea Turtle,G1041,27,0.0,0.0,0.0,0.015873015873015872,63.0
leave_query_out,frequency_prior,5,20260510,Sea Turtle,G1041,27,0.0,0.0,0.0,0.014705882352941176,68.0
leave_query_out,overlap_cosine,5,20260510,Sea Turtle,G1041,27,0.0,0.0,0.0,0.014925373134328358,67.0
leave_query_out,svd32_graph_embedding,5,20260510,Sea Turtle,G1041,27,1.0,1.0,1.0,1.0,1.0
leave_query_out,random_uniform,5,20260510,Aquatic Panda,G0143,35,0.0,0.0,0.0,0.08333333333333333,12.0
leave_query_out,frequency_prior,5,20260510,Aquatic Panda,G0143,35,0.0,0.0,0.0,0.02,50.0
leave_query_out,overlap_cosine,5,20260510,Aquatic Panda,G0143,35,0.0,0.0,0.0,0.006711409395973154,149.0
leave_query_out,svd32_graph_embedding,5,20260510,Aquatic Panda,G0143,35,0.0,0.0,0.0,0.018867924528301886,53.0
leave_query_out,random_uniform,5,20260510,Ke3chang,G0004,46,0.0,0.0,0.0,0.006493506493506494,154.0
leave_query_out,frequency_prior,5,20260510,Ke3chang,G0004,46,0.0,0.0,0.0,0.03125,32.0
leave_query_out,overlap_cosine,5,20260510,Ke3chang,G0004,46,0.0,0.0,0.0,0.009433962264150943,106.0
leave_query_out,svd32_graph_embedding,5,20260510,Ke3chang,G0004,46,0.0,0.0,1.0,0.1,10.0
leave_query_out,random_uniform,5,20260510,Saint Bear,G1031,18,0.0,0.0,0.0,0.008130081300813009,123.0
leave_query_out,frequency_prior,5,20260510,Saint Bear,G1031,18,0.0,0.0,0.0,0.011494252873563218,87.0
leave_query_out,overlap_cosine,5,20260510,Saint Bear,G1031,18,0.0,0.0,0.0,0.006578947368421052,152.0
leave_query_out,svd32_graph_embedding,5,20260510,Saint Bear,G1031,18,0.0,0.0,0.0,0.034482758620689655,29.0
leave_query_out,random_uniform,5,20260510,APT1,G0006,23,0.0,0.0,0.0,0.02857142857142857,35.0
leave_query_out,frequency_prior,5,20260510,APT1,G0006,23,0.0,0.0,0.0,0.013513513513513514,74.0
leave_query_out,overlap_cosine,5,20260510,APT1,G0006,23,0.0,0.0,0.0,0.009433962264150943,106.0
leave_query_out,svd32_graph_embedding,5,20260510,APT1,G0006,23,0.0,0.0,1.0,0.14285714285714285,7.0
leave_query_out,random_uniform,5,20260510,Confucius,G0142,19,0.0,0.0,0.0,0.016666666666666666,60.0
leave_query_out,frequency_prior,5,20260510,Confucius,G0142,19,0.0,0.0,0.0,0.011627906976744186,86.0
leave_query_out,overlap_cosine,5,20260510,Confucius,G0142,19,0.0,0.0,0.0,0.006756756756756757,148.0
leave_query_out,svd32_graph_embedding,5,20260510,Confucius,G0142,19,0.0,0.0,0.0,0.043478260869565216,23.0
leave_query_out,random_uniform,5,20260510,BlackTech,G0098,14,0.0,0.0,0.0,0.016129032258064516,62.0
leave_query_out,frequency_prior,5,20260510,BlackTech,G0098,14,0.0,0.0,0.0,0.009900990099009901,101.0
leave_query_out,overlap_cosine,5,20260510,BlackTech,G0098,14,0.0,0.0,0.0,0.006578947368421052,152.0
leave_query_out,svd32_graph_embedding,5,20260510,BlackTech,G0098,14,0.0,0.0,0.0,0.010526315789473684,95.0
leave_query_out,random_uniform,5,20260510,Leviathan,G0065,50,0.0,0.0,0.0,0.010101010101010102,99.0
leave_query_out,frequency_prior,5,20260510,Leviathan,G0065,50,0.0,0.0,0.0,0.03571428571428571,28.0
leave_query_out,overlap_cosine,5,20260510,Leviathan,G0065,50,0.0,0.0,0.0,0.009174311926605505,109.0
leave_query_out,svd32_graph_embedding,5,20260510,Leviathan,G0065,50,0.0,1.0,1.0,0.5,2.0
leave_query_out,random_uniform,5,20260510,Blue Mockingbird,G0108,22,0.0,0.0,0.0,0.010416666666666666,96.0
leave_query_out,frequency_prior,5,20260510,Blue Mockingbird,G0108,22,0.0,0.0,0.0,0.013157894736842105,76.0
leave_query_out,overlap_cosine,5,20260510,Blue Mockingbird,G0108,22,0.0,0.0,0.0,0.006896551724137931,145.0
leave_query_out,svd32_graph_embedding,5,20260510,Blue Mockingbird,G0108,22,0.0,0.0,0.0,0.025,40.0
leave_query_out,random_uniform,5,20260510,Winter Vivern,G1035,27,0.0,0.0,0.0,0.07142857142857142,14.0
leave_query_out,frequency_prior,5,20260510,Winter Vivern,G1035,27,0.0,0.0,0.0,0.014925373134328358,67.0
leave_query_out,overlap_cosine,5,20260510,Winter Vivern,G1035,27,0.0,0.0,0.0,0.009523809523809525,105.0
leave_query_out,svd32_graph_embedding,5,20260510,Winter Vivern,G1035,27,0.0,1.0,1.0,0.3333333333333333,3.0
leave_query_out,random_uniform,5,20260510,Turla,G0010,68,0.0,0.0,0.0,0.014925373134328358,67.0
leave_query_out,frequency_prior,5,20260510,Turla,G0010,68,0.0,0.0,0.0,0.07692307692307693,13.0
leave_query_out,overlap_cosine,5,20260510,Turla,G0010,68,0.0,0.0,0.0,0.009345794392523364,107.0
leave_query_out,svd32_graph_embedding,5,20260510,Turla,G0010,68,1.0,1.0,1.0,1.0,1.0
leave_query_out,random_uniform,5,20260510,Storm-0501,G1053,42,0.0,0.0,0.0,0.007194244604316547,139.0
leave_query_out,frequency_prior,5,20260510,Storm-0501,G1053,42,0.0,0.0,0.0,0.02564102564102564,39.0
leave_query_out,overlap_cosine,5,20260510,Storm-0501,G1053,42,0.0,0.0,0.0,0.011494252873563218,87.0
leave_query_out,svd32_graph_embedding,5,20260510,Storm-0501,G1053,42,1.0,1.0,1.0,1.0,1.0
leave_query_out,random_uniform,5,20260510,TA505,G0092,34,0.0,0.0,1.0,0.1111111111111111,9.0
leave_query_out,frequency_prior,5,20260510,TA505,G0092,34,0.0,0.0,0.0,0.019230769230769232,52.0
leave_query_out,overlap_cosine,5,20260510,TA505,G0092,34,0.0,0.0,0.0,0.009708737864077669,103.0
leave_query_out,svd32_graph_embedding,5,20260510,TA505,G0092,34,0.0,0.0,0.0,0.022727272727272728,44.0
leave_query_out,random_uniform,5,20260510,BITTER,G1002,16,0.0,0.0,0.0,0.0125,80.0
leave_query_out,frequency_prior,5,20260510,BITTER,G1002,16,0.0,0.0,0.0,0.010416666666666666,96.0
leave_query_out,overlap_cosine,5,20260510,BITTER,G1002,16,0.0,0.0,0.0,0.00684931506849315,146.0
leave_query_out,svd32_graph_embedding,5,20260510,BITTER,G1002,16,0.0,0.0,0.0,0.03125,32.0
leave_query_out,random_uniform,5,20260510,DarkVishnya,G0105,10,0.0,0.0,0.0,0.025,40.0
leave_query_out,frequency_prior,5,20260510,DarkVishnya,G0105,10,0.0,0.0,0.0,0.008264462809917356,121.0
leave_query_out,overlap_cosine,5,20260510,DarkVishnya,G0105,10,0.0,0.0,0.0,0.0070921985815602835,141.0
leave_query_out,svd32_graph_embedding,5,20260510,DarkVishnya,G0105,10,0.0,0.0,0.0,0.02564102564102564,39.0
leave_query_out,random_uniform,5,20260510,RedCurl,G1039,41,0.0,0.0,0.0,0.023255813953488372,43.0
leave_query_out,frequency_prior,5,20260510,RedCurl,G1039,41,0.0,0.0,0.0,0.024390243902439025,41.0
leave_query_out,overlap_cosine,5,20260510,RedCurl,G1039,41,0.0,0.0,0.0,0.01020408163265306,98.0
leave_query_out,svd32_graph_embedding,5,20260510,RedCurl,G1039,41,1.0,1.0,1.0,1.0,1.0
leave_query_out,random_uniform,5,20260510,FIN5,G0053,11,0.0,0.0,0.0,0.02,50.0
leave_query_out,frequency_prior,5,20260510,FIN5,G0053,11,0.0,0.0,0.0,0.008695652173913044,115.0
leave_query_out,overlap_cosine,5,20260510,FIN5,G0053,11,0.0,0.0,0.0,0.010101010101010102,99.0
leave_query_out,svd32_graph_embedding,5,20260510,FIN5,G0053,11,0.0,0.0,1.0,0.16666666666666666,6.0
leave_query_out,random_uniform,5,20260510,Lotus Blossom,G0030,21,0.0,0.0,0.0,0.006024096385542169,166.0
leave_query_out,frequency_prior,5,20260510,Lotus Blossom,G0030,21,0.0,0.0,0.0,0.012658227848101266,79.0
leave_query_out,overlap_cosine,5,20260510,Lotus Blossom,G0030,21,0.0,0.0,0.0,0.01020408163265306,98.0
leave_query_out,svd32_graph_embedding,5,20260510,Lotus Blossom,G0030,21,0.0,0.0,0.0,0.047619047619047616,21.0
leave_query_out,random_uniform,5,20260510,Stealth Falcon,G0038,16,0.0,0.0,0.0,0.006622516556291391,151.0
leave_query_out,frequency_prior,5,20260510,Stealth Falcon,G0038,16,0.0,0.0,0.0,0.010752688172043012,93.0
leave_query_out,overlap_cosine,5,20260510,Stealth Falcon,G0038,16,0.0,0.0,0.0,0.01020408163265306,98.0
leave_query_out,svd32_graph_embedding,5,20260510,Stealth Falcon,G0038,16,0.0,0.0,0.0,0.07142857142857142,14.0
leave_query_out,random_uniform,5,20260510,APT29,G0016,66,0.0,0.0,0.0,0.027777777777777776,36.0
leave_query_out,frequency_prior,5,20260510,APT29,G0016,66,0.0,0.0,0.0,0.06666666666666667,15.0
leave_query_out,overlap_cosine,5,20260510,APT29,G0016,66,0.0,0.0,0.0,0.006944444444444444,144.0
leave_query_out,svd32_graph_embedding,5,20260510,APT29,G0016,66,0.0,0.0,0.0,0.023255813953488372,43.0
leave_query_out,random_uniform,5,20260510,Dark Caracal,G0070,12,0.0,0.0,0.0,0.010309278350515464,97.0
leave_query_out,frequency_prior,5,20260510,Dark Caracal,G0070,12,0.0,0.0,0.0,0.009174311926605505,109.0
leave_query_out,overlap_cosine,5,20260510,Dark Caracal,G0070,12,0.0,0.0,0.0,0.006944444444444444,144.0
leave_query_out,svd32_graph_embedding,5,20260510,Dark Caracal,G0070,12,0.0,0.0,0.0,0.009259259259259259,108.0
leave_query_out,random_uniform,5,20260510,Cinnamon Tempest,G1021,19,0.0,0.0,0.0,0.011363636363636364,88.0
leave_query_out,frequency_prior,5,20260510,Cinnamon Tempest,G1021,19,0.0,0.0,0.0,0.011904761904761904,84.0
leave_query_out,overlap_cosine,5,20260510,Cinnamon Tempest,G1021,19,0.0,0.0,0.0,0.007633587786259542,131.0
leave_query_out,svd32_graph_embedding,5,20260510,Cinnamon Tempest,G1021,19,0.0,0.0,0.0,0.011494252873563218,87.0
leave_query_out,random_uniform,5,20260510,Chimera,G0114,59,0.0,0.0,0.0,0.006369426751592357,157.0
leave_query_out,frequency_prior,5,20260510,Chimera,G0114,59,0.0,0.0,0.0,0.05263157894736842,19.0
leave_query_out,overlap_cosine,5,20260510,Chimera,G0114,59,0.0,0.0,0.0,0.006896551724137931,145.0
leave_query_out,svd32_graph_embedding,5,20260510,Chimera,G0114,59,0.0,0.0,1.0,0.125,8.0
leave_query_out,random_uniform,5,20260510,MirrorFace,G1054,43,0.0,0.0,0.0,0.01098901098901099,91.0
leave_query_out,frequency_prior,5,20260510,MirrorFace,G1054,43,0.0,0.0,0.0,0.02631578947368421,38.0
leave_query_out,overlap_cosine,5,20260510,MirrorFace,G1054,43,0.0,0.0,0.0,0.007407407407407408,135.0
leave_query_out,svd32_graph_embedding,5,20260510,MirrorFace,G1054,43,0.0,0.0,0.0,0.045454545454545456,22.0
leave_query_out,random_uniform,5,20260510,Silent Librarian,G0122,13,0.0,0.0,0.0,0.058823529411764705,17.0
leave_query_out,frequency_prior,5,20260510,Silent Librarian,G0122,13,0.0,0.0,0.0,0.009523809523809525,105.0
leave_query_out,overlap_cosine,5,20260510,Silent Librarian,G0122,13,0.0,0.0,0.0,0.006896551724137931,145.0
leave_query_out,svd32_graph_embedding,5,20260510,Silent Librarian,G0122,13,0.0,0.0,0.0,0.05555555555555555,18.0
leave_query_out,random_uniform,5,20260510,Medusa Group,G1051,57,0.0,0.0,0.0,0.010638297872340425,94.0
leave_query_out,frequency_prior,5,20260510,Medusa Group,G1051,57,0.0,0.0,0.0,0.047619047619047616,21.0
leave_query_out,overlap_cosine,5,20260510,Medusa Group,G1051,57,0.0,0.0,0.0,0.009259259259259259,108.0
leave_query_out,svd32_graph_embedding,5,20260510,Medusa Group,G1051,57,0.0,0.0,0.0,0.09090909090909091,11.0
leave_query_out,random_uniform,5,20260510,BRONZE BUTLER,G0060,40,0.0,0.0,0.0,0.020833333333333332,48.0
leave_query_out,frequency_prior,5,20260510,BRONZE BUTLER,G0060,40,0.0,0.0,0.0,0.022727272727272728,44.0
leave_query_out,overlap_cosine,5,20260510,BRONZE BUTLER,G0060,40,0.0,0.0,0.0,0.007246376811594203,138.0
leave_query_out,svd32_graph_embedding,5,20260510,BRONZE BUTLER,G0060,40,0.0,0.0,0.0,0.02564102564102564,39.0
leave_query_out,random_uniform,5,20260510,TA551,G0127,14,0.0,0.0,0.0,0.009615384615384616,104.0
leave_query_out,frequency_prior,5,20260510,TA551,G0127,14,0.0,0.0,0.0,0.01,100.0
leave_query_out,overlap_cosine,5,20260510,TA551,G0127,14,0.0,0.0,0.0,0.007194244604316547,139.0
leave_query_out,svd32_graph_embedding,5,20260510,TA551,G0127,14,0.0,0.0,0.0,0.08333333333333333,12.0
leave_query_out,random_uniform,5,20260510,BackdoorDiplomacy,G0135,15,0.0,0.0,0.0,0.014705882352941176,68.0
leave_query_out,frequency_prior,5,20260510,BackdoorDiplomacy,G0135,15,0.0,0.0,0.0,0.010101010101010102,99.0
leave_query_out,overlap_cosine,5,20260510,BackdoorDiplomacy,G0135,15,0.0,0.0,0.0,0.007194244604316547,139.0
leave_query_out,svd32_graph_embedding,5,20260510,BackdoorDiplomacy,G0135,15,1.0,1.0,1.0,1.0,1.0
leave_query_out,random_uniform,5,20260510,Star Blizzard,G1033,20,0.0,0.0,0.0,0.009174311926605505,109.0
leave_query_out,frequency_prior,5,20260510,Star Blizzard,G1033,20,0.0,0.0,0.0,0.012195121951219513,82.0
leave_query_out,overlap_cosine,5,20260510,Star Blizzard,G1033,20,0.0,0.0,0.0,0.0072992700729927005,137.0
leave_query_out,svd32_graph_embedding,5,20260510,Star Blizzard,G1033,20,0.0,1.0,1.0,0.5,2.0
leave_query_out,random_uniform,5,20260510,Darkhotel,G0012,24,0.0,0.0,0.0,0.006578947368421052,152.0
leave_query_out,frequency_prior,5,20260510,Darkhotel,G0012,24,0.0,0.0,0.0,0.0136986301369863,73.0
leave_query_out,overlap_cosine,5,20260510,Darkhotel,G0012,24,0.0,0.0,0.0,0.007518796992481203,133.0
leave_query_out,svd32_graph_embedding,5,20260510,Darkhotel,G0012,24,0.0,0.0,0.0,0.014925373134328358,67.0
leave_query_out,random_uniform,5,20260510,Axiom,G0001,16,0.0,0.0,0.0,0.010416666666666666,96.0
leave_query_out,frequency_prior,5,20260510,Axiom,G0001,16,0.0,0.0,0.0,0.010638297872340425,94.0
leave_query_out,overlap_cosine,5,20260510,Axiom,G0001,16,0.0,0.0,0.0,0.006993006993006993,143.0
leave_query_out,svd32_graph_embedding,5,20260510,Axiom,G0001,16,0.0,0.0,1.0,0.1111111111111111,9.0
leave_query_out,random_uniform,5,20260510,Deep Panda,G0009,10,0.0,0.0,0.0,0.006993006993006993,143.0
leave_query_out,frequency_prior,5,20260510,Deep Panda,G0009,10,0.0,0.0,0.0,0.008333333333333333,120.0
leave_query_out,overlap_cosine,5,20260510,Deep Panda,G0009,10,0.0,0.0,0.0,0.006944444444444444,144.0
leave_query_out,svd32_graph_embedding,5,20260510,Deep Panda,G0009,10,0.0,0.0,0.0,0.014705882352941176,68.0
leave_query_out,random_uniform,5,20260510,Ember Bear,G1003,47,0.0,0.0,0.0,0.006060606060606061,165.0
leave_query_out,frequency_prior,5,20260510,Ember Bear,G1003,47,0.0,0.0,0.0,0.03225806451612903,31.0
leave_query_out,overlap_cosine,5,20260510,Ember Bear,G1003,47,0.0,0.0,0.0,0.007246376811594203,138.0
leave_query_out,svd32_graph_embedding,5,20260510,Ember Bear,G1003,47,1.0,1.0,1.0,1.0,1.0
leave_query_out,random_uniform,5,20260510,LazyScripter,G0140,20,0.0,0.0,0.0,0.02564102564102564,39.0
leave_query_out,frequency_prior,5,20260510,LazyScripter,G0140,20,0.0,0.0,0.0,0.012345679012345678,81.0
leave_query_out,overlap_cosine,5,20260510,LazyScripter,G0140,20,0.0,0.0,0.0,0.0072992700729927005,137.0
leave_query_out,svd32_graph_embedding,5,20260510,LazyScripter,G0140,20,0.0,0.0,0.0,0.014705882352941176,68.0
leave_query_out,random_uniform,5,20260510,Windshift,G0112,19,0.0,0.0,0.0,0.013157894736842105,76.0
leave_query_out,frequency_prior,5,20260510,Windshift,G0112,19,0.0,0.0,0.0,0.011764705882352941,85.0
leave_query_out,overlap_cosine,5,20260510,Windshift,G0112,19,0.0,0.0,0.0,0.007462686567164179,134.0
leave_query_out,svd32_graph_embedding,5,20260510,Windshift,G0112,19,0.0,0.0,0.0,0.01818181818181818,55.0
leave_query_out,random_uniform,5,20260510,ToddyCat,G1022,25,0.0,0.0,0.0,0.012195121951219513,82.0
leave_query_out,frequency_prior,5,20260510,ToddyCat,G1022,25,0.0,0.0,0.0,0.013888888888888888,72.0
leave_query_out,overlap_cosine,5,20260510,ToddyCat,G1022,25,0.0,0.0,0.0,0.007352941176470588,136.0
leave_query_out,svd32_graph_embedding,5,20260510,ToddyCat,G1022,25,0.0,0.0,0.0,0.041666666666666664,24.0
leave_query_out,random_uniform,5,20260510,LuminousMoth,G1014,28,0.0,0.0,0.0,0.0078125,128.0
leave_query_out,frequency_prior,5,20260510,LuminousMoth,G1014,28,0.0,0.0,0.0,0.015384615384615385,65.0
leave_query_out,overlap_cosine,5,20260510,LuminousMoth,G1014,28,0.0,0.0,0.0,0.007352941176470588,136.0
leave_query_out,svd32_graph_embedding,5,20260510,LuminousMoth,G1014,28,0.0,0.0,0.0,0.07692307692307693,13.0
leave_query_out,random_uniform,5,20260510,Agrius,G1030,22,0.0,0.0,0.0,0.008064516129032258,124.0
leave_query_out,frequency_prior,5,20260510,Agrius,G1030,22,0.0,0.0,0.0,0.013333333333333334,75.0
leave_query_out,overlap_cosine,5,20260510,Agrius,G1030,22,0.0,0.0,0.0,0.007352941176470588,136.0
leave_query_out,svd32_graph_embedding,5,20260510,Agrius,G1030,22,0.0,1.0,1.0,0.3333333333333333,3.0
leave_query_out,random_uniform,5,20260510,APT28,G0007,93,0.0,0.0,0.0,0.01694915254237288,59.0
leave_query_out,frequency_prior,5,20260510,APT28,G0007,93,0.0,1.0,1.0,0.5,2.0
leave_query_out,overlap_cosine,5,20260510,APT28,G0007,93,0.0,0.0,0.0,0.007692307692307693,130.0
leave_query_out,svd32_graph_embedding,5,20260510,APT28,G0007,93,0.0,1.0,1.0,0.2,5.0
leave_query_out,random_uniform,5,20260510,Malteiro,G1026,12,0.0,0.0,0.0,0.034482758620689655,29.0
leave_query_out,frequency_prior,5,20260510,Malteiro,G1026,12,0.0,0.0,0.0,0.008849557522123894,113.0
leave_query_out,overlap_cosine,5,20260510,Malteiro,G1026,12,0.0,0.0,0.0,0.007692307692307693,130.0
leave_query_out,svd32_graph_embedding,5,20260510,Malteiro,G1026,12,0.0,0.0,1.0,0.125,8.0
leave_query_out,random_uniform,5,20260510,APT42,G1044,32,0.0,0.0,0.0,0.016129032258064516,62.0
leave_query_out,frequency_prior,5,20260510,APT42,G1044,32,0.0,0.0,0.0,0.018518518518518517,54.0
leave_query_out,overlap_cosine,5,20260510,APT42,G1044,32,0.0,0.0,0.0,0.007692307692307693,130.0
leave_query_out,svd32_graph_embedding,5,20260510,APT42,G1044,32,0.0,1.0,1.0,0.5,2.0
leave_query_out,random_uniform,5,20260510,APT5,G1023,29,0.0,0.0,1.0,0.1,10.0
leave_query_out,frequency_prior,5,20260510,APT5,G1023,29,0.0,0.0,0.0,0.016129032258064516,62.0
leave_query_out,overlap_cosine,5,20260510,APT5,G1023,29,0.0,0.0,0.0,0.007692307692307693,130.0
leave_query_out,svd32_graph_embedding,5,20260510,APT5,G1023,29,0.0,1.0,1.0,0.5,2.0
leave_query_out,random_uniform,5,20260510,Fox Kitten,G0117,41,0.0,0.0,0.0,0.006134969325153374,163.0
leave_query_out,frequency_prior,5,20260510,Fox Kitten,G0117,41,0.0,0.0,0.0,0.023809523809523808,42.0
leave_query_out,overlap_cosine,5,20260510,Fox Kitten,G0117,41,0.0,0.0,0.0,0.007692307692307693,130.0
leave_query_out,svd32_graph_embedding,5,20260510,Fox Kitten,G0117,41,0.0,1.0,1.0,0.2,5.0
leave_query_out,random_uniform,5,20260510,APT-C-36,G0099,38,0.0,0.0,0.0,0.005952380952380952,168.0
leave_query_out,frequency_prior,5,20260510,APT-C-36,G0099,38,0.0,0.0,0.0,0.021739130434782608,46.0
leave_query_out,overlap_cosine,5,20260510,APT-C-36,G0099,38,0.0,0.0,0.0,0.005952380952380952,168.0
leave_query_out,svd32_graph_embedding,5,20260510,APT-C-36,G0099,38,0.0,0.0,1.0,0.16666666666666666,6.0
leave_query_out,random_uniform,5,20260510,Tonto Team,G0131,15,0.0,0.0,0.0,0.005952380952380952,168.0
leave_query_out,frequency_prior,5,20260510,Tonto Team,G0131,15,0.0,0.0,0.0,0.010309278350515464,97.0
leave_query_out,overlap_cosine,5,20260510,Tonto Team,G0131,15,0.0,0.0,0.0,0.0058823529411764705,170.0
leave_query_out,svd32_graph_embedding,5,20260510,Tonto Team,G0131,15,0.0,0.0,0.0,0.020833333333333332,48.0
leave_query_out,random_uniform,5,20260510,Lazarus Group,G0032,93,0.0,0.0,0.0,0.037037037037037035,27.0
leave_query_out,frequency_prior,5,20260510,Lazarus Group,G0032,93,0.0,1.0,1.0,0.3333333333333333,3.0
leave_query_out,overlap_cosine,5,20260510,Lazarus Group,G0032,93,0.0,0.0,0.0,0.006289308176100629,159.0
leave_query_out,svd32_graph_embedding,5,20260510,Lazarus Group,G0032,93,0.0,1.0,1.0,0.5,2.0
leave_query_out,random_uniform,5,20260510,INC Ransom,G1032,25,0.0,0.0,0.0,0.014492753623188406,69.0
leave_query_out,frequency_prior,5,20260510,INC Ransom,G1032,25,0.0,0.0,0.0,0.014084507042253521,71.0
leave_query_out,overlap_cosine,5,20260510,INC Ransom,G1032,25,0.0,0.0,0.0,0.006493506493506494,154.0
leave_query_out,svd32_graph_embedding,5,20260510,INC Ransom,G1032,25,0.0,0.0,0.0,0.05,20.0
leave_query_out,random_uniform,5,20260510,Earth Lusca,G1006,44,0.0,0.0,0.0,0.006666666666666667,150.0
leave_query_out,frequency_prior,5,20260510,Earth Lusca,G1006,44,0.0,0.0,0.0,0.029411764705882353,34.0
leave_query_out,overlap_cosine,5,20260510,Earth Lusca,G1006,44,0.0,0.0,0.0,0.006666666666666667,150.0
leave_query_out,svd32_graph_embedding,5,20260510,Earth Lusca,G1006,44,0.0,0.0,0.0,0.029411764705882353,34.0
leave_query_out,random_uniform,5,20260510,FIN4,G0085,12,0.0,0.0,0.0,0.013157894736842105,76.0
leave_query_out,frequency_prior,5,20260510,FIN4,G0085,12,0.0,0.0,0.0,0.009009009009009009,111.0
leave_query_out,overlap_cosine,5,20260510,FIN4,G0085,12,0.0,0.0,0.0,0.005780346820809248,173.0
leave_query_out,svd32_graph_embedding,5,20260510,FIN4,G0085,12,0.0,0.0,0.0,0.022727272727272728,44.0
leave_query_out,random_uniform,5,20260510,Silence,G0091,28,0.0,0.0,0.0,0.007518796992481203,133.0
leave_query_out,frequency_prior,5,20260510,Silence,G0091,28,0.0,0.0,0.0,0.015151515151515152,66.0
leave_query_out,overlap_cosine,5,20260510,Silence,G0091,28,0.0,0.0,0.0,0.005813953488372093,172.0
leave_query_out,svd32_graph_embedding,5,20260510,Silence,G0091,28,0.0,0.0,0.0,0.043478260869565216,23.0
leave_query_out,random_uniform,5,20260510,LAPSUS$,G1004,43,0.0,0.0,0.0,0.010416666666666666,96.0
leave_query_out,frequency_prior,5,20260510,LAPSUS$,G1004,43,0.0,0.0,0.0,0.02702702702702703,37.0
leave_query_out,overlap_cosine,5,20260510,LAPSUS$,G1004,43,0.0,0.0,0.0,0.006896551724137931,145.0
leave_query_out,svd32_graph_embedding,5,20260510,LAPSUS$,G1004,43,1.0,1.0,1.0,1.0,1.0
leave_query_out,random_uniform,5,20260510,Cobalt Group,G0080,34,0.0,0.0,0.0,0.011235955056179775,89.0
leave_query_out,frequency_prior,5,20260510,Cobalt Group,G0080,34,0.0,0.0,0.0,0.0196078431372549,51.0
leave_query_out,overlap_cosine,5,20260510,Cobalt Group,G0080,34,0.0,0.0,0.0,0.005747126436781609,174.0
leave_query_out,svd32_graph_embedding,5,20260510,Cobalt Group,G0080,34,0.0,0.0,0.0,0.024390243902439025,41.0
leave_query_out,random_uniform,5,20260510,Wizard Spider,G0102,64,0.0,0.0,0.0,0.07692307692307693,13.0
leave_query_out,frequency_prior,5,20260510,Wizard Spider,G0102,64,0.0,0.0,0.0,0.058823529411764705,17.0
leave_query_out,overlap_cosine,5,20260510,Wizard Spider,G0102,64,0.0,0.0,0.0,0.006060606060606061,165.0
leave_query_out,svd32_graph_embedding,5,20260510,Wizard Spider,G0102,64,0.0,0.0,0.0,0.05,20.0
leave_query_out,random_uniform,5,20260510,Molerats,G0021,16,0.0,0.0,0.0,0.03571428571428571,28.0
leave_query_out,frequency_prior,5,20260510,Molerats,G0021,16,0.0,0.0,0.0,0.010869565217391304,92.0
leave_query_out,overlap_cosine,5,20260510,Molerats,G0021,16,0.0,0.0,0.0,0.006097560975609756,164.0
leave_query_out,svd32_graph_embedding,5,20260510,Molerats,G0021,16,0.0,0.0,0.0,0.047619047619047616,21.0
leave_query_out,random_uniform,5,20260510,Velvet Ant,G1047,22,0.0,0.0,1.0,0.125,8.0
leave_query_out,frequency_prior,5,20260510,Velvet Ant,G1047,22,0.0,0.0,0.0,0.012987012987012988,77.0
leave_query_out,overlap_cosine,5,20260510,Velvet Ant,G1047,22,0.0,0.0,0.0,0.006666666666666667,150.0
leave_query_out,svd32_graph_embedding,5,20260510,Velvet Ant,G1047,22,0.0,1.0,1.0,0.25,4.0
leave_query_out,random_uniform,5,20260510,Transparent Tribe,G0134,14,0.0,0.0,0.0,0.08333333333333333,12.0
leave_query_out,frequency_prior,5,20260510,Transparent Tribe,G0134,14,0.0,0.0,0.0,0.009615384615384616,104.0
leave_query_out,overlap_cosine,5,20260510,Transparent Tribe,G0134,14,0.0,0.0,0.0,0.006097560975609756,164.0
leave_query_out,svd32_graph_embedding,5,20260510,Transparent Tribe,G0134,14,0.0,0.0,0.0,0.03571428571428571,28.0
leave_query_out,random_uniform,5,20260510,Moonstone Sleet,G1036,30,0.0,0.0,0.0,0.011111111111111112,90.0
leave_query_out,frequency_prior,5,20260510,Moonstone Sleet,G1036,30,0.0,0.0,0.0,0.01694915254237288,59.0
leave_query_out,overlap_cosine,5,20260510,Moonstone Sleet,G1036,30,0.0,0.0,0.0,0.006097560975609756,164.0
leave_query_out,svd32_graph_embedding,5,20260510,Moonstone Sleet,G1036,30,1.0,1.0,1.0,1.0,1.0
leave_query_out,random_uniform,5,20260510,Inception,G0100,22,0.0,0.0,0.0,0.0625,16.0
leave_query_out,frequency_prior,5,20260510,Inception,G0100,22,0.0,0.0,0.0,0.01282051282051282,78.0
leave_query_out,overlap_cosine,5,20260510,Inception,G0100,22,0.0,0.0,0.0,0.006097560975609756,164.0
leave_query_out,svd32_graph_embedding,5,20260510,Inception,G0100,22,0.0,0.0,0.0,0.07692307692307693,13.0
leave_query_out,random_uniform,5,20260510,VOID MANTICORE,G1055,63,0.0,0.0,0.0,0.005988023952095809,167.0
leave_query_out,frequency_prior,5,20260510,VOID MANTICORE,G1055,63,0.0,0.0,0.0,0.05555555555555555,18.0
leave_query_out,overlap_cosine,5,20260510,VOID MANTICORE,G1055,63,0.0,0.0,0.0,0.006097560975609756,164.0
leave_query_out,svd32_graph_embedding,5,20260510,VOID MANTICORE,G1055,63,0.0,0.0,1.0,0.1111111111111111,9.0
leave_query_out,random_uniform,5,20260510,Play,G1040,26,0.0,0.0,0.0,0.010416666666666666,96.0
leave_query_out,frequency_prior,5,20260510,Play,G1040,26,0.0,0.0,0.0,0.014492753623188406,69.0
leave_query_out,overlap_cosine,5,20260510,Play,G1040,26,0.0,0.0,0.0,0.006060606060606061,165.0
leave_query_out,svd32_graph_embedding,5,20260510,Play,G1040,26,0.0,0.0,0.0,0.017241379310344827,58.0
leave_query_out,random_uniform,5,20260510,PROMETHIUM,G0056,11,0.0,0.0,0.0,0.011363636363636364,88.0
leave_query_out,frequency_prior,5,20260510,PROMETHIUM,G0056,11,0.0,0.0,0.0,0.00847457627118644,118.0
leave_query_out,overlap_cosine,5,20260510,PROMETHIUM,G0056,11,0.0,0.0,0.0,0.006097560975609756,164.0
leave_query_out,svd32_graph_embedding,5,20260510,PROMETHIUM,G0056,11,0.0,0.0,0.0,0.04,25.0
leave_query_out,random_uniform,5,20260510,HEXANE,G1001,36,0.0,0.0,1.0,0.1,10.0
leave_query_out,frequency_prior,5,20260510,HEXANE,G1001,36,0.0,0.0,0.0,0.02040816326530612,49.0
leave_query_out,overlap_cosine,5,20260510,HEXANE,G1001,36,0.0,0.0,0.0,0.006172839506172839,162.0
leave_query_out,svd32_graph_embedding,5,20260510,HEXANE,G1001,36,0.0,0.0,1.0,0.16666666666666666,6.0
leave_query_out,random_uniform,5,20260510,Daggerfly,G1034,17,0.0,0.0,0.0,0.005917159763313609,169.0
leave_query_out,frequency_prior,5,20260510,Daggerfly,G1034,17,0.0,0.0,0.0,0.011235955056179775,89.0
leave_query_out,overlap_cosine,5,20260510,Daggerfly,G1034,17,0.0,0.0,0.0,0.0058823529411764705,170.0
leave_query_out,svd32_graph_embedding,5,20260510,Daggerfly,G1034,17,0.0,0.0,0.0,0.02,50.0
leave_query_out,random_uniform,5,20260510,WIRTE,G0090,26,0.0,0.0,0.0,0.006369426751592357,157.0
leave_query_out,frequency_prior,5,20260510,WIRTE,G0090,26,0.0,0.0,0.0,0.014285714285714285,70.0
leave_query_out,overlap_cosine,5,20260510,WIRTE,G0090,26,0.0,0.0,0.0,0.006024096385542169,166.0
leave_query_out,svd32_graph_embedding,5,20260510,WIRTE,G0090,26,0.0,0.0,0.0,0.058823529411764705,17.0
leave_query_out,random_uniform,5,20260510,PLATINUM,G0068,11,0.0,0.0,0.0,0.034482758620689655,29.0
leave_query_out,frequency_prior,5,20260510,PLATINUM,G0068,11,0.0,0.0,0.0,0.008547008547008548,117.0
leave_query_out,overlap_cosine,5,20260510,PLATINUM,G0068,11,0.0,0.0,0.0,0.005813953488372093,172.0
leave_query_out,svd32_graph_embedding,5,20260510,PLATINUM,G0068,11,0.0,0.0,0.0,0.015873015873015872,63.0
leave_query_out,random_uniform,5,20260510,Magic Hound,G0059,78,0.0,0.0,0.0,0.017543859649122806,57.0
leave_query_out,frequency_prior,5,20260510,Magic Hound,G0059,78,0.0,0.0,1.0,0.1111111111111111,9.0
leave_query_out,overlap_cosine,5,20260510,Magic Hound,G0059,78,0.0,0.0,0.0,0.005847953216374269,171.0
leave_query_out,svd32_graph_embedding,5,20260510,Magic Hound,G0059,78,0.0,0.0,0.0,0.06666666666666667,15.0
leave_query_out,random_uniform,5,20260510,Threat Group-3390,G0027,57,0.0,0.0,0.0,0.011494252873563218,87.0
leave_query_out,frequency_prior,5,20260510,Threat Group-3390,G0027,57,0.0,0.0,0.0,0.05,20.0
leave_query_out,overlap_cosine,5,20260510,Threat Group-3390,G0027,57,0.0,0.0,0.0,0.0058823529411764705,170.0
leave_query_out,svd32_graph_embedding,5,20260510,Threat Group-3390,G0027,57,0.0,1.0,1.0,0.25,4.0
leave_query_out,random_uniform,5,20260510,APT33,G0064,31,0.0,0.0,0.0,0.00684931506849315,146.0
leave_query_out,frequency_prior,5,20260510,APT33,G0064,31,0.0,0.0,0.0,0.017857142857142856,56.0
leave_query_out,overlap_cosine,5,20260510,APT33,G0064,31,0.0,0.0,0.0,0.005847953216374269,171.0
leave_query_out,svd32_graph_embedding,5,20260510,APT33,G0064,31,0.0,1.0,1.0,0.2,5.0
leave_query_out,random_uniform,5,20260510,FIN10,G0051,11,0.0,0.0,0.0,0.015625,64.0
leave_query_out,frequency_prior,5,20260510,FIN10,G0051,11,0.0,0.0,0.0,0.008620689655172414,116.0
leave_query_out,overlap_cosine,5,20260510,FIN10,G0051,11,0.0,0.0,0.0,0.005780346820809248,173.0
leave_query_out,svd32_graph_embedding,5,20260510,FIN10,G0051,11,0.0,0.0,0.0,0.0125,80.0
leave_query_out,random_uniform,5,20260510,FIN8,G0061,36,0.0,0.0,0.0,0.008771929824561403,114.0
leave_query_out,frequency_prior,5,20260510,FIN8,G0061,36,0.0,0.0,0.0,0.02127659574468085,47.0
leave_query_out,overlap_cosine,5,20260510,FIN8,G0061,36,0.0,0.0,0.0,0.005847953216374269,171.0
leave_query_out,svd32_graph_embedding,5,20260510,FIN8,G0061,36,0.0,0.0,0.0,0.024390243902439025,41.0
leave_query_out,random_uniform,5,20260510,FIN13,G1016,53,0.0,0.0,0.0,0.014084507042253521,71.0
leave_query_out,frequency_prior,5,20260510,FIN13,G1016,53,0.0,0.0,0.0,0.037037037037037035,27.0
leave_query_out,overlap_cosine,5,20260510,FIN13,G1016,53,0.0,0.0,0.0,0.005847953216374269,171.0
leave_query_out,svd32_graph_embedding,5,20260510,FIN13,G1016,53,0.0,1.0,1.0,0.2,5.0
leave_query_out,random_uniform,5,20260510,APT19,G0073,21,0.0,0.0,0.0,0.016129032258064516,62.0
leave_query_out,frequency_prior,5,20260510,APT19,G0073,21,0.0,0.0,0.0,0.0125,80.0
leave_query_out,overlap_cosine,5,20260510,APT19,G0073,21,0.0,0.0,0.0,0.005813953488372093,172.0
leave_query_out,svd32_graph_embedding,5,20260510,APT19,G0073,21,0.0,0.0,1.0,0.1111111111111111,9.0
noisy_query,random_uniform,5,13,APT38,G0082,56,0.0,0.0,0.0,0.008064516129032258,124.0
noisy_query,frequency_prior,5,13,APT38,G0082,56,0.0,0.0,0.0,0.041666666666666664,24.0
noisy_query,overlap_cosine,5,13,APT38,G0082,56,0.0,1.0,1.0,0.5,2.0
noisy_query,svd32_graph_embedding,5,13,APT38,G0082,56,1.0,1.0,1.0,1.0,1.0
noisy_query,random_uniform,5,13,Indrik Spider,G0119,33,0.0,0.0,0.0,0.038461538461538464,26.0
noisy_query,frequency_prior,5,13,Indrik Spider,G0119,33,0.0,0.0,0.0,0.018867924528301886,53.0
noisy_query,overlap_cosine,5,13,Indrik Spider,G0119,33,0.0,1.0,1.0,0.5,2.0
noisy_query,svd32_graph_embedding,5,13,Indrik Spider,G0119,33,0.0,0.0,1.0,0.1111111111111111,9.0
noisy_query,random_uniform,5,13,BlackByte,G1043,48,0.0,0.0,0.0,0.01,100.0
noisy_query,frequency_prior,5,13,BlackByte,G1043,48,0.0,0.0,0.0,0.03333333333333333,30.0
noisy_query,overlap_cosine,5,13,BlackByte,G1043,48,0.0,1.0,1.0,0.25,4.0
noisy_query,svd32_graph_embedding,5,13,BlackByte,G1043,48,0.0,1.0,1.0,0.5,2.0
noisy_query,random_uniform,5,13,SideCopy,G1008,16,0.0,0.0,0.0,0.05555555555555555,18.0
noisy_query,frequency_prior,5,13,SideCopy,G1008,16,0.0,0.0,0.0,0.01098901098901099,91.0
noisy_query,overlap_cosine,5,13,SideCopy,G1008,16,1.0,1.0,1.0,1.0,1.0
noisy_query,svd32_graph_embedding,5,13,SideCopy,G1008,16,0.0,1.0,1.0,0.5,2.0
noisy_query,random_uniform,5,13,GALLIUM,G0093,31,0.0,0.0,0.0,0.006097560975609756,164.0
noisy_query,frequency_prior,5,13,GALLIUM,G0093,31,0.0,0.0,0.0,0.017543859649122806,57.0
noisy_query,overlap_cosine,5,13,GALLIUM,G0093,31,1.0,1.0,1.0,1.0,1.0
noisy_query,svd32_graph_embedding,5,13,GALLIUM,G0093,31,0.0,0.0,1.0,0.125,8.0
noisy_query,random_uniform,5,13,APT3,G0022,44,0.0,0.0,0.0,0.022727272727272728,44.0
noisy_query,frequency_prior,5,13,APT3,G0022,44,0.0,0.0,0.0,0.02857142857142857,35.0
noisy_query,overlap_cosine,5,13,APT3,G0022,44,0.0,1.0,1.0,0.3333333333333333,3.0
noisy_query,svd32_graph_embedding,5,13,APT3,G0022,44,0.0,0.0,0.0,0.07142857142857142,14.0
noisy_query,random_uniform,5,13,Mustard Tempest,G1020,12,0.0,0.0,1.0,0.1111111111111111,9.0
noisy_query,frequency_prior,5,13,Mustard Tempest,G1020,12,0.0,0.0,0.0,0.009433962264150943,106.0
noisy_query,overlap_cosine,5,13,Mustard Tempest,G1020,12,1.0,1.0,1.0,1.0,1.0
noisy_query,svd32_graph_embedding,5,13,Mustard Tempest,G1020,12,0.0,1.0,1.0,0.25,4.0
noisy_query,random_uniform,5,13,Kimsuky,G0094,130,0.0,0.0,0.0,0.006756756756756757,148.0
noisy_query,frequency_prior,5,13,Kimsuky,G0094,130,1.0,1.0,1.0,1.0,1.0
noisy_query,overlap_cosine,5,13,Kimsuky,G0094,130,0.0,1.0,1.0,0.3333333333333333,3.0
noisy_query,svd32_graph_embedding,5,13,Kimsuky,G0094,130,0.0,1.0,1.0,0.5,2.0
noisy_query,random_uniform,5,13,EXOTIC LILY,G1011,15,0.0,0.0,0.0,0.009009009009009009,111.0
noisy_query,frequency_prior,5,13,EXOTIC LILY,G1011,15,0.0,0.0,0.0,0.01020408163265306,98.0
noisy_query,overlap_cosine,5,13,EXOTIC LILY,G1011,15,1.0,1.0,1.0,1.0,1.0
noisy_query,svd32_graph_embedding,5,13,EXOTIC LILY,G1011,15,1.0,1.0,1.0,1.0,1.0
noisy_query,random_uniform,5,13,admin@338,G0018,12,0.0,0.0,0.0,0.006622516556291391,151.0
noisy_query,frequency_prior,5,13,admin@338,G0018,12,0.0,0.0,0.0,0.00909090909090909,110.0
noisy_query,overlap_cosine,5,13,admin@338,G0018,12,0.0,1.0,1.0,0.5,2.0
noisy_query,svd32_graph_embedding,5,13,admin@338,G0018,12,0.0,1.0,1.0,0.5,2.0
noisy_query,random_uniform,5,13,Volt Typhoon,G1017,81,0.0,0.0,0.0,0.012195121951219513,82.0
noisy_query,frequency_prior,5,13,Volt Typhoon,G1017,81,0.0,0.0,1.0,0.16666666666666666,6.0
noisy_query,overlap_cosine,5,13,Volt Typhoon,G1017,81,0.0,0.0,0.0,0.027777777777777776,36.0
noisy_query,svd32_graph_embedding,5,13,Volt Typhoon,G1017,81,0.0,0.0,0.0,0.027777777777777776,36.0
noisy_query,random_uniform,5,13,Patchwork,G0040,41,0.0,0.0,0.0,0.006578947368421052,152.0
noisy_query,frequency_prior,5,13,Patchwork,G0040,41,0.0,0.0,0.0,0.025,40.0
noisy_query,overlap_cosine,5,13,Patchwork,G0040,41,0.0,1.0,1.0,0.5,2.0
noisy_query,svd32_graph_embedding,5,13,Patchwork,G0040,41,0.0,0.0,1.0,0.1,10.0
noisy_query,random_uniform,5,13,APT41,G0096,82,0.0,0.0,0.0,0.022222222222222223,45.0
noisy_query,frequency_prior,5,13,APT41,G0096,82,0.0,1.0,1.0,0.2,5.0
noisy_query,overlap_cosine,5,13,APT41,G0096,82,0.0,1.0,1.0,0.3333333333333333,3.0
noisy_query,svd32_graph_embedding,5,13,APT41,G0096,82,1.0,1.0,1.0,1.0,1.0
noisy_query,random_uniform,5,13,Salt Typhoon,G1045,14,0.0,0.0,0.0,0.03225806451612903,31.0
noisy_query,frequency_prior,5,13,Salt Typhoon,G1045,14,0.0,0.0,0.0,0.00980392156862745,102.0
noisy_query,overlap_cosine,5,13,Salt Typhoon,G1045,14,1.0,1.0,1.0,1.0,1.0
noisy_query,svd32_graph_embedding,5,13,Salt Typhoon,G1045,14,1.0,1.0,1.0,1.0,1.0
noisy_query,random_uniform,5,13,Dragonfly,G0035,56,0.0,0.0,0.0,0.04,25.0
noisy_query,frequency_prior,5,13,Dragonfly,G0035,56,0.0,0.0,0.0,0.045454545454545456,22.0
noisy_query,overlap_cosine,5,13,Dragonfly,G0035,56,0.0,1.0,1.0,0.5,2.0
noisy_query,svd32_graph_embedding,5,13,Dragonfly,G0035,56,0.0,1.0,1.0,0.5,2.0
noisy_query,random_uniform,5,13,Evilnum,G0120,11,0.0,0.0,0.0,0.007462686567164179,134.0
noisy_query,frequency_prior,5,13,Evilnum,G0120,11,0.0,0.0,0.0,0.008403361344537815,119.0
noisy_query,overlap_cosine,5,13,Evilnum,G0120,11,1.0,1.0,1.0,1.0,1.0
noisy_query,svd32_graph_embedding,5,13,Evilnum,G0120,11,1.0,1.0,1.0,1.0,1.0
noisy_query,random_uniform,5,13,Gorgon Group,G0078,16,0.0,0.0,0.0,0.006493506493506494,154.0
noisy_query,frequency_prior,5,13,Gorgon Group,G0078,16,0.0,0.0,0.0,0.010526315789473684,95.0
noisy_query,overlap_cosine,5,13,Gorgon Group,G0078,16,1.0,1.0,1.0,1.0,1.0
noisy_query,svd32_graph_embedding,5,13,Gorgon Group,G0078,16,1.0,1.0,1.0,1.0,1.0
noisy_query,random_uniform,5,13,menuPass,G0045,46,0.0,0.0,0.0,0.007633587786259542,131.0
noisy_query,frequency_prior,5,13,menuPass,G0045,46,0.0,0.0,0.0,0.030303030303030304,33.0
noisy_query,overlap_cosine,5,13,menuPass,G0045,46,0.0,1.0,1.0,0.2,5.0
noisy_query,svd32_graph_embedding,5,13,menuPass,G0045,46,0.0,1.0,1.0,0.2,5.0
noisy_query,random_uniform,5,13,APT32,G0050,78,0.0,0.0,0.0,0.009174311926605505,109.0
noisy_query,frequency_prior,5,13,APT32,G0050,78,0.0,0.0,1.0,0.125,8.0
noisy_query,overlap_cosine,5,13,APT32,G0050,78,0.0,1.0,1.0,0.2,5.0
noisy_query,svd32_graph_embedding,5,13,APT32,G0050,78,0.0,0.0,0.0,0.0625,16.0
noisy_query,random_uniform,5,13,HAFNIUM,G0125,44,0.0,0.0,0.0,0.005813953488372093,172.0
noisy_query,frequency_prior,5,13,HAFNIUM,G0125,44,0.0,0.0,0.0,0.027777777777777776,36.0
noisy_query,overlap_cosine,5,13,HAFNIUM,G0125,44,0.0,1.0,1.0,0.3333333333333333,3.0
noisy_query,svd32_graph_embedding,5,13,HAFNIUM,G0125,44,0.0,1.0,1.0,0.5,2.0
noisy_query,random_uniform,5,13,MuddyWater,G0069,68,0.0,0.0,0.0,0.005813953488372093,172.0
noisy_query,frequency_prior,5,13,MuddyWater,G0069,68,0.0,0.0,0.0,0.08333333333333333,12.0
noisy_query,overlap_cosine,5,13,MuddyWater,G0069,68,0.0,0.0,0.0,0.058823529411764705,17.0
noisy_query,svd32_graph_embedding,5,13,MuddyWater,G0069,68,0.0,0.0,0.0,0.01639344262295082,61.0
noisy_query,random_uniform,5,13,Naikon,G0019,14,0.0,0.0,0.0,0.005780346820809248,173.0
noisy_query,frequency_prior,5,13,Naikon,G0019,14,0.0,0.0,0.0,0.009708737864077669,103.0
noisy_query,overlap_cosine,5,13,Naikon,G0019,14,1.0,1.0,1.0,1.0,1.0
noisy_query,svd32_graph_embedding,5,13,Naikon,G0019,14,0.0,1.0,1.0,0.2,5.0
noisy_query,random_uniform,5,13,FIN6,G0037,40,0.0,0.0,0.0,0.006172839506172839,162.0
noisy_query,frequency_prior,5,13,FIN6,G0037,40,0.0,0.0,0.0,0.022222222222222223,45.0
noisy_query,overlap_cosine,5,13,FIN6,G0037,40,0.0,1.0,1.0,0.5,2.0
noisy_query,svd32_graph_embedding,5,13,FIN6,G0037,40,0.0,1.0,1.0,0.3333333333333333,3.0
noisy_query,random_uniform,5,13,Gamaredon Group,G0047,70,0.0,0.0,0.0,0.005952380952380952,168.0
noisy_query,frequency_prior,5,13,Gamaredon Group,G0047,70,0.0,0.0,0.0,0.09090909090909091,11.0
noisy_query,overlap_cosine,5,13,Gamaredon Group,G0047,70,0.0,0.0,0.0,0.06666666666666667,15.0
noisy_query,svd32_graph_embedding,5,13,Gamaredon Group,G0047,70,0.0,0.0,0.0,0.058823529411764705,17.0
noisy_query,random_uniform,5,13,Storm-1811,G1046,31,0.0,0.0,0.0,0.06666666666666667,15.0
noisy_query,frequency_prior,5,13,Storm-1811,G1046,31,0.0,0.0,0.0,0.01818181818181818,55.0
noisy_query,overlap_cosine,5,13,Storm-1811,G1046,31,0.0,1.0,1.0,0.3333333333333333,3.0
noisy_query,svd32_graph_embedding,5,13,Storm-1811,G1046,31,0.0,0.0,1.0,0.125,8.0
noisy_query,random_uniform,5,13,Leafminer,G0077,17,0.0,0.0,0.0,0.02857142857142857,35.0
noisy_query,frequency_prior,5,13,Leafminer,G0077,17,0.0,0.0,0.0,0.011111111111111112,90.0
noisy_query,overlap_cosine,5,13,Leafminer,G0077,17,1.0,1.0,1.0,1.0,1.0
noisy_query,svd32_graph_embedding,5,13,Leafminer,G0077,17,0.0,0.0,0.0,0.07142857142857142,14.0
noisy_query,random_uniform,5,13,TeamTNT,G0139,56,0.0,0.0,1.0,0.16666666666666666,6.0
noisy_query,frequency_prior,5,13,TeamTNT,G0139,56,0.0,0.0,0.0,0.043478260869565216,23.0
noisy_query,overlap_cosine,5,13,TeamTNT,G0139,56,0.0,0.0,1.0,0.1111111111111111,9.0
noisy_query,svd32_graph_embedding,5,13,TeamTNT,G0139,56,0.0,0.0,1.0,0.1,10.0
noisy_query,random_uniform,5,13,FIN7,G0046,67,0.0,0.0,0.0,0.03225806451612903,31.0
noisy_query,frequency_prior,5,13,FIN7,G0046,67,0.0,0.0,0.0,0.07142857142857142,14.0
noisy_query,overlap_cosine,5,13,FIN7,G0046,67,0.0,0.0,0.0,0.07142857142857142,14.0
noisy_query,svd32_graph_embedding,5,13,FIN7,G0046,67,0.0,0.0,0.0,0.05555555555555555,18.0
noisy_query,random_uniform,5,13,Sandworm Team,G0034,79,0.0,0.0,0.0,0.058823529411764705,17.0
noisy_query,frequency_prior,5,13,Sandworm Team,G0034,79,0.0,0.0,1.0,0.14285714285714285,7.0
noisy_query,overlap_cosine,5,13,Sandworm Team,G0034,79,0.0,0.0,0.0,0.034482758620689655,29.0
noisy_query,svd32_graph_embedding,5,13,Sandworm Team,G0034,79,0.0,0.0,0.0,0.022222222222222223,45.0
noisy_query,random_uniform,5,13,Machete,G0095,11,0.0,1.0,1.0,0.5,2.0
noisy_query,frequency_prior,5,13,Machete,G0095,11,0.0,0.0,0.0,0.008771929824561403,114.0
noisy_query,overlap_cosine,5,13,Machete,G0095,11,1.0,1.0,1.0,1.0,1.0
noisy_query,svd32_graph_embedding,5,13,Machete,G0095,11,0.0,0.0,1.0,0.14285714285714285,7.0
noisy_query,random_uniform,5,13,APT18,G0026,12,0.0,0.0,0.0,0.021739130434782608,46.0
noisy_query,frequency_prior,5,13,APT18,G0026,12,0.0,0.0,0.0,0.009345794392523364,107.0
noisy_query,overlap_cosine,5,13,APT18,G0026,12,1.0,1.0,1.0,1.0,1.0
noisy_query,svd32_graph_embedding,5,13,APT18,G0026,12,1.0,1.0,1.0,1.0,1.0
noisy_query,random_uniform,5,13,Andariel,G0138,12,0.0,0.0,0.0,0.006329113924050633,158.0
noisy_query,frequency_prior,5,13,Andariel,G0138,12,0.0,0.0,0.0,0.009259259259259259,108.0
noisy_query,overlap_cosine,5,13,Andariel,G0138,12,1.0,1.0,1.0,1.0,1.0
noisy_query,svd32_graph_embedding,5,13,Andariel,G0138,12,0.0,1.0,1.0,0.5,2.0
noisy_query,random_uniform,5,13,CURIUM,G1012,19,0.0,0.0,0.0,0.013333333333333334,75.0
noisy_query,frequency_prior,5,13,CURIUM,G1012,19,0.0,0.0,0.0,0.012048192771084338,83.0
noisy_query,overlap_cosine,5,13,CURIUM,G1012,19,1.0,1.0,1.0,1.0,1.0
noisy_query,svd32_graph_embedding,5,13,CURIUM,G1012,19,1.0,1.0,1.0,1.0,1.0
noisy_query,random_uniform,5,13,Sidewinder,G0121,30,0.0,0.0,0.0,0.017543859649122806,57.0
noisy_query,frequency_prior,5,13,Sidewinder,G0121,30,0.0,0.0,0.0,0.017241379310344827,58.0
noisy_query,overlap_cosine,5,13,Sidewinder,G0121,30,1.0,1.0,1.0,1.0,1.0
noisy_query,svd32_graph_embedding,5,13,Sidewinder,G0121,30,0.0,0.0,1.0,0.1,10.0
noisy_query,random_uniform,5,13,Mustang Panda,G0129,85,0.0,0.0,0.0,0.03225806451612903,31.0
noisy_query,frequency_prior,5,13,Mustang Panda,G0129,85,0.0,1.0,1.0,0.25,4.0
noisy_query,overlap_cosine,5,13,Mustang Panda,G0129,85,0.0,0.0,0.0,0.058823529411764705,17.0
noisy_query,svd32_graph_embedding,5,13,Mustang Panda,G0129,85,0.0,0.0,0.0,0.029411764705882353,34.0
noisy_query,random_uniform,5,13,ZIRCONIUM,G0128,29,0.0,0.0,0.0,0.08333333333333333,12.0
noisy_query,frequency_prior,5,13,ZIRCONIUM,G0128,29,0.0,0.0,0.0,0.016666666666666666,60.0
noisy_query,overlap_cosine,5,13,ZIRCONIUM,G0128,29,0.0,1.0,1.0,0.3333333333333333,3.0
noisy_query,svd32_graph_embedding,5,13,ZIRCONIUM,G0128,29,0.0,0.0,1.0,0.16666666666666666,6.0
noisy_query,random_uniform,5,13,Rocke,G0106,36,0.0,0.0,0.0,0.022727272727272728,44.0
noisy_query,frequency_prior,5,13,Rocke,G0106,36,0.0,0.0,0.0,0.020833333333333332,48.0
noisy_query,overlap_cosine,5,13,Rocke,G0106,36,1.0,1.0,1.0,1.0,1.0
noisy_query,svd32_graph_embedding,5,13,Rocke,G0106,36,0.0,1.0,1.0,0.5,2.0
noisy_query,random_uniform,5,13,Scattered Spider,G1015,64,0.0,0.0,0.0,0.006211180124223602,161.0
noisy_query,frequency_prior,5,13,Scattered Spider,G1015,64,0.0,0.0,0.0,0.0625,16.0
noisy_query,overlap_cosine,5,13,Scattered Spider,G1015,64,1.0,1.0,1.0,1.0,1.0
noisy_query,svd32_graph_embedding,5,13,Scattered Spider,G1015,64,1.0,1.0,1.0,1.0,1.0
noisy_query,random_uniform,5,13,APT39,G0087,53,0.0,0.0,0.0,0.013513513513513514,74.0
noisy_query,frequency_prior,5,13,APT39,G0087,53,0.0,0.0,0.0,0.038461538461538464,26.0
noisy_query,overlap_cosine,5,13,APT39,G0087,53,0.0,0.0,1.0,0.16666666666666666,6.0
noisy_query,svd32_graph_embedding,5,13,APT39,G0087,53,0.0,0.0,0.0,0.07692307692307693,13.0
noisy_query,random_uniform,5,13,UNC3886,G1048,49,0.0,0.0,0.0,0.006944444444444444,144.0
noisy_query,frequency_prior,5,13,UNC3886,G1048,49,0.0,0.0,0.0,0.034482758620689655,29.0
noisy_query,overlap_cosine,5,13,UNC3886,G1048,49,1.0,1.0,1.0,1.0,1.0
noisy_query,svd32_graph_embedding,5,13,UNC3886,G1048,49,1.0,1.0,1.0,1.0,1.0
noisy_query,random_uniform,5,13,Contagious Interview,G1052,54,0.0,0.0,0.0,0.012658227848101266,79.0
noisy_query,frequency_prior,5,13,Contagious Interview,G1052,54,0.0,0.0,0.0,0.04,25.0
noisy_query,overlap_cosine,5,13,Contagious Interview,G1052,54,0.0,1.0,1.0,0.25,4.0
noisy_query,svd32_graph_embedding,5,13,Contagious Interview,G1052,54,0.0,1.0,1.0,0.2,5.0
noisy_query,random_uniform,5,13,TA2541,G1018,28,0.0,0.0,0.0,0.038461538461538464,26.0
noisy_query,frequency_prior,5,13,TA2541,G1018,28,0.0,0.0,0.0,0.015873015873015872,63.0
noisy_query,overlap_cosine,5,13,TA2541,G1018,28,0.0,1.0,1.0,0.25,4.0
noisy_query,svd32_graph_embedding,5,13,TA2541,G1018,28,0.0,1.0,1.0,0.25,4.0
noisy_query,random_uniform,5,13,Akira,G1024,17,0.0,0.0,0.0,0.008771929824561403,114.0
noisy_query,frequency_prior,5,13,Akira,G1024,17,0.0,0.0,0.0,0.011363636363636364,88.0
noisy_query,overlap_cosine,5,13,Akira,G1024,17,1.0,1.0,1.0,1.0,1.0
noisy_query,svd32_graph_embedding,5,13,Akira,G1024,17,1.0,1.0,1.0,1.0,1.0
noisy_query,random_uniform,5,13,APT37,G0067,29,0.0,0.0,0.0,0.00909090909090909,110.0
noisy_query,frequency_prior,5,13,APT37,G0067,29,0.0,0.0,0.0,0.01639344262295082,61.0
noisy_query,overlap_cosine,5,13,APT37,G0067,29,1.0,1.0,1.0,1.0,1.0
noisy_query,svd32_graph_embedding,5,13,APT37,G0067,29,0.0,0.0,0.0,0.022222222222222223,45.0
noisy_query,random_uniform,5,13,Moses Staff,G1009,12,0.0,0.0,0.0,0.010416666666666666,96.0
noisy_query,frequency_prior,5,13,Moses Staff,G1009,12,0.0,0.0,0.0,0.008928571428571428,112.0
noisy_query,overlap_cosine,5,13,Moses Staff,G1009,12,1.0,1.0,1.0,1.0,1.0
noisy_query,svd32_graph_embedding,5,13,Moses Staff,G1009,12,1.0,1.0,1.0,1.0,1.0
noisy_query,random_uniform,5,13,OilRig,G0049,76,0.0,0.0,0.0,0.01818181818181818,55.0
noisy_query,frequency_prior,5,13,OilRig,G0049,76,0.0,0.0,1.0,0.1,10.0
noisy_query,overlap_cosine,5,13,OilRig,G0049,76,0.0,0.0,1.0,0.14285714285714285,7.0
noisy_query,svd32_graph_embedding,5,13,OilRig,G0049,76,0.0,0.0,0.0,0.0625,16.0
noisy_query,random_uniform,5,13,Higaisa,G0126,28,0.0,0.0,0.0,0.02040816326530612,49.0
noisy_query,frequency_prior,5,13,Higaisa,G0126,28,0.0,0.0,0.0,0.015625,64.0
noisy_query,overlap_cosine,5,13,Higaisa,G0126,28,0.0,1.0,1.0,0.5,2.0
noisy_query,svd32_graph_embedding,5,13,Higaisa,G0126,28,0.0,1.0,1.0,0.3333333333333333,3.0
noisy_query,random_uniform,5,13,Tropic Trooper,G0081,40,1.0,1.0,1.0,1.0,1.0
noisy_query,frequency_prior,5,13,Tropic Trooper,G0081,40,0.0,0.0,0.0,0.023255813953488372,43.0
noisy_query,overlap_cosine,5,13,Tropic Trooper,G0081,40,0.0,1.0,1.0,0.5,2.0
noisy_query,svd32_graph_embedding,5,13,Tropic Trooper,G0081,40,0.0,0.0,1.0,0.125,8.0
noisy_query,random_uniform,5,13,Sea Turtle,G1041,27,0.0,0.0,0.0,0.014925373134328358,67.0
noisy_query,frequency_prior,5,13,Sea Turtle,G1041,27,0.0,0.0,0.0,0.014705882352941176,68.0
noisy_query,overlap_cosine,5,13,Sea Turtle,G1041,27,1.0,1.0,1.0,1.0,1.0
noisy_query,svd32_graph_embedding,5,13,Sea Turtle,G1041,27,1.0,1.0,1.0,1.0,1.0
noisy_query,random_uniform,5,13,Aquatic Panda,G0143,35,0.0,0.0,0.0,0.019230769230769232,52.0
noisy_query,frequency_prior,5,13,Aquatic Panda,G0143,35,0.0,0.0,0.0,0.02,50.0
noisy_query,overlap_cosine,5,13,Aquatic Panda,G0143,35,1.0,1.0,1.0,1.0,1.0
noisy_query,svd32_graph_embedding,5,13,Aquatic Panda,G0143,35,0.0,1.0,1.0,0.3333333333333333,3.0
noisy_query,random_uniform,5,13,Ke3chang,G0004,46,0.0,0.0,0.0,0.013333333333333334,75.0
noisy_query,frequency_prior,5,13,Ke3chang,G0004,46,0.0,0.0,0.0,0.03125,32.0
noisy_query,overlap_cosine,5,13,Ke3chang,G0004,46,0.0,1.0,1.0,0.3333333333333333,3.0
noisy_query,svd32_graph_embedding,5,13,Ke3chang,G0004,46,0.0,0.0,0.0,0.05,20.0
noisy_query,random_uniform,5,13,Saint Bear,G1031,18,0.0,0.0,0.0,0.013333333333333334,75.0
noisy_query,frequency_prior,5,13,Saint Bear,G1031,18,0.0,0.0,0.0,0.011494252873563218,87.0
noisy_query,overlap_cosine,5,13,Saint Bear,G1031,18,0.0,0.0,1.0,0.14285714285714285,7.0
noisy_query,svd32_graph_embedding,5,13,Saint Bear,G1031,18,0.0,1.0,1.0,0.2,5.0
noisy_query,random_uniform,5,13,APT1,G0006,23,0.0,1.0,1.0,0.2,5.0
noisy_query,frequency_prior,5,13,APT1,G0006,23,0.0,0.0,0.0,0.013513513513513514,74.0
noisy_query,overlap_cosine,5,13,APT1,G0006,23,0.0,1.0,1.0,0.25,4.0
noisy_query,svd32_graph_embedding,5,13,APT1,G0006,23,0.0,0.0,1.0,0.16666666666666666,6.0
noisy_query,random_uniform,5,13,Confucius,G0142,19,0.0,0.0,0.0,0.013888888888888888,72.0
noisy_query,frequency_prior,5,13,Confucius,G0142,19,0.0,0.0,0.0,0.011627906976744186,86.0
noisy_query,overlap_cosine,5,13,Confucius,G0142,19,0.0,1.0,1.0,0.3333333333333333,3.0
noisy_query,svd32_graph_embedding,5,13,Confucius,G0142,19,0.0,0.0,0.0,0.09090909090909091,11.0
noisy_query,random_uniform,5,13,BlackTech,G0098,14,0.0,0.0,0.0,0.0196078431372549,51.0
noisy_query,frequency_prior,5,13,BlackTech,G0098,14,0.0,0.0,0.0,0.009900990099009901,101.0
noisy_query,overlap_cosine,5,13,BlackTech,G0098,14,1.0,1.0,1.0,1.0,1.0
noisy_query,svd32_graph_embedding,5,13,BlackTech,G0098,14,0.0,0.0,0.0,0.045454545454545456,22.0
noisy_query,random_uniform,5,13,Leviathan,G0065,50,0.0,0.0,0.0,0.01020408163265306,98.0
noisy_query,frequency_prior,5,13,Leviathan,G0065,50,0.0,0.0,0.0,0.03571428571428571,28.0
noisy_query,overlap_cosine,5,13,Leviathan,G0065,50,0.0,1.0,1.0,0.25,4.0
noisy_query,svd32_graph_embedding,5,13,Leviathan,G0065,50,0.0,1.0,1.0,0.3333333333333333,3.0
noisy_query,random_uniform,5,13,Blue Mockingbird,G0108,22,0.0,0.0,0.0,0.0064516129032258064,155.0
noisy_query,frequency_prior,5,13,Blue Mockingbird,G0108,22,0.0,0.0,0.0,0.013157894736842105,76.0
noisy_query,overlap_cosine,5,13,Blue Mockingbird,G0108,22,0.0,1.0,1.0,0.25,4.0
noisy_query,svd32_graph_embedding,5,13,Blue Mockingbird,G0108,22,0.0,1.0,1.0,0.3333333333333333,3.0
noisy_query,random_uniform,5,13,Winter Vivern,G1035,27,0.0,0.0,0.0,0.007042253521126761,142.0
noisy_query,frequency_prior,5,13,Winter Vivern,G1035,27,0.0,0.0,0.0,0.014925373134328358,67.0
noisy_query,overlap_cosine,5,13,Winter Vivern,G1035,27,1.0,1.0,1.0,1.0,1.0
noisy_query,svd32_graph_embedding,5,13,Winter Vivern,G1035,27,0.0,1.0,1.0,0.3333333333333333,3.0
noisy_query,random_uniform,5,13,Turla,G0010,68,0.0,1.0,1.0,0.5,2.0
noisy_query,frequency_prior,5,13,Turla,G0010,68,0.0,0.0,0.0,0.07692307692307693,13.0
noisy_query,overlap_cosine,5,13,Turla,G0010,68,0.0,0.0,1.0,0.16666666666666666,6.0
noisy_query,svd32_graph_embedding,5,13,Turla,G0010,68,0.0,0.0,1.0,0.14285714285714285,7.0
noisy_query,random_uniform,5,13,Storm-0501,G1053,42,0.0,0.0,0.0,0.013888888888888888,72.0
noisy_query,frequency_prior,5,13,Storm-0501,G1053,42,0.0,0.0,0.0,0.02564102564102564,39.0
noisy_query,overlap_cosine,5,13,Storm-0501,G1053,42,1.0,1.0,1.0,1.0,1.0
noisy_query,svd32_graph_embedding,5,13,Storm-0501,G1053,42,1.0,1.0,1.0,1.0,1.0
noisy_query,random_uniform,5,13,TA505,G0092,34,0.0,0.0,0.0,0.006369426751592357,157.0
noisy_query,frequency_prior,5,13,TA505,G0092,34,0.0,0.0,0.0,0.019230769230769232,52.0
noisy_query,overlap_cosine,5,13,TA505,G0092,34,0.0,1.0,1.0,0.3333333333333333,3.0
noisy_query,svd32_graph_embedding,5,13,TA505,G0092,34,0.0,0.0,0.0,0.05263157894736842,19.0
noisy_query,random_uniform,5,13,BITTER,G1002,16,0.0,0.0,0.0,0.0136986301369863,73.0
noisy_query,frequency_prior,5,13,BITTER,G1002,16,0.0,0.0,0.0,0.010416666666666666,96.0
noisy_query,overlap_cosine,5,13,BITTER,G1002,16,0.0,1.0,1.0,0.2,5.0
noisy_query,svd32_graph_embedding,5,13,BITTER,G1002,16,0.0,0.0,0.0,0.07692307692307693,13.0
noisy_query,random_uniform,5,13,DarkVishnya,G0105,10,0.0,0.0,0.0,0.041666666666666664,24.0
noisy_query,frequency_prior,5,13,DarkVishnya,G0105,10,0.0,0.0,0.0,0.008264462809917356,121.0
noisy_query,overlap_cosine,5,13,DarkVishnya,G0105,10,1.0,1.0,1.0,1.0,1.0
noisy_query,svd32_graph_embedding,5,13,DarkVishnya,G0105,10,0.0,1.0,1.0,0.5,2.0
noisy_query,random_uniform,5,13,RedCurl,G1039,41,0.0,0.0,0.0,0.008547008547008548,117.0
noisy_query,frequency_prior,5,13,RedCurl,G1039,41,0.0,0.0,0.0,0.024390243902439025,41.0
noisy_query,overlap_cosine,5,13,RedCurl,G1039,41,1.0,1.0,1.0,1.0,1.0
noisy_query,svd32_graph_embedding,5,13,RedCurl,G1039,41,1.0,1.0,1.0,1.0,1.0
noisy_query,random_uniform,5,13,FIN5,G0053,11,0.0,0.0,0.0,0.037037037037037035,27.0
noisy_query,frequency_prior,5,13,FIN5,G0053,11,0.0,0.0,0.0,0.008695652173913044,115.0
noisy_query,overlap_cosine,5,13,FIN5,G0053,11,1.0,1.0,1.0,1.0,1.0
noisy_query,svd32_graph_embedding,5,13,FIN5,G0053,11,0.0,1.0,1.0,0.3333333333333333,3.0
noisy_query,random_uniform,5,13,Lotus Blossom,G0030,21,0.0,0.0,0.0,0.007692307692307693,130.0
noisy_query,frequency_prior,5,13,Lotus Blossom,G0030,21,0.0,0.0,0.0,0.012658227848101266,79.0
noisy_query,overlap_cosine,5,13,Lotus Blossom,G0030,21,0.0,1.0,1.0,0.5,2.0
noisy_query,svd32_graph_embedding,5,13,Lotus Blossom,G0030,21,1.0,1.0,1.0,1.0,1.0
noisy_query,random_uniform,5,13,Stealth Falcon,G0038,16,0.0,0.0,0.0,0.006493506493506494,154.0
noisy_query,frequency_prior,5,13,Stealth Falcon,G0038,16,0.0,0.0,0.0,0.010752688172043012,93.0
noisy_query,overlap_cosine,5,13,Stealth Falcon,G0038,16,1.0,1.0,1.0,1.0,1.0
noisy_query,svd32_graph_embedding,5,13,Stealth Falcon,G0038,16,0.0,1.0,1.0,0.5,2.0
noisy_query,random_uniform,5,13,APT29,G0016,66,0.0,0.0,0.0,0.022222222222222223,45.0
noisy_query,frequency_prior,5,13,APT29,G0016,66,0.0,0.0,0.0,0.06666666666666667,15.0
noisy_query,overlap_cosine,5,13,APT29,G0016,66,0.0,1.0,1.0,0.25,4.0
noisy_query,svd32_graph_embedding,5,13,APT29,G0016,66,1.0,1.0,1.0,1.0,1.0
noisy_query,random_uniform,5,13,Dark Caracal,G0070,12,0.0,0.0,0.0,0.01818181818181818,55.0
noisy_query,frequency_prior,5,13,Dark Caracal,G0070,12,0.0,0.0,0.0,0.009174311926605505,109.0
noisy_query,overlap_cosine,5,13,Dark Caracal,G0070,12,1.0,1.0,1.0,1.0,1.0
noisy_query,svd32_graph_embedding,5,13,Dark Caracal,G0070,12,0.0,1.0,1.0,0.5,2.0
noisy_query,random_uniform,5,13,Cinnamon Tempest,G1021,19,0.0,0.0,0.0,0.005988023952095809,167.0
noisy_query,frequency_prior,5,13,Cinnamon Tempest,G1021,19,0.0,0.0,0.0,0.011904761904761904,84.0
noisy_query,overlap_cosine,5,13,Cinnamon Tempest,G1021,19,1.0,1.0,1.0,1.0,1.0
noisy_query,svd32_graph_embedding,5,13,Cinnamon Tempest,G1021,19,0.0,0.0,1.0,0.16666666666666666,6.0
noisy_query,random_uniform,5,13,Chimera,G0114,59,0.0,0.0,0.0,0.034482758620689655,29.0
noisy_query,frequency_prior,5,13,Chimera,G0114,59,0.0,0.0,0.0,0.05263157894736842,19.0
noisy_query,overlap_cosine,5,13,Chimera,G0114,59,0.0,1.0,1.0,0.2,5.0
noisy_query,svd32_graph_embedding,5,13,Chimera,G0114,59,0.0,0.0,1.0,0.125,8.0
noisy_query,random_uniform,5,13,MirrorFace,G1054,43,0.0,0.0,0.0,0.006578947368421052,152.0
noisy_query,frequency_prior,5,13,MirrorFace,G1054,43,0.0,0.0,0.0,0.02631578947368421,38.0
noisy_query,overlap_cosine,5,13,MirrorFace,G1054,43,0.0,0.0,0.0,0.037037037037037035,27.0
noisy_query,svd32_graph_embedding,5,13,MirrorFace,G1054,43,0.0,0.0,0.0,0.015873015873015872,63.0
noisy_query,random_uniform,5,13,Silent Librarian,G0122,13,0.0,0.0,0.0,0.008,125.0
noisy_query,frequency_prior,5,13,Silent Librarian,G0122,13,0.0,0.0,0.0,0.009523809523809525,105.0
noisy_query,overlap_cosine,5,13,Silent Librarian,G0122,13,1.0,1.0,1.0,1.0,1.0
noisy_query,svd32_graph_embedding,5,13,Silent Librarian,G0122,13,1.0,1.0,1.0,1.0,1.0
noisy_query,random_uniform,5,13,Medusa Group,G1051,57,0.0,0.0,0.0,0.006578947368421052,152.0
noisy_query,frequency_prior,5,13,Medusa Group,G1051,57,0.0,0.0,0.0,0.047619047619047616,21.0
noisy_query,overlap_cosine,5,13,Medusa Group,G1051,57,0.0,1.0,1.0,0.25,4.0
noisy_query,svd32_graph_embedding,5,13,Medusa Group,G1051,57,0.0,0.0,0.0,0.045454545454545456,22.0
noisy_query,random_uniform,5,13,BRONZE BUTLER,G0060,40,0.0,0.0,0.0,0.05263157894736842,19.0
noisy_query,frequency_prior,5,13,BRONZE BUTLER,G0060,40,0.0,0.0,0.0,0.022727272727272728,44.0
noisy_query,overlap_cosine,5,13,BRONZE BUTLER,G0060,40,0.0,0.0,0.0,0.03333333333333333,30.0
noisy_query,svd32_graph_embedding,5,13,BRONZE BUTLER,G0060,40,0.0,0.0,0.0,0.030303030303030304,33.0
noisy_query,random_uniform,5,13,TA551,G0127,14,0.0,0.0,0.0,0.01639344262295082,61.0
noisy_query,frequency_prior,5,13,TA551,G0127,14,0.0,0.0,0.0,0.01,100.0
noisy_query,overlap_cosine,5,13,TA551,G0127,14,1.0,1.0,1.0,1.0,1.0
noisy_query,svd32_graph_embedding,5,13,TA551,G0127,14,1.0,1.0,1.0,1.0,1.0
noisy_query,random_uniform,5,13,BackdoorDiplomacy,G0135,15,0.0,0.0,0.0,0.010309278350515464,97.0
noisy_query,frequency_prior,5,13,BackdoorDiplomacy,G0135,15,0.0,0.0,0.0,0.010101010101010102,99.0
noisy_query,overlap_cosine,5,13,BackdoorDiplomacy,G0135,15,0.0,1.0,1.0,0.3333333333333333,3.0
noisy_query,svd32_graph_embedding,5,13,BackdoorDiplomacy,G0135,15,0.0,1.0,1.0,0.25,4.0
noisy_query,random_uniform,5,13,Star Blizzard,G1033,20,0.0,0.0,0.0,0.008695652173913044,115.0
noisy_query,frequency_prior,5,13,Star Blizzard,G1033,20,0.0,0.0,0.0,0.012195121951219513,82.0
noisy_query,overlap_cosine,5,13,Star Blizzard,G1033,20,1.0,1.0,1.0,1.0,1.0
noisy_query,svd32_graph_embedding,5,13,Star Blizzard,G1033,20,1.0,1.0,1.0,1.0,1.0
noisy_query,random_uniform,5,13,Darkhotel,G0012,24,1.0,1.0,1.0,1.0,1.0
noisy_query,frequency_prior,5,13,Darkhotel,G0012,24,0.0,0.0,0.0,0.0136986301369863,73.0
noisy_query,overlap_cosine,5,13,Darkhotel,G0012,24,0.0,1.0,1.0,0.5,2.0
noisy_query,svd32_graph_embedding,5,13,Darkhotel,G0012,24,0.0,0.0,0.0,0.047619047619047616,21.0
noisy_query,random_uniform,5,13,Axiom,G0001,16,0.0,0.0,0.0,0.09090909090909091,11.0
noisy_query,frequency_prior,5,13,Axiom,G0001,16,0.0,0.0,0.0,0.010638297872340425,94.0
noisy_query,overlap_cosine,5,13,Axiom,G0001,16,1.0,1.0,1.0,1.0,1.0
noisy_query,svd32_graph_embedding,5,13,Axiom,G0001,16,1.0,1.0,1.0,1.0,1.0
noisy_query,random_uniform,5,13,Deep Panda,G0009,10,0.0,0.0,0.0,0.014925373134328358,67.0
noisy_query,frequency_prior,5,13,Deep Panda,G0009,10,0.0,0.0,0.0,0.008333333333333333,120.0
noisy_query,overlap_cosine,5,13,Deep Panda,G0009,10,1.0,1.0,1.0,1.0,1.0
noisy_query,svd32_graph_embedding,5,13,Deep Panda,G0009,10,1.0,1.0,1.0,1.0,1.0
noisy_query,random_uniform,5,13,Ember Bear,G1003,47,0.0,0.0,0.0,0.011904761904761904,84.0
noisy_query,frequency_prior,5,13,Ember Bear,G1003,47,0.0,0.0,0.0,0.03225806451612903,31.0
noisy_query,overlap_cosine,5,13,Ember Bear,G1003,47,0.0,0.0,1.0,0.125,8.0
noisy_query,svd32_graph_embedding,5,13,Ember Bear,G1003,47,0.0,0.0,1.0,0.125,8.0
noisy_query,random_uniform,5,13,LazyScripter,G0140,20,0.0,0.0,0.0,0.009259259259259259,108.0
noisy_query,frequency_prior,5,13,LazyScripter,G0140,20,0.0,0.0,0.0,0.012345679012345678,81.0
noisy_query,overlap_cosine,5,13,LazyScripter,G0140,20,0.0,1.0,1.0,0.5,2.0
noisy_query,svd32_graph_embedding,5,13,LazyScripter,G0140,20,0.0,0.0,1.0,0.16666666666666666,6.0
noisy_query,random_uniform,5,13,Windshift,G0112,19,0.0,0.0,0.0,0.008130081300813009,123.0
noisy_query,frequency_prior,5,13,Windshift,G0112,19,0.0,0.0,0.0,0.011764705882352941,85.0
noisy_query,overlap_cosine,5,13,Windshift,G0112,19,0.0,1.0,1.0,0.3333333333333333,3.0
noisy_query,svd32_graph_embedding,5,13,Windshift,G0112,19,0.0,1.0,1.0,0.5,2.0
noisy_query,random_uniform,5,13,ToddyCat,G1022,25,0.0,0.0,0.0,0.008130081300813009,123.0
noisy_query,frequency_prior,5,13,ToddyCat,G1022,25,0.0,0.0,0.0,0.013888888888888888,72.0
noisy_query,overlap_cosine,5,13,ToddyCat,G1022,25,1.0,1.0,1.0,1.0,1.0
noisy_query,svd32_graph_embedding,5,13,ToddyCat,G1022,25,0.0,1.0,1.0,0.25,4.0
noisy_query,random_uniform,5,13,LuminousMoth,G1014,28,0.0,0.0,0.0,0.010101010101010102,99.0
noisy_query,frequency_prior,5,13,LuminousMoth,G1014,28,0.0,0.0,0.0,0.015384615384615385,65.0
noisy_query,overlap_cosine,5,13,LuminousMoth,G1014,28,1.0,1.0,1.0,1.0,1.0
noisy_query,svd32_graph_embedding,5,13,LuminousMoth,G1014,28,0.0,0.0,0.0,0.0625,16.0
noisy_query,random_uniform,5,13,Agrius,G1030,22,0.0,0.0,0.0,0.013513513513513514,74.0
noisy_query,frequency_prior,5,13,Agrius,G1030,22,0.0,0.0,0.0,0.013333333333333334,75.0
noisy_query,overlap_cosine,5,13,Agrius,G1030,22,1.0,1.0,1.0,1.0,1.0
noisy_query,svd32_graph_embedding,5,13,Agrius,G1030,22,1.0,1.0,1.0,1.0,1.0
noisy_query,random_uniform,5,13,APT28,G0007,93,0.0,0.0,0.0,0.006535947712418301,153.0
noisy_query,frequency_prior,5,13,APT28,G0007,93,0.0,1.0,1.0,0.5,2.0
noisy_query,overlap_cosine,5,13,APT28,G0007,93,0.0,0.0,0.0,0.08333333333333333,12.0
noisy_query,svd32_graph_embedding,5,13,APT28,G0007,93,0.0,0.0,0.0,0.038461538461538464,26.0
noisy_query,random_uniform,5,13,Malteiro,G1026,12,0.0,0.0,0.0,0.02564102564102564,39.0
noisy_query,frequency_prior,5,13,Malteiro,G1026,12,0.0,0.0,0.0,0.008849557522123894,113.0
noisy_query,overlap_cosine,5,13,Malteiro,G1026,12,1.0,1.0,1.0,1.0,1.0
noisy_query,svd32_graph_embedding,5,13,Malteiro,G1026,12,1.0,1.0,1.0,1.0,1.0
noisy_query,random_uniform,5,13,APT42,G1044,32,0.0,0.0,0.0,0.01818181818181818,55.0
noisy_query,frequency_prior,5,13,APT42,G1044,32,0.0,0.0,0.0,0.018518518518518517,54.0
noisy_query,overlap_cosine,5,13,APT42,G1044,32,0.0,1.0,1.0,0.3333333333333333,3.0
noisy_query,svd32_graph_embedding,5,13,APT42,G1044,32,0.0,0.0,0.0,0.017543859649122806,57.0
noisy_query,random_uniform,5,13,APT5,G1023,29,0.0,0.0,0.0,0.015625,64.0
noisy_query,frequency_prior,5,13,APT5,G1023,29,0.0,0.0,0.0,0.016129032258064516,62.0
noisy_query,overlap_cosine,5,13,APT5,G1023,29,1.0,1.0,1.0,1.0,1.0
noisy_query,svd32_graph_embedding,5,13,APT5,G1023,29,0.0,1.0,1.0,0.3333333333333333,3.0
noisy_query,random_uniform,5,13,Fox Kitten,G0117,41,0.0,0.0,0.0,0.007352941176470588,136.0
noisy_query,frequency_prior,5,13,Fox Kitten,G0117,41,0.0,0.0,0.0,0.023809523809523808,42.0
noisy_query,overlap_cosine,5,13,Fox Kitten,G0117,41,0.0,1.0,1.0,0.25,4.0
noisy_query,svd32_graph_embedding,5,13,Fox Kitten,G0117,41,1.0,1.0,1.0,1.0,1.0
noisy_query,random_uniform,5,13,APT-C-36,G0099,38,0.0,0.0,0.0,0.011494252873563218,87.0
noisy_query,frequency_prior,5,13,APT-C-36,G0099,38,0.0,0.0,0.0,0.021739130434782608,46.0
noisy_query,overlap_cosine,5,13,APT-C-36,G0099,38,0.0,0.0,1.0,0.16666666666666666,6.0
noisy_query,svd32_graph_embedding,5,13,APT-C-36,G0099,38,0.0,0.0,0.0,0.02857142857142857,35.0
noisy_query,random_uniform,5,13,Tonto Team,G0131,15,0.0,0.0,1.0,0.1,10.0
noisy_query,frequency_prior,5,13,Tonto Team,G0131,15,0.0,0.0,0.0,0.010309278350515464,97.0
noisy_query,overlap_cosine,5,13,Tonto Team,G0131,15,1.0,1.0,1.0,1.0,1.0
noisy_query,svd32_graph_embedding,5,13,Tonto Team,G0131,15,0.0,1.0,1.0,0.3333333333333333,3.0
noisy_query,random_uniform,5,13,Lazarus Group,G0032,93,0.0,0.0,0.0,0.006060606060606061,165.0
noisy_query,frequency_prior,5,13,Lazarus Group,G0032,93,0.0,1.0,1.0,0.3333333333333333,3.0
noisy_query,overlap_cosine,5,13,Lazarus Group,G0032,93,0.0,1.0,1.0,0.3333333333333333,3.0
noisy_query,svd32_graph_embedding,5,13,Lazarus Group,G0032,93,0.0,1.0,1.0,0.3333333333333333,3.0
noisy_query,random_uniform,5,13,INC Ransom,G1032,25,0.0,1.0,1.0,0.5,2.0
noisy_query,frequency_prior,5,13,INC Ransom,G1032,25,0.0,0.0,0.0,0.014084507042253521,71.0
noisy_query,overlap_cosine,5,13,INC Ransom,G1032,25,0.0,1.0,1.0,0.3333333333333333,3.0
noisy_query,svd32_graph_embedding,5,13,INC Ransom,G1032,25,0.0,1.0,1.0,0.3333333333333333,3.0
noisy_query,random_uniform,5,13,Earth Lusca,G1006,44,0.0,0.0,0.0,0.007874015748031496,127.0
noisy_query,frequency_prior,5,13,Earth Lusca,G1006,44,0.0,0.0,0.0,0.029411764705882353,34.0
noisy_query,overlap_cosine,5,13,Earth Lusca,G1006,44,0.0,1.0,1.0,0.25,4.0
noisy_query,svd32_graph_embedding,5,13,Earth Lusca,G1006,44,0.0,0.0,1.0,0.1111111111111111,9.0
noisy_query,random_uniform,5,13,FIN4,G0085,12,0.0,0.0,0.0,0.007142857142857143,140.0
noisy_query,frequency_prior,5,13,FIN4,G0085,12,0.0,0.0,0.0,0.009009009009009009,111.0
noisy_query,overlap_cosine,5,13,FIN4,G0085,12,1.0,1.0,1.0,1.0,1.0
noisy_query,svd32_graph_embedding,5,13,FIN4,G0085,12,1.0,1.0,1.0,1.0,1.0
noisy_query,random_uniform,5,13,Silence,G0091,28,0.0,0.0,0.0,0.00684931506849315,146.0
noisy_query,frequency_prior,5,13,Silence,G0091,28,0.0,0.0,0.0,0.015151515151515152,66.0
noisy_query,overlap_cosine,5,13,Silence,G0091,28,1.0,1.0,1.0,1.0,1.0
noisy_query,svd32_graph_embedding,5,13,Silence,G0091,28,0.0,1.0,1.0,0.25,4.0
noisy_query,random_uniform,5,13,LAPSUS$,G1004,43,0.0,0.0,0.0,0.012345679012345678,81.0
noisy_query,frequency_prior,5,13,LAPSUS$,G1004,43,0.0,0.0,0.0,0.02702702702702703,37.0
noisy_query,overlap_cosine,5,13,LAPSUS$,G1004,43,1.0,1.0,1.0,1.0,1.0
noisy_query,svd32_graph_embedding,5,13,LAPSUS$,G1004,43,1.0,1.0,1.0,1.0,1.0
noisy_query,random_uniform,5,13,Cobalt Group,G0080,34,0.0,0.0,0.0,0.005847953216374269,171.0
noisy_query,frequency_prior,5,13,Cobalt Group,G0080,34,0.0,0.0,0.0,0.0196078431372549,51.0
noisy_query,overlap_cosine,5,13,Cobalt Group,G0080,34,0.0,1.0,1.0,0.2,5.0
noisy_query,svd32_graph_embedding,5,13,Cobalt Group,G0080,34,0.0,1.0,1.0,0.2,5.0
noisy_query,random_uniform,5,13,Wizard Spider,G0102,64,0.0,0.0,0.0,0.017241379310344827,58.0
noisy_query,frequency_prior,5,13,Wizard Spider,G0102,64,0.0,0.0,0.0,0.058823529411764705,17.0
noisy_query,overlap_cosine,5,13,Wizard Spider,G0102,64,0.0,0.0,1.0,0.16666666666666666,6.0
noisy_query,svd32_graph_embedding,5,13,Wizard Spider,G0102,64,0.0,0.0,0.0,0.03125,32.0
noisy_query,random_uniform,5,13,Molerats,G0021,16,0.0,0.0,0.0,0.02127659574468085,47.0
noisy_query,frequency_prior,5,13,Molerats,G0021,16,0.0,0.0,0.0,0.010869565217391304,92.0
noisy_query,overlap_cosine,5,13,Molerats,G0021,16,1.0,1.0,1.0,1.0,1.0
noisy_query,svd32_graph_embedding,5,13,Molerats,G0021,16,0.0,0.0,1.0,0.1111111111111111,9.0
noisy_query,random_uniform,5,13,Velvet Ant,G1047,22,0.0,0.0,0.0,0.006802721088435374,147.0
noisy_query,frequency_prior,5,13,Velvet Ant,G1047,22,0.0,0.0,0.0,0.012987012987012988,77.0
noisy_query,overlap_cosine,5,13,Velvet Ant,G1047,22,1.0,1.0,1.0,1.0,1.0
noisy_query,svd32_graph_embedding,5,13,Velvet Ant,G1047,22,0.0,1.0,1.0,0.5,2.0
noisy_query,random_uniform,5,13,Transparent Tribe,G0134,14,0.0,0.0,0.0,0.023255813953488372,43.0
noisy_query,frequency_prior,5,13,Transparent Tribe,G0134,14,0.0,0.0,0.0,0.009615384615384616,104.0
noisy_query,overlap_cosine,5,13,Transparent Tribe,G0134,14,0.0,1.0,1.0,0.5,2.0
noisy_query,svd32_graph_embedding,5,13,Transparent Tribe,G0134,14,0.0,1.0,1.0,0.3333333333333333,3.0
noisy_query,random_uniform,5,13,Moonstone Sleet,G1036,30,0.0,0.0,0.0,0.010638297872340425,94.0
noisy_query,frequency_prior,5,13,Moonstone Sleet,G1036,30,0.0,0.0,0.0,0.01694915254237288,59.0
noisy_query,overlap_cosine,5,13,Moonstone Sleet,G1036,30,0.0,1.0,1.0,0.5,2.0
noisy_query,svd32_graph_embedding,5,13,Moonstone Sleet,G1036,30,0.0,1.0,1.0,0.25,4.0
noisy_query,random_uniform,5,13,Inception,G0100,22,0.0,0.0,0.0,0.008620689655172414,116.0
noisy_query,frequency_prior,5,13,Inception,G0100,22,0.0,0.0,0.0,0.01282051282051282,78.0
noisy_query,overlap_cosine,5,13,Inception,G0100,22,0.0,1.0,1.0,0.3333333333333333,3.0
noisy_query,svd32_graph_embedding,5,13,Inception,G0100,22,0.0,0.0,0.0,0.05555555555555555,18.0
noisy_query,random_uniform,5,13,VOID MANTICORE,G1055,63,0.0,0.0,0.0,0.008,125.0
noisy_query,frequency_prior,5,13,VOID MANTICORE,G1055,63,0.0,0.0,0.0,0.05555555555555555,18.0
noisy_query,overlap_cosine,5,13,VOID MANTICORE,G1055,63,0.0,0.0,1.0,0.16666666666666666,6.0
noisy_query,svd32_graph_embedding,5,13,VOID MANTICORE,G1055,63,0.0,0.0,1.0,0.125,8.0
noisy_query,random_uniform,5,13,Play,G1040,26,0.0,1.0,1.0,0.2,5.0
noisy_query,frequency_prior,5,13,Play,G1040,26,0.0,0.0,0.0,0.014492753623188406,69.0
noisy_query,overlap_cosine,5,13,Play,G1040,26,1.0,1.0,1.0,1.0,1.0
noisy_query,svd32_graph_embedding,5,13,Play,G1040,26,0.0,0.0,0.0,0.04,25.0
noisy_query,random_uniform,5,13,PROMETHIUM,G0056,11,0.0,0.0,0.0,0.012195121951219513,82.0
noisy_query,frequency_prior,5,13,PROMETHIUM,G0056,11,0.0,0.0,0.0,0.00847457627118644,118.0
noisy_query,overlap_cosine,5,13,PROMETHIUM,G0056,11,1.0,1.0,1.0,1.0,1.0
noisy_query,svd32_graph_embedding,5,13,PROMETHIUM,G0056,11,0.0,0.0,0.0,0.06666666666666667,15.0
noisy_query,random_uniform,5,13,HEXANE,G1001,36,0.0,1.0,1.0,0.2,5.0
noisy_query,frequency_prior,5,13,HEXANE,G1001,36,0.0,0.0,0.0,0.02040816326530612,49.0
noisy_query,overlap_cosine,5,13,HEXANE,G1001,36,0.0,1.0,1.0,0.2,5.0
noisy_query,svd32_graph_embedding,5,13,HEXANE,G1001,36,0.0,0.0,1.0,0.125,8.0
noisy_query,random_uniform,5,13,Daggerfly,G1034,17,0.0,1.0,1.0,0.25,4.0
noisy_query,frequency_prior,5,13,Daggerfly,G1034,17,0.0,0.0,0.0,0.011235955056179775,89.0
noisy_query,overlap_cosine,5,13,Daggerfly,G1034,17,0.0,1.0,1.0,0.5,2.0
noisy_query,svd32_graph_embedding,5,13,Daggerfly,G1034,17,1.0,1.0,1.0,1.0,1.0
noisy_query,random_uniform,5,13,WIRTE,G0090,26,0.0,0.0,0.0,0.006802721088435374,147.0
noisy_query,frequency_prior,5,13,WIRTE,G0090,26,0.0,0.0,0.0,0.014285714285714285,70.0
noisy_query,overlap_cosine,5,13,WIRTE,G0090,26,0.0,1.0,1.0,0.3333333333333333,3.0
noisy_query,svd32_graph_embedding,5,13,WIRTE,G0090,26,0.0,1.0,1.0,0.5,2.0
noisy_query,random_uniform,5,13,PLATINUM,G0068,11,0.0,0.0,0.0,0.005917159763313609,169.0
noisy_query,frequency_prior,5,13,PLATINUM,G0068,11,0.0,0.0,0.0,0.008547008547008548,117.0
noisy_query,overlap_cosine,5,13,PLATINUM,G0068,11,1.0,1.0,1.0,1.0,1.0
noisy_query,svd32_graph_embedding,5,13,PLATINUM,G0068,11,1.0,1.0,1.0,1.0,1.0
noisy_query,random_uniform,5,13,Magic Hound,G0059,78,0.0,0.0,0.0,0.008928571428571428,112.0
noisy_query,frequency_prior,5,13,Magic Hound,G0059,78,0.0,0.0,1.0,0.1111111111111111,9.0
noisy_query,overlap_cosine,5,13,Magic Hound,G0059,78,0.0,0.0,1.0,0.14285714285714285,7.0
noisy_query,svd32_graph_embedding,5,13,Magic Hound,G0059,78,0.0,0.0,0.0,0.0625,16.0
noisy_query,random_uniform,5,13,Threat Group-3390,G0027,57,0.0,0.0,0.0,0.0070921985815602835,141.0
noisy_query,frequency_prior,5,13,Threat Group-3390,G0027,57,0.0,0.0,0.0,0.05,20.0
noisy_query,overlap_cosine,5,13,Threat Group-3390,G0027,57,0.0,0.0,0.0,0.0625,16.0
noisy_query,svd32_graph_embedding,5,13,Threat Group-3390,G0027,57,0.0,0.0,0.0,0.047619047619047616,21.0
noisy_query,random_uniform,5,13,APT33,G0064,31,0.0,0.0,0.0,0.0125,80.0
noisy_query,frequency_prior,5,13,APT33,G0064,31,0.0,0.0,0.0,0.017857142857142856,56.0
noisy_query,overlap_cosine,5,13,APT33,G0064,31,1.0,1.0,1.0,1.0,1.0
noisy_query,svd32_graph_embedding,5,13,APT33,G0064,31,0.0,1.0,1.0,0.5,2.0
noisy_query,random_uniform,5,13,FIN10,G0051,11,0.0,0.0,0.0,0.006944444444444444,144.0
noisy_query,frequency_prior,5,13,FIN10,G0051,11,0.0,0.0,0.0,0.008620689655172414,116.0
noisy_query,overlap_cosine,5,13,FIN10,G0051,11,1.0,1.0,1.0,1.0,1.0
noisy_query,svd32_graph_embedding,5,13,FIN10,G0051,11,1.0,1.0,1.0,1.0,1.0
noisy_query,random_uniform,5,13,FIN8,G0061,36,0.0,0.0,0.0,0.018518518518518517,54.0
noisy_query,frequency_prior,5,13,FIN8,G0061,36,0.0,0.0,0.0,0.02127659574468085,47.0
noisy_query,overlap_cosine,5,13,FIN8,G0061,36,0.0,1.0,1.0,0.25,4.0
noisy_query,svd32_graph_embedding,5,13,FIN8,G0061,36,0.0,1.0,1.0,0.25,4.0
noisy_query,random_uniform,5,13,FIN13,G1016,53,0.0,0.0,0.0,0.058823529411764705,17.0
noisy_query,frequency_prior,5,13,FIN13,G1016,53,0.0,0.0,0.0,0.037037037037037035,27.0
noisy_query,overlap_cosine,5,13,FIN13,G1016,53,0.0,0.0,0.0,0.07142857142857142,14.0
noisy_query,svd32_graph_embedding,5,13,FIN13,G1016,53,0.0,0.0,0.0,0.05,20.0
noisy_query,random_uniform,5,13,APT19,G0073,21,0.0,0.0,0.0,0.005847953216374269,171.0
noisy_query,frequency_prior,5,13,APT19,G0073,21,0.0,0.0,0.0,0.0125,80.0
noisy_query,overlap_cosine,5,13,APT19,G0073,21,0.0,1.0,1.0,0.3333333333333333,3.0
noisy_query,svd32_graph_embedding,5,13,APT19,G0073,21,0.0,1.0,1.0,0.25,4.0
noisy_query,random_uniform,5,42,APT38,G0082,56,0.0,0.0,1.0,0.14285714285714285,7.0
noisy_query,frequency_prior,5,42,APT38,G0082,56,0.0,0.0,0.0,0.041666666666666664,24.0
noisy_query,overlap_cosine,5,42,APT38,G0082,56,1.0,1.0,1.0,1.0,1.0
noisy_query,svd32_graph_embedding,5,42,APT38,G0082,56,1.0,1.0,1.0,1.0,1.0
noisy_query,random_uniform,5,42,Indrik Spider,G0119,33,0.0,0.0,0.0,0.017543859649122806,57.0
noisy_query,frequency_prior,5,42,Indrik Spider,G0119,33,0.0,0.0,0.0,0.018867924528301886,53.0
noisy_query,overlap_cosine,5,42,Indrik Spider,G0119,33,1.0,1.0,1.0,1.0,1.0
noisy_query,svd32_graph_embedding,5,42,Indrik Spider,G0119,33,0.0,0.0,0.0,0.09090909090909091,11.0
noisy_query,random_uniform,5,42,BlackByte,G1043,48,0.0,0.0,0.0,0.023255813953488372,43.0
noisy_query,frequency_prior,5,42,BlackByte,G1043,48,0.0,0.0,0.0,0.03333333333333333,30.0
noisy_query,overlap_cosine,5,42,BlackByte,G1043,48,1.0,1.0,1.0,1.0,1.0
noisy_query,svd32_graph_embedding,5,42,BlackByte,G1043,48,1.0,1.0,1.0,1.0,1.0
noisy_query,random_uniform,5,42,SideCopy,G1008,16,0.0,0.0,0.0,0.02040816326530612,49.0
noisy_query,frequency_prior,5,42,SideCopy,G1008,16,0.0,0.0,0.0,0.01098901098901099,91.0
noisy_query,overlap_cosine,5,42,SideCopy,G1008,16,1.0,1.0,1.0,1.0,1.0
noisy_query,svd32_graph_embedding,5,42,SideCopy,G1008,16,1.0,1.0,1.0,1.0,1.0
noisy_query,random_uniform,5,42,GALLIUM,G0093,31,0.0,0.0,0.0,0.007142857142857143,140.0
noisy_query,frequency_prior,5,42,GALLIUM,G0093,31,0.0,0.0,0.0,0.017543859649122806,57.0
noisy_query,overlap_cosine,5,42,GALLIUM,G0093,31,0.0,1.0,1.0,0.25,4.0
noisy_query,svd32_graph_embedding,5,42,GALLIUM,G0093,31,0.0,1.0,1.0,0.25,4.0
noisy_query,random_uniform,5,42,APT3,G0022,44,0.0,0.0,0.0,0.023255813953488372,43.0
noisy_query,frequency_prior,5,42,APT3,G0022,44,0.0,0.0,0.0,0.02857142857142857,35.0
noisy_query,overlap_cosine,5,42,APT3,G0022,44,1.0,1.0,1.0,1.0,1.0
noisy_query,svd32_graph_embedding,5,42,APT3,G0022,44,0.0,1.0,1.0,0.3333333333333333,3.0
noisy_query,random_uniform,5,42,Mustard Tempest,G1020,12,0.0,0.0,0.0,0.006493506493506494,154.0
noisy_query,frequency_prior,5,42,Mustard Tempest,G1020,12,0.0,0.0,0.0,0.009433962264150943,106.0
noisy_query,overlap_cosine,5,42,Mustard Tempest,G1020,12,1.0,1.0,1.0,1.0,1.0
noisy_query,svd32_graph_embedding,5,42,Mustard Tempest,G1020,12,0.0,1.0,1.0,0.3333333333333333,3.0
noisy_query,random_uniform,5,42,Kimsuky,G0094,130,0.0,0.0,0.0,0.009615384615384616,104.0
noisy_query,frequency_prior,5,42,Kimsuky,G0094,130,1.0,1.0,1.0,1.0,1.0
noisy_query,overlap_cosine,5,42,Kimsuky,G0094,130,0.0,1.0,1.0,0.25,4.0
noisy_query,svd32_graph_embedding,5,42,Kimsuky,G0094,130,0.0,1.0,1.0,0.5,2.0
noisy_query,random_uniform,5,42,EXOTIC LILY,G1011,15,0.0,0.0,0.0,0.0070921985815602835,141.0
noisy_query,frequency_prior,5,42,EXOTIC LILY,G1011,15,0.0,0.0,0.0,0.01020408163265306,98.0
noisy_query,overlap_cosine,5,42,EXOTIC LILY,G1011,15,1.0,1.0,1.0,1.0,1.0
noisy_query,svd32_graph_embedding,5,42,EXOTIC LILY,G1011,15,1.0,1.0,1.0,1.0,1.0
noisy_query,random_uniform,5,42,admin@338,G0018,12,0.0,0.0,0.0,0.011904761904761904,84.0
noisy_query,frequency_prior,5,42,admin@338,G0018,12,0.0,0.0,0.0,0.00909090909090909,110.0
noisy_query,overlap_cosine,5,42,admin@338,G0018,12,1.0,1.0,1.0,1.0,1.0
noisy_query,svd32_graph_embedding,5,42,admin@338,G0018,12,0.0,0.0,0.0,0.07692307692307693,13.0
noisy_query,random_uniform,5,42,Volt Typhoon,G1017,81,0.0,0.0,0.0,0.007462686567164179,134.0
noisy_query,frequency_prior,5,42,Volt Typhoon,G1017,81,0.0,0.0,1.0,0.16666666666666666,6.0
noisy_query,overlap_cosine,5,42,Volt Typhoon,G1017,81,0.0,0.0,0.0,0.09090909090909091,11.0
noisy_query,svd32_graph_embedding,5,42,Volt Typhoon,G1017,81,0.0,0.0,0.0,0.07692307692307693,13.0
noisy_query,random_uniform,5,42,Patchwork,G0040,41,0.0,0.0,0.0,0.03125,32.0
noisy_query,frequency_prior,5,42,Patchwork,G0040,41,0.0,0.0,0.0,0.025,40.0
noisy_query,overlap_cosine,5,42,Patchwork,G0040,41,0.0,1.0,1.0,0.5,2.0
noisy_query,svd32_graph_embedding,5,42,Patchwork,G0040,41,0.0,0.0,0.0,0.09090909090909091,11.0
noisy_query,random_uniform,5,42,APT41,G0096,82,0.0,0.0,0.0,0.010752688172043012,93.0
noisy_query,frequency_prior,5,42,APT41,G0096,82,0.0,1.0,1.0,0.2,5.0
noisy_query,overlap_cosine,5,42,APT41,G0096,82,0.0,0.0,0.0,0.041666666666666664,24.0
noisy_query,svd32_graph_embedding,5,42,APT41,G0096,82,0.0,1.0,1.0,0.25,4.0
noisy_query,random_uniform,5,42,Salt Typhoon,G1045,14,0.0,0.0,0.0,0.008,125.0
noisy_query,frequency_prior,5,42,Salt Typhoon,G1045,14,0.0,0.0,0.0,0.00980392156862745,102.0
noisy_query,overlap_cosine,5,42,Salt Typhoon,G1045,14,1.0,1.0,1.0,1.0,1.0
noisy_query,svd32_graph_embedding,5,42,Salt Typhoon,G1045,14,0.0,1.0,1.0,0.5,2.0
noisy_query,random_uniform,5,42,Dragonfly,G0035,56,0.0,0.0,0.0,0.008547008547008548,117.0
noisy_query,frequency_prior,5,42,Dragonfly,G0035,56,0.0,0.0,0.0,0.045454545454545456,22.0
noisy_query,overlap_cosine,5,42,Dragonfly,G0035,56,0.0,0.0,1.0,0.1111111111111111,9.0
noisy_query,svd32_graph_embedding,5,42,Dragonfly,G0035,56,0.0,0.0,1.0,0.16666666666666666,6.0
noisy_query,random_uniform,5,42,Evilnum,G0120,11,0.0,0.0,0.0,0.011235955056179775,89.0
noisy_query,frequency_prior,5,42,Evilnum,G0120,11,0.0,0.0,0.0,0.008403361344537815,119.0
noisy_query,overlap_cosine,5,42,Evilnum,G0120,11,1.0,1.0,1.0,1.0,1.0
noisy_query,svd32_graph_embedding,5,42,Evilnum,G0120,11,1.0,1.0,1.0,1.0,1.0
noisy_query,random_uniform,5,42,Gorgon Group,G0078,16,0.0,0.0,0.0,0.019230769230769232,52.0
noisy_query,frequency_prior,5,42,Gorgon Group,G0078,16,0.0,0.0,0.0,0.010526315789473684,95.0
noisy_query,overlap_cosine,5,42,Gorgon Group,G0078,16,1.0,1.0,1.0,1.0,1.0
noisy_query,svd32_graph_embedding,5,42,Gorgon Group,G0078,16,0.0,0.0,0.0,0.043478260869565216,23.0
noisy_query,random_uniform,5,42,menuPass,G0045,46,0.0,0.0,0.0,0.0196078431372549,51.0
noisy_query,frequency_prior,5,42,menuPass,G0045,46,0.0,0.0,0.0,0.030303030303030304,33.0
noisy_query,overlap_cosine,5,42,menuPass,G0045,46,0.0,1.0,1.0,0.25,4.0
noisy_query,svd32_graph_embedding,5,42,menuPass,G0045,46,0.0,0.0,1.0,0.125,8.0
noisy_query,random_uniform,5,42,APT32,G0050,78,0.0,0.0,0.0,0.010309278350515464,97.0
noisy_query,frequency_prior,5,42,APT32,G0050,78,0.0,0.0,1.0,0.125,8.0
noisy_query,overlap_cosine,5,42,APT32,G0050,78,0.0,0.0,0.0,0.09090909090909091,11.0
noisy_query,svd32_graph_embedding,5,42,APT32,G0050,78,0.0,0.0,0.0,0.058823529411764705,17.0
noisy_query,random_uniform,5,42,HAFNIUM,G0125,44,0.0,0.0,0.0,0.0072992700729927005,137.0
noisy_query,frequency_prior,5,42,HAFNIUM,G0125,44,0.0,0.0,0.0,0.027777777777777776,36.0
noisy_query,overlap_cosine,5,42,HAFNIUM,G0125,44,0.0,1.0,1.0,0.5,2.0
noisy_query,svd32_graph_embedding,5,42,HAFNIUM,G0125,44,0.0,0.0,1.0,0.14285714285714285,7.0
noisy_query,random_uniform,5,42,MuddyWater,G0069,68,0.0,0.0,0.0,0.005813953488372093,172.0
noisy_query,frequency_prior,5,42,MuddyWater,G0069,68,0.0,0.0,0.0,0.08333333333333333,12.0
noisy_query,overlap_cosine,5,42,MuddyWater,G0069,68,0.0,0.0,1.0,0.1111111111111111,9.0
noisy_query,svd32_graph_embedding,5,42,MuddyWater,G0069,68,0.0,1.0,1.0,0.3333333333333333,3.0
noisy_query,random_uniform,5,42,Naikon,G0019,14,0.0,0.0,0.0,0.008849557522123894,113.0
noisy_query,frequency_prior,5,42,Naikon,G0019,14,0.0,0.0,0.0,0.009708737864077669,103.0
noisy_query,overlap_cosine,5,42,Naikon,G0019,14,0.0,1.0,1.0,0.3333333333333333,3.0
noisy_query,svd32_graph_embedding,5,42,Naikon,G0019,14,1.0,1.0,1.0,1.0,1.0
noisy_query,random_uniform,5,42,FIN6,G0037,40,0.0,0.0,0.0,0.009345794392523364,107.0
noisy_query,frequency_prior,5,42,FIN6,G0037,40,0.0,0.0,0.0,0.022222222222222223,45.0
noisy_query,overlap_cosine,5,42,FIN6,G0037,40,0.0,0.0,1.0,0.14285714285714285,7.0
noisy_query,svd32_graph_embedding,5,42,FIN6,G0037,40,0.0,0.0,1.0,0.1111111111111111,9.0
noisy_query,random_uniform,5,42,Gamaredon Group,G0047,70,0.0,0.0,0.0,0.006060606060606061,165.0
noisy_query,frequency_prior,5,42,Gamaredon Group,G0047,70,0.0,0.0,0.0,0.09090909090909091,11.0
noisy_query,overlap_cosine,5,42,Gamaredon Group,G0047,70,0.0,0.0,0.0,0.047619047619047616,21.0
noisy_query,svd32_graph_embedding,5,42,Gamaredon Group,G0047,70,0.0,0.0,0.0,0.07692307692307693,13.0
noisy_query,random_uniform,5,42,Storm-1811,G1046,31,0.0,0.0,0.0,0.008064516129032258,124.0
noisy_query,frequency_prior,5,42,Storm-1811,G1046,31,0.0,0.0,0.0,0.01818181818181818,55.0
noisy_query,overlap_cosine,5,42,Storm-1811,G1046,31,0.0,0.0,0.0,0.07692307692307693,13.0
noisy_query,svd32_graph_embedding,5,42,Storm-1811,G1046,31,0.0,0.0,0.0,0.09090909090909091,11.0
noisy_query,random_uniform,5,42,Leafminer,G0077,17,0.0,0.0,0.0,0.006944444444444444,144.0
noisy_query,frequency_prior,5,42,Leafminer,G0077,17,0.0,0.0,0.0,0.011111111111111112,90.0
noisy_query,overlap_cosine,5,42,Leafminer,G0077,17,1.0,1.0,1.0,1.0,1.0
noisy_query,svd32_graph_embedding,5,42,Leafminer,G0077,17,1.0,1.0,1.0,1.0,1.0
noisy_query,random_uniform,5,42,TeamTNT,G0139,56,0.0,0.0,0.0,0.008,125.0
noisy_query,frequency_prior,5,42,TeamTNT,G0139,56,0.0,0.0,0.0,0.043478260869565216,23.0
noisy_query,overlap_cosine,5,42,TeamTNT,G0139,56,0.0,1.0,1.0,0.25,4.0
noisy_query,svd32_graph_embedding,5,42,TeamTNT,G0139,56,1.0,1.0,1.0,1.0,1.0
noisy_query,random_uniform,5,42,FIN7,G0046,67,0.0,0.0,0.0,0.014285714285714285,70.0
noisy_query,frequency_prior,5,42,FIN7,G0046,67,0.0,0.0,0.0,0.07142857142857142,14.0
noisy_query,overlap_cosine,5,42,FIN7,G0046,67,0.0,0.0,1.0,0.14285714285714285,7.0
noisy_query,svd32_graph_embedding,5,42,FIN7,G0046,67,0.0,1.0,1.0,0.5,2.0
noisy_query,random_uniform,5,42,Sandworm Team,G0034,79,0.0,0.0,0.0,0.017241379310344827,58.0
noisy_query,frequency_prior,5,42,Sandworm Team,G0034,79,0.0,0.0,1.0,0.14285714285714285,7.0
noisy_query,overlap_cosine,5,42,Sandworm Team,G0034,79,0.0,0.0,1.0,0.1111111111111111,9.0
noisy_query,svd32_graph_embedding,5,42,Sandworm Team,G0034,79,0.0,0.0,0.0,0.07692307692307693,13.0
noisy_query,random_uniform,5,42,Machete,G0095,11,0.0,0.0,0.0,0.011111111111111112,90.0
noisy_query,frequency_prior,5,42,Machete,G0095,11,0.0,0.0,0.0,0.008771929824561403,114.0
noisy_query,overlap_cosine,5,42,Machete,G0095,11,0.0,1.0,1.0,0.5,2.0
noisy_query,svd32_graph_embedding,5,42,Machete,G0095,11,0.0,0.0,1.0,0.125,8.0
noisy_query,random_uniform,5,42,APT18,G0026,12,0.0,0.0,0.0,0.008333333333333333,120.0
noisy_query,frequency_prior,5,42,APT18,G0026,12,0.0,0.0,0.0,0.009345794392523364,107.0
noisy_query,overlap_cosine,5,42,APT18,G0026,12,0.0,1.0,1.0,0.3333333333333333,3.0
noisy_query,svd32_graph_embedding,5,42,APT18,G0026,12,0.0,1.0,1.0,0.3333333333333333,3.0
noisy_query,random_uniform,5,42,Andariel,G0138,12,0.0,0.0,0.0,0.018867924528301886,53.0
noisy_query,frequency_prior,5,42,Andariel,G0138,12,0.0,0.0,0.0,0.009259259259259259,108.0
noisy_query,overlap_cosine,5,42,Andariel,G0138,12,0.0,1.0,1.0,0.3333333333333333,3.0
noisy_query,svd32_graph_embedding,5,42,Andariel,G0138,12,0.0,0.0,1.0,0.16666666666666666,6.0
noisy_query,random_uniform,5,42,CURIUM,G1012,19,0.0,0.0,0.0,0.02127659574468085,47.0
noisy_query,frequency_prior,5,42,CURIUM,G1012,19,0.0,0.0,0.0,0.012048192771084338,83.0
noisy_query,overlap_cosine,5,42,CURIUM,G1012,19,0.0,1.0,1.0,0.5,2.0
noisy_query,svd32_graph_embedding,5,42,CURIUM,G1012,19,0.0,0.0,0.0,0.06666666666666667,15.0
noisy_query,random_uniform,5,42,Sidewinder,G0121,30,0.0,0.0,0.0,0.007352941176470588,136.0
noisy_query,frequency_prior,5,42,Sidewinder,G0121,30,0.0,0.0,0.0,0.017241379310344827,58.0
noisy_query,overlap_cosine,5,42,Sidewinder,G0121,30,0.0,0.0,1.0,0.16666666666666666,6.0
noisy_query,svd32_graph_embedding,5,42,Sidewinder,G0121,30,0.0,0.0,1.0,0.16666666666666666,6.0
noisy_query,random_uniform,5,42,Mustang Panda,G0129,85,0.0,0.0,1.0,0.1,10.0
noisy_query,frequency_prior,5,42,Mustang Panda,G0129,85,0.0,1.0,1.0,0.25,4.0
noisy_query,overlap_cosine,5,42,Mustang Panda,G0129,85,0.0,0.0,0.0,0.05263157894736842,19.0
noisy_query,svd32_graph_embedding,5,42,Mustang Panda,G0129,85,0.0,0.0,0.0,0.047619047619047616,21.0
noisy_query,random_uniform,5,42,ZIRCONIUM,G0128,29,0.0,0.0,0.0,0.009174311926605505,109.0
noisy_query,frequency_prior,5,42,ZIRCONIUM,G0128,29,0.0,0.0,0.0,0.016666666666666666,60.0
noisy_query,overlap_cosine,5,42,ZIRCONIUM,G0128,29,1.0,1.0,1.0,1.0,1.0
noisy_query,svd32_graph_embedding,5,42,ZIRCONIUM,G0128,29,1.0,1.0,1.0,1.0,1.0
noisy_query,random_uniform,5,42,Rocke,G0106,36,0.0,0.0,0.0,0.011111111111111112,90.0
noisy_query,frequency_prior,5,42,Rocke,G0106,36,0.0,0.0,0.0,0.020833333333333332,48.0
noisy_query,overlap_cosine,5,42,Rocke,G0106,36,0.0,0.0,1.0,0.125,8.0
noisy_query,svd32_graph_embedding,5,42,Rocke,G0106,36,0.0,0.0,0.0,0.05555555555555555,18.0
noisy_query,random_uniform,5,42,Scattered Spider,G1015,64,0.0,0.0,0.0,0.006329113924050633,158.0
noisy_query,frequency_prior,5,42,Scattered Spider,G1015,64,0.0,0.0,0.0,0.0625,16.0
noisy_query,overlap_cosine,5,42,Scattered Spider,G1015,64,0.0,0.0,1.0,0.16666666666666666,6.0
noisy_query,svd32_graph_embedding,5,42,Scattered Spider,G1015,64,0.0,0.0,1.0,0.14285714285714285,7.0
noisy_query,random_uniform,5,42,APT39,G0087,53,0.0,0.0,0.0,0.011235955056179775,89.0
noisy_query,frequency_prior,5,42,APT39,G0087,53,0.0,0.0,0.0,0.038461538461538464,26.0
noisy_query,overlap_cosine,5,42,APT39,G0087,53,0.0,1.0,1.0,0.5,2.0
noisy_query,svd32_graph_embedding,5,42,APT39,G0087,53,0.0,0.0,1.0,0.16666666666666666,6.0
noisy_query,random_uniform,5,42,UNC3886,G1048,49,0.0,0.0,0.0,0.013888888888888888,72.0
noisy_query,frequency_prior,5,42,UNC3886,G1048,49,0.0,0.0,0.0,0.034482758620689655,29.0
noisy_query,overlap_cosine,5,42,UNC3886,G1048,49,0.0,1.0,1.0,0.3333333333333333,3.0
noisy_query,svd32_graph_embedding,5,42,UNC3886,G1048,49,0.0,1.0,1.0,0.3333333333333333,3.0
noisy_query,random_uniform,5,42,Contagious Interview,G1052,54,0.0,0.0,0.0,0.01098901098901099,91.0
noisy_query,frequency_prior,5,42,Contagious Interview,G1052,54,0.0,0.0,0.0,0.04,25.0
noisy_query,overlap_cosine,5,42,Contagious Interview,G1052,54,0.0,1.0,1.0,0.25,4.0
noisy_query,svd32_graph_embedding,5,42,Contagious Interview,G1052,54,0.0,1.0,1.0,0.2,5.0
noisy_query,random_uniform,5,42,TA2541,G1018,28,0.0,0.0,0.0,0.015151515151515152,66.0
noisy_query,frequency_prior,5,42,TA2541,G1018,28,0.0,0.0,0.0,0.015873015873015872,63.0
noisy_query,overlap_cosine,5,42,TA2541,G1018,28,0.0,1.0,1.0,0.25,4.0
noisy_query,svd32_graph_embedding,5,42,TA2541,G1018,28,0.0,0.0,1.0,0.14285714285714285,7.0
noisy_query,random_uniform,5,42,Akira,G1024,17,0.0,0.0,0.0,0.021739130434782608,46.0
noisy_query,frequency_prior,5,42,Akira,G1024,17,0.0,0.0,0.0,0.011363636363636364,88.0
noisy_query,overlap_cosine,5,42,Akira,G1024,17,1.0,1.0,1.0,1.0,1.0
noisy_query,svd32_graph_embedding,5,42,Akira,G1024,17,0.0,0.0,1.0,0.16666666666666666,6.0
noisy_query,random_uniform,5,42,APT37,G0067,29,0.0,0.0,0.0,0.008849557522123894,113.0
noisy_query,frequency_prior,5,42,APT37,G0067,29,0.0,0.0,0.0,0.01639344262295082,61.0
noisy_query,overlap_cosine,5,42,APT37,G0067,29,1.0,1.0,1.0,1.0,1.0
noisy_query,svd32_graph_embedding,5,42,APT37,G0067,29,0.0,1.0,1.0,0.25,4.0
noisy_query,random_uniform,5,42,Moses Staff,G1009,12,0.0,0.0,0.0,0.012987012987012988,77.0
noisy_query,frequency_prior,5,42,Moses Staff,G1009,12,0.0,0.0,0.0,0.008928571428571428,112.0
noisy_query,overlap_cosine,5,42,Moses Staff,G1009,12,1.0,1.0,1.0,1.0,1.0
noisy_query,svd32_graph_embedding,5,42,Moses Staff,G1009,12,0.0,0.0,1.0,0.14285714285714285,7.0
noisy_query,random_uniform,5,42,OilRig,G0049,76,0.0,0.0,0.0,0.008403361344537815,119.0
noisy_query,frequency_prior,5,42,OilRig,G0049,76,0.0,0.0,1.0,0.1,10.0
noisy_query,overlap_cosine,5,42,OilRig,G0049,76,0.0,1.0,1.0,0.3333333333333333,3.0
noisy_query,svd32_graph_embedding,5,42,OilRig,G0049,76,1.0,1.0,1.0,1.0,1.0
noisy_query,random_uniform,5,42,Higaisa,G0126,28,0.0,0.0,0.0,0.012658227848101266,79.0
noisy_query,frequency_prior,5,42,Higaisa,G0126,28,0.0,0.0,0.0,0.015625,64.0
noisy_query,overlap_cosine,5,42,Higaisa,G0126,28,0.0,0.0,1.0,0.14285714285714285,7.0
noisy_query,svd32_graph_embedding,5,42,Higaisa,G0126,28,0.0,0.0,0.0,0.023255813953488372,43.0
noisy_query,random_uniform,5,42,Tropic Trooper,G0081,40,0.0,0.0,0.0,0.0078125,128.0
noisy_query,frequency_prior,5,42,Tropic Trooper,G0081,40,0.0,0.0,0.0,0.023255813953488372,43.0
noisy_query,overlap_cosine,5,42,Tropic Trooper,G0081,40,0.0,1.0,1.0,0.5,2.0
noisy_query,svd32_graph_embedding,5,42,Tropic Trooper,G0081,40,0.0,0.0,0.0,0.07692307692307693,13.0
noisy_query,random_uniform,5,42,Sea Turtle,G1041,27,0.0,0.0,0.0,0.010526315789473684,95.0
noisy_query,frequency_prior,5,42,Sea Turtle,G1041,27,0.0,0.0,0.0,0.014705882352941176,68.0
noisy_query,overlap_cosine,5,42,Sea Turtle,G1041,27,0.0,1.0,1.0,0.3333333333333333,3.0
noisy_query,svd32_graph_embedding,5,42,Sea Turtle,G1041,27,0.0,1.0,1.0,0.25,4.0
noisy_query,random_uniform,5,42,Aquatic Panda,G0143,35,0.0,0.0,0.0,0.034482758620689655,29.0
noisy_query,frequency_prior,5,42,Aquatic Panda,G0143,35,0.0,0.0,0.0,0.02,50.0
noisy_query,overlap_cosine,5,42,Aquatic Panda,G0143,35,1.0,1.0,1.0,1.0,1.0
noisy_query,svd32_graph_embedding,5,42,Aquatic Panda,G0143,35,0.0,0.0,0.0,0.07142857142857142,14.0
noisy_query,random_uniform,5,42,Ke3chang,G0004,46,0.0,0.0,0.0,0.008547008547008548,117.0
noisy_query,frequency_prior,5,42,Ke3chang,G0004,46,0.0,0.0,0.0,0.03125,32.0
noisy_query,overlap_cosine,5,42,Ke3chang,G0004,46,0.0,1.0,1.0,0.2,5.0
noisy_query,svd32_graph_embedding,5,42,Ke3chang,G0004,46,0.0,1.0,1.0,0.3333333333333333,3.0
noisy_query,random_uniform,5,42,Saint Bear,G1031,18,0.0,0.0,0.0,0.037037037037037035,27.0
noisy_query,frequency_prior,5,42,Saint Bear,G1031,18,0.0,0.0,0.0,0.011494252873563218,87.0
noisy_query,overlap_cosine,5,42,Saint Bear,G1031,18,1.0,1.0,1.0,1.0,1.0
noisy_query,svd32_graph_embedding,5,42,Saint Bear,G1031,18,1.0,1.0,1.0,1.0,1.0
noisy_query,random_uniform,5,42,APT1,G0006,23,0.0,0.0,0.0,0.014925373134328358,67.0
noisy_query,frequency_prior,5,42,APT1,G0006,23,0.0,0.0,0.0,0.013513513513513514,74.0
noisy_query,overlap_cosine,5,42,APT1,G0006,23,0.0,1.0,1.0,0.5,2.0
noisy_query,svd32_graph_embedding,5,42,APT1,G0006,23,1.0,1.0,1.0,1.0,1.0
noisy_query,random_uniform,5,42,Confucius,G0142,19,0.0,1.0,1.0,0.5,2.0
noisy_query,frequency_prior,5,42,Confucius,G0142,19,0.0,0.0,0.0,0.011627906976744186,86.0
noisy_query,overlap_cosine,5,42,Confucius,G0142,19,1.0,1.0,1.0,1.0,1.0
noisy_query,svd32_graph_embedding,5,42,Confucius,G0142,19,0.0,1.0,1.0,0.3333333333333333,3.0
noisy_query,random_uniform,5,42,BlackTech,G0098,14,0.0,0.0,0.0,0.00980392156862745,102.0
noisy_query,frequency_prior,5,42,BlackTech,G0098,14,0.0,0.0,0.0,0.009900990099009901,101.0
noisy_query,overlap_cosine,5,42,BlackTech,G0098,14,1.0,1.0,1.0,1.0,1.0
noisy_query,svd32_graph_embedding,5,42,BlackTech,G0098,14,1.0,1.0,1.0,1.0,1.0
noisy_query,random_uniform,5,42,Leviathan,G0065,50,0.0,0.0,0.0,0.017857142857142856,56.0
noisy_query,frequency_prior,5,42,Leviathan,G0065,50,0.0,0.0,0.0,0.03571428571428571,28.0
noisy_query,overlap_cosine,5,42,Leviathan,G0065,50,0.0,0.0,1.0,0.16666666666666666,6.0
noisy_query,svd32_graph_embedding,5,42,Leviathan,G0065,50,1.0,1.0,1.0,1.0,1.0
noisy_query,random_uniform,5,42,Blue Mockingbird,G0108,22,0.0,0.0,0.0,0.0196078431372549,51.0
noisy_query,frequency_prior,5,42,Blue Mockingbird,G0108,22,0.0,0.0,0.0,0.013157894736842105,76.0
noisy_query,overlap_cosine,5,42,Blue Mockingbird,G0108,22,1.0,1.0,1.0,1.0,1.0
noisy_query,svd32_graph_embedding,5,42,Blue Mockingbird,G0108,22,0.0,0.0,0.0,0.03571428571428571,28.0
noisy_query,random_uniform,5,42,Winter Vivern,G1035,27,0.0,0.0,0.0,0.01818181818181818,55.0
noisy_query,frequency_prior,5,42,Winter Vivern,G1035,27,0.0,0.0,0.0,0.014925373134328358,67.0
noisy_query,overlap_cosine,5,42,Winter Vivern,G1035,27,1.0,1.0,1.0,1.0,1.0
noisy_query,svd32_graph_embedding,5,42,Winter Vivern,G1035,27,0.0,0.0,0.0,0.07142857142857142,14.0
noisy_query,random_uniform,5,42,Turla,G0010,68,0.0,0.0,0.0,0.017543859649122806,57.0
noisy_query,frequency_prior,5,42,Turla,G0010,68,0.0,0.0,0.0,0.07692307692307693,13.0
noisy_query,overlap_cosine,5,42,Turla,G0010,68,0.0,1.0,1.0,0.3333333333333333,3.0
noisy_query,svd32_graph_embedding,5,42,Turla,G0010,68,1.0,1.0,1.0,1.0,1.0
noisy_query,random_uniform,5,42,Storm-0501,G1053,42,0.0,0.0,0.0,0.037037037037037035,27.0
noisy_query,frequency_prior,5,42,Storm-0501,G1053,42,0.0,0.0,0.0,0.02564102564102564,39.0
noisy_query,overlap_cosine,5,42,Storm-0501,G1053,42,1.0,1.0,1.0,1.0,1.0
noisy_query,svd32_graph_embedding,5,42,Storm-0501,G1053,42,0.0,0.0,0.0,0.029411764705882353,34.0
noisy_query,random_uniform,5,42,TA505,G0092,34,0.0,0.0,0.0,0.015873015873015872,63.0
noisy_query,frequency_prior,5,42,TA505,G0092,34,0.0,0.0,0.0,0.019230769230769232,52.0
noisy_query,overlap_cosine,5,42,TA505,G0092,34,1.0,1.0,1.0,1.0,1.0
noisy_query,svd32_graph_embedding,5,42,TA505,G0092,34,0.0,1.0,1.0,0.2,5.0
noisy_query,random_uniform,5,42,BITTER,G1002,16,0.0,0.0,0.0,0.018867924528301886,53.0
noisy_query,frequency_prior,5,42,BITTER,G1002,16,0.0,0.0,0.0,0.010416666666666666,96.0
noisy_query,overlap_cosine,5,42,BITTER,G1002,16,1.0,1.0,1.0,1.0,1.0
noisy_query,svd32_graph_embedding,5,42,BITTER,G1002,16,0.0,0.0,1.0,0.16666666666666666,6.0
noisy_query,random_uniform,5,42,DarkVishnya,G0105,10,0.0,0.0,0.0,0.006211180124223602,161.0
noisy_query,frequency_prior,5,42,DarkVishnya,G0105,10,0.0,0.0,0.0,0.008264462809917356,121.0
noisy_query,overlap_cosine,5,42,DarkVishnya,G0105,10,1.0,1.0,1.0,1.0,1.0
noisy_query,svd32_graph_embedding,5,42,DarkVishnya,G0105,10,1.0,1.0,1.0,1.0,1.0
noisy_query,random_uniform,5,42,RedCurl,G1039,41,0.0,0.0,0.0,0.010752688172043012,93.0
noisy_query,frequency_prior,5,42,RedCurl,G1039,41,0.0,0.0,0.0,0.024390243902439025,41.0
noisy_query,overlap_cosine,5,42,RedCurl,G1039,41,0.0,0.0,1.0,0.1,10.0
noisy_query,svd32_graph_embedding,5,42,RedCurl,G1039,41,0.0,0.0,0.0,0.034482758620689655,29.0
noisy_query,random_uniform,5,42,FIN5,G0053,11,0.0,0.0,0.0,0.009433962264150943,106.0
noisy_query,frequency_prior,5,42,FIN5,G0053,11,0.0,0.0,0.0,0.008695652173913044,115.0
noisy_query,overlap_cosine,5,42,FIN5,G0053,11,1.0,1.0,1.0,1.0,1.0
noisy_query,svd32_graph_embedding,5,42,FIN5,G0053,11,1.0,1.0,1.0,1.0,1.0
noisy_query,random_uniform,5,42,Lotus Blossom,G0030,21,0.0,0.0,0.0,0.0078125,128.0
noisy_query,frequency_prior,5,42,Lotus Blossom,G0030,21,0.0,0.0,0.0,0.012658227848101266,79.0
noisy_query,overlap_cosine,5,42,Lotus Blossom,G0030,21,0.0,0.0,1.0,0.1111111111111111,9.0
noisy_query,svd32_graph_embedding,5,42,Lotus Blossom,G0030,21,0.0,0.0,0.0,0.047619047619047616,21.0
noisy_query,random_uniform,5,42,Stealth Falcon,G0038,16,0.0,0.0,0.0,0.010869565217391304,92.0
noisy_query,frequency_prior,5,42,Stealth Falcon,G0038,16,0.0,0.0,0.0,0.010752688172043012,93.0
noisy_query,overlap_cosine,5,42,Stealth Falcon,G0038,16,1.0,1.0,1.0,1.0,1.0
noisy_query,svd32_graph_embedding,5,42,Stealth Falcon,G0038,16,1.0,1.0,1.0,1.0,1.0
noisy_query,random_uniform,5,42,APT29,G0016,66,0.0,0.0,0.0,0.02857142857142857,35.0
noisy_query,frequency_prior,5,42,APT29,G0016,66,0.0,0.0,0.0,0.06666666666666667,15.0
noisy_query,overlap_cosine,5,42,APT29,G0016,66,1.0,1.0,1.0,1.0,1.0
noisy_query,svd32_graph_embedding,5,42,APT29,G0016,66,1.0,1.0,1.0,1.0,1.0
noisy_query,random_uniform,5,42,Dark Caracal,G0070,12,0.0,0.0,0.0,0.006535947712418301,153.0
noisy_query,frequency_prior,5,42,Dark Caracal,G0070,12,0.0,0.0,0.0,0.009174311926605505,109.0
noisy_query,overlap_cosine,5,42,Dark Caracal,G0070,12,1.0,1.0,1.0,1.0,1.0
noisy_query,svd32_graph_embedding,5,42,Dark Caracal,G0070,12,0.0,1.0,1.0,0.2,5.0
noisy_query,random_uniform,5,42,Cinnamon Tempest,G1021,19,0.0,0.0,0.0,0.007874015748031496,127.0
noisy_query,frequency_prior,5,42,Cinnamon Tempest,G1021,19,0.0,0.0,0.0,0.011904761904761904,84.0
noisy_query,overlap_cosine,5,42,Cinnamon Tempest,G1021,19,0.0,0.0,1.0,0.16666666666666666,6.0
noisy_query,svd32_graph_embedding,5,42,Cinnamon Tempest,G1021,19,0.0,1.0,1.0,0.2,5.0
noisy_query,random_uniform,5,42,Chimera,G0114,59,0.0,0.0,0.0,0.006666666666666667,150.0
noisy_query,frequency_prior,5,42,Chimera,G0114,59,0.0,0.0,0.0,0.05263157894736842,19.0
noisy_query,overlap_cosine,5,42,Chimera,G0114,59,0.0,0.0,1.0,0.16666666666666666,6.0
noisy_query,svd32_graph_embedding,5,42,Chimera,G0114,59,1.0,1.0,1.0,1.0,1.0
noisy_query,random_uniform,5,42,MirrorFace,G1054,43,0.0,0.0,0.0,0.009433962264150943,106.0
noisy_query,frequency_prior,5,42,MirrorFace,G1054,43,0.0,0.0,0.0,0.02631578947368421,38.0
noisy_query,overlap_cosine,5,42,MirrorFace,G1054,43,0.0,0.0,1.0,0.16666666666666666,6.0
noisy_query,svd32_graph_embedding,5,42,MirrorFace,G1054,43,0.0,0.0,0.0,0.0625,16.0
noisy_query,random_uniform,5,42,Silent Librarian,G0122,13,0.0,0.0,0.0,0.016129032258064516,62.0
noisy_query,frequency_prior,5,42,Silent Librarian,G0122,13,0.0,0.0,0.0,0.009523809523809525,105.0
noisy_query,overlap_cosine,5,42,Silent Librarian,G0122,13,1.0,1.0,1.0,1.0,1.0
noisy_query,svd32_graph_embedding,5,42,Silent Librarian,G0122,13,0.0,1.0,1.0,0.3333333333333333,3.0
noisy_query,random_uniform,5,42,Medusa Group,G1051,57,0.0,0.0,0.0,0.008264462809917356,121.0
noisy_query,frequency_prior,5,42,Medusa Group,G1051,57,0.0,0.0,0.0,0.047619047619047616,21.0
noisy_query,overlap_cosine,5,42,Medusa Group,G1051,57,0.0,0.0,1.0,0.125,8.0
noisy_query,svd32_graph_embedding,5,42,Medusa Group,G1051,57,0.0,0.0,1.0,0.125,8.0
noisy_query,random_uniform,5,42,BRONZE BUTLER,G0060,40,0.0,0.0,0.0,0.006756756756756757,148.0
noisy_query,frequency_prior,5,42,BRONZE BUTLER,G0060,40,0.0,0.0,0.0,0.022727272727272728,44.0
noisy_query,overlap_cosine,5,42,BRONZE BUTLER,G0060,40,1.0,1.0,1.0,1.0,1.0
noisy_query,svd32_graph_embedding,5,42,BRONZE BUTLER,G0060,40,0.0,1.0,1.0,0.2,5.0
noisy_query,random_uniform,5,42,TA551,G0127,14,0.0,0.0,0.0,0.011494252873563218,87.0
noisy_query,frequency_prior,5,42,TA551,G0127,14,0.0,0.0,0.0,0.01,100.0
noisy_query,overlap_cosine,5,42,TA551,G0127,14,1.0,1.0,1.0,1.0,1.0
noisy_query,svd32_graph_embedding,5,42,TA551,G0127,14,1.0,1.0,1.0,1.0,1.0
noisy_query,random_uniform,5,42,BackdoorDiplomacy,G0135,15,0.0,0.0,0.0,0.011111111111111112,90.0
noisy_query,frequency_prior,5,42,BackdoorDiplomacy,G0135,15,0.0,0.0,0.0,0.010101010101010102,99.0
noisy_query,overlap_cosine,5,42,BackdoorDiplomacy,G0135,15,1.0,1.0,1.0,1.0,1.0
noisy_query,svd32_graph_embedding,5,42,BackdoorDiplomacy,G0135,15,0.0,1.0,1.0,0.3333333333333333,3.0
noisy_query,random_uniform,5,42,Star Blizzard,G1033,20,0.0,0.0,1.0,0.1111111111111111,9.0
noisy_query,frequency_prior,5,42,Star Blizzard,G1033,20,0.0,0.0,0.0,0.012195121951219513,82.0
noisy_query,overlap_cosine,5,42,Star Blizzard,G1033,20,1.0,1.0,1.0,1.0,1.0
noisy_query,svd32_graph_embedding,5,42,Star Blizzard,G1033,20,0.0,1.0,1.0,0.3333333333333333,3.0
noisy_query,random_uniform,5,42,Darkhotel,G0012,24,0.0,0.0,0.0,0.011627906976744186,86.0
noisy_query,frequency_prior,5,42,Darkhotel,G0012,24,0.0,0.0,0.0,0.0136986301369863,73.0
noisy_query,overlap_cosine,5,42,Darkhotel,G0012,24,0.0,1.0,1.0,0.3333333333333333,3.0
noisy_query,svd32_graph_embedding,5,42,Darkhotel,G0012,24,0.0,0.0,1.0,0.1111111111111111,9.0
noisy_query,random_uniform,5,42,Axiom,G0001,16,0.0,0.0,0.0,0.014084507042253521,71.0
noisy_query,frequency_prior,5,42,Axiom,G0001,16,0.0,0.0,0.0,0.010638297872340425,94.0
noisy_query,overlap_cosine,5,42,Axiom,G0001,16,1.0,1.0,1.0,1.0,1.0
noisy_query,svd32_graph_embedding,5,42,Axiom,G0001,16,0.0,0.0,1.0,0.16666666666666666,6.0
noisy_query,random_uniform,5,42,Deep Panda,G0009,10,0.0,0.0,0.0,0.009708737864077669,103.0
noisy_query,frequency_prior,5,42,Deep Panda,G0009,10,0.0,0.0,0.0,0.008333333333333333,120.0
noisy_query,overlap_cosine,5,42,Deep Panda,G0009,10,1.0,1.0,1.0,1.0,1.0
noisy_query,svd32_graph_embedding,5,42,Deep Panda,G0009,10,0.0,1.0,1.0,0.5,2.0
noisy_query,random_uniform,5,42,Ember Bear,G1003,47,0.0,0.0,0.0,0.008695652173913044,115.0
noisy_query,frequency_prior,5,42,Ember Bear,G1003,47,0.0,0.0,0.0,0.03225806451612903,31.0
noisy_query,overlap_cosine,5,42,Ember Bear,G1003,47,0.0,1.0,1.0,0.2,5.0
noisy_query,svd32_graph_embedding,5,42,Ember Bear,G1003,47,0.0,1.0,1.0,0.5,2.0
noisy_query,random_uniform,5,42,LazyScripter,G0140,20,0.0,0.0,0.0,0.011627906976744186,86.0
noisy_query,frequency_prior,5,42,LazyScripter,G0140,20,0.0,0.0,0.0,0.012345679012345678,81.0
noisy_query,overlap_cosine,5,42,LazyScripter,G0140,20,0.0,0.0,1.0,0.16666666666666666,6.0
noisy_query,svd32_graph_embedding,5,42,LazyScripter,G0140,20,0.0,0.0,0.0,0.038461538461538464,26.0
noisy_query,random_uniform,5,42,Windshift,G0112,19,0.0,0.0,0.0,0.041666666666666664,24.0
noisy_query,frequency_prior,5,42,Windshift,G0112,19,0.0,0.0,0.0,0.011764705882352941,85.0
noisy_query,overlap_cosine,5,42,Windshift,G0112,19,0.0,1.0,1.0,0.25,4.0
noisy_query,svd32_graph_embedding,5,42,Windshift,G0112,19,0.0,0.0,0.0,0.09090909090909091,11.0
noisy_query,random_uniform,5,42,ToddyCat,G1022,25,0.0,0.0,0.0,0.006756756756756757,148.0
noisy_query,frequency_prior,5,42,ToddyCat,G1022,25,0.0,0.0,0.0,0.013888888888888888,72.0
noisy_query,overlap_cosine,5,42,ToddyCat,G1022,25,1.0,1.0,1.0,1.0,1.0
noisy_query,svd32_graph_embedding,5,42,ToddyCat,G1022,25,0.0,1.0,1.0,0.25,4.0
noisy_query,random_uniform,5,42,LuminousMoth,G1014,28,0.0,0.0,0.0,0.008849557522123894,113.0
noisy_query,frequency_prior,5,42,LuminousMoth,G1014,28,0.0,0.0,0.0,0.015384615384615385,65.0
noisy_query,overlap_cosine,5,42,LuminousMoth,G1014,28,1.0,1.0,1.0,1.0,1.0
noisy_query,svd32_graph_embedding,5,42,LuminousMoth,G1014,28,0.0,1.0,1.0,0.3333333333333333,3.0
noisy_query,random_uniform,5,42,Agrius,G1030,22,0.0,0.0,0.0,0.019230769230769232,52.0
noisy_query,frequency_prior,5,42,Agrius,G1030,22,0.0,0.0,0.0,0.013333333333333334,75.0
noisy_query,overlap_cosine,5,42,Agrius,G1030,22,1.0,1.0,1.0,1.0,1.0
noisy_query,svd32_graph_embedding,5,42,Agrius,G1030,22,0.0,1.0,1.0,0.5,2.0
noisy_query,random_uniform,5,42,APT28,G0007,93,0.0,0.0,0.0,0.010309278350515464,97.0
noisy_query,frequency_prior,5,42,APT28,G0007,93,0.0,1.0,1.0,0.5,2.0
noisy_query,overlap_cosine,5,42,APT28,G0007,93,0.0,1.0,1.0,0.2,5.0
noisy_query,svd32_graph_embedding,5,42,APT28,G0007,93,1.0,1.0,1.0,1.0,1.0
noisy_query,random_uniform,5,42,Malteiro,G1026,12,0.0,0.0,0.0,0.023255813953488372,43.0
noisy_query,frequency_prior,5,42,Malteiro,G1026,12,0.0,0.0,0.0,0.008849557522123894,113.0
noisy_query,overlap_cosine,5,42,Malteiro,G1026,12,1.0,1.0,1.0,1.0,1.0
noisy_query,svd32_graph_embedding,5,42,Malteiro,G1026,12,0.0,1.0,1.0,0.5,2.0
noisy_query,random_uniform,5,42,APT42,G1044,32,0.0,0.0,0.0,0.08333333333333333,12.0
noisy_query,frequency_prior,5,42,APT42,G1044,32,0.0,0.0,0.0,0.018518518518518517,54.0
noisy_query,overlap_cosine,5,42,APT42,G1044,32,1.0,1.0,1.0,1.0,1.0
noisy_query,svd32_graph_embedding,5,42,APT42,G1044,32,0.0,1.0,1.0,0.5,2.0
noisy_query,random_uniform,5,42,APT5,G1023,29,0.0,0.0,0.0,0.03225806451612903,31.0
noisy_query,frequency_prior,5,42,APT5,G1023,29,0.0,0.0,0.0,0.016129032258064516,62.0
noisy_query,overlap_cosine,5,42,APT5,G1023,29,0.0,1.0,1.0,0.5,2.0
noisy_query,svd32_graph_embedding,5,42,APT5,G1023,29,0.0,1.0,1.0,0.25,4.0
noisy_query,random_uniform,5,42,Fox Kitten,G0117,41,0.0,0.0,0.0,0.008130081300813009,123.0
noisy_query,frequency_prior,5,42,Fox Kitten,G0117,41,0.0,0.0,0.0,0.023809523809523808,42.0
noisy_query,overlap_cosine,5,42,Fox Kitten,G0117,41,0.0,0.0,1.0,0.14285714285714285,7.0
noisy_query,svd32_graph_embedding,5,42,Fox Kitten,G0117,41,0.0,0.0,0.0,0.07142857142857142,14.0
noisy_query,random_uniform,5,42,APT-C-36,G0099,38,0.0,0.0,0.0,0.041666666666666664,24.0
noisy_query,frequency_prior,5,42,APT-C-36,G0099,38,0.0,0.0,0.0,0.021739130434782608,46.0
noisy_query,overlap_cosine,5,42,APT-C-36,G0099,38,0.0,1.0,1.0,0.2,5.0
noisy_query,svd32_graph_embedding,5,42,APT-C-36,G0099,38,0.0,0.0,0.0,0.045454545454545456,22.0
noisy_query,random_uniform,5,42,Tonto Team,G0131,15,0.0,1.0,1.0,0.3333333333333333,3.0
noisy_query,frequency_prior,5,42,Tonto Team,G0131,15,0.0,0.0,0.0,0.010309278350515464,97.0
noisy_query,overlap_cosine,5,42,Tonto Team,G0131,15,1.0,1.0,1.0,1.0,1.0
noisy_query,svd32_graph_embedding,5,42,Tonto Team,G0131,15,0.0,1.0,1.0,0.5,2.0
noisy_query,random_uniform,5,42,Lazarus Group,G0032,93,0.0,0.0,0.0,0.008928571428571428,112.0
noisy_query,frequency_prior,5,42,Lazarus Group,G0032,93,0.0,1.0,1.0,0.3333333333333333,3.0
noisy_query,overlap_cosine,5,42,Lazarus Group,G0032,93,0.0,0.0,0.0,0.08333333333333333,12.0
noisy_query,svd32_graph_embedding,5,42,Lazarus Group,G0032,93,0.0,0.0,1.0,0.125,8.0
noisy_query,random_uniform,5,42,INC Ransom,G1032,25,0.0,0.0,0.0,0.027777777777777776,36.0
noisy_query,frequency_prior,5,42,INC Ransom,G1032,25,0.0,0.0,0.0,0.014084507042253521,71.0
noisy_query,overlap_cosine,5,42,INC Ransom,G1032,25,0.0,1.0,1.0,0.5,2.0
noisy_query,svd32_graph_embedding,5,42,INC Ransom,G1032,25,1.0,1.0,1.0,1.0,1.0
noisy_query,random_uniform,5,42,Earth Lusca,G1006,44,0.0,0.0,0.0,0.015151515151515152,66.0
noisy_query,frequency_prior,5,42,Earth Lusca,G1006,44,0.0,0.0,0.0,0.029411764705882353,34.0
noisy_query,overlap_cosine,5,42,Earth Lusca,G1006,44,0.0,0.0,1.0,0.125,8.0
noisy_query,svd32_graph_embedding,5,42,Earth Lusca,G1006,44,0.0,0.0,0.0,0.05,20.0
noisy_query,random_uniform,5,42,FIN4,G0085,12,0.0,0.0,0.0,0.013513513513513514,74.0
noisy_query,frequency_prior,5,42,FIN4,G0085,12,0.0,0.0,0.0,0.009009009009009009,111.0
noisy_query,overlap_cosine,5,42,FIN4,G0085,12,1.0,1.0,1.0,1.0,1.0
noisy_query,svd32_graph_embedding,5,42,FIN4,G0085,12,0.0,0.0,1.0,0.1111111111111111,9.0
noisy_query,random_uniform,5,42,Silence,G0091,28,0.0,0.0,0.0,0.009523809523809525,105.0
noisy_query,frequency_prior,5,42,Silence,G0091,28,0.0,0.0,0.0,0.015151515151515152,66.0
noisy_query,overlap_cosine,5,42,Silence,G0091,28,0.0,1.0,1.0,0.5,2.0
noisy_query,svd32_graph_embedding,5,42,Silence,G0091,28,0.0,0.0,1.0,0.125,8.0
noisy_query,random_uniform,5,42,LAPSUS$,G1004,43,0.0,0.0,0.0,0.018867924528301886,53.0
noisy_query,frequency_prior,5,42,LAPSUS$,G1004,43,0.0,0.0,0.0,0.02702702702702703,37.0
noisy_query,overlap_cosine,5,42,LAPSUS$,G1004,43,1.0,1.0,1.0,1.0,1.0
noisy_query,svd32_graph_embedding,5,42,LAPSUS$,G1004,43,1.0,1.0,1.0,1.0,1.0
noisy_query,random_uniform,5,42,Cobalt Group,G0080,34,0.0,0.0,0.0,0.015384615384615385,65.0
noisy_query,frequency_prior,5,42,Cobalt Group,G0080,34,0.0,0.0,0.0,0.0196078431372549,51.0
noisy_query,overlap_cosine,5,42,Cobalt Group,G0080,34,0.0,1.0,1.0,0.5,2.0
noisy_query,svd32_graph_embedding,5,42,Cobalt Group,G0080,34,0.0,0.0,1.0,0.1,10.0
noisy_query,random_uniform,5,42,Wizard Spider,G0102,64,0.0,0.0,0.0,0.015873015873015872,63.0
noisy_query,frequency_prior,5,42,Wizard Spider,G0102,64,0.0,0.0,0.0,0.058823529411764705,17.0
noisy_query,overlap_cosine,5,42,Wizard Spider,G0102,64,1.0,1.0,1.0,1.0,1.0
noisy_query,svd32_graph_embedding,5,42,Wizard Spider,G0102,64,0.0,1.0,1.0,0.25,4.0
noisy_query,random_uniform,5,42,Molerats,G0021,16,0.0,0.0,0.0,0.015625,64.0
noisy_query,frequency_prior,5,42,Molerats,G0021,16,0.0,0.0,0.0,0.010869565217391304,92.0
noisy_query,overlap_cosine,5,42,Molerats,G0021,16,1.0,1.0,1.0,1.0,1.0
noisy_query,svd32_graph_embedding,5,42,Molerats,G0021,16,0.0,1.0,1.0,0.5,2.0
noisy_query,random_uniform,5,42,Velvet Ant,G1047,22,0.0,0.0,0.0,0.022222222222222223,45.0
noisy_query,frequency_prior,5,42,Velvet Ant,G1047,22,0.0,0.0,0.0,0.012987012987012988,77.0
noisy_query,overlap_cosine,5,42,Velvet Ant,G1047,22,1.0,1.0,1.0,1.0,1.0
noisy_query,svd32_graph_embedding,5,42,Velvet Ant,G1047,22,1.0,1.0,1.0,1.0,1.0
noisy_query,random_uniform,5,42,Transparent Tribe,G0134,14,0.0,0.0,0.0,0.018518518518518517,54.0
noisy_query,frequency_prior,5,42,Transparent Tribe,G0134,14,0.0,0.0,0.0,0.009615384615384616,104.0
noisy_query,overlap_cosine,5,42,Transparent Tribe,G0134,14,1.0,1.0,1.0,1.0,1.0
noisy_query,svd32_graph_embedding,5,42,Transparent Tribe,G0134,14,0.0,1.0,1.0,0.5,2.0
noisy_query,random_uniform,5,42,Moonstone Sleet,G1036,30,0.0,0.0,0.0,0.006756756756756757,148.0
noisy_query,frequency_prior,5,42,Moonstone Sleet,G1036,30,0.0,0.0,0.0,0.01694915254237288,59.0
noisy_query,overlap_cosine,5,42,Moonstone Sleet,G1036,30,1.0,1.0,1.0,1.0,1.0
noisy_query,svd32_graph_embedding,5,42,Moonstone Sleet,G1036,30,1.0,1.0,1.0,1.0,1.0
noisy_query,random_uniform,5,42,Inception,G0100,22,0.0,0.0,0.0,0.006993006993006993,143.0
noisy_query,frequency_prior,5,42,Inception,G0100,22,0.0,0.0,0.0,0.01282051282051282,78.0
noisy_query,overlap_cosine,5,42,Inception,G0100,22,0.0,1.0,1.0,0.5,2.0
noisy_query,svd32_graph_embedding,5,42,Inception,G0100,22,0.0,0.0,1.0,0.1,10.0
noisy_query,random_uniform,5,42,VOID MANTICORE,G1055,63,0.0,0.0,0.0,0.015873015873015872,63.0
noisy_query,frequency_prior,5,42,VOID MANTICORE,G1055,63,0.0,0.0,0.0,0.05555555555555555,18.0
noisy_query,overlap_cosine,5,42,VOID MANTICORE,G1055,63,0.0,0.0,0.0,0.05263157894736842,19.0
noisy_query,svd32_graph_embedding,5,42,VOID MANTICORE,G1055,63,0.0,0.0,0.0,0.030303030303030304,33.0
noisy_query,random_uniform,5,42,Play,G1040,26,0.0,0.0,0.0,0.007633587786259542,131.0
noisy_query,frequency_prior,5,42,Play,G1040,26,0.0,0.0,0.0,0.014492753623188406,69.0
noisy_query,overlap_cosine,5,42,Play,G1040,26,1.0,1.0,1.0,1.0,1.0
noisy_query,svd32_graph_embedding,5,42,Play,G1040,26,0.0,1.0,1.0,0.2,5.0
noisy_query,random_uniform,5,42,PROMETHIUM,G0056,11,0.0,0.0,0.0,0.005747126436781609,174.0
noisy_query,frequency_prior,5,42,PROMETHIUM,G0056,11,0.0,0.0,0.0,0.00847457627118644,118.0
noisy_query,overlap_cosine,5,42,PROMETHIUM,G0056,11,1.0,1.0,1.0,1.0,1.0
noisy_query,svd32_graph_embedding,5,42,PROMETHIUM,G0056,11,1.0,1.0,1.0,1.0,1.0
noisy_query,random_uniform,5,42,HEXANE,G1001,36,0.0,0.0,0.0,0.015151515151515152,66.0
noisy_query,frequency_prior,5,42,HEXANE,G1001,36,0.0,0.0,0.0,0.02040816326530612,49.0
noisy_query,overlap_cosine,5,42,HEXANE,G1001,36,1.0,1.0,1.0,1.0,1.0
noisy_query,svd32_graph_embedding,5,42,HEXANE,G1001,36,0.0,1.0,1.0,0.3333333333333333,3.0
noisy_query,random_uniform,5,42,Daggerfly,G1034,17,0.0,0.0,0.0,0.011764705882352941,85.0
noisy_query,frequency_prior,5,42,Daggerfly,G1034,17,0.0,0.0,0.0,0.011235955056179775,89.0
noisy_query,overlap_cosine,5,42,Daggerfly,G1034,17,1.0,1.0,1.0,1.0,1.0
noisy_query,svd32_graph_embedding,5,42,Daggerfly,G1034,17,0.0,0.0,1.0,0.1,10.0
noisy_query,random_uniform,5,42,WIRTE,G0090,26,0.0,0.0,0.0,0.010752688172043012,93.0
noisy_query,frequency_prior,5,42,WIRTE,G0090,26,0.0,0.0,0.0,0.014285714285714285,70.0
noisy_query,overlap_cosine,5,42,WIRTE,G0090,26,0.0,1.0,1.0,0.25,4.0
noisy_query,svd32_graph_embedding,5,42,WIRTE,G0090,26,0.0,0.0,0.0,0.0625,16.0
noisy_query,random_uniform,5,42,PLATINUM,G0068,11,0.0,0.0,0.0,0.0078125,128.0
noisy_query,frequency_prior,5,42,PLATINUM,G0068,11,0.0,0.0,0.0,0.008547008547008548,117.0
noisy_query,overlap_cosine,5,42,PLATINUM,G0068,11,1.0,1.0,1.0,1.0,1.0
noisy_query,svd32_graph_embedding,5,42,PLATINUM,G0068,11,0.0,1.0,1.0,0.25,4.0
noisy_query,random_uniform,5,42,Magic Hound,G0059,78,0.0,0.0,0.0,0.011235955056179775,89.0
noisy_query,frequency_prior,5,42,Magic Hound,G0059,78,0.0,0.0,1.0,0.1111111111111111,9.0
noisy_query,overlap_cosine,5,42,Magic Hound,G0059,78,0.0,1.0,1.0,0.2,5.0
noisy_query,svd32_graph_embedding,5,42,Magic Hound,G0059,78,0.0,1.0,1.0,0.5,2.0
noisy_query,random_uniform,5,42,Threat Group-3390,G0027,57,0.0,0.0,0.0,0.008547008547008548,117.0
noisy_query,frequency_prior,5,42,Threat Group-3390,G0027,57,0.0,0.0,0.0,0.05,20.0
noisy_query,overlap_cosine,5,42,Threat Group-3390,G0027,57,0.0,0.0,0.0,0.058823529411764705,17.0
noisy_query,svd32_graph_embedding,5,42,Threat Group-3390,G0027,57,0.0,0.0,0.0,0.024390243902439025,41.0
noisy_query,random_uniform,5,42,APT33,G0064,31,0.0,1.0,1.0,0.5,2.0
noisy_query,frequency_prior,5,42,APT33,G0064,31,0.0,0.0,0.0,0.017857142857142856,56.0
noisy_query,overlap_cosine,5,42,APT33,G0064,31,1.0,1.0,1.0,1.0,1.0
noisy_query,svd32_graph_embedding,5,42,APT33,G0064,31,0.0,1.0,1.0,0.25,4.0
noisy_query,random_uniform,5,42,FIN10,G0051,11,0.0,0.0,0.0,0.015151515151515152,66.0
noisy_query,frequency_prior,5,42,FIN10,G0051,11,0.0,0.0,0.0,0.008620689655172414,116.0
noisy_query,overlap_cosine,5,42,FIN10,G0051,11,1.0,1.0,1.0,1.0,1.0
noisy_query,svd32_graph_embedding,5,42,FIN10,G0051,11,0.0,0.0,0.0,0.09090909090909091,11.0
noisy_query,random_uniform,5,42,FIN8,G0061,36,0.0,0.0,1.0,0.1111111111111111,9.0
noisy_query,frequency_prior,5,42,FIN8,G0061,36,0.0,0.0,0.0,0.02127659574468085,47.0
noisy_query,overlap_cosine,5,42,FIN8,G0061,36,0.0,0.0,1.0,0.125,8.0
noisy_query,svd32_graph_embedding,5,42,FIN8,G0061,36,0.0,0.0,0.0,0.045454545454545456,22.0
noisy_query,random_uniform,5,42,FIN13,G1016,53,0.0,0.0,0.0,0.023809523809523808,42.0
noisy_query,frequency_prior,5,42,FIN13,G1016,53,0.0,0.0,0.0,0.037037037037037035,27.0
noisy_query,overlap_cosine,5,42,FIN13,G1016,53,0.0,0.0,1.0,0.1,10.0
noisy_query,svd32_graph_embedding,5,42,FIN13,G1016,53,0.0,0.0,1.0,0.14285714285714285,7.0
noisy_query,random_uniform,5,42,APT19,G0073,21,0.0,0.0,0.0,0.014492753623188406,69.0
noisy_query,frequency_prior,5,42,APT19,G0073,21,0.0,0.0,0.0,0.0125,80.0
noisy_query,overlap_cosine,5,42,APT19,G0073,21,0.0,1.0,1.0,0.25,4.0
noisy_query,svd32_graph_embedding,5,42,APT19,G0073,21,0.0,1.0,1.0,0.5,2.0
noisy_query,random_uniform,5,271,APT38,G0082,56,0.0,0.0,0.0,0.007751937984496124,129.0
noisy_query,frequency_prior,5,271,APT38,G0082,56,0.0,0.0,0.0,0.041666666666666664,24.0
noisy_query,overlap_cosine,5,271,APT38,G0082,56,0.0,1.0,1.0,0.2,5.0
noisy_query,svd32_graph_embedding,5,271,APT38,G0082,56,0.0,1.0,1.0,0.5,2.0
noisy_query,random_uniform,5,271,Indrik Spider,G0119,33,0.0,0.0,0.0,0.020833333333333332,48.0
noisy_query,frequency_prior,5,271,Indrik Spider,G0119,33,0.0,0.0,0.0,0.018867924528301886,53.0
noisy_query,overlap_cosine,5,271,Indrik Spider,G0119,33,1.0,1.0,1.0,1.0,1.0
noisy_query,svd32_graph_embedding,5,271,Indrik Spider,G0119,33,1.0,1.0,1.0,1.0,1.0
noisy_query,random_uniform,5,271,BlackByte,G1043,48,0.0,0.0,1.0,0.14285714285714285,7.0
noisy_query,frequency_prior,5,271,BlackByte,G1043,48,0.0,0.0,0.0,0.03333333333333333,30.0
noisy_query,overlap_cosine,5,271,BlackByte,G1043,48,0.0,0.0,1.0,0.14285714285714285,7.0
noisy_query,svd32_graph_embedding,5,271,BlackByte,G1043,48,0.0,1.0,1.0,0.25,4.0
noisy_query,random_uniform,5,271,SideCopy,G1008,16,0.0,0.0,0.0,0.008264462809917356,121.0
noisy_query,frequency_prior,5,271,SideCopy,G1008,16,0.0,0.0,0.0,0.01098901098901099,91.0
noisy_query,overlap_cosine,5,271,SideCopy,G1008,16,0.0,1.0,1.0,0.5,2.0
noisy_query,svd32_graph_embedding,5,271,SideCopy,G1008,16,0.0,1.0,1.0,0.5,2.0
noisy_query,random_uniform,5,271,GALLIUM,G0093,31,0.0,0.0,0.0,0.008064516129032258,124.0
noisy_query,frequency_prior,5,271,GALLIUM,G0093,31,0.0,0.0,0.0,0.017543859649122806,57.0
noisy_query,overlap_cosine,5,271,GALLIUM,G0093,31,1.0,1.0,1.0,1.0,1.0
noisy_query,svd32_graph_embedding,5,271,GALLIUM,G0093,31,0.0,1.0,1.0,0.5,2.0
noisy_query,random_uniform,5,271,APT3,G0022,44,0.0,0.0,0.0,0.0625,16.0
noisy_query,frequency_prior,5,271,APT3,G0022,44,0.0,0.0,0.0,0.02857142857142857,35.0
noisy_query,overlap_cosine,5,271,APT3,G0022,44,0.0,0.0,1.0,0.16666666666666666,6.0
noisy_query,svd32_graph_embedding,5,271,APT3,G0022,44,0.0,0.0,1.0,0.125,8.0
noisy_query,random_uniform,5,271,Mustard Tempest,G1020,12,0.0,0.0,0.0,0.009523809523809525,105.0
noisy_query,frequency_prior,5,271,Mustard Tempest,G1020,12,0.0,0.0,0.0,0.009433962264150943,106.0
noisy_query,overlap_cosine,5,271,Mustard Tempest,G1020,12,1.0,1.0,1.0,1.0,1.0
noisy_query,svd32_graph_embedding,5,271,Mustard Tempest,G1020,12,1.0,1.0,1.0,1.0,1.0
noisy_query,random_uniform,5,271,Kimsuky,G0094,130,0.0,0.0,0.0,0.04,25.0
noisy_query,frequency_prior,5,271,Kimsuky,G0094,130,1.0,1.0,1.0,1.0,1.0
noisy_query,overlap_cosine,5,271,Kimsuky,G0094,130,0.0,0.0,0.0,0.08333333333333333,12.0
noisy_query,svd32_graph_embedding,5,271,Kimsuky,G0094,130,0.0,1.0,1.0,0.5,2.0
noisy_query,random_uniform,5,271,EXOTIC LILY,G1011,15,0.0,0.0,0.0,0.018867924528301886,53.0
noisy_query,frequency_prior,5,271,EXOTIC LILY,G1011,15,0.0,0.0,0.0,0.01020408163265306,98.0
noisy_query,overlap_cosine,5,271,EXOTIC LILY,G1011,15,1.0,1.0,1.0,1.0,1.0
noisy_query,svd32_graph_embedding,5,271,EXOTIC LILY,G1011,15,0.0,1.0,1.0,0.5,2.0
noisy_query,random_uniform,5,271,admin@338,G0018,12,0.0,0.0,0.0,0.008547008547008548,117.0
noisy_query,frequency_prior,5,271,admin@338,G0018,12,0.0,0.0,0.0,0.00909090909090909,110.0
noisy_query,overlap_cosine,5,271,admin@338,G0018,12,1.0,1.0,1.0,1.0,1.0
noisy_query,svd32_graph_embedding,5,271,admin@338,G0018,12,0.0,1.0,1.0,0.25,4.0
noisy_query,random_uniform,5,271,Volt Typhoon,G1017,81,0.0,0.0,0.0,0.008130081300813009,123.0
noisy_query,frequency_prior,5,271,Volt Typhoon,G1017,81,0.0,0.0,1.0,0.16666666666666666,6.0
noisy_query,overlap_cosine,5,271,Volt Typhoon,G1017,81,0.0,1.0,1.0,0.5,2.0
noisy_query,svd32_graph_embedding,5,271,Volt Typhoon,G1017,81,1.0,1.0,1.0,1.0,1.0
noisy_query,random_uniform,5,271,Patchwork,G0040,41,0.0,0.0,0.0,0.0070921985815602835,141.0
noisy_query,frequency_prior,5,271,Patchwork,G0040,41,0.0,0.0,0.0,0.025,40.0
noisy_query,overlap_cosine,5,271,Patchwork,G0040,41,0.0,1.0,1.0,0.25,4.0
noisy_query,svd32_graph_embedding,5,271,Patchwork,G0040,41,0.0,1.0,1.0,0.3333333333333333,3.0
noisy_query,random_uniform,5,271,APT41,G0096,82,0.0,0.0,0.0,0.01694915254237288,59.0
noisy_query,frequency_prior,5,271,APT41,G0096,82,0.0,1.0,1.0,0.2,5.0
noisy_query,overlap_cosine,5,271,APT41,G0096,82,0.0,0.0,1.0,0.16666666666666666,6.0
noisy_query,svd32_graph_embedding,5,271,APT41,G0096,82,0.0,0.0,1.0,0.1,10.0
noisy_query,random_uniform,5,271,Salt Typhoon,G1045,14,0.0,0.0,0.0,0.00909090909090909,110.0
noisy_query,frequency_prior,5,271,Salt Typhoon,G1045,14,0.0,0.0,0.0,0.00980392156862745,102.0
noisy_query,overlap_cosine,5,271,Salt Typhoon,G1045,14,1.0,1.0,1.0,1.0,1.0
noisy_query,svd32_graph_embedding,5,271,Salt Typhoon,G1045,14,0.0,0.0,1.0,0.1,10.0
noisy_query,random_uniform,5,271,Dragonfly,G0035,56,0.0,0.0,0.0,0.012048192771084338,83.0
noisy_query,frequency_prior,5,271,Dragonfly,G0035,56,0.0,0.0,0.0,0.045454545454545456,22.0
noisy_query,overlap_cosine,5,271,Dragonfly,G0035,56,0.0,0.0,0.0,0.05263157894736842,19.0
noisy_query,svd32_graph_embedding,5,271,Dragonfly,G0035,56,0.0,0.0,0.0,0.058823529411764705,17.0
noisy_query,random_uniform,5,271,Evilnum,G0120,11,0.0,0.0,0.0,0.006493506493506494,154.0
noisy_query,frequency_prior,5,271,Evilnum,G0120,11,0.0,0.0,0.0,0.008403361344537815,119.0
noisy_query,overlap_cosine,5,271,Evilnum,G0120,11,1.0,1.0,1.0,1.0,1.0
noisy_query,svd32_graph_embedding,5,271,Evilnum,G0120,11,0.0,1.0,1.0,0.5,2.0
noisy_query,random_uniform,5,271,Gorgon Group,G0078,16,0.0,0.0,0.0,0.008547008547008548,117.0
noisy_query,frequency_prior,5,271,Gorgon Group,G0078,16,0.0,0.0,0.0,0.010526315789473684,95.0
noisy_query,overlap_cosine,5,271,Gorgon Group,G0078,16,1.0,1.0,1.0,1.0,1.0
noisy_query,svd32_graph_embedding,5,271,Gorgon Group,G0078,16,0.0,0.0,0.0,0.08333333333333333,12.0
noisy_query,random_uniform,5,271,menuPass,G0045,46,0.0,0.0,0.0,0.006097560975609756,164.0
noisy_query,frequency_prior,5,271,menuPass,G0045,46,0.0,0.0,0.0,0.030303030303030304,33.0
noisy_query,overlap_cosine,5,271,menuPass,G0045,46,0.0,0.0,1.0,0.1111111111111111,9.0
noisy_query,svd32_graph_embedding,5,271,menuPass,G0045,46,0.0,0.0,0.0,0.038461538461538464,26.0
noisy_query,random_uniform,5,271,APT32,G0050,78,0.0,0.0,0.0,0.017241379310344827,58.0
noisy_query,frequency_prior,5,271,APT32,G0050,78,0.0,0.0,1.0,0.125,8.0
noisy_query,overlap_cosine,5,271,APT32,G0050,78,0.0,0.0,0.0,0.02857142857142857,35.0
noisy_query,svd32_graph_embedding,5,271,APT32,G0050,78,0.0,0.0,0.0,0.038461538461538464,26.0
noisy_query,random_uniform,5,271,HAFNIUM,G0125,44,0.0,0.0,0.0,0.041666666666666664,24.0
noisy_query,frequency_prior,5,271,HAFNIUM,G0125,44,0.0,0.0,0.0,0.027777777777777776,36.0
noisy_query,overlap_cosine,5,271,HAFNIUM,G0125,44,0.0,1.0,1.0,0.3333333333333333,3.0
noisy_query,svd32_graph_embedding,5,271,HAFNIUM,G0125,44,0.0,1.0,1.0,0.25,4.0
noisy_query,random_uniform,5,271,MuddyWater,G0069,68,0.0,0.0,0.0,0.012658227848101266,79.0
noisy_query,frequency_prior,5,271,MuddyWater,G0069,68,0.0,0.0,0.0,0.08333333333333333,12.0
noisy_query,overlap_cosine,5,271,MuddyWater,G0069,68,0.0,1.0,1.0,0.3333333333333333,3.0
noisy_query,svd32_graph_embedding,5,271,MuddyWater,G0069,68,1.0,1.0,1.0,1.0,1.0
noisy_query,random_uniform,5,271,Naikon,G0019,14,0.0,0.0,0.0,0.025,40.0
noisy_query,frequency_prior,5,271,Naikon,G0019,14,0.0,0.0,0.0,0.009708737864077669,103.0
noisy_query,overlap_cosine,5,271,Naikon,G0019,14,1.0,1.0,1.0,1.0,1.0
noisy_query,svd32_graph_embedding,5,271,Naikon,G0019,14,1.0,1.0,1.0,1.0,1.0
noisy_query,random_uniform,5,271,FIN6,G0037,40,0.0,0.0,0.0,0.009523809523809525,105.0
noisy_query,frequency_prior,5,271,FIN6,G0037,40,0.0,0.0,0.0,0.022222222222222223,45.0
noisy_query,overlap_cosine,5,271,FIN6,G0037,40,0.0,1.0,1.0,0.5,2.0
noisy_query,svd32_graph_embedding,5,271,FIN6,G0037,40,1.0,1.0,1.0,1.0,1.0
noisy_query,random_uniform,5,271,Gamaredon Group,G0047,70,0.0,0.0,0.0,0.07692307692307693,13.0
noisy_query,frequency_prior,5,271,Gamaredon Group,G0047,70,0.0,0.0,0.0,0.09090909090909091,11.0
noisy_query,overlap_cosine,5,271,Gamaredon Group,G0047,70,0.0,0.0,0.0,0.047619047619047616,21.0
noisy_query,svd32_graph_embedding,5,271,Gamaredon Group,G0047,70,0.0,0.0,0.0,0.07692307692307693,13.0
noisy_query,random_uniform,5,271,Storm-1811,G1046,31,0.0,0.0,0.0,0.007874015748031496,127.0
noisy_query,frequency_prior,5,271,Storm-1811,G1046,31,0.0,0.0,0.0,0.01818181818181818,55.0
noisy_query,overlap_cosine,5,271,Storm-1811,G1046,31,0.0,1.0,1.0,0.5,2.0
noisy_query,svd32_graph_embedding,5,271,Storm-1811,G1046,31,0.0,1.0,1.0,0.25,4.0
noisy_query,random_uniform,5,271,Leafminer,G0077,17,0.0,0.0,0.0,0.01694915254237288,59.0
noisy_query,frequency_prior,5,271,Leafminer,G0077,17,0.0,0.0,0.0,0.011111111111111112,90.0
noisy_query,overlap_cosine,5,271,Leafminer,G0077,17,1.0,1.0,1.0,1.0,1.0
noisy_query,svd32_graph_embedding,5,271,Leafminer,G0077,17,1.0,1.0,1.0,1.0,1.0
noisy_query,random_uniform,5,271,TeamTNT,G0139,56,0.0,0.0,0.0,0.008620689655172414,116.0
noisy_query,frequency_prior,5,271,TeamTNT,G0139,56,0.0,0.0,0.0,0.043478260869565216,23.0
noisy_query,overlap_cosine,5,271,TeamTNT,G0139,56,0.0,1.0,1.0,0.3333333333333333,3.0
noisy_query,svd32_graph_embedding,5,271,TeamTNT,G0139,56,0.0,1.0,1.0,0.5,2.0
noisy_query,random_uniform,5,271,FIN7,G0046,67,0.0,0.0,0.0,0.006134969325153374,163.0
noisy_query,frequency_prior,5,271,FIN7,G0046,67,0.0,0.0,0.0,0.07142857142857142,14.0
noisy_query,overlap_cosine,5,271,FIN7,G0046,67,0.0,1.0,1.0,0.25,4.0
noisy_query,svd32_graph_embedding,5,271,FIN7,G0046,67,1.0,1.0,1.0,1.0,1.0
noisy_query,random_uniform,5,271,Sandworm Team,G0034,79,0.0,0.0,0.0,0.017241379310344827,58.0
noisy_query,frequency_prior,5,271,Sandworm Team,G0034,79,0.0,0.0,1.0,0.14285714285714285,7.0
noisy_query,overlap_cosine,5,271,Sandworm Team,G0034,79,0.0,0.0,0.0,0.04,25.0
noisy_query,svd32_graph_embedding,5,271,Sandworm Team,G0034,79,0.0,0.0,0.0,0.02631578947368421,38.0
noisy_query,random_uniform,5,271,Machete,G0095,11,0.0,0.0,0.0,0.02564102564102564,39.0
noisy_query,frequency_prior,5,271,Machete,G0095,11,0.0,0.0,0.0,0.008771929824561403,114.0
noisy_query,overlap_cosine,5,271,Machete,G0095,11,1.0,1.0,1.0,1.0,1.0
noisy_query,svd32_graph_embedding,5,271,Machete,G0095,11,0.0,1.0,1.0,0.3333333333333333,3.0
noisy_query,random_uniform,5,271,APT18,G0026,12,0.0,0.0,0.0,0.008771929824561403,114.0
noisy_query,frequency_prior,5,271,APT18,G0026,12,0.0,0.0,0.0,0.009345794392523364,107.0
noisy_query,overlap_cosine,5,271,APT18,G0026,12,1.0,1.0,1.0,1.0,1.0
noisy_query,svd32_graph_embedding,5,271,APT18,G0026,12,1.0,1.0,1.0,1.0,1.0
noisy_query,random_uniform,5,271,Andariel,G0138,12,0.0,0.0,0.0,0.05263157894736842,19.0
noisy_query,frequency_prior,5,271,Andariel,G0138,12,0.0,0.0,0.0,0.009259259259259259,108.0
noisy_query,overlap_cosine,5,271,Andariel,G0138,12,1.0,1.0,1.0,1.0,1.0
noisy_query,svd32_graph_embedding,5,271,Andariel,G0138,12,0.0,1.0,1.0,0.5,2.0
noisy_query,random_uniform,5,271,CURIUM,G1012,19,0.0,0.0,0.0,0.037037037037037035,27.0
noisy_query,frequency_prior,5,271,CURIUM,G1012,19,0.0,0.0,0.0,0.012048192771084338,83.0
noisy_query,overlap_cosine,5,271,CURIUM,G1012,19,1.0,1.0,1.0,1.0,1.0
noisy_query,svd32_graph_embedding,5,271,CURIUM,G1012,19,1.0,1.0,1.0,1.0,1.0
noisy_query,random_uniform,5,271,Sidewinder,G0121,30,0.0,0.0,0.0,0.03571428571428571,28.0
noisy_query,frequency_prior,5,271,Sidewinder,G0121,30,0.0,0.0,0.0,0.017241379310344827,58.0
noisy_query,overlap_cosine,5,271,Sidewinder,G0121,30,0.0,1.0,1.0,0.25,4.0
noisy_query,svd32_graph_embedding,5,271,Sidewinder,G0121,30,0.0,0.0,0.0,0.045454545454545456,22.0
noisy_query,random_uniform,5,271,Mustang Panda,G0129,85,0.0,0.0,0.0,0.0072992700729927005,137.0
noisy_query,frequency_prior,5,271,Mustang Panda,G0129,85,0.0,1.0,1.0,0.25,4.0
noisy_query,overlap_cosine,5,271,Mustang Panda,G0129,85,0.0,0.0,1.0,0.16666666666666666,6.0
noisy_query,svd32_graph_embedding,5,271,Mustang Panda,G0129,85,0.0,0.0,1.0,0.16666666666666666,6.0
noisy_query,random_uniform,5,271,ZIRCONIUM,G0128,29,0.0,0.0,0.0,0.006896551724137931,145.0
noisy_query,frequency_prior,5,271,ZIRCONIUM,G0128,29,0.0,0.0,0.0,0.016666666666666666,60.0
noisy_query,overlap_cosine,5,271,ZIRCONIUM,G0128,29,1.0,1.0,1.0,1.0,1.0
noisy_query,svd32_graph_embedding,5,271,ZIRCONIUM,G0128,29,0.0,1.0,1.0,0.5,2.0
noisy_query,random_uniform,5,271,Rocke,G0106,36,0.0,0.0,0.0,0.006711409395973154,149.0
noisy_query,frequency_prior,5,271,Rocke,G0106,36,0.0,0.0,0.0,0.020833333333333332,48.0
noisy_query,overlap_cosine,5,271,Rocke,G0106,36,0.0,1.0,1.0,0.5,2.0
noisy_query,svd32_graph_embedding,5,271,Rocke,G0106,36,0.0,1.0,1.0,0.3333333333333333,3.0
noisy_query,random_uniform,5,271,Scattered Spider,G1015,64,0.0,0.0,0.0,0.010416666666666666,96.0
noisy_query,frequency_prior,5,271,Scattered Spider,G1015,64,0.0,0.0,0.0,0.0625,16.0
noisy_query,overlap_cosine,5,271,Scattered Spider,G1015,64,1.0,1.0,1.0,1.0,1.0
noisy_query,svd32_graph_embedding,5,271,Scattered Spider,G1015,64,1.0,1.0,1.0,1.0,1.0
noisy_query,random_uniform,5,271,APT39,G0087,53,0.0,0.0,0.0,0.011627906976744186,86.0
noisy_query,frequency_prior,5,271,APT39,G0087,53,0.0,0.0,0.0,0.038461538461538464,26.0
noisy_query,overlap_cosine,5,271,APT39,G0087,53,0.0,0.0,0.0,0.02127659574468085,47.0
noisy_query,svd32_graph_embedding,5,271,APT39,G0087,53,0.0,0.0,0.0,0.025,40.0
noisy_query,random_uniform,5,271,UNC3886,G1048,49,0.0,0.0,0.0,0.013513513513513514,74.0
noisy_query,frequency_prior,5,271,UNC3886,G1048,49,0.0,0.0,0.0,0.034482758620689655,29.0
noisy_query,overlap_cosine,5,271,UNC3886,G1048,49,0.0,1.0,1.0,0.3333333333333333,3.0
noisy_query,svd32_graph_embedding,5,271,UNC3886,G1048,49,1.0,1.0,1.0,1.0,1.0
noisy_query,random_uniform,5,271,Contagious Interview,G1052,54,0.0,0.0,0.0,0.09090909090909091,11.0
noisy_query,frequency_prior,5,271,Contagious Interview,G1052,54,0.0,0.0,0.0,0.04,25.0
noisy_query,overlap_cosine,5,271,Contagious Interview,G1052,54,0.0,1.0,1.0,0.25,4.0
noisy_query,svd32_graph_embedding,5,271,Contagious Interview,G1052,54,1.0,1.0,1.0,1.0,1.0
noisy_query,random_uniform,5,271,TA2541,G1018,28,0.0,0.0,0.0,0.01282051282051282,78.0
noisy_query,frequency_prior,5,271,TA2541,G1018,28,0.0,0.0,0.0,0.015873015873015872,63.0
noisy_query,overlap_cosine,5,271,TA2541,G1018,28,0.0,1.0,1.0,0.25,4.0
noisy_query,svd32_graph_embedding,5,271,TA2541,G1018,28,0.0,0.0,1.0,0.1,10.0
noisy_query,random_uniform,5,271,Akira,G1024,17,0.0,0.0,0.0,0.00980392156862745,102.0
noisy_query,frequency_prior,5,271,Akira,G1024,17,0.0,0.0,0.0,0.011363636363636364,88.0
noisy_query,overlap_cosine,5,271,Akira,G1024,17,1.0,1.0,1.0,1.0,1.0
noisy_query,svd32_graph_embedding,5,271,Akira,G1024,17,0.0,1.0,1.0,0.5,2.0
noisy_query,random_uniform,5,271,APT37,G0067,29,0.0,0.0,0.0,0.0625,16.0
noisy_query,frequency_prior,5,271,APT37,G0067,29,0.0,0.0,0.0,0.01639344262295082,61.0
noisy_query,overlap_cosine,5,271,APT37,G0067,29,1.0,1.0,1.0,1.0,1.0
noisy_query,svd32_graph_embedding,5,271,APT37,G0067,29,0.0,1.0,1.0,0.3333333333333333,3.0
noisy_query,random_uniform,5,271,Moses Staff,G1009,12,0.0,0.0,0.0,0.010101010101010102,99.0
noisy_query,frequency_prior,5,271,Moses Staff,G1009,12,0.0,0.0,0.0,0.008928571428571428,112.0
noisy_query,overlap_cosine,5,271,Moses Staff,G1009,12,0.0,1.0,1.0,0.5,2.0
noisy_query,svd32_graph_embedding,5,271,Moses Staff,G1009,12,0.0,1.0,1.0,0.5,2.0
noisy_query,random_uniform,5,271,OilRig,G0049,76,0.0,0.0,0.0,0.0125,80.0
noisy_query,frequency_prior,5,271,OilRig,G0049,76,0.0,0.0,1.0,0.1,10.0
noisy_query,overlap_cosine,5,271,OilRig,G0049,76,0.0,1.0,1.0,0.25,4.0
noisy_query,svd32_graph_embedding,5,271,OilRig,G0049,76,0.0,1.0,1.0,0.25,4.0
noisy_query,random_uniform,5,271,Higaisa,G0126,28,0.0,0.0,0.0,0.006622516556291391,151.0
noisy_query,frequency_prior,5,271,Higaisa,G0126,28,0.0,0.0,0.0,0.015625,64.0
noisy_query,overlap_cosine,5,271,Higaisa,G0126,28,0.0,1.0,1.0,0.2,5.0
noisy_query,svd32_graph_embedding,5,271,Higaisa,G0126,28,0.0,1.0,1.0,0.3333333333333333,3.0
noisy_query,random_uniform,5,271,Tropic Trooper,G0081,40,0.0,0.0,0.0,0.010526315789473684,95.0
noisy_query,frequency_prior,5,271,Tropic Trooper,G0081,40,0.0,0.0,0.0,0.023255813953488372,43.0
noisy_query,overlap_cosine,5,271,Tropic Trooper,G0081,40,0.0,1.0,1.0,0.25,4.0
noisy_query,svd32_graph_embedding,5,271,Tropic Trooper,G0081,40,0.0,0.0,0.0,0.029411764705882353,34.0
noisy_query,random_uniform,5,271,Sea Turtle,G1041,27,0.0,0.0,0.0,0.005747126436781609,174.0
noisy_query,frequency_prior,5,271,Sea Turtle,G1041,27,0.0,0.0,0.0,0.014705882352941176,68.0
noisy_query,overlap_cosine,5,271,Sea Turtle,G1041,27,0.0,1.0,1.0,0.5,2.0
noisy_query,svd32_graph_embedding,5,271,Sea Turtle,G1041,27,0.0,1.0,1.0,0.3333333333333333,3.0
noisy_query,random_uniform,5,271,Aquatic Panda,G0143,35,0.0,0.0,0.0,0.00847457627118644,118.0
noisy_query,frequency_prior,5,271,Aquatic Panda,G0143,35,0.0,0.0,0.0,0.02,50.0
noisy_query,overlap_cosine,5,271,Aquatic Panda,G0143,35,0.0,1.0,1.0,0.5,2.0
noisy_query,svd32_graph_embedding,5,271,Aquatic Panda,G0143,35,0.0,0.0,1.0,0.16666666666666666,6.0
noisy_query,random_uniform,5,271,Ke3chang,G0004,46,0.0,0.0,0.0,0.013333333333333334,75.0
noisy_query,frequency_prior,5,271,Ke3chang,G0004,46,0.0,0.0,0.0,0.03125,32.0
noisy_query,overlap_cosine,5,271,Ke3chang,G0004,46,0.0,0.0,1.0,0.1,10.0
noisy_query,svd32_graph_embedding,5,271,Ke3chang,G0004,46,0.0,0.0,0.0,0.07692307692307693,13.0
noisy_query,random_uniform,5,271,Saint Bear,G1031,18,0.0,0.0,0.0,0.029411764705882353,34.0
noisy_query,frequency_prior,5,271,Saint Bear,G1031,18,0.0,0.0,0.0,0.011494252873563218,87.0
noisy_query,overlap_cosine,5,271,Saint Bear,G1031,18,0.0,1.0,1.0,0.25,4.0
noisy_query,svd32_graph_embedding,5,271,Saint Bear,G1031,18,0.0,0.0,0.0,0.05263157894736842,19.0
noisy_query,random_uniform,5,271,APT1,G0006,23,0.0,0.0,0.0,0.008333333333333333,120.0
noisy_query,frequency_prior,5,271,APT1,G0006,23,0.0,0.0,0.0,0.013513513513513514,74.0
noisy_query,overlap_cosine,5,271,APT1,G0006,23,1.0,1.0,1.0,1.0,1.0
noisy_query,svd32_graph_embedding,5,271,APT1,G0006,23,0.0,1.0,1.0,0.3333333333333333,3.0
noisy_query,random_uniform,5,271,Confucius,G0142,19,0.0,0.0,0.0,0.007462686567164179,134.0
noisy_query,frequency_prior,5,271,Confucius,G0142,19,0.0,0.0,0.0,0.011627906976744186,86.0
noisy_query,overlap_cosine,5,271,Confucius,G0142,19,0.0,1.0,1.0,0.5,2.0
noisy_query,svd32_graph_embedding,5,271,Confucius,G0142,19,1.0,1.0,1.0,1.0,1.0
noisy_query,random_uniform,5,271,BlackTech,G0098,14,0.0,0.0,0.0,0.020833333333333332,48.0
noisy_query,frequency_prior,5,271,BlackTech,G0098,14,0.0,0.0,0.0,0.009900990099009901,101.0
noisy_query,overlap_cosine,5,271,BlackTech,G0098,14,1.0,1.0,1.0,1.0,1.0
noisy_query,svd32_graph_embedding,5,271,BlackTech,G0098,14,0.0,1.0,1.0,0.25,4.0
noisy_query,random_uniform,5,271,Leviathan,G0065,50,0.0,0.0,0.0,0.005780346820809248,173.0
noisy_query,frequency_prior,5,271,Leviathan,G0065,50,0.0,0.0,0.0,0.03571428571428571,28.0
noisy_query,overlap_cosine,5,271,Leviathan,G0065,50,0.0,1.0,1.0,0.3333333333333333,3.0
noisy_query,svd32_graph_embedding,5,271,Leviathan,G0065,50,0.0,1.0,1.0,0.3333333333333333,3.0
noisy_query,random_uniform,5,271,Blue Mockingbird,G0108,22,0.0,0.0,0.0,0.006369426751592357,157.0
noisy_query,frequency_prior,5,271,Blue Mockingbird,G0108,22,0.0,0.0,0.0,0.013157894736842105,76.0
noisy_query,overlap_cosine,5,271,Blue Mockingbird,G0108,22,0.0,1.0,1.0,0.25,4.0
noisy_query,svd32_graph_embedding,5,271,Blue Mockingbird,G0108,22,0.0,0.0,1.0,0.14285714285714285,7.0
noisy_query,random_uniform,5,271,Winter Vivern,G1035,27,0.0,0.0,0.0,0.07692307692307693,13.0
noisy_query,frequency_prior,5,271,Winter Vivern,G1035,27,0.0,0.0,0.0,0.014925373134328358,67.0
noisy_query,overlap_cosine,5,271,Winter Vivern,G1035,27,0.0,1.0,1.0,0.5,2.0
noisy_query,svd32_graph_embedding,5,271,Winter Vivern,G1035,27,0.0,0.0,1.0,0.1111111111111111,9.0
noisy_query,random_uniform,5,271,Turla,G0010,68,0.0,0.0,0.0,0.0196078431372549,51.0
noisy_query,frequency_prior,5,271,Turla,G0010,68,0.0,0.0,0.0,0.07692307692307693,13.0
noisy_query,overlap_cosine,5,271,Turla,G0010,68,0.0,0.0,0.0,0.0625,16.0
noisy_query,svd32_graph_embedding,5,271,Turla,G0010,68,0.0,0.0,0.0,0.047619047619047616,21.0
noisy_query,random_uniform,5,271,Storm-0501,G1053,42,0.0,0.0,0.0,0.043478260869565216,23.0
noisy_query,frequency_prior,5,271,Storm-0501,G1053,42,0.0,0.0,0.0,0.02564102564102564,39.0
noisy_query,overlap_cosine,5,271,Storm-0501,G1053,42,0.0,1.0,1.0,0.5,2.0
noisy_query,svd32_graph_embedding,5,271,Storm-0501,G1053,42,1.0,1.0,1.0,1.0,1.0
noisy_query,random_uniform,5,271,TA505,G0092,34,0.0,0.0,0.0,0.012987012987012988,77.0
noisy_query,frequency_prior,5,271,TA505,G0092,34,0.0,0.0,0.0,0.019230769230769232,52.0
noisy_query,overlap_cosine,5,271,TA505,G0092,34,0.0,0.0,0.0,0.06666666666666667,15.0
noisy_query,svd32_graph_embedding,5,271,TA505,G0092,34,0.0,1.0,1.0,0.25,4.0
noisy_query,random_uniform,5,271,BITTER,G1002,16,0.0,0.0,0.0,0.014925373134328358,67.0
noisy_query,frequency_prior,5,271,BITTER,G1002,16,0.0,0.0,0.0,0.010416666666666666,96.0
noisy_query,overlap_cosine,5,271,BITTER,G1002,16,1.0,1.0,1.0,1.0,1.0
noisy_query,svd32_graph_embedding,5,271,BITTER,G1002,16,0.0,0.0,1.0,0.14285714285714285,7.0
noisy_query,random_uniform,5,271,DarkVishnya,G0105,10,0.0,0.0,0.0,0.09090909090909091,11.0
noisy_query,frequency_prior,5,271,DarkVishnya,G0105,10,0.0,0.0,0.0,0.008264462809917356,121.0
noisy_query,overlap_cosine,5,271,DarkVishnya,G0105,10,1.0,1.0,1.0,1.0,1.0
noisy_query,svd32_graph_embedding,5,271,DarkVishnya,G0105,10,0.0,1.0,1.0,0.5,2.0
noisy_query,random_uniform,5,271,RedCurl,G1039,41,0.0,0.0,0.0,0.006369426751592357,157.0
noisy_query,frequency_prior,5,271,RedCurl,G1039,41,0.0,0.0,0.0,0.024390243902439025,41.0
noisy_query,overlap_cosine,5,271,RedCurl,G1039,41,0.0,0.0,1.0,0.1111111111111111,9.0
noisy_query,svd32_graph_embedding,5,271,RedCurl,G1039,41,0.0,0.0,1.0,0.1,10.0
noisy_query,random_uniform,5,271,FIN5,G0053,11,0.0,0.0,0.0,0.09090909090909091,11.0
noisy_query,frequency_prior,5,271,FIN5,G0053,11,0.0,0.0,0.0,0.008695652173913044,115.0
noisy_query,overlap_cosine,5,271,FIN5,G0053,11,0.0,1.0,1.0,0.5,2.0
noisy_query,svd32_graph_embedding,5,271,FIN5,G0053,11,0.0,1.0,1.0,0.3333333333333333,3.0
noisy_query,random_uniform,5,271,Lotus Blossom,G0030,21,0.0,0.0,0.0,0.018867924528301886,53.0
noisy_query,frequency_prior,5,271,Lotus Blossom,G0030,21,0.0,0.0,0.0,0.012658227848101266,79.0
noisy_query,overlap_cosine,5,271,Lotus Blossom,G0030,21,1.0,1.0,1.0,1.0,1.0
noisy_query,svd32_graph_embedding,5,271,Lotus Blossom,G0030,21,1.0,1.0,1.0,1.0,1.0
noisy_query,random_uniform,5,271,Stealth Falcon,G0038,16,0.0,0.0,0.0,0.020833333333333332,48.0
noisy_query,frequency_prior,5,271,Stealth Falcon,G0038,16,0.0,0.0,0.0,0.010752688172043012,93.0
noisy_query,overlap_cosine,5,271,Stealth Falcon,G0038,16,1.0,1.0,1.0,1.0,1.0
noisy_query,svd32_graph_embedding,5,271,Stealth Falcon,G0038,16,1.0,1.0,1.0,1.0,1.0
noisy_query,random_uniform,5,271,APT29,G0016,66,0.0,0.0,0.0,0.016666666666666666,60.0
noisy_query,frequency_prior,5,271,APT29,G0016,66,0.0,0.0,0.0,0.06666666666666667,15.0
noisy_query,overlap_cosine,5,271,APT29,G0016,66,0.0,0.0,1.0,0.16666666666666666,6.0
noisy_query,svd32_graph_embedding,5,271,APT29,G0016,66,0.0,0.0,0.0,0.08333333333333333,12.0
noisy_query,random_uniform,5,271,Dark Caracal,G0070,12,0.0,0.0,0.0,0.0072992700729927005,137.0
noisy_query,frequency_prior,5,271,Dark Caracal,G0070,12,0.0,0.0,0.0,0.009174311926605505,109.0
noisy_query,overlap_cosine,5,271,Dark Caracal,G0070,12,1.0,1.0,1.0,1.0,1.0
noisy_query,svd32_graph_embedding,5,271,Dark Caracal,G0070,12,0.0,0.0,1.0,0.125,8.0
noisy_query,random_uniform,5,271,Cinnamon Tempest,G1021,19,0.0,0.0,0.0,0.006896551724137931,145.0
noisy_query,frequency_prior,5,271,Cinnamon Tempest,G1021,19,0.0,0.0,0.0,0.011904761904761904,84.0
noisy_query,overlap_cosine,5,271,Cinnamon Tempest,G1021,19,1.0,1.0,1.0,1.0,1.0
noisy_query,svd32_graph_embedding,5,271,Cinnamon Tempest,G1021,19,0.0,1.0,1.0,0.2,5.0
noisy_query,random_uniform,5,271,Chimera,G0114,59,0.0,0.0,0.0,0.006944444444444444,144.0
noisy_query,frequency_prior,5,271,Chimera,G0114,59,0.0,0.0,0.0,0.05263157894736842,19.0
noisy_query,overlap_cosine,5,271,Chimera,G0114,59,0.0,0.0,1.0,0.1111111111111111,9.0
noisy_query,svd32_graph_embedding,5,271,Chimera,G0114,59,0.0,1.0,1.0,0.5,2.0
noisy_query,random_uniform,5,271,MirrorFace,G1054,43,0.0,0.0,0.0,0.016666666666666666,60.0
noisy_query,frequency_prior,5,271,MirrorFace,G1054,43,0.0,0.0,0.0,0.02631578947368421,38.0
noisy_query,overlap_cosine,5,271,MirrorFace,G1054,43,0.0,1.0,1.0,0.3333333333333333,3.0
noisy_query,svd32_graph_embedding,5,271,MirrorFace,G1054,43,0.0,0.0,0.0,0.09090909090909091,11.0
noisy_query,random_uniform,5,271,Silent Librarian,G0122,13,0.0,0.0,0.0,0.0070921985815602835,141.0
noisy_query,frequency_prior,5,271,Silent Librarian,G0122,13,0.0,0.0,0.0,0.009523809523809525,105.0
noisy_query,overlap_cosine,5,271,Silent Librarian,G0122,13,1.0,1.0,1.0,1.0,1.0
noisy_query,svd32_graph_embedding,5,271,Silent Librarian,G0122,13,1.0,1.0,1.0,1.0,1.0
noisy_query,random_uniform,5,271,Medusa Group,G1051,57,0.0,0.0,0.0,0.00847457627118644,118.0
noisy_query,frequency_prior,5,271,Medusa Group,G1051,57,0.0,0.0,0.0,0.047619047619047616,21.0
noisy_query,overlap_cosine,5,271,Medusa Group,G1051,57,0.0,0.0,0.0,0.07692307692307693,13.0
noisy_query,svd32_graph_embedding,5,271,Medusa Group,G1051,57,0.0,0.0,0.0,0.03125,32.0
noisy_query,random_uniform,5,271,BRONZE BUTLER,G0060,40,0.0,0.0,0.0,0.007142857142857143,140.0
noisy_query,frequency_prior,5,271,BRONZE BUTLER,G0060,40,0.0,0.0,0.0,0.022727272727272728,44.0
noisy_query,overlap_cosine,5,271,BRONZE BUTLER,G0060,40,0.0,1.0,1.0,0.3333333333333333,3.0
noisy_query,svd32_graph_embedding,5,271,BRONZE BUTLER,G0060,40,0.0,0.0,1.0,0.1111111111111111,9.0
noisy_query,random_uniform,5,271,TA551,G0127,14,0.0,1.0,1.0,0.5,2.0
noisy_query,frequency_prior,5,271,TA551,G0127,14,0.0,0.0,0.0,0.01,100.0
noisy_query,overlap_cosine,5,271,TA551,G0127,14,1.0,1.0,1.0,1.0,1.0
noisy_query,svd32_graph_embedding,5,271,TA551,G0127,14,1.0,1.0,1.0,1.0,1.0
noisy_query,random_uniform,5,271,BackdoorDiplomacy,G0135,15,0.0,0.0,0.0,0.008771929824561403,114.0
noisy_query,frequency_prior,5,271,BackdoorDiplomacy,G0135,15,0.0,0.0,0.0,0.010101010101010102,99.0
noisy_query,overlap_cosine,5,271,BackdoorDiplomacy,G0135,15,0.0,1.0,1.0,0.5,2.0
noisy_query,svd32_graph_embedding,5,271,BackdoorDiplomacy,G0135,15,0.0,1.0,1.0,0.3333333333333333,3.0
noisy_query,random_uniform,5,271,Star Blizzard,G1033,20,0.0,0.0,1.0,0.1111111111111111,9.0
noisy_query,frequency_prior,5,271,Star Blizzard,G1033,20,0.0,0.0,0.0,0.012195121951219513,82.0
noisy_query,overlap_cosine,5,271,Star Blizzard,G1033,20,1.0,1.0,1.0,1.0,1.0
noisy_query,svd32_graph_embedding,5,271,Star Blizzard,G1033,20,1.0,1.0,1.0,1.0,1.0
noisy_query,random_uniform,5,271,Darkhotel,G0012,24,0.0,0.0,0.0,0.008620689655172414,116.0
noisy_query,frequency_prior,5,271,Darkhotel,G0012,24,0.0,0.0,0.0,0.0136986301369863,73.0
noisy_query,overlap_cosine,5,271,Darkhotel,G0012,24,0.0,1.0,1.0,0.5,2.0
noisy_query,svd32_graph_embedding,5,271,Darkhotel,G0012,24,0.0,1.0,1.0,0.2,5.0
noisy_query,random_uniform,5,271,Axiom,G0001,16,0.0,0.0,0.0,0.016129032258064516,62.0
noisy_query,frequency_prior,5,271,Axiom,G0001,16,0.0,0.0,0.0,0.010638297872340425,94.0
noisy_query,overlap_cosine,5,271,Axiom,G0001,16,1.0,1.0,1.0,1.0,1.0
noisy_query,svd32_graph_embedding,5,271,Axiom,G0001,16,0.0,1.0,1.0,0.2,5.0
noisy_query,random_uniform,5,271,Deep Panda,G0009,10,0.0,0.0,0.0,0.058823529411764705,17.0
noisy_query,frequency_prior,5,271,Deep Panda,G0009,10,0.0,0.0,0.0,0.008333333333333333,120.0
noisy_query,overlap_cosine,5,271,Deep Panda,G0009,10,1.0,1.0,1.0,1.0,1.0
noisy_query,svd32_graph_embedding,5,271,Deep Panda,G0009,10,0.0,1.0,1.0,0.5,2.0
noisy_query,random_uniform,5,271,Ember Bear,G1003,47,0.0,0.0,0.0,0.03333333333333333,30.0
noisy_query,frequency_prior,5,271,Ember Bear,G1003,47,0.0,0.0,0.0,0.03225806451612903,31.0
noisy_query,overlap_cosine,5,271,Ember Bear,G1003,47,0.0,1.0,1.0,0.5,2.0
noisy_query,svd32_graph_embedding,5,271,Ember Bear,G1003,47,0.0,1.0,1.0,0.3333333333333333,3.0
noisy_query,random_uniform,5,271,LazyScripter,G0140,20,0.0,0.0,0.0,0.030303030303030304,33.0
noisy_query,frequency_prior,5,271,LazyScripter,G0140,20,0.0,0.0,0.0,0.012345679012345678,81.0
noisy_query,overlap_cosine,5,271,LazyScripter,G0140,20,0.0,1.0,1.0,0.5,2.0
noisy_query,svd32_graph_embedding,5,271,LazyScripter,G0140,20,0.0,1.0,1.0,0.5,2.0
noisy_query,random_uniform,5,271,Windshift,G0112,19,0.0,0.0,0.0,0.0625,16.0
noisy_query,frequency_prior,5,271,Windshift,G0112,19,0.0,0.0,0.0,0.011764705882352941,85.0
noisy_query,overlap_cosine,5,271,Windshift,G0112,19,0.0,1.0,1.0,0.2,5.0
noisy_query,svd32_graph_embedding,5,271,Windshift,G0112,19,0.0,0.0,0.0,0.06666666666666667,15.0
noisy_query,random_uniform,5,271,ToddyCat,G1022,25,0.0,0.0,0.0,0.037037037037037035,27.0
noisy_query,frequency_prior,5,271,ToddyCat,G1022,25,0.0,0.0,0.0,0.013888888888888888,72.0
noisy_query,overlap_cosine,5,271,ToddyCat,G1022,25,0.0,1.0,1.0,0.25,4.0
noisy_query,svd32_graph_embedding,5,271,ToddyCat,G1022,25,0.0,0.0,0.0,0.08333333333333333,12.0
noisy_query,random_uniform,5,271,LuminousMoth,G1014,28,0.0,0.0,0.0,0.014705882352941176,68.0
noisy_query,frequency_prior,5,271,LuminousMoth,G1014,28,0.0,0.0,0.0,0.015384615384615385,65.0
noisy_query,overlap_cosine,5,271,LuminousMoth,G1014,28,1.0,1.0,1.0,1.0,1.0
noisy_query,svd32_graph_embedding,5,271,LuminousMoth,G1014,28,0.0,1.0,1.0,0.5,2.0
noisy_query,random_uniform,5,271,Agrius,G1030,22,0.0,0.0,0.0,0.013513513513513514,74.0
noisy_query,frequency_prior,5,271,Agrius,G1030,22,0.0,0.0,0.0,0.013333333333333334,75.0
noisy_query,overlap_cosine,5,271,Agrius,G1030,22,1.0,1.0,1.0,1.0,1.0
noisy_query,svd32_graph_embedding,5,271,Agrius,G1030,22,0.0,1.0,1.0,0.3333333333333333,3.0
noisy_query,random_uniform,5,271,APT28,G0007,93,0.0,0.0,0.0,0.011494252873563218,87.0
noisy_query,frequency_prior,5,271,APT28,G0007,93,0.0,1.0,1.0,0.5,2.0
noisy_query,overlap_cosine,5,271,APT28,G0007,93,0.0,0.0,1.0,0.14285714285714285,7.0
noisy_query,svd32_graph_embedding,5,271,APT28,G0007,93,0.0,1.0,1.0,0.2,5.0
noisy_query,random_uniform,5,271,Malteiro,G1026,12,0.0,0.0,0.0,0.008620689655172414,116.0
noisy_query,frequency_prior,5,271,Malteiro,G1026,12,0.0,0.0,0.0,0.008849557522123894,113.0
noisy_query,overlap_cosine,5,271,Malteiro,G1026,12,0.0,1.0,1.0,0.5,2.0
noisy_query,svd32_graph_embedding,5,271,Malteiro,G1026,12,1.0,1.0,1.0,1.0,1.0
noisy_query,random_uniform,5,271,APT42,G1044,32,0.0,0.0,0.0,0.007352941176470588,136.0
noisy_query,frequency_prior,5,271,APT42,G1044,32,0.0,0.0,0.0,0.018518518518518517,54.0
noisy_query,overlap_cosine,5,271,APT42,G1044,32,0.0,1.0,1.0,0.5,2.0
noisy_query,svd32_graph_embedding,5,271,APT42,G1044,32,0.0,0.0,1.0,0.125,8.0
noisy_query,random_uniform,5,271,APT5,G1023,29,0.0,0.0,0.0,0.008547008547008548,117.0
noisy_query,frequency_prior,5,271,APT5,G1023,29,0.0,0.0,0.0,0.016129032258064516,62.0
noisy_query,overlap_cosine,5,271,APT5,G1023,29,1.0,1.0,1.0,1.0,1.0
noisy_query,svd32_graph_embedding,5,271,APT5,G1023,29,0.0,1.0,1.0,0.5,2.0
noisy_query,random_uniform,5,271,Fox Kitten,G0117,41,0.0,0.0,0.0,0.011111111111111112,90.0
noisy_query,frequency_prior,5,271,Fox Kitten,G0117,41,0.0,0.0,0.0,0.023809523809523808,42.0
noisy_query,overlap_cosine,5,271,Fox Kitten,G0117,41,0.0,1.0,1.0,0.5,2.0
noisy_query,svd32_graph_embedding,5,271,Fox Kitten,G0117,41,0.0,0.0,0.0,0.030303030303030304,33.0
noisy_query,random_uniform,5,271,APT-C-36,G0099,38,0.0,0.0,0.0,0.011627906976744186,86.0
noisy_query,frequency_prior,5,271,APT-C-36,G0099,38,0.0,0.0,0.0,0.021739130434782608,46.0
noisy_query,overlap_cosine,5,271,APT-C-36,G0099,38,1.0,1.0,1.0,1.0,1.0
noisy_query,svd32_graph_embedding,5,271,APT-C-36,G0099,38,0.0,1.0,1.0,0.2,5.0
noisy_query,random_uniform,5,271,Tonto Team,G0131,15,0.0,0.0,0.0,0.006097560975609756,164.0
noisy_query,frequency_prior,5,271,Tonto Team,G0131,15,0.0,0.0,0.0,0.010309278350515464,97.0
noisy_query,overlap_cosine,5,271,Tonto Team,G0131,15,0.0,1.0,1.0,0.3333333333333333,3.0
noisy_query,svd32_graph_embedding,5,271,Tonto Team,G0131,15,0.0,1.0,1.0,0.2,5.0
noisy_query,random_uniform,5,271,Lazarus Group,G0032,93,0.0,0.0,0.0,0.014285714285714285,70.0
noisy_query,frequency_prior,5,271,Lazarus Group,G0032,93,0.0,1.0,1.0,0.3333333333333333,3.0
noisy_query,overlap_cosine,5,271,Lazarus Group,G0032,93,0.0,0.0,0.0,0.09090909090909091,11.0
noisy_query,svd32_graph_embedding,5,271,Lazarus Group,G0032,93,0.0,0.0,1.0,0.14285714285714285,7.0
noisy_query,random_uniform,5,271,INC Ransom,G1032,25,0.0,0.0,0.0,0.008403361344537815,119.0
noisy_query,frequency_prior,5,271,INC Ransom,G1032,25,0.0,0.0,0.0,0.014084507042253521,71.0
noisy_query,overlap_cosine,5,271,INC Ransom,G1032,25,0.0,0.0,1.0,0.14285714285714285,7.0
noisy_query,svd32_graph_embedding,5,271,INC Ransom,G1032,25,0.0,0.0,1.0,0.125,8.0
noisy_query,random_uniform,5,271,Earth Lusca,G1006,44,0.0,0.0,0.0,0.016666666666666666,60.0
noisy_query,frequency_prior,5,271,Earth Lusca,G1006,44,0.0,0.0,0.0,0.029411764705882353,34.0
noisy_query,overlap_cosine,5,271,Earth Lusca,G1006,44,0.0,1.0,1.0,0.25,4.0
noisy_query,svd32_graph_embedding,5,271,Earth Lusca,G1006,44,0.0,1.0,1.0,0.5,2.0
noisy_query,random_uniform,5,271,FIN4,G0085,12,0.0,0.0,0.0,0.01282051282051282,78.0
noisy_query,frequency_prior,5,271,FIN4,G0085,12,0.0,0.0,0.0,0.009009009009009009,111.0
noisy_query,overlap_cosine,5,271,FIN4,G0085,12,0.0,1.0,1.0,0.5,2.0
noisy_query,svd32_graph_embedding,5,271,FIN4,G0085,12,0.0,0.0,0.0,0.058823529411764705,17.0
noisy_query,random_uniform,5,271,Silence,G0091,28,0.0,0.0,0.0,0.020833333333333332,48.0
noisy_query,frequency_prior,5,271,Silence,G0091,28,0.0,0.0,0.0,0.015151515151515152,66.0
noisy_query,overlap_cosine,5,271,Silence,G0091,28,0.0,1.0,1.0,0.5,2.0
noisy_query,svd32_graph_embedding,5,271,Silence,G0091,28,0.0,0.0,0.0,0.09090909090909091,11.0
noisy_query,random_uniform,5,271,LAPSUS$,G1004,43,1.0,1.0,1.0,1.0,1.0
noisy_query,frequency_prior,5,271,LAPSUS$,G1004,43,0.0,0.0,0.0,0.02702702702702703,37.0
noisy_query,overlap_cosine,5,271,LAPSUS$,G1004,43,1.0,1.0,1.0,1.0,1.0
noisy_query,svd32_graph_embedding,5,271,LAPSUS$,G1004,43,0.0,0.0,1.0,0.16666666666666666,6.0
noisy_query,random_uniform,5,271,Cobalt Group,G0080,34,0.0,1.0,1.0,0.25,4.0
noisy_query,frequency_prior,5,271,Cobalt Group,G0080,34,0.0,0.0,0.0,0.0196078431372549,51.0
noisy_query,overlap_cosine,5,271,Cobalt Group,G0080,34,1.0,1.0,1.0,1.0,1.0
noisy_query,svd32_graph_embedding,5,271,Cobalt Group,G0080,34,0.0,0.0,1.0,0.14285714285714285,7.0
noisy_query,random_uniform,5,271,Wizard Spider,G0102,64,0.0,0.0,0.0,0.010416666666666666,96.0
noisy_query,frequency_prior,5,271,Wizard Spider,G0102,64,0.0,0.0,0.0,0.058823529411764705,17.0
noisy_query,overlap_cosine,5,271,Wizard Spider,G0102,64,0.0,1.0,1.0,0.5,2.0
noisy_query,svd32_graph_embedding,5,271,Wizard Spider,G0102,64,0.0,1.0,1.0,0.2,5.0
noisy_query,random_uniform,5,271,Molerats,G0021,16,0.0,0.0,0.0,0.007246376811594203,138.0
noisy_query,frequency_prior,5,271,Molerats,G0021,16,0.0,0.0,0.0,0.010869565217391304,92.0
noisy_query,overlap_cosine,5,271,Molerats,G0021,16,0.0,0.0,0.0,0.06666666666666667,15.0
noisy_query,svd32_graph_embedding,5,271,Molerats,G0021,16,0.0,0.0,0.0,0.05,20.0
noisy_query,random_uniform,5,271,Velvet Ant,G1047,22,0.0,0.0,0.0,0.010869565217391304,92.0
noisy_query,frequency_prior,5,271,Velvet Ant,G1047,22,0.0,0.0,0.0,0.012987012987012988,77.0
noisy_query,overlap_cosine,5,271,Velvet Ant,G1047,22,1.0,1.0,1.0,1.0,1.0
noisy_query,svd32_graph_embedding,5,271,Velvet Ant,G1047,22,1.0,1.0,1.0,1.0,1.0
noisy_query,random_uniform,5,271,Transparent Tribe,G0134,14,0.0,0.0,0.0,0.0078125,128.0
noisy_query,frequency_prior,5,271,Transparent Tribe,G0134,14,0.0,0.0,0.0,0.009615384615384616,104.0
noisy_query,overlap_cosine,5,271,Transparent Tribe,G0134,14,0.0,1.0,1.0,0.3333333333333333,3.0
noisy_query,svd32_graph_embedding,5,271,Transparent Tribe,G0134,14,0.0,0.0,1.0,0.125,8.0
noisy_query,random_uniform,5,271,Moonstone Sleet,G1036,30,0.0,0.0,0.0,0.019230769230769232,52.0
noisy_query,frequency_prior,5,271,Moonstone Sleet,G1036,30,0.0,0.0,0.0,0.01694915254237288,59.0
noisy_query,overlap_cosine,5,271,Moonstone Sleet,G1036,30,1.0,1.0,1.0,1.0,1.0
noisy_query,svd32_graph_embedding,5,271,Moonstone Sleet,G1036,30,0.0,1.0,1.0,0.25,4.0
noisy_query,random_uniform,5,271,Inception,G0100,22,0.0,0.0,0.0,0.00641025641025641,156.0
noisy_query,frequency_prior,5,271,Inception,G0100,22,0.0,0.0,0.0,0.01282051282051282,78.0
noisy_query,overlap_cosine,5,271,Inception,G0100,22,1.0,1.0,1.0,1.0,1.0
noisy_query,svd32_graph_embedding,5,271,Inception,G0100,22,0.0,0.0,0.0,0.027777777777777776,36.0
noisy_query,random_uniform,5,271,VOID MANTICORE,G1055,63,0.0,0.0,0.0,0.011494252873563218,87.0
noisy_query,frequency_prior,5,271,VOID MANTICORE,G1055,63,0.0,0.0,0.0,0.05555555555555555,18.0
noisy_query,overlap_cosine,5,271,VOID MANTICORE,G1055,63,0.0,1.0,1.0,0.25,4.0
noisy_query,svd32_graph_embedding,5,271,VOID MANTICORE,G1055,63,1.0,1.0,1.0,1.0,1.0
noisy_query,random_uniform,5,271,Play,G1040,26,0.0,0.0,0.0,0.021739130434782608,46.0
noisy_query,frequency_prior,5,271,Play,G1040,26,0.0,0.0,0.0,0.014492753623188406,69.0
noisy_query,overlap_cosine,5,271,Play,G1040,26,1.0,1.0,1.0,1.0,1.0
noisy_query,svd32_graph_embedding,5,271,Play,G1040,26,0.0,1.0,1.0,0.25,4.0
noisy_query,random_uniform,5,271,PROMETHIUM,G0056,11,0.0,0.0,0.0,0.05555555555555555,18.0
noisy_query,frequency_prior,5,271,PROMETHIUM,G0056,11,0.0,0.0,0.0,0.00847457627118644,118.0
noisy_query,overlap_cosine,5,271,PROMETHIUM,G0056,11,1.0,1.0,1.0,1.0,1.0
noisy_query,svd32_graph_embedding,5,271,PROMETHIUM,G0056,11,1.0,1.0,1.0,1.0,1.0
noisy_query,random_uniform,5,271,HEXANE,G1001,36,0.0,0.0,0.0,0.038461538461538464,26.0
noisy_query,frequency_prior,5,271,HEXANE,G1001,36,0.0,0.0,0.0,0.02040816326530612,49.0
noisy_query,overlap_cosine,5,271,HEXANE,G1001,36,0.0,0.0,1.0,0.16666666666666666,6.0
noisy_query,svd32_graph_embedding,5,271,HEXANE,G1001,36,0.0,0.0,0.0,0.02127659574468085,47.0
noisy_query,random_uniform,5,271,Daggerfly,G1034,17,0.0,0.0,0.0,0.006211180124223602,161.0
noisy_query,frequency_prior,5,271,Daggerfly,G1034,17,0.0,0.0,0.0,0.011235955056179775,89.0
noisy_query,overlap_cosine,5,271,Daggerfly,G1034,17,1.0,1.0,1.0,1.0,1.0
noisy_query,svd32_graph_embedding,5,271,Daggerfly,G1034,17,0.0,0.0,1.0,0.14285714285714285,7.0
noisy_query,random_uniform,5,271,WIRTE,G0090,26,0.0,0.0,0.0,0.009433962264150943,106.0
noisy_query,frequency_prior,5,271,WIRTE,G0090,26,0.0,0.0,0.0,0.014285714285714285,70.0
noisy_query,overlap_cosine,5,271,WIRTE,G0090,26,0.0,1.0,1.0,0.25,4.0
noisy_query,svd32_graph_embedding,5,271,WIRTE,G0090,26,0.0,0.0,0.0,0.03333333333333333,30.0
noisy_query,random_uniform,5,271,PLATINUM,G0068,11,0.0,0.0,0.0,0.011627906976744186,86.0
noisy_query,frequency_prior,5,271,PLATINUM,G0068,11,0.0,0.0,0.0,0.008547008547008548,117.0
noisy_query,overlap_cosine,5,271,PLATINUM,G0068,11,1.0,1.0,1.0,1.0,1.0
noisy_query,svd32_graph_embedding,5,271,PLATINUM,G0068,11,1.0,1.0,1.0,1.0,1.0
noisy_query,random_uniform,5,271,Magic Hound,G0059,78,0.0,0.0,0.0,0.011904761904761904,84.0
noisy_query,frequency_prior,5,271,Magic Hound,G0059,78,0.0,0.0,1.0,0.1111111111111111,9.0
noisy_query,overlap_cosine,5,271,Magic Hound,G0059,78,0.0,0.0,0.0,0.058823529411764705,17.0
noisy_query,svd32_graph_embedding,5,271,Magic Hound,G0059,78,0.0,0.0,0.0,0.09090909090909091,11.0
noisy_query,random_uniform,5,271,Threat Group-3390,G0027,57,0.0,0.0,0.0,0.007936507936507936,126.0
noisy_query,frequency_prior,5,271,Threat Group-3390,G0027,57,0.0,0.0,0.0,0.05,20.0
noisy_query,overlap_cosine,5,271,Threat Group-3390,G0027,57,0.0,0.0,0.0,0.03125,32.0
noisy_query,svd32_graph_embedding,5,271,Threat Group-3390,G0027,57,0.0,0.0,0.0,0.024390243902439025,41.0
noisy_query,random_uniform,5,271,APT33,G0064,31,0.0,0.0,0.0,0.009900990099009901,101.0
noisy_query,frequency_prior,5,271,APT33,G0064,31,0.0,0.0,0.0,0.017857142857142856,56.0
noisy_query,overlap_cosine,5,271,APT33,G0064,31,0.0,0.0,1.0,0.16666666666666666,6.0
noisy_query,svd32_graph_embedding,5,271,APT33,G0064,31,0.0,1.0,1.0,0.25,4.0
noisy_query,random_uniform,5,271,FIN10,G0051,11,0.0,0.0,0.0,0.0058823529411764705,170.0
noisy_query,frequency_prior,5,271,FIN10,G0051,11,0.0,0.0,0.0,0.008620689655172414,116.0
noisy_query,overlap_cosine,5,271,FIN10,G0051,11,1.0,1.0,1.0,1.0,1.0
noisy_query,svd32_graph_embedding,5,271,FIN10,G0051,11,1.0,1.0,1.0,1.0,1.0
noisy_query,random_uniform,5,271,FIN8,G0061,36,0.0,1.0,1.0,0.3333333333333333,3.0
noisy_query,frequency_prior,5,271,FIN8,G0061,36,0.0,0.0,0.0,0.02127659574468085,47.0
noisy_query,overlap_cosine,5,271,FIN8,G0061,36,0.0,0.0,1.0,0.16666666666666666,6.0
noisy_query,svd32_graph_embedding,5,271,FIN8,G0061,36,0.0,1.0,1.0,0.2,5.0
noisy_query,random_uniform,5,271,FIN13,G1016,53,0.0,0.0,0.0,0.007518796992481203,133.0
noisy_query,frequency_prior,5,271,FIN13,G1016,53,0.0,0.0,0.0,0.037037037037037035,27.0
noisy_query,overlap_cosine,5,271,FIN13,G1016,53,0.0,1.0,1.0,0.3333333333333333,3.0
noisy_query,svd32_graph_embedding,5,271,FIN13,G1016,53,0.0,0.0,1.0,0.125,8.0
noisy_query,random_uniform,5,271,APT19,G0073,21,0.0,0.0,0.0,0.007633587786259542,131.0
noisy_query,frequency_prior,5,271,APT19,G0073,21,0.0,0.0,0.0,0.0125,80.0
noisy_query,overlap_cosine,5,271,APT19,G0073,21,0.0,0.0,1.0,0.16666666666666666,6.0
noisy_query,svd32_graph_embedding,5,271,APT19,G0073,21,0.0,0.0,0.0,0.05555555555555555,18.0
noisy_query,random_uniform,5,1729,APT38,G0082,56,0.0,0.0,0.0,0.0078125,128.0
noisy_query,frequency_prior,5,1729,APT38,G0082,56,0.0,0.0,0.0,0.041666666666666664,24.0
noisy_query,overlap_cosine,5,1729,APT38,G0082,56,0.0,0.0,0.0,0.038461538461538464,26.0
noisy_query,svd32_graph_embedding,5,1729,APT38,G0082,56,0.0,0.0,0.0,0.014925373134328358,67.0
noisy_query,random_uniform,5,1729,Indrik Spider,G0119,33,0.0,0.0,0.0,0.018867924528301886,53.0
noisy_query,frequency_prior,5,1729,Indrik Spider,G0119,33,0.0,0.0,0.0,0.018867924528301886,53.0
noisy_query,overlap_cosine,5,1729,Indrik Spider,G0119,33,0.0,1.0,1.0,0.25,4.0
noisy_query,svd32_graph_embedding,5,1729,Indrik Spider,G0119,33,0.0,0.0,0.0,0.01282051282051282,78.0
noisy_query,random_uniform,5,1729,BlackByte,G1043,48,0.0,0.0,0.0,0.03571428571428571,28.0
noisy_query,frequency_prior,5,1729,BlackByte,G1043,48,0.0,0.0,0.0,0.03333333333333333,30.0
noisy_query,overlap_cosine,5,1729,BlackByte,G1043,48,0.0,0.0,1.0,0.125,8.0
noisy_query,svd32_graph_embedding,5,1729,BlackByte,G1043,48,0.0,0.0,0.0,0.08333333333333333,12.0
noisy_query,random_uniform,5,1729,SideCopy,G1008,16,0.0,0.0,0.0,0.009259259259259259,108.0
noisy_query,frequency_prior,5,1729,SideCopy,G1008,16,0.0,0.0,0.0,0.01098901098901099,91.0
noisy_query,overlap_cosine,5,1729,SideCopy,G1008,16,1.0,1.0,1.0,1.0,1.0
noisy_query,svd32_graph_embedding,5,1729,SideCopy,G1008,16,0.0,0.0,1.0,0.125,8.0
noisy_query,random_uniform,5,1729,GALLIUM,G0093,31,0.0,0.0,0.0,0.013888888888888888,72.0
noisy_query,frequency_prior,5,1729,GALLIUM,G0093,31,0.0,0.0,0.0,0.017543859649122806,57.0
noisy_query,overlap_cosine,5,1729,GALLIUM,G0093,31,0.0,1.0,1.0,0.25,4.0
noisy_query,svd32_graph_embedding,5,1729,GALLIUM,G0093,31,0.0,1.0,1.0,0.5,2.0
noisy_query,random_uniform,5,1729,APT3,G0022,44,0.0,0.0,0.0,0.02631578947368421,38.0
noisy_query,frequency_prior,5,1729,APT3,G0022,44,0.0,0.0,0.0,0.02857142857142857,35.0
noisy_query,overlap_cosine,5,1729,APT3,G0022,44,0.0,0.0,1.0,0.125,8.0
noisy_query,svd32_graph_embedding,5,1729,APT3,G0022,44,0.0,0.0,1.0,0.16666666666666666,6.0
noisy_query,random_uniform,5,1729,Mustard Tempest,G1020,12,0.0,0.0,0.0,0.009615384615384616,104.0
noisy_query,frequency_prior,5,1729,Mustard Tempest,G1020,12,0.0,0.0,0.0,0.009433962264150943,106.0
noisy_query,overlap_cosine,5,1729,Mustard Tempest,G1020,12,1.0,1.0,1.0,1.0,1.0
noisy_query,svd32_graph_embedding,5,1729,Mustard Tempest,G1020,12,1.0,1.0,1.0,1.0,1.0
noisy_query,random_uniform,5,1729,Kimsuky,G0094,130,0.0,0.0,0.0,0.043478260869565216,23.0
noisy_query,frequency_prior,5,1729,Kimsuky,G0094,130,1.0,1.0,1.0,1.0,1.0
noisy_query,overlap_cosine,5,1729,Kimsuky,G0094,130,0.0,0.0,0.0,0.07692307692307693,13.0
noisy_query,svd32_graph_embedding,5,1729,Kimsuky,G0094,130,0.0,1.0,1.0,0.2,5.0
noisy_query,random_uniform,5,1729,EXOTIC LILY,G1011,15,0.0,0.0,0.0,0.014285714285714285,70.0
noisy_query,frequency_prior,5,1729,EXOTIC LILY,G1011,15,0.0,0.0,0.0,0.01020408163265306,98.0
noisy_query,overlap_cosine,5,1729,EXOTIC LILY,G1011,15,1.0,1.0,1.0,1.0,1.0
noisy_query,svd32_graph_embedding,5,1729,EXOTIC LILY,G1011,15,0.0,1.0,1.0,0.5,2.0
noisy_query,random_uniform,5,1729,admin@338,G0018,12,0.0,0.0,0.0,0.01694915254237288,59.0
noisy_query,frequency_prior,5,1729,admin@338,G0018,12,0.0,0.0,0.0,0.00909090909090909,110.0
noisy_query,overlap_cosine,5,1729,admin@338,G0018,12,1.0,1.0,1.0,1.0,1.0
noisy_query,svd32_graph_embedding,5,1729,admin@338,G0018,12,0.0,1.0,1.0,0.3333333333333333,3.0
noisy_query,random_uniform,5,1729,Volt Typhoon,G1017,81,0.0,0.0,0.0,0.007518796992481203,133.0
noisy_query,frequency_prior,5,1729,Volt Typhoon,G1017,81,0.0,0.0,1.0,0.16666666666666666,6.0
noisy_query,overlap_cosine,5,1729,Volt Typhoon,G1017,81,0.0,0.0,1.0,0.16666666666666666,6.0
noisy_query,svd32_graph_embedding,5,1729,Volt Typhoon,G1017,81,0.0,1.0,1.0,0.5,2.0
noisy_query,random_uniform,5,1729,Patchwork,G0040,41,0.0,0.0,0.0,0.010101010101010102,99.0
noisy_query,frequency_prior,5,1729,Patchwork,G0040,41,0.0,0.0,0.0,0.025,40.0
noisy_query,overlap_cosine,5,1729,Patchwork,G0040,41,0.0,1.0,1.0,0.3333333333333333,3.0
noisy_query,svd32_graph_embedding,5,1729,Patchwork,G0040,41,0.0,0.0,1.0,0.1111111111111111,9.0
noisy_query,random_uniform,5,1729,APT41,G0096,82,0.0,0.0,0.0,0.008403361344537815,119.0
noisy_query,frequency_prior,5,1729,APT41,G0096,82,0.0,1.0,1.0,0.2,5.0
noisy_query,overlap_cosine,5,1729,APT41,G0096,82,0.0,0.0,1.0,0.1111111111111111,9.0
noisy_query,svd32_graph_embedding,5,1729,APT41,G0096,82,0.0,0.0,1.0,0.14285714285714285,7.0
noisy_query,random_uniform,5,1729,Salt Typhoon,G1045,14,0.0,0.0,0.0,0.012048192771084338,83.0
noisy_query,frequency_prior,5,1729,Salt Typhoon,G1045,14,0.0,0.0,0.0,0.00980392156862745,102.0
noisy_query,overlap_cosine,5,1729,Salt Typhoon,G1045,14,1.0,1.0,1.0,1.0,1.0
noisy_query,svd32_graph_embedding,5,1729,Salt Typhoon,G1045,14,1.0,1.0,1.0,1.0,1.0
noisy_query,random_uniform,5,1729,Dragonfly,G0035,56,0.0,0.0,0.0,0.006944444444444444,144.0
noisy_query,frequency_prior,5,1729,Dragonfly,G0035,56,0.0,0.0,0.0,0.045454545454545456,22.0
noisy_query,overlap_cosine,5,1729,Dragonfly,G0035,56,0.0,1.0,1.0,0.2,5.0
noisy_query,svd32_graph_embedding,5,1729,Dragonfly,G0035,56,0.0,0.0,0.0,0.06666666666666667,15.0
noisy_query,random_uniform,5,1729,Evilnum,G0120,11,0.0,0.0,0.0,0.047619047619047616,21.0
noisy_query,frequency_prior,5,1729,Evilnum,G0120,11,0.0,0.0,0.0,0.008403361344537815,119.0
noisy_query,overlap_cosine,5,1729,Evilnum,G0120,11,1.0,1.0,1.0,1.0,1.0
noisy_query,svd32_graph_embedding,5,1729,Evilnum,G0120,11,1.0,1.0,1.0,1.0,1.0
noisy_query,random_uniform,5,1729,Gorgon Group,G0078,16,0.0,0.0,0.0,0.006172839506172839,162.0
noisy_query,frequency_prior,5,1729,Gorgon Group,G0078,16,0.0,0.0,0.0,0.010526315789473684,95.0
noisy_query,overlap_cosine,5,1729,Gorgon Group,G0078,16,0.0,1.0,1.0,0.3333333333333333,3.0
noisy_query,svd32_graph_embedding,5,1729,Gorgon Group,G0078,16,0.0,1.0,1.0,0.25,4.0
noisy_query,random_uniform,5,1729,menuPass,G0045,46,0.0,0.0,0.0,0.030303030303030304,33.0
noisy_query,frequency_prior,5,1729,menuPass,G0045,46,0.0,0.0,0.0,0.030303030303030304,33.0
noisy_query,overlap_cosine,5,1729,menuPass,G0045,46,0.0,1.0,1.0,0.2,5.0
noisy_query,svd32_graph_embedding,5,1729,menuPass,G0045,46,0.0,0.0,1.0,0.1,10.0
noisy_query,random_uniform,5,1729,APT32,G0050,78,0.0,0.0,0.0,0.09090909090909091,11.0
noisy_query,frequency_prior,5,1729,APT32,G0050,78,0.0,0.0,1.0,0.125,8.0
noisy_query,overlap_cosine,5,1729,APT32,G0050,78,0.0,0.0,0.0,0.05555555555555555,18.0
noisy_query,svd32_graph_embedding,5,1729,APT32,G0050,78,0.0,0.0,0.0,0.02702702702702703,37.0
noisy_query,random_uniform,5,1729,HAFNIUM,G0125,44,0.0,0.0,1.0,0.1,10.0
noisy_query,frequency_prior,5,1729,HAFNIUM,G0125,44,0.0,0.0,0.0,0.027777777777777776,36.0
noisy_query,overlap_cosine,5,1729,HAFNIUM,G0125,44,0.0,1.0,1.0,0.3333333333333333,3.0
noisy_query,svd32_graph_embedding,5,1729,HAFNIUM,G0125,44,0.0,1.0,1.0,0.5,2.0
noisy_query,random_uniform,5,1729,MuddyWater,G0069,68,0.0,0.0,0.0,0.007751937984496124,129.0
noisy_query,frequency_prior,5,1729,MuddyWater,G0069,68,0.0,0.0,0.0,0.08333333333333333,12.0
noisy_query,overlap_cosine,5,1729,MuddyWater,G0069,68,0.0,0.0,1.0,0.125,8.0
noisy_query,svd32_graph_embedding,5,1729,MuddyWater,G0069,68,0.0,0.0,0.0,0.04,25.0
noisy_query,random_uniform,5,1729,Naikon,G0019,14,0.0,0.0,0.0,0.006711409395973154,149.0
noisy_query,frequency_prior,5,1729,Naikon,G0019,14,0.0,0.0,0.0,0.009708737864077669,103.0
noisy_query,overlap_cosine,5,1729,Naikon,G0019,14,1.0,1.0,1.0,1.0,1.0
noisy_query,svd32_graph_embedding,5,1729,Naikon,G0019,14,0.0,0.0,0.0,0.07142857142857142,14.0
noisy_query,random_uniform,5,1729,FIN6,G0037,40,0.0,0.0,0.0,0.006024096385542169,166.0
noisy_query,frequency_prior,5,1729,FIN6,G0037,40,0.0,0.0,0.0,0.022222222222222223,45.0
noisy_query,overlap_cosine,5,1729,FIN6,G0037,40,0.0,1.0,1.0,0.3333333333333333,3.0
noisy_query,svd32_graph_embedding,5,1729,FIN6,G0037,40,0.0,0.0,1.0,0.16666666666666666,6.0
noisy_query,random_uniform,5,1729,Gamaredon Group,G0047,70,0.0,0.0,0.0,0.008064516129032258,124.0
noisy_query,frequency_prior,5,1729,Gamaredon Group,G0047,70,0.0,0.0,0.0,0.09090909090909091,11.0
noisy_query,overlap_cosine,5,1729,Gamaredon Group,G0047,70,0.0,0.0,0.0,0.041666666666666664,24.0
noisy_query,svd32_graph_embedding,5,1729,Gamaredon Group,G0047,70,0.0,0.0,0.0,0.022727272727272728,44.0
noisy_query,random_uniform,5,1729,Storm-1811,G1046,31,0.0,0.0,0.0,0.010101010101010102,99.0
noisy_query,frequency_prior,5,1729,Storm-1811,G1046,31,0.0,0.0,0.0,0.01818181818181818,55.0
noisy_query,overlap_cosine,5,1729,Storm-1811,G1046,31,1.0,1.0,1.0,1.0,1.0
noisy_query,svd32_graph_embedding,5,1729,Storm-1811,G1046,31,0.0,1.0,1.0,0.3333333333333333,3.0
noisy_query,random_uniform,5,1729,Leafminer,G0077,17,0.0,0.0,0.0,0.007751937984496124,129.0
noisy_query,frequency_prior,5,1729,Leafminer,G0077,17,0.0,0.0,0.0,0.011111111111111112,90.0
noisy_query,overlap_cosine,5,1729,Leafminer,G0077,17,0.0,1.0,1.0,0.5,2.0
noisy_query,svd32_graph_embedding,5,1729,Leafminer,G0077,17,0.0,0.0,1.0,0.16666666666666666,6.0
noisy_query,random_uniform,5,1729,TeamTNT,G0139,56,0.0,0.0,0.0,0.00847457627118644,118.0
noisy_query,frequency_prior,5,1729,TeamTNT,G0139,56,0.0,0.0,0.0,0.043478260869565216,23.0
noisy_query,overlap_cosine,5,1729,TeamTNT,G0139,56,0.0,0.0,1.0,0.1111111111111111,9.0
noisy_query,svd32_graph_embedding,5,1729,TeamTNT,G0139,56,0.0,0.0,0.0,0.03571428571428571,28.0
noisy_query,random_uniform,5,1729,FIN7,G0046,67,0.0,0.0,0.0,0.05555555555555555,18.0
noisy_query,frequency_prior,5,1729,FIN7,G0046,67,0.0,0.0,0.0,0.07142857142857142,14.0
noisy_query,overlap_cosine,5,1729,FIN7,G0046,67,0.0,0.0,0.0,0.08333333333333333,12.0
noisy_query,svd32_graph_embedding,5,1729,FIN7,G0046,67,0.0,0.0,0.0,0.058823529411764705,17.0
noisy_query,random_uniform,5,1729,Sandworm Team,G0034,79,0.0,0.0,0.0,0.008,125.0
noisy_query,frequency_prior,5,1729,Sandworm Team,G0034,79,0.0,0.0,1.0,0.14285714285714285,7.0
noisy_query,overlap_cosine,5,1729,Sandworm Team,G0034,79,0.0,0.0,0.0,0.08333333333333333,12.0
noisy_query,svd32_graph_embedding,5,1729,Sandworm Team,G0034,79,0.0,0.0,1.0,0.14285714285714285,7.0
noisy_query,random_uniform,5,1729,Machete,G0095,11,0.0,0.0,0.0,0.017857142857142856,56.0
noisy_query,frequency_prior,5,1729,Machete,G0095,11,0.0,0.0,0.0,0.008771929824561403,114.0
noisy_query,overlap_cosine,5,1729,Machete,G0095,11,0.0,1.0,1.0,0.5,2.0
noisy_query,svd32_graph_embedding,5,1729,Machete,G0095,11,0.0,1.0,1.0,0.3333333333333333,3.0
noisy_query,random_uniform,5,1729,APT18,G0026,12,0.0,0.0,0.0,0.02857142857142857,35.0
noisy_query,frequency_prior,5,1729,APT18,G0026,12,0.0,0.0,0.0,0.009345794392523364,107.0
noisy_query,overlap_cosine,5,1729,APT18,G0026,12,1.0,1.0,1.0,1.0,1.0
noisy_query,svd32_graph_embedding,5,1729,APT18,G0026,12,1.0,1.0,1.0,1.0,1.0
noisy_query,random_uniform,5,1729,Andariel,G0138,12,0.0,0.0,0.0,0.03571428571428571,28.0
noisy_query,frequency_prior,5,1729,Andariel,G0138,12,0.0,0.0,0.0,0.009259259259259259,108.0
noisy_query,overlap_cosine,5,1729,Andariel,G0138,12,1.0,1.0,1.0,1.0,1.0
noisy_query,svd32_graph_embedding,5,1729,Andariel,G0138,12,1.0,1.0,1.0,1.0,1.0
noisy_query,random_uniform,5,1729,CURIUM,G1012,19,0.0,0.0,0.0,0.07692307692307693,13.0
noisy_query,frequency_prior,5,1729,CURIUM,G1012,19,0.0,0.0,0.0,0.012048192771084338,83.0
noisy_query,overlap_cosine,5,1729,CURIUM,G1012,19,0.0,1.0,1.0,0.5,2.0
noisy_query,svd32_graph_embedding,5,1729,CURIUM,G1012,19,0.0,1.0,1.0,0.3333333333333333,3.0
noisy_query,random_uniform,5,1729,Sidewinder,G0121,30,0.0,0.0,0.0,0.008695652173913044,115.0
noisy_query,frequency_prior,5,1729,Sidewinder,G0121,30,0.0,0.0,0.0,0.017241379310344827,58.0
noisy_query,overlap_cosine,5,1729,Sidewinder,G0121,30,0.0,0.0,0.0,0.06666666666666667,15.0
noisy_query,svd32_graph_embedding,5,1729,Sidewinder,G0121,30,0.0,0.0,0.0,0.041666666666666664,24.0
noisy_query,random_uniform,5,1729,Mustang Panda,G0129,85,0.0,0.0,0.0,0.02702702702702703,37.0
noisy_query,frequency_prior,5,1729,Mustang Panda,G0129,85,0.0,1.0,1.0,0.25,4.0
noisy_query,overlap_cosine,5,1729,Mustang Panda,G0129,85,0.0,0.0,0.0,0.07692307692307693,13.0
noisy_query,svd32_graph_embedding,5,1729,Mustang Panda,G0129,85,0.0,0.0,0.0,0.045454545454545456,22.0
noisy_query,random_uniform,5,1729,ZIRCONIUM,G0128,29,0.0,0.0,0.0,0.006060606060606061,165.0
noisy_query,frequency_prior,5,1729,ZIRCONIUM,G0128,29,0.0,0.0,0.0,0.016666666666666666,60.0
noisy_query,overlap_cosine,5,1729,ZIRCONIUM,G0128,29,1.0,1.0,1.0,1.0,1.0
noisy_query,svd32_graph_embedding,5,1729,ZIRCONIUM,G0128,29,1.0,1.0,1.0,1.0,1.0
noisy_query,random_uniform,5,1729,Rocke,G0106,36,0.0,0.0,0.0,0.007874015748031496,127.0
noisy_query,frequency_prior,5,1729,Rocke,G0106,36,0.0,0.0,0.0,0.020833333333333332,48.0
noisy_query,overlap_cosine,5,1729,Rocke,G0106,36,0.0,1.0,1.0,0.5,2.0
noisy_query,svd32_graph_embedding,5,1729,Rocke,G0106,36,0.0,1.0,1.0,0.3333333333333333,3.0
noisy_query,random_uniform,5,1729,Scattered Spider,G1015,64,0.0,0.0,0.0,0.005780346820809248,173.0
noisy_query,frequency_prior,5,1729,Scattered Spider,G1015,64,0.0,0.0,0.0,0.0625,16.0
noisy_query,overlap_cosine,5,1729,Scattered Spider,G1015,64,1.0,1.0,1.0,1.0,1.0
noisy_query,svd32_graph_embedding,5,1729,Scattered Spider,G1015,64,1.0,1.0,1.0,1.0,1.0
noisy_query,random_uniform,5,1729,APT39,G0087,53,0.0,0.0,0.0,0.012987012987012988,77.0
noisy_query,frequency_prior,5,1729,APT39,G0087,53,0.0,0.0,0.0,0.038461538461538464,26.0
noisy_query,overlap_cosine,5,1729,APT39,G0087,53,0.0,0.0,0.0,0.045454545454545456,22.0
noisy_query,svd32_graph_embedding,5,1729,APT39,G0087,53,0.0,0.0,0.0,0.08333333333333333,12.0
noisy_query,random_uniform,5,1729,UNC3886,G1048,49,0.0,0.0,0.0,0.022727272727272728,44.0
noisy_query,frequency_prior,5,1729,UNC3886,G1048,49,0.0,0.0,0.0,0.034482758620689655,29.0
noisy_query,overlap_cosine,5,1729,UNC3886,G1048,49,0.0,0.0,1.0,0.16666666666666666,6.0
noisy_query,svd32_graph_embedding,5,1729,UNC3886,G1048,49,0.0,0.0,0.0,0.08333333333333333,12.0
noisy_query,random_uniform,5,1729,Contagious Interview,G1052,54,0.0,0.0,0.0,0.008928571428571428,112.0
noisy_query,frequency_prior,5,1729,Contagious Interview,G1052,54,0.0,0.0,0.0,0.04,25.0
noisy_query,overlap_cosine,5,1729,Contagious Interview,G1052,54,0.0,1.0,1.0,0.2,5.0
noisy_query,svd32_graph_embedding,5,1729,Contagious Interview,G1052,54,0.0,0.0,1.0,0.16666666666666666,6.0
noisy_query,random_uniform,5,1729,TA2541,G1018,28,0.0,0.0,0.0,0.025,40.0
noisy_query,frequency_prior,5,1729,TA2541,G1018,28,0.0,0.0,0.0,0.015873015873015872,63.0
noisy_query,overlap_cosine,5,1729,TA2541,G1018,28,0.0,1.0,1.0,0.3333333333333333,3.0
noisy_query,svd32_graph_embedding,5,1729,TA2541,G1018,28,0.0,0.0,1.0,0.125,8.0
noisy_query,random_uniform,5,1729,Akira,G1024,17,0.0,0.0,0.0,0.007633587786259542,131.0
noisy_query,frequency_prior,5,1729,Akira,G1024,17,0.0,0.0,0.0,0.011363636363636364,88.0
noisy_query,overlap_cosine,5,1729,Akira,G1024,17,1.0,1.0,1.0,1.0,1.0
noisy_query,svd32_graph_embedding,5,1729,Akira,G1024,17,0.0,0.0,1.0,0.14285714285714285,7.0
noisy_query,random_uniform,5,1729,APT37,G0067,29,0.0,0.0,0.0,0.0196078431372549,51.0
noisy_query,frequency_prior,5,1729,APT37,G0067,29,0.0,0.0,0.0,0.01639344262295082,61.0
noisy_query,overlap_cosine,5,1729,APT37,G0067,29,0.0,1.0,1.0,0.5,2.0
noisy_query,svd32_graph_embedding,5,1729,APT37,G0067,29,0.0,0.0,1.0,0.16666666666666666,6.0
noisy_query,random_uniform,5,1729,Moses Staff,G1009,12,0.0,0.0,0.0,0.01282051282051282,78.0
noisy_query,frequency_prior,5,1729,Moses Staff,G1009,12,0.0,0.0,0.0,0.008928571428571428,112.0
noisy_query,overlap_cosine,5,1729,Moses Staff,G1009,12,1.0,1.0,1.0,1.0,1.0
noisy_query,svd32_graph_embedding,5,1729,Moses Staff,G1009,12,0.0,1.0,1.0,0.5,2.0
noisy_query,random_uniform,5,1729,OilRig,G0049,76,0.0,0.0,0.0,0.007575757575757576,132.0
noisy_query,frequency_prior,5,1729,OilRig,G0049,76,0.0,0.0,1.0,0.1,10.0
noisy_query,overlap_cosine,5,1729,OilRig,G0049,76,0.0,0.0,1.0,0.125,8.0
noisy_query,svd32_graph_embedding,5,1729,OilRig,G0049,76,0.0,0.0,0.0,0.05555555555555555,18.0
noisy_query,random_uniform,5,1729,Higaisa,G0126,28,0.0,0.0,0.0,0.041666666666666664,24.0
noisy_query,frequency_prior,5,1729,Higaisa,G0126,28,0.0,0.0,0.0,0.015625,64.0
noisy_query,overlap_cosine,5,1729,Higaisa,G0126,28,0.0,1.0,1.0,0.5,2.0
noisy_query,svd32_graph_embedding,5,1729,Higaisa,G0126,28,0.0,0.0,0.0,0.03125,32.0
noisy_query,random_uniform,5,1729,Tropic Trooper,G0081,40,0.0,0.0,0.0,0.008333333333333333,120.0
noisy_query,frequency_prior,5,1729,Tropic Trooper,G0081,40,0.0,0.0,0.0,0.023255813953488372,43.0
noisy_query,overlap_cosine,5,1729,Tropic Trooper,G0081,40,1.0,1.0,1.0,1.0,1.0
noisy_query,svd32_graph_embedding,5,1729,Tropic Trooper,G0081,40,0.0,0.0,1.0,0.125,8.0
noisy_query,random_uniform,5,1729,Sea Turtle,G1041,27,0.0,0.0,0.0,0.015873015873015872,63.0
noisy_query,frequency_prior,5,1729,Sea Turtle,G1041,27,0.0,0.0,0.0,0.014705882352941176,68.0
noisy_query,overlap_cosine,5,1729,Sea Turtle,G1041,27,0.0,1.0,1.0,0.25,4.0
noisy_query,svd32_graph_embedding,5,1729,Sea Turtle,G1041,27,0.0,1.0,1.0,0.25,4.0
noisy_query,random_uniform,5,1729,Aquatic Panda,G0143,35,0.0,0.0,0.0,0.012195121951219513,82.0
noisy_query,frequency_prior,5,1729,Aquatic Panda,G0143,35,0.0,0.0,0.0,0.02,50.0
noisy_query,overlap_cosine,5,1729,Aquatic Panda,G0143,35,0.0,1.0,1.0,0.5,2.0
noisy_query,svd32_graph_embedding,5,1729,Aquatic Panda,G0143,35,0.0,0.0,0.0,0.0625,16.0
noisy_query,random_uniform,5,1729,Ke3chang,G0004,46,0.0,0.0,0.0,0.02127659574468085,47.0
noisy_query,frequency_prior,5,1729,Ke3chang,G0004,46,0.0,0.0,0.0,0.03125,32.0
noisy_query,overlap_cosine,5,1729,Ke3chang,G0004,46,0.0,0.0,1.0,0.16666666666666666,6.0
noisy_query,svd32_graph_embedding,5,1729,Ke3chang,G0004,46,0.0,0.0,0.0,0.03571428571428571,28.0
noisy_query,random_uniform,5,1729,Saint Bear,G1031,18,0.0,0.0,0.0,0.021739130434782608,46.0
noisy_query,frequency_prior,5,1729,Saint Bear,G1031,18,0.0,0.0,0.0,0.011494252873563218,87.0
noisy_query,overlap_cosine,5,1729,Saint Bear,G1031,18,0.0,1.0,1.0,0.5,2.0
noisy_query,svd32_graph_embedding,5,1729,Saint Bear,G1031,18,0.0,1.0,1.0,0.3333333333333333,3.0
noisy_query,random_uniform,5,1729,APT1,G0006,23,0.0,0.0,0.0,0.007692307692307693,130.0
noisy_query,frequency_prior,5,1729,APT1,G0006,23,0.0,0.0,0.0,0.013513513513513514,74.0
noisy_query,overlap_cosine,5,1729,APT1,G0006,23,1.0,1.0,1.0,1.0,1.0
noisy_query,svd32_graph_embedding,5,1729,APT1,G0006,23,0.0,0.0,1.0,0.1111111111111111,9.0
noisy_query,random_uniform,5,1729,Confucius,G0142,19,0.0,0.0,0.0,0.008849557522123894,113.0
noisy_query,frequency_prior,5,1729,Confucius,G0142,19,0.0,0.0,0.0,0.011627906976744186,86.0
noisy_query,overlap_cosine,5,1729,Confucius,G0142,19,0.0,1.0,1.0,0.5,2.0
noisy_query,svd32_graph_embedding,5,1729,Confucius,G0142,19,0.0,0.0,1.0,0.1111111111111111,9.0
noisy_query,random_uniform,5,1729,BlackTech,G0098,14,0.0,0.0,0.0,0.029411764705882353,34.0
noisy_query,frequency_prior,5,1729,BlackTech,G0098,14,0.0,0.0,0.0,0.009900990099009901,101.0
noisy_query,overlap_cosine,5,1729,BlackTech,G0098,14,1.0,1.0,1.0,1.0,1.0
noisy_query,svd32_graph_embedding,5,1729,BlackTech,G0098,14,0.0,0.0,1.0,0.14285714285714285,7.0
noisy_query,random_uniform,5,1729,Leviathan,G0065,50,0.0,0.0,0.0,0.03225806451612903,31.0
noisy_query,frequency_prior,5,1729,Leviathan,G0065,50,0.0,0.0,0.0,0.03571428571428571,28.0
noisy_query,overlap_cosine,5,1729,Leviathan,G0065,50,0.0,1.0,1.0,0.2,5.0
noisy_query,svd32_graph_embedding,5,1729,Leviathan,G0065,50,0.0,0.0,1.0,0.16666666666666666,6.0
noisy_query,random_uniform,5,1729,Blue Mockingbird,G0108,22,0.0,0.0,0.0,0.01639344262295082,61.0
noisy_query,frequency_prior,5,1729,Blue Mockingbird,G0108,22,0.0,0.0,0.0,0.013157894736842105,76.0
noisy_query,overlap_cosine,5,1729,Blue Mockingbird,G0108,22,0.0,1.0,1.0,0.2,5.0
noisy_query,svd32_graph_embedding,5,1729,Blue Mockingbird,G0108,22,0.0,1.0,1.0,0.25,4.0
noisy_query,random_uniform,5,1729,Winter Vivern,G1035,27,0.0,0.0,0.0,0.013513513513513514,74.0
noisy_query,frequency_prior,5,1729,Winter Vivern,G1035,27,0.0,0.0,0.0,0.014925373134328358,67.0
noisy_query,overlap_cosine,5,1729,Winter Vivern,G1035,27,0.0,0.0,1.0,0.16666666666666666,6.0
noisy_query,svd32_graph_embedding,5,1729,Winter Vivern,G1035,27,0.0,0.0,0.0,0.02564102564102564,39.0
noisy_query,random_uniform,5,1729,Turla,G0010,68,0.0,0.0,0.0,0.07692307692307693,13.0
noisy_query,frequency_prior,5,1729,Turla,G0010,68,0.0,0.0,0.0,0.07692307692307693,13.0
noisy_query,overlap_cosine,5,1729,Turla,G0010,68,0.0,1.0,1.0,0.25,4.0
noisy_query,svd32_graph_embedding,5,1729,Turla,G0010,68,0.0,1.0,1.0,0.5,2.0
noisy_query,random_uniform,5,1729,Storm-0501,G1053,42,0.0,0.0,0.0,0.012658227848101266,79.0
noisy_query,frequency_prior,5,1729,Storm-0501,G1053,42,0.0,0.0,0.0,0.02564102564102564,39.0
noisy_query,overlap_cosine,5,1729,Storm-0501,G1053,42,0.0,0.0,1.0,0.16666666666666666,6.0
noisy_query,svd32_graph_embedding,5,1729,Storm-0501,G1053,42,0.0,1.0,1.0,0.5,2.0
noisy_query,random_uniform,5,1729,TA505,G0092,34,0.0,0.0,0.0,0.0136986301369863,73.0
noisy_query,frequency_prior,5,1729,TA505,G0092,34,0.0,0.0,0.0,0.019230769230769232,52.0
noisy_query,overlap_cosine,5,1729,TA505,G0092,34,0.0,0.0,1.0,0.125,8.0
noisy_query,svd32_graph_embedding,5,1729,TA505,G0092,34,0.0,1.0,1.0,0.2,5.0
noisy_query,random_uniform,5,1729,BITTER,G1002,16,0.0,0.0,0.0,0.010526315789473684,95.0
noisy_query,frequency_prior,5,1729,BITTER,G1002,16,0.0,0.0,0.0,0.010416666666666666,96.0
noisy_query,overlap_cosine,5,1729,BITTER,G1002,16,0.0,1.0,1.0,0.25,4.0
noisy_query,svd32_graph_embedding,5,1729,BITTER,G1002,16,0.0,0.0,1.0,0.16666666666666666,6.0
noisy_query,random_uniform,5,1729,DarkVishnya,G0105,10,0.0,0.0,0.0,0.0078125,128.0
noisy_query,frequency_prior,5,1729,DarkVishnya,G0105,10,0.0,0.0,0.0,0.008264462809917356,121.0
noisy_query,overlap_cosine,5,1729,DarkVishnya,G0105,10,1.0,1.0,1.0,1.0,1.0
noisy_query,svd32_graph_embedding,5,1729,DarkVishnya,G0105,10,0.0,1.0,1.0,0.5,2.0
noisy_query,random_uniform,5,1729,RedCurl,G1039,41,0.0,0.0,0.0,0.00980392156862745,102.0
noisy_query,frequency_prior,5,1729,RedCurl,G1039,41,0.0,0.0,0.0,0.024390243902439025,41.0
noisy_query,overlap_cosine,5,1729,RedCurl,G1039,41,0.0,1.0,1.0,0.25,4.0
noisy_query,svd32_graph_embedding,5,1729,RedCurl,G1039,41,0.0,0.0,1.0,0.16666666666666666,6.0
noisy_query,random_uniform,5,1729,FIN5,G0053,11,0.0,0.0,0.0,0.012048192771084338,83.0
noisy_query,frequency_prior,5,1729,FIN5,G0053,11,0.0,0.0,0.0,0.008695652173913044,115.0
noisy_query,overlap_cosine,5,1729,FIN5,G0053,11,1.0,1.0,1.0,1.0,1.0
noisy_query,svd32_graph_embedding,5,1729,FIN5,G0053,11,1.0,1.0,1.0,1.0,1.0
noisy_query,random_uniform,5,1729,Lotus Blossom,G0030,21,0.0,0.0,0.0,0.00909090909090909,110.0
noisy_query,frequency_prior,5,1729,Lotus Blossom,G0030,21,0.0,0.0,0.0,0.012658227848101266,79.0
noisy_query,overlap_cosine,5,1729,Lotus Blossom,G0030,21,0.0,1.0,1.0,0.5,2.0
noisy_query,svd32_graph_embedding,5,1729,Lotus Blossom,G0030,21,0.0,1.0,1.0,0.2,5.0
noisy_query,random_uniform,5,1729,Stealth Falcon,G0038,16,0.0,0.0,0.0,0.007518796992481203,133.0
noisy_query,frequency_prior,5,1729,Stealth Falcon,G0038,16,0.0,0.0,0.0,0.010752688172043012,93.0
noisy_query,overlap_cosine,5,1729,Stealth Falcon,G0038,16,1.0,1.0,1.0,1.0,1.0
noisy_query,svd32_graph_embedding,5,1729,Stealth Falcon,G0038,16,1.0,1.0,1.0,1.0,1.0
noisy_query,random_uniform,5,1729,APT29,G0016,66,0.0,0.0,0.0,0.015873015873015872,63.0
noisy_query,frequency_prior,5,1729,APT29,G0016,66,0.0,0.0,0.0,0.06666666666666667,15.0
noisy_query,overlap_cosine,5,1729,APT29,G0016,66,0.0,1.0,1.0,0.25,4.0
noisy_query,svd32_graph_embedding,5,1729,APT29,G0016,66,1.0,1.0,1.0,1.0,1.0
noisy_query,random_uniform,5,1729,Dark Caracal,G0070,12,0.0,0.0,0.0,0.011111111111111112,90.0
noisy_query,frequency_prior,5,1729,Dark Caracal,G0070,12,0.0,0.0,0.0,0.009174311926605505,109.0
noisy_query,overlap_cosine,5,1729,Dark Caracal,G0070,12,1.0,1.0,1.0,1.0,1.0
noisy_query,svd32_graph_embedding,5,1729,Dark Caracal,G0070,12,1.0,1.0,1.0,1.0,1.0
noisy_query,random_uniform,5,1729,Cinnamon Tempest,G1021,19,0.0,0.0,0.0,0.006369426751592357,157.0
noisy_query,frequency_prior,5,1729,Cinnamon Tempest,G1021,19,0.0,0.0,0.0,0.011904761904761904,84.0
noisy_query,overlap_cosine,5,1729,Cinnamon Tempest,G1021,19,1.0,1.0,1.0,1.0,1.0
noisy_query,svd32_graph_embedding,5,1729,Cinnamon Tempest,G1021,19,0.0,0.0,1.0,0.14285714285714285,7.0
noisy_query,random_uniform,5,1729,Chimera,G0114,59,0.0,0.0,0.0,0.006993006993006993,143.0
noisy_query,frequency_prior,5,1729,Chimera,G0114,59,0.0,0.0,0.0,0.05263157894736842,19.0
noisy_query,overlap_cosine,5,1729,Chimera,G0114,59,0.0,1.0,1.0,0.5,2.0
noisy_query,svd32_graph_embedding,5,1729,Chimera,G0114,59,1.0,1.0,1.0,1.0,1.0
noisy_query,random_uniform,5,1729,MirrorFace,G1054,43,0.0,0.0,0.0,0.008264462809917356,121.0
noisy_query,frequency_prior,5,1729,MirrorFace,G1054,43,0.0,0.0,0.0,0.02631578947368421,38.0
noisy_query,overlap_cosine,5,1729,MirrorFace,G1054,43,0.0,0.0,0.0,0.08333333333333333,12.0
noisy_query,svd32_graph_embedding,5,1729,MirrorFace,G1054,43,0.0,0.0,1.0,0.1,10.0
noisy_query,random_uniform,5,1729,Silent Librarian,G0122,13,0.0,0.0,0.0,0.009523809523809525,105.0
noisy_query,frequency_prior,5,1729,Silent Librarian,G0122,13,0.0,0.0,0.0,0.009523809523809525,105.0
noisy_query,overlap_cosine,5,1729,Silent Librarian,G0122,13,1.0,1.0,1.0,1.0,1.0
noisy_query,svd32_graph_embedding,5,1729,Silent Librarian,G0122,13,1.0,1.0,1.0,1.0,1.0
noisy_query,random_uniform,5,1729,Medusa Group,G1051,57,0.0,0.0,0.0,0.022222222222222223,45.0
noisy_query,frequency_prior,5,1729,Medusa Group,G1051,57,0.0,0.0,0.0,0.047619047619047616,21.0
noisy_query,overlap_cosine,5,1729,Medusa Group,G1051,57,0.0,0.0,1.0,0.1111111111111111,9.0
noisy_query,svd32_graph_embedding,5,1729,Medusa Group,G1051,57,0.0,1.0,1.0,0.3333333333333333,3.0
noisy_query,random_uniform,5,1729,BRONZE BUTLER,G0060,40,0.0,0.0,0.0,0.01,100.0
noisy_query,frequency_prior,5,1729,BRONZE BUTLER,G0060,40,0.0,0.0,0.0,0.022727272727272728,44.0
noisy_query,overlap_cosine,5,1729,BRONZE BUTLER,G0060,40,0.0,1.0,1.0,0.3333333333333333,3.0
noisy_query,svd32_graph_embedding,5,1729,BRONZE BUTLER,G0060,40,0.0,0.0,0.0,0.038461538461538464,26.0
noisy_query,random_uniform,5,1729,TA551,G0127,14,0.0,0.0,0.0,0.010309278350515464,97.0
noisy_query,frequency_prior,5,1729,TA551,G0127,14,0.0,0.0,0.0,0.01,100.0
noisy_query,overlap_cosine,5,1729,TA551,G0127,14,1.0,1.0,1.0,1.0,1.0
noisy_query,svd32_graph_embedding,5,1729,TA551,G0127,14,1.0,1.0,1.0,1.0,1.0
noisy_query,random_uniform,5,1729,BackdoorDiplomacy,G0135,15,0.0,0.0,0.0,0.0136986301369863,73.0
noisy_query,frequency_prior,5,1729,BackdoorDiplomacy,G0135,15,0.0,0.0,0.0,0.010101010101010102,99.0
noisy_query,overlap_cosine,5,1729,BackdoorDiplomacy,G0135,15,1.0,1.0,1.0,1.0,1.0
noisy_query,svd32_graph_embedding,5,1729,BackdoorDiplomacy,G0135,15,0.0,1.0,1.0,0.5,2.0
noisy_query,random_uniform,5,1729,Star Blizzard,G1033,20,0.0,0.0,0.0,0.00980392156862745,102.0
noisy_query,frequency_prior,5,1729,Star Blizzard,G1033,20,0.0,0.0,0.0,0.012195121951219513,82.0
noisy_query,overlap_cosine,5,1729,Star Blizzard,G1033,20,1.0,1.0,1.0,1.0,1.0
noisy_query,svd32_graph_embedding,5,1729,Star Blizzard,G1033,20,1.0,1.0,1.0,1.0,1.0
noisy_query,random_uniform,5,1729,Darkhotel,G0012,24,0.0,0.0,0.0,0.006535947712418301,153.0
noisy_query,frequency_prior,5,1729,Darkhotel,G0012,24,0.0,0.0,0.0,0.0136986301369863,73.0
noisy_query,overlap_cosine,5,1729,Darkhotel,G0012,24,1.0,1.0,1.0,1.0,1.0
noisy_query,svd32_graph_embedding,5,1729,Darkhotel,G0012,24,0.0,0.0,1.0,0.14285714285714285,7.0
noisy_query,random_uniform,5,1729,Axiom,G0001,16,0.0,0.0,0.0,0.030303030303030304,33.0
noisy_query,frequency_prior,5,1729,Axiom,G0001,16,0.0,0.0,0.0,0.010638297872340425,94.0
noisy_query,overlap_cosine,5,1729,Axiom,G0001,16,1.0,1.0,1.0,1.0,1.0
noisy_query,svd32_graph_embedding,5,1729,Axiom,G0001,16,0.0,1.0,1.0,0.25,4.0
noisy_query,random_uniform,5,1729,Deep Panda,G0009,10,0.0,0.0,0.0,0.03225806451612903,31.0
noisy_query,frequency_prior,5,1729,Deep Panda,G0009,10,0.0,0.0,0.0,0.008333333333333333,120.0
noisy_query,overlap_cosine,5,1729,Deep Panda,G0009,10,1.0,1.0,1.0,1.0,1.0
noisy_query,svd32_graph_embedding,5,1729,Deep Panda,G0009,10,1.0,1.0,1.0,1.0,1.0
noisy_query,random_uniform,5,1729,Ember Bear,G1003,47,0.0,0.0,0.0,0.011363636363636364,88.0
noisy_query,frequency_prior,5,1729,Ember Bear,G1003,47,0.0,0.0,0.0,0.03225806451612903,31.0
noisy_query,overlap_cosine,5,1729,Ember Bear,G1003,47,0.0,1.0,1.0,0.3333333333333333,3.0
noisy_query,svd32_graph_embedding,5,1729,Ember Bear,G1003,47,1.0,1.0,1.0,1.0,1.0
noisy_query,random_uniform,5,1729,LazyScripter,G0140,20,0.0,0.0,0.0,0.010526315789473684,95.0
noisy_query,frequency_prior,5,1729,LazyScripter,G0140,20,0.0,0.0,0.0,0.012345679012345678,81.0
noisy_query,overlap_cosine,5,1729,LazyScripter,G0140,20,0.0,1.0,1.0,0.5,2.0
noisy_query,svd32_graph_embedding,5,1729,LazyScripter,G0140,20,0.0,1.0,1.0,0.25,4.0
noisy_query,random_uniform,5,1729,Windshift,G0112,19,0.0,0.0,0.0,0.027777777777777776,36.0
noisy_query,frequency_prior,5,1729,Windshift,G0112,19,0.0,0.0,0.0,0.011764705882352941,85.0
noisy_query,overlap_cosine,5,1729,Windshift,G0112,19,0.0,1.0,1.0,0.2,5.0
noisy_query,svd32_graph_embedding,5,1729,Windshift,G0112,19,0.0,0.0,1.0,0.125,8.0
noisy_query,random_uniform,5,1729,ToddyCat,G1022,25,0.0,0.0,0.0,0.009009009009009009,111.0
noisy_query,frequency_prior,5,1729,ToddyCat,G1022,25,0.0,0.0,0.0,0.013888888888888888,72.0
noisy_query,overlap_cosine,5,1729,ToddyCat,G1022,25,1.0,1.0,1.0,1.0,1.0
noisy_query,svd32_graph_embedding,5,1729,ToddyCat,G1022,25,0.0,1.0,1.0,0.2,5.0
noisy_query,random_uniform,5,1729,LuminousMoth,G1014,28,0.0,0.0,0.0,0.009009009009009009,111.0
noisy_query,frequency_prior,5,1729,LuminousMoth,G1014,28,0.0,0.0,0.0,0.015384615384615385,65.0
noisy_query,overlap_cosine,5,1729,LuminousMoth,G1014,28,1.0,1.0,1.0,1.0,1.0
noisy_query,svd32_graph_embedding,5,1729,LuminousMoth,G1014,28,0.0,1.0,1.0,0.2,5.0
noisy_query,random_uniform,5,1729,Agrius,G1030,22,0.0,0.0,0.0,0.013888888888888888,72.0
noisy_query,frequency_prior,5,1729,Agrius,G1030,22,0.0,0.0,0.0,0.013333333333333334,75.0
noisy_query,overlap_cosine,5,1729,Agrius,G1030,22,1.0,1.0,1.0,1.0,1.0
noisy_query,svd32_graph_embedding,5,1729,Agrius,G1030,22,0.0,1.0,1.0,0.5,2.0
noisy_query,random_uniform,5,1729,APT28,G0007,93,0.0,0.0,0.0,0.008333333333333333,120.0
noisy_query,frequency_prior,5,1729,APT28,G0007,93,0.0,1.0,1.0,0.5,2.0
noisy_query,overlap_cosine,5,1729,APT28,G0007,93,0.0,0.0,0.0,0.034482758620689655,29.0
noisy_query,svd32_graph_embedding,5,1729,APT28,G0007,93,0.0,0.0,0.0,0.02631578947368421,38.0
noisy_query,random_uniform,5,1729,Malteiro,G1026,12,0.0,0.0,0.0,0.05555555555555555,18.0
noisy_query,frequency_prior,5,1729,Malteiro,G1026,12,0.0,0.0,0.0,0.008849557522123894,113.0
noisy_query,overlap_cosine,5,1729,Malteiro,G1026,12,1.0,1.0,1.0,1.0,1.0
noisy_query,svd32_graph_embedding,5,1729,Malteiro,G1026,12,1.0,1.0,1.0,1.0,1.0
noisy_query,random_uniform,5,1729,APT42,G1044,32,0.0,0.0,0.0,0.01020408163265306,98.0
noisy_query,frequency_prior,5,1729,APT42,G1044,32,0.0,0.0,0.0,0.018518518518518517,54.0
noisy_query,overlap_cosine,5,1729,APT42,G1044,32,0.0,1.0,1.0,0.3333333333333333,3.0
noisy_query,svd32_graph_embedding,5,1729,APT42,G1044,32,0.0,1.0,1.0,0.5,2.0
noisy_query,random_uniform,5,1729,APT5,G1023,29,0.0,0.0,0.0,0.018867924528301886,53.0
noisy_query,frequency_prior,5,1729,APT5,G1023,29,0.0,0.0,0.0,0.016129032258064516,62.0
noisy_query,overlap_cosine,5,1729,APT5,G1023,29,1.0,1.0,1.0,1.0,1.0
noisy_query,svd32_graph_embedding,5,1729,APT5,G1023,29,0.0,1.0,1.0,0.5,2.0
noisy_query,random_uniform,5,1729,Fox Kitten,G0117,41,0.0,0.0,0.0,0.009523809523809525,105.0
noisy_query,frequency_prior,5,1729,Fox Kitten,G0117,41,0.0,0.0,0.0,0.023809523809523808,42.0
noisy_query,overlap_cosine,5,1729,Fox Kitten,G0117,41,0.0,1.0,1.0,0.25,4.0
noisy_query,svd32_graph_embedding,5,1729,Fox Kitten,G0117,41,0.0,1.0,1.0,0.5,2.0
noisy_query,random_uniform,5,1729,APT-C-36,G0099,38,0.0,0.0,0.0,0.0625,16.0
noisy_query,frequency_prior,5,1729,APT-C-36,G0099,38,0.0,0.0,0.0,0.021739130434782608,46.0
noisy_query,overlap_cosine,5,1729,APT-C-36,G0099,38,0.0,0.0,0.0,0.09090909090909091,11.0
noisy_query,svd32_graph_embedding,5,1729,APT-C-36,G0099,38,0.0,0.0,1.0,0.1111111111111111,9.0
noisy_query,random_uniform,5,1729,Tonto Team,G0131,15,0.0,0.0,0.0,0.041666666666666664,24.0
noisy_query,frequency_prior,5,1729,Tonto Team,G0131,15,0.0,0.0,0.0,0.010309278350515464,97.0
noisy_query,overlap_cosine,5,1729,Tonto Team,G0131,15,1.0,1.0,1.0,1.0,1.0
noisy_query,svd32_graph_embedding,5,1729,Tonto Team,G0131,15,0.0,1.0,1.0,0.3333333333333333,3.0
noisy_query,random_uniform,5,1729,Lazarus Group,G0032,93,0.0,0.0,0.0,0.01,100.0
noisy_query,frequency_prior,5,1729,Lazarus Group,G0032,93,0.0,1.0,1.0,0.3333333333333333,3.0
noisy_query,overlap_cosine,5,1729,Lazarus Group,G0032,93,1.0,1.0,1.0,1.0,1.0
noisy_query,svd32_graph_embedding,5,1729,Lazarus Group,G0032,93,1.0,1.0,1.0,1.0,1.0
noisy_query,random_uniform,5,1729,INC Ransom,G1032,25,0.0,0.0,0.0,0.010752688172043012,93.0
noisy_query,frequency_prior,5,1729,INC Ransom,G1032,25,0.0,0.0,0.0,0.014084507042253521,71.0
noisy_query,overlap_cosine,5,1729,INC Ransom,G1032,25,1.0,1.0,1.0,1.0,1.0
noisy_query,svd32_graph_embedding,5,1729,INC Ransom,G1032,25,0.0,0.0,1.0,0.16666666666666666,6.0
noisy_query,random_uniform,5,1729,Earth Lusca,G1006,44,0.0,0.0,0.0,0.058823529411764705,17.0
noisy_query,frequency_prior,5,1729,Earth Lusca,G1006,44,0.0,0.0,0.0,0.029411764705882353,34.0
noisy_query,overlap_cosine,5,1729,Earth Lusca,G1006,44,0.0,1.0,1.0,0.25,4.0
noisy_query,svd32_graph_embedding,5,1729,Earth Lusca,G1006,44,0.0,1.0,1.0,0.3333333333333333,3.0
noisy_query,random_uniform,5,1729,FIN4,G0085,12,0.0,0.0,0.0,0.011627906976744186,86.0
noisy_query,frequency_prior,5,1729,FIN4,G0085,12,0.0,0.0,0.0,0.009009009009009009,111.0
noisy_query,overlap_cosine,5,1729,FIN4,G0085,12,1.0,1.0,1.0,1.0,1.0
noisy_query,svd32_graph_embedding,5,1729,FIN4,G0085,12,0.0,0.0,1.0,0.1,10.0
noisy_query,random_uniform,5,1729,Silence,G0091,28,0.0,0.0,0.0,0.013333333333333334,75.0
noisy_query,frequency_prior,5,1729,Silence,G0091,28,0.0,0.0,0.0,0.015151515151515152,66.0
noisy_query,overlap_cosine,5,1729,Silence,G0091,28,0.0,1.0,1.0,0.3333333333333333,3.0
noisy_query,svd32_graph_embedding,5,1729,Silence,G0091,28,0.0,0.0,0.0,0.09090909090909091,11.0
noisy_query,random_uniform,5,1729,LAPSUS$,G1004,43,0.0,0.0,0.0,0.014705882352941176,68.0
noisy_query,frequency_prior,5,1729,LAPSUS$,G1004,43,0.0,0.0,0.0,0.02702702702702703,37.0
noisy_query,overlap_cosine,5,1729,LAPSUS$,G1004,43,1.0,1.0,1.0,1.0,1.0
noisy_query,svd32_graph_embedding,5,1729,LAPSUS$,G1004,43,1.0,1.0,1.0,1.0,1.0
noisy_query,random_uniform,5,1729,Cobalt Group,G0080,34,0.0,0.0,0.0,0.014925373134328358,67.0
noisy_query,frequency_prior,5,1729,Cobalt Group,G0080,34,0.0,0.0,0.0,0.0196078431372549,51.0
noisy_query,overlap_cosine,5,1729,Cobalt Group,G0080,34,0.0,1.0,1.0,0.3333333333333333,3.0
noisy_query,svd32_graph_embedding,5,1729,Cobalt Group,G0080,34,0.0,1.0,1.0,0.3333333333333333,3.0
noisy_query,random_uniform,5,1729,Wizard Spider,G0102,64,0.0,0.0,0.0,0.09090909090909091,11.0
noisy_query,frequency_prior,5,1729,Wizard Spider,G0102,64,0.0,0.0,0.0,0.058823529411764705,17.0
noisy_query,overlap_cosine,5,1729,Wizard Spider,G0102,64,0.0,0.0,1.0,0.125,8.0
noisy_query,svd32_graph_embedding,5,1729,Wizard Spider,G0102,64,0.0,0.0,0.0,0.027777777777777776,36.0
noisy_query,random_uniform,5,1729,Molerats,G0021,16,0.0,0.0,0.0,0.00684931506849315,146.0
noisy_query,frequency_prior,5,1729,Molerats,G0021,16,0.0,0.0,0.0,0.010869565217391304,92.0
noisy_query,overlap_cosine,5,1729,Molerats,G0021,16,1.0,1.0,1.0,1.0,1.0
noisy_query,svd32_graph_embedding,5,1729,Molerats,G0021,16,0.0,0.0,1.0,0.14285714285714285,7.0
noisy_query,random_uniform,5,1729,Velvet Ant,G1047,22,0.0,0.0,0.0,0.02040816326530612,49.0
noisy_query,frequency_prior,5,1729,Velvet Ant,G1047,22,0.0,0.0,0.0,0.012987012987012988,77.0
noisy_query,overlap_cosine,5,1729,Velvet Ant,G1047,22,1.0,1.0,1.0,1.0,1.0
noisy_query,svd32_graph_embedding,5,1729,Velvet Ant,G1047,22,0.0,0.0,1.0,0.14285714285714285,7.0
noisy_query,random_uniform,5,1729,Transparent Tribe,G0134,14,0.0,0.0,0.0,0.00641025641025641,156.0
noisy_query,frequency_prior,5,1729,Transparent Tribe,G0134,14,0.0,0.0,0.0,0.009615384615384616,104.0
noisy_query,overlap_cosine,5,1729,Transparent Tribe,G0134,14,1.0,1.0,1.0,1.0,1.0
noisy_query,svd32_graph_embedding,5,1729,Transparent Tribe,G0134,14,1.0,1.0,1.0,1.0,1.0
noisy_query,random_uniform,5,1729,Moonstone Sleet,G1036,30,0.0,0.0,0.0,0.010869565217391304,92.0
noisy_query,frequency_prior,5,1729,Moonstone Sleet,G1036,30,0.0,0.0,0.0,0.01694915254237288,59.0
noisy_query,overlap_cosine,5,1729,Moonstone Sleet,G1036,30,0.0,1.0,1.0,0.3333333333333333,3.0
noisy_query,svd32_graph_embedding,5,1729,Moonstone Sleet,G1036,30,0.0,1.0,1.0,0.5,2.0
noisy_query,random_uniform,5,1729,Inception,G0100,22,0.0,0.0,0.0,0.007462686567164179,134.0
noisy_query,frequency_prior,5,1729,Inception,G0100,22,0.0,0.0,0.0,0.01282051282051282,78.0
noisy_query,overlap_cosine,5,1729,Inception,G0100,22,0.0,0.0,1.0,0.16666666666666666,6.0
noisy_query,svd32_graph_embedding,5,1729,Inception,G0100,22,0.0,0.0,0.0,0.05263157894736842,19.0
noisy_query,random_uniform,5,1729,VOID MANTICORE,G1055,63,0.0,1.0,1.0,0.2,5.0
noisy_query,frequency_prior,5,1729,VOID MANTICORE,G1055,63,0.0,0.0,0.0,0.05555555555555555,18.0
noisy_query,overlap_cosine,5,1729,VOID MANTICORE,G1055,63,0.0,0.0,1.0,0.1,10.0
noisy_query,svd32_graph_embedding,5,1729,VOID MANTICORE,G1055,63,0.0,0.0,1.0,0.14285714285714285,7.0
noisy_query,random_uniform,5,1729,Play,G1040,26,0.0,0.0,0.0,0.019230769230769232,52.0
noisy_query,frequency_prior,5,1729,Play,G1040,26,0.0,0.0,0.0,0.014492753623188406,69.0
noisy_query,overlap_cosine,5,1729,Play,G1040,26,0.0,1.0,1.0,0.2,5.0
noisy_query,svd32_graph_embedding,5,1729,Play,G1040,26,0.0,1.0,1.0,0.3333333333333333,3.0
noisy_query,random_uniform,5,1729,PROMETHIUM,G0056,11,0.0,0.0,0.0,0.058823529411764705,17.0
noisy_query,frequency_prior,5,1729,PROMETHIUM,G0056,11,0.0,0.0,0.0,0.00847457627118644,118.0
noisy_query,overlap_cosine,5,1729,PROMETHIUM,G0056,11,1.0,1.0,1.0,1.0,1.0
noisy_query,svd32_graph_embedding,5,1729,PROMETHIUM,G0056,11,1.0,1.0,1.0,1.0,1.0
noisy_query,random_uniform,5,1729,HEXANE,G1001,36,0.0,0.0,0.0,0.04,25.0
noisy_query,frequency_prior,5,1729,HEXANE,G1001,36,0.0,0.0,0.0,0.02040816326530612,49.0
noisy_query,overlap_cosine,5,1729,HEXANE,G1001,36,0.0,1.0,1.0,0.3333333333333333,3.0
noisy_query,svd32_graph_embedding,5,1729,HEXANE,G1001,36,1.0,1.0,1.0,1.0,1.0
noisy_query,random_uniform,5,1729,Daggerfly,G1034,17,0.0,0.0,0.0,0.012658227848101266,79.0
noisy_query,frequency_prior,5,1729,Daggerfly,G1034,17,0.0,0.0,0.0,0.011235955056179775,89.0
noisy_query,overlap_cosine,5,1729,Daggerfly,G1034,17,1.0,1.0,1.0,1.0,1.0
noisy_query,svd32_graph_embedding,5,1729,Daggerfly,G1034,17,0.0,1.0,1.0,0.5,2.0
noisy_query,random_uniform,5,1729,WIRTE,G0090,26,0.0,0.0,0.0,0.0136986301369863,73.0
noisy_query,frequency_prior,5,1729,WIRTE,G0090,26,0.0,0.0,0.0,0.014285714285714285,70.0
noisy_query,overlap_cosine,5,1729,WIRTE,G0090,26,0.0,1.0,1.0,0.3333333333333333,3.0
noisy_query,svd32_graph_embedding,5,1729,WIRTE,G0090,26,1.0,1.0,1.0,1.0,1.0
noisy_query,random_uniform,5,1729,PLATINUM,G0068,11,0.0,0.0,0.0,0.008,125.0
noisy_query,frequency_prior,5,1729,PLATINUM,G0068,11,0.0,0.0,0.0,0.008547008547008548,117.0
noisy_query,overlap_cosine,5,1729,PLATINUM,G0068,11,1.0,1.0,1.0,1.0,1.0
noisy_query,svd32_graph_embedding,5,1729,PLATINUM,G0068,11,0.0,1.0,1.0,0.5,2.0
noisy_query,random_uniform,5,1729,Magic Hound,G0059,78,0.0,0.0,0.0,0.008403361344537815,119.0
noisy_query,frequency_prior,5,1729,Magic Hound,G0059,78,0.0,0.0,1.0,0.1111111111111111,9.0
noisy_query,overlap_cosine,5,1729,Magic Hound,G0059,78,0.0,1.0,1.0,0.25,4.0
noisy_query,svd32_graph_embedding,5,1729,Magic Hound,G0059,78,1.0,1.0,1.0,1.0,1.0
noisy_query,random_uniform,5,1729,Threat Group-3390,G0027,57,0.0,0.0,0.0,0.013157894736842105,76.0
noisy_query,frequency_prior,5,1729,Threat Group-3390,G0027,57,0.0,0.0,0.0,0.05,20.0
noisy_query,overlap_cosine,5,1729,Threat Group-3390,G0027,57,0.0,0.0,0.0,0.05,20.0
noisy_query,svd32_graph_embedding,5,1729,Threat Group-3390,G0027,57,0.0,0.0,0.0,0.0625,16.0
noisy_query,random_uniform,5,1729,APT33,G0064,31,0.0,0.0,0.0,0.010752688172043012,93.0
noisy_query,frequency_prior,5,1729,APT33,G0064,31,0.0,0.0,0.0,0.017857142857142856,56.0
noisy_query,overlap_cosine,5,1729,APT33,G0064,31,0.0,0.0,1.0,0.14285714285714285,7.0
noisy_query,svd32_graph_embedding,5,1729,APT33,G0064,31,0.0,0.0,0.0,0.06666666666666667,15.0
noisy_query,random_uniform,5,1729,FIN10,G0051,11,0.0,0.0,0.0,0.038461538461538464,26.0
noisy_query,frequency_prior,5,1729,FIN10,G0051,11,0.0,0.0,0.0,0.008620689655172414,116.0
noisy_query,overlap_cosine,5,1729,FIN10,G0051,11,1.0,1.0,1.0,1.0,1.0
noisy_query,svd32_graph_embedding,5,1729,FIN10,G0051,11,0.0,0.0,1.0,0.125,8.0
noisy_query,random_uniform,5,1729,FIN8,G0061,36,0.0,0.0,0.0,0.013513513513513514,74.0
noisy_query,frequency_prior,5,1729,FIN8,G0061,36,0.0,0.0,0.0,0.02127659574468085,47.0
noisy_query,overlap_cosine,5,1729,FIN8,G0061,36,1.0,1.0,1.0,1.0,1.0
noisy_query,svd32_graph_embedding,5,1729,FIN8,G0061,36,0.0,0.0,1.0,0.1111111111111111,9.0
noisy_query,random_uniform,5,1729,FIN13,G1016,53,0.0,0.0,0.0,0.017857142857142856,56.0
noisy_query,frequency_prior,5,1729,FIN13,G1016,53,0.0,0.0,0.0,0.037037037037037035,27.0
noisy_query,overlap_cosine,5,1729,FIN13,G1016,53,0.0,0.0,0.0,0.07692307692307693,13.0
noisy_query,svd32_graph_embedding,5,1729,FIN13,G1016,53,0.0,0.0,0.0,0.023809523809523808,42.0
noisy_query,random_uniform,5,1729,APT19,G0073,21,0.0,0.0,0.0,0.005952380952380952,168.0
noisy_query,frequency_prior,5,1729,APT19,G0073,21,0.0,0.0,0.0,0.0125,80.0
noisy_query,overlap_cosine,5,1729,APT19,G0073,21,0.0,1.0,1.0,0.3333333333333333,3.0
noisy_query,svd32_graph_embedding,5,1729,APT19,G0073,21,0.0,0.0,1.0,0.16666666666666666,6.0
noisy_query,random_uniform,5,20260510,APT38,G0082,56,0.0,0.0,0.0,0.006329113924050633,158.0
noisy_query,frequency_prior,5,20260510,APT38,G0082,56,0.0,0.0,0.0,0.041666666666666664,24.0
noisy_query,overlap_cosine,5,20260510,APT38,G0082,56,1.0,1.0,1.0,1.0,1.0
noisy_query,svd32_graph_embedding,5,20260510,APT38,G0082,56,1.0,1.0,1.0,1.0,1.0
noisy_query,random_uniform,5,20260510,Indrik Spider,G0119,33,0.0,0.0,0.0,0.0136986301369863,73.0
noisy_query,frequency_prior,5,20260510,Indrik Spider,G0119,33,0.0,0.0,0.0,0.018867924528301886,53.0
noisy_query,overlap_cosine,5,20260510,Indrik Spider,G0119,33,0.0,1.0,1.0,0.3333333333333333,3.0
noisy_query,svd32_graph_embedding,5,20260510,Indrik Spider,G0119,33,0.0,0.0,1.0,0.1,10.0
noisy_query,random_uniform,5,20260510,BlackByte,G1043,48,0.0,0.0,0.0,0.011764705882352941,85.0
noisy_query,frequency_prior,5,20260510,BlackByte,G1043,48,0.0,0.0,0.0,0.03333333333333333,30.0
noisy_query,overlap_cosine,5,20260510,BlackByte,G1043,48,0.0,0.0,1.0,0.1111111111111111,9.0
noisy_query,svd32_graph_embedding,5,20260510,BlackByte,G1043,48,0.0,0.0,1.0,0.14285714285714285,7.0
noisy_query,random_uniform,5,20260510,SideCopy,G1008,16,0.0,0.0,0.0,0.014925373134328358,67.0
noisy_query,frequency_prior,5,20260510,SideCopy,G1008,16,0.0,0.0,0.0,0.01098901098901099,91.0
noisy_query,overlap_cosine,5,20260510,SideCopy,G1008,16,1.0,1.0,1.0,1.0,1.0
noisy_query,svd32_graph_embedding,5,20260510,SideCopy,G1008,16,1.0,1.0,1.0,1.0,1.0
noisy_query,random_uniform,5,20260510,GALLIUM,G0093,31,0.0,0.0,0.0,0.016129032258064516,62.0
noisy_query,frequency_prior,5,20260510,GALLIUM,G0093,31,0.0,0.0,0.0,0.017543859649122806,57.0
noisy_query,overlap_cosine,5,20260510,GALLIUM,G0093,31,1.0,1.0,1.0,1.0,1.0
noisy_query,svd32_graph_embedding,5,20260510,GALLIUM,G0093,31,0.0,0.0,1.0,0.1,10.0
noisy_query,random_uniform,5,20260510,APT3,G0022,44,0.0,0.0,0.0,0.02564102564102564,39.0
noisy_query,frequency_prior,5,20260510,APT3,G0022,44,0.0,0.0,0.0,0.02857142857142857,35.0
noisy_query,overlap_cosine,5,20260510,APT3,G0022,44,0.0,1.0,1.0,0.25,4.0
noisy_query,svd32_graph_embedding,5,20260510,APT3,G0022,44,0.0,1.0,1.0,0.2,5.0
noisy_query,random_uniform,5,20260510,Mustard Tempest,G1020,12,0.0,0.0,0.0,0.0070921985815602835,141.0
noisy_query,frequency_prior,5,20260510,Mustard Tempest,G1020,12,0.0,0.0,0.0,0.009433962264150943,106.0
noisy_query,overlap_cosine,5,20260510,Mustard Tempest,G1020,12,1.0,1.0,1.0,1.0,1.0
noisy_query,svd32_graph_embedding,5,20260510,Mustard Tempest,G1020,12,1.0,1.0,1.0,1.0,1.0
noisy_query,random_uniform,5,20260510,Kimsuky,G0094,130,0.0,0.0,0.0,0.010309278350515464,97.0
noisy_query,frequency_prior,5,20260510,Kimsuky,G0094,130,1.0,1.0,1.0,1.0,1.0
noisy_query,overlap_cosine,5,20260510,Kimsuky,G0094,130,0.0,0.0,1.0,0.125,8.0
noisy_query,svd32_graph_embedding,5,20260510,Kimsuky,G0094,130,0.0,0.0,1.0,0.125,8.0
noisy_query,random_uniform,5,20260510,EXOTIC LILY,G1011,15,0.0,0.0,0.0,0.006578947368421052,152.0
noisy_query,frequency_prior,5,20260510,EXOTIC LILY,G1011,15,0.0,0.0,0.0,0.01020408163265306,98.0
noisy_query,overlap_cosine,5,20260510,EXOTIC LILY,G1011,15,0.0,1.0,1.0,0.5,2.0
noisy_query,svd32_graph_embedding,5,20260510,EXOTIC LILY,G1011,15,0.0,1.0,1.0,0.3333333333333333,3.0
noisy_query,random_uniform,5,20260510,admin@338,G0018,12,0.0,0.0,0.0,0.012987012987012988,77.0
noisy_query,frequency_prior,5,20260510,admin@338,G0018,12,0.0,0.0,0.0,0.00909090909090909,110.0
noisy_query,overlap_cosine,5,20260510,admin@338,G0018,12,1.0,1.0,1.0,1.0,1.0
noisy_query,svd32_graph_embedding,5,20260510,admin@338,G0018,12,0.0,1.0,1.0,0.3333333333333333,3.0
noisy_query,random_uniform,5,20260510,Volt Typhoon,G1017,81,0.0,0.0,0.0,0.015384615384615385,65.0
noisy_query,frequency_prior,5,20260510,Volt Typhoon,G1017,81,0.0,0.0,1.0,0.16666666666666666,6.0
noisy_query,overlap_cosine,5,20260510,Volt Typhoon,G1017,81,1.0,1.0,1.0,1.0,1.0
noisy_query,svd32_graph_embedding,5,20260510,Volt Typhoon,G1017,81,0.0,1.0,1.0,0.5,2.0
noisy_query,random_uniform,5,20260510,Patchwork,G0040,41,0.0,0.0,0.0,0.012658227848101266,79.0
noisy_query,frequency_prior,5,20260510,Patchwork,G0040,41,0.0,0.0,0.0,0.025,40.0
noisy_query,overlap_cosine,5,20260510,Patchwork,G0040,41,0.0,0.0,1.0,0.1,10.0
noisy_query,svd32_graph_embedding,5,20260510,Patchwork,G0040,41,0.0,0.0,0.0,0.058823529411764705,17.0
noisy_query,random_uniform,5,20260510,APT41,G0096,82,0.0,0.0,0.0,0.010416666666666666,96.0
noisy_query,frequency_prior,5,20260510,APT41,G0096,82,0.0,1.0,1.0,0.2,5.0
noisy_query,overlap_cosine,5,20260510,APT41,G0096,82,0.0,1.0,1.0,0.3333333333333333,3.0
noisy_query,svd32_graph_embedding,5,20260510,APT41,G0096,82,0.0,0.0,1.0,0.16666666666666666,6.0
noisy_query,random_uniform,5,20260510,Salt Typhoon,G1045,14,0.0,0.0,0.0,0.0058823529411764705,170.0
noisy_query,frequency_prior,5,20260510,Salt Typhoon,G1045,14,0.0,0.0,0.0,0.00980392156862745,102.0
noisy_query,overlap_cosine,5,20260510,Salt Typhoon,G1045,14,1.0,1.0,1.0,1.0,1.0
noisy_query,svd32_graph_embedding,5,20260510,Salt Typhoon,G1045,14,0.0,1.0,1.0,0.5,2.0
noisy_query,random_uniform,5,20260510,Dragonfly,G0035,56,0.0,0.0,0.0,0.023255813953488372,43.0
noisy_query,frequency_prior,5,20260510,Dragonfly,G0035,56,0.0,0.0,0.0,0.045454545454545456,22.0
noisy_query,overlap_cosine,5,20260510,Dragonfly,G0035,56,0.0,1.0,1.0,0.2,5.0
noisy_query,svd32_graph_embedding,5,20260510,Dragonfly,G0035,56,0.0,0.0,1.0,0.14285714285714285,7.0
noisy_query,random_uniform,5,20260510,Evilnum,G0120,11,0.0,0.0,0.0,0.011494252873563218,87.0
noisy_query,frequency_prior,5,20260510,Evilnum,G0120,11,0.0,0.0,0.0,0.008403361344537815,119.0
noisy_query,overlap_cosine,5,20260510,Evilnum,G0120,11,1.0,1.0,1.0,1.0,1.0
noisy_query,svd32_graph_embedding,5,20260510,Evilnum,G0120,11,0.0,1.0,1.0,0.5,2.0
noisy_query,random_uniform,5,20260510,Gorgon Group,G0078,16,0.0,0.0,0.0,0.010416666666666666,96.0
noisy_query,frequency_prior,5,20260510,Gorgon Group,G0078,16,0.0,0.0,0.0,0.010526315789473684,95.0
noisy_query,overlap_cosine,5,20260510,Gorgon Group,G0078,16,1.0,1.0,1.0,1.0,1.0
noisy_query,svd32_graph_embedding,5,20260510,Gorgon Group,G0078,16,1.0,1.0,1.0,1.0,1.0
noisy_query,random_uniform,5,20260510,menuPass,G0045,46,0.0,0.0,0.0,0.015625,64.0
noisy_query,frequency_prior,5,20260510,menuPass,G0045,46,0.0,0.0,0.0,0.030303030303030304,33.0
noisy_query,overlap_cosine,5,20260510,menuPass,G0045,46,0.0,0.0,1.0,0.16666666666666666,6.0
noisy_query,svd32_graph_embedding,5,20260510,menuPass,G0045,46,0.0,0.0,1.0,0.16666666666666666,6.0
noisy_query,random_uniform,5,20260510,APT32,G0050,78,0.0,0.0,0.0,0.01639344262295082,61.0
noisy_query,frequency_prior,5,20260510,APT32,G0050,78,0.0,0.0,1.0,0.125,8.0
noisy_query,overlap_cosine,5,20260510,APT32,G0050,78,0.0,1.0,1.0,0.3333333333333333,3.0
noisy_query,svd32_graph_embedding,5,20260510,APT32,G0050,78,0.0,1.0,1.0,0.25,4.0
noisy_query,random_uniform,5,20260510,HAFNIUM,G0125,44,0.0,0.0,0.0,0.008,125.0
noisy_query,frequency_prior,5,20260510,HAFNIUM,G0125,44,0.0,0.0,0.0,0.027777777777777776,36.0
noisy_query,overlap_cosine,5,20260510,HAFNIUM,G0125,44,0.0,1.0,1.0,0.3333333333333333,3.0
noisy_query,svd32_graph_embedding,5,20260510,HAFNIUM,G0125,44,0.0,1.0,1.0,0.2,5.0
noisy_query,random_uniform,5,20260510,MuddyWater,G0069,68,0.0,0.0,0.0,0.05,20.0
noisy_query,frequency_prior,5,20260510,MuddyWater,G0069,68,0.0,0.0,0.0,0.08333333333333333,12.0
noisy_query,overlap_cosine,5,20260510,MuddyWater,G0069,68,0.0,1.0,1.0,0.25,4.0
noisy_query,svd32_graph_embedding,5,20260510,MuddyWater,G0069,68,0.0,0.0,1.0,0.16666666666666666,6.0
noisy_query,random_uniform,5,20260510,Naikon,G0019,14,0.0,0.0,0.0,0.005917159763313609,169.0
noisy_query,frequency_prior,5,20260510,Naikon,G0019,14,0.0,0.0,0.0,0.009708737864077669,103.0
noisy_query,overlap_cosine,5,20260510,Naikon,G0019,14,1.0,1.0,1.0,1.0,1.0
noisy_query,svd32_graph_embedding,5,20260510,Naikon,G0019,14,1.0,1.0,1.0,1.0,1.0
noisy_query,random_uniform,5,20260510,FIN6,G0037,40,0.0,0.0,0.0,0.038461538461538464,26.0
noisy_query,frequency_prior,5,20260510,FIN6,G0037,40,0.0,0.0,0.0,0.022222222222222223,45.0
noisy_query,overlap_cosine,5,20260510,FIN6,G0037,40,0.0,1.0,1.0,0.5,2.0
noisy_query,svd32_graph_embedding,5,20260510,FIN6,G0037,40,1.0,1.0,1.0,1.0,1.0
noisy_query,random_uniform,5,20260510,Gamaredon Group,G0047,70,0.0,0.0,0.0,0.012658227848101266,79.0
noisy_query,frequency_prior,5,20260510,Gamaredon Group,G0047,70,0.0,0.0,0.0,0.09090909090909091,11.0
noisy_query,overlap_cosine,5,20260510,Gamaredon Group,G0047,70,0.0,1.0,1.0,0.5,2.0
noisy_query,svd32_graph_embedding,5,20260510,Gamaredon Group,G0047,70,0.0,0.0,0.0,0.03333333333333333,30.0
noisy_query,random_uniform,5,20260510,Storm-1811,G1046,31,0.0,0.0,0.0,0.05555555555555555,18.0
noisy_query,frequency_prior,5,20260510,Storm-1811,G1046,31,0.0,0.0,0.0,0.01818181818181818,55.0
noisy_query,overlap_cosine,5,20260510,Storm-1811,G1046,31,1.0,1.0,1.0,1.0,1.0
noisy_query,svd32_graph_embedding,5,20260510,Storm-1811,G1046,31,0.0,1.0,1.0,0.25,4.0
noisy_query,random_uniform,5,20260510,Leafminer,G0077,17,0.0,0.0,0.0,0.005917159763313609,169.0
noisy_query,frequency_prior,5,20260510,Leafminer,G0077,17,0.0,0.0,0.0,0.011111111111111112,90.0
noisy_query,overlap_cosine,5,20260510,Leafminer,G0077,17,0.0,1.0,1.0,0.3333333333333333,3.0
noisy_query,svd32_graph_embedding,5,20260510,Leafminer,G0077,17,0.0,0.0,0.0,0.09090909090909091,11.0
noisy_query,random_uniform,5,20260510,TeamTNT,G0139,56,0.0,0.0,0.0,0.041666666666666664,24.0
noisy_query,frequency_prior,5,20260510,TeamTNT,G0139,56,0.0,0.0,0.0,0.043478260869565216,23.0
noisy_query,overlap_cosine,5,20260510,TeamTNT,G0139,56,0.0,1.0,1.0,0.3333333333333333,3.0
noisy_query,svd32_graph_embedding,5,20260510,TeamTNT,G0139,56,1.0,1.0,1.0,1.0,1.0
noisy_query,random_uniform,5,20260510,FIN7,G0046,67,0.0,0.0,0.0,0.013333333333333334,75.0
noisy_query,frequency_prior,5,20260510,FIN7,G0046,67,0.0,0.0,0.0,0.07142857142857142,14.0
noisy_query,overlap_cosine,5,20260510,FIN7,G0046,67,1.0,1.0,1.0,1.0,1.0
noisy_query,svd32_graph_embedding,5,20260510,FIN7,G0046,67,0.0,1.0,1.0,0.5,2.0
noisy_query,random_uniform,5,20260510,Sandworm Team,G0034,79,0.0,0.0,0.0,0.058823529411764705,17.0
noisy_query,frequency_prior,5,20260510,Sandworm Team,G0034,79,0.0,0.0,1.0,0.14285714285714285,7.0
noisy_query,overlap_cosine,5,20260510,Sandworm Team,G0034,79,0.0,1.0,1.0,0.25,4.0
noisy_query,svd32_graph_embedding,5,20260510,Sandworm Team,G0034,79,1.0,1.0,1.0,1.0,1.0
noisy_query,random_uniform,5,20260510,Machete,G0095,11,0.0,0.0,0.0,0.013333333333333334,75.0
noisy_query,frequency_prior,5,20260510,Machete,G0095,11,0.0,0.0,0.0,0.008771929824561403,114.0
noisy_query,overlap_cosine,5,20260510,Machete,G0095,11,1.0,1.0,1.0,1.0,1.0
noisy_query,svd32_graph_embedding,5,20260510,Machete,G0095,11,0.0,0.0,1.0,0.1111111111111111,9.0
noisy_query,random_uniform,5,20260510,APT18,G0026,12,0.0,0.0,0.0,0.00847457627118644,118.0
noisy_query,frequency_prior,5,20260510,APT18,G0026,12,0.0,0.0,0.0,0.009345794392523364,107.0
noisy_query,overlap_cosine,5,20260510,APT18,G0026,12,1.0,1.0,1.0,1.0,1.0
noisy_query,svd32_graph_embedding,5,20260510,APT18,G0026,12,1.0,1.0,1.0,1.0,1.0
noisy_query,random_uniform,5,20260510,Andariel,G0138,12,0.0,0.0,0.0,0.01694915254237288,59.0
noisy_query,frequency_prior,5,20260510,Andariel,G0138,12,0.0,0.0,0.0,0.009259259259259259,108.0
noisy_query,overlap_cosine,5,20260510,Andariel,G0138,12,1.0,1.0,1.0,1.0,1.0
noisy_query,svd32_graph_embedding,5,20260510,Andariel,G0138,12,0.0,1.0,1.0,0.3333333333333333,3.0
noisy_query,random_uniform,5,20260510,CURIUM,G1012,19,0.0,0.0,0.0,0.008264462809917356,121.0
noisy_query,frequency_prior,5,20260510,CURIUM,G1012,19,0.0,0.0,0.0,0.012048192771084338,83.0
noisy_query,overlap_cosine,5,20260510,CURIUM,G1012,19,1.0,1.0,1.0,1.0,1.0
noisy_query,svd32_graph_embedding,5,20260510,CURIUM,G1012,19,0.0,1.0,1.0,0.5,2.0
noisy_query,random_uniform,5,20260510,Sidewinder,G0121,30,0.0,0.0,0.0,0.016666666666666666,60.0
noisy_query,frequency_prior,5,20260510,Sidewinder,G0121,30,0.0,0.0,0.0,0.017241379310344827,58.0
noisy_query,overlap_cosine,5,20260510,Sidewinder,G0121,30,0.0,1.0,1.0,0.5,2.0
noisy_query,svd32_graph_embedding,5,20260510,Sidewinder,G0121,30,0.0,0.0,0.0,0.043478260869565216,23.0
noisy_query,random_uniform,5,20260510,Mustang Panda,G0129,85,0.0,0.0,0.0,0.017241379310344827,58.0
noisy_query,frequency_prior,5,20260510,Mustang Panda,G0129,85,0.0,1.0,1.0,0.25,4.0
noisy_query,overlap_cosine,5,20260510,Mustang Panda,G0129,85,0.0,0.0,0.0,0.07692307692307693,13.0
noisy_query,svd32_graph_embedding,5,20260510,Mustang Panda,G0129,85,0.0,0.0,0.0,0.04,25.0
noisy_query,random_uniform,5,20260510,ZIRCONIUM,G0128,29,0.0,0.0,0.0,0.007518796992481203,133.0
noisy_query,frequency_prior,5,20260510,ZIRCONIUM,G0128,29,0.0,0.0,0.0,0.016666666666666666,60.0
noisy_query,overlap_cosine,5,20260510,ZIRCONIUM,G0128,29,0.0,0.0,1.0,0.16666666666666666,6.0
noisy_query,svd32_graph_embedding,5,20260510,ZIRCONIUM,G0128,29,0.0,1.0,1.0,0.2,5.0
noisy_query,random_uniform,5,20260510,Rocke,G0106,36,0.0,0.0,1.0,0.1111111111111111,9.0
noisy_query,frequency_prior,5,20260510,Rocke,G0106,36,0.0,0.0,0.0,0.020833333333333332,48.0
noisy_query,overlap_cosine,5,20260510,Rocke,G0106,36,1.0,1.0,1.0,1.0,1.0
noisy_query,svd32_graph_embedding,5,20260510,Rocke,G0106,36,1.0,1.0,1.0,1.0,1.0
noisy_query,random_uniform,5,20260510,Scattered Spider,G1015,64,0.0,0.0,0.0,0.008771929824561403,114.0
noisy_query,frequency_prior,5,20260510,Scattered Spider,G1015,64,0.0,0.0,0.0,0.0625,16.0
noisy_query,overlap_cosine,5,20260510,Scattered Spider,G1015,64,0.0,1.0,1.0,0.2,5.0
noisy_query,svd32_graph_embedding,5,20260510,Scattered Spider,G1015,64,0.0,1.0,1.0,0.2,5.0
noisy_query,random_uniform,5,20260510,APT39,G0087,53,0.0,0.0,0.0,0.0058823529411764705,170.0
noisy_query,frequency_prior,5,20260510,APT39,G0087,53,0.0,0.0,0.0,0.038461538461538464,26.0
noisy_query,overlap_cosine,5,20260510,APT39,G0087,53,0.0,1.0,1.0,0.2,5.0
noisy_query,svd32_graph_embedding,5,20260510,APT39,G0087,53,0.0,1.0,1.0,0.25,4.0
noisy_query,random_uniform,5,20260510,UNC3886,G1048,49,0.0,0.0,0.0,0.01098901098901099,91.0
noisy_query,frequency_prior,5,20260510,UNC3886,G1048,49,0.0,0.0,0.0,0.034482758620689655,29.0
noisy_query,overlap_cosine,5,20260510,UNC3886,G1048,49,0.0,1.0,1.0,0.3333333333333333,3.0
noisy_query,svd32_graph_embedding,5,20260510,UNC3886,G1048,49,0.0,1.0,1.0,0.25,4.0
noisy_query,random_uniform,5,20260510,Contagious Interview,G1052,54,0.0,0.0,0.0,0.08333333333333333,12.0
noisy_query,frequency_prior,5,20260510,Contagious Interview,G1052,54,0.0,0.0,0.0,0.04,25.0
noisy_query,overlap_cosine,5,20260510,Contagious Interview,G1052,54,1.0,1.0,1.0,1.0,1.0
noisy_query,svd32_graph_embedding,5,20260510,Contagious Interview,G1052,54,1.0,1.0,1.0,1.0,1.0
noisy_query,random_uniform,5,20260510,TA2541,G1018,28,0.0,0.0,0.0,0.011764705882352941,85.0
noisy_query,frequency_prior,5,20260510,TA2541,G1018,28,0.0,0.0,0.0,0.015873015873015872,63.0
noisy_query,overlap_cosine,5,20260510,TA2541,G1018,28,0.0,1.0,1.0,0.3333333333333333,3.0
noisy_query,svd32_graph_embedding,5,20260510,TA2541,G1018,28,0.0,1.0,1.0,0.3333333333333333,3.0
noisy_query,random_uniform,5,20260510,Akira,G1024,17,0.0,0.0,0.0,0.07692307692307693,13.0
noisy_query,frequency_prior,5,20260510,Akira,G1024,17,0.0,0.0,0.0,0.011363636363636364,88.0
noisy_query,overlap_cosine,5,20260510,Akira,G1024,17,1.0,1.0,1.0,1.0,1.0
noisy_query,svd32_graph_embedding,5,20260510,Akira,G1024,17,0.0,1.0,1.0,0.3333333333333333,3.0
noisy_query,random_uniform,5,20260510,APT37,G0067,29,0.0,0.0,0.0,0.045454545454545456,22.0
noisy_query,frequency_prior,5,20260510,APT37,G0067,29,0.0,0.0,0.0,0.01639344262295082,61.0
noisy_query,overlap_cosine,5,20260510,APT37,G0067,29,0.0,1.0,1.0,0.2,5.0
noisy_query,svd32_graph_embedding,5,20260510,APT37,G0067,29,0.0,1.0,1.0,0.2,5.0
noisy_query,random_uniform,5,20260510,Moses Staff,G1009,12,0.0,0.0,0.0,0.011627906976744186,86.0
noisy_query,frequency_prior,5,20260510,Moses Staff,G1009,12,0.0,0.0,0.0,0.008928571428571428,112.0
noisy_query,overlap_cosine,5,20260510,Moses Staff,G1009,12,1.0,1.0,1.0,1.0,1.0
noisy_query,svd32_graph_embedding,5,20260510,Moses Staff,G1009,12,1.0,1.0,1.0,1.0,1.0
noisy_query,random_uniform,5,20260510,OilRig,G0049,76,0.0,0.0,0.0,0.009615384615384616,104.0
noisy_query,frequency_prior,5,20260510,OilRig,G0049,76,0.0,0.0,1.0,0.1,10.0
noisy_query,overlap_cosine,5,20260510,OilRig,G0049,76,0.0,0.0,1.0,0.1,10.0
noisy_query,svd32_graph_embedding,5,20260510,OilRig,G0049,76,0.0,0.0,0.0,0.0625,16.0
noisy_query,random_uniform,5,20260510,Higaisa,G0126,28,0.0,0.0,0.0,0.008264462809917356,121.0
noisy_query,frequency_prior,5,20260510,Higaisa,G0126,28,0.0,0.0,0.0,0.015625,64.0
noisy_query,overlap_cosine,5,20260510,Higaisa,G0126,28,1.0,1.0,1.0,1.0,1.0
noisy_query,svd32_graph_embedding,5,20260510,Higaisa,G0126,28,0.0,1.0,1.0,0.5,2.0
noisy_query,random_uniform,5,20260510,Tropic Trooper,G0081,40,0.0,0.0,0.0,0.01020408163265306,98.0
noisy_query,frequency_prior,5,20260510,Tropic Trooper,G0081,40,0.0,0.0,0.0,0.023255813953488372,43.0
noisy_query,overlap_cosine,5,20260510,Tropic Trooper,G0081,40,0.0,1.0,1.0,0.3333333333333333,3.0
noisy_query,svd32_graph_embedding,5,20260510,Tropic Trooper,G0081,40,0.0,1.0,1.0,0.3333333333333333,3.0
noisy_query,random_uniform,5,20260510,Sea Turtle,G1041,27,0.0,0.0,0.0,0.015873015873015872,63.0
noisy_query,frequency_prior,5,20260510,Sea Turtle,G1041,27,0.0,0.0,0.0,0.014705882352941176,68.0
noisy_query,overlap_cosine,5,20260510,Sea Turtle,G1041,27,0.0,1.0,1.0,0.5,2.0
noisy_query,svd32_graph_embedding,5,20260510,Sea Turtle,G1041,27,1.0,1.0,1.0,1.0,1.0
noisy_query,random_uniform,5,20260510,Aquatic Panda,G0143,35,0.0,0.0,0.0,0.08333333333333333,12.0
noisy_query,frequency_prior,5,20260510,Aquatic Panda,G0143,35,0.0,0.0,0.0,0.02,50.0
noisy_query,overlap_cosine,5,20260510,Aquatic Panda,G0143,35,1.0,1.0,1.0,1.0,1.0
noisy_query,svd32_graph_embedding,5,20260510,Aquatic Panda,G0143,35,0.0,1.0,1.0,0.5,2.0
noisy_query,random_uniform,5,20260510,Ke3chang,G0004,46,0.0,0.0,0.0,0.006493506493506494,154.0
noisy_query,frequency_prior,5,20260510,Ke3chang,G0004,46,0.0,0.0,0.0,0.03125,32.0
noisy_query,overlap_cosine,5,20260510,Ke3chang,G0004,46,0.0,1.0,1.0,0.3333333333333333,3.0
noisy_query,svd32_graph_embedding,5,20260510,Ke3chang,G0004,46,0.0,0.0,0.0,0.07142857142857142,14.0
noisy_query,random_uniform,5,20260510,Saint Bear,G1031,18,0.0,0.0,0.0,0.008130081300813009,123.0
noisy_query,frequency_prior,5,20260510,Saint Bear,G1031,18,0.0,0.0,0.0,0.011494252873563218,87.0
noisy_query,overlap_cosine,5,20260510,Saint Bear,G1031,18,1.0,1.0,1.0,1.0,1.0
noisy_query,svd32_graph_embedding,5,20260510,Saint Bear,G1031,18,0.0,1.0,1.0,0.5,2.0
noisy_query,random_uniform,5,20260510,APT1,G0006,23,0.0,0.0,0.0,0.02857142857142857,35.0
noisy_query,frequency_prior,5,20260510,APT1,G0006,23,0.0,0.0,0.0,0.013513513513513514,74.0
noisy_query,overlap_cosine,5,20260510,APT1,G0006,23,0.0,1.0,1.0,0.25,4.0
noisy_query,svd32_graph_embedding,5,20260510,APT1,G0006,23,0.0,1.0,1.0,0.3333333333333333,3.0
noisy_query,random_uniform,5,20260510,Confucius,G0142,19,0.0,0.0,0.0,0.016666666666666666,60.0
noisy_query,frequency_prior,5,20260510,Confucius,G0142,19,0.0,0.0,0.0,0.011627906976744186,86.0
noisy_query,overlap_cosine,5,20260510,Confucius,G0142,19,0.0,1.0,1.0,0.5,2.0
noisy_query,svd32_graph_embedding,5,20260510,Confucius,G0142,19,0.0,1.0,1.0,0.25,4.0
noisy_query,random_uniform,5,20260510,BlackTech,G0098,14,0.0,0.0,0.0,0.016129032258064516,62.0
noisy_query,frequency_prior,5,20260510,BlackTech,G0098,14,0.0,0.0,0.0,0.009900990099009901,101.0
noisy_query,overlap_cosine,5,20260510,BlackTech,G0098,14,0.0,1.0,1.0,0.3333333333333333,3.0
noisy_query,svd32_graph_embedding,5,20260510,BlackTech,G0098,14,0.0,0.0,1.0,0.125,8.0
noisy_query,random_uniform,5,20260510,Leviathan,G0065,50,0.0,0.0,0.0,0.010101010101010102,99.0
noisy_query,frequency_prior,5,20260510,Leviathan,G0065,50,0.0,0.0,0.0,0.03571428571428571,28.0
noisy_query,overlap_cosine,5,20260510,Leviathan,G0065,50,0.0,1.0,1.0,0.25,4.0
noisy_query,svd32_graph_embedding,5,20260510,Leviathan,G0065,50,0.0,1.0,1.0,0.5,2.0
noisy_query,random_uniform,5,20260510,Blue Mockingbird,G0108,22,0.0,0.0,0.0,0.010416666666666666,96.0
noisy_query,frequency_prior,5,20260510,Blue Mockingbird,G0108,22,0.0,0.0,0.0,0.013157894736842105,76.0
noisy_query,overlap_cosine,5,20260510,Blue Mockingbird,G0108,22,0.0,1.0,1.0,0.25,4.0
noisy_query,svd32_graph_embedding,5,20260510,Blue Mockingbird,G0108,22,0.0,0.0,1.0,0.14285714285714285,7.0
noisy_query,random_uniform,5,20260510,Winter Vivern,G1035,27,0.0,0.0,0.0,0.07142857142857142,14.0
noisy_query,frequency_prior,5,20260510,Winter Vivern,G1035,27,0.0,0.0,0.0,0.014925373134328358,67.0
noisy_query,overlap_cosine,5,20260510,Winter Vivern,G1035,27,0.0,0.0,1.0,0.1111111111111111,9.0
noisy_query,svd32_graph_embedding,5,20260510,Winter Vivern,G1035,27,0.0,0.0,0.0,0.06666666666666667,15.0
noisy_query,random_uniform,5,20260510,Turla,G0010,68,0.0,0.0,0.0,0.014925373134328358,67.0
noisy_query,frequency_prior,5,20260510,Turla,G0010,68,0.0,0.0,0.0,0.07692307692307693,13.0
noisy_query,overlap_cosine,5,20260510,Turla,G0010,68,0.0,0.0,1.0,0.125,8.0
noisy_query,svd32_graph_embedding,5,20260510,Turla,G0010,68,0.0,0.0,1.0,0.1111111111111111,9.0
noisy_query,random_uniform,5,20260510,Storm-0501,G1053,42,0.0,0.0,0.0,0.007194244604316547,139.0
noisy_query,frequency_prior,5,20260510,Storm-0501,G1053,42,0.0,0.0,0.0,0.02564102564102564,39.0
noisy_query,overlap_cosine,5,20260510,Storm-0501,G1053,42,1.0,1.0,1.0,1.0,1.0
noisy_query,svd32_graph_embedding,5,20260510,Storm-0501,G1053,42,0.0,1.0,1.0,0.25,4.0
noisy_query,random_uniform,5,20260510,TA505,G0092,34,0.0,0.0,1.0,0.1111111111111111,9.0
noisy_query,frequency_prior,5,20260510,TA505,G0092,34,0.0,0.0,0.0,0.019230769230769232,52.0
noisy_query,overlap_cosine,5,20260510,TA505,G0092,34,0.0,1.0,1.0,0.25,4.0
noisy_query,svd32_graph_embedding,5,20260510,TA505,G0092,34,1.0,1.0,1.0,1.0,1.0
noisy_query,random_uniform,5,20260510,BITTER,G1002,16,0.0,0.0,0.0,0.0125,80.0
noisy_query,frequency_prior,5,20260510,BITTER,G1002,16,0.0,0.0,0.0,0.010416666666666666,96.0
noisy_query,overlap_cosine,5,20260510,BITTER,G1002,16,0.0,1.0,1.0,0.5,2.0
noisy_query,svd32_graph_embedding,5,20260510,BITTER,G1002,16,0.0,0.0,1.0,0.14285714285714285,7.0
noisy_query,random_uniform,5,20260510,DarkVishnya,G0105,10,0.0,0.0,0.0,0.025,40.0
noisy_query,frequency_prior,5,20260510,DarkVishnya,G0105,10,0.0,0.0,0.0,0.008264462809917356,121.0
noisy_query,overlap_cosine,5,20260510,DarkVishnya,G0105,10,1.0,1.0,1.0,1.0,1.0
noisy_query,svd32_graph_embedding,5,20260510,DarkVishnya,G0105,10,0.0,1.0,1.0,0.3333333333333333,3.0
noisy_query,random_uniform,5,20260510,RedCurl,G1039,41,0.0,0.0,0.0,0.023255813953488372,43.0
noisy_query,frequency_prior,5,20260510,RedCurl,G1039,41,0.0,0.0,0.0,0.024390243902439025,41.0
noisy_query,overlap_cosine,5,20260510,RedCurl,G1039,41,0.0,1.0,1.0,0.3333333333333333,3.0
noisy_query,svd32_graph_embedding,5,20260510,RedCurl,G1039,41,0.0,0.0,1.0,0.1111111111111111,9.0
noisy_query,random_uniform,5,20260510,FIN5,G0053,11,0.0,0.0,0.0,0.02,50.0
noisy_query,frequency_prior,5,20260510,FIN5,G0053,11,0.0,0.0,0.0,0.008695652173913044,115.0
noisy_query,overlap_cosine,5,20260510,FIN5,G0053,11,1.0,1.0,1.0,1.0,1.0
noisy_query,svd32_graph_embedding,5,20260510,FIN5,G0053,11,1.0,1.0,1.0,1.0,1.0
noisy_query,random_uniform,5,20260510,Lotus Blossom,G0030,21,0.0,0.0,0.0,0.006024096385542169,166.0
noisy_query,frequency_prior,5,20260510,Lotus Blossom,G0030,21,0.0,0.0,0.0,0.012658227848101266,79.0
noisy_query,overlap_cosine,5,20260510,Lotus Blossom,G0030,21,1.0,1.0,1.0,1.0,1.0
noisy_query,svd32_graph_embedding,5,20260510,Lotus Blossom,G0030,21,0.0,1.0,1.0,0.3333333333333333,3.0
noisy_query,random_uniform,5,20260510,Stealth Falcon,G0038,16,0.0,0.0,0.0,0.006622516556291391,151.0
noisy_query,frequency_prior,5,20260510,Stealth Falcon,G0038,16,0.0,0.0,0.0,0.010752688172043012,93.0
noisy_query,overlap_cosine,5,20260510,Stealth Falcon,G0038,16,0.0,1.0,1.0,0.5,2.0
noisy_query,svd32_graph_embedding,5,20260510,Stealth Falcon,G0038,16,0.0,1.0,1.0,0.25,4.0
noisy_query,random_uniform,5,20260510,APT29,G0016,66,0.0,0.0,0.0,0.027777777777777776,36.0
noisy_query,frequency_prior,5,20260510,APT29,G0016,66,0.0,0.0,0.0,0.06666666666666667,15.0
noisy_query,overlap_cosine,5,20260510,APT29,G0016,66,0.0,0.0,0.0,0.024390243902439025,41.0
noisy_query,svd32_graph_embedding,5,20260510,APT29,G0016,66,0.0,0.0,0.0,0.020833333333333332,48.0
noisy_query,random_uniform,5,20260510,Dark Caracal,G0070,12,0.0,0.0,0.0,0.010309278350515464,97.0
noisy_query,frequency_prior,5,20260510,Dark Caracal,G0070,12,0.0,0.0,0.0,0.009174311926605505,109.0
noisy_query,overlap_cosine,5,20260510,Dark Caracal,G0070,12,0.0,1.0,1.0,0.5,2.0
noisy_query,svd32_graph_embedding,5,20260510,Dark Caracal,G0070,12,1.0,1.0,1.0,1.0,1.0
noisy_query,random_uniform,5,20260510,Cinnamon Tempest,G1021,19,0.0,0.0,0.0,0.011363636363636364,88.0
noisy_query,frequency_prior,5,20260510,Cinnamon Tempest,G1021,19,0.0,0.0,0.0,0.011904761904761904,84.0
noisy_query,overlap_cosine,5,20260510,Cinnamon Tempest,G1021,19,0.0,1.0,1.0,0.3333333333333333,3.0
noisy_query,svd32_graph_embedding,5,20260510,Cinnamon Tempest,G1021,19,0.0,1.0,1.0,0.3333333333333333,3.0
noisy_query,random_uniform,5,20260510,Chimera,G0114,59,0.0,0.0,0.0,0.006369426751592357,157.0
noisy_query,frequency_prior,5,20260510,Chimera,G0114,59,0.0,0.0,0.0,0.05263157894736842,19.0
noisy_query,overlap_cosine,5,20260510,Chimera,G0114,59,0.0,0.0,0.0,0.07692307692307693,13.0
noisy_query,svd32_graph_embedding,5,20260510,Chimera,G0114,59,0.0,0.0,0.0,0.034482758620689655,29.0
noisy_query,random_uniform,5,20260510,MirrorFace,G1054,43,0.0,0.0,0.0,0.01098901098901099,91.0
noisy_query,frequency_prior,5,20260510,MirrorFace,G1054,43,0.0,0.0,0.0,0.02631578947368421,38.0
noisy_query,overlap_cosine,5,20260510,MirrorFace,G1054,43,0.0,1.0,1.0,0.3333333333333333,3.0
noisy_query,svd32_graph_embedding,5,20260510,MirrorFace,G1054,43,0.0,0.0,0.0,0.037037037037037035,27.0
noisy_query,random_uniform,5,20260510,Silent Librarian,G0122,13,0.0,0.0,0.0,0.058823529411764705,17.0
noisy_query,frequency_prior,5,20260510,Silent Librarian,G0122,13,0.0,0.0,0.0,0.009523809523809525,105.0
noisy_query,overlap_cosine,5,20260510,Silent Librarian,G0122,13,0.0,1.0,1.0,0.3333333333333333,3.0
noisy_query,svd32_graph_embedding,5,20260510,Silent Librarian,G0122,13,0.0,1.0,1.0,0.5,2.0
noisy_query,random_uniform,5,20260510,Medusa Group,G1051,57,0.0,0.0,0.0,0.010638297872340425,94.0
noisy_query,frequency_prior,5,20260510,Medusa Group,G1051,57,0.0,0.0,0.0,0.047619047619047616,21.0
noisy_query,overlap_cosine,5,20260510,Medusa Group,G1051,57,0.0,0.0,1.0,0.14285714285714285,7.0
noisy_query,svd32_graph_embedding,5,20260510,Medusa Group,G1051,57,0.0,0.0,0.0,0.029411764705882353,34.0
noisy_query,random_uniform,5,20260510,BRONZE BUTLER,G0060,40,0.0,0.0,0.0,0.020833333333333332,48.0
noisy_query,frequency_prior,5,20260510,BRONZE BUTLER,G0060,40,0.0,0.0,0.0,0.022727272727272728,44.0
noisy_query,overlap_cosine,5,20260510,BRONZE BUTLER,G0060,40,0.0,0.0,1.0,0.16666666666666666,6.0
noisy_query,svd32_graph_embedding,5,20260510,BRONZE BUTLER,G0060,40,0.0,0.0,0.0,0.047619047619047616,21.0
noisy_query,random_uniform,5,20260510,TA551,G0127,14,0.0,0.0,0.0,0.009615384615384616,104.0
noisy_query,frequency_prior,5,20260510,TA551,G0127,14,0.0,0.0,0.0,0.01,100.0
noisy_query,overlap_cosine,5,20260510,TA551,G0127,14,1.0,1.0,1.0,1.0,1.0
noisy_query,svd32_graph_embedding,5,20260510,TA551,G0127,14,0.0,1.0,1.0,0.3333333333333333,3.0
noisy_query,random_uniform,5,20260510,BackdoorDiplomacy,G0135,15,0.0,0.0,0.0,0.014705882352941176,68.0
noisy_query,frequency_prior,5,20260510,BackdoorDiplomacy,G0135,15,0.0,0.0,0.0,0.010101010101010102,99.0
noisy_query,overlap_cosine,5,20260510,BackdoorDiplomacy,G0135,15,1.0,1.0,1.0,1.0,1.0
noisy_query,svd32_graph_embedding,5,20260510,BackdoorDiplomacy,G0135,15,0.0,0.0,1.0,0.125,8.0
noisy_query,random_uniform,5,20260510,Star Blizzard,G1033,20,0.0,0.0,0.0,0.009174311926605505,109.0
noisy_query,frequency_prior,5,20260510,Star Blizzard,G1033,20,0.0,0.0,0.0,0.012195121951219513,82.0
noisy_query,overlap_cosine,5,20260510,Star Blizzard,G1033,20,1.0,1.0,1.0,1.0,1.0
noisy_query,svd32_graph_embedding,5,20260510,Star Blizzard,G1033,20,1.0,1.0,1.0,1.0,1.0
noisy_query,random_uniform,5,20260510,Darkhotel,G0012,24,0.0,0.0,0.0,0.006578947368421052,152.0
noisy_query,frequency_prior,5,20260510,Darkhotel,G0012,24,0.0,0.0,0.0,0.0136986301369863,73.0
noisy_query,overlap_cosine,5,20260510,Darkhotel,G0012,24,0.0,1.0,1.0,0.3333333333333333,3.0
noisy_query,svd32_graph_embedding,5,20260510,Darkhotel,G0012,24,0.0,1.0,1.0,0.5,2.0
noisy_query,random_uniform,5,20260510,Axiom,G0001,16,0.0,0.0,0.0,0.010416666666666666,96.0
noisy_query,frequency_prior,5,20260510,Axiom,G0001,16,0.0,0.0,0.0,0.010638297872340425,94.0
noisy_query,overlap_cosine,5,20260510,Axiom,G0001,16,1.0,1.0,1.0,1.0,1.0
noisy_query,svd32_graph_embedding,5,20260510,Axiom,G0001,16,0.0,0.0,1.0,0.14285714285714285,7.0
noisy_query,random_uniform,5,20260510,Deep Panda,G0009,10,0.0,0.0,0.0,0.006993006993006993,143.0
noisy_query,frequency_prior,5,20260510,Deep Panda,G0009,10,0.0,0.0,0.0,0.008333333333333333,120.0
noisy_query,overlap_cosine,5,20260510,Deep Panda,G0009,10,1.0,1.0,1.0,1.0,1.0
noisy_query,svd32_graph_embedding,5,20260510,Deep Panda,G0009,10,1.0,1.0,1.0,1.0,1.0
noisy_query,random_uniform,5,20260510,Ember Bear,G1003,47,0.0,0.0,0.0,0.006060606060606061,165.0
noisy_query,frequency_prior,5,20260510,Ember Bear,G1003,47,0.0,0.0,0.0,0.03225806451612903,31.0
noisy_query,overlap_cosine,5,20260510,Ember Bear,G1003,47,0.0,1.0,1.0,0.2,5.0
noisy_query,svd32_graph_embedding,5,20260510,Ember Bear,G1003,47,0.0,1.0,1.0,0.3333333333333333,3.0
noisy_query,random_uniform,5,20260510,LazyScripter,G0140,20,0.0,0.0,0.0,0.02564102564102564,39.0
noisy_query,frequency_prior,5,20260510,LazyScripter,G0140,20,0.0,0.0,0.0,0.012345679012345678,81.0
noisy_query,overlap_cosine,5,20260510,LazyScripter,G0140,20,0.0,1.0,1.0,0.25,4.0
noisy_query,svd32_graph_embedding,5,20260510,LazyScripter,G0140,20,1.0,1.0,1.0,1.0,1.0
noisy_query,random_uniform,5,20260510,Windshift,G0112,19,0.0,0.0,0.0,0.013157894736842105,76.0
noisy_query,frequency_prior,5,20260510,Windshift,G0112,19,0.0,0.0,0.0,0.011764705882352941,85.0
noisy_query,overlap_cosine,5,20260510,Windshift,G0112,19,1.0,1.0,1.0,1.0,1.0
noisy_query,svd32_graph_embedding,5,20260510,Windshift,G0112,19,0.0,0.0,1.0,0.1111111111111111,9.0
noisy_query,random_uniform,5,20260510,ToddyCat,G1022,25,0.0,0.0,0.0,0.012195121951219513,82.0
noisy_query,frequency_prior,5,20260510,ToddyCat,G1022,25,0.0,0.0,0.0,0.013888888888888888,72.0
noisy_query,overlap_cosine,5,20260510,ToddyCat,G1022,25,1.0,1.0,1.0,1.0,1.0
noisy_query,svd32_graph_embedding,5,20260510,ToddyCat,G1022,25,1.0,1.0,1.0,1.0,1.0
noisy_query,random_uniform,5,20260510,LuminousMoth,G1014,28,0.0,0.0,0.0,0.0078125,128.0
noisy_query,frequency_prior,5,20260510,LuminousMoth,G1014,28,0.0,0.0,0.0,0.015384615384615385,65.0
noisy_query,overlap_cosine,5,20260510,LuminousMoth,G1014,28,0.0,1.0,1.0,0.5,2.0
noisy_query,svd32_graph_embedding,5,20260510,LuminousMoth,G1014,28,0.0,1.0,1.0,0.3333333333333333,3.0
noisy_query,random_uniform,5,20260510,Agrius,G1030,22,0.0,0.0,0.0,0.008064516129032258,124.0
noisy_query,frequency_prior,5,20260510,Agrius,G1030,22,0.0,0.0,0.0,0.013333333333333334,75.0
noisy_query,overlap_cosine,5,20260510,Agrius,G1030,22,1.0,1.0,1.0,1.0,1.0
noisy_query,svd32_graph_embedding,5,20260510,Agrius,G1030,22,0.0,0.0,0.0,0.08333333333333333,12.0
noisy_query,random_uniform,5,20260510,APT28,G0007,93,0.0,0.0,0.0,0.01694915254237288,59.0
noisy_query,frequency_prior,5,20260510,APT28,G0007,93,0.0,1.0,1.0,0.5,2.0
noisy_query,overlap_cosine,5,20260510,APT28,G0007,93,0.0,1.0,1.0,0.3333333333333333,3.0
noisy_query,svd32_graph_embedding,5,20260510,APT28,G0007,93,0.0,1.0,1.0,0.5,2.0
noisy_query,random_uniform,5,20260510,Malteiro,G1026,12,0.0,0.0,0.0,0.034482758620689655,29.0
noisy_query,frequency_prior,5,20260510,Malteiro,G1026,12,0.0,0.0,0.0,0.008849557522123894,113.0
noisy_query,overlap_cosine,5,20260510,Malteiro,G1026,12,1.0,1.0,1.0,1.0,1.0
noisy_query,svd32_graph_embedding,5,20260510,Malteiro,G1026,12,1.0,1.0,1.0,1.0,1.0
noisy_query,random_uniform,5,20260510,APT42,G1044,32,0.0,0.0,0.0,0.016129032258064516,62.0
noisy_query,frequency_prior,5,20260510,APT42,G1044,32,0.0,0.0,0.0,0.018518518518518517,54.0
noisy_query,overlap_cosine,5,20260510,APT42,G1044,32,1.0,1.0,1.0,1.0,1.0
noisy_query,svd32_graph_embedding,5,20260510,APT42,G1044,32,0.0,1.0,1.0,0.3333333333333333,3.0
noisy_query,random_uniform,5,20260510,APT5,G1023,29,0.0,0.0,1.0,0.1,10.0
noisy_query,frequency_prior,5,20260510,APT5,G1023,29,0.0,0.0,0.0,0.016129032258064516,62.0
noisy_query,overlap_cosine,5,20260510,APT5,G1023,29,1.0,1.0,1.0,1.0,1.0
noisy_query,svd32_graph_embedding,5,20260510,APT5,G1023,29,0.0,0.0,0.0,0.038461538461538464,26.0
noisy_query,random_uniform,5,20260510,Fox Kitten,G0117,41,0.0,0.0,0.0,0.006134969325153374,163.0
noisy_query,frequency_prior,5,20260510,Fox Kitten,G0117,41,0.0,0.0,0.0,0.023809523809523808,42.0
noisy_query,overlap_cosine,5,20260510,Fox Kitten,G0117,41,0.0,1.0,1.0,0.25,4.0
noisy_query,svd32_graph_embedding,5,20260510,Fox Kitten,G0117,41,0.0,0.0,0.0,0.07692307692307693,13.0
noisy_query,random_uniform,5,20260510,APT-C-36,G0099,38,0.0,0.0,0.0,0.005952380952380952,168.0
noisy_query,frequency_prior,5,20260510,APT-C-36,G0099,38,0.0,0.0,0.0,0.021739130434782608,46.0
noisy_query,overlap_cosine,5,20260510,APT-C-36,G0099,38,0.0,1.0,1.0,0.25,4.0
noisy_query,svd32_graph_embedding,5,20260510,APT-C-36,G0099,38,0.0,0.0,1.0,0.1,10.0
noisy_query,random_uniform,5,20260510,Tonto Team,G0131,15,0.0,0.0,0.0,0.005952380952380952,168.0
noisy_query,frequency_prior,5,20260510,Tonto Team,G0131,15,0.0,0.0,0.0,0.010309278350515464,97.0
noisy_query,overlap_cosine,5,20260510,Tonto Team,G0131,15,1.0,1.0,1.0,1.0,1.0
noisy_query,svd32_graph_embedding,5,20260510,Tonto Team,G0131,15,0.0,1.0,1.0,0.3333333333333333,3.0
noisy_query,random_uniform,5,20260510,Lazarus Group,G0032,93,0.0,0.0,0.0,0.037037037037037035,27.0
noisy_query,frequency_prior,5,20260510,Lazarus Group,G0032,93,0.0,1.0,1.0,0.3333333333333333,3.0
noisy_query,overlap_cosine,5,20260510,Lazarus Group,G0032,93,0.0,1.0,1.0,0.2,5.0
noisy_query,svd32_graph_embedding,5,20260510,Lazarus Group,G0032,93,1.0,1.0,1.0,1.0,1.0
noisy_query,random_uniform,5,20260510,INC Ransom,G1032,25,0.0,0.0,0.0,0.014492753623188406,69.0
noisy_query,frequency_prior,5,20260510,INC Ransom,G1032,25,0.0,0.0,0.0,0.014084507042253521,71.0
noisy_query,overlap_cosine,5,20260510,INC Ransom,G1032,25,1.0,1.0,1.0,1.0,1.0
noisy_query,svd32_graph_embedding,5,20260510,INC Ransom,G1032,25,0.0,1.0,1.0,0.5,2.0
noisy_query,random_uniform,5,20260510,Earth Lusca,G1006,44,0.0,0.0,0.0,0.006666666666666667,150.0
noisy_query,frequency_prior,5,20260510,Earth Lusca,G1006,44,0.0,0.0,0.0,0.029411764705882353,34.0
noisy_query,overlap_cosine,5,20260510,Earth Lusca,G1006,44,0.0,1.0,1.0,0.5,2.0
noisy_query,svd32_graph_embedding,5,20260510,Earth Lusca,G1006,44,0.0,1.0,1.0,0.5,2.0
noisy_query,random_uniform,5,20260510,FIN4,G0085,12,0.0,0.0,0.0,0.013157894736842105,76.0
noisy_query,frequency_prior,5,20260510,FIN4,G0085,12,0.0,0.0,0.0,0.009009009009009009,111.0
noisy_query,overlap_cosine,5,20260510,FIN4,G0085,12,1.0,1.0,1.0,1.0,1.0
noisy_query,svd32_graph_embedding,5,20260510,FIN4,G0085,12,0.0,0.0,0.0,0.05,20.0
noisy_query,random_uniform,5,20260510,Silence,G0091,28,0.0,0.0,0.0,0.007518796992481203,133.0
noisy_query,frequency_prior,5,20260510,Silence,G0091,28,0.0,0.0,0.0,0.015151515151515152,66.0
noisy_query,overlap_cosine,5,20260510,Silence,G0091,28,0.0,1.0,1.0,0.25,4.0
noisy_query,svd32_graph_embedding,5,20260510,Silence,G0091,28,0.0,0.0,0.0,0.07692307692307693,13.0
noisy_query,random_uniform,5,20260510,LAPSUS$,G1004,43,0.0,0.0,0.0,0.010416666666666666,96.0
noisy_query,frequency_prior,5,20260510,LAPSUS$,G1004,43,0.0,0.0,0.0,0.02702702702702703,37.0
noisy_query,overlap_cosine,5,20260510,LAPSUS$,G1004,43,1.0,1.0,1.0,1.0,1.0
noisy_query,svd32_graph_embedding,5,20260510,LAPSUS$,G1004,43,1.0,1.0,1.0,1.0,1.0
noisy_query,random_uniform,5,20260510,Cobalt Group,G0080,34,0.0,0.0,0.0,0.011235955056179775,89.0
noisy_query,frequency_prior,5,20260510,Cobalt Group,G0080,34,0.0,0.0,0.0,0.0196078431372549,51.0
noisy_query,overlap_cosine,5,20260510,Cobalt Group,G0080,34,1.0,1.0,1.0,1.0,1.0
noisy_query,svd32_graph_embedding,5,20260510,Cobalt Group,G0080,34,1.0,1.0,1.0,1.0,1.0
noisy_query,random_uniform,5,20260510,Wizard Spider,G0102,64,0.0,0.0,0.0,0.07692307692307693,13.0
noisy_query,frequency_prior,5,20260510,Wizard Spider,G0102,64,0.0,0.0,0.0,0.058823529411764705,17.0
noisy_query,overlap_cosine,5,20260510,Wizard Spider,G0102,64,0.0,0.0,0.0,0.047619047619047616,21.0
noisy_query,svd32_graph_embedding,5,20260510,Wizard Spider,G0102,64,0.0,0.0,0.0,0.047619047619047616,21.0
noisy_query,random_uniform,5,20260510,Molerats,G0021,16,0.0,0.0,0.0,0.03571428571428571,28.0
noisy_query,frequency_prior,5,20260510,Molerats,G0021,16,0.0,0.0,0.0,0.010869565217391304,92.0
noisy_query,overlap_cosine,5,20260510,Molerats,G0021,16,0.0,1.0,1.0,0.5,2.0
noisy_query,svd32_graph_embedding,5,20260510,Molerats,G0021,16,0.0,1.0,1.0,0.5,2.0
noisy_query,random_uniform,5,20260510,Velvet Ant,G1047,22,0.0,0.0,1.0,0.125,8.0
noisy_query,frequency_prior,5,20260510,Velvet Ant,G1047,22,0.0,0.0,0.0,0.012987012987012988,77.0
noisy_query,overlap_cosine,5,20260510,Velvet Ant,G1047,22,0.0,1.0,1.0,0.5,2.0
noisy_query,svd32_graph_embedding,5,20260510,Velvet Ant,G1047,22,0.0,1.0,1.0,0.5,2.0
noisy_query,random_uniform,5,20260510,Transparent Tribe,G0134,14,0.0,0.0,0.0,0.08333333333333333,12.0
noisy_query,frequency_prior,5,20260510,Transparent Tribe,G0134,14,0.0,0.0,0.0,0.009615384615384616,104.0
noisy_query,overlap_cosine,5,20260510,Transparent Tribe,G0134,14,0.0,1.0,1.0,0.2,5.0
noisy_query,svd32_graph_embedding,5,20260510,Transparent Tribe,G0134,14,0.0,1.0,1.0,0.3333333333333333,3.0
noisy_query,random_uniform,5,20260510,Moonstone Sleet,G1036,30,0.0,0.0,0.0,0.011111111111111112,90.0
noisy_query,frequency_prior,5,20260510,Moonstone Sleet,G1036,30,0.0,0.0,0.0,0.01694915254237288,59.0
noisy_query,overlap_cosine,5,20260510,Moonstone Sleet,G1036,30,0.0,1.0,1.0,0.5,2.0
noisy_query,svd32_graph_embedding,5,20260510,Moonstone Sleet,G1036,30,0.0,0.0,1.0,0.1111111111111111,9.0
noisy_query,random_uniform,5,20260510,Inception,G0100,22,0.0,0.0,0.0,0.0625,16.0
noisy_query,frequency_prior,5,20260510,Inception,G0100,22,0.0,0.0,0.0,0.01282051282051282,78.0
noisy_query,overlap_cosine,5,20260510,Inception,G0100,22,0.0,1.0,1.0,0.5,2.0
noisy_query,svd32_graph_embedding,5,20260510,Inception,G0100,22,0.0,0.0,1.0,0.14285714285714285,7.0
noisy_query,random_uniform,5,20260510,VOID MANTICORE,G1055,63,0.0,0.0,0.0,0.005988023952095809,167.0
noisy_query,frequency_prior,5,20260510,VOID MANTICORE,G1055,63,0.0,0.0,0.0,0.05555555555555555,18.0
noisy_query,overlap_cosine,5,20260510,VOID MANTICORE,G1055,63,1.0,1.0,1.0,1.0,1.0
noisy_query,svd32_graph_embedding,5,20260510,VOID MANTICORE,G1055,63,1.0,1.0,1.0,1.0,1.0
noisy_query,random_uniform,5,20260510,Play,G1040,26,0.0,0.0,0.0,0.010416666666666666,96.0
noisy_query,frequency_prior,5,20260510,Play,G1040,26,0.0,0.0,0.0,0.014492753623188406,69.0
noisy_query,overlap_cosine,5,20260510,Play,G1040,26,0.0,1.0,1.0,0.3333333333333333,3.0
noisy_query,svd32_graph_embedding,5,20260510,Play,G1040,26,1.0,1.0,1.0,1.0,1.0
noisy_query,random_uniform,5,20260510,PROMETHIUM,G0056,11,0.0,0.0,0.0,0.011363636363636364,88.0
noisy_query,frequency_prior,5,20260510,PROMETHIUM,G0056,11,0.0,0.0,0.0,0.00847457627118644,118.0
noisy_query,overlap_cosine,5,20260510,PROMETHIUM,G0056,11,1.0,1.0,1.0,1.0,1.0
noisy_query,svd32_graph_embedding,5,20260510,PROMETHIUM,G0056,11,1.0,1.0,1.0,1.0,1.0
noisy_query,random_uniform,5,20260510,HEXANE,G1001,36,0.0,0.0,1.0,0.1,10.0
noisy_query,frequency_prior,5,20260510,HEXANE,G1001,36,0.0,0.0,0.0,0.02040816326530612,49.0
noisy_query,overlap_cosine,5,20260510,HEXANE,G1001,36,0.0,0.0,1.0,0.14285714285714285,7.0
noisy_query,svd32_graph_embedding,5,20260510,HEXANE,G1001,36,0.0,1.0,1.0,0.25,4.0
noisy_query,random_uniform,5,20260510,Daggerfly,G1034,17,0.0,0.0,0.0,0.005917159763313609,169.0
noisy_query,frequency_prior,5,20260510,Daggerfly,G1034,17,0.0,0.0,0.0,0.011235955056179775,89.0
noisy_query,overlap_cosine,5,20260510,Daggerfly,G1034,17,1.0,1.0,1.0,1.0,1.0
noisy_query,svd32_graph_embedding,5,20260510,Daggerfly,G1034,17,0.0,1.0,1.0,0.2,5.0
noisy_query,random_uniform,5,20260510,WIRTE,G0090,26,0.0,0.0,0.0,0.006369426751592357,157.0
noisy_query,frequency_prior,5,20260510,WIRTE,G0090,26,0.0,0.0,0.0,0.014285714285714285,70.0
noisy_query,overlap_cosine,5,20260510,WIRTE,G0090,26,0.0,0.0,1.0,0.1111111111111111,9.0
noisy_query,svd32_graph_embedding,5,20260510,WIRTE,G0090,26,0.0,0.0,0.0,0.058823529411764705,17.0
noisy_query,random_uniform,5,20260510,PLATINUM,G0068,11,0.0,0.0,0.0,0.034482758620689655,29.0
noisy_query,frequency_prior,5,20260510,PLATINUM,G0068,11,0.0,0.0,0.0,0.008547008547008548,117.0
noisy_query,overlap_cosine,5,20260510,PLATINUM,G0068,11,1.0,1.0,1.0,1.0,1.0
noisy_query,svd32_graph_embedding,5,20260510,PLATINUM,G0068,11,0.0,1.0,1.0,0.25,4.0
noisy_query,random_uniform,5,20260510,Magic Hound,G0059,78,0.0,0.0,0.0,0.017543859649122806,57.0
noisy_query,frequency_prior,5,20260510,Magic Hound,G0059,78,0.0,0.0,1.0,0.1111111111111111,9.0
noisy_query,overlap_cosine,5,20260510,Magic Hound,G0059,78,0.0,0.0,1.0,0.14285714285714285,7.0
noisy_query,svd32_graph_embedding,5,20260510,Magic Hound,G0059,78,0.0,0.0,0.0,0.045454545454545456,22.0
noisy_query,random_uniform,5,20260510,Threat Group-3390,G0027,57,0.0,0.0,0.0,0.011494252873563218,87.0
noisy_query,frequency_prior,5,20260510,Threat Group-3390,G0027,57,0.0,0.0,0.0,0.05,20.0
noisy_query,overlap_cosine,5,20260510,Threat Group-3390,G0027,57,0.0,1.0,1.0,0.3333333333333333,3.0
noisy_query,svd32_graph_embedding,5,20260510,Threat Group-3390,G0027,57,0.0,0.0,1.0,0.16666666666666666,6.0
noisy_query,random_uniform,5,20260510,APT33,G0064,31,0.0,0.0,0.0,0.00684931506849315,146.0
noisy_query,frequency_prior,5,20260510,APT33,G0064,31,0.0,0.0,0.0,0.017857142857142856,56.0
noisy_query,overlap_cosine,5,20260510,APT33,G0064,31,0.0,1.0,1.0,0.5,2.0
noisy_query,svd32_graph_embedding,5,20260510,APT33,G0064,31,0.0,1.0,1.0,0.5,2.0
noisy_query,random_uniform,5,20260510,FIN10,G0051,11,0.0,0.0,0.0,0.015625,64.0
noisy_query,frequency_prior,5,20260510,FIN10,G0051,11,0.0,0.0,0.0,0.008620689655172414,116.0
noisy_query,overlap_cosine,5,20260510,FIN10,G0051,11,0.0,1.0,1.0,0.3333333333333333,3.0
noisy_query,svd32_graph_embedding,5,20260510,FIN10,G0051,11,0.0,0.0,0.0,0.09090909090909091,11.0
noisy_query,random_uniform,5,20260510,FIN8,G0061,36,0.0,0.0,0.0,0.008771929824561403,114.0
noisy_query,frequency_prior,5,20260510,FIN8,G0061,36,0.0,0.0,0.0,0.02127659574468085,47.0
noisy_query,overlap_cosine,5,20260510,FIN8,G0061,36,0.0,1.0,1.0,0.25,4.0
noisy_query,svd32_graph_embedding,5,20260510,FIN8,G0061,36,0.0,0.0,0.0,0.06666666666666667,15.0
noisy_query,random_uniform,5,20260510,FIN13,G1016,53,0.0,0.0,0.0,0.014084507042253521,71.0
noisy_query,frequency_prior,5,20260510,FIN13,G1016,53,0.0,0.0,0.0,0.037037037037037035,27.0
noisy_query,overlap_cosine,5,20260510,FIN13,G1016,53,0.0,0.0,0.0,0.058823529411764705,17.0
noisy_query,svd32_graph_embedding,5,20260510,FIN13,G1016,53,0.0,0.0,0.0,0.029411764705882353,34.0
noisy_query,random_uniform,5,20260510,APT19,G0073,21,0.0,0.0,0.0,0.016129032258064516,62.0
noisy_query,frequency_prior,5,20260510,APT19,G0073,21,0.0,0.0,0.0,0.0125,80.0
noisy_query,overlap_cosine,5,20260510,APT19,G0073,21,1.0,1.0,1.0,1.0,1.0
noisy_query,svd32_graph_embedding,5,20260510,APT19,G0073,21,1.0,1.0,1.0,1.0,1.0
