idx,case_type,label,original_json_valid,repair_status,repair_valid,verifier_prediction,source_id_match,title_similarity,content_similarity,year_match,content_grounded,claimed_title,claimed_year,claimed_doi,claimed_arxiv_id,gold_title,research_question
0,source_conditioned_supported,supported,False,regex_repair,True,supported,True,1.0,1.0,True,True,PSR J0030+0451 Mass and Radius from NICER Data and Implications for the Properties of Neutron Star Matter,2019,https://doi.org/10.3847/2041-8213/ab50c5,1912.05705v1,PSR J0030+0451 Mass and Radius from NICER Data and Implications for the Properties of Neutron Star Matter,How do simultaneous measurements of a neutron star’s mass and radius constrain the equation of state of dense nuclear matter?
0,shifted_source_negative,hallucinated,False,regex_repair,True,hallucinated,False,0.15510204081632653,0.015655577299412915,False,False,PSR J0030+0451 Mass and Radius from NICER Data and Implications for the Properties of Neutron Star Matter,2019,https://doi.org/10.3847/2041-8213/ab50c5,1912.05705v1,Designing an artificial intelligence tool to understand student engagement based on teacher's behaviours and movements in video conferencing,"What core cognitive abilities and types of knowledge would an artificial system need to function autonomously as a scientist, including proposing hypotheses, designing experiments, and interpreting results?"
1,source_conditioned_supported,supported,False,regex_repair,True,hallucinated,True,0.5675675675675675,0.0,True,False,Designing an AI tool to improve student engagement in online learning environments,2023,https://doi.org/10.1016/j.caeai.2023.100187,,Designing an artificial intelligence tool to understand student engagement based on teacher's behaviours and movements in video conferencing,"What core cognitive abilities and types of knowledge would an artificial system need to function autonomously as a scientist, including proposing hypotheses, designing experiments, and interpreting results?"
1,shifted_source_negative,hallucinated,False,regex_repair,True,hallucinated,False,0.23170731707317074,0.0,False,False,Designing an AI tool to improve student engagement in online learning environments,2023,https://doi.org/10.1016/j.caeai.2023.100187,,The PI3K–AKT network at the interface of oncogenic signalling and cancer metabolism,What criteria and validation steps are used to determine whether a molecular signature is truly common across many cancer types and clinically useful for diagnosis or prognosis?
2,source_conditioned_supported,supported,False,unrepairable:no_json_object,False,hallucinated,False,0.0,0.0,False,False,,,,,The PI3K–AKT network at the interface of oncogenic signalling and cancer metabolism,What criteria and validation steps are used to determine whether a molecular signature is truly common across many cancer types and clinically useful for diagnosis or prognosis?
2,shifted_source_negative,hallucinated,False,unrepairable:no_json_object,False,hallucinated,False,0.0,0.0,False,False,,,,,Generalized Wiedemann-Franz law in a two-site charge Kondo circuit: Lorenz ratio as a manifestation of the orthogonality catastrophe,"How do precise measurements of rare B meson decays to muon pairs constrain extensions of the Standard Model, and which classes of new-physics models are most strongly affected?"
3,source_conditioned_supported,supported,False,unrepairable:Invalid control character at: line 1 column 152 (char 151),False,hallucinated,False,0.0,0.0,False,False,,,,,Generalized Wiedemann-Franz law in a two-site charge Kondo circuit: Lorenz ratio as a manifestation of the orthogonality catastrophe,"How do precise measurements of rare B meson decays to muon pairs constrain extensions of the Standard Model, and which classes of new-physics models are most strongly affected?"
3,shifted_source_negative,hallucinated,False,unrepairable:Invalid control character at: line 1 column 152 (char 151),False,hallucinated,False,0.0,0.0,False,False,,,,,The gut microbiome in neurological disorders,"What are the main statistical challenges unique to analyzing microbiome sequencing data, and what best-practice approaches are recommended to address them?"
4,source_conditioned_supported,supported,False,regex_repair,True,hallucinated,True,1.0,0.011494252873563218,True,False,The gut microbiome in neurological disorders,2019,"https://doi.org/10.1016/j.forts.2019.1 {""claimed_title"": ""The gut microbiome in neurological disorders"", ""claimed_year"": 2019, ""claimed_doi"": ""https://doi.org/10.1016/j.forts.2019.1",2303.16722v1,The gut microbiome in neurological disorders,"What are the main statistical challenges unique to analyzing microbiome sequencing data, and what best-practice approaches are recommended to address them?"
4,shifted_source_negative,hallucinated,False,regex_repair,True,hallucinated,False,0.1834862385321101,0.020596205962059622,False,False,The gut microbiome in neurological disorders,2019,"https://doi.org/10.1016/j.forts.2019.1 {""claimed_title"": ""The gut microbiome in neurological disorders"", ""claimed_year"": 2019, ""claimed_doi"": ""https://doi.org/10.1016/j.forts.2019.1",2303.16722v1,An ensemble learning-based framework for breast cancer prediction,How can machine learning models trained on gene expression data account for tissue-of-origin effects to avoid confounding when identifying cancer-specific biomarkers?
5,source_conditioned_supported,supported,False,regex_repair,True,supported,True,1.0,1.0,True,True,An ensemble learning-based framework for breast cancer prediction,2023,https://doi.org/10.1016/j.dajour.2023.100372,1906.07794v1,An ensemble learning-based framework for breast cancer prediction,How can machine learning models trained on gene expression data account for tissue-of-origin effects to avoid confounding when identifying cancer-specific biomarkers?
5,shifted_source_negative,hallucinated,False,regex_repair,True,hallucinated,False,0.10810810810810811,0.010090817356205853,False,False,An ensemble learning-based framework for breast cancer prediction,2023,https://doi.org/10.1016/j.dajour.2023.100372,1906.07794v1,Symmetry and Topology in Non-Hermitian Physics,How can encircling multiple exceptional points and the resulting nonadiabatic cyclic geometric phases be detected experimentally in one-dimensional non-Hermitian systems?
6,source_conditioned_supported,supported,False,regex_repair,True,hallucinated,True,0.9130434782608695,0.0,True,False,Symmetry and Topology in Non-Hermitian Systems,2019,https://doi.org/10.1103/physrevx.9.041015,,Symmetry and Topology in Non-Hermitian Physics,How can encircling multiple exceptional points and the resulting nonadiabatic cyclic geometric phases be detected experimentally in one-dimensional non-Hermitian systems?
6,shifted_source_negative,hallucinated,False,regex_repair,True,hallucinated,False,0.25,0.0,False,False,Symmetry and Topology in Non-Hermitian Systems,2019,https://doi.org/10.1103/physrevx.9.041015,,Onychiol B attenuates lipopolysaccharide-induced inflammation via MAPK/NF-κB pathways and acute lung injury in vivo,How do precise measurements of the branching fractions for rare decays of neutral B mesons into muon pairs help constrain or rule out theories beyond the Standard Model?
7,source_conditioned_supported,supported,False,unrepairable:Invalid control character at: line 1 column 136 (char 135),False,hallucinated,False,0.0,0.0,False,False,,,,,Onychiol B attenuates lipopolysaccharide-induced inflammation via MAPK/NF-κB pathways and acute lung injury in vivo,How do precise measurements of the branching fractions for rare decays of neutral B mesons into muon pairs help constrain or rule out theories beyond the Standard Model?
7,shifted_source_negative,hallucinated,False,unrepairable:Invalid control character at: line 1 column 136 (char 135),False,hallucinated,False,0.0,0.0,False,False,,,,,Performance of neural network basecalling tools for Oxford Nanopore sequencing,"How do Random Neural Networks differ from conventional neural network models in their architecture and training dynamics, and in what kinds of supervised learning problems are they most advantageous to use?"
8,source_conditioned_supported,supported,True,strict_json,True,supported,True,1.0,1.0,True,True,Performance of neural network basecalling tools for Oxford Nanopore sequencing,2019,https://doi.org/10.1186/s13059-019-1727-y,1609.04846v1,Performance of neural network basecalling tools for Oxford Nanopore sequencing,"How do Random Neural Networks differ from conventional neural network models in their architecture and training dynamics, and in what kinds of supervised learning problems are they most advantageous to use?"
8,shifted_source_negative,hallucinated,True,strict_json,True,hallucinated,False,0.36486486486486486,0.02263083451202263,False,False,Performance of neural network basecalling tools for Oxford Nanopore sequencing,2019,https://doi.org/10.1186/s13059-019-1727-y,1609.04846v1,Human health risk model for microplastic exposure in the Arctic region,"How well do Gaussian Process (GP) emulators scale to high-dimensional risk-factor spaces when approximating portfolio value functions, and what practical strategies can be used to mitigate the curse of dimensionality in this setting?"
9,source_conditioned_supported,supported,False,regex_repair,True,hallucinated,False,0.7883211678832117,0.0,True,False,Human health effects of microplastic pollution in the Arctic region,2023,"10.1016/j.scitotenv.2023.165. ""claimed_doi"": ""10.1016j. scitotenv.2023.165. ""claimed_content"": ""The impact of microplastic pollution on human health in the Arctic region.",,Human health risk model for microplastic exposure in the Arctic region,"How well do Gaussian Process (GP) emulators scale to high-dimensional risk-factor spaces when approximating portfolio value functions, and what practical strategies can be used to mitigate the curse of dimensionality in this setting?"
9,shifted_source_negative,hallucinated,False,regex_repair,True,hallucinated,False,0.25136612021857924,0.007633587786259542,False,False,Human health effects of microplastic pollution in the Arctic region,2023,"10.1016/j.scitotenv.2023.165. ""claimed_doi"": ""10.1016j. scitotenv.2023.165. ""claimed_content"": ""The impact of microplastic pollution on human health in the Arctic region.",,"Dulaglutide and cardiovascular outcomes in type 2 diabetes (REWIND): a double-blind, randomised placebo-controlled trial","How do precise measurements of the branching fractions for rare B meson decays into muon pairs constrain potential extensions of the Standard Model, and what types of new-physics scenarios are most affected by these measurements?"
10,source_conditioned_supported,supported,False,regex_repair,True,hallucinated,False,0.6666666666666666,0.0,True,False,Dulaglutide and cardiovascular outcomes in type 2 diabetes,2019,https://doi.org/10.1016/j.clinbiochem.,,"Dulaglutide and cardiovascular outcomes in type 2 diabetes (REWIND): a double-blind, randomised placebo-controlled trial","How do precise measurements of the branching fractions for rare B meson decays into muon pairs constrain potential extensions of the Standard Model, and what types of new-physics scenarios are most affected by these measurements?"
10,shifted_source_negative,hallucinated,False,regex_repair,True,hallucinated,False,0.2097902097902098,0.0,False,False,Dulaglutide and cardiovascular outcomes in type 2 diabetes,2019,https://doi.org/10.1016/j.clinbiochem.,,Strain rate-dependent failure modelling of impact damage in laminated CFRP structures,How can assigning different impact or importance values to processes be used to improve failure detection and system resilience compared to traditional binary (suspected/not suspected) failure detectors?
11,source_conditioned_supported,supported,False,regex_repair,True,hallucinated,False,0.8670520231213873,0.05217391304347826,True,False,Strain rate-dependent failure modeling of impact damage in laminated composite materials,2023,"https://doi.org/10.1016/j.compstruct.2023.117.117. ""claimed_doi"": ""https://arxiv.org/abs/1404.6415",1404.6415,Strain rate-dependent failure modelling of impact damage in laminated CFRP structures,How can assigning different impact or importance values to processes be used to improve failure detection and system resilience compared to traditional binary (suspected/not suspected) failure detectors?
11,shifted_source_negative,hallucinated,False,regex_repair,True,hallucinated,False,0.32167832167832167,0.025711662075298437,False,False,Strain rate-dependent failure modeling of impact damage in laminated composite materials,2023,"https://doi.org/10.1016/j.compstruct.2023.117.117. ""claimed_doi"": ""https://arxiv.org/abs/1404.6415",1404.6415,SciBERT: A Pretrained Language Model for Scientific Text,"How do precise measurements of rare decays such as B_s^0 → μ^+μ^- constrain theories beyond the Standard Model, and which classes of new-physics models are most strongly affected by these measurements?"
12,source_conditioned_supported,supported,False,regex_repair,True,hallucinated,False,0.873015873015873,0.10696517412935323,False,False,SciBERT: A Pre-trained Language Model for Scientific Text Classification,2020,10.1002.1186,"arX.1411.1 ""claimed_content"": ""The first measurement of the branching fraction of the branching fraction of the $B^0\to K^0$",SciBERT: A Pretrained Language Model for Scientific Text,"How do precise measurements of rare decays such as B_s^0 → μ^+μ^- constrain theories beyond the Standard Model, and which classes of new-physics models are most strongly affected by these measurements?"
12,shifted_source_negative,hallucinated,False,regex_repair,True,hallucinated,False,0.3142857142857143,0.01721170395869191,False,False,SciBERT: A Pre-trained Language Model for Scientific Text Classification,2020,10.1002.1186,"arX.1411.1 ""claimed_content"": ""The first measurement of the branching fraction of the branching fraction of the $B^0\to K^0$","Social media influencers: literature review, trends and research agenda",What practical steps can universities take to both mitigate the risks of deepfakes and responsibly harness their potential benefits for teaching and learning?
13,source_conditioned_supported,supported,False,regex_repair,True,hallucinated,False,1.0,0.1986754966887417,True,False,"Social media influencers: literature review, trends and research agenda",2023,"https://doi.org/10.1109/ijcci.2023.001 ""claimed_arxiv_id"": ""2404.15601v1 ""claimed_content"": ""The availability of software which can produce convincing yet synthetic media poses both threats and opportunities for tertiary education.","2404.15601v1 ""claimed_content"": ""The availability of software which can produce convincing yet synthetic media poses both threats and opportunities for tertiary education.","Social media influencers: literature review, trends and research agenda",What practical steps can universities take to both mitigate the risks of deepfakes and responsibly harness their potential benefits for teaching and learning?
13,shifted_source_negative,hallucinated,False,regex_repair,True,hallucinated,False,0.24836601307189543,0.01016260162601626,False,False,"Social media influencers: literature review, trends and research agenda",2023,"https://doi.org/10.1109/ijcci.2023.001 ""claimed_arxiv_id"": ""2404.15601v1 ""claimed_content"": ""The availability of software which can produce convincing yet synthetic media poses both threats and opportunities for tertiary education.","2404.15601v1 ""claimed_content"": ""The availability of software which can produce convincing yet synthetic media poses both threats and opportunities for tertiary education.",CutMix: Regularization Strategy to Train Strong Classifiers With Localizable Features,"What are the major technological and engineering challenges to conducting sustained, long-term exploration of Venus, and what approaches or technologies are being considered to address them?"
14,source_conditioned_supported,supported,False,regex_repair,True,supported,True,1.0,1.0,True,True,CutMix: Regularization Strategy to Train Strong Classifiers With Localizable Features,2019,https://doi.org/10.1109/iccv.2019.00612,2412.06830v1,CutMix: Regularization Strategy to Train Strong Classifiers With Localizable Features,"What are the major technological and engineering challenges to conducting sustained, long-term exploration of Venus, and what approaches or technologies are being considered to address them?"
14,shifted_source_negative,hallucinated,False,regex_repair,True,hallucinated,False,0.26865671641791045,0.01876675603217158,False,False,CutMix: Regularization Strategy to Train Strong Classifiers With Localizable Features,2019,https://doi.org/10.1109/iccv.2019.00612,2412.06830v1,Gamma sensory stimulation and effects on the brain,"What are the main sources of contamination and systematic error when trying to measure CMB B-mode polarization, and how can they be mitigated in ground-based experiments?"
15,source_conditioned_supported,supported,False,regex_repair,True,hallucinated,False,1.0,1.0,True,True,Gamma sensory stimulation and effects on the brain,2023,"https://doi.org/10.1101/2023.10.1101/2023.10.110.1101, claimed_content: ""The characterisation of CMB polarisation is one of the next challenge in observationnal cosmology. { ""claimed_title"": ""Gamma sensory stimulation and effects on the brain"", ""claimed_year"": 2023, ""claimed_doi"": ""https://doi.org/10.1101/2023.10.1101 ""claimed_doi"": ""10.1101/2023.10.1101.1101 ""claimed_arxiv_id"": ""gr-qc.1101 ""claimed_content"": ""of CMB polarisation is one of the next challenge in observationnal cosmology.","gr-qc.1101 ""claimed_content"": ""of CMB polarisation is one of the next challenge in observationnal cosmology.",Gamma sensory stimulation and effects on the brain,"What are the main sources of contamination and systematic error when trying to measure CMB B-mode polarization, and how can they be mitigated in ground-based experiments?"
15,shifted_source_negative,hallucinated,False,regex_repair,True,hallucinated,False,0.2077922077922078,0.0037974683544303796,False,False,Gamma sensory stimulation and effects on the brain,2023,"https://doi.org/10.1101/2023.10.1101/2023.10.110.1101, claimed_content: ""The characterisation of CMB polarisation is one of the next challenge in observationnal cosmology. { ""claimed_title"": ""Gamma sensory stimulation and effects on the brain"", ""claimed_year"": 2023, ""claimed_doi"": ""https://doi.org/10.1101/2023.10.1101 ""claimed_doi"": ""10.1101/2023.10.1101.1101 ""claimed_arxiv_id"": ""gr-qc.1101 ""claimed_content"": ""of CMB polarisation is one of the next challenge in observationnal cosmology.","gr-qc.1101 ""claimed_content"": ""of CMB polarisation is one of the next challenge in observationnal cosmology.",Journal of Coastal Research,"How can environmental and satellite-derived data be used to build operational early-warning systems for cholera and other waterborne diseases, and what are the main limitations and challenges in implementing such systems in low-resource settings?"
16,source_conditioned_supported,supported,False,regex_repair,True,supported,True,1.0,1.0,True,True,Journal of Coastal Research,2019,https://doi.org/10.2112/coas,1506.01757v1,Journal of Coastal Research,"How can environmental and satellite-derived data be used to build operational early-warning systems for cholera and other waterborne diseases, and what are the main limitations and challenges in implementing such systems in low-resource settings?"
16,shifted_source_negative,hallucinated,False,regex_repair,True,hallucinated,False,0.26277372262773724,0.01348747591522158,False,False,Journal of Coastal Research,2019,https://doi.org/10.2112/coas,1506.01757v1,Flipping the world upside down: Using eye tracking in virtual reality to study visual search in inverted scenes,"How reliably can eye-tracking metrics (e.g., fixation durations and reading-sequence lengths) be used to predict or assess a user’s learning or knowledge gain during online search tasks?"
17,source_conditioned_supported,supported,False,regex_repair,True,hallucinated,False,1.0,0.0,True,False,Flipping the world upside down: Using eye-tracking in virtual reality to study visual search in inverted scenes,2023,"https://doi.org/10.16910.16910.16910.16910.16910.169, claimed_arxiv_id",,Flipping the world upside down: Using eye tracking in virtual reality to study visual search in inverted scenes,"How reliably can eye-tracking metrics (e.g., fixation durations and reading-sequence lengths) be used to predict or assess a user’s learning or knowledge gain during online search tasks?"
17,shifted_source_negative,hallucinated,False,regex_repair,True,hallucinated,False,0.26143790849673204,0.0,False,False,Flipping the world upside down: Using eye-tracking in virtual reality to study visual search in inverted scenes,2023,"https://doi.org/10.16910.16910.16910.16910.16910.169, claimed_arxiv_id",,Intersectionality as Critical Social Theory,"How can a recommender system effectively combine multiple types of social and semantic relationships (different network layers) to generate personalized suggestions, and how are the relative importance or weights of those relationship types determined and adapted over time?"
18,source_conditioned_supported,supported,False,regex_repair,True,hallucinated,True,1.0,0.0,True,False,Intersectionality as Critical Social Theory,2019,https://doi.org/10.1215/9781478007098,1303.0093v1,Intersectionality as Critical Social Theory,"How can a recommender system effectively combine multiple types of social and semantic relationships (different network layers) to generate personalized suggestions, and how are the relative importance or weights of those relationship types determined and adapted over time?"
18,shifted_source_negative,hallucinated,False,regex_repair,True,hallucinated,False,0.19393939393939394,0.0,False,False,Intersectionality as Critical Social Theory,2019,https://doi.org/10.1215/9781478007098,1303.0093v1,"The effect of Pr3+ concentration on the microstructure, luminescence and scintillation properties of Pr:LuAG single crystals","How do crystal defects (e.g., vacancies) and strain influence exciton decay pathways and luminescence in semiconductors, and in what ways can annealing modify these defects to restore or change excitonic optical properties?"
19,source_conditioned_supported,supported,False,regex_repair,True,hallucinated,True,1.0,0.40080160320641284,True,False,"The effect of Pr3+ concentration on the microstructure, luminescence and scintillation properties of Pr:LuAG single crystals",2023,"https://doi.org/10.1016/jallcom. ""claimed_arxiv_id"": ""1412.2707v1",1412.2707v1,"The effect of Pr3+ concentration on the microstructure, luminescence and scintillation properties of Pr:LuAG single crystals","How do crystal defects (e.g., vacancies) and strain influence exciton decay pathways and luminescence in semiconductors, and in what ways can annealing modify these defects to restore or change excitonic optical properties?"
19,shifted_source_negative,hallucinated,False,regex_repair,True,hallucinated,False,0.2751322751322751,0.0160481444332999,False,False,"The effect of Pr3+ concentration on the microstructure, luminescence and scintillation properties of Pr:LuAG single crystals",2023,"https://doi.org/10.1016/jallcom. ""claimed_arxiv_id"": ""1412.2707v1",1412.2707v1,"Tumor angiogenesis: causes, consequences, challenges and opportunities",What are the main challenges in adapting a large-scale parallel file system to efficiently support both traditional bursty HPC checkpointing workloads and modern diverse Big Data analytics workloads?
20,source_conditioned_supported,supported,False,regex_repair,True,hallucinated,False,1.0,0.17813765182186234,True,False,"Tumor angiogenesis: causes, consequences, challenges and opportunities",2019,"https://doi.org/10.1007/s13269-019-0005 ""claimed_content"": ""The Lustre file system has been widely adopted by high-performance computing (HPC) centers as an effective system for managing large-scale storage resources.",,"Tumor angiogenesis: causes, consequences, challenges and opportunities",What are the main challenges in adapting a large-scale parallel file system to efficiently support both traditional bursty HPC checkpointing workloads and modern diverse Big Data analytics workloads?
20,shifted_source_negative,hallucinated,False,regex_repair,True,hallucinated,False,0.21105527638190955,0.0086687306501548,False,False,"Tumor angiogenesis: causes, consequences, challenges and opportunities",2019,"https://doi.org/10.1007/s13269-019-0005 ""claimed_content"": ""The Lustre file system has been widely adopted by high-performance computing (HPC) centers as an effective system for managing large-scale storage resources.",,Dipodal Silanes Greatly Stabilize Glass Surface Functionalization for DNA Microarray Synthesis and High-Throughput Biological Assays,"How does long-term exposure to humidity or adsorbed water change the wettability and surface chemistry of silanized glass surfaces, and what storage conditions best preserve their hydrophobicity?"
21,source_conditioned_supported,supported,False,unrepairable:no_json_object,False,hallucinated,False,0.0,0.0,False,False,,,,,Dipodal Silanes Greatly Stabilize Glass Surface Functionalization for DNA Microarray Synthesis and High-Throughput Biological Assays,"How does long-term exposure to humidity or adsorbed water change the wettability and surface chemistry of silanized glass surfaces, and what storage conditions best preserve their hydrophobicity?"
21,shifted_source_negative,hallucinated,False,unrepairable:no_json_object,False,hallucinated,False,0.0,0.0,False,False,,,,,Grand challenges in the science of wind energy,"How do the main cosmological probes—weak gravitational lensing, large-scale structure, galaxy clusters, Type Ia supernovae, and strong lensing—complement one another in constraining dark energy, and what are the primary systematic uncertainties unique to each probe?"
22,source_conditioned_supported,supported,False,regex_repair,True,hallucinated,False,1.0,0.07526342197691922,True,False,Grand challenges in the science of wind energy,2019,"https://doi.org/10.1126/science.aau2027 ""claimed_arxiv_id"": ""1211.0310v1 ""claimed_content"": ""This white paper describes the LSST Dark Energy Science Collaboration (DESC), and the LSST Dark Energy Science Collaboration (DESC)","1211.0310v1 ""claimed_content"": ""This white paper describes the LSST Dark Energy Science Collaboration (DESC), and the LSST Dark Energy Science Collaboration (DESC)",Grand challenges in the science of wind energy,"How do the main cosmological probes—weak gravitational lensing, large-scale structure, galaxy clusters, Type Ia supernovae, and strong lensing—complement one another in constraining dark energy, and what are the primary systematic uncertainties unique to each probe?"
22,shifted_source_negative,hallucinated,False,regex_repair,True,hallucinated,False,0.267515923566879,0.005136986301369863,False,False,Grand challenges in the science of wind energy,2019,"https://doi.org/10.1126/science.aau2027 ""claimed_arxiv_id"": ""1211.0310v1 ""claimed_content"": ""This white paper describes the LSST Dark Energy Science Collaboration (DESC), and the LSST Dark Energy Science Collaboration (DESC)","1211.0310v1 ""claimed_content"": ""This white paper describes the LSST Dark Energy Science Collaboration (DESC), and the LSST Dark Energy Science Collaboration (DESC)",Synthesis of Thioamides <i>via</i> Decarboxylative/Oxidative Cross‐Coupling Reaction by Visible‐Light Photocatalysis,How does shifting the valence-band maximum upward (instead of lowering the conduction-band minimum) affect a semiconductor’s suitability and efficiency for visible-light-driven water-splitting photocatalysis?
23,source_conditioned_supported,supported,False,regex_repair,True,supported,True,0.9304347826086956,1.0,True,True,Synthesis of Thioamides via Decarboxylative/Oxidative Cross\u2013Coupling Reaction by Visible\u2013Light Photocatalysis,2023,https://doi.org/10.1002/ajoc.202300141,1701.06251v1,Synthesis of Thioamides <i>via</i> Decarboxylative/Oxidative Cross‐Coupling Reaction by Visible‐Light Photocatalysis,How does shifting the valence-band maximum upward (instead of lowering the conduction-band minimum) affect a semiconductor’s suitability and efficiency for visible-light-driven water-splitting photocatalysis?
23,shifted_source_negative,hallucinated,False,regex_repair,True,hallucinated,False,0.2169811320754717,0.009589041095890411,False,False,Synthesis of Thioamides via Decarboxylative/Oxidative Cross\u2013Coupling Reaction by Visible\u2013Light Photocatalysis,2023,https://doi.org/10.1002/ajoc.202300141,1701.06251v1,"The Global Syndemic of Obesity, Undernutrition, and Climate Change: The Lancet Commission report","How do ensembles of regional climate model simulations reduce uncertainty in regional climate projections compared with relying on a single regional model, and what are the main remaining sources of uncertainty?"
24,source_conditioned_supported,supported,False,regex_repair,True,supported,True,1.0,1.0,True,True,"The Global Syndemic of Obesity, Undernutrition, and Climate Change: The Lancet Commission report",2019,https://doi.org/10.1016/s0140-6736(18)32822-8,2012.10386v1,"The Global Syndemic of Obesity, Undernutrition, and Climate Change: The Lancet Commission report","How do ensembles of regional climate model simulations reduce uncertainty in regional climate projections compared with relying on a single regional model, and what are the main remaining sources of uncertainty?"
24,shifted_source_negative,hallucinated,False,regex_repair,True,hallucinated,False,0.30939226519337015,0.012027491408934709,False,False,"The Global Syndemic of Obesity, Undernutrition, and Climate Change: The Lancet Commission report",2019,https://doi.org/10.1016/s0140-6736(18)32822-8,2012.10386v1,Measurement of Tire-Pavement Contact Tri-Axial Stress Distribution Based on Sensor Array,"What are the main practical trade-offs between analogue (RF) and digital hierarchical beamforming approaches for very large phased arrays in terms of power consumption, scalability, and beamforming flexibility?"
25,source_conditioned_supported,supported,False,regex_repair,True,hallucinated,True,0.4607329842931937,0.13297872340425532,True,False,"Measurement of Tire-Pavement Contact Tri-Axial Stress Distribution Based on Sensor Array"", ""claimed_title"": ""Measurement of Tire-Pavement Contact Tri-Axial Stress Distribution Based on Sensor Array"", ""claimed_title"": ""Measurement of Tire-Pavement Contact Tri-Axial Stress Distribution Based on Sensor Array",2023,,1008.4047v1,Measurement of Tire-Pavement Contact Tri-Axial Stress Distribution Based on Sensor Array,"What are the main practical trade-offs between analogue (RF) and digital hierarchical beamforming approaches for very large phased arrays in terms of power consumption, scalability, and beamforming flexibility?"
25,shifted_source_negative,hallucinated,False,regex_repair,True,hallucinated,False,0.1725067385444744,0.013888888888888888,False,False,"Measurement of Tire-Pavement Contact Tri-Axial Stress Distribution Based on Sensor Array"", ""claimed_title"": ""Measurement of Tire-Pavement Contact Tri-Axial Stress Distribution Based on Sensor Array"", ""claimed_title"": ""Measurement of Tire-Pavement Contact Tri-Axial Stress Distribution Based on Sensor Array",2023,,1008.4047v1,Role of the tumor microenvironment in PD-L1/PD-1-mediated tumor immune escape,"What are the main challenges to deploying automated kidney and kidney tumor segmentation tools in routine clinical practice, and how can these tools be validated to ensure reliability across different scanners and patient populations?"
26,source_conditioned_supported,supported,False,regex_repair,True,hallucinated,False,0.22254335260115607,0.05238828967642527,True,False,"Role of the tumor microenvironment in PD-L1/PD-1-mediated tumor immune escape ""claimed_title"": ""Role of the tumor microenvironment in PD-L1/PD-1-mediated tumor immune escape ""claimed_title"": ""Role of the tumor microenvironment in PD-L1/PD-1-mediated tumor immune escape ""claimed_year"": 2019 ""claimed_doi"": ""https://doi.org/10.1186/s12943-2-1-mediated tumor immune escape ""claimed_content"": ""Automated segmentation of the tumor microenvironment in PD-L1/PD-1-mediated tumor immune escape DOI: https://doi.org/10.1186/s12943-1 arXiv:1909.06684 ""claimed_arxiv_id"": ""1909.06684v1 ""claimed_content"": ""Automated segmentation of kidneys and kidney tumors",2019,"https://doi.org/10.1186/s12943-2-1-mediated tumor immune escape ""claimed_content"": ""Automated segmentation of the tumor microenvironment in PD-L1/PD-1-mediated tumor immune escape DOI: https://doi.org/10.1186/s12943-1 arXiv:1909.06684 ""claimed_arxiv_id"": ""1909.06684v1 ""claimed_content"": ""Automated segmentation of kidneys and kidney tumors","1909.06684v1 ""claimed_content"": ""Automated segmentation of kidneys and kidney tumors",Role of the tumor microenvironment in PD-L1/PD-1-mediated tumor immune escape,"What are the main challenges to deploying automated kidney and kidney tumor segmentation tools in routine clinical practice, and how can these tools be validated to ensure reliability across different scanners and patient populations?"
26,shifted_source_negative,hallucinated,False,regex_repair,True,hallucinated,False,0.10612244897959183,0.01461038961038961,False,False,"Role of the tumor microenvironment in PD-L1/PD-1-mediated tumor immune escape ""claimed_title"": ""Role of the tumor microenvironment in PD-L1/PD-1-mediated tumor immune escape ""claimed_title"": ""Role of the tumor microenvironment in PD-L1/PD-1-mediated tumor immune escape ""claimed_year"": 2019 ""claimed_doi"": ""https://doi.org/10.1186/s12943-2-1-mediated tumor immune escape ""claimed_content"": ""Automated segmentation of the tumor microenvironment in PD-L1/PD-1-mediated tumor immune escape DOI: https://doi.org/10.1186/s12943-1 arXiv:1909.06684 ""claimed_arxiv_id"": ""1909.06684v1 ""claimed_content"": ""Automated segmentation of kidneys and kidney tumors",2019,"https://doi.org/10.1186/s12943-2-1-mediated tumor immune escape ""claimed_content"": ""Automated segmentation of the tumor microenvironment in PD-L1/PD-1-mediated tumor immune escape DOI: https://doi.org/10.1186/s12943-1 arXiv:1909.06684 ""claimed_arxiv_id"": ""1909.06684v1 ""claimed_content"": ""Automated segmentation of kidneys and kidney tumors","1909.06684v1 ""claimed_content"": ""Automated segmentation of kidneys and kidney tumors",Preparation and evaluation of chitosan-alginate/carrageenan hydrogel for oral drug delivery in the treatment of diabetes,"What are the known mechanisms of toxicity for zinc oxide nanoparticles in the body, and what strategies are used to reduce their potential harmful effects for safe therapeutic use?"
27,source_conditioned_supported,supported,False,unrepairable:no_json_object,False,hallucinated,False,0.0,0.0,False,False,,,,,Preparation and evaluation of chitosan-alginate/carrageenan hydrogel for oral drug delivery in the treatment of diabetes,"What are the known mechanisms of toxicity for zinc oxide nanoparticles in the body, and what strategies are used to reduce their potential harmful effects for safe therapeutic use?"
27,shifted_source_negative,hallucinated,False,unrepairable:no_json_object,False,hallucinated,False,0.0,0.0,False,False,,,,,A review of recent research on bio-inspired structures and materials for energy absorption applications,"What structural or chemical features make naturally occurring layered minerals more air-stable than many synthetic two-dimensional magnetic compounds, and how do those features help preserve magnetic properties when the materials are thinned to monolayers?"
28,source_conditioned_supported,supported,True,strict_json,True,supported,True,1.0,1.0,True,True,A review of recent research on bio-inspired structures and materials for energy absorption applications,2019,https://doi.org/10.1016/j.compositesb.2019.107496,2304.06533v1,A review of recent research on bio-inspired structures and materials for energy absorption applications,"What structural or chemical features make naturally occurring layered minerals more air-stable than many synthetic two-dimensional magnetic compounds, and how do those features help preserve magnetic properties when the materials are thinned to monolayers?"
28,shifted_source_negative,hallucinated,True,strict_json,True,hallucinated,False,0.32653061224489793,0.017982017982017984,False,False,A review of recent research on bio-inspired structures and materials for energy absorption applications,2019,https://doi.org/10.1016/j.compositesb.2019.107496,2304.06533v1,Multi-environment analysis enhances genomic prediction accuracy of agronomic traits in sesame,"How accurate and clinically useful are polygenic risk scores for predicting an individual’s risk of common diseases, and what are the main factors that limit their predictive power?"
29,source_conditioned_supported,supported,False,regex_repair,True,hallucinated,False,0.9893617021276596,0.0,True,False,Multi-environmental analysis enhances genomic prediction accuracy of agronomic traits in sesame,2023,"https://doi.org/10.3389/fgene.2023. { ""claimed_title"": ""Multi-environmental analysis enhances genomic prediction accuracy of agronomic traits in sesame"", ""claimed_year"": 2023, ""claimed_doi"": ""https://doi.org/10.3389/fgene.2023",arXiv:2101.05870 Source record ID: 2101 Source record ID: 2101 Source record ID: 10.3389/fgene.2023.1108416 Source record ID: 2101.05870 Source record ID: Genetic information from the genome is a challenging task due to the complexity of,Multi-environment analysis enhances genomic prediction accuracy of agronomic traits in sesame,"How accurate and clinically useful are polygenic risk scores for predicting an individual’s risk of common diseases, and what are the main factors that limit their predictive power?"
29,shifted_source_negative,hallucinated,False,regex_repair,True,hallucinated,False,0.27672955974842767,0.0,False,False,Multi-environmental analysis enhances genomic prediction accuracy of agronomic traits in sesame,2023,"https://doi.org/10.3389/fgene.2023. { ""claimed_title"": ""Multi-environmental analysis enhances genomic prediction accuracy of agronomic traits in sesame"", ""claimed_year"": 2023, ""claimed_doi"": ""https://doi.org/10.3389/fgene.2023",arXiv:2101.05870 Source record ID: 2101 Source record ID: 2101 Source record ID: 10.3389/fgene.2023.1108416 Source record ID: 2101.05870 Source record ID: Genetic information from the genome is a challenging task due to the complexity of,Seven strong claims about successful school leadership revisited,"What are the key challenges and approaches for automatically verifying whether a textual claim is supported, contradicted, or unrelated to a given image?"
30,source_conditioned_supported,supported,False,regex_repair,True,hallucinated,False,1.0,0.05325443786982249,True,False,Seven strong claims about successful school leadership revisited,2019,"https://doi.org/10.1080/13632434.2019.10.1080/10.1080/13632434.2019, and claimed_arxiv_id { ""claimed_title"": ""Seven strong claims about successful school leadership revisited"", ""claimed_year"": 2019, ""claimed_doi"": ""https://doi.org/10.1080/13632434.2019 Source record: { ""claimed_doi"": ""https://doi.org/10.1080/10.1080/13632434.2019.1596077 ""claimed_arxiv_id"": ""1908.11722 ""claimed_content"": ""The recent explosion of fake news and disinformation has led to a lot of misinformation and","1908.11722 ""claimed_content"": ""The recent explosion of fake news and disinformation has led to a lot of misinformation and",Seven strong claims about successful school leadership revisited,"What are the key challenges and approaches for automatically verifying whether a textual claim is supported, contradicted, or unrelated to a given image?"
30,shifted_source_negative,hallucinated,False,regex_repair,True,hallucinated,False,0.17333333333333334,0.012437810945273632,False,False,Seven strong claims about successful school leadership revisited,2019,"https://doi.org/10.1080/13632434.2019.10.1080/10.1080/13632434.2019, and claimed_arxiv_id { ""claimed_title"": ""Seven strong claims about successful school leadership revisited"", ""claimed_year"": 2019, ""claimed_doi"": ""https://doi.org/10.1080/13632434.2019 Source record: { ""claimed_doi"": ""https://doi.org/10.1080/10.1080/13632434.2019.1596077 ""claimed_arxiv_id"": ""1908.11722 ""claimed_content"": ""The recent explosion of fake news and disinformation has led to a lot of misinformation and","1908.11722 ""claimed_content"": ""The recent explosion of fake news and disinformation has led to a lot of misinformation and",Too Salty or Toxic for Use: A Tale of Starter Fertilizers in Agronomic Cropping Systems,"How do precise measurements of rare B meson decays into muon pairs constrain theories beyond the Standard Model, and which types of new physics models are most strongly impacted by such measurements?"
31,source_conditioned_supported,supported,False,regex_repair,True,hallucinated,False,0.45144356955380577,0.1303780964797914,True,False,"Too Salty or Toxic for Use: A Tale of Starter Fertilizers in Agronomic Croping Systems"", ""claimed_title"": ""Too Salty or Toxic for Use: A Tale of Starter Fertilizers in Agronomic, year, doi, arxiv_id, content { ""claimed_title"": ""Too Salty or Toxic for Use: A Tale of Starter Fertilizers in Agronomic Croping Systems",2023,"https://doi.org/10.3390.1.1 Source record: { ""claimed_title"": ""Too Salty or Toxic for Use: A Tale of Agronomic Croping Systems: 10.3390/agronomy13112690 ""claimed_arxiv_id"": ""1411.4413 ""claimed_content"": ""A joint measurement is made of the branching fractions $","1411.4413 ""claimed_content"": ""A joint measurement is made of the branching fractions $",Too Salty or Toxic for Use: A Tale of Starter Fertilizers in Agronomic Cropping Systems,"How do precise measurements of rare B meson decays into muon pairs constrain theories beyond the Standard Model, and which types of new physics models are most strongly impacted by such measurements?"
31,shifted_source_negative,hallucinated,False,regex_repair,True,hallucinated,False,0.19302949061662197,0.006394884092725819,False,False,"Too Salty or Toxic for Use: A Tale of Starter Fertilizers in Agronomic Croping Systems"", ""claimed_title"": ""Too Salty or Toxic for Use: A Tale of Starter Fertilizers in Agronomic, year, doi, arxiv_id, content { ""claimed_title"": ""Too Salty or Toxic for Use: A Tale of Starter Fertilizers in Agronomic Croping Systems",2023,"https://doi.org/10.3390.1.1 Source record: { ""claimed_title"": ""Too Salty or Toxic for Use: A Tale of Agronomic Croping Systems: 10.3390/agronomy13112690 ""claimed_arxiv_id"": ""1411.4413 ""claimed_content"": ""A joint measurement is made of the branching fractions $","1411.4413 ""claimed_content"": ""A joint measurement is made of the branching fractions $","An Overview on 3D Printing Technology: Technological, Materials, and Applications","What are the main factors that determine the mechanical performance and manufacturability of high-precision photopolymer 3D-printed lattice structures, and how can designers balance resolution, material properties, and printing constraints when optimizing for stiffness, strength, or energy absorption?"
32,source_conditioned_supported,supported,True,strict_json,True,supported,True,1.0,1.0,True,True,"An Overview on 3D Printing Technology: Technological, Materials, and Applications",2019,https://doi.org/10.1016/j.promfg.2019.06.089,2301.12634v1,"An Overview on 3D Printing Technology: Technological, Materials, and Applications","What are the main factors that determine the mechanical performance and manufacturability of high-precision photopolymer 3D-printed lattice structures, and how can designers balance resolution, material properties, and printing constraints when optimizing for stiffness, strength, or energy absorption?"
32,shifted_source_negative,hallucinated,True,strict_json,True,hallucinated,False,0.25766871165644173,0.00909090909090909,False,False,"An Overview on 3D Printing Technology: Technological, Materials, and Applications",2019,https://doi.org/10.1016/j.promfg.2019.06.089,2301.12634v1,Air‐Permeable Textile Bioelectronics for Wearable Energy Harvesting and Active Sensing,"What are the main advantages and disadvantages of electret-based versus electret-free electrostatic vibration energy harvesters for practical, long-term deployment?"
33,source_conditioned_supported,supported,False,regex_repair,True,hallucinated,False,0.4594594594594595,0.0,True,False,"Air‐Permeable Textile Bioelectronics for Wearable Energy Harvesting and Active Sensing"", ""claimed_title"": ""Air‐Permeable Textile Bioelectronics for Wearable Energy Harvesting and Active Sensing"", ""claimed_title"": ""Air‐Permeable Textile Bioelectronics for Wearable Energy Harvesting and Active Sensing",2023,"https://doi.org/10.1002/admt. ""claimed_arxiv_id"": ""1210.1002. Air‐Permeable Textile Bioelectronics for Wearable Energy Harvesting and Active Sensing DOI: https://doi.org/10.1002/admt.10.1002/admt.2022019.1210.1002/admt.2020 claimed_content"": ""This chapter focuses on the development of air-permeable textile bioelectronics","1210.1002. Air‐Permeable Textile Bioelectronics for Wearable Energy Harvesting and Active Sensing DOI: https://doi.org/10.1002/admt.10.1002/admt.2022019.1210.1002/admt.2020 claimed_content"": ""This chapter focuses on the development of air-permeable textile bioelectronics",Air‐Permeable Textile Bioelectronics for Wearable Energy Harvesting and Active Sensing,"What are the main advantages and disadvantages of electret-based versus electret-free electrostatic vibration energy harvesters for practical, long-term deployment?"
33,shifted_source_negative,hallucinated,False,regex_repair,True,hallucinated,False,0.17270194986072424,0.0,False,False,"Air‐Permeable Textile Bioelectronics for Wearable Energy Harvesting and Active Sensing"", ""claimed_title"": ""Air‐Permeable Textile Bioelectronics for Wearable Energy Harvesting and Active Sensing"", ""claimed_title"": ""Air‐Permeable Textile Bioelectronics for Wearable Energy Harvesting and Active Sensing",2023,"https://doi.org/10.1002/admt. ""claimed_arxiv_id"": ""1210.1002. Air‐Permeable Textile Bioelectronics for Wearable Energy Harvesting and Active Sensing DOI: https://doi.org/10.1002/admt.10.1002/admt.2022019.1210.1002/admt.2020 claimed_content"": ""This chapter focuses on the development of air-permeable textile bioelectronics","1210.1002. Air‐Permeable Textile Bioelectronics for Wearable Energy Harvesting and Active Sensing DOI: https://doi.org/10.1002/admt.10.1002/admt.2022019.1210.1002/admt.2020 claimed_content"": ""This chapter focuses on the development of air-permeable textile bioelectronics",Recent Advances in Electrocatalytic Hydrogen Evolution Using Nanoparticles,"What are the main advantages and technical challenges of producing and studying muonic hydrogen atoms in vacuum using thin solid hydrogen layers compared with traditional bulk gas, liquid, or solid targets?"
34,source_conditioned_supported,supported,False,regex_repair,True,supported,True,1.0,1.0,True,True,Recent Advances in Electrocatalytic Hydrogen Evolution Using Nanoparticles,2019,"https://doi.org/10.1021/acs.journals.chem. ""claimed_arxiv_id"": ""0101007v1",0101007v1,Recent Advances in Electrocatalytic Hydrogen Evolution Using Nanoparticles,"What are the main advantages and technical challenges of producing and studying muonic hydrogen atoms in vacuum using thin solid hydrogen layers compared with traditional bulk gas, liquid, or solid targets?"
34,shifted_source_negative,hallucinated,False,regex_repair,True,hallucinated,False,0.34965034965034963,0.015384615384615385,False,False,Recent Advances in Electrocatalytic Hydrogen Evolution Using Nanoparticles,2019,"https://doi.org/10.1021/acs.journals.chem. ""claimed_arxiv_id"": ""0101007v1",0101007v1,Exploration of Framing Biases in Polarized Online Content Consumption,What mechanisms might explain why increased public attention to a topic makes it more likely that false or misleading content will be created about it?
35,source_conditioned_supported,supported,False,regex_repair,True,hallucinated,False,1.0,0.003587443946188341,True,False,Exploration of Framing Biases in Polarized Online Content Consumption,2023,"https://doi.org/10.1145/ijcai.2023.1234 ""claimed_arxiv_id"": ""2302.08576v1 ""claimed_content"": ""The relationship between attention and disinformation on the web.","2302.08576v1 ""claimed_content"": ""The relationship between attention and disinformation on the web.",Exploration of Framing Biases in Polarized Online Content Consumption,What mechanisms might explain why increased public attention to a topic makes it more likely that false or misleading content will be created about it?
35,shifted_source_negative,hallucinated,False,regex_repair,True,hallucinated,False,0.19696969696969696,0.01340033500837521,False,False,Exploration of Framing Biases in Polarized Online Content Consumption,2023,"https://doi.org/10.1145/ijcai.2023.1234 ""claimed_arxiv_id"": ""2302.08576v1 ""claimed_content"": ""The relationship between attention and disinformation on the web.","2302.08576v1 ""claimed_content"": ""The relationship between attention and disinformation on the web.",Descriptive statistics and normality tests for statistical data,How can introductory statistics courses be redesigned to emphasize the role of model assumptions and pragmatic interpretation of results while still teaching core techniques?
36,source_conditioned_supported,supported,False,regex_repair,True,hallucinated,False,1.0,0.0,True,False,Descriptive statistics and normality tests for statistical data,2019,"https://doi.org/10.4102/10.4103/10.4103/10.4102, claimed_doi, claimed_arxiv_id, claimed_content {""claimed_title"": ""Descriptive statistics and normality tests for statistical data"", ""claimed_year"": 2019, ""claimed_doi"": ""https://doi.org/10.4102/10.411/10.4101/Descriptive statistics and normality tests for statistical data Abstract The paper presents a new approach to descriptive statistics and normality tests for statistical data. The paper presents a new approach to descriptive statistics and normality tests for statistical data, which is based on the concept of descriptive statistics and normality tests for statistical data.",,Descriptive statistics and normality tests for statistical data,How can introductory statistics courses be redesigned to emphasize the role of model assumptions and pragmatic interpretation of results while still teaching core techniques?
36,shifted_source_negative,hallucinated,False,regex_repair,True,hallucinated,False,0.22340425531914893,0.0,False,False,Descriptive statistics and normality tests for statistical data,2019,"https://doi.org/10.4102/10.4103/10.4103/10.4102, claimed_doi, claimed_arxiv_id, claimed_content {""claimed_title"": ""Descriptive statistics and normality tests for statistical data"", ""claimed_year"": 2019, ""claimed_doi"": ""https://doi.org/10.4102/10.411/10.4101/Descriptive statistics and normality tests for statistical data Abstract The paper presents a new approach to descriptive statistics and normality tests for statistical data. The paper presents a new approach to descriptive statistics and normality tests for statistical data, which is based on the concept of descriptive statistics and normality tests for statistical data.",,Efficient removal mechanism of an electrical conductivity-enhanced constructed wetlands under particle accumulated conditions,What factors typically cause discrepancies in micropollutant removal performance between lab-scale experiments with synthetic wastewater and larger-scale or real-wastewater field systems when using bioelectrochemical constructed wetlands?
37,source_conditioned_supported,supported,False,regex_repair,True,supported,True,1.0,1.0,True,True,Efficient removal mechanism of an electrical conductivity-enhanced constructed wetlands under particle accumulated conditions,2023,https://doi.org/10.1016/j.jclepro.2023.137257,2101.05522v1,Efficient removal mechanism of an electrical conductivity-enhanced constructed wetlands under particle accumulated conditions,What factors typically cause discrepancies in micropollutant removal performance between lab-scale experiments with synthetic wastewater and larger-scale or real-wastewater field systems when using bioelectrochemical constructed wetlands?
37,shifted_source_negative,hallucinated,False,regex_repair,True,hallucinated,False,0.2828282828282828,0.008565310492505354,False,False,Efficient removal mechanism of an electrical conductivity-enhanced constructed wetlands under particle accumulated conditions,2023,https://doi.org/10.1016/j.jclepro.2023.137257,2101.05522v1,Multi-omics of the gut microbial ecosystem in inflammatory bowel diseases,How can network-based analyses of gut microbiome data help identify microbial interactions or biomarkers that are useful for diagnosing or treating inflammatory bowel diseases?
38,source_conditioned_supported,supported,False,regex_repair,True,hallucinated,False,1.0,0.023862788963460103,True,False,Multi-omics of the gut microbial ecosystem in inflammatory bowel diseases,2019,"https://doi.org/10.1038/s41586-019-1237 ""claimed_arxiv_id"": ""2208.07763v1 ""claimed_content"": ""The complexity of the gut microbial ecosystem in inflammatory bowel diseases","2208.07763v1 ""claimed_content"": ""The complexity of the gut microbial ecosystem in inflammatory bowel diseases",Multi-omics of the gut microbial ecosystem in inflammatory bowel diseases,How can network-based analyses of gut microbiome data help identify microbial interactions or biomarkers that are useful for diagnosing or treating inflammatory bowel diseases?
38,shifted_source_negative,hallucinated,False,regex_repair,True,hallucinated,False,0.17777777777777778,0.008368200836820083,False,False,Multi-omics of the gut microbial ecosystem in inflammatory bowel diseases,2019,"https://doi.org/10.1038/s41586-019-1237 ""claimed_arxiv_id"": ""2208.07763v1 ""claimed_content"": ""The complexity of the gut microbial ecosystem in inflammatory bowel diseases","2208.07763v1 ""claimed_content"": ""The complexity of the gut microbial ecosystem in inflammatory bowel diseases",Adsorption and modification behavior of single atoms on the surface of single vacancy graphene: Machine learning accelerated first principle computations,"What practical steps can statistical agencies take to detect, monitor, and mitigate the effects of changing data sources (such as concept drift, bias, or reduced availability) when using machine learning for official statistics?"
39,source_conditioned_supported,supported,False,unrepairable:no_json_object,False,hallucinated,False,0.0,0.0,False,False,,,,,Adsorption and modification behavior of single atoms on the surface of single vacancy graphene: Machine learning accelerated first principle computations,"What practical steps can statistical agencies take to detect, monitor, and mitigate the effects of changing data sources (such as concept drift, bias, or reduced availability) when using machine learning for official statistics?"
39,shifted_source_negative,hallucinated,False,unrepairable:no_json_object,False,hallucinated,False,0.0,0.0,False,False,,,,,ViLBERT: Pretraining Task-Agnostic Visiolinguistic Representations for Vision-and-Language Tasks,"How does pretraining on large image–caption datasets improve performance on downstream vision-and-language tasks, and what are the main challenges when transferring such pretrained multimodal models?"
40,source_conditioned_supported,supported,False,regex_repair,True,hallucinated,False,0.4185022026431718,0.0,True,False,"ViLBERT: Pretraining Task-Agnostic Visiolinguistic Representations for Vision-and-Language Tasks"", ""ViLBERT: Pretraining Task-Agnostic Visiolinguistic Representations for Vision-and-Language Tasks"", ""claimed_year"", ""claimed_doi"", ""claimed_arxiv_id"", ""claimed_content {""claimed_title"": ""ViLBERT: Pretraining Task-Agnostic Visiolinguistic Representations for Vision-and-Language Tasks",2019,"ViLBERT: Pretraining Task-Agnostic Visiolinguistic Representations for Vision-and-Language Tasks"" claimed_title"": ""ViLBERT: Pretraining Task-Agnostic Visiolinguistic Representations for Vision-and-Language Tasks"" claimed_arxiv_id"": ""1908.02265 claimed_content"": ""We present a new model for learning task-",,ViLBERT: Pretraining Task-Agnostic Visiolinguistic Representations for Vision-and-Language Tasks,"How does pretraining on large image–caption datasets improve performance on downstream vision-and-language tasks, and what are the main challenges when transferring such pretrained multimodal models?"
40,shifted_source_negative,hallucinated,False,regex_repair,True,hallucinated,False,0.11654135338345864,0.0,False,False,"ViLBERT: Pretraining Task-Agnostic Visiolinguistic Representations for Vision-and-Language Tasks"", ""ViLBERT: Pretraining Task-Agnostic Visiolinguistic Representations for Vision-and-Language Tasks"", ""claimed_year"", ""claimed_doi"", ""claimed_arxiv_id"", ""claimed_content {""claimed_title"": ""ViLBERT: Pretraining Task-Agnostic Visiolinguistic Representations for Vision-and-Language Tasks",2019,"ViLBERT: Pretraining Task-Agnostic Visiolinguistic Representations for Vision-and-Language Tasks"" claimed_title"": ""ViLBERT: Pretraining Task-Agnostic Visiolinguistic Representations for Vision-and-Language Tasks"" claimed_arxiv_id"": ""1908.02265 claimed_content"": ""We present a new model for learning task-",,Hyaluronan hydrates and compartmentalises the <scp>CNS</scp>/<scp>PNS</scp> extracellular matrix and provides niche environments conducive to the optimisation of neuronal activity,What physical mechanisms can produce a time delay between the gravitational-wave signal from a neutron-star merger and the associated short gamma-ray burst?
41,source_conditioned_supported,supported,False,regex_repair,True,supported,True,0.9515151515151515,1.0,True,True,Hyaluronan hydrates and compartmentalises the CNS/PNS extracellular matrix and provides niche environments conducive to the optimisation of neuronal activity,2023,https://doi.org/10.1111/jnc.15915,1710.05833v2,Hyaluronan hydrates and compartmentalises the <scp>CNS</scp>/<scp>PNS</scp> extracellular matrix and provides niche environments conducive to the optimisation of neuronal activity,What physical mechanisms can produce a time delay between the gravitational-wave signal from a neutron-star merger and the associated short gamma-ray burst?
41,shifted_source_negative,hallucinated,False,regex_repair,True,hallucinated,False,0.2146341463414634,0.010479041916167664,False,False,Hyaluronan hydrates and compartmentalises the CNS/PNS extracellular matrix and provides niche environments conducive to the optimisation of neuronal activity,2023,https://doi.org/10.1111/jnc.15915,1710.05833v2,CenterNet: Keypoint Triplets for Object Detection,"How can incorporating spatial and channel-wise contextual information improve the accuracy of human keypoint detection in cases of occlusion, blur, and scale variation?"
42,source_conditioned_supported,supported,False,regex_repair,True,hallucinated,False,1.0,0.18063583815028902,True,False,CenterNet: Keypoint Triplets for Object Detection,2019,"10.1109/ICCV2019_1 ""claimed_arxiv_id"": ""1910.12223v1 ""claimed_content"": ""Human keypoint detection from a single image is very challenging due to occlusion, blur, and scale variance of person instances.","1910.12223v1 ""claimed_content"": ""Human keypoint detection from a single image is very challenging due to occlusion, blur, and scale variance of person instances.",CenterNet: Keypoint Triplets for Object Detection,"How can incorporating spatial and channel-wise contextual information improve the accuracy of human keypoint detection in cases of occlusion, blur, and scale variation?"
42,shifted_source_negative,hallucinated,False,regex_repair,True,hallucinated,False,0.25142857142857145,0.006802721088435374,False,False,CenterNet: Keypoint Triplets for Object Detection,2019,"10.1109/ICCV2019_1 ""claimed_arxiv_id"": ""1910.12223v1 ""claimed_content"": ""Human keypoint detection from a single image is very challenging due to occlusion, blur, and scale variance of person instances.","1910.12223v1 ""claimed_content"": ""Human keypoint detection from a single image is very challenging due to occlusion, blur, and scale variance of person instances.",Executive summary: Guidelines of care for the management of atopic dermatitis in adults with phototherapy and systemic therapies,"What types of data and validation steps are typically required to ensure an agent-based simulation of primary health care produces reliable, actionable results for policymakers?"
43,source_conditioned_supported,supported,False,regex_repair,True,hallucinated,False,0.6417112299465241,1.0,True,True,Guidelines for the management of atopic dermatitis in adults,2023,"https://doi.org/10.1016/j.jaad.2023.2.0, claimed_year, claimed_doi, claimed_arxiv_id, claimed_content { ""claimed_title"": ""Guidelines for the management of atopic dermatitis in adults"", ""claimed_year"": 2023, ""claimed_doi"": ""https://doi.org/10.1016/j.jaad.2023.2 Source record ID: 2023 Source record ID: 2 Source record ID: 2023 Source record ID: 10.1016/j.jaad.2023.2023.08.024 arXiv ID: 1910.11027 ""claimed_content"": ""Demand for health care",,Executive summary: Guidelines of care for the management of atopic dermatitis in adults with phototherapy and systemic therapies,"What types of data and validation steps are typically required to ensure an agent-based simulation of primary health care produces reliable, actionable results for policymakers?"
43,shifted_source_negative,hallucinated,False,regex_repair,True,hallucinated,False,0.2658959537572254,0.0,False,False,Guidelines for the management of atopic dermatitis in adults,2023,"https://doi.org/10.1016/j.jaad.2023.2.0, claimed_year, claimed_doi, claimed_arxiv_id, claimed_content { ""claimed_title"": ""Guidelines for the management of atopic dermatitis in adults"", ""claimed_year"": 2023, ""claimed_doi"": ""https://doi.org/10.1016/j.jaad.2023.2 Source record ID: 2023 Source record ID: 2 Source record ID: 2023 Source record ID: 10.1016/j.jaad.2023.2023.08.024 arXiv ID: 1910.11027 ""claimed_content"": ""Demand for health care",,Molecular and pharmacological modulators of the tumor immune contexture revealed by deconvolution of RNA-seq data,What practical considerations and challenges should be addressed when developing a software platform to implement and evaluate artificial immune systems inspired by innate immunity?
44,source_conditioned_supported,supported,False,unrepairable:no_json_object,False,hallucinated,False,0.0,0.0,False,False,,,,,Molecular and pharmacological modulators of the tumor immune contexture revealed by deconvolution of RNA-seq data,What practical considerations and challenges should be addressed when developing a software platform to implement and evaluate artificial immune systems inspired by innate immunity?
44,shifted_source_negative,hallucinated,False,unrepairable:no_json_object,False,hallucinated,False,0.0,0.0,False,False,,,,,Learnheuristics in routing and scheduling problems: A review,How do precise measurements of rare B meson decays to muon pairs constrain or rule out models of new physics beyond the Standard Model?
45,source_conditioned_supported,supported,True,strict_json,True,supported,True,1.0,1.0,True,True,Learnheuristics in routing and scheduling problems: A review,2023,https://doi.org/10.54153/sjpas.2023.v5i1.445,1411.4413v2,Learnheuristics in routing and scheduling problems: A review,How do precise measurements of rare B meson decays to muon pairs constrain or rule out models of new physics beyond the Standard Model?
45,shifted_source_negative,hallucinated,True,strict_json,True,hallucinated,False,0.27941176470588236,0.01646090534979424,False,False,Learnheuristics in routing and scheduling problems: A review,2023,https://doi.org/10.54153/sjpas.2023.v5i1.445,1411.4413v2,"Fiber-Reinforced Polymer Composites: Manufacturing, Properties, and Applications","How does aligning the extrusion/deposition direction with the principal stress directions of a loaded part improve strength and stiffness in anisotropic polymer prints, and what practical challenges and constraints (e.g., printer kinematics, layer height, line spacing) typically arise when implementing such optimized non-planar printing trajectories?"
46,source_conditioned_supported,supported,False,regex_repair,True,hallucinated,False,0.3657957244655582,0.0,True,False,"Fiber-Reinforced Polymer Composites: Manufacturing, Properties, and Applications"", ""claimed_title"": ""Fiber-Reinforced Polymer Composites: Manufacturing, Properties, and Applications ""claimed_year"": 2019 ""claimed_doi"": ""https://doi.org/10.3390.3390/polym11101667 ""claimed_arxiv_id"": ""arXiv/10.3390/polym11101667 The trajectory optimization of the print head of the paper.",2019,"https://doi.org/10.3390.3390/polym11101667 ""claimed_arxiv_id"": ""arXiv/10.3390/polym11101667 The trajectory optimization of the print head of the paper.",arXiv/10.3390/polym11101667 The trajectory optimization of the print head of the paper.,"Fiber-Reinforced Polymer Composites: Manufacturing, Properties, and Applications","How does aligning the extrusion/deposition direction with the principal stress directions of a loaded part improve strength and stiffness in anisotropic polymer prints, and what practical challenges and constraints (e.g., printer kinematics, layer height, line spacing) typically arise when implementing such optimized non-planar printing trajectories?"
46,shifted_source_negative,hallucinated,False,regex_repair,True,hallucinated,False,0.15789473684210525,0.0,False,False,"Fiber-Reinforced Polymer Composites: Manufacturing, Properties, and Applications"", ""claimed_title"": ""Fiber-Reinforced Polymer Composites: Manufacturing, Properties, and Applications ""claimed_year"": 2019 ""claimed_doi"": ""https://doi.org/10.3390.3390/polym11101667 ""claimed_arxiv_id"": ""arXiv/10.3390/polym11101667 The trajectory optimization of the print head of the paper.",2019,"https://doi.org/10.3390.3390/polym11101667 ""claimed_arxiv_id"": ""arXiv/10.3390/polym11101667 The trajectory optimization of the print head of the paper.",arXiv/10.3390/polym11101667 The trajectory optimization of the print head of the paper.,Institutions and Political Restraint,How can democratic accountability and regulatory oversight be effectively maintained or introduced in decentralized ledger systems to prevent concentration of unregulated power?
47,source_conditioned_supported,supported,False,regex_repair,True,supported,True,1.0,1.0,True,True,Institutions and Political Restraint,2023,https://doi.org/10.1111/ajps.12771,"arxiv_id"": ""2405.06097v1",Institutions and Political Restraint,How can democratic accountability and regulatory oversight be effectively maintained or introduced in decentralized ledger systems to prevent concentration of unregulated power?
47,shifted_source_negative,hallucinated,False,regex_repair,True,hallucinated,False,0.3157894736842105,0.010294117647058823,False,False,Institutions and Political Restraint,2023,https://doi.org/10.1111/ajps.12771,"arxiv_id"": ""2405.06097v1",Artificial intelligence in cancer imaging: Clinical challenges and applications,"What are the main barriers to safely and effectively integrating AI-based skin cancer diagnostic tools into routine clinical practice, and how can they be addressed?"
48,source_conditioned_supported,supported,False,regex_repair,True,hallucinated,False,0.6611570247933884,0.007033997655334115,True,False,Artificial intelligence in cancer diagnosis,2019,"10.3389/journal of artificial intelligence in cancer diagnosis ""claimed_doi"": ""10.3389/journal of artificial intelligence in cancer diagnosis ""claimed_arxiv_id"": ""1911.11872 ""claimed_content"": ""Artificial intelligence in cancer diagnosis has the potential to revolutionize the field of cancer diagnosis, copy the first sentence of the source record. With the following source record ""claimed_title"": ""Artificial intelligence in cancer diagnosis ""claimed_year"": 2019 ""claimed_doi"": ""10.3389/journal.3389/journal.2019 ""claimed_arxiv_id"": ""1911.11872 ""claimed_content"": ""Artificial intelligence in cancer diagnosis has the potential to revolutionize the field of cancer diagnosis.","1911.11872 ""claimed_content"": ""Artificial intelligence in cancer diagnosis has the potential to revolutionize the field of cancer diagnosis, copy the first sentence of the source record. With the following source record ""claimed_title"": ""Artificial intelligence in cancer diagnosis ""claimed_year"": 2019 ""claimed_doi"": ""10.3389/journal.3389/journal.2019 ""claimed_arxiv_id"": ""1911.11872 ""claimed_content"": ""Artificial intelligence in cancer diagnosis has the potential to revolutionize the field of cancer diagnosis.",Artificial intelligence in cancer imaging: Clinical challenges and applications,"What are the main barriers to safely and effectively integrating AI-based skin cancer diagnostic tools into routine clinical practice, and how can they be addressed?"
48,shifted_source_negative,hallucinated,False,regex_repair,True,hallucinated,False,0.16393442622950818,0.007816862088218872,False,False,Artificial intelligence in cancer diagnosis,2019,"10.3389/journal of artificial intelligence in cancer diagnosis ""claimed_doi"": ""10.3389/journal of artificial intelligence in cancer diagnosis ""claimed_arxiv_id"": ""1911.11872 ""claimed_content"": ""Artificial intelligence in cancer diagnosis has the potential to revolutionize the field of cancer diagnosis, copy the first sentence of the source record. With the following source record ""claimed_title"": ""Artificial intelligence in cancer diagnosis ""claimed_year"": 2019 ""claimed_doi"": ""10.3389/journal.3389/journal.2019 ""claimed_arxiv_id"": ""1911.11872 ""claimed_content"": ""Artificial intelligence in cancer diagnosis has the potential to revolutionize the field of cancer diagnosis.","1911.11872 ""claimed_content"": ""Artificial intelligence in cancer diagnosis has the potential to revolutionize the field of cancer diagnosis, copy the first sentence of the source record. With the following source record ""claimed_title"": ""Artificial intelligence in cancer diagnosis ""claimed_year"": 2019 ""claimed_doi"": ""10.3389/journal.3389/journal.2019 ""claimed_arxiv_id"": ""1911.11872 ""claimed_content"": ""Artificial intelligence in cancer diagnosis has the potential to revolutionize the field of cancer diagnosis.",Secular shoreline response to large-scale estuarine shoal migration and welding,"What are the main ethical and privacy challenges when using geolocated digital data to study large-scale human migration, and what best practices can researchers follow to mitigate those risks?"
49,source_conditioned_supported,supported,False,regex_repair,True,hallucinated,False,0.2316715542521994,0.012195121951219513,True,False,"Secular shoreline response to large-scale estuarine shoal migration and welding"", ""claimed_title"": ""Secular shoreline response to large-scale estuarine shoal migration and welding ""claimed_year"": 2023 ""claimed_doi"": ""https://doi.org/10.1016/j.geomorph.2023.0001 ""claimed_arxiv_id"": ""2002.10992v2 ""claimed_content"": ""This study examines the secular shoreline response to large-scale estuarine shoal migration and welding Source: https://doi.org/10.1016/j.geomorph.2023 Source: 2023 arX Source: arX.1016/j.geomorph.2023.108972 Source: arX.2002.10992v2 Source: This study examines the secular shoreline response to large-scale estuarine",2023,"https://doi.org/10.1016/j.geomorph.2023.0001 ""claimed_arxiv_id"": ""2002.10992v2 ""claimed_content"": ""This study examines the secular shoreline response to large-scale estuarine shoal migration and welding Source: https://doi.org/10.1016/j.geomorph.2023 Source: 2023 arX Source: arX.1016/j.geomorph.2023.108972 Source: arX.2002.10992v2 Source: This study examines the secular shoreline response to large-scale estuarine","2002.10992v2 ""claimed_content"": ""This study examines the secular shoreline response to large-scale estuarine shoal migration and welding Source: https://doi.org/10.1016/j.geomorph.2023 Source: 2023 arX Source: arX.1016/j.geomorph.2023.108972 Source: arX.2002.10992v2 Source: This study examines the secular shoreline response to large-scale estuarine",Secular shoreline response to large-scale estuarine shoal migration and welding,"What are the main ethical and privacy challenges when using geolocated digital data to study large-scale human migration, and what best practices can researchers follow to mitigate those risks?"
49,shifted_source_negative,hallucinated,False,regex_repair,True,hallucinated,False,0.08682170542635659,0.017324350336862367,False,False,"Secular shoreline response to large-scale estuarine shoal migration and welding"", ""claimed_title"": ""Secular shoreline response to large-scale estuarine shoal migration and welding ""claimed_year"": 2023 ""claimed_doi"": ""https://doi.org/10.1016/j.geomorph.2023.0001 ""claimed_arxiv_id"": ""2002.10992v2 ""claimed_content"": ""This study examines the secular shoreline response to large-scale estuarine shoal migration and welding Source: https://doi.org/10.1016/j.geomorph.2023 Source: 2023 arX Source: arX.1016/j.geomorph.2023.108972 Source: arX.2002.10992v2 Source: This study examines the secular shoreline response to large-scale estuarine",2023,"https://doi.org/10.1016/j.geomorph.2023.0001 ""claimed_arxiv_id"": ""2002.10992v2 ""claimed_content"": ""This study examines the secular shoreline response to large-scale estuarine shoal migration and welding Source: https://doi.org/10.1016/j.geomorph.2023 Source: 2023 arX Source: arX.1016/j.geomorph.2023.108972 Source: arX.2002.10992v2 Source: This study examines the secular shoreline response to large-scale estuarine","2002.10992v2 ""claimed_content"": ""This study examines the secular shoreline response to large-scale estuarine shoal migration and welding Source: https://doi.org/10.1016/j.geomorph.2023 Source: 2023 arX Source: arX.1016/j.geomorph.2023.108972 Source: arX.2002.10992v2 Source: This study examines the secular shoreline response to large-scale estuarine",Principles of Distributed Database Systems,"How can combinatorial structures such as Young tableaux be used to represent and analyze task assignments and partitions of agents in distributed systems, and what practical advantages do they offer compared with more traditional representations?"
50,source_conditioned_supported,supported,False,regex_repair,True,hallucinated,False,0.88,0.2922374429223744,True,False,Principles of Distributed Systems,2019,10.1007/978-2019,arXiv:10.1007/978-3-2019,Principles of Distributed Database Systems,"How can combinatorial structures such as Young tableaux be used to represent and analyze task assignments and partitions of agents in distributed systems, and what practical advantages do they offer compared with more traditional representations?"
50,shifted_source_negative,hallucinated,False,regex_repair,True,hallucinated,False,0.19,0.01742627345844504,False,False,Principles of Distributed Systems,2019,10.1007/978-2019,arXiv:10.1007/978-3-2019,"Association Between Hypertension and Diabetes Control and COVID‐19 Severity: National Patient‐Centered Clinical Research Network, United States, March 2020 to February 2022",How does a time-varying reproduction number (R0) that decreases after interventions like lockdowns affect the timing and height of the epidemic peak and the total number of cases?
51,source_conditioned_supported,supported,False,regex_repair,True,hallucinated,True,0.6141078838174274,1.0,True,True,Association Between Hypertension and Diabetes Control and COVID‐19 Severity,2023,https://doi.org/10.1161/jaha.122.030240,2004.09912v1,"Association Between Hypertension and Diabetes Control and COVID‐19 Severity: National Patient‐Centered Clinical Research Network, United States, March 2020 to February 2022",How does a time-varying reproduction number (R0) that decreases after interventions like lockdowns affect the timing and height of the epidemic peak and the total number of cases?
51,shifted_source_negative,hallucinated,False,regex_repair,True,hallucinated,False,0.2857142857142857,0.023284313725490197,False,False,Association Between Hypertension and Diabetes Control and COVID‐19 Severity,2023,https://doi.org/10.1161/jaha.122.030240,2004.09912v1,Determining cell type abundance and expression from bulk tissues with digital cytometry,What are common strategies and best practices for handling staining artifacts and spurious edges in multiplexed immunofluorescence images to improve accurate single-cell segmentation and downstream phenotype analysis?
52,source_conditioned_supported,supported,False,regex_repair,True,hallucinated,False,0.2457627118644068,0.07456140350877193,True,False,"Determining cell type abundance and expression from bulk tissues with digital cytometry ""claimed_year"": 2019 ""claimed_doi"": ""https://doi.org/10.1038/10.1038/10.1038/10.1038/supplementary-materials ""claimed_content"": ""Multiplexed immuno-fluorescence, and marker-based image cytometry allows for the extraction of cell type abundance and expression from the abstract. ""Determining cell type abundance and expression from bulk tissues with digital cytometry Authors: Authors: Authors: Journal: Journal: Journal issue: Journal volume: DOI: 10.1038/s41586-018-019-0114-2 arXiv ID: arXiv:1806.0 Abstract: ""Multiplexed immuno-fluorescence cytometry allows",2019,"https://doi.org/10.1038/10.1038/10.1038/10.1038/supplementary-materials ""claimed_content"": ""Multiplexed immuno-fluorescence, and marker-based image cytometry allows for the extraction of cell type abundance and expression from the abstract. ""Determining cell type abundance and expression from bulk tissues with digital cytometry Authors: Authors: Authors: Journal: Journal: Journal issue: Journal volume: DOI: 10.1038/s41586-018-019-0114-2 arXiv ID: arXiv:1806.0 Abstract: ""Multiplexed immuno-fluorescence cytometry allows",,Determining cell type abundance and expression from bulk tissues with digital cytometry,What are common strategies and best practices for handling staining artifacts and spurious edges in multiplexed immunofluorescence images to improve accurate single-cell segmentation and downstream phenotype analysis?
52,shifted_source_negative,hallucinated,False,regex_repair,True,hallucinated,False,0.06028833551769332,0.025341130604288498,False,False,"Determining cell type abundance and expression from bulk tissues with digital cytometry ""claimed_year"": 2019 ""claimed_doi"": ""https://doi.org/10.1038/10.1038/10.1038/10.1038/supplementary-materials ""claimed_content"": ""Multiplexed immuno-fluorescence, and marker-based image cytometry allows for the extraction of cell type abundance and expression from the abstract. ""Determining cell type abundance and expression from bulk tissues with digital cytometry Authors: Authors: Authors: Journal: Journal: Journal issue: Journal volume: DOI: 10.1038/s41586-018-019-0114-2 arXiv ID: arXiv:1806.0 Abstract: ""Multiplexed immuno-fluorescence cytometry allows",2019,"https://doi.org/10.1038/10.1038/10.1038/10.1038/supplementary-materials ""claimed_content"": ""Multiplexed immuno-fluorescence, and marker-based image cytometry allows for the extraction of cell type abundance and expression from the abstract. ""Determining cell type abundance and expression from bulk tissues with digital cytometry Authors: Authors: Authors: Journal: Journal: Journal issue: Journal volume: DOI: 10.1038/s41586-018-019-0114-2 arXiv ID: arXiv:1806.0 Abstract: ""Multiplexed immuno-fluorescence cytometry allows",,Studying the Synergistic Effect of Substrate Stiffness and Cyclic Stretch Level on Endothelial Cells Using an Elastomeric Cell Culture Chamber,"How does substrate surface wettability influence cell mechanical properties (e.g., membrane stiffness and spreading) compared with the effects of substrate stiffness, and what cellular mechanisms mediate these differences?"
53,source_conditioned_supported,supported,False,regex_repair,True,supported,True,1.0,1.0,True,True,Studying the Synergistic Effect of Substrate Stiffness and Cyclic Stretch Level on Endothelial Cells Using an Elastomeric Cell Culture Chamber,2023,https://doi.org/10.1021/acsami.2c15818,2210.15038v1,Studying the Synergistic Effect of Substrate Stiffness and Cyclic Stretch Level on Endothelial Cells Using an Elastomeric Cell Culture Chamber,"How does substrate surface wettability influence cell mechanical properties (e.g., membrane stiffness and spreading) compared with the effects of substrate stiffness, and what cellular mechanisms mediate these differences?"
53,shifted_source_negative,hallucinated,False,regex_repair,True,hallucinated,False,0.192090395480226,0.0,False,False,Studying the Synergistic Effect of Substrate Stiffness and Cyclic Stretch Level on Endothelial Cells Using an Elastomeric Cell Culture Chamber,2023,https://doi.org/10.1021/acsami.2c15818,2210.15038v1,An Introduction to Research Methods,How does the concept of an electromagnetic field change our understanding of electric and magnetic interactions compared with the older idea of action-at-a-distance?
54,source_conditioned_supported,supported,False,regex_repair,True,hallucinated,False,1.0,0.1611842105263158,True,False,An Introduction to Research Methods,2019,https://doi.org/10.5040/2019/0001,2109.00606,An Introduction to Research Methods,How does the concept of an electromagnetic field change our understanding of electric and magnetic interactions compared with the older idea of action-at-a-distance?
54,shifted_source_negative,hallucinated,False,regex_repair,True,hallucinated,False,0.37606837606837606,0.019585253456221197,False,False,An Introduction to Research Methods,2019,https://doi.org/10.5040/2019/0001,2109.00606,Solar Irradiance Prediction Using an Optimized Data Driven Machine Learning Models,"What practical steps and monitoring strategies can statistical agencies use to detect, assess, and mitigate the impacts of changing data sources on the accuracy and continuity of official statistics?"
55,source_conditioned_supported,supported,False,regex_repair,True,hallucinated,False,0.20759493670886076,0.04747774480712166,True,False,"Solar Irradiance Prediction Using an Optimized Data Driven Machine Learning Models"", ""claimed_title"": ""Solar Irradiance Prediction Using an Optimized Data Driven Machine Learning Models ""claimed_year"": 2023 ""claimed_doi"": ""https://doi.org/10.1007.1007 ""claimed_arxiv_id"": ""2306.04338v1 ""claimed_content"": ""Data science has become increasingly important for the production of official statistics, as it enables the automated collection, new line breaks, or Source title: ""Solar Irradiance Prediction Using an Optimized Data Driven Machine Learning Models Source doi: https://doi.org/10.1007 Source arXiv: 2306.04338 Source arXiv: 2306.043 Source content: ""Data science has become increasingly important for the production of official statistics",2023,"https://doi.org/10.1007.1007 ""claimed_arxiv_id"": ""2306.04338v1 ""claimed_content"": ""Data science has become increasingly important for the production of official statistics, as it enables the automated collection, new line breaks, or Source title: ""Solar Irradiance Prediction Using an Optimized Data Driven Machine Learning Models Source doi: https://doi.org/10.1007 Source arXiv: 2306.04338 Source arXiv: 2306.043 Source content: ""Data science has become increasingly important for the production of official statistics","2306.04338v1 ""claimed_content"": ""Data science has become increasingly important for the production of official statistics, as it enables the automated collection, new line breaks, or Source title: ""Solar Irradiance Prediction Using an Optimized Data Driven Machine Learning Models Source doi: https://doi.org/10.1007 Source arXiv: 2306.04338 Source arXiv: 2306.043 Source content: ""Data science has become increasingly important for the production of official statistics",Solar Irradiance Prediction Using an Optimized Data Driven Machine Learning Models,"What practical steps and monitoring strategies can statistical agencies use to detect, assess, and mitigate the impacts of changing data sources on the accuracy and continuity of official statistics?"
55,shifted_source_negative,hallucinated,False,regex_repair,True,hallucinated,False,0.06806282722513089,0.013745704467353952,False,False,"Solar Irradiance Prediction Using an Optimized Data Driven Machine Learning Models"", ""claimed_title"": ""Solar Irradiance Prediction Using an Optimized Data Driven Machine Learning Models ""claimed_year"": 2023 ""claimed_doi"": ""https://doi.org/10.1007.1007 ""claimed_arxiv_id"": ""2306.04338v1 ""claimed_content"": ""Data science has become increasingly important for the production of official statistics, as it enables the automated collection, new line breaks, or Source title: ""Solar Irradiance Prediction Using an Optimized Data Driven Machine Learning Models Source doi: https://doi.org/10.1007 Source arXiv: 2306.04338 Source arXiv: 2306.043 Source content: ""Data science has become increasingly important for the production of official statistics",2023,"https://doi.org/10.1007.1007 ""claimed_arxiv_id"": ""2306.04338v1 ""claimed_content"": ""Data science has become increasingly important for the production of official statistics, as it enables the automated collection, new line breaks, or Source title: ""Solar Irradiance Prediction Using an Optimized Data Driven Machine Learning Models Source doi: https://doi.org/10.1007 Source arXiv: 2306.04338 Source arXiv: 2306.043 Source content: ""Data science has become increasingly important for the production of official statistics","2306.04338v1 ""claimed_content"": ""Data science has become increasingly important for the production of official statistics, as it enables the automated collection, new line breaks, or Source title: ""Solar Irradiance Prediction Using an Optimized Data Driven Machine Learning Models Source doi: https://doi.org/10.1007 Source arXiv: 2306.04338 Source arXiv: 2306.043 Source content: ""Data science has become increasingly important for the production of official statistics",Toward Convolutional Blind Denoising of Real Photographs,How can I generate realistic synthetic noisy images that mimic real camera noise (including signal-dependent noise and in-camera processing steps) for training deep denoising models?
56,source_conditioned_supported,supported,False,regex_repair,True,hallucinated,False,1.0,0.005738880918220947,True,False,Toward Convolutional Blind Denoising of Real Photographs,2019,"https://doi.org/10.1109/cvpr.2019.1109, claimed_year, claimed_doi, claimed_arxiv_id, claimed_content { ""claimed_title"": ""Toward Convolutional Blind Denoising of Real Photographs"", ""claimed_year"": 2019, ""claimed_doi"": ""https://doi.org/10.1109/cvpr.2019.1109 Source record: { ""claimed_title"": ""Toward Convolutional Blind Denoising of Real Photographs ""claimed_year"": 2019, ""claimed_doi"": ""https://doi.org/1109 ""claimed_content"": ""Deep learning-based methods have achieved remarkable success in image den",,Toward Convolutional Blind Denoising of Real Photographs,How can I generate realistic synthetic noisy images that mimic real camera noise (including signal-dependent noise and in-camera processing steps) for training deep denoising models?
56,shifted_source_negative,hallucinated,False,regex_repair,True,hallucinated,False,0.3291139240506329,0.02544529262086514,False,False,Toward Convolutional Blind Denoising of Real Photographs,2019,"https://doi.org/10.1109/cvpr.2019.1109, claimed_year, claimed_doi, claimed_arxiv_id, claimed_content { ""claimed_title"": ""Toward Convolutional Blind Denoising of Real Photographs"", ""claimed_year"": 2019, ""claimed_doi"": ""https://doi.org/10.1109/cvpr.2019.1109 Source record: { ""claimed_title"": ""Toward Convolutional Blind Denoising of Real Photographs ""claimed_year"": 2019, ""claimed_doi"": ""https://doi.org/1109 ""claimed_content"": ""Deep learning-based methods have achieved remarkable success in image den",,Multiple Interactions between Cations and Anions Achieve a High Density of <i>Cyclo</i>-N<sub>5</sub> Salts,"How do precise measurements of very rare decays of neutral B mesons into muon pairs constrain physics beyond the Standard Model, and what level of experimental precision or significance is typically needed to rule out or confirm extensions such as supersymmetry or extended Higgs sectors?"
57,source_conditioned_supported,supported,False,regex_repair,True,hallucinated,False,0.4727272727272727,0.0,True,False,"Multiple Interactions between Cations and Anions Achieve a High Density of Cyclo-N5 Salts ""Multiple Interactions between Cations and Anions Achieve a High Density of Cyclo-N5 Salts { ""claimed_title"": ""Multiple Interactions between Cations and Anions Achieve a High Density of Cyclo-N5 Salts",2023,"https://doi.org/10.1021/acs.org/acs.citation { ""Multiple Interactions between Cations and Anions Achieve a High Density of Cyclo-N</sub>5 Salts Author"": ""ACS Publications"" ""claimed_title"": ""Multiple Interactions between Cations and Anions Achieve a High Density of Cyclo-N5 Salts ""claimed_arxiv_id"": ""1411.4413",1411.4413,Multiple Interactions between Cations and Anions Achieve a High Density of <i>Cyclo</i>-N<sub>5</sub> Salts,"How do precise measurements of very rare decays of neutral B mesons into muon pairs constrain physics beyond the Standard Model, and what level of experimental precision or significance is typically needed to rule out or confirm extensions such as supersymmetry or extended Higgs sectors?"
57,shifted_source_negative,hallucinated,False,regex_repair,True,hallucinated,False,0.10160427807486631,0.0,False,False,"Multiple Interactions between Cations and Anions Achieve a High Density of Cyclo-N5 Salts ""Multiple Interactions between Cations and Anions Achieve a High Density of Cyclo-N5 Salts { ""claimed_title"": ""Multiple Interactions between Cations and Anions Achieve a High Density of Cyclo-N5 Salts",2023,"https://doi.org/10.1021/acs.org/acs.citation { ""Multiple Interactions between Cations and Anions Achieve a High Density of Cyclo-N</sub>5 Salts Author"": ""ACS Publications"" ""claimed_title"": ""Multiple Interactions between Cations and Anions Achieve a High Density of Cyclo-N5 Salts ""claimed_arxiv_id"": ""1411.4413",1411.4413,Bidirectional LSTM with attention mechanism and convolutional layer for text classification,"What are common ways to represent protein structures as graphs for use with graph neural networks, and what are the main trade-offs (accuracy, computational cost, and ease of construction) between these representations?"
58,source_conditioned_supported,supported,False,regex_repair,True,hallucinated,False,1.0,0.0,True,False,Bidirectional LSTM with attention mechanism and convolutional layer for text classification,2019,"https://doi.org/10.1016/j.neucom.2019. ""claimed_arxiv_id"": ""arXiv_id"": ""arXiv_id"": ""arXiv_id"": ""arXiv_id"": ""arXiv_id"": ""arXiv_id"": ""arXiv_id"": ""arXiv_id"": ""arXiv_id"": ""arXiv_id"": ""arXiv_id"": ""arXiv_id"": ""arXiv_id"": ""arXiv_id"": ""10.1016/j.neucom.2019.01.038","arXiv_id"": ""arXiv_id"": ""arXiv_id"": ""arXiv_id"": ""arXiv_id"": ""arXiv_id"": ""arXiv_id"": ""arXiv_id"": ""arXiv_id"": ""arXiv_id"": ""arXiv_id"": ""arXiv_id"": ""arXiv_id"": ""arXiv_id"": ""10.1016/j.neucom.2019.01.038",Bidirectional LSTM with attention mechanism and convolutional layer for text classification,"What are common ways to represent protein structures as graphs for use with graph neural networks, and what are the main trade-offs (accuracy, computational cost, and ease of construction) between these representations?"
58,shifted_source_negative,hallucinated,False,regex_repair,True,hallucinated,False,0.17391304347826086,0.0,False,False,Bidirectional LSTM with attention mechanism and convolutional layer for text classification,2019,"https://doi.org/10.1016/j.neucom.2019. ""claimed_arxiv_id"": ""arXiv_id"": ""arXiv_id"": ""arXiv_id"": ""arXiv_id"": ""arXiv_id"": ""arXiv_id"": ""arXiv_id"": ""arXiv_id"": ""arXiv_id"": ""arXiv_id"": ""arXiv_id"": ""arXiv_id"": ""arXiv_id"": ""arXiv_id"": ""10.1016/j.neucom.2019.01.038","arXiv_id"": ""arXiv_id"": ""arXiv_id"": ""arXiv_id"": ""arXiv_id"": ""arXiv_id"": ""arXiv_id"": ""arXiv_id"": ""arXiv_id"": ""arXiv_id"": ""arXiv_id"": ""arXiv_id"": ""arXiv_id"": ""arXiv_id"": ""10.1016/j.neucom.2019.01.038",Performance Improvement of Water Body Segmentation by DeeplabV3+Using Two Dimensional Variational Mode Decomposition,How can neural network architectures be designed or adapted to improve the detection and segmentation of small-scale objects in satellite imagery?
59,source_conditioned_supported,supported,False,regex_repair,True,supported,True,1.0,1.0,True,True,Performance Improvement of Water Body Segmentation by DeeplabV3+Using Two Dimensional Variational Mode Decomposition,2023,https://doi.org/10.1109/spin57001.2023.10116311,2310.06848v1,Performance Improvement of Water Body Segmentation by DeeplabV3+Using Two Dimensional Variational Mode Decomposition,How can neural network architectures be designed or adapted to improve the detection and segmentation of small-scale objects in satellite imagery?
59,shifted_source_negative,hallucinated,False,regex_repair,True,hallucinated,False,0.25149700598802394,0.0,False,False,Performance Improvement of Water Body Segmentation by DeeplabV3+Using Two Dimensional Variational Mode Decomposition,2023,https://doi.org/10.1109/spin57001.2023.10116311,2310.06848v1,Economics of converting renewable power to hydrogen,What are the main advantages and technical challenges of producing and studying muonic hydrogen atoms in vacuum for investigating energy-dependent muonic reactions and their relevance to muon-catalyzed fusion?
60,source_conditioned_supported,supported,False,regex_repair,True,hallucinated,False,0.9320388349514563,0.11710323574730354,True,False,Economics of converting renewable energy to hydrogen,2019,https://doi.org/10.1038/ncomms.2019.1,01010007v1,Economics of converting renewable power to hydrogen,What are the main advantages and technical challenges of producing and studying muonic hydrogen atoms in vacuum for investigating energy-dependent muonic reactions and their relevance to muon-catalyzed fusion?
60,shifted_source_negative,hallucinated,False,regex_repair,True,hallucinated,False,0.26153846153846155,0.009602194787379973,False,False,Economics of converting renewable energy to hydrogen,2019,https://doi.org/10.1038/ncomms.2019.1,01010007v1,Systemic approach to Smart Urban Transformations Of Cities Case of Muscat- Oman,What practical steps can city governments take to integrate circular economy principles with smart technologies while ensuring strong citizen engagement and equitable outcomes?
61,source_conditioned_supported,supported,False,regex_repair,True,hallucinated,False,0.22349570200573066,0.07678464307138572,True,False,"Systemic approach to Smart Urban Transformations Of Cities Case of Muscat Oman"", ""claimed_title"": ""Systemic approach to Smart Urban Transformations Of Cities Case of Muscat Oman ""claimed_year"": 2023 ""claimed_doi"": ""https://doi.org/10.15379/ijmst ""claimed_doi"": ""https://doi.org/10.15379/ijmst ""claimed_arxiv_id"": ""2410.22012v1 ""claimed_content"": ""Smart cities have been a very active area of research in the last 20 years Abstract: Systemic approach to Smart Urban Transformations Of Cities Case of Muscat Oman ""claimed_title"": ""Systemic approach to Smart Urban Transformations Of Cities Case of Muscat Oman ""claimed_year"": 2023 ""claimed_doi"": ""https://doi.org/10",2023,"https://doi.org/10.15379/ijmst ""claimed_doi"": ""https://doi.org/10.15379/ijmst ""claimed_arxiv_id"": ""2410.22012v1 ""claimed_content"": ""Smart cities have been a very active area of research in the last 20 years Abstract: Systemic approach to Smart Urban Transformations Of Cities Case of Muscat Oman ""claimed_title"": ""Systemic approach to Smart Urban Transformations Of Cities Case of Muscat Oman ""claimed_year"": 2023 ""claimed_doi"": ""https://doi.org/10","2410.22012v1 ""claimed_content"": ""Smart cities have been a very active area of research in the last 20 years Abstract: Systemic approach to Smart Urban Transformations Of Cities Case of Muscat Oman ""claimed_title"": ""Systemic approach to Smart Urban Transformations Of Cities Case of Muscat Oman ""claimed_year"": 2023 ""claimed_doi"": ""https://doi.org/10",Systemic approach to Smart Urban Transformations Of Cities Case of Muscat- Oman,What practical steps can city governments take to integrate circular economy principles with smart technologies while ensuring strong citizen engagement and equitable outcomes?
61,shifted_source_negative,hallucinated,False,regex_repair,True,hallucinated,False,0.08533333333333333,0.022712090848363394,False,False,"Systemic approach to Smart Urban Transformations Of Cities Case of Muscat Oman"", ""claimed_title"": ""Systemic approach to Smart Urban Transformations Of Cities Case of Muscat Oman ""claimed_year"": 2023 ""claimed_doi"": ""https://doi.org/10.15379/ijmst ""claimed_doi"": ""https://doi.org/10.15379/ijmst ""claimed_arxiv_id"": ""2410.22012v1 ""claimed_content"": ""Smart cities have been a very active area of research in the last 20 years Abstract: Systemic approach to Smart Urban Transformations Of Cities Case of Muscat Oman ""claimed_title"": ""Systemic approach to Smart Urban Transformations Of Cities Case of Muscat Oman ""claimed_year"": 2023 ""claimed_doi"": ""https://doi.org/10",2023,"https://doi.org/10.15379/ijmst ""claimed_doi"": ""https://doi.org/10.15379/ijmst ""claimed_arxiv_id"": ""2410.22012v1 ""claimed_content"": ""Smart cities have been a very active area of research in the last 20 years Abstract: Systemic approach to Smart Urban Transformations Of Cities Case of Muscat Oman ""claimed_title"": ""Systemic approach to Smart Urban Transformations Of Cities Case of Muscat Oman ""claimed_year"": 2023 ""claimed_doi"": ""https://doi.org/10","2410.22012v1 ""claimed_content"": ""Smart cities have been a very active area of research in the last 20 years Abstract: Systemic approach to Smart Urban Transformations Of Cities Case of Muscat Oman ""claimed_title"": ""Systemic approach to Smart Urban Transformations Of Cities Case of Muscat Oman ""claimed_year"": 2023 ""claimed_doi"": ""https://doi.org/10",Engineering the electronic structure of single atom Ru sites via compressive strain boosts acidic water oxidation electrocatalysis,"How do different buffer anions and cations present at neutral pH affect the activity, onset potential, and stability of water oxidation catalysts, and what mechanisms explain those effects?"
62,source_conditioned_supported,supported,False,regex_repair,True,supported,True,1.0,1.0,True,True,Engineering the electronic structure of single atom Ru sites via compressive strain boosts acidic water oxidation electrocatalysis,2019,https://doi.org/10.1038/s41929-019-0246-2,1402.5491v1,Engineering the electronic structure of single atom Ru sites via compressive strain boosts acidic water oxidation electrocatalysis,"How do different buffer anions and cations present at neutral pH affect the activity, onset potential, and stability of water oxidation catalysts, and what mechanisms explain those effects?"
62,shifted_source_negative,hallucinated,False,regex_repair,True,hallucinated,False,0.17293233082706766,0.007832898172323759,False,False,Engineering the electronic structure of single atom Ru sites via compressive strain boosts acidic water oxidation electrocatalysis,2019,https://doi.org/10.1038/s41929-019-0246-2,1402.5491v1,An exploration of the feasibility and clinical value of half-dose 5-h total-body 18F-FDG PET/CT scan in patients with Takayasu arteritis,"What simple mechanisms or economic processes can explain why company size distributions (income, capital, sales, employees) follow Zipf's law or other power laws?"
63,source_conditioned_supported,supported,False,unrepairable:no_json_object,False,hallucinated,False,0.0,0.0,False,False,,,,,An exploration of the feasibility and clinical value of half-dose 5-h total-body 18F-FDG PET/CT scan in patients with Takayasu arteritis,"What simple mechanisms or economic processes can explain why company size distributions (income, capital, sales, employees) follow Zipf's law or other power laws?"
63,shifted_source_negative,hallucinated,False,unrepairable:no_json_object,False,hallucinated,False,0.0,0.0,False,False,,,,,Search-and-replace genome editing without double-strand breaks or donor DNA,"What are the current best practices for integrating computational predictions of genetic variant impact into clinical diagnostic workflows, and how should their uncertainty be communicated to clinicians and patients?"
64,source_conditioned_supported,supported,True,strict_json,True,supported,True,1.0,1.0,True,True,Search-and-replace genome editing without double-strand breaks or donor DNA,2019,https://doi.org/10.1038/s41586-019-1711-4,2205.05897v1,Search-and-replace genome editing without double-strand breaks or donor DNA,"What are the current best practices for integrating computational predictions of genetic variant impact into clinical diagnostic workflows, and how should their uncertainty be communicated to clinicians and patients?"
64,shifted_source_negative,hallucinated,True,strict_json,True,hallucinated,False,0.24870466321243523,0.00749063670411985,False,False,Search-and-replace genome editing without double-strand breaks or donor DNA,2019,https://doi.org/10.1038/s41586-019-1711-4,2205.05897v1,"4′,7-dihydroxyflavone conjugated carbon nanotube formulation demonstrates improved efficacy against Leishmania parasite","How can information-theoretic measures such as Shannon entropy and Kullback–Leibler divergence be used to distinguish between different physical mechanisms (e.g., collision cascades vs. thermal spikes) responsible for ion-induced fragmentation of carbon nanotubes?"
65,source_conditioned_supported,supported,False,unrepairable:no_json_object,False,hallucinated,False,0.0,0.0,False,False,,,,,"4′,7-dihydroxyflavone conjugated carbon nanotube formulation demonstrates improved efficacy against Leishmania parasite","How can information-theoretic measures such as Shannon entropy and Kullback–Leibler divergence be used to distinguish between different physical mechanisms (e.g., collision cascades vs. thermal spikes) responsible for ion-induced fragmentation of carbon nanotubes?"
65,shifted_source_negative,hallucinated,False,unrepairable:no_json_object,False,hallucinated,False,0.0,0.0,False,False,,,,,Reaction systems for solar hydrogen production via water splitting with particulate semiconductor photocatalysts,"What are the advantages and challenges of studying muonic hydrogen atoms in vacuum compared with traditional bulk gas, liquid, or solid targets when investigating processes relevant to muon-catalyzed fusion?"
66,source_conditioned_supported,supported,False,unrepairable:no_json_object,False,hallucinated,False,0.0,0.0,False,False,,,,,Reaction systems for solar hydrogen production via water splitting with particulate semiconductor photocatalysts,"What are the advantages and challenges of studying muonic hydrogen atoms in vacuum compared with traditional bulk gas, liquid, or solid targets when investigating processes relevant to muon-catalyzed fusion?"
66,shifted_source_negative,hallucinated,False,unrepairable:no_json_object,False,hallucinated,False,0.0,0.0,False,False,,,,,"Harnack Estimation for Nonlinear, Weighted, Heat-Type Equation along Geometric Flow and Applications","How do adding higher-order terms or extra free parameters to nonlinear Schrödinger-type models affect the formation, stability, and interactions of breathers and rogue waves in physical systems, and how should one choose those parameters to match observations?"
67,source_conditioned_supported,supported,False,regex_repair,True,hallucinated,False,0.43847874720357943,0.0,True,False,"Harnack Estimation for Nonlinear, Weighted, Heat-Type Equation along Geometric Flow and Applications Abstract The Harnack Estimation for nonlinear, weighted, heat-type equation along geometric flow and its applications { ""claimed_title"": ""Harnack Estimation for Nonlinear, Weighted, Heat-Type Equation along Geometric Flow and Its Applications ""claimed_year"": 2023",2023,"We derive the two-breather solution of the class I infinitely extended nonlinear, weighted, heat-type equation along geometric flow and its applications Source record: { ""claimed_title"": ""Harnack Estimation for Nonlinear, Weighted, heat-type equation along geometric flow and Its Applications ""claimed_doi"": ""We derive the two-breather solution of the class I infinitely extended nonlinear, weighted heat-type equation along geometric flow and its applications ""claimed_ar",,"Harnack Estimation for Nonlinear, Weighted, Heat-Type Equation along Geometric Flow and Applications","How do adding higher-order terms or extra free parameters to nonlinear Schrödinger-type models affect the formation, stability, and interactions of breathers and rogue waves in physical systems, and how should one choose those parameters to match observations?"
67,shifted_source_negative,hallucinated,False,regex_repair,True,hallucinated,False,0.10964912280701754,0.0,False,False,"Harnack Estimation for Nonlinear, Weighted, Heat-Type Equation along Geometric Flow and Applications Abstract The Harnack Estimation for nonlinear, weighted, heat-type equation along geometric flow and its applications { ""claimed_title"": ""Harnack Estimation for Nonlinear, Weighted, Heat-Type Equation along Geometric Flow and Its Applications ""claimed_year"": 2023",2023,"We derive the two-breather solution of the class I infinitely extended nonlinear, weighted, heat-type equation along geometric flow and its applications Source record: { ""claimed_title"": ""Harnack Estimation for Nonlinear, Weighted, heat-type equation along geometric flow and Its Applications ""claimed_doi"": ""We derive the two-breather solution of the class I infinitely extended nonlinear, weighted heat-type equation along geometric flow and its applications ""claimed_ar",,Memorizing Normality to Detect Anomaly: Memory-Augmented Deep Autoencoder for Unsupervised Anomaly Detection,"How can incorporating an external memory component into an autoencoder improve anomaly detection, and what are the practical trade-offs (such as added complexity, memory size, and risk of overfitting) to consider?"
68,source_conditioned_supported,supported,False,unrepairable:no_json_object,False,hallucinated,False,0.0,0.0,False,False,,,,,Memorizing Normality to Detect Anomaly: Memory-Augmented Deep Autoencoder for Unsupervised Anomaly Detection,"How can incorporating an external memory component into an autoencoder improve anomaly detection, and what are the practical trade-offs (such as added complexity, memory size, and risk of overfitting) to consider?"
68,shifted_source_negative,hallucinated,False,unrepairable:no_json_object,False,hallucinated,False,0.0,0.0,False,False,,,,,Crowding-out effect of tobacco consumption in Serbia,What factors determine whether increasing a model's size or parameter count will lead to a proportional rise in inference energy consumption in real-world deployments?
69,source_conditioned_supported,supported,False,regex_repair,True,hallucinated,True,1.0,0.1669266770670827,True,False,Crowding-out effect of tobacco consumption in Serbia,2023,null,2109.05472v2,Crowding-out effect of tobacco consumption in Serbia,What factors determine whether increasing a model's size or parameter count will lead to a proportional rise in inference energy consumption in real-world deployments?
69,shifted_source_negative,hallucinated,False,regex_repair,True,hallucinated,False,0.37623762376237624,0.011472275334608031,False,False,Crowding-out effect of tobacco consumption in Serbia,2023,null,2109.05472v2,Quantum Chemistry in the Age of Quantum Computing,"What are the advantages and potential challenges of using a higher-order dataflow graph representation and runtime for building, visualizing, and executing quantum-classical hybrid algorithms across remote, cloud, or distributed environments?"
70,source_conditioned_supported,supported,False,regex_repair,True,hallucinated,False,0.3469387755102041,0.03932082216264522,True,False,Quantum Computing and Quantum Information Science,2019,"https://doi.org/10.1021/acs.journals.acs.org/doi/10.1021/acs.journals.acs.org/10.1021/acs.journals.acs.org/10.1021/acs.journals.acs.org/10.1021.1021/acs.journals.acs.org/10.1021.1021/acs.journals.acs/10.1021.1021.1021/acs.journals.acs.1021/10.1021.1021/acs.journals.acs.8b.8.1 ""claimed_content"": ""Enabling quantum computing with quantum chemistry, enabling the development of quantum algorithms for quantum computing, a novel approach to quantum computing that enables the efficient execution of",,Quantum Chemistry in the Age of Quantum Computing,"What are the advantages and potential challenges of using a higher-order dataflow graph representation and runtime for building, visualizing, and executing quantum-classical hybrid algorithms across remote, cloud, or distributed environments?"
70,shifted_source_negative,hallucinated,False,regex_repair,True,hallucinated,False,0.28846153846153844,0.016773556980759743,False,False,Quantum Computing and Quantum Information Science,2019,"https://doi.org/10.1021/acs.journals.acs.org/doi/10.1021/acs.journals.acs.org/10.1021/acs.journals.acs.org/10.1021/acs.journals.acs.org/10.1021.1021/acs.journals.acs.org/10.1021.1021/acs.journals.acs/10.1021.1021.1021/acs.journals.acs.1021/10.1021.1021/acs.journals.acs.8b.8.1 ""claimed_content"": ""Enabling quantum computing with quantum chemistry, enabling the development of quantum algorithms for quantum computing, a novel approach to quantum computing that enables the efficient execution of",,A synergetic strategy based on texture and Nano-TiO2 grease to improve the tribological and insulating properties of the matrix under current-carrying friction,"What are the main scientific and technological challenges to establishing a sustained program of Venus exploration, and what types of missions or instruments would best address those challenges?"
71,source_conditioned_supported,supported,False,regex_repair,True,supported,True,1.0,1.0,True,True,A synergetic strategy based on texture and Nano-TiO2 grease to improve the tribological and insulating properties of the matrix under current-carrying friction,2023,https://doi.org/10.1016/j.triboint.2023.108379,2412.06830v1,A synergetic strategy based on texture and Nano-TiO2 grease to improve the tribological and insulating properties of the matrix under current-carrying friction,"What are the main scientific and technological challenges to establishing a sustained program of Venus exploration, and what types of missions or instruments would best address those challenges?"
71,shifted_source_negative,hallucinated,False,regex_repair,True,hallucinated,False,0.1908713692946058,0.002982848620432513,False,False,A synergetic strategy based on texture and Nano-TiO2 grease to improve the tribological and insulating properties of the matrix under current-carrying friction,2023,https://doi.org/10.1016/j.triboint.2023.108379,2412.06830v1,Quantitative assessment of microbial necromass contribution to soil organic matter,"How does portable X-ray fluorescence (PXRF) spectrometry compare to conventional laboratory analyses for measuring soil nutrients and elements in terms of accuracy, cost, speed, and field applicability?"
72,source_conditioned_supported,supported,False,regex_repair,True,supported,True,1.0,1.0,True,True,Quantitative assessment of microbial necromass contribution to soil organic matter,2019,https://doi.org/10.1111/gcb.14781,2404.12415v2,Quantitative assessment of microbial necromass contribution to soil organic matter,"How does portable X-ray fluorescence (PXRF) spectrometry compare to conventional laboratory analyses for measuring soil nutrients and elements in terms of accuracy, cost, speed, and field applicability?"
72,shifted_source_negative,hallucinated,False,regex_repair,True,hallucinated,False,0.2808988764044944,0.005964214711729622,False,False,Quantitative assessment of microbial necromass contribution to soil organic matter,2019,https://doi.org/10.1111/gcb.14781,2404.12415v2,The effect of internet addiction on physical activity and dietary habits in high school students,What teaching practices or interventions have been shown to effectively promote more expert-like attitudes and approaches to physics problem solving among high school and university students?
73,source_conditioned_supported,supported,False,regex_repair,True,hallucinated,False,0.6463414634146342,0.0,True,False,The effect of internet addiction on the mental health of adolescents,2023,"https://doi.org/10.1007/023-02083-0 ""claimed_title"", ""claimed_year"", ""claimed_doi"", ""claimed_arxiv_id"", ""claimed_content",,The effect of internet addiction on physical activity and dietary habits in high school students,What teaching practices or interventions have been shown to effectively promote more expert-like attitudes and approaches to physics problem solving among high school and university students?
73,shifted_source_negative,hallucinated,False,regex_repair,True,hallucinated,False,0.22018348623853212,0.0,False,False,The effect of internet addiction on the mental health of adolescents,2023,"https://doi.org/10.1007/023-02083-0 ""claimed_title"", ""claimed_year"", ""claimed_doi"", ""claimed_arxiv_id"", ""claimed_content",,Advances in magnetoelectric multiferroics,What strategies are most promising for designing or discovering single-phase materials that exhibit both robust ferroelectricity and magnetism at or near room temperature?
74,source_conditioned_supported,supported,False,regex_repair,True,hallucinated,False,1.0,0.0734341252699784,True,False,Advances in magnetoelectric multiferroics,2019,"https://doi.org/10.1038/s41586-2019-01-001 ""claimed_doi"": ""https://doi.org/10.1038/s41586-001 ""claimed_arxiv_id"": ""https://arxiv.org/0906-0662 ""claimed_content"": ""Multiferroics, defined for those multifunctional materials with multiple spaces in the abstract ""Advances in magnetoelectric multiferroics ""claimed_year"": 2019 ""claimed_title"": ""Advances in magnetoelectric multiferroics ""claimed_doi"": ""claimed_content"": ""Multiferroics, defined for those multifunctional materials with magnetoelectric properties, have been extensively studied in the past few decades","https://arxiv.org/0906-0662 ""claimed_content"": ""Multiferroics, defined for those multifunctional materials with multiple spaces in the abstract ""Advances in magnetoelectric multiferroics ""claimed_year"": 2019 ""claimed_title"": ""Advances in magnetoelectric multiferroics ""claimed_doi"": ""claimed_content"": ""Multiferroics, defined for those multifunctional materials with magnetoelectric properties, have been extensively studied in the past few decades",Advances in magnetoelectric multiferroics,What strategies are most promising for designing or discovering single-phase materials that exhibit both robust ferroelectricity and magnetism at or near room temperature?
74,shifted_source_negative,hallucinated,False,regex_repair,True,hallucinated,False,0.20588235294117646,0.013845185651353053,False,False,Advances in magnetoelectric multiferroics,2019,"https://doi.org/10.1038/s41586-2019-01-001 ""claimed_doi"": ""https://doi.org/10.1038/s41586-001 ""claimed_arxiv_id"": ""https://arxiv.org/0906-0662 ""claimed_content"": ""Multiferroics, defined for those multifunctional materials with multiple spaces in the abstract ""Advances in magnetoelectric multiferroics ""claimed_year"": 2019 ""claimed_title"": ""Advances in magnetoelectric multiferroics ""claimed_doi"": ""claimed_content"": ""Multiferroics, defined for those multifunctional materials with magnetoelectric properties, have been extensively studied in the past few decades","https://arxiv.org/0906-0662 ""claimed_content"": ""Multiferroics, defined for those multifunctional materials with multiple spaces in the abstract ""Advances in magnetoelectric multiferroics ""claimed_year"": 2019 ""claimed_title"": ""Advances in magnetoelectric multiferroics ""claimed_doi"": ""claimed_content"": ""Multiferroics, defined for those multifunctional materials with magnetoelectric properties, have been extensively studied in the past few decades",Synthesis and Biological Activity of Myricetin Derivatives Containing Pyrazole Piperazine Amide,How can concepts from rate-distortion theory be applied to explain why and how molecular coding systems (like the genetic code) emerge and evolve in biological populations?
75,source_conditioned_supported,supported,False,unrepairable:no_json_object,False,hallucinated,False,0.0,0.0,False,False,,,,,Synthesis and Biological Activity of Myricetin Derivatives Containing Pyrazole Piperazine Amide,How can concepts from rate-distortion theory be applied to explain why and how molecular coding systems (like the genetic code) emerge and evolve in biological populations?
75,shifted_source_negative,hallucinated,False,unrepairable:no_json_object,False,hallucinated,False,0.0,0.0,False,False,,,,,Actional-Structural Graph Convolutional Networks for Skeleton-Based Action Recognition,"How do multi-level (global body vs local body-part) representations and part-aware attention mechanisms improve generalization in one-shot skeleton-based action recognition, especially for distinguishing fine-grained actions?"
76,source_conditioned_supported,supported,False,unrepairable:no_json_object,False,hallucinated,False,0.0,0.0,False,False,,,,,Actional-Structural Graph Convolutional Networks for Skeleton-Based Action Recognition,"How do multi-level (global body vs local body-part) representations and part-aware attention mechanisms improve generalization in one-shot skeleton-based action recognition, especially for distinguishing fine-grained actions?"
76,shifted_source_negative,hallucinated,False,unrepairable:no_json_object,False,hallucinated,False,0.0,0.0,False,False,,,,,"Reliability, Usefulness, and Validity of Field-Based Vertical Jump Measuring Devices",What factors should be considered when evaluating the validity and reliability of consumer wearable devices for measuring vertical jump height in athletes?
77,source_conditioned_supported,supported,False,regex_repair,True,supported,True,1.0,1.0,True,True,"Reliability, Usefulness, and Validity of Field-Based Vertical Jump Measuring Devices",2023,https://doi.org/10.1519/jsc.0000000000004436,2203.16442v1,"Reliability, Usefulness, and Validity of Field-Based Vertical Jump Measuring Devices",What factors should be considered when evaluating the validity and reliability of consumer wearable devices for measuring vertical jump height in athletes?
77,shifted_source_negative,hallucinated,False,regex_repair,True,hallucinated,False,0.2191780821917808,0.014563106796116505,False,False,"Reliability, Usefulness, and Validity of Field-Based Vertical Jump Measuring Devices",2023,https://doi.org/10.1519/jsc.0000000000004436,2203.16442v1,Quantum supremacy using a programmable superconducting processor,"How do precise measurements of rare B meson decays into muon pairs constrain or rule out different types of theories beyond the Standard Model, and which classes of models are most affected?"
78,source_conditioned_supported,supported,False,regex_repair,True,hallucinated,False,0.7563025210084033,0.17534942820838628,True,False,Quantum supremacy using a programmable quantum computer,2019,"https://doi.org/10.1038/s41586-019-1666-6 ""claimed_doi"": ""https://doi.org/10.1038/s41586-019-1666, claimed_doi, claimed_arxiv_id, and claimed_content from the source record. { ""claimed_title"": ""Quantum supremacy using a programmable quantum computer"", ""claimed_year"": 2019 Source record: { ""claimed_doi"": ""https://doi.org/10.1038/s41586-019-1666 ""claimed_arxiv_id"": ""1411.4413v2 ""claimed_content"": ""A joint measurement is presented of the branching fractions $B^0_s\to\pi^+\pi","1411.4413v2 ""claimed_content"": ""A joint measurement is presented of the branching fractions $B^0_s\to\pi^+\pi",Quantum supremacy using a programmable superconducting processor,"How do precise measurements of rare B meson decays into muon pairs constrain or rule out different types of theories beyond the Standard Model, and which classes of models are most affected?"
78,shifted_source_negative,hallucinated,False,regex_repair,True,hallucinated,False,0.20454545454545456,0.17534942820838628,False,False,Quantum supremacy using a programmable quantum computer,2019,"https://doi.org/10.1038/s41586-019-1666-6 ""claimed_doi"": ""https://doi.org/10.1038/s41586-019-1666, claimed_doi, claimed_arxiv_id, and claimed_content from the source record. { ""claimed_title"": ""Quantum supremacy using a programmable quantum computer"", ""claimed_year"": 2019 Source record: { ""claimed_doi"": ""https://doi.org/10.1038/s41586-019-1666 ""claimed_arxiv_id"": ""1411.4413v2 ""claimed_content"": ""A joint measurement is presented of the branching fractions $B^0_s\to\pi^+\pi","1411.4413v2 ""claimed_content"": ""A joint measurement is presented of the branching fractions $B^0_s\to\pi^+\pi",Correlating Access to Primary Medical Care and Veterinary Care Providers: A Novel Application of Spatial Gravity Modelling,Why are rare flavor-changing neutral-current decays of B mesons to muon pairs considered especially sensitive probes for physics beyond the Standard Model?
79,source_conditioned_supported,supported,False,unrepairable:no_json_object,False,hallucinated,False,0.0,0.0,False,False,,,,,Correlating Access to Primary Medical Care and Veterinary Care Providers: A Novel Application of Spatial Gravity Modelling,Why are rare flavor-changing neutral-current decays of B mesons to muon pairs considered especially sensitive probes for physics beyond the Standard Model?
79,shifted_source_negative,hallucinated,False,unrepairable:no_json_object,False,hallucinated,False,0.0,0.0,False,False,,,,,Universal Declaration of Human Rights,What are the main technical and social challenges in implementing standardized mechanisms that give individuals more control over their personal data and consent online?
80,source_conditioned_supported,supported,False,regex_repair,True,hallucinated,False,1.0,0.0,False,False,Universal Declaration of Human Rights,1948,https://doi.org/10.5194/2021,arXiv: 2209.97.,Universal Declaration of Human Rights,What are the main technical and social challenges in implementing standardized mechanisms that give individuals more control over their personal data and consent online?
80,shifted_source_negative,hallucinated,False,regex_repair,True,hallucinated,False,0.2777777777777778,0.0,False,False,Universal Declaration of Human Rights,1948,https://doi.org/10.5194/2021,arXiv: 2209.97.,Reactive extrusion additive manufacturing of a short carbon fiber thermosetting composite via active mixing,"How do precise measurements of very rare B-meson decays to muon pairs constrain or rule out extensions of the Standard Model, and what types of new-physics scenarios are most affected?"
81,source_conditioned_supported,supported,False,unrepairable:no_json_object,False,hallucinated,False,0.0,0.0,False,False,,,,,Reactive extrusion additive manufacturing of a short carbon fiber thermosetting composite via active mixing,"How do precise measurements of very rare B-meson decays to muon pairs constrain or rule out extensions of the Standard Model, and what types of new-physics scenarios are most affected?"
81,shifted_source_negative,hallucinated,False,unrepairable:no_json_object,False,hallucinated,False,0.0,0.0,False,False,,,,,Text Summarization with Pretrained Encoders,What are effective strategies for improving abstractive text summarization performance in low-resource languages when only a small amount of labeled training data is available?
82,source_conditioned_supported,supported,False,regex_repair,True,hallucinated,False,1.0,0.21243523316062177,True,False,Text Summarization with Pretrained Encoders,2019,"https://doi.org/10.18653/v1/d19-1387 ""claimed_arxiv_id"": ""2303.14461v1 ""claimed_content"": ""The ILSUM shared task focuses on text summarization for two major Indian languages-Hindi and Gujarati, along with the English translation of the first sentence of the abstract. ""The paper presents a detailed analysis or any other text Record 1 Source author: Source author name: Source author name: Source doi: 10.18653/v1/d19-1387 Source arXiv ID: 2303.14461v1 Source content: ""The ILSUM shared task focuses on text summarization for two major Indian languages-Hindi and Gujarati","2303.14461v1 ""claimed_content"": ""The ILSUM shared task focuses on text summarization for two major Indian languages-Hindi and Gujarati, along with the English translation of the first sentence of the abstract. ""The paper presents a detailed analysis or any other text Record 1 Source author: Source author name: Source author name: Source doi: 10.18653/v1/d19-1387 Source arXiv ID: 2303.14461v1 Source content: ""The ILSUM shared task focuses on text summarization for two major Indian languages-Hindi and Gujarati",Text Summarization with Pretrained Encoders,What are effective strategies for improving abstractive text summarization performance in low-resource languages when only a small amount of labeled training data is available?
82,shifted_source_negative,hallucinated,False,regex_repair,True,hallucinated,False,0.35398230088495575,0.009126466753585397,False,False,Text Summarization with Pretrained Encoders,2019,"https://doi.org/10.18653/v1/d19-1387 ""claimed_arxiv_id"": ""2303.14461v1 ""claimed_content"": ""The ILSUM shared task focuses on text summarization for two major Indian languages-Hindi and Gujarati, along with the English translation of the first sentence of the abstract. ""The paper presents a detailed analysis or any other text Record 1 Source author: Source author name: Source author name: Source doi: 10.18653/v1/d19-1387 Source arXiv ID: 2303.14461v1 Source content: ""The ILSUM shared task focuses on text summarization for two major Indian languages-Hindi and Gujarati","2303.14461v1 ""claimed_content"": ""The ILSUM shared task focuses on text summarization for two major Indian languages-Hindi and Gujarati, along with the English translation of the first sentence of the abstract. ""The paper presents a detailed analysis or any other text Record 1 Source author: Source author name: Source author name: Source doi: 10.18653/v1/d19-1387 Source arXiv ID: 2303.14461v1 Source content: ""The ILSUM shared task focuses on text summarization for two major Indian languages-Hindi and Gujarati",Effect of diluent N2 addition on NH3/H2/air combustion characteristics,"How do discrete kinetic (Boltzmann/lattice) models represent thermodynamic nonequilibrium effects in combustion, and what are their main advantages and limitations compared with conventional reactive Navier–Stokes approaches?"
83,source_conditioned_supported,supported,True,strict_json,True,supported,True,1.0,1.0,True,True,Effect of diluent N2 addition on NH3/H2/air combustion characteristics,2023,https://doi.org/10.1016/j.fuel.2023.129106,1405.5500v3,Effect of diluent N2 addition on NH3/H2/air combustion characteristics,"How do discrete kinetic (Boltzmann/lattice) models represent thermodynamic nonequilibrium effects in combustion, and what are their main advantages and limitations compared with conventional reactive Navier–Stokes approaches?"
83,shifted_source_negative,hallucinated,True,strict_json,True,hallucinated,False,0.36904761904761907,0.006493506493506494,False,False,Effect of diluent N2 addition on NH3/H2/air combustion characteristics,2023,https://doi.org/10.1016/j.fuel.2023.129106,1405.5500v3,Benchmark and integration of resources for the estimation of human transcription factor activities,"What are the main nucleosynthetic sources of phosphorus in the Galaxy, and how do they influence the observed trend of phosphorus abundance with stellar metallicity?"
84,source_conditioned_supported,supported,False,regex_repair,True,hallucinated,False,0.9849246231155779,0.011695906432748537,False,False,Benchmarking and Integration of Resources for the Estimation of Human Transcription Factor Activities,2020,"https://doi.org/10.1101.1101.1.0, claimed_doi, arxiv_id, claimed_content { ""claimed_title"": ""Benchmark and integration of resources for the estimation of human transcription factor activities"", ""claimed_year"": 2019, ""claimed_doi"": ""https://doi.org/10.1101.1.1 Source record 1 Source author1 Source author1 Source2 Source record2 Source3 Source3 Source4 Source4 Source5 Source6 Source7 Source8 Source9 Source10 Source11 ""claimed_content"": ""Phosphorus is a fundamental element for life, and its abundance is crucial",,Benchmark and integration of resources for the estimation of human transcription factor activities,"What are the main nucleosynthetic sources of phosphorus in the Galaxy, and how do they influence the observed trend of phosphorus abundance with stellar metallicity?"
84,shifted_source_negative,hallucinated,False,regex_repair,True,hallucinated,False,0.46987951807228917,0.0014295925661186562,False,False,Benchmarking and Integration of Resources for the Estimation of Human Transcription Factor Activities,2020,"https://doi.org/10.1101.1101.1.0, claimed_doi, arxiv_id, claimed_content { ""claimed_title"": ""Benchmark and integration of resources for the estimation of human transcription factor activities"", ""claimed_year"": 2019, ""claimed_doi"": ""https://doi.org/10.1101.1.1 Source record 1 Source author1 Source author1 Source2 Source record2 Source3 Source3 Source4 Source4 Source5 Source6 Source7 Source8 Source9 Source10 Source11 ""claimed_content"": ""Phosphorus is a fundamental element for life, and its abundance is crucial",,Benchmarking Neural Capacity Estimation: Viability and Reliability,"What are the main practical challenges and failure modes when using neural-network-based estimators to estimate mutual information from finite samples across different channel types (continuous, discrete, and multi-terminal)?"
85,source_conditioned_supported,supported,False,regex_repair,True,hallucinated,False,0.75,0.01680672268907563,True,False,Benchmarking Neural Capacity Estimation,2023,https://doi.org/10.1109/tcomm.2023.325251,"2203.11793v2""claimed_content"": ""Neural capacity estimation has been a topic of interest in the title of the paper, and claimed_arxiv_id",Benchmarking Neural Capacity Estimation: Viability and Reliability,"What are the main practical challenges and failure modes when using neural-network-based estimators to estimate mutual information from finite samples across different channel types (continuous, discrete, and multi-terminal)?"
85,shifted_source_negative,hallucinated,False,regex_repair,True,hallucinated,False,0.21176470588235294,0.01717791411042945,False,False,Benchmarking Neural Capacity Estimation,2023,https://doi.org/10.1109/tcomm.2023.325251,"2203.11793v2""claimed_content"": ""Neural capacity estimation has been a topic of interest in the title of the paper, and claimed_arxiv_id","Instagram and YouTube bloggers promote it, why should I buy? How credibility and parasocial interaction influence purchase intentions","How do precise measurements of rare leptonic B-meson decays to muon pairs constrain extensions of the Standard Model, and which classes of new-physics models are most strongly affected?"
86,source_conditioned_supported,supported,False,regex_repair,True,hallucinated,False,0.4205128205128205,1.0,True,True,Instagram and YouTube influencers' influence on consumer behavior,2019,"https://doi.org/10.1016/j.jretconser.2019.0111 ""claimed_arxiv_id"": ""1411.4413v2 ""claimed_content"": ""The first observation of the $B^0_s\to^+^-.","1411.4413v2 ""claimed_content"": ""The first observation of the $B^0_s\to^+^-.","Instagram and YouTube bloggers promote it, why should I buy? How credibility and parasocial interaction influence purchase intentions","How do precise measurements of rare leptonic B-meson decays to muon pairs constrain extensions of the Standard Model, and which classes of new-physics models are most strongly affected?"
86,shifted_source_negative,hallucinated,False,regex_repair,True,hallucinated,False,0.2736842105263158,0.007905138339920948,False,False,Instagram and YouTube influencers' influence on consumer behavior,2019,"https://doi.org/10.1016/j.jretconser.2019.0111 ""claimed_arxiv_id"": ""1411.4413v2 ""claimed_content"": ""The first observation of the $B^0_s\to^+^-.","1411.4413v2 ""claimed_content"": ""The first observation of the $B^0_s\to^+^-.",Bufalin Inhibits Tumorigenesis and SREBP-1-Mediated Lipogenesis in Hepatocellular Carcinoma via Modulating the ATP1A1/CA2 Axis,"What observational signatures in X-ray and multiwavelength data would allow us to distinguish between different supermassive black hole seeding scenarios (for example, light versus heavy seeds) at high redshift?"
87,source_conditioned_supported,supported,False,regex_repair,True,supported,True,1.0,1.0,True,True,Bufalin Inhibits Tumorigenesis and SREBP-1-Mediated Lipogenesis in Hepatocellular Carcinoma via Modulating the ATP1A1/CA2 Axis,2023,https://doi.org/10.1142/s0192415x23500246,2311.07669v2,Bufalin Inhibits Tumorigenesis and SREBP-1-Mediated Lipogenesis in Hepatocellular Carcinoma via Modulating the ATP1A1/CA2 Axis,"What observational signatures in X-ray and multiwavelength data would allow us to distinguish between different supermassive black hole seeding scenarios (for example, light versus heavy seeds) at high redshift?"
87,shifted_source_negative,hallucinated,False,regex_repair,True,hallucinated,False,0.24858757062146894,0.008381351492928235,False,False,Bufalin Inhibits Tumorigenesis and SREBP-1-Mediated Lipogenesis in Hepatocellular Carcinoma via Modulating the ATP1A1/CA2 Axis,2023,https://doi.org/10.1142/s0192415x23500246,2311.07669v2,The IL-17 Family of Cytokines in Health and Disease,What are the main challenges and limitations in using short-term clinical assessments to accurately predict long-term cognitive decline trajectories in progressive neurodegenerative diseases?
88,source_conditioned_supported,supported,False,regex_repair,True,hallucinated,False,0.6071428571428571,1.0,True,True,"The IL-17 Family of Cytokines in Health and Disease"", ""claimed_title"": ""The IL-17 Family of Cytokines in Health and Disease",2019,"https://doi.org/10.1016/j.immune.2019 ""claimed_arxiv_id"": ""2402.12205v1 ""claimed_content"": ""Progressive cognitive decline spanning across decades is characteristic of Alzheimer's disease.","2402.12205v1 ""claimed_content"": ""Progressive cognitive decline spanning across decades is characteristic of Alzheimer's disease.",The IL-17 Family of Cytokines in Health and Disease,What are the main challenges and limitations in using short-term clinical assessments to accurately predict long-term cognitive decline trajectories in progressive neurodegenerative diseases?
88,shifted_source_negative,hallucinated,False,regex_repair,True,hallucinated,False,0.18410041841004185,0.007777057679844459,False,False,"The IL-17 Family of Cytokines in Health and Disease"", ""claimed_title"": ""The IL-17 Family of Cytokines in Health and Disease",2019,"https://doi.org/10.1016/j.immune.2019 ""claimed_arxiv_id"": ""2402.12205v1 ""claimed_content"": ""Progressive cognitive decline spanning across decades is characteristic of Alzheimer's disease.","2402.12205v1 ""claimed_content"": ""Progressive cognitive decline spanning across decades is characteristic of Alzheimer's disease.",Multi-scenarios transferable learning framework with few-shot for early lithium-ion battery lifespan trajectory prediction,What are the practical advantages and limitations of using phase change materials for thermal management in compact lithium-ion battery packs used in drones and other lightweight applications?
89,source_conditioned_supported,supported,False,unrepairable:no_json_object,False,hallucinated,False,0.0,0.0,False,False,,,,,Multi-scenarios transferable learning framework with few-shot for early lithium-ion battery lifespan trajectory prediction,What are the practical advantages and limitations of using phase change materials for thermal management in compact lithium-ion battery packs used in drones and other lightweight applications?
89,shifted_source_negative,hallucinated,False,unrepairable:no_json_object,False,hallucinated,False,0.0,0.0,False,False,,,,,The global soil community and its influence on biogeochemistry,"How do factors like soil moisture, surface roughness, and sample preparation impact the accuracy and reliability of portable X‑ray fluorescence measurements and soil image‑based analyses in rapid field soil fertility assessment?"
90,source_conditioned_supported,supported,False,regex_repair,True,supported,True,1.0,1.0,True,True,The global soil community and its influence on biogeochemistry,2019,https://doi.org/10.1126/science.aav0550,2404.12415v2,The global soil community and its influence on biogeochemistry,"How do factors like soil moisture, surface roughness, and sample preparation impact the accuracy and reliability of portable X‑ray fluorescence measurements and soil image‑based analyses in rapid field soil fertility assessment?"
90,shifted_source_negative,hallucinated,False,regex_repair,True,hallucinated,False,0.2153846153846154,0.030127462340672075,False,False,The global soil community and its influence on biogeochemistry,2019,https://doi.org/10.1126/science.aav0550,2404.12415v2,"Response to the letter to the editor – Dr. ChatGPT in cardiovascular nursing: a deeper dive into trustworthiness, value, and potential risk","How do precise measurements of rare B meson decays to muon pairs constrain extensions of the Standard Model, and which types of new-physics models are most strongly affected by these constraints?"
91,source_conditioned_supported,supported,False,unrepairable:no_json_object,False,hallucinated,False,0.0,0.0,False,False,,,,,"Response to the letter to the editor – Dr. ChatGPT in cardiovascular nursing: a deeper dive into trustworthiness, value, and potential risk","How do precise measurements of rare B meson decays to muon pairs constrain extensions of the Standard Model, and which types of new-physics models are most strongly affected by these constraints?"
91,shifted_source_negative,hallucinated,False,unrepairable:no_json_object,False,hallucinated,False,0.0,0.0,False,False,,,,,European Consensus Guidelines on the Management of Respiratory Distress Syndrome – 2019 Update,"What are the key differences between TH17-like innate immune responses and conventional adaptive TH17 responses, and how could those differences influence neutrophil-driven lung inflammation and fibrosis in severe respiratory disease?"
92,source_conditioned_supported,supported,False,regex_repair,True,supported,True,1.0,1.0,True,True,European Consensus Guidelines on the Management of Respiratory Distress Syndrome – 2019 Update,2019,https://doi.org/10.1159/000499361,1311.4384v1,European Consensus Guidelines on the Management of Respiratory Distress Syndrome – 2019 Update,"What are the key differences between TH17-like innate immune responses and conventional adaptive TH17 responses, and how could those differences influence neutrophil-driven lung inflammation and fibrosis in severe respiratory disease?"
92,shifted_source_negative,hallucinated,False,regex_repair,True,hallucinated,False,0.28085106382978725,0.019436345966958212,False,False,European Consensus Guidelines on the Management of Respiratory Distress Syndrome – 2019 Update,2019,https://doi.org/10.1159/000499361,1311.4384v1,Revisiting Neutron Propagation-Based Phase-Contrast Imaging and Tomography: Use of Phase Retrieval to Amplify the Effective Degree of Brilliance,"How does the single-material assumption used in common phase-retrieval approaches (like Paganin-type filters) limit their applicability to heterogeneous samples, and what practical strategies or extensions exist to apply propagation-based neutron phase-contrast tomography to multi-material or compositionally varying specimens?"
93,source_conditioned_supported,supported,False,unrepairable:no_json_object,False,hallucinated,False,0.0,0.0,False,False,,,,,Revisiting Neutron Propagation-Based Phase-Contrast Imaging and Tomography: Use of Phase Retrieval to Amplify the Effective Degree of Brilliance,"How does the single-material assumption used in common phase-retrieval approaches (like Paganin-type filters) limit their applicability to heterogeneous samples, and what practical strategies or extensions exist to apply propagation-based neutron phase-contrast tomography to multi-material or compositionally varying specimens?"
93,shifted_source_negative,hallucinated,False,unrepairable:no_json_object,False,hallucinated,False,0.0,0.0,False,False,,,,,Cognitive Poetics: An Introduction,"What is the physical meaning of an electromagnetic field, and how does introducing the field concept help explain forces between charges and currents?"
94,source_conditioned_supported,supported,False,regex_repair,True,hallucinated,True,0.68,0.0,True,False,Cognitive Poetics,2019,https://doi.org/10.4324/9780367854546,,Cognitive Poetics: An Introduction,"What is the physical meaning of an electromagnetic field, and how does introducing the field concept help explain forces between charges and currents?"
94,shifted_source_negative,hallucinated,False,regex_repair,True,hallucinated,False,0.1111111111111111,0.0,False,False,Cognitive Poetics,2019,https://doi.org/10.4324/9780367854546,,Film-forming investigation of NbC-modified HfC coating based on oxyacetylene ablation and argon-atmosphere heating above 2000 °C,What are the main technical challenges and potential benefits of integrating laser- or plasma-based acceleration techniques with existing linear accelerator facilities?
95,source_conditioned_supported,supported,False,unrepairable:no_json_object,False,hallucinated,False,0.0,0.0,False,False,,,,,Film-forming investigation of NbC-modified HfC coating based on oxyacetylene ablation and argon-atmosphere heating above 2000 °C,What are the main technical challenges and potential benefits of integrating laser- or plasma-based acceleration techniques with existing linear accelerator facilities?
95,shifted_source_negative,hallucinated,False,unrepairable:no_json_object,False,hallucinated,False,0.0,0.0,False,False,,,,,The Heavy Burden of Obesity,"What are the primary scientific goals of studying heavy-ion collisions at very high energies, and how could those experiments advance our understanding of the quark-gluon plasma and the strong interaction?"
96,source_conditioned_supported,supported,False,regex_repair,True,hallucinated,True,1.0,0.0,True,False,The Heavy Burden of Obesity,2019,"https://doi.org/10.1787/67450d, and return the following information: { ""claimed_title"": ""The Heavy Burden of Obesity"", ""claimed_year"": 2019,""claimed_doi"": ""https://doi.org/10.1787/67450d",0104014v1,The Heavy Burden of Obesity,"What are the primary scientific goals of studying heavy-ion collisions at very high energies, and how could those experiments advance our understanding of the quark-gluon plasma and the strong interaction?"
96,shifted_source_negative,hallucinated,False,regex_repair,True,hallucinated,False,0.17708333333333334,0.0,False,False,The Heavy Burden of Obesity,2019,"https://doi.org/10.1787/67450d, and return the following information: { ""claimed_title"": ""The Heavy Burden of Obesity"", ""claimed_year"": 2019,""claimed_doi"": ""https://doi.org/10.1787/67450d",0104014v1,Assessment and Psychometric Properties of the 21-Item Depression Anxiety Stress Scale (DASS-21) among Portuguese Higher Education Students during the COVID-19 Pandemic,"What reliable approaches can be used with publicly available case data to detect early onset of exponential growth in an epidemic, and how do these methods balance early detection against false alarms?"
97,source_conditioned_supported,supported,False,unrepairable:no_json_object,False,hallucinated,False,0.0,0.0,False,False,,,,,Assessment and Psychometric Properties of the 21-Item Depression Anxiety Stress Scale (DASS-21) among Portuguese Higher Education Students during the COVID-19 Pandemic,"What reliable approaches can be used with publicly available case data to detect early onset of exponential growth in an epidemic, and how do these methods balance early detection against false alarms?"
97,shifted_source_negative,hallucinated,False,unrepairable:no_json_object,False,hallucinated,False,0.0,0.0,False,False,,,,,Soil nematode abundance and functional group composition at a global scale,"How do precise measurements of rare neutral B meson decays into muon pairs constrain extensions of the Standard Model, and which types of new-physics scenarios are most strongly affected?"
98,source_conditioned_supported,supported,False,regex_repair,True,hallucinated,False,1.0,0.0,True,False,Soil nematode abundance and functional group composition at a global scale,2019,"https://doi.org/10.1038/10.1038/s41586-19-1, claimed_author, claimed_publisher, claimed_journal, claimed_volume, claimed_page, claimed_issue, claimed_volume, claimed_editor, claimed_journal_id { ""title"": ""Soil nematode abundance and functional group composition at a global scale"", ""author"": ""Soil nematode abundance and functional group composition at a global scale ""publisher"": ""Nature"" ""journal"": ""10.1038/s41586-19-1418-019-1418-6"" ""arXiv2 ""volume"": 1 ""Nematode abundance and functional group composition at a global scale, which",,Soil nematode abundance and functional group composition at a global scale,"How do precise measurements of rare neutral B meson decays into muon pairs constrain extensions of the Standard Model, and which types of new-physics scenarios are most strongly affected?"
98,shifted_source_negative,hallucinated,False,regex_repair,True,hallucinated,False,0.3755868544600939,0.0,False,False,Soil nematode abundance and functional group composition at a global scale,2019,"https://doi.org/10.1038/10.1038/s41586-19-1, claimed_author, claimed_publisher, claimed_journal, claimed_volume, claimed_page, claimed_issue, claimed_volume, claimed_editor, claimed_journal_id { ""title"": ""Soil nematode abundance and functional group composition at a global scale"", ""author"": ""Soil nematode abundance and functional group composition at a global scale ""publisher"": ""Nature"" ""journal"": ""10.1038/s41586-19-1418-019-1418-6"" ""arXiv2 ""volume"": 1 ""Nematode abundance and functional group composition at a global scale, which",,Synthesis of macromolecular antioxidants containing thioether and aromatic secondary amine to improve the anti-oxidation properties of EPDM,"How can time delays between detections on spacecraft positioned at different locations in the heliosphere be used to determine the sky location of a distant gamma‑ray burst, and what are the main sources of uncertainty in that triangulation?"
99,source_conditioned_supported,supported,False,regex_repair,True,supported,True,1.0,1.0,True,True,Synthesis of macromolecular antioxidants containing thioether and aromatic secondary amine to improve the anti-oxidation properties of EPDM,2023,https://doi.org/10.1016/j.polymdegradstab.2023.110585,2309.05856v1,Synthesis of macromolecular antioxidants containing thioether and aromatic secondary amine to improve the anti-oxidation properties of EPDM,"How can time delays between detections on spacecraft positioned at different locations in the heliosphere be used to determine the sky location of a distant gamma‑ray burst, and what are the main sources of uncertainty in that triangulation?"
99,shifted_source_negative,hallucinated,False,regex_repair,True,hallucinated,False,0.2131979695431472,0.031862745098039214,False,False,Synthesis of macromolecular antioxidants containing thioether and aromatic secondary amine to improve the anti-oxidation properties of EPDM,2023,https://doi.org/10.1016/j.polymdegradstab.2023.110585,2309.05856v1,Underground hydrogen storage: Characteristics and prospects,"How does generating muonic hydrogen atoms in a vacuum environment, instead of within bulk gas/liquid/solid targets, change the ability to measure energy-dependent muonic reactions and what experimental challenges does this approach introduce?"
100,source_conditioned_supported,supported,False,regex_repair,True,hallucinated,False,1.0,0.0,True,False,Underground hydrogen storage: Characteristics and prospects,2019,"https://doi.org/10.1016/j.resser.2019.01.051 ""claimed_doi"": ""https://doi.org/10.1016/j.resser.2019.01.051 ""claimed_arxiv_id"": ""https://arxiv.org/xpdx/0101007v1 Studies of muonic hydrogen atoms and molecules in the text to the output: { ""characteristics and prospects"" ""characteristics and prospects"" ""doi"": ""10.1016/j.resser.2019.01.051 ""arxiv_id"": ""arX:1007v1 }","https://arxiv.org/xpdx/0101007v1 Studies of muonic hydrogen atoms and molecules in the text to the output: { ""characteristics and prospects"" ""characteristics and prospects"" ""doi"": ""10.1016/j.resser.2019.01.051 ""arxiv_id"": ""arX:1007v1 }",Underground hydrogen storage: Characteristics and prospects,"How does generating muonic hydrogen atoms in a vacuum environment, instead of within bulk gas/liquid/solid targets, change the ability to measure energy-dependent muonic reactions and what experimental challenges does this approach introduce?"
100,shifted_source_negative,hallucinated,False,regex_repair,True,hallucinated,False,0.25136612021857924,0.0,False,False,Underground hydrogen storage: Characteristics and prospects,2019,"https://doi.org/10.1016/j.resser.2019.01.051 ""claimed_doi"": ""https://doi.org/10.1016/j.resser.2019.01.051 ""claimed_arxiv_id"": ""https://arxiv.org/xpdx/0101007v1 Studies of muonic hydrogen atoms and molecules in the text to the output: { ""characteristics and prospects"" ""characteristics and prospects"" ""doi"": ""10.1016/j.resser.2019.01.051 ""arxiv_id"": ""arX:1007v1 }","https://arxiv.org/xpdx/0101007v1 Studies of muonic hydrogen atoms and molecules in the text to the output: { ""characteristics and prospects"" ""characteristics and prospects"" ""doi"": ""10.1016/j.resser.2019.01.051 ""arxiv_id"": ""arX:1007v1 }",Strong textured ferroelectric ceramics CaBi2Nb2O9 with superior piezoelectric response via conventional solid-state technique,"What are the main limitations and sources of error when determining piezoelectric coefficients from purely elastic measurements on unpoled ceramic samples, and how can they be mitigated?"
101,source_conditioned_supported,supported,False,regex_repair,True,hallucinated,True,1.0,0.12551440329218108,True,False,Strong textured ferroelectric ceramics CaBi2Nb2O9 with superior piezoelectric response via conventional solid-state technique,2023,https://doi.org/10.1016/j.jeurceramsoc.2023.07.001,1712.01133v1,Strong textured ferroelectric ceramics CaBi2Nb2O9 with superior piezoelectric response via conventional solid-state technique,"What are the main limitations and sources of error when determining piezoelectric coefficients from purely elastic measurements on unpoled ceramic samples, and how can they be mitigated?"
101,shifted_source_negative,hallucinated,False,regex_repair,True,hallucinated,False,0.34234234234234234,0.005194805194805195,False,False,Strong textured ferroelectric ceramics CaBi2Nb2O9 with superior piezoelectric response via conventional solid-state technique,2023,https://doi.org/10.1016/j.jeurceramsoc.2023.07.001,1712.01133v1,Multiple sclerosis genomic map implicates peripheral immune cells and microglia in susceptibility,"What are the key design principles and components needed to implement an artificial immune system that incorporates innate immunity concepts, and how can such a system be experimentally evaluated in practice?"
102,source_conditioned_supported,supported,False,regex_repair,True,hallucinated,False,0.3130434782608696,0.0,True,False,Multiple sclerosis,2019,"https://doi.org/10.1126/science.2019.01234 ""claimed_content"": ""The authors of the paper, authors, and content.",,Multiple sclerosis genomic map implicates peripheral immune cells and microglia in susceptibility,"What are the key design principles and components needed to implement an artificial immune system that incorporates innate immunity concepts, and how can such a system be experimentally evaluated in practice?"
102,shifted_source_negative,hallucinated,False,regex_repair,True,hallucinated,False,0.2653061224489796,0.0,False,False,Multiple sclerosis,2019,"https://doi.org/10.1126/science.2019.01234 ""claimed_content"": ""The authors of the paper, authors, and content.",,Programmed Self‐Assembly of Single Colloidal Gyroids for Chiral Photonic Crystals,"What are the key factors that determine whether self-assembly of chiral colloidal particles will produce structures with complete photonic bandgaps, and how can those factors be controlled in experiments?"
103,source_conditioned_supported,supported,False,unrepairable:no_json_object,False,hallucinated,False,0.0,0.0,False,False,,,,,Programmed Self‐Assembly of Single Colloidal Gyroids for Chiral Photonic Crystals,"What are the key factors that determine whether self-assembly of chiral colloidal particles will produce structures with complete photonic bandgaps, and how can those factors be controlled in experiments?"
103,shifted_source_negative,hallucinated,False,unrepairable:no_json_object,False,hallucinated,False,0.0,0.0,False,False,,,,,Properties of the Binary Neutron Star Merger GW170817,"How do non-detections or stringent upper limits from high-energy telescopes help constrain models of prompt, precursor, or extended electromagnetic emission from binary neutron star mergers?"
104,source_conditioned_supported,supported,False,regex_repair,True,supported,True,1.0,1.0,True,True,Properties of the Binary Neutron Star Merger GW170817,2019,https://doi.org/10.1103/physrevx.9.011001,1710.06065v1,Properties of the Binary Neutron Star Merger GW170817,"How do non-detections or stringent upper limits from high-energy telescopes help constrain models of prompt, precursor, or extended electromagnetic emission from binary neutron star mergers?"
104,shifted_source_negative,hallucinated,False,regex_repair,True,hallucinated,False,0.26666666666666666,0.02140309155766944,False,False,Properties of the Binary Neutron Star Merger GW170817,2019,https://doi.org/10.1103/physrevx.9.011001,1710.06065v1,Effects of swirl and hot streak on thermal performances of a high-pressure turbine,"How do precise measurements of rare meson decays into muon pairs constrain theories beyond the Standard Model, and which classes of new-physics models are most strongly affected?"
105,source_conditioned_supported,supported,False,regex_repair,True,hallucinated,False,0.44021739130434784,0.0,True,False,"Effects of swirl and hot streak on thermal performance of a high-pressure turbine ""claimed_year"": 2023 ""claimed_doi"": ""https://doi.org/10.1016/j.cja.2023.1.1, claimed_year, claimed_doi, claimed_arxiv_id { ""claimed_title"": ""Effects of swirl and hot streak on thermal performance of a high-pressure turbine",2023,"https://doi.org/10.1016/j.cja.2023.1.1, claimed_year, claimed_doi, claimed_arxiv_id { ""claimed_title"": ""Effects of swirl and hot streak on thermal performance of a high-pressure turbine"", ""claimed_year"": 2023, ""claimed_doi"": ""https://doi.org/10.1016/j.cja.2023.1 Source record: Effects of swirl and hot streak on thermal performance of a high-pressure turbine Source record: 10.1016/j.cja.2023.01.001 Source arXiv ID: 1411.4413v2 Abstract: A joint measurement is made of the branching fractions $B^0",,Effects of swirl and hot streak on thermal performances of a high-pressure turbine,"How do precise measurements of rare meson decays into muon pairs constrain theories beyond the Standard Model, and which classes of new-physics models are most strongly affected?"
105,shifted_source_negative,hallucinated,False,regex_repair,True,hallucinated,False,0.07339449541284404,0.0,False,False,"Effects of swirl and hot streak on thermal performance of a high-pressure turbine ""claimed_year"": 2023 ""claimed_doi"": ""https://doi.org/10.1016/j.cja.2023.1.1, claimed_year, claimed_doi, claimed_arxiv_id { ""claimed_title"": ""Effects of swirl and hot streak on thermal performance of a high-pressure turbine",2023,"https://doi.org/10.1016/j.cja.2023.1.1, claimed_year, claimed_doi, claimed_arxiv_id { ""claimed_title"": ""Effects of swirl and hot streak on thermal performance of a high-pressure turbine"", ""claimed_year"": 2023, ""claimed_doi"": ""https://doi.org/10.1016/j.cja.2023.1 Source record: Effects of swirl and hot streak on thermal performance of a high-pressure turbine Source record: 10.1016/j.cja.2023.01.001 Source arXiv ID: 1411.4413v2 Abstract: A joint measurement is made of the branching fractions $B^0",,Deep learning for cellular image analysis,"How can dimensionality reduction or subspace learning methods be adapted to use perceptual image similarity measures (like SSIM) instead of Euclidean/MSE-based distances, and what are the practical benefits and challenges of doing so?"
106,source_conditioned_supported,supported,False,regex_repair,True,hallucinated,False,1.0,0.0018867924528301887,True,False,Deep learning for cellular image analysis,2019,https://doi.org/10.1038/s41598-2019-1234,arX,Deep learning for cellular image analysis,"How can dimensionality reduction or subspace learning methods be adapted to use perceptual image similarity measures (like SSIM) instead of Euclidean/MSE-based distances, and what are the practical benefits and challenges of doing so?"
106,shifted_source_negative,hallucinated,False,regex_repair,True,hallucinated,False,0.26143790849673204,0.0016181229773462784,False,False,Deep learning for cellular image analysis,2019,https://doi.org/10.1038/s41598-2019-1234,arX,Bacterial Toxin-Antitoxin Systems’ Cross-Interactions—Implications for Practical Use in Medicine and Biotechnology,"What are the main challenges in estimating parameters for ordinary differential equation models in systems medicine, and how can Bayesian approaches help address them?"
107,source_conditioned_supported,supported,False,regex_repair,True,hallucinated,False,0.345679012345679,0.0,True,False,"Bacterial Toxin-Antitoxin Systems’ Cross-Interactions—Implications for Practical Use in Medicine and Biotechnology {""claimed_year"": 2023 {""claimed_doi"": ""https://doi.org/10.3390/10.3390/10.3390.3390.10.3390.10.3390.10.3390.3390.3390.3390.10.3390.3390.3390.3390.3390.3390.3390.3391.3390.3391n Interactions—Implications for Practical Use in Medicine and Biotechnology Source record: Title: Bacterial Toxin-Antitoxin.10.3390/toxins15060380 Abstract: The last decade has seen an explosion of models that describe phenomena in systems biology. The last decade",2023,https://doi.org/10.3390/10.3390/10.3390.3390.10.3390.10.3390.10.3390.3390.3390.3390.10.3390.3390.3390.3390.3390.3390.3390.3391.3390.3391n Interactions—Implications for Practical Use in Medicine and Biotechnology Source record: Title: Bacterial Toxin-Antitoxin.10.3390/toxins15060380 Abstract: The last decade has seen an explosion of models that describe phenomena in systems biology. The last decade,,Bacterial Toxin-Antitoxin Systems’ Cross-Interactions—Implications for Practical Use in Medicine and Biotechnology,"What are the main challenges in estimating parameters for ordinary differential equation models in systems medicine, and how can Bayesian approaches help address them?"
107,shifted_source_negative,hallucinated,False,regex_repair,True,hallucinated,False,0.0896,0.0,False,False,"Bacterial Toxin-Antitoxin Systems’ Cross-Interactions—Implications for Practical Use in Medicine and Biotechnology {""claimed_year"": 2023 {""claimed_doi"": ""https://doi.org/10.3390/10.3390/10.3390.3390.10.3390.10.3390.10.3390.3390.3390.3390.10.3390.3390.3390.3390.3390.3390.3390.3391.3390.3391n Interactions—Implications for Practical Use in Medicine and Biotechnology Source record: Title: Bacterial Toxin-Antitoxin.10.3390/toxins15060380 Abstract: The last decade has seen an explosion of models that describe phenomena in systems biology. The last decade",2023,https://doi.org/10.3390/10.3390/10.3390.3390.10.3390.10.3390.10.3390.3390.3390.3390.10.3390.3390.3390.3390.3390.3390.3390.3391.3390.3391n Interactions—Implications for Practical Use in Medicine and Biotechnology Source record: Title: Bacterial Toxin-Antitoxin.10.3390/toxins15060380 Abstract: The last decade has seen an explosion of models that describe phenomena in systems biology. The last decade,,"Efficient, stable solar cells by using inherent bandgap of α-phase formamidinium lead iodide","What physical mechanisms enable thermal and light-assisted regeneration (annealing) of irradiation-induced defects in III–V multinary solar cell materials, and how does alloy composition typically influence the effectiveness of such regeneration?"
108,source_conditioned_supported,supported,False,unrepairable:no_json_object,False,hallucinated,False,0.0,0.0,False,False,,,,,"Efficient, stable solar cells by using inherent bandgap of α-phase formamidinium lead iodide","What physical mechanisms enable thermal and light-assisted regeneration (annealing) of irradiation-induced defects in III–V multinary solar cell materials, and how does alloy composition typically influence the effectiveness of such regeneration?"
108,shifted_source_negative,hallucinated,False,unrepairable:no_json_object,False,hallucinated,False,0.0,0.0,False,False,,,,,Impact of Mephedrone on Fear Memory in Adolescent Rats: Involvement of Matrix Metalloproteinase-9 (MMP-9) and N-Methyl-D-aspartate (NMDA) Receptor,"How can an inert, nonpolar atom like xenon selectively bind to and modulate the function of an ionotropic receptor in the central nervous system?"
109,source_conditioned_supported,supported,False,regex_repair,True,supported,True,1.0,1.0,True,True,Impact of Mephedrone on Fear Memory in Adolescent Rats: Involvement of Matrix Metalloproteinase-9 (MMP-9) and N-Methyl-D-aspartate (NMDA) Receptor,2023,https://doi.org/10.3390/ijms24031941,2203.02219v1,Impact of Mephedrone on Fear Memory in Adolescent Rats: Involvement of Matrix Metalloproteinase-9 (MMP-9) and N-Methyl-D-aspartate (NMDA) Receptor,"How can an inert, nonpolar atom like xenon selectively bind to and modulate the function of an ionotropic receptor in the central nervous system?"
109,shifted_source_negative,hallucinated,False,regex_repair,True,hallucinated,False,0.1797752808988764,0.030664395229982964,False,False,Impact of Mephedrone on Fear Memory in Adolescent Rats: Involvement of Matrix Metalloproteinase-9 (MMP-9) and N-Methyl-D-aspartate (NMDA) Receptor,2023,https://doi.org/10.3390/ijms24031941,2203.02219v1,The global tree restoration potential,"How do feature-based regular tree grammars compare to traditional tree adjoining grammars in representing derivation structures and handling feature unification, and what practical advantages do they offer for generation systems?"
110,source_conditioned_supported,supported,False,regex_repair,True,supported,True,1.0,1.0,True,True,The global tree restoration potential,2019,https://doi.org/10.1126/science/aax0848,0804.4584,The global tree restoration potential,"How do feature-based regular tree grammars compare to traditional tree adjoining grammars in representing derivation structures and handling feature unification, and what practical advantages do they offer for generation systems?"
110,shifted_source_negative,hallucinated,False,regex_repair,True,hallucinated,False,0.15853658536585366,0.003875968992248062,False,False,The global tree restoration potential,2019,https://doi.org/10.1126/science/aax0848,0804.4584,Prevalence and predictors of developing vision-threatening diabetic retinopathy within the first three years of type 2 diabetes,What are the main challenges and recommended best practices for developing and validating machine learning systems that reliably detect very small lesions in high-resolution retinal fundus images across different cameras and patient populations?
111,source_conditioned_supported,supported,False,unrepairable:no_json_object,False,hallucinated,False,0.0,0.0,False,False,,,,,Prevalence and predictors of developing vision-threatening diabetic retinopathy within the first three years of type 2 diabetes,What are the main challenges and recommended best practices for developing and validating machine learning systems that reliably detect very small lesions in high-resolution retinal fundus images across different cameras and patient populations?
111,shifted_source_negative,hallucinated,False,unrepairable:no_json_object,False,hallucinated,False,0.0,0.0,False,False,,,,,Human Consumption of Microplastics,"What factors determine whether increasing model size causes higher inference energy consumption, and how can organizations estimate the real-world energy impact of deploying larger models at scale?"
112,source_conditioned_supported,supported,False,regex_repair,True,hallucinated,True,1.0,0.0,True,False,Human Consumption of Microplastics,2019,https://doi.org/10.1021/acs.est.9b01517,2109.05472,Human Consumption of Microplastics,"What factors determine whether increasing model size causes higher inference energy consumption, and how can organizations estimate the real-world energy impact of deploying larger models at scale?"
112,shifted_source_negative,hallucinated,False,regex_repair,True,hallucinated,False,0.29310344827586204,0.0,False,False,Human Consumption of Microplastics,2019,https://doi.org/10.1021/acs.est.9b01517,2109.05472,Sources of Contaminants of Emerging Concern in Groundwater of Barcelona Urban Area,"How can time-of-arrival differences measured by widely separated spacecraft be used to determine the sky location of a gamma‑ray burst, and what are the main sources of error or uncertainty in that triangulation method?"
113,source_conditioned_supported,supported,False,regex_repair,True,supported,True,1.0,1.0,True,True,Sources of Contaminants of Emerging Concern in Groundwater of Barcelona Urban Area,2023,https://doi.org/10.5194/adgeo-59-59-2023,2309.05856v1,Sources of Contaminants of Emerging Concern in Groundwater of Barcelona Urban Area,"How can time-of-arrival differences measured by widely separated spacecraft be used to determine the sky location of a gamma‑ray burst, and what are the main sources of error or uncertainty in that triangulation method?"
113,shifted_source_negative,hallucinated,False,regex_repair,True,hallucinated,False,0.2517482517482518,0.00992063492063492,False,False,Sources of Contaminants of Emerging Concern in Groundwater of Barcelona Urban Area,2023,https://doi.org/10.5194/adgeo-59-59-2023,2309.05856v1,Dry double-sided tape for adhesion of wet tissues and devices,"How do micro-scale surface channels alter the hydrodynamic drainage and resulting adhesion between compliant surfaces in viscous fluids, and what role does elastohydrodynamic deformation play in that process?"
114,source_conditioned_supported,supported,False,regex_repair,True,hallucinated,False,1.0,0.020276497695852536,True,False,Dry double-sided tape for adhesion of wet tissues and devices,2019,"https://doi.org/10.1038/s41586-019-1710-5 ""claimed_arxiv_id"": ""arXiv_2 ""claimed_content"": ""This study investigates the adhesion of dry and wet conditions of dry double-sided tape for adhesion of wet tissues and devices, replace with ""wet tissues and devices","arXiv_2 ""claimed_content"": ""This study investigates the adhesion of dry and wet conditions of dry double-sided tape for adhesion of wet tissues and devices, replace with ""wet tissues and devices",Dry double-sided tape for adhesion of wet tissues and devices,"How do micro-scale surface channels alter the hydrodynamic drainage and resulting adhesion between compliant surfaces in viscous fluids, and what role does elastohydrodynamic deformation play in that process?"
114,shifted_source_negative,hallucinated,False,regex_repair,True,hallucinated,False,0.26737967914438504,0.027700831024930747,False,False,Dry double-sided tape for adhesion of wet tissues and devices,2019,"https://doi.org/10.1038/s41586-019-1710-5 ""claimed_arxiv_id"": ""arXiv_2 ""claimed_content"": ""This study investigates the adhesion of dry and wet conditions of dry double-sided tape for adhesion of wet tissues and devices, replace with ""wet tissues and devices","arXiv_2 ""claimed_content"": ""This study investigates the adhesion of dry and wet conditions of dry double-sided tape for adhesion of wet tissues and devices, replace with ""wet tissues and devices",Prediction of Ki-67 expression in gastrointestinal stromal tumors using radiomics of plain and multiphase contrast-enhanced CT,"Can CT-based radiomics reliably predict tumor-specific genetic mutations and proliferation indices, or is biopsy-based molecular testing still required for accurate treatment planning?"
115,source_conditioned_supported,supported,False,regex_repair,True,hallucinated,False,0.48148148148148145,0.0,False,False,"Prediction of Ki-67 expression in gastrointestinal stromal tumors using radiomics of plain and multiphase enhanced CT ```python import json import json import re def extract_data(source_record): claimed_title = source_record['title'] claimed_year = source_record['year'] claimed_doi = source_record['DOI'] claimed_arxiv_id = source_record['arXiv_id'] return { ""claimed_title"": claimed_title",claimed_year,claimed_doi,claimed_arxiv_id },Prediction of Ki-67 expression in gastrointestinal stromal tumors using radiomics of plain and multiphase contrast-enhanced CT,"Can CT-based radiomics reliably predict tumor-specific genetic mutations and proliferation indices, or is biopsy-based molecular testing still required for accurate treatment planning?"
115,shifted_source_negative,hallucinated,False,regex_repair,True,hallucinated,False,0.1797752808988764,0.0,False,False,"Prediction of Ki-67 expression in gastrointestinal stromal tumors using radiomics of plain and multiphase enhanced CT ```python import json import json import re def extract_data(source_record): claimed_title = source_record['title'] claimed_year = source_record['year'] claimed_doi = source_record['DOI'] claimed_arxiv_id = source_record['arXiv_id'] return { ""claimed_title"": claimed_title",claimed_year,claimed_doi,claimed_arxiv_id },"Superconductors, orbital magnets and correlated states in magic-angle bilayer graphene","How does applying a strong perpendicular magnetic field to a moiré two-dimensional material alter the topology and correlated phases of its low-energy electronic bands, and what experimental probes would best reveal those changes?"
116,source_conditioned_supported,supported,True,strict_json,True,supported,True,1.0,1.0,True,True,"Superconductors, orbital magnets and correlated states in magic-angle bilayer graphene",2019,https://doi.org/10.1038/s41586-019-1695-0,2111.11434v1,"Superconductors, orbital magnets and correlated states in magic-angle bilayer graphene","How does applying a strong perpendicular magnetic field to a moiré two-dimensional material alter the topology and correlated phases of its low-energy electronic bands, and what experimental probes would best reveal those changes?"
116,shifted_source_negative,hallucinated,True,strict_json,True,hallucinated,False,0.2894736842105263,0.029748283752860413,False,False,"Superconductors, orbital magnets and correlated states in magic-angle bilayer graphene",2019,https://doi.org/10.1038/s41586-019-1695-0,2111.11434v1,Achieving highly efficient bipolar near-ultraviolet emitters <i>via</i> regulating the energy levels of the excited states by a co-acceptor system,"Why are measurements of rare neutral B-meson decays to muon pairs considered sensitive probes of physics beyond the Standard Model, and what types of new-physics scenarios can such measurements constrain?"
117,source_conditioned_supported,supported,False,unrepairable:Invalid control character at: line 1 column 142 (char 141),False,hallucinated,False,0.0,0.0,False,False,,,,,Achieving highly efficient bipolar near-ultraviolet emitters <i>via</i> regulating the energy levels of the excited states by a co-acceptor system,"Why are measurements of rare neutral B-meson decays to muon pairs considered sensitive probes of physics beyond the Standard Model, and what types of new-physics scenarios can such measurements constrain?"
117,shifted_source_negative,hallucinated,False,unrepairable:Invalid control character at: line 1 column 142 (char 141),False,hallucinated,False,0.0,0.0,False,False,,,,,"The Interaction of Person-Affect-Cognition-Execution (I-PACE) model for addictive behaviors: Update, generalization to addictive behaviors beyond internet-use disorders, and specification of the process character of addictive behaviors","How can concepts and diagnostic criteria from psychology and psychiatry be applied to identify, characterize, and mitigate addictive or compulsive behaviors in reinforcement learning agents?"
118,source_conditioned_supported,supported,False,unrepairable:no_json_object,False,hallucinated,False,0.0,0.0,False,False,,,,,"The Interaction of Person-Affect-Cognition-Execution (I-PACE) model for addictive behaviors: Update, generalization to addictive behaviors beyond internet-use disorders, and specification of the process character of addictive behaviors","How can concepts and diagnostic criteria from psychology and psychiatry be applied to identify, characterize, and mitigate addictive or compulsive behaviors in reinforcement learning agents?"
118,shifted_source_negative,hallucinated,False,unrepairable:no_json_object,False,hallucinated,False,0.0,0.0,False,False,,,,,Smart materials – A state-of-the-art-review,How do precise measurements of rare B meson decays to muon pairs constrain or rule out extensions to the Standard Model?
119,source_conditioned_supported,supported,False,regex_repair,True,hallucinated,False,1.0,0.17586912065439672,True,False,Smart materials – A state-of-the-art-review,2023,"https://doi.org/10.1016/j.matpr.2023.03.001 ""claimed_arxiv_id"": ""1411.4413v2 ""claimed_content"": ""A joint measurement is presented of the branching fractions $B^0_s\to$B^0_s\to$B^0\to$B^0_s\to$B^0_s\to$B^0_s\to$B^0_s\to$2023 DOI: https://doi.org/10.1016/j.matpr.2023.03.001 arXiv ID: arX.4413v2 ""claimed_title"": ""Smart materials – A state-of-the-art-review"", ""claimed_year"": 2023","1411.4413v2 ""claimed_content"": ""A joint measurement is presented of the branching fractions $B^0_s\to$B^0_s\to$B^0\to$B^0_s\to$B^0_s\to$B^0_s\to$B^0_s\to$2023 DOI: https://doi.org/10.1016/j.matpr.2023.03.001 arXiv ID: arX.4413v2 ""claimed_title"": ""Smart materials – A state-of-the-art-review"", ""claimed_year"": 2023",Smart materials – A state-of-the-art-review,How do precise measurements of rare B meson decays to muon pairs constrain or rule out extensions to the Standard Model?
119,shifted_source_negative,hallucinated,False,regex_repair,True,hallucinated,False,0.35,0.009009009009009009,False,False,Smart materials – A state-of-the-art-review,2023,"https://doi.org/10.1016/j.matpr.2023.03.001 ""claimed_arxiv_id"": ""1411.4413v2 ""claimed_content"": ""A joint measurement is presented of the branching fractions $B^0_s\to$B^0_s\to$B^0\to$B^0_s\to$B^0_s\to$B^0_s\to$B^0_s\to$2023 DOI: https://doi.org/10.1016/j.matpr.2023.03.001 arXiv ID: arX.4413v2 ""claimed_title"": ""Smart materials – A state-of-the-art-review"", ""claimed_year"": 2023","1411.4413v2 ""claimed_content"": ""A joint measurement is presented of the branching fractions $B^0_s\to$B^0_s\to$B^0\to$B^0_s\to$B^0_s\to$B^0_s\to$B^0_s\to$2023 DOI: https://doi.org/10.1016/j.matpr.2023.03.001 arXiv ID: arX.4413v2 ""claimed_title"": ""Smart materials – A state-of-the-art-review"", ""claimed_year"": 2023","A global view of hepatocellular carcinoma: trends, risk, prevention and management","What practical steps and diagnostics should I use to choose, estimate, and validate a single-variate stochastic process for a financial time series that exhibits both fat tails and mean-reversion?"
120,source_conditioned_supported,supported,True,strict_json,True,supported,True,1.0,1.0,True,True,"A global view of hepatocellular carcinoma: trends, risk, prevention and management",2019,https://doi.org/10.1038/s41575-019-0186-y,0812.4210v1,"A global view of hepatocellular carcinoma: trends, risk, prevention and management","What practical steps and diagnostics should I use to choose, estimate, and validate a single-variate stochastic process for a financial time series that exhibits both fat tails and mean-reversion?"
120,shifted_source_negative,hallucinated,True,strict_json,True,hallucinated,False,0.24761904761904763,0.03777777777777778,False,False,"A global view of hepatocellular carcinoma: trends, risk, prevention and management",2019,https://doi.org/10.1038/s41575-019-0186-y,0812.4210v1,Experience-based health state valuation using the EQ VAS: a register-based study of the EQ-5D-3L among nine patient groups in Sweden,How do precise measurements of the rare decays of neutral B mesons into muon pairs test the Standard Model and constrain possible new physics scenarios?
121,source_conditioned_supported,supported,False,unrepairable:no_json_object,False,hallucinated,False,0.0,0.0,False,False,,,,,Experience-based health state valuation using the EQ VAS: a register-based study of the EQ-5D-3L among nine patient groups in Sweden,How do precise measurements of the rare decays of neutral B mesons into muon pairs test the Standard Model and constrain possible new physics scenarios?
121,shifted_source_negative,hallucinated,False,unrepairable:no_json_object,False,hallucinated,False,0.0,0.0,False,False,,,,,Unmanned Aerial Vehicles (UAVs): A Survey on Civil Applications and Key Research Challenges,"How do precise measurements of rare neutral B meson decays to muon pairs constrain theories beyond the Standard Model, and which classes of new-physics models are most strongly affected?"
122,source_conditioned_supported,supported,False,unrepairable:no_json_object,False,hallucinated,False,0.0,0.0,False,False,,,,,Unmanned Aerial Vehicles (UAVs): A Survey on Civil Applications and Key Research Challenges,"How do precise measurements of rare neutral B meson decays to muon pairs constrain theories beyond the Standard Model, and which classes of new-physics models are most strongly affected?"
122,shifted_source_negative,hallucinated,False,unrepairable:no_json_object,False,hallucinated,False,0.0,0.0,False,False,,,,,Sailing the tide of over consumption: applying a business history approach to explore the rising demand of luxury yachts and travel since 1979,"How do precise measurements of rare B meson decays into muon pairs constrain physics beyond the Standard Model, and which types of new-physics scenarios are most strongly affected by these constraints?"
123,source_conditioned_supported,supported,False,unrepairable:no_json_object,False,hallucinated,False,0.0,0.0,False,False,,,,,Sailing the tide of over consumption: applying a business history approach to explore the rising demand of luxury yachts and travel since 1979,"How do precise measurements of rare B meson decays into muon pairs constrain physics beyond the Standard Model, and which types of new-physics scenarios are most strongly affected by these constraints?"
123,shifted_source_negative,hallucinated,False,unrepairable:no_json_object,False,hallucinated,False,0.0,0.0,False,False,,,,,The evolving landscape of biomarkers for checkpoint inhibitor immunotherapy,What are the key barriers and necessary steps to validate and implement imaging-derived immune biomarkers for guiding immunotherapy in glioblastoma patients?
124,source_conditioned_supported,supported,False,regex_repair,True,hallucinated,False,1.0,0.0427807486631016,True,False,The evolving landscape of biomarkers for checkpoint inhibitor immunotherapy,2019,"https://doi.org/10.1038/s41586-2019-1 ""claimed_doi"": ""https://doi.org/10.1038/s41586-2019 ""claimed_doi"": ""https://doi.org/10.1038/s41586-2019 ""claimed_content"": ""Immunotherapy is an effective treatment for several types of cancer, for checkpoint inhibitor immunotherapy Source record: { ""claimed_title"": ""The evolving landscape of biomarkers for checkpoint inhibitor immunotherapy ""claimed_year"": 2019 ""claimed_doi"": ""https://arxiv.org/abs/2019.07858 ""claimed_arxiv_id"": ""Immunotherapy is an effective treatment for several types of cancer",Immunotherapy is an effective treatment for several types of cancer,The evolving landscape of biomarkers for checkpoint inhibitor immunotherapy,What are the key barriers and necessary steps to validate and implement imaging-derived immune biomarkers for guiding immunotherapy in glioblastoma patients?
124,shifted_source_negative,hallucinated,False,regex_repair,True,hallucinated,False,0.28378378378378377,0.005517241379310344,False,False,The evolving landscape of biomarkers for checkpoint inhibitor immunotherapy,2019,"https://doi.org/10.1038/s41586-2019-1 ""claimed_doi"": ""https://doi.org/10.1038/s41586-2019 ""claimed_doi"": ""https://doi.org/10.1038/s41586-2019 ""claimed_content"": ""Immunotherapy is an effective treatment for several types of cancer, for checkpoint inhibitor immunotherapy Source record: { ""claimed_title"": ""The evolving landscape of biomarkers for checkpoint inhibitor immunotherapy ""claimed_year"": 2019 ""claimed_doi"": ""https://arxiv.org/abs/2019.07858 ""claimed_arxiv_id"": ""Immunotherapy is an effective treatment for several types of cancer",Immunotherapy is an effective treatment for several types of cancer,A Multiwavelength Study of Active Galactic Nuclei in Post-merger Remnants,"How does a clumpy dusty torus affect the observed spectra, polarization, and variability of active galactic nuclei compared with a smooth, continuous torus model?"
125,source_conditioned_supported,supported,False,regex_repair,True,hallucinated,True,0.5590062111801242,0.10989010989010989,True,False,A Multiwavelength Study of the Central Black Hole Mergers in the Local Group of Galaxies,2023,null,0805.3699v1,A Multiwavelength Study of Active Galactic Nuclei in Post-merger Remnants,"How does a clumpy dusty torus affect the observed spectra, polarization, and variability of active galactic nuclei compared with a smooth, continuous torus model?"
125,shifted_source_negative,hallucinated,False,regex_repair,True,hallucinated,False,0.24050632911392406,0.0,False,False,A Multiwavelength Study of the Central Black Hole Mergers in the Local Group of Galaxies,2023,null,0805.3699v1,Deep High-Resolution Representation Learning for Human Pose Estimation,How can I design and evaluate augmentations that create meaningful easy–hard difficulty gaps for improving semi-supervised 2D human pose estimation?
126,source_conditioned_supported,supported,False,regex_repair,True,hallucinated,False,0.49673202614379086,0.0,False,False,Deep High-Resolution Image-to-Image Translation via Generative Adversarial Networks,2020,"https://doi.org/10.1109/cvpr.2019.1234, claimed_doi, claimed_arxiv_id, claimed_content { ""claimed_title"": ""Deep High-Resolution Image-to-Image Translation via Generative Adversarial Networks"", ""claimed_year"": 2019, ""claimed_doi"": ""10.1109/cvpr.2019. Source record: { ""claimed_title"": ""Deep High-Resolution Image-to-Image Translation via Generative Adversarial Networks"", ""claimed_doi"": ""10.1109/cvpr.2019.1234 ""claimed_arxiv_id"": ""2402.11566v3 ""claimed_content","2402.11566v3 ""claimed_content",Deep High-Resolution Representation Learning for Human Pose Estimation,How can I design and evaluate augmentations that create meaningful easy–hard difficulty gaps for improving semi-supervised 2D human pose estimation?
126,shifted_source_negative,hallucinated,False,regex_repair,True,hallucinated,False,0.24691358024691357,0.0,False,False,Deep High-Resolution Image-to-Image Translation via Generative Adversarial Networks,2020,"https://doi.org/10.1109/cvpr.2019.1234, claimed_doi, claimed_arxiv_id, claimed_content { ""claimed_title"": ""Deep High-Resolution Image-to-Image Translation via Generative Adversarial Networks"", ""claimed_year"": 2019, ""claimed_doi"": ""10.1109/cvpr.2019. Source record: { ""claimed_title"": ""Deep High-Resolution Image-to-Image Translation via Generative Adversarial Networks"", ""claimed_doi"": ""10.1109/cvpr.2019.1234 ""claimed_arxiv_id"": ""2402.11566v3 ""claimed_content","2402.11566v3 ""claimed_content","PERFIL E COMPETÊNCIAS ADQUIRIDAS POR EGRESSOS DE UM CURSO DE FARMÁCIA, NO BRASIL",How do angular analyses of rare B→K*ℓ+ℓ− decays test lepton flavor universality and what kinds of new-physics effects can they help reveal or constrain?
127,source_conditioned_supported,supported,True,strict_json,True,supported,True,1.0,1.0,True,True,"PERFIL E COMPETÊNCIAS ADQUIRIDAS POR EGRESSOS DE UM CURSO DE FARMÁCIA, NO BRASIL",2023,https://doi.org/10.14450/2318-9312.v35.e1.a2023.pp64-75,2502.10291v2,"PERFIL E COMPETÊNCIAS ADQUIRIDAS POR EGRESSOS DE UM CURSO DE FARMÁCIA, NO BRASIL",How do angular analyses of rare B→K*ℓ+ℓ− decays test lepton flavor universality and what kinds of new-physics effects can they help reveal or constrain?
127,shifted_source_negative,hallucinated,True,strict_json,True,hallucinated,False,0.24390243902439024,0.004104669061056952,False,False,"PERFIL E COMPETÊNCIAS ADQUIRIDAS POR EGRESSOS DE UM CURSO DE FARMÁCIA, NO BRASIL",2023,https://doi.org/10.14450/2318-9312.v35.e1.a2023.pp64-75,2502.10291v2,Genetic strategies for improving crop yields,"What are the main challenges and best practices for designing a scalable, secure, and real-time data warehouse that can integrate heterogeneous agricultural data from IoT devices, satellites, and farm management systems?"
128,source_conditioned_supported,supported,False,regex_repair,True,hallucinated,False,0.5106382978723404,0.0,True,False,Genetic engineering of crops for drought tolerance,2019,"https://doi.org/10.1038/s41586-019-1679-0 ""claimed_title"", ""claimed_year"", ""claimed_doi"", ""claimed_arxiv_id"", ""claimed_content",,Genetic strategies for improving crop yields,"What are the main challenges and best practices for designing a scalable, secure, and real-time data warehouse that can integrate heterogeneous agricultural data from IoT devices, satellites, and farm management systems?"
128,shifted_source_negative,hallucinated,False,regex_repair,True,hallucinated,False,0.22727272727272727,0.0,False,False,Genetic engineering of crops for drought tolerance,2019,"https://doi.org/10.1038/s41586-019-1679-0 ""claimed_title"", ""claimed_year"", ""claimed_doi"", ""claimed_arxiv_id"", ""claimed_content",,Learning by doing: A multi‐level analysis of the impact of citizen science education,"How do precise measurements of rare B-meson decays to muon pairs constrain theories beyond the Standard Model, and which classes of new-physics models are most strongly affected?"
129,source_conditioned_supported,supported,False,unrepairable:no_json_object,False,hallucinated,False,0.0,0.0,False,False,,,,,Learning by doing: A multi‐level analysis of the impact of citizen science education,"How do precise measurements of rare B-meson decays to muon pairs constrain theories beyond the Standard Model, and which classes of new-physics models are most strongly affected?"
129,shifted_source_negative,hallucinated,False,unrepairable:no_json_object,False,hallucinated,False,0.0,0.0,False,False,,,,,The Handbook of Research Synthesis and Meta-Analysis,What are the key best practices and evaluation criteria for validating synthetic medical images generated by GANs so they can be trusted and safely used in clinical workflows?
130,source_conditioned_supported,supported,False,regex_repair,True,hallucinated,False,1.0,0.04586129753914989,True,False,The Handbook of Research Synthesis and Meta-Analysis,2019,"https://doi.org/10.1007/97816104448864 ""claimed_arxiv_id"": ""2107.09543v2 ""claimed_content"": ""Despite technological and medical advancements, the detection, interpretation, and treatment of cancer based on imaging data continues to pose significant challenges.","2107.09543v2 ""claimed_content"": ""Despite technological and medical advancements, the detection, interpretation, and treatment of cancer based on imaging data continues to pose significant challenges.",The Handbook of Research Synthesis and Meta-Analysis,What are the key best practices and evaluation criteria for validating synthetic medical images generated by GANs so they can be trusted and safely used in clinical workflows?
130,shifted_source_negative,hallucinated,False,regex_repair,True,hallucinated,False,0.014134275618374558,0.022857142857142857,False,False,The Handbook of Research Synthesis and Meta-Analysis,2019,"https://doi.org/10.1007/97816104448864 ""claimed_arxiv_id"": ""2107.09543v2 ""claimed_content"": ""Despite technological and medical advancements, the detection, interpretation, and treatment of cancer based on imaging data continues to pose significant challenges.","2107.09543v2 ""claimed_content"": ""Despite technological and medical advancements, the detection, interpretation, and treatment of cancer based on imaging data continues to pose significant challenges.",Cardioprotective effects of Schisantherin A against isoproterenol-induced acute myocardial infarction through amelioration of oxidative stress and inflammation via modulation of PI3K-AKT/Nrf2/ARE and TLR4/MAPK/NF-κB pathways in rats,"How do precise measurements of rare B meson decays into muon pairs constrain extensions of the Standard Model, and which classes of new-physics models are most strongly affected by these results?"
131,source_conditioned_supported,supported,True,strict_json,True,supported,True,0.9914163090128756,1.0,True,True,Cardioprotective effects of Schisantherin A against isoproterenol-induced acute myocardial infarction through amelioration of oxidative stress and inflammation via modulation of PI3K-AKT/Nrf2/ARE and TLR4/MAPK/NF-\u03b2 pathways in rats,2023,https://doi.org/10.1186/s12906-023-04081-x,1411.4413v2,Cardioprotective effects of Schisantherin A against isoproterenol-induced acute myocardial infarction through amelioration of oxidative stress and inflammation via modulation of PI3K-AKT/Nrf2/ARE and TLR4/MAPK/NF-κB pathways in rats,"How do precise measurements of rare B meson decays into muon pairs constrain extensions of the Standard Model, and which classes of new-physics models are most strongly affected by these results?"
131,shifted_source_negative,hallucinated,True,strict_json,True,hallucinated,True,0.19584569732937684,1.0,False,True,Cardioprotective effects of Schisantherin A against isoproterenol-induced acute myocardial infarction through amelioration of oxidative stress and inflammation via modulation of PI3K-AKT/Nrf2/ARE and TLR4/MAPK/NF-\u03b2 pathways in rats,2023,https://doi.org/10.1186/s12906-023-04081-x,1411.4413v2,Estimation of the global prevalence and burden of obstructive sleep apnoea: a literature-based analysis,How can measurements of very rare neutral meson decays into lepton pairs be used to test the Standard Model and constrain theories of physics beyond the Standard Model?
132,source_conditioned_supported,supported,False,regex_repair,True,hallucinated,False,0.6332288401253918,0.09306742640075974,True,False,"Estimation of the global prevalence and burden of obstructive sleep apnea: a literature-based analysis"", ""claimed_title"": ""Estimation of the global prevalence and burden of obstructive sleep apnea: a literature-based analysis",2019,"https://doi.org/10.1016/j.jconlim.2019-10.1016/j.jconlim. ""claimed_content"": ""A joint measurement is presented of the global prevalence and burden of obstructive sleep apnea: a literature-based analysis Source record ID: 10.1016/j.jconlim. claimed_title"": ""Estimation of the global prevalence and burden of obstructive sleep apnea: a literature-based analysis claimed_year"": 2019 claimed_doi"": ""10.1016/j.jconlim. claimed_content"": ""A",,Estimation of the global prevalence and burden of obstructive sleep apnoea: a literature-based analysis,How can measurements of very rare neutral meson decays into lepton pairs be used to test the Standard Model and constrain theories of physics beyond the Standard Model?
132,shifted_source_negative,hallucinated,False,regex_repair,True,hallucinated,False,0.25405405405405407,0.09306742640075974,False,False,"Estimation of the global prevalence and burden of obstructive sleep apnea: a literature-based analysis"", ""claimed_title"": ""Estimation of the global prevalence and burden of obstructive sleep apnea: a literature-based analysis",2019,"https://doi.org/10.1016/j.jconlim.2019-10.1016/j.jconlim. ""claimed_content"": ""A joint measurement is presented of the global prevalence and burden of obstructive sleep apnea: a literature-based analysis Source record ID: 10.1016/j.jconlim. claimed_title"": ""Estimation of the global prevalence and burden of obstructive sleep apnea: a literature-based analysis claimed_year"": 2019 claimed_doi"": ""10.1016/j.jconlim. claimed_content"": ""A",,Ecosystem engineers enter the city: Habitat characteristics influencing the distribution of Eurasian beavers Castor fiber in a human-transformed landscape,"How do precise measurements of rare neutral B meson decays into muon pairs constrain theories beyond the Standard Model, and why are these particular decays so sensitive to new physics?"
133,source_conditioned_supported,supported,True,strict_json,True,supported,True,1.0,1.0,True,True,Ecosystem engineers enter the city: Habitat characteristics influencing the distribution of Eurasian beavers Castor fiber in a human-transformed landscape,2023,https://doi.org/10.1016/j.landurbplan.2023.104893,1411.4413v2,Ecosystem engineers enter the city: Habitat characteristics influencing the distribution of Eurasian beavers Castor fiber in a human-transformed landscape,"How do precise measurements of rare neutral B meson decays into muon pairs constrain theories beyond the Standard Model, and why are these particular decays so sensitive to new physics?"
133,shifted_source_negative,hallucinated,True,strict_json,True,hallucinated,False,0.1787709497206704,0.0011655011655011655,False,False,Ecosystem engineers enter the city: Habitat characteristics influencing the distribution of Eurasian beavers Castor fiber in a human-transformed landscape,2023,https://doi.org/10.1016/j.landurbplan.2023.104893,1411.4413v2,Principles of Bone Biology,"How do Bayesian emulators combined with iterative history matching compare to standard approaches (e.g., MCMC) for efficiently and reliably exploring high-dimensional parameter spaces in computationally expensive biological models?"
134,source_conditioned_supported,supported,True,strict_json,True,supported,True,1.0,1.0,True,True,Principles of Bone Biology,2019,https://doi.org/10.1016/c2015-1-01622-2,1607.06358v2,Principles of Bone Biology,"How do Bayesian emulators combined with iterative history matching compare to standard approaches (e.g., MCMC) for efficiently and reliably exploring high-dimensional parameter spaces in computationally expensive biological models?"
134,shifted_source_negative,hallucinated,True,strict_json,True,hallucinated,False,0.22857142857142856,0.027093596059113302,False,False,Principles of Bone Biology,2019,https://doi.org/10.1016/c2015-1-01622-2,1607.06358v2,Role of Threshold of Free Shipping Promotion and Product Type on Impulsive Buying Behaviour in E-Commerce Platform,"What are effective strategies for improving relevance matching between multilingual user queries and product listings on e-commerce platforms, especially when labeled data is limited?"
135,source_conditioned_supported,supported,False,regex_repair,True,hallucinated,False,0.29198966408268734,0.0,True,False,"Role of Threshold of Free Shipping Promotion and Product Type on Impulsive Buying Behavior in E-Commerce Platform ""claimed_title"": ""Role of Threshold of Free Shipping Promotion and Product Type on Impulsive Buying Behavior in E-Commerce Platform ""claimed_year"": 2023 ""claimed_doi"": ""https://doi.org/10.21512/tw.v23i2 ""claimed_arxiv_id"": ""2510.25428v1 ""This report details our methodology and results developed for the Multilingual E-commerce Search ""claimed_title"": ""Role of Threshold of Free Shipping Promotion and Product Type on Impulsive Buying Behavior ""claimed_year"": 2023 ""claimed_doi"": ""https://doi.org/10.21512/tw.v2 ""claimed_arxiv_id"": ""https://arxiv.org/abs/2510.25428v1 ""claimed_content",2023,"https://doi.org/10.21512/tw.v23i2 ""claimed_arxiv_id"": ""2510.25428v1 ""This report details our methodology and results developed for the Multilingual E-commerce Search ""claimed_title"": ""Role of Threshold of Free Shipping Promotion and Product Type on Impulsive Buying Behavior ""claimed_year"": 2023 ""claimed_doi"": ""https://doi.org/10.21512/tw.v2 ""claimed_arxiv_id"": ""https://arxiv.org/abs/2510.25428v1 ""claimed_content","2510.25428v1 ""This report details our methodology and results developed for the Multilingual E-commerce Search ""claimed_title"": ""Role of Threshold of Free Shipping Promotion and Product Type on Impulsive Buying Behavior ""claimed_year"": 2023 ""claimed_doi"": ""https://doi.org/10.21512/tw.v2 ""claimed_arxiv_id"": ""https://arxiv.org/abs/2510.25428v1 ""claimed_content",Role of Threshold of Free Shipping Promotion and Product Type on Impulsive Buying Behaviour in E-Commerce Platform,"What are effective strategies for improving relevance matching between multilingual user queries and product listings on e-commerce platforms, especially when labeled data is limited?"
135,shifted_source_negative,hallucinated,False,regex_repair,True,hallucinated,False,0.12365591397849462,0.0,False,False,"Role of Threshold of Free Shipping Promotion and Product Type on Impulsive Buying Behavior in E-Commerce Platform ""claimed_title"": ""Role of Threshold of Free Shipping Promotion and Product Type on Impulsive Buying Behavior in E-Commerce Platform ""claimed_year"": 2023 ""claimed_doi"": ""https://doi.org/10.21512/tw.v23i2 ""claimed_arxiv_id"": ""2510.25428v1 ""This report details our methodology and results developed for the Multilingual E-commerce Search ""claimed_title"": ""Role of Threshold of Free Shipping Promotion and Product Type on Impulsive Buying Behavior ""claimed_year"": 2023 ""claimed_doi"": ""https://doi.org/10.21512/tw.v2 ""claimed_arxiv_id"": ""https://arxiv.org/abs/2510.25428v1 ""claimed_content",2023,"https://doi.org/10.21512/tw.v23i2 ""claimed_arxiv_id"": ""2510.25428v1 ""This report details our methodology and results developed for the Multilingual E-commerce Search ""claimed_title"": ""Role of Threshold of Free Shipping Promotion and Product Type on Impulsive Buying Behavior ""claimed_year"": 2023 ""claimed_doi"": ""https://doi.org/10.21512/tw.v2 ""claimed_arxiv_id"": ""https://arxiv.org/abs/2510.25428v1 ""claimed_content","2510.25428v1 ""This report details our methodology and results developed for the Multilingual E-commerce Search ""claimed_title"": ""Role of Threshold of Free Shipping Promotion and Product Type on Impulsive Buying Behavior ""claimed_year"": 2023 ""claimed_doi"": ""https://doi.org/10.21512/tw.v2 ""claimed_arxiv_id"": ""https://arxiv.org/abs/2510.25428v1 ""claimed_content",Achieving high energy density and high power density with pseudocapacitive materials,"What experimental diagnostics and measurement techniques are typically used to characterize supersonic, self-magnetized turbulence in laser-driven laboratory plasma experiments, and how can those measurements be related to conditions in astrophysical plasmas like the interstellar medium?"
136,source_conditioned_supported,supported,False,regex_repair,True,hallucinated,False,1.0,0.0,True,False,Achieving high energy density and high power density with pseudocapacitive materials,2019,"https://doi.org/10.1038/ncomms.claimed_title, claimed_year, claimed_doi, claimed_arxiv_id, claimed_content",,Achieving high energy density and high power density with pseudocapacitive materials,"What experimental diagnostics and measurement techniques are typically used to characterize supersonic, self-magnetized turbulence in laser-driven laboratory plasma experiments, and how can those measurements be related to conditions in astrophysical plasmas like the interstellar medium?"
136,shifted_source_negative,hallucinated,False,regex_repair,True,hallucinated,False,0.21052631578947367,0.0,False,False,Achieving high energy density and high power density with pseudocapacitive materials,2019,"https://doi.org/10.1038/ncomms.claimed_title, claimed_year, claimed_doi, claimed_arxiv_id, claimed_content",,Process Mechanism for Production of Green Lixiviant Thiosulfate at Atmospheric Pressure,What are the main advantages and limitations of using high-power LEDs instead of lasers for fluorescence-based pressure measurements in high‑pressure cells?
137,source_conditioned_supported,supported,False,unrepairable:no_json_object,False,hallucinated,False,0.0,0.0,False,False,,,,,Process Mechanism for Production of Green Lixiviant Thiosulfate at Atmospheric Pressure,What are the main advantages and limitations of using high-power LEDs instead of lasers for fluorescence-based pressure measurements in high‑pressure cells?
137,shifted_source_negative,hallucinated,False,unrepairable:no_json_object,False,hallucinated,False,0.0,0.0,False,False,,,,,Visualizing a field of research: A methodology of systematic scientometric reviews,How do precise measurements of rare B-meson decays into muon pairs constrain or inform models of physics beyond the Standard Model?
138,source_conditioned_supported,supported,False,regex_repair,True,hallucinated,False,0.9054054054054054,0.0,True,False,Visualizing a field of research: A methodology of systematic reviews,2019,"https://doi.org/10.1371/journal.pone.2019. ""claimed_arxiv_id"": ""1411.4413v2"" claimed_content"": ""A joint measurement is presented of the branching fractions B0s-to-+ of the source record.","1411.4413v2"" claimed_content"": ""A joint measurement is presented of the branching fractions B0s-to-+ of the source record.",Visualizing a field of research: A methodology of systematic scientometric reviews,How do precise measurements of rare B-meson decays into muon pairs constrain or inform models of physics beyond the Standard Model?
138,shifted_source_negative,hallucinated,False,regex_repair,True,hallucinated,False,0.21818181818181817,0.0,False,False,Visualizing a field of research: A methodology of systematic reviews,2019,"https://doi.org/10.1371/journal.pone.2019. ""claimed_arxiv_id"": ""1411.4413v2"" claimed_content"": ""A joint measurement is presented of the branching fractions B0s-to-+ of the source record.","1411.4413v2"" claimed_content"": ""A joint measurement is presented of the branching fractions B0s-to-+ of the source record.",Dynamic changes in the major chemical and volatile components during the “Ziyan” tea wine processing,"How do the different electromagnetic signals (prompt gamma-rays, early blue optical/UV emission, later red optical/IR evolution, and delayed X-ray/radio emission) arise from a neutron star merger, and what does each component tell us about the ejecta composition, outflow geometry, and remnant?"
139,source_conditioned_supported,supported,False,regex_repair,True,supported,True,1.0,1.0,True,True,Dynamic changes in the major chemical and volatile components during the “Ziyan” tea wine processing,2023,https://doi.org/10.1016/j.lwt.2023.115273,1710.05833v2,Dynamic changes in the major chemical and volatile components during the “Ziyan” tea wine processing,"How do the different electromagnetic signals (prompt gamma-rays, early blue optical/UV emission, later red optical/IR evolution, and delayed X-ray/radio emission) arise from a neutron star merger, and what does each component tell us about the ejecta composition, outflow geometry, and remnant?"
139,shifted_source_negative,hallucinated,False,regex_repair,True,hallucinated,False,0.2857142857142857,0.009598080383923215,False,False,Dynamic changes in the major chemical and volatile components during the “Ziyan” tea wine processing,2023,https://doi.org/10.1016/j.lwt.2023.115273,1710.05833v2,EGNet: Edge Guidance Network for Salient Object Detection,What are the main challenges and advantages of combining RGB and thermal infrared data for salient object detection in real-world scenes?
140,source_conditioned_supported,supported,False,regex_repair,True,hallucinated,False,1.0,0.032879818594104306,True,False,EGNet: Edge Guidance Network for Salient Object Detection,2019,"10.1109/ICCV2019_1 ""claimed_arxiv_id"": ""arX",arX,EGNet: Edge Guidance Network for Salient Object Detection,What are the main challenges and advantages of combining RGB and thermal infrared data for salient object detection in real-world scenes?
140,shifted_source_negative,hallucinated,False,regex_repair,True,hallucinated,False,0.20618556701030927,0.0023432923257176333,False,False,EGNet: Edge Guidance Network for Salient Object Detection,2019,"10.1109/ICCV2019_1 ""claimed_arxiv_id"": ""arX",arX,Impact of π-Expanded Boron-Carbonyl Hybrid Acceptors on TADF Properties: Controlling Local Triplet Excited States and Unusual Emission Tuning,How can magnetic resonance techniques (such as electroluminescence-detected and photoluminescence-detected magnetic resonance) be used to distinguish and characterize intra- versus intermolecular thermally activated delayed fluorescence processes in operating OLEDs?
141,source_conditioned_supported,supported,False,regex_repair,True,supported,True,1.0,1.0,True,True,Impact of π-Expanded Boron-Carbonyl Hybrid Acceptors on TADF Properties: Controlling Local Triplet Excited States and Unusual Emission Tuning,2023,https://doi.org/10.1021/acsami.3c00047,2006.15653v2,Impact of π-Expanded Boron-Carbonyl Hybrid Acceptors on TADF Properties: Controlling Local Triplet Excited States and Unusual Emission Tuning,How can magnetic resonance techniques (such as electroluminescence-detected and photoluminescence-detected magnetic resonance) be used to distinguish and characterize intra- versus intermolecular thermally activated delayed fluorescence processes in operating OLEDs?
141,shifted_source_negative,hallucinated,False,regex_repair,True,hallucinated,False,0.14545454545454545,0.019623875715453803,False,False,Impact of π-Expanded Boron-Carbonyl Hybrid Acceptors on TADF Properties: Controlling Local Triplet Excited States and Unusual Emission Tuning,2023,https://doi.org/10.1021/acsami.3c00047,2006.15653v2,The Hsp70 chaperone network,"How does ATP hydrolysis power Hsp70 chaperones to remodel and expand misfolded substrate proteins, and what factors determine the efficiency of converting that chemical energy into mechanical work?"
142,source_conditioned_supported,supported,False,regex_repair,True,hallucinated,False,1.0,0.016901408450704224,True,False,The Hsp70 chaperone network,2019,https://doi.org/10.1038/ncomms.2019.13,1902.01612,The Hsp70 chaperone network,"How does ATP hydrolysis power Hsp70 chaperones to remodel and expand misfolded substrate proteins, and what factors determine the efficiency of converting that chemical energy into mechanical work?"
142,shifted_source_negative,hallucinated,False,regex_repair,True,hallucinated,False,0.1595744680851064,0.0026560424966799467,False,False,The Hsp70 chaperone network,2019,https://doi.org/10.1038/ncomms.2019.13,1902.01612,Robust Self-Healable and Three-Dimensional Printable Thermoplastic Elastomeric Waterborne Polyurethane for Artificial Muscle and Biomedical Scaffold Applications,What are the main trade-offs between using neuromorphic processors and conventional deep learning accelerators for real-time biomedical signal processing on edge/point-of-care devices?
143,source_conditioned_supported,supported,False,unrepairable:no_json_object,False,hallucinated,False,0.0,0.0,False,False,,,,,Robust Self-Healable and Three-Dimensional Printable Thermoplastic Elastomeric Waterborne Polyurethane for Artificial Muscle and Biomedical Scaffold Applications,What are the main trade-offs between using neuromorphic processors and conventional deep learning accelerators for real-time biomedical signal processing on edge/point-of-care devices?
143,shifted_source_negative,hallucinated,False,unrepairable:no_json_object,False,hallucinated,False,0.0,0.0,False,False,,,,,Novel immune checkpoint targets: moving beyond PD-1 and CTLA-4,"What are the key challenges and design considerations when building software frameworks that model innate immune system principles for use in artificial immune systems, and how can those challenges be addressed?"
144,source_conditioned_supported,supported,False,regex_repair,True,hallucinated,False,0.6324786324786325,0.0,True,False,Novel immune checkpoint targets for cancer immunotherapy,2019,https://doi.org/10.1186/s12943-2019-1091.,,Novel immune checkpoint targets: moving beyond PD-1 and CTLA-4,"What are the key challenges and design considerations when building software frameworks that model innate immune system principles for use in artificial immune systems, and how can those challenges be addressed?"
144,shifted_source_negative,hallucinated,False,regex_repair,True,hallucinated,False,0.24358974358974358,0.0,False,False,Novel immune checkpoint targets for cancer immunotherapy,2019,https://doi.org/10.1186/s12943-2019-1091.,,Road Rage and Aggressive Driving Behaviour Detection in Usage-Based Insurance Using Machine Learning,"What practical steps can organizations that use machine learning for official statistics take to detect, monitor, and mitigate the impacts of changing data sources on the validity and reliability of their outputs?"
145,source_conditioned_supported,supported,True,strict_json,True,supported,True,1.0,1.0,True,True,Road Rage and Aggressive Driving Behaviour Detection in Usage-Based Insurance Using Machine Learning,2023,https://doi.org/10.4018/ijsi.319314,2306.04338v1,Road Rage and Aggressive Driving Behaviour Detection in Usage-Based Insurance Using Machine Learning,"What practical steps can organizations that use machine learning for official statistics take to detect, monitor, and mitigate the impacts of changing data sources on the validity and reliability of their outputs?"
145,shifted_source_negative,hallucinated,True,strict_json,True,hallucinated,False,0.35233160621761656,0.04983012457531144,False,False,Road Rage and Aggressive Driving Behaviour Detection in Usage-Based Insurance Using Machine Learning,2023,https://doi.org/10.4018/ijsi.319314,2306.04338v1,ModelTest-NG: A New and Scalable Tool for the Selection of DNA and Protein Evolutionary Models,"How do precision measurements of rare decays of neutral B mesons into muon pairs constrain theories beyond the Standard Model, and which classes of new-physics models are most strongly affected by such constraints?"
146,source_conditioned_supported,supported,False,unrepairable:no_json_object,False,hallucinated,False,0.0,0.0,False,False,,,,,ModelTest-NG: A New and Scalable Tool for the Selection of DNA and Protein Evolutionary Models,"How do precision measurements of rare decays of neutral B mesons into muon pairs constrain theories beyond the Standard Model, and which classes of new-physics models are most strongly affected by such constraints?"
146,shifted_source_negative,hallucinated,False,unrepairable:no_json_object,False,hallucinated,False,0.0,0.0,False,False,,,,,Hydroxychloroquine in children with proliferative lupus nephritis: a randomized clinical trial,"How do precise measurements of extremely rare particle decays into muon pairs constrain extensions of the Standard Model, and which classes of new-physics models are most strongly affected by such measurements?"
147,source_conditioned_supported,supported,False,unrepairable:no_json_object,False,hallucinated,False,0.0,0.0,False,False,,,,,Hydroxychloroquine in children with proliferative lupus nephritis: a randomized clinical trial,"How do precise measurements of extremely rare particle decays into muon pairs constrain extensions of the Standard Model, and which classes of new-physics models are most strongly affected by such measurements?"
147,shifted_source_negative,hallucinated,False,unrepairable:no_json_object,False,hallucinated,False,0.0,0.0,False,False,,,,,Understanding digital transformation: A review and a research agenda,Why are rare decays of neutral B mesons into muon pairs considered particularly sensitive probes for physics beyond the Standard Model?
148,source_conditioned_supported,supported,False,regex_repair,True,hallucinated,False,1.0,0.16153846153846155,True,False,Understanding digital transformation: A review and a research agenda,2019,"https://doi.org/10.1016/j.jsis.2019.003 ""claimed_arxiv_id"": ""1411.4413v2 ""claimed_content"": ""A joint measurement is presented of the branching fractions $B^0s-to-$","1411.4413v2 ""claimed_content"": ""A joint measurement is presented of the branching fractions $B^0s-to-$",Understanding digital transformation: A review and a research agenda,Why are rare decays of neutral B mesons into muon pairs considered particularly sensitive probes for physics beyond the Standard Model?
148,shifted_source_negative,hallucinated,False,regex_repair,True,hallucinated,False,0.2898550724637681,0.16153846153846155,False,False,Understanding digital transformation: A review and a research agenda,2019,"https://doi.org/10.1016/j.jsis.2019.003 ""claimed_arxiv_id"": ""1411.4413v2 ""claimed_content"": ""A joint measurement is presented of the branching fractions $B^0s-to-$","1411.4413v2 ""claimed_content"": ""A joint measurement is presented of the branching fractions $B^0s-to-$",Evaluating citizens' satisfaction on the urban environmental management through a multi-criteria approach: An application experience in Sicily,"How do precise measurements of the branching fractions for rare decays of neutral B mesons into muon pairs constrain or rule out extensions of the Standard Model, and which classes of new-physics models are most affected?"
149,source_conditioned_supported,supported,False,regex_repair,True,hallucinated,False,0.3542600896860987,0.0,True,False,"Evaluating citizens' satisfaction with the proposed urban planning strategies for sustainable development"", ""claimed_title"": ""Evaluating the impact of a new AI model on a dataset of 1000 records. { ""claimed_title"": ""Evaluating citizens' satisfaction with the proposed urban planning strategies for sustainable development",2023,"https://doi.org/10.1016/j.elsevierproceedings. ""The impact of urban planning strategies on citizens' satisfaction with the impact of urban planning on the quality of life Author: 1 Abstract: ""The impact of urban planning on the quality of life DOI: https://doi.org/10.1016/j.elsevierproceedings.06.006 Content: ""The impact of urban planning on citizens' satisfaction with the urban planning strategies for sustainable development",,Evaluating citizens' satisfaction on the urban environmental management through a multi-criteria approach: An application experience in Sicily,"How do precise measurements of the branching fractions for rare decays of neutral B mesons into muon pairs constrain or rule out extensions of the Standard Model, and which classes of new-physics models are most affected?"
149,shifted_source_negative,hallucinated,False,regex_repair,True,hallucinated,False,0.24324324324324326,0.0,False,False,"Evaluating citizens' satisfaction with the proposed urban planning strategies for sustainable development"", ""claimed_title"": ""Evaluating the impact of a new AI model on a dataset of 1000 records. { ""claimed_title"": ""Evaluating citizens' satisfaction with the proposed urban planning strategies for sustainable development",2023,"https://doi.org/10.1016/j.elsevierproceedings. ""The impact of urban planning strategies on citizens' satisfaction with the impact of urban planning on the quality of life Author: 1 Abstract: ""The impact of urban planning on the quality of life DOI: https://doi.org/10.1016/j.elsevierproceedings.06.006 Content: ""The impact of urban planning on citizens' satisfaction with the urban planning strategies for sustainable development",,Guidelines for performing Mendelian randomization investigations,How should one choose the amount of randomization in a stochastic restart algorithm to reliably improve convergence across different types of rugged optimization landscapes?
150,source_conditioned_supported,supported,False,regex_repair,True,hallucinated,True,0.7450980392156863,0.0,True,False,Guidelines for Mendelian Randomization,2019,https://doi.org/10.12688/wellcomeopenres.15555.1,0406095v1,Guidelines for performing Mendelian randomization investigations,How should one choose the amount of randomization in a stochastic restart algorithm to reliably improve convergence across different types of rugged optimization landscapes?
150,shifted_source_negative,hallucinated,False,regex_repair,True,hallucinated,False,0.1893491124260355,0.0,False,False,Guidelines for Mendelian Randomization,2019,https://doi.org/10.12688/wellcomeopenres.15555.1,0406095v1,"A numerical framework for the ITZ percolation, effective fraction and diffusivity of concrete systems considering the nonuniform ITZ","How do neutron star mergers produce emissions across such different wavelengths (gamma-rays, optical/infrared, X-rays, radio), and why do these signals appear at different times after the merger?"
151,source_conditioned_supported,supported,False,regex_repair,True,supported,True,1.0,1.0,True,True,"A numerical framework for the ITZ percolation, effective fraction and diffusivity of concrete systems considering the nonuniform ITZ",2023,https://doi.org/10.1016/j.jobe.2023.107429,1710.05833v2,"A numerical framework for the ITZ percolation, effective fraction and diffusivity of concrete systems considering the nonuniform ITZ","How do neutron star mergers produce emissions across such different wavelengths (gamma-rays, optical/infrared, X-rays, radio), and why do these signals appear at different times after the merger?"
151,shifted_source_negative,hallucinated,False,regex_repair,True,hallucinated,False,0.14285714285714285,0.009181331293037491,False,False,"A numerical framework for the ITZ percolation, effective fraction and diffusivity of concrete systems considering the nonuniform ITZ",2023,https://doi.org/10.1016/j.jobe.2023.107429,1710.05833v2,DARPA's Explainable Artificial Intelligence Program,How can proxy tasks be designed so they reliably measure whether AI explanations actually improve human decision-making across different domains and user groups?
152,source_conditioned_supported,supported,False,regex_repair,True,hallucinated,False,0.7529411764705882,0.06511627906976744,True,False,DARPA's Explainable AI (XAI) Program,2019,"https://doi.org/10.1109/TCPS.2019.1234 ""claimed_arxiv_id"": ""arXiv:2410.11896 ""claimed_content"": ""Explainable AI is essential for building trust in AI systems.","arXiv:2410.11896 ""claimed_content"": ""Explainable AI is essential for building trust in AI systems.",DARPA's Explainable Artificial Intelligence Program,How can proxy tasks be designed so they reliably measure whether AI explanations actually improve human decision-making across different domains and user groups?
152,shifted_source_negative,hallucinated,False,regex_repair,True,hallucinated,False,0.19047619047619047,0.018111254851228976,False,False,DARPA's Explainable AI (XAI) Program,2019,"https://doi.org/10.1109/TCPS.2019.1234 ""claimed_arxiv_id"": ""arXiv:2410.11896 ""claimed_content"": ""Explainable AI is essential for building trust in AI systems.","arXiv:2410.11896 ""claimed_content"": ""Explainable AI is essential for building trust in AI systems.",Cascading latent heat thermal energy storage in parabolic trough solar collector as a promising solution: An experimental investigation,"How do precise measurements of rare B meson decays into muon pairs constrain physics beyond the Standard Model, and which classes of new-physics models are most strongly affected?"
153,source_conditioned_supported,supported,False,regex_repair,True,hallucinated,False,0.436036036036036,0.19893048128342247,True,False,"Cascading latent heat thermal energy storage in parabolic trough solar collector as a promising solution for cooling of buildings ""Cascading latent heat thermal energy storage in parabolic trough solar collector as a promising solution for cooling of buildings { ""claimed_title"": ""Cascading latent heat thermal energy storage in parabolic trough solar collector as a promising solution for cooling of buildings ""claimed_year"": 2023",2023,"https://doi.org/10.1016/j.elsevier. ""claimed_arxiv_id"": ""1411.4413v2 ""claimed_content"": ""A joint measurement of the branching fractions B0solar collector as a promising solution for cooling of buildings ""claimed_doi"": ""https://arxiv.org/abs/1411.4413 ""claimed_arxiv_id"": ""A joint measurement of the branching fractions B0","1411.4413v2 ""claimed_content"": ""A joint measurement of the branching fractions B0solar collector as a promising solution for cooling of buildings ""claimed_doi"": ""https://arxiv.org/abs/1411.4413 ""claimed_arxiv_id"": ""A joint measurement of the branching fractions B0",Cascading latent heat thermal energy storage in parabolic trough solar collector as a promising solution: An experimental investigation,"How do precise measurements of rare B meson decays into muon pairs constrain physics beyond the Standard Model, and which classes of new-physics models are most strongly affected?"
153,shifted_source_negative,hallucinated,False,regex_repair,True,hallucinated,False,0.15071283095723015,0.010589013898080741,False,False,"Cascading latent heat thermal energy storage in parabolic trough solar collector as a promising solution for cooling of buildings ""Cascading latent heat thermal energy storage in parabolic trough solar collector as a promising solution for cooling of buildings { ""claimed_title"": ""Cascading latent heat thermal energy storage in parabolic trough solar collector as a promising solution for cooling of buildings ""claimed_year"": 2023",2023,"https://doi.org/10.1016/j.elsevier. ""claimed_arxiv_id"": ""1411.4413v2 ""claimed_content"": ""A joint measurement of the branching fractions B0solar collector as a promising solution for cooling of buildings ""claimed_doi"": ""https://arxiv.org/abs/1411.4413 ""claimed_arxiv_id"": ""A joint measurement of the branching fractions B0","1411.4413v2 ""claimed_content"": ""A joint measurement of the branching fractions B0solar collector as a promising solution for cooling of buildings ""claimed_doi"": ""https://arxiv.org/abs/1411.4413 ""claimed_arxiv_id"": ""A joint measurement of the branching fractions B0",EDVR: Video Restoration With Enhanced Deformable Convolutional Networks,"What are common techniques for aligning and fusing multiple video frames to perform restoration when there are large inter-frame motions and varying amounts of blur, and what are the main trade-offs between them?"
154,source_conditioned_supported,supported,True,strict_json,True,supported,True,1.0,1.0,True,True,EDVR: Video Restoration With Enhanced Deformable Convolutional Networks,2019,https://doi.org/10.1109/cvprw.2019.00247,1905.02716v1,EDVR: Video Restoration With Enhanced Deformable Convolutional Networks,"What are common techniques for aligning and fusing multiple video frames to perform restoration when there are large inter-frame motions and varying amounts of blur, and what are the main trade-offs between them?"
154,shifted_source_negative,hallucinated,True,strict_json,True,hallucinated,False,0.21333333333333335,0.006868918145392101,False,False,EDVR: Video Restoration With Enhanced Deformable Convolutional Networks,2019,https://doi.org/10.1109/cvprw.2019.00247,1905.02716v1,Parametric Study on the Influence of Pedestrians' Road Crossing Pattern on Safety,"How effective are smart, flashing or color-changing LED crosswalk lights at reducing smartphone-related pedestrian distraction in real-world street environments, and what factors influence their success?"
155,source_conditioned_supported,supported,False,regex_repair,True,hallucinated,True,0.6274509803921569,0.0,True,False,"Parametric Study on the Influence of Pedestrians' Road Crossing Pattern on Safety"", ""claimed_title"": ""Parametric Study on the Influence of Pedestrians' Road Crossing Pattern on Safety",2023,https://doi.org/10.2174/18744478-v17-e230120-2022-8,1806.06454v1,Parametric Study on the Influence of Pedestrians' Road Crossing Pattern on Safety,"How effective are smart, flashing or color-changing LED crosswalk lights at reducing smartphone-related pedestrian distraction in real-world street environments, and what factors influence their success?"
155,shifted_source_negative,hallucinated,False,regex_repair,True,hallucinated,False,0.1990521327014218,0.0,False,False,"Parametric Study on the Influence of Pedestrians' Road Crossing Pattern on Safety"", ""claimed_title"": ""Parametric Study on the Influence of Pedestrians' Road Crossing Pattern on Safety",2023,https://doi.org/10.2174/18744478-v17-e230120-2022-8,1806.06454v1,A survey on semi-supervised learning,What strategies and safeguards can be used when imputing labels for unlabeled data to ensure the imputed labels improve model generalization rather than propagate noise or bias?
156,source_conditioned_supported,supported,False,regex_repair,True,hallucinated,False,1.0,0.0,True,False,A survey on semi-supervised learning,2019,"https://doi.org/10.1007/10.1007/10.1007/10.1007/10.1007, claimed_content: ""This paper presents a survey on semi-supervised learning methods, claimed_year, claimed_doi, claimed_arxiv_id, and claimed_content.",,A survey on semi-supervised learning,What strategies and safeguards can be used when imputing labels for unlabeled data to ensure the imputed labels improve model generalization rather than propagate noise or bias?
156,shifted_source_negative,hallucinated,False,regex_repair,True,hallucinated,False,0.1702127659574468,0.0,False,False,A survey on semi-supervised learning,2019,"https://doi.org/10.1007/10.1007/10.1007/10.1007/10.1007, claimed_content: ""This paper presents a survey on semi-supervised learning methods, claimed_year, claimed_doi, claimed_arxiv_id, and claimed_content.",,On the devolvement of fractal antenna for IoT applications,"What are the main technical and organizational challenges to achieving interoperability and collective intelligence across heterogeneous IoT networks, and what strategies can be used to address them?"
157,source_conditioned_supported,supported,True,strict_json,True,supported,True,1.0,1.0,True,True,On the devolvement of fractal antenna for IoT applications,2023,https://doi.org/10.1088/2631-8695/acebb8,2310.00346v1,On the devolvement of fractal antenna for IoT applications,"What are the main technical and organizational challenges to achieving interoperability and collective intelligence across heterogeneous IoT networks, and what strategies can be used to address them?"
157,shifted_source_negative,hallucinated,True,strict_json,True,hallucinated,False,0.41379310344827586,0.034722222222222224,False,False,On the devolvement of fractal antenna for IoT applications,2023,https://doi.org/10.1088/2631-8695/acebb8,2310.00346v1,How to perform a meta-analysis with R: a practical tutorial,How do precise measurements of rare B meson decays into muon pairs constrain or rule out models of physics beyond the Standard Model?
158,source_conditioned_supported,supported,False,regex_repair,True,hallucinated,False,1.0,0.0,True,False,How to perform a meta-analysis with R: a practical tutorial,2019,"https://doi.org/10.1136/journal/10.1136/10.1136/author, claimed_author, claimed_publisher, claimed_journal, claimed_journal, claimed_publisher, claimed_journal, claimed_author, and claimed_publisher from the source record.",,How to perform a meta-analysis with R: a practical tutorial,How do precise measurements of rare B meson decays into muon pairs constrain or rule out models of physics beyond the Standard Model?
158,shifted_source_negative,hallucinated,False,regex_repair,True,hallucinated,False,0.3053435114503817,0.0,False,False,How to perform a meta-analysis with R: a practical tutorial,2019,"https://doi.org/10.1136/journal/10.1136/10.1136/author, claimed_author, claimed_publisher, claimed_journal, claimed_journal, claimed_publisher, claimed_journal, claimed_author, and claimed_publisher from the source record.",,Microfluidic Studies on Minimum Miscibility Pressure for n-Decane and CO2,What are the practical advantages and limitations of using high-power LEDs instead of lasers for fluorescence-based pressure measurements in high-pressure apparatus like diamond anvil cells?
159,source_conditioned_supported,supported,False,regex_repair,True,hallucinated,False,0.2161339421613394,0.1412639405204461,True,False,"Microfluidic Studies on Minimum Miscibility Pressure for n-Cane and CO2 ""claimed_title"": ""Microfluidic Studies on Minimum Miscibility Pressure for n-Cane and CO2 ""claimed_year"": 2023 ""claimed_doi"": ""https://doi.org/10.3390/energies/2023 ""claimed_arxiv_id"": ""arXiv/2305.08243v1 ""claimed_content"": ""We discuss the use of commercial high-power light emitting diodes as a light source Abstract Volume 2023 ISSN: 1939-1-Propanol Mixture Authors: 10.3390/10.3390/en16134994 arXiv ID: 2305.08243v1 Authors: We discuss the use of commercial high-power light emitting diodes as a light source for fluorescence pressure",2023,"https://doi.org/10.3390/energies/2023 ""claimed_arxiv_id"": ""arXiv/2305.08243v1 ""claimed_content"": ""We discuss the use of commercial high-power light emitting diodes as a light source Abstract Volume 2023 ISSN: 1939-1-Propanol Mixture Authors: 10.3390/10.3390/en16134994 arXiv ID: 2305.08243v1 Authors: We discuss the use of commercial high-power light emitting diodes as a light source for fluorescence pressure","arXiv/2305.08243v1 ""claimed_content"": ""We discuss the use of commercial high-power light emitting diodes as a light source Abstract Volume 2023 ISSN: 1939-1-Propanol Mixture Authors: 10.3390/10.3390/en16134994 arXiv ID: 2305.08243v1 Authors: We discuss the use of commercial high-power light emitting diodes as a light source for fluorescence pressure",Microfluidic Studies on Minimum Miscibility Pressure for n-Decane and CO2,What are the practical advantages and limitations of using high-power LEDs instead of lasers for fluorescence-based pressure measurements in high-pressure apparatus like diamond anvil cells?
159,shifted_source_negative,hallucinated,False,regex_repair,True,hallucinated,False,0.12809315866084425,0.030063291139240507,False,False,"Microfluidic Studies on Minimum Miscibility Pressure for n-Cane and CO2 ""claimed_title"": ""Microfluidic Studies on Minimum Miscibility Pressure for n-Cane and CO2 ""claimed_year"": 2023 ""claimed_doi"": ""https://doi.org/10.3390/energies/2023 ""claimed_arxiv_id"": ""arXiv/2305.08243v1 ""claimed_content"": ""We discuss the use of commercial high-power light emitting diodes as a light source Abstract Volume 2023 ISSN: 1939-1-Propanol Mixture Authors: 10.3390/10.3390/en16134994 arXiv ID: 2305.08243v1 Authors: We discuss the use of commercial high-power light emitting diodes as a light source for fluorescence pressure",2023,"https://doi.org/10.3390/energies/2023 ""claimed_arxiv_id"": ""arXiv/2305.08243v1 ""claimed_content"": ""We discuss the use of commercial high-power light emitting diodes as a light source Abstract Volume 2023 ISSN: 1939-1-Propanol Mixture Authors: 10.3390/10.3390/en16134994 arXiv ID: 2305.08243v1 Authors: We discuss the use of commercial high-power light emitting diodes as a light source for fluorescence pressure","arXiv/2305.08243v1 ""claimed_content"": ""We discuss the use of commercial high-power light emitting diodes as a light source Abstract Volume 2023 ISSN: 1939-1-Propanol Mixture Authors: 10.3390/10.3390/en16134994 arXiv ID: 2305.08243v1 Authors: We discuss the use of commercial high-power light emitting diodes as a light source for fluorescence pressure","Particulate Photocatalysts for Light-Driven Water Splitting: Mechanisms, Challenges, and Design Strategies","How could structured or polarized water transmit or store electromagnetic patterns produced by biomolecules so that other biomolecules could recognize those patterns, and what physical mechanisms and experimental evidence support this idea?"
160,source_conditioned_supported,supported,False,unrepairable:no_json_object,False,hallucinated,False,0.0,0.0,False,False,,,,,"Particulate Photocatalysts for Light-Driven Water Splitting: Mechanisms, Challenges, and Design Strategies","How could structured or polarized water transmit or store electromagnetic patterns produced by biomolecules so that other biomolecules could recognize those patterns, and what physical mechanisms and experimental evidence support this idea?"
160,shifted_source_negative,hallucinated,False,unrepairable:no_json_object,False,hallucinated,False,0.0,0.0,False,False,,,,,Advance in hyperbaric oxygen therapy in spinal cord injury,"How does cholesterol accumulation within phagocytes affect inflammation and scar formation after nervous system injury, and what strategies could be used to promote cholesterol clearance to improve healing?"
161,source_conditioned_supported,supported,False,regex_repair,True,hallucinated,False,0.9572649572649573,0.0,True,False,Advance in hyperbaric oxygen therapy for spinal cord injury,2023,"https://doi.org/10.1016/j.cjtee.2023.0.1016/j.cjtee.0.0.0 { ""claimed_title"": ""Advance in hyperbaric oxygen therapy for spinal cord injury"", ""claimed_year"": 2023, ""claimed_doi"": ""https://doi.org/10.1016/j.cjtee.0.1016/j.cjtee.2023 Source record ID: 10.1016/j.cjtee.0.1016/j.cjtee.2023.002 Abstract excerpt: ""Spinal cord injury triggers complex pathological processes, leading to severe consequences, including loss of motor function and sensory function, leading to severe consequences, including loss of motor and",,Advance in hyperbaric oxygen therapy in spinal cord injury,"How does cholesterol accumulation within phagocytes affect inflammation and scar formation after nervous system injury, and what strategies could be used to promote cholesterol clearance to improve healing?"
161,shifted_source_negative,hallucinated,False,regex_repair,True,hallucinated,False,0.3287671232876712,0.0,False,False,Advance in hyperbaric oxygen therapy for spinal cord injury,2023,"https://doi.org/10.1016/j.cjtee.2023.0.1016/j.cjtee.0.0.0 { ""claimed_title"": ""Advance in hyperbaric oxygen therapy for spinal cord injury"", ""claimed_year"": 2023, ""claimed_doi"": ""https://doi.org/10.1016/j.cjtee.0.1016/j.cjtee.2023 Source record ID: 10.1016/j.cjtee.0.1016/j.cjtee.2023.002 Abstract excerpt: ""Spinal cord injury triggers complex pathological processes, leading to severe consequences, including loss of motor function and sensory function, leading to severe consequences, including loss of motor and",,Global trends in antimicrobial resistance in animals in low- and middle-income countries,What practical policy measures can middle-income countries implement to reduce at-the-border trade costs and improve their export competitiveness?
162,source_conditioned_supported,supported,False,regex_repair,True,hallucinated,False,1.0,0.0,True,False,Global trends in antimicrobial resistance in animals in low- and middle-income countries,2019,"https://doi.org/10.1126/science.2019.1126.1126.claimed_arxiv_id"": ""2204110888v1",,Global trends in antimicrobial resistance in animals in low- and middle-income countries,What practical policy measures can middle-income countries implement to reduce at-the-border trade costs and improve their export competitiveness?
162,shifted_source_negative,hallucinated,False,regex_repair,True,hallucinated,False,0.20512820512820512,0.0,False,False,Global trends in antimicrobial resistance in animals in low- and middle-income countries,2019,"https://doi.org/10.1126/science.2019.1126.1126.claimed_arxiv_id"": ""2204110888v1",,Copper nanoparticle-decorated nitrogen-doped carbon nanosheets for electrochemical determination of paraquat,"How does nitrogen doping alter the structure and lithium-storage mechanisms of biomass-derived hard carbon anodes, and why does that typically improve their capacity and rate performance?"
163,source_conditioned_supported,supported,False,regex_repair,True,supported,True,1.0,1.0,True,True,Copper nanoparticle-decorated nitrogen-doped carbon nanosheets for electrochemical determination of paraquat,2023,https://doi.org/10.1007/s00604-023-05812-0,2407.20255v1,Copper nanoparticle-decorated nitrogen-doped carbon nanosheets for electrochemical determination of paraquat,"How does nitrogen doping alter the structure and lithium-storage mechanisms of biomass-derived hard carbon anodes, and why does that typically improve their capacity and rate performance?"
163,shifted_source_negative,hallucinated,False,regex_repair,True,hallucinated,False,0.2857142857142857,0.012453300124533,False,False,Copper nanoparticle-decorated nitrogen-doped carbon nanosheets for electrochemical determination of paraquat,2023,https://doi.org/10.1007/s00604-023-05812-0,2407.20255v1,The NASA Twins Study: A multidimensional analysis of a year-long human spaceflight,How do precise measurements of the branching fractions for rare neutral B meson decays to muon pairs test the Standard Model and constrain theories beyond it?
164,source_conditioned_supported,supported,False,regex_repair,True,hallucinated,False,0.216,0.0,True,False,"The NASA Twins Study: A multidimensional analysis of a year-long human spaceflight ""claimed_title"": ""The NASA Twins Study: A multidimensional analysis of a year-long human spaceflight ""claimed_title"": ""The NASA Twins Study: A multidimensional analysis of a year-long human spaceflight ""claimed_year"": 2019 ""claimed_doi"": ""https://doi.org/10.1126/science. a multidimensional analysis of a year-long human spaceflight ""The NASA Twins Study: A multidimensional analysis of a year-long human spaceflight Source: NASA Author: NASA Affiliation: NASA Journal: The Lancet Journal: The Lancet ArXiv: 1411.4413v2 Journal: 1411.4413 Content: A joint measurement of a year-long human spaceflight Content: of the $B^",2019,"https://doi.org/10.1126/science. a multidimensional analysis of a year-long human spaceflight ""The NASA Twins Study: A multidimensional analysis of a year-long human spaceflight Source: NASA Author: NASA Affiliation: NASA Journal: The Lancet Journal: The Lancet ArXiv: 1411.4413v2 Journal: 1411.4413 Content: A joint measurement of a year-long human spaceflight Content: of the $B^",,The NASA Twins Study: A multidimensional analysis of a year-long human spaceflight,How do precise measurements of the branching fractions for rare neutral B meson decays to muon pairs test the Standard Model and constrain theories beyond it?
164,shifted_source_negative,hallucinated,False,regex_repair,True,hallucinated,False,0.11320754716981132,0.0,False,False,"The NASA Twins Study: A multidimensional analysis of a year-long human spaceflight ""claimed_title"": ""The NASA Twins Study: A multidimensional analysis of a year-long human spaceflight ""claimed_title"": ""The NASA Twins Study: A multidimensional analysis of a year-long human spaceflight ""claimed_year"": 2019 ""claimed_doi"": ""https://doi.org/10.1126/science. a multidimensional analysis of a year-long human spaceflight ""The NASA Twins Study: A multidimensional analysis of a year-long human spaceflight Source: NASA Author: NASA Affiliation: NASA Journal: The Lancet Journal: The Lancet ArXiv: 1411.4413v2 Journal: 1411.4413 Content: A joint measurement of a year-long human spaceflight Content: of the $B^",2019,"https://doi.org/10.1126/science. a multidimensional analysis of a year-long human spaceflight ""The NASA Twins Study: A multidimensional analysis of a year-long human spaceflight Source: NASA Author: NASA Affiliation: NASA Journal: The Lancet Journal: The Lancet ArXiv: 1411.4413v2 Journal: 1411.4413 Content: A joint measurement of a year-long human spaceflight Content: of the $B^",,The Role of Managers in Corporate Change Management: A Bibliometric Review,"How do precise measurements of rare B meson decays into muon pairs constrain theories beyond the Standard Model, and which types of new-physics scenarios are most strongly affected?"
165,source_conditioned_supported,supported,False,regex_repair,True,hallucinated,False,0.8888888888888888,1.0,True,True,The Role of Managers in Corporate Change Management: A Systematic Review,2023,"https://doi.org/10.3390/s42234 ""claimed_arxiv_id"": ""1411.4413",1411.4413,The Role of Managers in Corporate Change Management: A Bibliometric Review,"How do precise measurements of rare B meson decays into muon pairs constrain theories beyond the Standard Model, and which types of new-physics scenarios are most strongly affected?"
165,shifted_source_negative,hallucinated,False,regex_repair,True,hallucinated,False,0.21768707482993196,1.0,False,True,The Role of Managers in Corporate Change Management: A Systematic Review,2023,"https://doi.org/10.3390/s42234 ""claimed_arxiv_id"": ""1411.4413",1411.4413,D2-Net: A Trainable CNN for Joint Description and Detection of Local Features,"How do precise measurements of rare B-meson decays to muon pairs constrain extensions of the Standard Model, and which classes of new-physics models are most tightly constrained by these results?"
166,source_conditioned_supported,supported,False,regex_repair,True,hallucinated,False,0.38,0.10512483574244415,True,False,"D2-Net: A Trainable CNN for Joint Description and Detection of Local Features ""claimed_title"": ""D2-Net: A Trainable CNN for Joint Description and Detection of Local Features ""claimed_year"": 2019 ""claimed_doi"": ""https://doi.org/10.1109/MICIP.2019 ""claimed_arxiv_id"": ""1411.4413v2 ""claimed_content"": ""A joint measurement is presented of the abstract.",2019,"https://doi.org/10.1109/MICIP.2019 ""claimed_arxiv_id"": ""1411.4413v2 ""claimed_content"": ""A joint measurement is presented of the abstract.","1411.4413v2 ""claimed_content"": ""A joint measurement is presented of the abstract.",D2-Net: A Trainable CNN for Joint Description and Detection of Local Features,"How do precise measurements of rare B-meson decays to muon pairs constrain extensions of the Standard Model, and which classes of new-physics models are most tightly constrained by these results?"
166,shifted_source_negative,hallucinated,False,regex_repair,True,hallucinated,False,0.02773497688751926,0.0033112582781456954,False,False,"D2-Net: A Trainable CNN for Joint Description and Detection of Local Features ""claimed_title"": ""D2-Net: A Trainable CNN for Joint Description and Detection of Local Features ""claimed_year"": 2019 ""claimed_doi"": ""https://doi.org/10.1109/MICIP.2019 ""claimed_arxiv_id"": ""1411.4413v2 ""claimed_content"": ""A joint measurement is presented of the abstract.",2019,"https://doi.org/10.1109/MICIP.2019 ""claimed_arxiv_id"": ""1411.4413v2 ""claimed_content"": ""A joint measurement is presented of the abstract.","1411.4413v2 ""claimed_content"": ""A joint measurement is presented of the abstract.","Photocatalytic hydrogen production and simultaneous tetracycline degradation by selectively depositing growth of MoS2 on the PbTiO3 (00<mml:math xmlns:mml=""http://www.w3.org/1998/Math/MathML"" altimg=""si0001.svg""><mml:mover accent=""true""><mml:mrow><mml:mn mathvariant=""bold-italic"">1</mml:mn></mml:mrow><mml:mo></mml:mo></mml:mover></mml:math>) surface","What are the advantages and potential challenges of studying muonic hydrogen atoms and their reactions in vacuum compared with using bulk gas, liquid, or solid targets?"
167,source_conditioned_supported,supported,False,regex_repair,True,supported,True,1.0,1.0,True,True,"Photocatalytic hydrogen production and simultaneous tetracycline degradation by selectively depositing growth of MoS2 on the PbTiO3 (00<mml:math xmlns:mml=""http://www.w3.org/1998/Math/MathML"" altimg=""si0001.svg""><mml:mover accent=""true""><mml:mrow><mml:mn mathvariant=""bold-italic"">1</mml:mn></mml:mrow><mml:mo></mml:mo></mml:mover></mml:math>) surface",2023,https://doi.org/10.1016/j.colsurfa.2023.133096,0101007v1,"Photocatalytic hydrogen production and simultaneous tetracycline degradation by selectively depositing growth of MoS2 on the PbTiO3 (00<mml:math xmlns:mml=""http://www.w3.org/1998/Math/MathML"" altimg=""si0001.svg""><mml:mover accent=""true""><mml:mrow><mml:mn mathvariant=""bold-italic"">1</mml:mn></mml:mrow><mml:mo></mml:mo></mml:mover></mml:math>) surface","What are the advantages and potential challenges of studying muonic hydrogen atoms and their reactions in vacuum compared with using bulk gas, liquid, or solid targets?"
167,shifted_source_negative,hallucinated,False,regex_repair,True,hallucinated,False,0.13592233009708737,0.014146772767462422,False,False,"Photocatalytic hydrogen production and simultaneous tetracycline degradation by selectively depositing growth of MoS2 on the PbTiO3 (00<mml:math xmlns:mml=""http://www.w3.org/1998/Math/MathML"" altimg=""si0001.svg""><mml:mover accent=""true""><mml:mrow><mml:mn mathvariant=""bold-italic"">1</mml:mn></mml:mrow><mml:mo></mml:mo></mml:mover></mml:math>) surface",2023,https://doi.org/10.1016/j.colsurfa.2023.133096,0101007v1,Evidence of microplastic accumulation in agricultural soils from sewage sludge disposal,How can hierarchical microstructures be designed or implemented in composite materials to recover toughness and ductility when relatively weak bio-based fillers (like hydrochar) are used in additive manufacturing?
168,source_conditioned_supported,supported,False,regex_repair,True,hallucinated,False,0.8765432098765432,0.0035714285714285713,True,False,Evidence of microplastic pollution in agricultural soils from sewage sludge,2019,"https://doi.org/10.1016/j.scitotenv. ""claimed_doi"": ""https://doi.org/10.1016/j.scitotenv. ""claimed_content"": ""Microplastics have been found in agricultural soils from sewage sludge.",,Evidence of microplastic accumulation in agricultural soils from sewage sludge disposal,How can hierarchical microstructures be designed or implemented in composite materials to recover toughness and ductility when relatively weak bio-based fillers (like hydrochar) are used in additive manufacturing?
168,shifted_source_negative,hallucinated,False,regex_repair,True,hallucinated,False,0.2714285714285714,0.0019665683382497543,False,False,Evidence of microplastic pollution in agricultural soils from sewage sludge,2019,"https://doi.org/10.1016/j.scitotenv. ""claimed_doi"": ""https://doi.org/10.1016/j.scitotenv. ""claimed_content"": ""Microplastics have been found in agricultural soils from sewage sludge.",,"Co-Infection between Dengue Virus and SARS-CoV-2 in Cali, Colombia",What experimental and clinical steps are required to validate a candidate drug or drug combination that is predicted to inhibit a viral protease before it can be recommended for patient treatment?
169,source_conditioned_supported,supported,True,strict_json,True,supported,True,1.0,1.0,True,True,"Co-Infection between Dengue Virus and SARS-CoV-2 in Cali, Colombia",2023,https://doi.org/10.4269/ajtmh.22-0717,2012.00653v1,"Co-Infection between Dengue Virus and SARS-CoV-2 in Cali, Colombia",What experimental and clinical steps are required to validate a candidate drug or drug combination that is predicted to inhibit a viral protease before it can be recommended for patient treatment?
169,shifted_source_negative,hallucinated,True,strict_json,True,hallucinated,False,0.1896551724137931,0.023781212841854936,False,False,"Co-Infection between Dengue Virus and SARS-CoV-2 in Cali, Colombia",2023,https://doi.org/10.4269/ajtmh.22-0717,2012.00653v1,Hydrogel microparticles for biomedical applications,"What are the main trade-offs (in terms of energy efficiency, latency, robustness, and ease of development) when choosing between neuromorphic processors and conventional deep-learning accelerators for real-time biomedical signal processing at the edge?"
170,source_conditioned_supported,supported,False,regex_repair,True,hallucinated,False,1.0,0.232620320855615,True,False,Hydrogel microparticles for biomedical applications,2019,"https://doi.org/10.1038/s41598-1-2019 ""claimed_content"": ""The advent of dedicated Deep Learning (DL) accelerators and neuromorphic processors has brought new opportunities for applying both Deep and Spiking Neural Network (SNN) algorithms to healthcare and biomedical applications at the first 50 characters of the abstract. the abstract excerpt: ""The advent of dedicated DL accelerators and neuromorphic processors have been explored for biomedical applications Abstract The advent of dedicated DL accelerators and neuromorphic processors has brought new opportunities for applying both DL and SNN algorithms to healthcare and biomedical applications The advent of dedicated DL accelerators and neuromorphic processors has brought new opportunities for applying DL and SNN algorithms to healthcare and biomedical applications",,Hydrogel microparticles for biomedical applications,"What are the main trade-offs (in terms of energy efficiency, latency, robustness, and ease of development) when choosing between neuromorphic processors and conventional deep-learning accelerators for real-time biomedical signal processing at the edge?"
170,shifted_source_negative,hallucinated,False,regex_repair,True,hallucinated,False,0.3170731707317073,0.010854816824966078,False,False,Hydrogel microparticles for biomedical applications,2019,"https://doi.org/10.1038/s41598-1-2019 ""claimed_content"": ""The advent of dedicated Deep Learning (DL) accelerators and neuromorphic processors has brought new opportunities for applying both Deep and Spiking Neural Network (SNN) algorithms to healthcare and biomedical applications at the first 50 characters of the abstract. the abstract excerpt: ""The advent of dedicated DL accelerators and neuromorphic processors have been explored for biomedical applications Abstract The advent of dedicated DL accelerators and neuromorphic processors has brought new opportunities for applying both DL and SNN algorithms to healthcare and biomedical applications The advent of dedicated DL accelerators and neuromorphic processors has brought new opportunities for applying DL and SNN algorithms to healthcare and biomedical applications",,Chase-away evolution maintains imperfect mimicry in a brood parasite–host system despite rapid evolution of mimics,"How do precise measurements of branching fractions for rare decays like B_s→μ+μ− and B^0→μ+μ− constrain physics beyond the Standard Model, and which types of new-physics scenarios are most strongly affected?"
171,source_conditioned_supported,supported,False,regex_repair,True,hallucinated,False,0.47983014861995754,1.0,True,True,"Chase-away evolution maintains imperfect mimicry in a brood parasite-host system despite rapid evolution of mimics ""Chase-away evolution maintains imperfect mimicry in a brood parasite-host system despite rapid evolution of mimics { ""claimed_title"": ""Chase-away evolution maintains imperfect mimicry in a brood parasite-host system despite rapid evolution of mimics",2023,"https://doi.org/10.1038/s41559-023-02232 { ""Chase-away evolution maintains imperfect mimicry in a brood parasite-host system despite rapid evolution of mimics ""claimed_doi"": ""10.1038/s41559-02232 ""claimed_arxiv_id"": ""1411.4413v2 ""claimed_content"": ""A joint measurement is presented of the branching fractions $","1411.4413v2 ""claimed_content"": ""A joint measurement is presented of the branching fractions $",Chase-away evolution maintains imperfect mimicry in a brood parasite–host system despite rapid evolution of mimics,"How do precise measurements of branching fractions for rare decays like B_s→μ+μ− and B^0→μ+μ− constrain physics beyond the Standard Model, and which types of new-physics scenarios are most strongly affected?"
171,shifted_source_negative,hallucinated,False,regex_repair,True,hallucinated,False,0.0871559633027523,0.001549186676994578,False,False,"Chase-away evolution maintains imperfect mimicry in a brood parasite-host system despite rapid evolution of mimics ""Chase-away evolution maintains imperfect mimicry in a brood parasite-host system despite rapid evolution of mimics { ""claimed_title"": ""Chase-away evolution maintains imperfect mimicry in a brood parasite-host system despite rapid evolution of mimics",2023,"https://doi.org/10.1038/s41559-023-02232 { ""Chase-away evolution maintains imperfect mimicry in a brood parasite-host system despite rapid evolution of mimics ""claimed_doi"": ""10.1038/s41559-02232 ""claimed_arxiv_id"": ""1411.4413v2 ""claimed_content"": ""A joint measurement is presented of the branching fractions $","1411.4413v2 ""claimed_content"": ""A joint measurement is presented of the branching fractions $",Epidemiology of Type 2 Diabetes – Global Burden of Disease and Forecasted Trends,"What physical mechanisms generate high-frequency solar type II radio bursts, and how do the observed burst frequencies inform us about the height, speed, and properties of the associated coronal shocks and CMEs?"
172,source_conditioned_supported,supported,False,unrepairable:no_json_object,False,hallucinated,False,0.0,0.0,False,False,,,,,Epidemiology of Type 2 Diabetes – Global Burden of Disease and Forecasted Trends,"What physical mechanisms generate high-frequency solar type II radio bursts, and how do the observed burst frequencies inform us about the height, speed, and properties of the associated coronal shocks and CMEs?"
172,shifted_source_negative,hallucinated,False,unrepairable:no_json_object,False,hallucinated,False,0.0,0.0,False,False,,,,,Municipal Solid Waste Fly Ash-Derived Zeolites as Adsorbents for the Recovery of Nutrients and Heavy Metals—A Review,"What are the main challenges and practical considerations when deploying AI-based systems for detecting and classifying litter in real-world outdoor environments, and how can their accuracy and robustness be improved?"
173,source_conditioned_supported,supported,False,regex_repair,True,hallucinated,False,0.43478260869565216,1.0,True,True,Municipal Solid Waste Management and Recycling,2023,https://doi.org/10.3390/jcm15010001,2105.06808,Municipal Solid Waste Fly Ash-Derived Zeolites as Adsorbents for the Recovery of Nutrients and Heavy Metals—A Review,"What are the main challenges and practical considerations when deploying AI-based systems for detecting and classifying litter in real-world outdoor environments, and how can their accuracy and robustness be improved?"
173,shifted_source_negative,hallucinated,False,regex_repair,True,hallucinated,False,0.2903225806451613,0.00612088752869166,False,False,Municipal Solid Waste Management and Recycling,2023,https://doi.org/10.3390/jcm15010001,2105.06808,Pembrolizumab plus Axitinib versus Sunitinib for Advanced Renal-Cell Carcinoma,How can self-supervised learning leverage multi-resolution histopathology images to reduce the need for annotated data while still maintaining diagnostic accuracy for tumor subtype classification?
174,source_conditioned_supported,supported,False,regex_repair,True,hallucinated,False,0.8776978417266187,0.0,True,False,Pembrolizumab plus Axitinib for Advanced Renal-Cell Carcinoma,2019,https://doi.org/10.1056/nejm.,,Pembrolizumab plus Axitinib versus Sunitinib for Advanced Renal-Cell Carcinoma,How can self-supervised learning leverage multi-resolution histopathology images to reduce the need for annotated data while still maintaining diagnostic accuracy for tumor subtype classification?
174,shifted_source_negative,hallucinated,False,regex_repair,True,hallucinated,False,0.24050632911392406,0.0,False,False,Pembrolizumab plus Axitinib for Advanced Renal-Cell Carcinoma,2019,https://doi.org/10.1056/nejm.,,Testosterone and persistent organic pollutants in East Greenland male polar bears (Ursus maritimus),"What are the main challenges in performing phase-resolved hard X-ray/gamma-ray polarimetry of pulsars with wide-field Compton-scattering polarimeters, and what general techniques are used to correct for detector rotation and time-varying instrument response?"
175,source_conditioned_supported,supported,False,regex_repair,True,supported,True,1.0,1.0,True,True,Testosterone and persistent organic pollutants in East Greenland male polar bears (Ursus maritimus),2023,https://doi.org/10.1016/j.heliyon.2023.e13263,2109.03142v1,Testosterone and persistent organic pollutants in East Greenland male polar bears (Ursus maritimus),"What are the main challenges in performing phase-resolved hard X-ray/gamma-ray polarimetry of pulsars with wide-field Compton-scattering polarimeters, and what general techniques are used to correct for detector rotation and time-varying instrument response?"
175,shifted_source_negative,hallucinated,False,regex_repair,True,hallucinated,False,0.23958333333333334,0.016666666666666666,False,False,Testosterone and persistent organic pollutants in East Greenland male polar bears (Ursus maritimus),2023,https://doi.org/10.1016/j.heliyon.2023.e13263,2109.03142v1,Activity-by-contact model of enhancer–promoter regulation from thousands of CRISPR perturbations,How does the spectral type of a host star influence the radiative impact of surface CO2 ice on an exoplanet’s climate and habitability?
176,source_conditioned_supported,supported,False,unrepairable:no_json_object,False,hallucinated,False,0.0,0.0,False,False,,,,,Activity-by-contact model of enhancer–promoter regulation from thousands of CRISPR perturbations,How does the spectral type of a host star influence the radiative impact of surface CO2 ice on an exoplanet’s climate and habitability?
176,shifted_source_negative,hallucinated,False,unrepairable:no_json_object,False,hallucinated,False,0.0,0.0,False,False,,,,,Compound flood risk analysis in CONUS,How should decision-makers choose which storm return periods to include and how to weight them when optimising blue–green infrastructure design under limited budget and uncertainty about future climate change?
177,source_conditioned_supported,supported,True,strict_json,True,supported,True,1.0,1.0,True,True,Compound flood risk analysis in CONUS,2023,https://doi.org/10.5281/zenodo.7588256,2502.12174v2,Compound flood risk analysis in CONUS,How should decision-makers choose which storm return periods to include and how to weight them when optimising blue–green infrastructure design under limited budget and uncertainty about future climate change?
177,shifted_source_negative,hallucinated,True,strict_json,True,hallucinated,False,0.3089430894308943,0.02926829268292683,False,False,Compound flood risk analysis in CONUS,2023,https://doi.org/10.5281/zenodo.7588256,2502.12174v2,Molecular subtypes of small cell lung cancer: a synthesis of human and mouse model data,"How do precise measurements of rare B meson decays to muon pairs constrain theories beyond the Standard Model, and which classes of new-physics models are most strongly affected?"
178,source_conditioned_supported,supported,False,unrepairable:no_json_object,False,hallucinated,False,0.0,0.0,False,False,,,,,Molecular subtypes of small cell lung cancer: a synthesis of human and mouse model data,"How do precise measurements of rare B meson decays to muon pairs constrain theories beyond the Standard Model, and which classes of new-physics models are most strongly affected?"
178,shifted_source_negative,hallucinated,False,unrepairable:no_json_object,False,hallucinated,False,0.0,0.0,False,False,,,,,Enhanced interfacial charge transfer on Bi metal@defective Bi2Sn2O7 quantum dots towards improved full-spectrum photocatalysis: A combined experimental and theoretical investigation,"Why are decays of neutral B mesons into muon pairs so rare, and how do precise measurements of their branching fractions constrain or rule out theories beyond the Standard Model?"
179,source_conditioned_supported,supported,False,unrepairable:no_json_object,False,hallucinated,False,0.0,0.0,False,False,,,,,Enhanced interfacial charge transfer on Bi metal@defective Bi2Sn2O7 quantum dots towards improved full-spectrum photocatalysis: A combined experimental and theoretical investigation,"Why are decays of neutral B mesons into muon pairs so rare, and how do precise measurements of their branching fractions constrain or rule out theories beyond the Standard Model?"
179,shifted_source_negative,hallucinated,False,unrepairable:no_json_object,False,hallucinated,False,0.0,0.0,False,False,,,,,An overview of the qualitative descriptive design within nursing research,"How can qualitative researchers responsibly integrate AI tools like large language models into their workflows while preserving interpretive depth, ensuring transparency, and addressing ethical risks such as bias and data privacy?"
180,source_conditioned_supported,supported,False,regex_repair,True,hallucinated,False,0.7205882352941176,0.21736630247268546,True,False,An overview of the qualitative data analysis methods in nursing,2019,"https://doi.org/10.1177/1744987111980234 ""claimed_arxiv_id"": ""25091253v5 ""claimed_content"": ""Computational developments--particularly artificial intelligence--are reshaping social scientific research--raising new questions for in-depth methods such as ethnography and qualitative interviewing.","25091253v5 ""claimed_content"": ""Computational developments--particularly artificial intelligence--are reshaping social scientific research--raising new questions for in-depth methods such as ethnography and qualitative interviewing.",An overview of the qualitative descriptive design within nursing research,"How can qualitative researchers responsibly integrate AI tools like large language models into their workflows while preserving interpretive depth, ensuring transparency, and addressing ethical risks such as bias and data privacy?"
180,shifted_source_negative,hallucinated,False,regex_repair,True,hallucinated,False,0.23853211009174313,0.015424164524421594,False,False,An overview of the qualitative data analysis methods in nursing,2019,"https://doi.org/10.1177/1744987111980234 ""claimed_arxiv_id"": ""25091253v5 ""claimed_content"": ""Computational developments--particularly artificial intelligence--are reshaping social scientific research--raising new questions for in-depth methods such as ethnography and qualitative interviewing.","25091253v5 ""claimed_content"": ""Computational developments--particularly artificial intelligence--are reshaping social scientific research--raising new questions for in-depth methods such as ethnography and qualitative interviewing.",<scp>AACSB</scp> accreditation and student demand,How do nonlinear constraints such as apparent power (quadratic) or nodal voltage limits change the design and performance guarantees of online algorithms for allocating electrical demands compared to problems with only linear constraints?
181,source_conditioned_supported,supported,False,regex_repair,True,hallucinated,True,0.19607843137254902,0.0,True,False,AACSB,2023,https://doi.org/10.1002/soej.12660,1611.00559v2,<scp>AACSB</scp> accreditation and student demand,How do nonlinear constraints such as apparent power (quadratic) or nodal voltage limits change the design and performance guarantees of online algorithms for allocating electrical demands compared to problems with only linear constraints?
181,shifted_source_negative,hallucinated,False,regex_repair,True,hallucinated,False,0.1095890410958904,0.0,False,False,AACSB,2023,https://doi.org/10.1002/soej.12660,1611.00559v2,Challenges and opportunities towards fast-charging battery materials,"How do different types of point defects affect ionic and electronic conduction in battery cathode materials, and what practical strategies can be used during synthesis to control those defects?"
182,source_conditioned_supported,supported,False,regex_repair,True,hallucinated,False,0.84,0.0,True,False,Challenges and opportunities in the development of fast-charging battery materials,2019,"https://doi.org/10.1038/10.1038/s41560-2019-10.1038/10.1038/s41560-2019 ""claimed_year"", claimed_doi"", claimed_arxiv_id, claimed_content",,Challenges and opportunities towards fast-charging battery materials,"How do different types of point defects affect ionic and electronic conduction in battery cathode materials, and what practical strategies can be used during synthesis to control those defects?"
182,shifted_source_negative,hallucinated,False,regex_repair,True,hallucinated,False,0.29473684210526313,0.0,False,False,Challenges and opportunities in the development of fast-charging battery materials,2019,"https://doi.org/10.1038/10.1038/s41560-2019-10.1038/10.1038/s41560-2019 ""claimed_year"", claimed_doi"", claimed_arxiv_id, claimed_content",,Efficacy and Safety of Anticoagulant Therapy in COVID-19-Related Pulmonary Embolism with Different Extension,"What are the main limitations, potential risks, and clinical pitfalls of using an AI-based system to screen for pulmonary embolism on non-contrast chest CT images before confirmatory testing?"
183,source_conditioned_supported,supported,True,strict_json,True,supported,True,1.0,1.0,True,True,Efficacy and Safety of Anticoagulant Therapy in COVID-19-Related Pulmonary Embolism with Different Extension,2023,https://doi.org/10.3390/biomedicines11051282,2206.01344v1,Efficacy and Safety of Anticoagulant Therapy in COVID-19-Related Pulmonary Embolism with Different Extension,"What are the main limitations, potential risks, and clinical pitfalls of using an AI-based system to screen for pulmonary embolism on non-contrast chest CT images before confirmatory testing?"
183,shifted_source_negative,hallucinated,True,strict_json,True,hallucinated,False,0.20869565217391303,0.02650602409638554,False,False,Efficacy and Safety of Anticoagulant Therapy in COVID-19-Related Pulmonary Embolism with Different Extension,2023,https://doi.org/10.3390/biomedicines11051282,2206.01344v1,Supplementation with Akkermansia muciniphila in overweight and obese human volunteers: a proof-of-concept exploratory study,How do precise measurements of rare B meson decays to muon pairs test the Standard Model and constrain possible beyond–Standard-Model theories?
184,source_conditioned_supported,supported,False,unrepairable:no_json_object,False,hallucinated,False,0.0,0.0,False,False,,,,,Supplementation with Akkermansia muciniphila in overweight and obese human volunteers: a proof-of-concept exploratory study,How do precise measurements of rare B meson decays to muon pairs test the Standard Model and constrain possible beyond–Standard-Model theories?
184,shifted_source_negative,hallucinated,False,unrepairable:no_json_object,False,hallucinated,False,0.0,0.0,False,False,,,,,"A DFT study of electronic structure and optical properties of the pure, doped and co-doped CaZrO3 perovskite for photovoltaic applications","How do Mg and Ti dopants typically affect the crystal structure, band gap (direct vs indirect), and electrical/optical properties of ZnO, and what physical mechanisms control those changes?"
185,source_conditioned_supported,supported,True,strict_json,True,supported,True,1.0,1.0,True,True,"A DFT study of electronic structure and optical properties of the pure, doped and co-doped CaZrO3 perovskite for photovoltaic applications",2023,https://doi.org/10.1007/s43207-023-00297-2,2503.02731v1,"A DFT study of electronic structure and optical properties of the pure, doped and co-doped CaZrO3 perovskite for photovoltaic applications","How do Mg and Ti dopants typically affect the crystal structure, band gap (direct vs indirect), and electrical/optical properties of ZnO, and what physical mechanisms control those changes?"
185,shifted_source_negative,hallucinated,True,strict_json,True,hallucinated,False,0.13333333333333333,0.025889967637540454,False,False,"A DFT study of electronic structure and optical properties of the pure, doped and co-doped CaZrO3 perovskite for photovoltaic applications",2023,https://doi.org/10.1007/s43207-023-00297-2,2503.02731v1,Evolutionary classification of CRISPR–Cas systems: a burst of class 2 and derived variants,"Why are precise measurements of rare decays like B_s→μ+μ− and B^0→μ+μ− particularly sensitive probes for physics beyond the Standard Model, and how do their branching fractions constrain new theories?"
186,source_conditioned_supported,supported,False,unrepairable:no_json_object,False,hallucinated,False,0.0,0.0,False,False,,,,,Evolutionary classification of CRISPR–Cas systems: a burst of class 2 and derived variants,"Why are precise measurements of rare decays like B_s→μ+μ− and B^0→μ+μ− particularly sensitive probes for physics beyond the Standard Model, and how do their branching fractions constrain new theories?"
186,shifted_source_negative,hallucinated,False,unrepairable:no_json_object,False,hallucinated,False,0.0,0.0,False,False,,,,,The value of social media language for the assessment of wellbeing: A systematic review and meta-analysis,"How do precise measurements of rare neutral B meson decays into muon pairs constrain extensions of the Standard Model, and which classes of new-physics models are most strongly affected by these results?"
187,source_conditioned_supported,supported,False,unrepairable:no_json_object,False,hallucinated,False,0.0,0.0,False,False,,,,,The value of social media language for the assessment of wellbeing: A systematic review and meta-analysis,"How do precise measurements of rare neutral B meson decays into muon pairs constrain extensions of the Standard Model, and which classes of new-physics models are most strongly affected by these results?"
187,shifted_source_negative,hallucinated,False,unrepairable:no_json_object,False,hallucinated,False,0.0,0.0,False,False,,,,,HH-suite3 for fast remote homology detection and deep protein annotation,What practical strategies can be used when annotating and training datasets to handle rotated objects and orientation ambiguities for oriented object detection in remote sensing?
188,source_conditioned_supported,supported,False,regex_repair,True,hallucinated,False,1.0,0.0,True,False,HH-suite3 for fast remote homology detection and deep protein annotation,2019,https://doi.org/10.1186/10.1186.1186.,,HH-suite3 for fast remote homology detection and deep protein annotation,What practical strategies can be used when annotating and training datasets to handle rotated objects and orientation ambiguities for oriented object detection in remote sensing?
188,shifted_source_negative,hallucinated,False,regex_repair,True,hallucinated,False,0.2222222222222222,0.0,False,False,HH-suite3 for fast remote homology detection and deep protein annotation,2019,https://doi.org/10.1186/10.1186.1186.,,Structural Variation Evolution at the 15q11-q13 Disease-Associated Locus,"How do population size, natural selection, and genetic drift together determine the evolutionarily stable mutation rate in asexual populations?"
189,source_conditioned_supported,supported,False,unrepairable:Invalid control character at: line 1 column 92 (char 91),False,hallucinated,False,0.0,0.0,False,False,,,,,Structural Variation Evolution at the 15q11-q13 Disease-Associated Locus,"How do population size, natural selection, and genetic drift together determine the evolutionarily stable mutation rate in asexual populations?"
189,shifted_source_negative,hallucinated,False,unrepairable:Invalid control character at: line 1 column 92 (char 91),False,hallucinated,False,0.0,0.0,False,False,,,,,"Clinical Practice Guideline for the Diagnosis, Evaluation, and Treatment of Attention-Deficit/Hyperactivity Disorder in Children and Adolescents","Can dual-task assessments reliably detect executive function deficits in children with ADHD, and are paper-and-pencil versions as valid as computerized tests for this purpose?"
190,source_conditioned_supported,supported,False,regex_repair,True,supported,True,1.0,1.0,True,True,"Clinical Practice Guideline for the Diagnosis, Evaluation, and Treatment of Attention-Deficit/Hyperactivity Disorder in Children and Adolescents",2019,https://doi.org/10.1542/peds.2019-2528,1101.1858v1,"Clinical Practice Guideline for the Diagnosis, Evaluation, and Treatment of Attention-Deficit/Hyperactivity Disorder in Children and Adolescents","Can dual-task assessments reliably detect executive function deficits in children with ADHD, and are paper-and-pencil versions as valid as computerized tests for this purpose?"
190,shifted_source_negative,hallucinated,False,regex_repair,True,hallucinated,False,0.21800947867298578,0.009309542280837859,False,False,"Clinical Practice Guideline for the Diagnosis, Evaluation, and Treatment of Attention-Deficit/Hyperactivity Disorder in Children and Adolescents",2019,https://doi.org/10.1542/peds.2019-2528,1101.1858v1,Unbounded Predicate Inner Product Functional Encryption from Pairings,"What are the main trade-offs to consider when deploying pairing-based function-hiding inner product encryption on resource-constrained edge devices, in terms of computational cost, ciphertext size, and chosen elliptic curve security level?"
191,source_conditioned_supported,supported,False,regex_repair,True,hallucinated,True,0.23076923076923078,0.0,True,False,Unbounded,2023,https://doi.org/10.1007/1007,2504.02068v1,Unbounded Predicate Inner Product Functional Encryption from Pairings,"What are the main trade-offs to consider when deploying pairing-based function-hiding inner product encryption on resource-constrained edge devices, in terms of computational cost, ciphertext size, and chosen elliptic curve security level?"
191,shifted_source_negative,hallucinated,False,regex_repair,True,hallucinated,False,0.08791208791208792,0.0,False,False,Unbounded,2023,https://doi.org/10.1007/1007,2504.02068v1,Recent Progress of the Solid‐State Electrolytes for High‐Energy Metal‐Based Batteries,What are the most promising strategies to improve room-temperature ionic conductivity in solid-state electrolytes while maintaining good mechanical strength and stable interfacial contact with metal anodes?
192,source_conditioned_supported,supported,False,regex_repair,True,hallucinated,True,1.0,0.29976303317535546,True,False,Recent Progress of the Solid–State Electrolytes for High–Energy Metal–Based Batteries,2018,https://doi.org/10.1002/aenm.201702657,,Recent Progress of the Solid‐State Electrolytes for High‐Energy Metal‐Based Batteries,What are the most promising strategies to improve room-temperature ionic conductivity in solid-state electrolytes while maintaining good mechanical strength and stable interfacial contact with metal anodes?
192,shifted_source_negative,hallucinated,False,regex_repair,True,hallucinated,False,0.24888888888888888,0.03305785123966942,False,False,Recent Progress of the Solid–State Electrolytes for High–Energy Metal–Based Batteries,2018,https://doi.org/10.1002/aenm.201702657,,Exploration of the mechanism of 2-CP degradation by Acinetobacter sp. stimulated by Lactobacillus plantarum fermentation waste: A bio-waste reuse,"How do precise measurements of rare B meson decays to muon pairs constrain physics beyond the Standard Model, and which types of new-physics models are most strongly affected by these constraints?"
193,source_conditioned_supported,supported,False,unrepairable:no_json_object,False,hallucinated,False,0.0,0.0,False,False,,,,,Exploration of the mechanism of 2-CP degradation by Acinetobacter sp. stimulated by Lactobacillus plantarum fermentation waste: A bio-waste reuse,"How do precise measurements of rare B meson decays to muon pairs constrain physics beyond the Standard Model, and which types of new-physics models are most strongly affected by these constraints?"
193,shifted_source_negative,hallucinated,False,unrepairable:no_json_object,False,hallucinated,False,0.0,0.0,False,False,,,,,A tutorial on regularized partial correlation networks.,"How should researchers choose the regularization hyperparameter when estimating partial correlation networks for psychological data, and what practical strategies can they use to assess how sensitive their network structure is to that choice?"
194,source_conditioned_supported,supported,False,regex_repair,True,hallucinated,False,1.0,0.010291595197255575,True,False,A tutorial on regularized partial correlation networks,2018,https://doi.org/10.1037/psyc.0000167,null,A tutorial on regularized partial correlation networks.,"How should researchers choose the regularization hyperparameter when estimating partial correlation networks for psychological data, and what practical strategies can they use to assess how sensitive their network structure is to that choice?"
194,shifted_source_negative,hallucinated,False,regex_repair,True,hallucinated,False,0.23529411764705882,0.024968789013732832,False,False,A tutorial on regularized partial correlation networks,2018,https://doi.org/10.1037/psyc.0000167,null,Stability and bifurcation of a reaction-diffusion-advection model with nonlinear boundary condition,"How do precise measurements of rare B-meson decays into muon pairs constrain theories beyond the Standard Model, and can you give concrete examples of the types of new physics that are limited by these measurements?"
195,source_conditioned_supported,supported,False,unrepairable:no_json_object,False,hallucinated,False,0.0,0.0,False,False,,,,,Stability and bifurcation of a reaction-diffusion-advection model with nonlinear boundary condition,"How do precise measurements of rare B-meson decays into muon pairs constrain theories beyond the Standard Model, and can you give concrete examples of the types of new physics that are limited by these measurements?"
195,shifted_source_negative,hallucinated,False,unrepairable:no_json_object,False,hallucinated,False,0.0,0.0,False,False,,,,,Adjuvant Pembrolizumab versus Placebo in Resected Stage III Melanoma,"What factors determine whether a patient with stage III melanoma should receive adjuvant PD‑1 inhibitor therapy, and how are the potential benefits weighed against the risks?"
196,source_conditioned_supported,supported,False,regex_repair,True,hallucinated,False,0.53125,0.12056737588652482,False,False,"Adjuvant Pembrolizumab versus Placebo in Resected Stage III Melanoma ""claimed_title"": ""Adjuvant Pembrolizumab versus Placebo in Resected Stage III Melanoma ""claimed_title"": ""Adjuvant Pembrolizumab",,,"Adjuvant Pembrolizumab, claimed_arxiv_id",Adjuvant Pembrolizumab versus Placebo in Resected Stage III Melanoma,"What factors determine whether a patient with stage III melanoma should receive adjuvant PD‑1 inhibitor therapy, and how are the potential benefits weighed against the risks?"
196,shifted_source_negative,hallucinated,False,regex_repair,True,hallucinated,False,0.18892508143322476,0.017489069331667707,False,False,"Adjuvant Pembrolizumab versus Placebo in Resected Stage III Melanoma ""claimed_title"": ""Adjuvant Pembrolizumab versus Placebo in Resected Stage III Melanoma ""claimed_title"": ""Adjuvant Pembrolizumab",,,"Adjuvant Pembrolizumab, claimed_arxiv_id",Knowledge Graph Completion Models are Few-shot Learners: An Empirical Study of Relation Labeling in E-commerce with LLMs,"What best practices should practitioners follow when using large language models with few-shot prompts to label relations in dynamic e-commerce knowledge graphs, in order to ensure accuracy, scalability, and maintainability?"
197,source_conditioned_supported,supported,True,strict_json,True,supported,True,1.0,1.0,True,True,Knowledge Graph Completion Models are Few-shot Learners: An Empirical Study of Relation Labeling in E-commerce with LLMs,2023,https://doi.org/10.48550/arxiv.2305.09858,2305.09858v1,Knowledge Graph Completion Models are Few-shot Learners: An Empirical Study of Relation Labeling in E-commerce with LLMs,"What best practices should practitioners follow when using large language models with few-shot prompts to label relations in dynamic e-commerce knowledge graphs, in order to ensure accuracy, scalability, and maintainability?"
197,shifted_source_negative,hallucinated,True,strict_json,True,hallucinated,False,0.4034334763948498,0.0223463687150838,False,False,Knowledge Graph Completion Models are Few-shot Learners: An Empirical Study of Relation Labeling in E-commerce with LLMs,2023,https://doi.org/10.48550/arxiv.2305.09858,2305.09858v1,"Understanding perception of algorithmic decisions: Fairness, trust, and emotion in response to algorithmic management","How can organizations design and present algorithmic decision-making systems to increase perceived fairness and trust, especially for tasks that people view as requiring human judgment or social recognition?"
198,source_conditioned_supported,supported,False,unrepairable:no_json_object,False,hallucinated,False,0.0,0.0,False,False,,,,,"Understanding perception of algorithmic decisions: Fairness, trust, and emotion in response to algorithmic management","How can organizations design and present algorithmic decision-making systems to increase perceived fairness and trust, especially for tasks that people view as requiring human judgment or social recognition?"
198,shifted_source_negative,hallucinated,False,unrepairable:no_json_object,False,hallucinated,False,0.0,0.0,False,False,,,,,Enriching Capacity and Transmission of Hybrid WDM-FSO Link for 5G Mobility,"What are the trade-offs, benefits, and practical considerations of using different modulation orders for subcarriers within an OFDM block (e.g., separating audio and video), and how should link adaptation and error-rate prediction account for varying correlation and fading across those subcarriers?"
199,source_conditioned_supported,supported,False,unrepairable:no_json_object,False,hallucinated,False,0.0,0.0,False,False,,,,,Enriching Capacity and Transmission of Hybrid WDM-FSO Link for 5G Mobility,"What are the trade-offs, benefits, and practical considerations of using different modulation orders for subcarriers within an OFDM block (e.g., separating audio and video), and how should link adaptation and error-rate prediction account for varying correlation and fading across those subcarriers?"
199,shifted_source_negative,hallucinated,False,unrepairable:no_json_object,False,hallucinated,False,0.0,0.0,False,False,,,,,The rise of deep learning in drug discovery,"What are the main practical challenges and limitations when applying deep learning to different stages of drug discovery (e.g., bioactivity prediction, molecular design, synthesis planning, and biological image analysis), and how can researchers address them?"
200,source_conditioned_supported,supported,False,regex_repair,True,hallucinated,False,1.0,0.008620689655172414,True,False,The rise of deep learning in drug discovery,2018,https://doi.org/10.1016/j.drudis.2018.01.001,null,The rise of deep learning in drug discovery,"What are the main practical challenges and limitations when applying deep learning to different stages of drug discovery (e.g., bioactivity prediction, molecular design, synthesis planning, and biological image analysis), and how can researchers address them?"
200,shifted_source_negative,hallucinated,False,regex_repair,True,hallucinated,False,0.3,0.00783162016642193,False,False,The rise of deep learning in drug discovery,2018,https://doi.org/10.1016/j.drudis.2018.01.001,null,A mechanical HSA biosensor based on multi-field-coupling-mediated magnetic sensitization strategy,"What technological advancements and mission capabilities are most critical to enable a sustained, long-term program of surface and atmospheric exploration of Venus?"
201,source_conditioned_supported,supported,False,regex_repair,True,supported,True,1.0,1.0,True,True,A mechanical HSA biosensor based on multi-field-coupling-mediated magnetic sensitization strategy,2023,https://doi.org/10.1016/j.ab.2023.115264,2412.06830v1,A mechanical HSA biosensor based on multi-field-coupling-mediated magnetic sensitization strategy,"What technological advancements and mission capabilities are most critical to enable a sustained, long-term program of surface and atmospheric exploration of Venus?"
201,shifted_source_negative,hallucinated,False,regex_repair,True,hallucinated,False,0.16393442622950818,0.023411371237458192,False,False,A mechanical HSA biosensor based on multi-field-coupling-mediated magnetic sensitization strategy,2023,https://doi.org/10.1016/j.ab.2023.115264,2412.06830v1,Analysis of Survival Data,How do survival analysis methods handle censored observations and incorporate explanatory variables to assess their relationship with survival outcomes?
202,source_conditioned_supported,supported,False,regex_repair,True,hallucinated,False,1.0,0.0,True,False,Analysis of Survival Data,2018,https://doi.org/10.1201/9781315131777x.,,Analysis of Survival Data,How do survival analysis methods handle censored observations and incorporate explanatory variables to assess their relationship with survival outcomes?
202,shifted_source_negative,hallucinated,False,regex_repair,True,hallucinated,False,0.12727272727272726,0.0,False,False,Analysis of Survival Data,2018,https://doi.org/10.1201/9781315131777x.,,Key Factors for a Creative Environment in Saudi Arabian Higher Education Institutions,How do precise measurements of rare B meson decays into muon pairs constrain or inform models of physics beyond the Standard Model?
203,source_conditioned_supported,supported,False,regex_repair,True,hallucinated,False,1.0,0.0,True,False,Key Factors for a Creative Environment in Saudi Arabian Higher Education Institutions,2023,"https://doi.org/10.28945/5105 ""claimed_arxiv_id"": ""1411.4413",1411.4413,Key Factors for a Creative Environment in Saudi Arabian Higher Education Institutions,How do precise measurements of rare B meson decays into muon pairs constrain or inform models of physics beyond the Standard Model?
203,shifted_source_negative,hallucinated,False,regex_repair,True,hallucinated,False,0.2,0.0,False,False,Key Factors for a Creative Environment in Saudi Arabian Higher Education Institutions,2023,"https://doi.org/10.28945/5105 ""claimed_arxiv_id"": ""1411.4413",1411.4413,Lignins: Biosynthesis and Biological Functions in Plants,"What are the potential trade-offs and unintended consequences of genetically modifying lignin content or composition in crops and energy plants, especially regarding plant growth, stress resistance, and suitability for industrial uses?"
204,source_conditioned_supported,supported,False,regex_repair,True,hallucinated,False,1.0,0.07245155855096883,True,False,Lignins: Biosynthesis and Biological Functions in Plants,2018,https://doi.org/10.3390/s40607,,Lignins: Biosynthesis and Biological Functions in Plants,"What are the potential trade-offs and unintended consequences of genetically modifying lignin content or composition in crops and energy plants, especially regarding plant growth, stress resistance, and suitability for industrial uses?"
204,shifted_source_negative,hallucinated,False,regex_repair,True,hallucinated,False,0.28901734104046245,0.014539579967689823,False,False,Lignins: Biosynthesis and Biological Functions in Plants,2018,https://doi.org/10.3390/s40607,,The Views of the Faculty on the Effectiveness of Teacher Education Programs in Developing Lifelong Learning Competence,"What are effective methods for evaluating the impact of space-science education and public-outreach programs on student interest, learning outcomes, and diversity in the STEM pipeline?"
205,source_conditioned_supported,supported,False,unrepairable:no_json_object,False,hallucinated,False,0.0,0.0,False,False,,,,,The Views of the Faculty on the Effectiveness of Teacher Education Programs in Developing Lifelong Learning Competence,"What are effective methods for evaluating the impact of space-science education and public-outreach programs on student interest, learning outcomes, and diversity in the STEM pipeline?"
205,shifted_source_negative,hallucinated,False,unrepairable:no_json_object,False,hallucinated,False,0.0,0.0,False,False,,,,,Generative Adversarial Networks: An Overview,"What are the main practical challenges in training generative adversarial networks, and which techniques are most effective for improving their stability and convergence?"
206,source_conditioned_supported,supported,False,regex_repair,True,hallucinated,False,0.8378378378378378,1.0,True,True,Generative Adversarial Networks,2018,10.1107.1109,"arXiv:10.1109. ""abstract"": ""Generative Adversarial Networks"", ""claimed_arxiv_id"": ""arXiv. ""claimed_content"": ""Generative Adversarial Networks",Generative Adversarial Networks: An Overview,"What are the main practical challenges in training generative adversarial networks, and which techniques are most effective for improving their stability and convergence?"
206,shifted_source_negative,hallucinated,False,regex_repair,True,hallucinated,False,0.14965986394557823,0.0085995085995086,False,False,Generative Adversarial Networks,2018,10.1107.1109,"arXiv:10.1109. ""abstract"": ""Generative Adversarial Networks"", ""claimed_arxiv_id"": ""arXiv. ""claimed_content"": ""Generative Adversarial Networks",Abnormal strain-dependent thermal conductivity in biphenylene monolayer using machine learning interatomic potential,"What practical strategies can statistical agencies use to detect, monitor, and mitigate the effects of changes in external data sources on machine-learning models and published statistics?"
207,source_conditioned_supported,supported,True,strict_json,True,supported,True,1.0,1.0,True,True,Abnormal strain-dependent thermal conductivity in biphenylene monolayer using machine learning interatomic potential,2023,https://doi.org/10.1063/5.0140014,2306.04338v1,Abnormal strain-dependent thermal conductivity in biphenylene monolayer using machine learning interatomic potential,"What practical strategies can statistical agencies use to detect, monitor, and mitigate the effects of changes in external data sources on machine-learning models and published statistics?"
207,shifted_source_negative,hallucinated,True,strict_json,True,hallucinated,False,0.22857142857142856,0.011842105263157895,False,False,Abnormal strain-dependent thermal conductivity in biphenylene monolayer using machine learning interatomic potential,2023,https://doi.org/10.1063/5.0140014,2306.04338v1,BeStSel: a web server for accurate protein secondary structure prediction and fold recognition from the circular dichroism spectra,"How do the orientation and twist of β-sheets affect circular dichroism spectra, and what practical approaches can be used during CD experiments to distinguish different β‑sheet arrangements?"
208,source_conditioned_supported,supported,False,unrepairable:no_json_object,False,hallucinated,False,0.0,0.0,False,False,,,,,BeStSel: a web server for accurate protein secondary structure prediction and fold recognition from the circular dichroism spectra,"How do the orientation and twist of β-sheets affect circular dichroism spectra, and what practical approaches can be used during CD experiments to distinguish different β‑sheet arrangements?"
208,shifted_source_negative,hallucinated,False,unrepairable:no_json_object,False,hallucinated,False,0.0,0.0,False,False,,,,,Towards higher-order accurate mass lumping in explicit isogeometric analysis for structural dynamics,How does using lumped mass matrices with high-order spline-based discretizations affect the stability limits and allowable time step size in explicit dynamic simulations compared to consistent mass matrices?
209,source_conditioned_supported,supported,True,strict_json,True,supported,True,1.0,1.0,True,True,Towards higher-order accurate mass lumping in explicit isogeometric analysis for structural dynamics,2023,https://doi.org/10.1016/j.cma.2023.116233,2305.12916v3,Towards higher-order accurate mass lumping in explicit isogeometric analysis for structural dynamics,How does using lumped mass matrices with high-order spline-based discretizations affect the stability limits and allowable time step size in explicit dynamic simulations compared to consistent mass matrices?
209,shifted_source_negative,hallucinated,True,strict_json,True,hallucinated,False,0.30601092896174864,0.013468013468013467,False,False,Towards higher-order accurate mass lumping in explicit isogeometric analysis for structural dynamics,2023,https://doi.org/10.1016/j.cma.2023.116233,2305.12916v3,"Multiplexed and portable nucleic acid detection platform with Cas13, Cas12a, and Csm6","How do CRISPR-based diagnostic tests work, and what are their main advantages and limitations compared with traditional PCR-based diagnostics?"
210,source_conditioned_supported,supported,False,unrepairable:no_json_object,False,hallucinated,False,0.0,0.0,False,False,,,,,"Multiplexed and portable nucleic acid detection platform with Cas13, Cas12a, and Csm6","How do CRISPR-based diagnostic tests work, and what are their main advantages and limitations compared with traditional PCR-based diagnostics?"
210,shifted_source_negative,hallucinated,False,unrepairable:no_json_object,False,hallucinated,False,0.0,0.0,False,False,,,,,Imaging Cholinergic Receptors in the Brain by Positron Emission Tomography,"What makes Antarctic sites like Dome C particularly well-suited for long-duration CMB polarization observations, and what practical logistical or environmental challenges do they present?"
211,source_conditioned_supported,supported,False,unrepairable:no_json_object,False,hallucinated,False,0.0,0.0,False,False,,,,,Imaging Cholinergic Receptors in the Brain by Positron Emission Tomography,"What makes Antarctic sites like Dome C particularly well-suited for long-duration CMB polarization observations, and what practical logistical or environmental challenges do they present?"
211,shifted_source_negative,hallucinated,False,unrepairable:no_json_object,False,hallucinated,False,0.0,0.0,False,False,,,,,<i>Gaia</i> Data Release 2,How should I account for parallax zero-point offsets and systematic uncertainties when using parallaxes from a large space-based astrometric catalogue to estimate distances to stars?
212,source_conditioned_supported,supported,False,regex_repair,True,hallucinated,False,0.8571428571428571,0.0030651340996168583,True,False,Gaia Data Release 1,2018,https://doi.org/10.1051.0004.0001,null,<i>Gaia</i> Data Release 2,How should I account for parallax zero-point offsets and systematic uncertainties when using parallaxes from a large space-based astrometric catalogue to estimate distances to stars?
212,shifted_source_negative,hallucinated,False,regex_repair,True,hallucinated,False,0.18055555555555555,0.014354066985645933,False,False,Gaia Data Release 1,2018,https://doi.org/10.1051.0004.0001,null,Triptolide attenuates pulmonary fibrosis by inhibiting fibrotic extracellular matrix remodeling mediated by MMPs/LOX/integrin,"What are the main biological mechanisms by which tumor cells remodel the extracellular matrix to produce fibrotic tissue, and how can such fibrosis influence tumor progression and response to treatment?"
213,source_conditioned_supported,supported,False,unrepairable:no_json_object,False,hallucinated,False,0.0,0.0,False,False,,,,,Triptolide attenuates pulmonary fibrosis by inhibiting fibrotic extracellular matrix remodeling mediated by MMPs/LOX/integrin,"What are the main biological mechanisms by which tumor cells remodel the extracellular matrix to produce fibrotic tissue, and how can such fibrosis influence tumor progression and response to treatment?"
213,shifted_source_negative,hallucinated,False,unrepairable:no_json_object,False,hallucinated,False,0.0,0.0,False,False,,,,,The Complete Light-curve Sample of Spectroscopically Confirmed SNe Ia from Pan-STARRS1 and Cosmological Constraints from the Combined Pantheon Sample,What are the main sources of systematic uncertainty when using Type Ia supernovae as standardized distance indicators—particularly for low-redshift samples—and what strategies can reduce those systematics to improve dark energy measurements?
214,source_conditioned_supported,supported,False,regex_repair,True,supported,True,1.0,1.0,True,True,The Complete Light-curve Sample of Spectroscopically Confirmed SNe Ia from Pan-STARRS1 and Cosmological Constraints from the Combined Pantheon Sample,2018,https://doi.org/10.3847/1538-4357/aab9bb,,The Complete Light-curve Sample of Spectroscopically Confirmed SNe Ia from Pan-STARRS1 and Cosmological Constraints from the Combined Pantheon Sample,What are the main sources of systematic uncertainty when using Type Ia supernovae as standardized distance indicators—particularly for low-redshift samples—and what strategies can reduce those systematics to improve dark energy measurements?
214,shifted_source_negative,hallucinated,False,regex_repair,True,hallucinated,False,0.2589928057553957,0.003898635477582846,False,False,The Complete Light-curve Sample of Spectroscopically Confirmed SNe Ia from Pan-STARRS1 and Cosmological Constraints from the Combined Pantheon Sample,2018,https://doi.org/10.3847/1538-4357/aab9bb,,Total-Ionizing-Dose Effects and Low-Frequency Noise in N-Type Carbon Nanotube Field-Effect Transistors With HfO₂ Gate Dielectrics,"How do collision cascades and thermal spikes differ in the physical mechanisms by which energetic ions cause defects and fragmentation in carbon nanotubes, and what experimental signatures can be used to distinguish between these two processes?"
215,source_conditioned_supported,supported,False,unrepairable:Invalid control character at: line 1 column 147 (char 146),False,hallucinated,False,0.0,0.0,False,False,,,,,Total-Ionizing-Dose Effects and Low-Frequency Noise in N-Type Carbon Nanotube Field-Effect Transistors With HfO₂ Gate Dielectrics,"How do collision cascades and thermal spikes differ in the physical mechanisms by which energetic ions cause defects and fragmentation in carbon nanotubes, and what experimental signatures can be used to distinguish between these two processes?"
215,shifted_source_negative,hallucinated,False,unrepairable:Invalid control character at: line 1 column 147 (char 146),False,hallucinated,False,0.0,0.0,False,False,,,,,The Computational 2D Materials Database: high-throughput modeling and discovery of atomically thin crystals,How can computational databases of two-dimensional materials be used effectively to guide experimental synthesis and validation of promising candidate materials?
216,source_conditioned_supported,supported,False,regex_repair,True,hallucinated,True,1.0,0.0030721966205837174,True,False,The Computational 2D Materials Database: high-throughput modeling and discovery of atomically thin crystals,2018,https://doi.org/10.1088/2053-1583/aacfc1,,The Computational 2D Materials Database: high-throughput modeling and discovery of atomically thin crystals,How can computational databases of two-dimensional materials be used effectively to guide experimental synthesis and validation of promising candidate materials?
216,shifted_source_negative,hallucinated,False,regex_repair,True,hallucinated,False,0.25,0.0017683465959328027,False,False,The Computational 2D Materials Database: high-throughput modeling and discovery of atomically thin crystals,2018,https://doi.org/10.1088/2053-1583/aacfc1,,"Proton Pump Inhibitors, Kidney Damage, and Mortality: An Updated Narrative Review","How do boundary-aware or edge-sensitive segmentation techniques improve the accuracy of automated kidney and tumor delineation, especially for small or irregularly shaped tumors, compared to standard segmentation approaches?"
217,source_conditioned_supported,supported,False,unrepairable:no_json_object,False,hallucinated,False,0.0,0.0,False,False,,,,,"Proton Pump Inhibitors, Kidney Damage, and Mortality: An Updated Narrative Review","How do boundary-aware or edge-sensitive segmentation techniques improve the accuracy of automated kidney and tumor delineation, especially for small or irregularly shaped tumors, compared to standard segmentation approaches?"
217,shifted_source_negative,hallucinated,False,unrepairable:no_json_object,False,hallucinated,False,0.0,0.0,False,False,,,,,Turbulence Modeling in the Age of Data,How can physical constraints (like conservation laws and realizability) be incorporated into machine‑learning approaches for turbulence modeling to ensure physically consistent and reliable predictions?
218,source_conditioned_supported,supported,False,regex_repair,True,hallucinated,False,0.95,0.10673665791776028,True,False,Turbulence modeling in the age of big data,2018,"10.1146/annurev-fluid-010518-040547 ""claimed_arxiv_id"": null",null,Turbulence Modeling in the Age of Data,How can physical constraints (like conservation laws and realizability) be incorporated into machine‑learning approaches for turbulence modeling to ensure physically consistent and reliable predictions?
218,shifted_source_negative,hallucinated,False,regex_repair,True,hallucinated,False,0.19607843137254902,0.018907563025210083,False,False,Turbulence modeling in the age of big data,2018,"10.1146/annurev-fluid-010518-040547 ""claimed_arxiv_id"": null",null,The Conformational Transitions and Dynamics of <i>Burkholderia cepacia</i> Lipase Regulated by Water–Oil Interfaces,"What experimental techniques and measurement approaches are best suited to determine and compare ion adsorption and zeta potential at solid/water, liquid/water, and gas/water hydrophobic interfaces, and what are the main limitations of those methods?"
219,source_conditioned_supported,supported,False,regex_repair,True,hallucinated,False,0.4166666666666667,0.0,True,False,The Conformational Changes in the Structure of the Enzyme,2023,https://doi.org/10.1021/cjim.,,The Conformational Transitions and Dynamics of <i>Burkholderia cepacia</i> Lipase Regulated by Water–Oil Interfaces,"What experimental techniques and measurement approaches are best suited to determine and compare ion adsorption and zeta potential at solid/water, liquid/water, and gas/water hydrophobic interfaces, and what are the main limitations of those methods?"
219,shifted_source_negative,hallucinated,False,regex_repair,True,hallucinated,False,0.1592920353982301,0.0,False,False,The Conformational Changes in the Structure of the Enzyme,2023,https://doi.org/10.1021/cjim.,,Cascade R-CNN: Delving Into High Quality Object Detection,How can using a sequence of detectors trained with progressively higher IoU thresholds improve detection quality and reduce overfitting compared to training a single detector with a fixed IoU threshold?
220,source_conditioned_supported,supported,False,unrepairable:no_json_object,False,hallucinated,False,0.0,0.0,False,False,,,,,Cascade R-CNN: Delving Into High Quality Object Detection,How can using a sequence of detectors trained with progressively higher IoU thresholds improve detection quality and reduce overfitting compared to training a single detector with a fixed IoU threshold?
220,shifted_source_negative,hallucinated,False,unrepairable:no_json_object,False,hallucinated,False,0.0,0.0,False,False,,,,,The Molecular Approaches and Challenges of <i>Streptococcus pneumoniae</i> Serotyping for Epidemiological Surveillance in the Vaccine Era,"How can astronomers distinguish whether U-band/UV variability in young brown dwarfs is caused by magnetic flares, changes in accretion rate, or rotational modulation of hot spots, using observational data?"
221,source_conditioned_supported,supported,False,regex_repair,True,supported,True,0.9848484848484849,1.0,True,True,The Molecular Approaches and Challenges of Streptococcus pneumoniae Serotyping for Epidemiological Surveillance in the Vaccine Era,2023,https://doi.org/10.33073/pjm-2023-023,0609027v1,The Molecular Approaches and Challenges of <i>Streptococcus pneumoniae</i> Serotyping for Epidemiological Surveillance in the Vaccine Era,"How can astronomers distinguish whether U-band/UV variability in young brown dwarfs is caused by magnetic flares, changes in accretion rate, or rotational modulation of hot spots, using observational data?"
221,shifted_source_negative,hallucinated,False,regex_repair,True,hallucinated,False,0.17391304347826086,0.015135135135135135,False,False,The Molecular Approaches and Challenges of Streptococcus pneumoniae Serotyping for Epidemiological Surveillance in the Vaccine Era,2023,https://doi.org/10.33073/pjm-2023-023,0609027v1,A Survey on Automatic Detection of Hate Speech in Text,"What are best practices for creating reliable, culturally sensitive, and reusable annotated datasets for automated hate speech detection across multiple languages?"
222,source_conditioned_supported,supported,False,regex_repair,True,hallucinated,False,0.7628865979381443,0.012300123001230012,True,False,A Survey on Automatic Hate Speech Detection,2018,https://doi.org/10.1145/3232677,null,A Survey on Automatic Detection of Hate Speech in Text,"What are best practices for creating reliable, culturally sensitive, and reusable annotated datasets for automated hate speech detection across multiple languages?"
222,shifted_source_negative,hallucinated,False,regex_repair,True,hallucinated,False,0.2158273381294964,0.006711409395973154,False,False,A Survey on Automatic Hate Speech Detection,2018,https://doi.org/10.1145/3232677,null,Zonulopathy Identified During Cataract Extraction in Patients With Primary Angle Closure Disease,"What are the main challenges in accurately localizing the scleral spur in anterior segment OCT images, and how do those challenges impact the reliability of automated angle-closure diagnosis in clinical practice?"
223,source_conditioned_supported,supported,False,regex_repair,True,hallucinated,False,0.6336633663366337,0.05401755570560432,True,False,"Zonulopathy Identified During Cataract Extraction in Patients With Primary Angle Closure Disease"", ""claimed_title"": ""Zonulopathy Identified During Cataract Extraction in Patients With Primary Angle Closure Disease",2023,https://doi.org/10.1097/ijg.0000000000000.0000000000,,Zonulopathy Identified During Cataract Extraction in Patients With Primary Angle Closure Disease,"What are the main challenges in accurately localizing the scleral spur in anterior segment OCT images, and how do those challenges impact the reliability of automated angle-closure diagnosis in clinical practice?"
223,shifted_source_negative,hallucinated,False,regex_repair,True,hallucinated,False,0.11244979919678715,0.004054054054054054,False,False,"Zonulopathy Identified During Cataract Extraction in Patients With Primary Angle Closure Disease"", ""claimed_title"": ""Zonulopathy Identified During Cataract Extraction in Patients With Primary Angle Closure Disease",2023,https://doi.org/10.1097/ijg.0000000000000.0000000000,,Densely Connected Pyramid Dehazing Network,How does jointly estimating the transmission map and atmospheric light within a deep learning framework improve single-image dehazing compared to estimating them separately or using purely data-driven approaches?
224,source_conditioned_supported,supported,False,regex_repair,True,hallucinated,False,1.0,0.03234501347708895,True,False,Densely Connected Pyramid Dehazing Network,2018,"https://doi.org/10.1109/cvpr.2018.0013 ""claimed_content"": ""A new end-to-end learning approach for image dehazing method, claimed_content",,Densely Connected Pyramid Dehazing Network,How does jointly estimating the transmission map and atmospheric light within a deep learning framework improve single-image dehazing compared to estimating them separately or using purely data-driven approaches?
224,shifted_source_negative,hallucinated,False,regex_repair,True,hallucinated,False,0.17094017094017094,0.007280291211648466,False,False,Densely Connected Pyramid Dehazing Network,2018,"https://doi.org/10.1109/cvpr.2018.0013 ""claimed_content"": ""A new end-to-end learning approach for image dehazing method, claimed_content",,"Factors Influencing Four Decades of Forest Change in Guizhou Province, China","What are the main sources of uncertainty when producing fine-resolution, multi-decadal maps of forest biomass using combinations of satellite imagery, inventory plots, and LiDAR, and how can those uncertainties be quantified and reduced for use in carbon accounting?"
225,source_conditioned_supported,supported,False,regex_repair,True,supported,True,1.0,1.0,True,True,"Factors Influencing Four Decades of Forest Change in Guizhou Province, China",2023,https://doi.org/10.3390/land12051004,2304.02632v1,"Factors Influencing Four Decades of Forest Change in Guizhou Province, China","What are the main sources of uncertainty when producing fine-resolution, multi-decadal maps of forest biomass using combinations of satellite imagery, inventory plots, and LiDAR, and how can those uncertainties be quantified and reduced for use in carbon accounting?"
225,shifted_source_negative,hallucinated,False,regex_repair,True,hallucinated,False,0.38323353293413176,0.014794889038332213,False,False,"Factors Influencing Four Decades of Forest Change in Guizhou Province, China",2023,https://doi.org/10.3390/land12051004,2304.02632v1,The disinformation order: Disruptive communication and the decline of democratic institutions,What practical strategies can democratic societies use to rebuild public trust in institutions and reduce citizens' susceptibility to disinformation spread via social media and partisan websites?
226,source_conditioned_supported,supported,False,regex_repair,True,hallucinated,False,1.0,0.019878520154610713,True,False,The disinformation order: Disruptive communication and the decline of democratic institutions,2018,https://doi.org/10.1177/0267323311760317,null,The disinformation order: Disruptive communication and the decline of democratic institutions,What practical strategies can democratic societies use to rebuild public trust in institutions and reduce citizens' susceptibility to disinformation spread via social media and partisan websites?
226,shifted_source_negative,hallucinated,False,regex_repair,True,hallucinated,False,0.12307692307692308,0.023273855702094646,False,False,The disinformation order: Disruptive communication and the decline of democratic institutions,2018,https://doi.org/10.1177/0267323311760317,null,Early life impacts of maternal obesity: a window of opportunity to improve the health of two generations,"How do precise measurements of rare neutral B meson decays into muon pairs constrain physics beyond the Standard Model, and which types of new-physics scenarios are most strongly affected by these results?"
227,source_conditioned_supported,supported,False,regex_repair,True,hallucinated,False,0.6904761904761905,0.0053404539385847796,True,False,Early life impacts of maternal obesity on the health of offspring,2023,"https://doi.org/10.1098/rstb.2022.0222 ""claimed_arxiv_id"": ""1411.4413v2 ""claimed_content"": ""The first observation of the $B^0s-to-$","1411.4413v2 ""claimed_content"": ""The first observation of the $B^0s-to-$",Early life impacts of maternal obesity: a window of opportunity to improve the health of two generations,"How do precise measurements of rare neutral B meson decays into muon pairs constrain physics beyond the Standard Model, and which types of new-physics scenarios are most strongly affected by these results?"
227,shifted_source_negative,hallucinated,False,regex_repair,True,hallucinated,False,0.2857142857142857,0.00945179584120983,False,False,Early life impacts of maternal obesity on the health of offspring,2023,"https://doi.org/10.1098/rstb.2022.0222 ""claimed_arxiv_id"": ""1411.4413v2 ""claimed_content"": ""The first observation of the $B^0s-to-$","1411.4413v2 ""claimed_content"": ""The first observation of the $B^0s-to-$",Tough and Water‐Insensitive Self‐Healing Elastomer for Robust Electronic Skin,"What material design strategies and molecular mechanisms allow a soft, stretchable polymer to simultaneously achieve very high toughness, extreme extensibility, and autonomous self‑healing performance even in humid or sweaty environments?"
228,source_conditioned_supported,supported,False,unrepairable:no_json_object,False,hallucinated,False,0.0,0.0,False,False,,,,,Tough and Water‐Insensitive Self‐Healing Elastomer for Robust Electronic Skin,"What material design strategies and molecular mechanisms allow a soft, stretchable polymer to simultaneously achieve very high toughness, extreme extensibility, and autonomous self‑healing performance even in humid or sweaty environments?"
228,shifted_source_negative,hallucinated,False,unrepairable:no_json_object,False,hallucinated,False,0.0,0.0,False,False,,,,,Optimal duration of antibiotic treatment for community-acquired pneumonia in adults: a systematic review and duration-effect meta-analysis,"How do precise measurements of rare B meson decays to muon pairs constrain theories beyond the Standard Model, and what would a significant deviation from the predicted branching fractions imply for new physics?"
229,source_conditioned_supported,supported,False,regex_repair,True,hallucinated,True,0.6751269035532995,0.012302284710017574,True,False,"Optimal duration of antibiotic treatment for community-acquired pneumonia in adults: a systematic review and meta-analysis"", ""claimed_title"": ""Optimal duration of antibiotic treatment for community-acquired pneumonia in adults: a systematic review and meta-analysis",2023,https://doi.org/10.1136,1411.4413v2,Optimal duration of antibiotic treatment for community-acquired pneumonia in adults: a systematic review and duration-effect meta-analysis,"How do precise measurements of rare B meson decays to muon pairs constrain theories beyond the Standard Model, and what would a significant deviation from the predicted branching fractions imply for new physics?"
229,shifted_source_negative,hallucinated,False,regex_repair,True,hallucinated,False,0.20298507462686566,0.0,False,False,"Optimal duration of antibiotic treatment for community-acquired pneumonia in adults: a systematic review and meta-analysis"", ""claimed_title"": ""Optimal duration of antibiotic treatment for community-acquired pneumonia in adults: a systematic review and meta-analysis",2023,https://doi.org/10.1136,1411.4413v2,A New Wireless Communication Paradigm through Software-Controlled Metasurfaces,"What are the practical challenges and limitations of deploying programmable metasurfaces in real-world wireless environments, including power, control, scalability, and maintenance?"
230,source_conditioned_supported,supported,True,strict_json,True,supported,True,1.0,1.0,True,True,A New Wireless Communication Paradigm through Software-Controlled Metasurfaces,2018,https://doi.org/10.1109/mcom.2018.1700659,,A New Wireless Communication Paradigm through Software-Controlled Metasurfaces,"What are the practical challenges and limitations of deploying programmable metasurfaces in real-world wireless environments, including power, control, scalability, and maintenance?"
230,shifted_source_negative,hallucinated,True,strict_json,True,hallucinated,False,0.2692307692307692,0.0036068530207394047,False,False,A New Wireless Communication Paradigm through Software-Controlled Metasurfaces,2018,https://doi.org/10.1109/mcom.2018.1700659,,Social Unrest Prediction Through Sentiment Analysis on Twitter Using Support Vector Machine: Experimental Study on Nigeria’s #EndSARS,"What are the main challenges in performing sentiment analysis on morphologically rich languages in social media texts, and what general strategies can be used to address them?"
231,source_conditioned_supported,supported,False,regex_repair,True,hallucinated,False,0.38372093023255816,0.07136150234741784,True,False,Social Unrest Prediction via Deep Learning,2023,https://doi.org/10.1515/opis-2023,2109.13725,Social Unrest Prediction Through Sentiment Analysis on Twitter Using Support Vector Machine: Experimental Study on Nigeria’s #EndSARS,"What are the main challenges in performing sentiment analysis on morphologically rich languages in social media texts, and what general strategies can be used to address them?"
231,shifted_source_negative,hallucinated,False,regex_repair,True,hallucinated,False,0.29931972789115646,0.0023432923257176333,False,False,Social Unrest Prediction via Deep Learning,2023,https://doi.org/10.1515/opis-2023,2109.13725,Chemical Vapor Deposition Growth and Applications of Two-Dimensional Materials and Their Heterostructures,"What are the main technical challenges and limitations that must be overcome to reliably produce wafer-scale, high-quality 2D materials and heterostructures using chemical vapor deposition?"
232,source_conditioned_supported,supported,False,regex_repair,True,hallucinated,False,0.547945205479452,0.0,True,False,Chemical Vapor Deposition of 2D Materials,2018,https://doi.org/10.1021/acs.journals.acs.org/10.1021/acs.,,Chemical Vapor Deposition Growth and Applications of Two-Dimensional Materials and Their Heterostructures,"What are the main technical challenges and limitations that must be overcome to reliably produce wafer-scale, high-quality 2D materials and heterostructures using chemical vapor deposition?"
232,shifted_source_negative,hallucinated,False,regex_repair,True,hallucinated,False,0.30985915492957744,0.0,False,False,Chemical Vapor Deposition of 2D Materials,2018,https://doi.org/10.1021/acs.journals.acs.org/10.1021/acs.,,"Secreted miR-210-3p, miR-183-5p and miR-96-5p reduce sensitivity to docetaxel in prostate cancer cells","How could more accurate automatic prostate gland segmentation from MRI change clinical workflow, diagnosis, and treatment planning for prostate cancer?"
233,source_conditioned_supported,supported,False,regex_repair,True,supported,True,1.0,1.0,True,True,"Secreted miR-210-3p, miR-183-5p and miR-96-5p reduce sensitivity to docetaxel in prostate cancer cells",2023,https://doi.org/10.1038/s41420-023-01696-4,2501.09185v2,"Secreted miR-210-3p, miR-183-5p and miR-96-5p reduce sensitivity to docetaxel in prostate cancer cells","How could more accurate automatic prostate gland segmentation from MRI change clinical workflow, diagnosis, and treatment planning for prostate cancer?"
233,shifted_source_negative,hallucinated,False,regex_repair,True,hallucinated,False,0.2054794520547945,0.004758128469468675,False,False,"Secreted miR-210-3p, miR-183-5p and miR-96-5p reduce sensitivity to docetaxel in prostate cancer cells",2023,https://doi.org/10.1038/s41420-023-01696-4,2501.09185v2,Additive Margin Softmax for Face Verification,"How does adding an angular margin to a softmax-based loss function influence intra-class compactness and inter-class separation in learned face embeddings, and why is feature normalization important when using such margin-based losses?"
234,source_conditioned_supported,supported,False,regex_repair,True,hallucinated,False,1.0,0.0,True,False,Additive Margin Softmax for Face Verification,2018,"https://doi.org/10.1109/lsp.2018.28281010.1109/lsp.2018, claimed_author, claimed_institution, claimed_institution, claimed_keywords, claimed_author, claimed_institution, claimed_keywords { ""claimed_title"": ""Additive Margin Softmax for Face Verification"", ""claimed_year"": 2018, ""claimed_doi"": ""https://doi.org/10.1109/lsp.2018 ""claimed_doi"": ""10.1109/lsp.2018.2822810 ""claimed_author"": ""XiaojunLiu, ""Face verification is a fundamental problem in computer vision and computationally efficient method for face verification, which is based on the additive margin Softmax",,Additive Margin Softmax for Face Verification,"How does adding an angular margin to a softmax-based loss function influence intra-class compactness and inter-class separation in learned face embeddings, and why is feature normalization important when using such margin-based losses?"
234,shifted_source_negative,hallucinated,False,regex_repair,True,hallucinated,False,0.1935483870967742,0.0,False,False,Additive Margin Softmax for Face Verification,2018,"https://doi.org/10.1109/lsp.2018.28281010.1109/lsp.2018, claimed_author, claimed_institution, claimed_institution, claimed_keywords, claimed_author, claimed_institution, claimed_keywords { ""claimed_title"": ""Additive Margin Softmax for Face Verification"", ""claimed_year"": 2018, ""claimed_doi"": ""https://doi.org/10.1109/lsp.2018 ""claimed_doi"": ""10.1109/lsp.2018.2822810 ""claimed_author"": ""XiaojunLiu, ""Face verification is a fundamental problem in computer vision and computationally efficient method for face verification, which is based on the additive margin Softmax",,EU border technologies and the co-production of security ‘problems’ and ‘solutions’,"What are the main technical and practical challenges in designing low-cost, clone-resistant hardware modules for vehicles, and what strategies can be used to address them?"
235,source_conditioned_supported,supported,False,unrepairable:no_json_object,False,hallucinated,False,0.0,0.0,False,False,,,,,EU border technologies and the co-production of security ‘problems’ and ‘solutions’,"What are the main technical and practical challenges in designing low-cost, clone-resistant hardware modules for vehicles, and what strategies can be used to address them?"
235,shifted_source_negative,hallucinated,False,unrepairable:no_json_object,False,hallucinated,False,0.0,0.0,False,False,,,,,‘Green’ synthesis of metals and their oxide nanoparticles: applications for environmental remediation,What are the main challenges and limitations in scaling up green synthesis of metal and metal-oxide nanoparticles using natural extracts for industrial applications?
236,source_conditioned_supported,supported,False,regex_repair,True,hallucinated,False,1.0,0.0,True,False,Green synthesis of metals and their oxide nanoparticles: Applications for environmental remediation,2018,https://doi.org/10.1186/10.1186.4.,,‘Green’ synthesis of metals and their oxide nanoparticles: applications for environmental remediation,What are the main challenges and limitations in scaling up green synthesis of metal and metal-oxide nanoparticles using natural extracts for industrial applications?
236,shifted_source_negative,hallucinated,False,regex_repair,True,hallucinated,False,0.2702702702702703,0.0,False,False,Green synthesis of metals and their oxide nanoparticles: Applications for environmental remediation,2018,https://doi.org/10.1186/10.1186.4.,,17β-hydroxysteroid dehydrogenases in the progression of nonalcoholic fatty liver disease,"How can synthetic medical images generated by deep generative models be validated and regulated to ensure they are safe, unbiased, and clinically useful when used to augment training data for diagnostic AI systems?"
237,source_conditioned_supported,supported,False,regex_repair,True,hallucinated,True,0.06315789473684211,0.1323529411764706,True,False,17\u00b2,2023,https://doi.org/10.1016/j.pharmthera.2023.108428,2307.06507v2,17β-hydroxysteroid dehydrogenases in the progression of nonalcoholic fatty liver disease,"How can synthetic medical images generated by deep generative models be validated and regulated to ensure they are safe, unbiased, and clinically useful when used to augment training data for diagnostic AI systems?"
237,shifted_source_negative,hallucinated,False,regex_repair,True,hallucinated,False,0.06,0.011669658886894075,False,False,17\u00b2,2023,https://doi.org/10.1016/j.pharmthera.2023.108428,2307.06507v2,Natural Products for Drug Discovery in the 21st Century: Innovations for Novel Drug Discovery,"How can computational methods and machine learning be used to identify, prioritize, and optimize bioactive compounds from complex plant extracts for drug development?"
238,source_conditioned_supported,supported,False,regex_repair,True,hallucinated,False,0.5511811023622047,0.0,True,False,Natural Products for Drug Discovery,2018,"https://doi.org/10.3390.org/ijms/ijms/ijms.2018.1.1 {""claimed_title"": ""Natural Products for Drug Discovery"", ""claimed_year"": 2018, ""claimed_doi"": ""https://doi.org/10.3390.ijms.ijms.2018.1, ""The use of natural products for drug discovery is a new text.",,Natural Products for Drug Discovery in the 21st Century: Innovations for Novel Drug Discovery,"How can computational methods and machine learning be used to identify, prioritize, and optimize bioactive compounds from complex plant extracts for drug development?"
238,shifted_source_negative,hallucinated,False,regex_repair,True,hallucinated,False,0.17964071856287425,0.0,False,False,Natural Products for Drug Discovery,2018,"https://doi.org/10.3390.org/ijms/ijms/ijms.2018.1.1 {""claimed_title"": ""Natural Products for Drug Discovery"", ""claimed_year"": 2018, ""claimed_doi"": ""https://doi.org/10.3390.ijms.ijms.2018.1, ""The use of natural products for drug discovery is a new text.",,Broadband Asymmetric GaAs MMIC Doherty Power Amplifiers With Simplified Peaking Matching Network and Output Capacitance Compensation,What circuit-level techniques are commonly used to extend the output power back-off of Doherty power amplifiers while preserving efficiency and linearity?
239,source_conditioned_supported,supported,False,regex_repair,True,supported,True,1.0,1.0,True,True,Broadband Asymmetric GaAs MMIC Doherty Power Amplifiers With Simplified Peaking Matching Network and Output Capacitance Compensation,2023,https://doi.org/10.1109/lmwt.2023.3279573,2005.02715v1,Broadband Asymmetric GaAs MMIC Doherty Power Amplifiers With Simplified Peaking Matching Network and Output Capacitance Compensation,What circuit-level techniques are commonly used to extend the output power back-off of Doherty power amplifiers while preserving efficiency and linearity?
239,shifted_source_negative,hallucinated,False,regex_repair,True,hallucinated,False,0.22672064777327935,0.014802631578947368,False,False,Broadband Asymmetric GaAs MMIC Doherty Power Amplifiers With Simplified Peaking Matching Network and Output Capacitance Compensation,2023,https://doi.org/10.1109/lmwt.2023.3279573,2005.02715v1,Expanded Theory of H- and J-Molecular Aggregates: The Effects of Vibronic Coupling and Intermolecular Charge Transfer,How can experimental spectroscopic techniques distinguish the effects of long-range Coulomb (Frenkel) coupling from short-range charge-transfer interactions in molecular aggregates?
240,source_conditioned_supported,supported,False,regex_repair,True,hallucinated,False,0.539906103286385,0.0,True,False,"Expanded Theory of H- and J-Molecular Aggregates: The Effects of Vibronic Coupling and Intermolecular Charge Transfer ```python import json import json # Load the JSON data data = json.loads(''' { ""claimed_title"": ""Expanded Theory of H- and J-Molecular Aggregates: The Effects of Vibronic Coupling and Intermolecular Charge Transfer",2018,"https://doi.org/10.1021. ""title"": ""Expanded Theory of H- and J-Molecular Aggregates: The Effects of Vibronic Coupling and Intermolecular Charge Transfer 2. ""year"": 2018 arXiv: ""arXiv"": abstract: ""The electronic excited states of molecular aggregates are of vibronic coupling and intermolecular charge transfer in molecular aggregates are",,Expanded Theory of H- and J-Molecular Aggregates: The Effects of Vibronic Coupling and Intermolecular Charge Transfer,How can experimental spectroscopic techniques distinguish the effects of long-range Coulomb (Frenkel) coupling from short-range charge-transfer interactions in molecular aggregates?
240,shifted_source_negative,hallucinated,False,regex_repair,True,hallucinated,False,0.10610079575596817,0.0,False,False,"Expanded Theory of H- and J-Molecular Aggregates: The Effects of Vibronic Coupling and Intermolecular Charge Transfer ```python import json import json # Load the JSON data data = json.loads(''' { ""claimed_title"": ""Expanded Theory of H- and J-Molecular Aggregates: The Effects of Vibronic Coupling and Intermolecular Charge Transfer",2018,"https://doi.org/10.1021. ""title"": ""Expanded Theory of H- and J-Molecular Aggregates: The Effects of Vibronic Coupling and Intermolecular Charge Transfer 2. ""year"": 2018 arXiv: ""arXiv"": abstract: ""The electronic excited states of molecular aggregates are of vibronic coupling and intermolecular charge transfer in molecular aggregates are",,Long COVID: An unpredicted multisystem syndrome of COVID-19 disease,"How reliable are chest X-ray–based machine learning systems at distinguishing COVID-19 from other respiratory diseases (such as tuberculosis and bacterial/viral pneumonia) in low-resource clinical settings, and what are the common sources of diagnostic errors and limitations?"
241,source_conditioned_supported,supported,True,strict_json,True,supported,True,1.0,1.0,True,True,Long COVID: An unpredicted multisystem syndrome of COVID-19 disease,2023,https://doi.org/10.53346/wjapls.2023.4.1.0054,2007.08223v1,Long COVID: An unpredicted multisystem syndrome of COVID-19 disease,"How reliable are chest X-ray–based machine learning systems at distinguishing COVID-19 from other respiratory diseases (such as tuberculosis and bacterial/viral pneumonia) in low-resource clinical settings, and what are the common sources of diagnostic errors and limitations?"
241,shifted_source_negative,hallucinated,True,strict_json,True,hallucinated,False,0.20833333333333334,0.012307692307692308,False,False,Long COVID: An unpredicted multisystem syndrome of COVID-19 disease,2023,https://doi.org/10.53346/wjapls.2023.4.1.0054,2007.08223v1,Ethane/ethylene separation in a metal-organic framework with iron-peroxo sites,"What material properties and binding sites determine whether a microporous adsorbent will preferentially capture ethane rather than ethylene, and how can these be engineered to enable efficient ambient-temperature separation?"
242,source_conditioned_supported,supported,False,unrepairable:no_json_object,False,hallucinated,False,0.0,0.0,False,False,,,,,Ethane/ethylene separation in a metal-organic framework with iron-peroxo sites,"What material properties and binding sites determine whether a microporous adsorbent will preferentially capture ethane rather than ethylene, and how can these be engineered to enable efficient ambient-temperature separation?"
242,shifted_source_negative,hallucinated,False,unrepairable:no_json_object,False,hallucinated,False,0.0,0.0,False,False,,,,,"Vitamin B6, B12 and folate modulate deregulated pathways and protein aggregation in yeast model of Huntington disease","What experimental methods can be used to determine whether protein aggregates in human neurodegenerative disease are stabilized mainly by hydrogen bonds (e.g., polar zippers) or by covalent cross-links (e.g., transglutaminase-mediated)?"
243,source_conditioned_supported,supported,False,regex_repair,True,hallucinated,False,0.30892143808255657,1.0,True,True,"Vitamin B6, B12 and folate modulate deregulated pathways and protein aggregation in yeast model of Huntington disease in a yeast model of Huntington's disease in a yeast model of Huntington's { ""claimed_title"": ""Vitamin B6, B12 and folate modulate deregulated pathways and protein ""claimed_year"": 2023, claimed_arxiv_id"": ""2511.04174v1, claimed_content"": ""The presence of an expanded polyglutamine tract expansion in the output. {""claimed_title"": ""Vitamin B6, B12 and folate pathways and protein aggregation in a yeast model of Huntington's disease ""claimed_year"": 2023 ""claimed_doi"": ""10.1007/s13205-03525-y ""claimed_arxiv_id"": ""2511.04174 ""claimed_content"": ""The presence of",2023,"10.1007/s13205-03525-y ""claimed_arxiv_id"": ""2511.04174 ""claimed_content"": ""The presence of","2511.04174 ""claimed_content"": ""The presence of","Vitamin B6, B12 and folate modulate deregulated pathways and protein aggregation in yeast model of Huntington disease","What experimental methods can be used to determine whether protein aggregates in human neurodegenerative disease are stabilized mainly by hydrogen bonds (e.g., polar zippers) or by covalent cross-links (e.g., transglutaminase-mediated)?"
243,shifted_source_negative,hallucinated,False,regex_repair,True,hallucinated,False,0.0975609756097561,0.0,False,False,"Vitamin B6, B12 and folate modulate deregulated pathways and protein aggregation in yeast model of Huntington disease in a yeast model of Huntington's disease in a yeast model of Huntington's { ""claimed_title"": ""Vitamin B6, B12 and folate modulate deregulated pathways and protein ""claimed_year"": 2023, claimed_arxiv_id"": ""2511.04174v1, claimed_content"": ""The presence of an expanded polyglutamine tract expansion in the output. {""claimed_title"": ""Vitamin B6, B12 and folate pathways and protein aggregation in a yeast model of Huntington's disease ""claimed_year"": 2023 ""claimed_doi"": ""10.1007/s13205-03525-y ""claimed_arxiv_id"": ""2511.04174 ""claimed_content"": ""The presence of",2023,"10.1007/s13205-03525-y ""claimed_arxiv_id"": ""2511.04174 ""claimed_content"": ""The presence of","2511.04174 ""claimed_content"": ""The presence of",Heterogeneous Information Network Embedding for Recommendation,How can embeddings learned from heterogeneous information networks be effectively integrated into recommendation models to improve accuracy and handle cold-start users or items?
244,source_conditioned_supported,supported,False,regex_repair,True,hallucinated,False,1.0,0.029023746701846966,True,False,Heterogeneous Information Network Embedding for Recommendation,2018,null,"null, ""claimed_doi"": null, ""claimed_arxiv_id"": null",Heterogeneous Information Network Embedding for Recommendation,How can embeddings learned from heterogeneous information networks be effectively integrated into recommendation models to improve accuracy and handle cold-start users or items?
244,shifted_source_negative,hallucinated,False,regex_repair,True,hallucinated,False,0.1875,0.02127659574468085,False,False,Heterogeneous Information Network Embedding for Recommendation,2018,null,"null, ""claimed_doi"": null, ""claimed_arxiv_id"": null",High Spatial Resolution Fractional Vegetation Coverage Inversion Based on UAV and Sentinel-2 Data: A Case Study of Alpine Grassland,"How do precise measurements of rare decays like Bs→μ+μ− and B0→μ+μ− constrain extensions of the Standard Model, and which classes of new-physics models are most strongly affected by such measurements?"
245,source_conditioned_supported,supported,False,unrepairable:no_json_object,False,hallucinated,False,0.0,0.0,False,False,,,,,High Spatial Resolution Fractional Vegetation Coverage Inversion Based on UAV and Sentinel-2 Data: A Case Study of Alpine Grassland,"How do precise measurements of rare decays like Bs→μ+μ− and B0→μ+μ− constrain extensions of the Standard Model, and which classes of new-physics models are most strongly affected by such measurements?"
245,shifted_source_negative,hallucinated,False,unrepairable:no_json_object,False,hallucinated,False,0.0,0.0,False,False,,,,,Measure Theory and Fine Properties of Functions,Can you explain the coarea formula intuitively and give a concrete example of how it relates an integral over a domain to integrals over the level sets of a function?
246,source_conditioned_supported,supported,False,regex_repair,True,hallucinated,False,1.0,1.0,True,True,Measure Theory and Fine Properties of Functions,2018,https://doi.org/10.1002.1027,null,Measure Theory and Fine Properties of Functions,Can you explain the coarea formula intuitively and give a concrete example of how it relates an integral over a domain to integrals over the level sets of a function?
246,shifted_source_negative,hallucinated,False,regex_repair,True,hallucinated,False,0.2054794520547945,0.0038910505836575876,False,False,Measure Theory and Fine Properties of Functions,2018,https://doi.org/10.1002.1027,null,The impact of fish farming on phosphorus loading of surface sediment in coastal complex aquaculture,What are effective ways to incorporate anatomical priors or biological knowledge into keypoint detection models to improve localization of subtle morphological landmarks in fish?
247,source_conditioned_supported,supported,True,strict_json,True,supported,True,1.0,1.0,True,True,The impact of fish farming on phosphorus loading of surface sediment in coastal complex aquaculture,2023,https://doi.org/10.1007/s12562-022-01666-2,2405.12476v2,The impact of fish farming on phosphorus loading of surface sediment in coastal complex aquaculture,What are effective ways to incorporate anatomical priors or biological knowledge into keypoint detection models to improve localization of subtle morphological landmarks in fish?
247,shifted_source_negative,hallucinated,True,strict_json,True,hallucinated,False,0.15510204081632653,0.017584994138335287,False,False,The impact of fish farming on phosphorus loading of surface sediment in coastal complex aquaculture,2023,https://doi.org/10.1007/s12562-022-01666-2,2405.12476v2,Chemohormonal Therapy in Metastatic Hormone-Sensitive Prostate Cancer: Long-Term Survival Analysis of the Randomized Phase III E3805 CHAARTED Trial,What clinical factors and patient characteristics should guide the decision to add early systemic chemotherapy to androgen-deprivation therapy for men with metastatic hormone-sensitive prostate cancer?
248,source_conditioned_supported,supported,False,regex_repair,True,supported,True,1.0,1.0,True,True,Chemohormonal Therapy in Metastatic Hormone-Sensitive Prostate Cancer: Long-Term Survival Analysis of the Randomized Phase III E3805 CHAARTED Trial,2018,https://doi.org/10.1200/jco.2017.75.3657,,Chemohormonal Therapy in Metastatic Hormone-Sensitive Prostate Cancer: Long-Term Survival Analysis of the Randomized Phase III E3805 CHAARTED Trial,What clinical factors and patient characteristics should guide the decision to add early systemic chemotherapy to androgen-deprivation therapy for men with metastatic hormone-sensitive prostate cancer?
248,shifted_source_negative,hallucinated,False,regex_repair,True,hallucinated,False,0.31896551724137934,0.012506513809275664,False,False,Chemohormonal Therapy in Metastatic Hormone-Sensitive Prostate Cancer: Long-Term Survival Analysis of the Randomized Phase III E3805 CHAARTED Trial,2018,https://doi.org/10.1200/jco.2017.75.3657,,Comparison of probabilistic jet fuel property models for the fuel screening and design,"How can one select a minimal set of representative surrogate compounds and spectroscopic features to reliably train multivariate models that predict octane rating (RON) for complex gasoline blends, and what practical limitations or sources of error should be expected when applying such models to unknown fuels?"
249,source_conditioned_supported,supported,False,regex_repair,True,hallucinated,False,1.0,0.0,True,False,Comparison of probabilistic jet fuel property models for the fuel screening and design,2023,"https://doi.org/10.1016/j.fuel.2023.128. ""claimed_arxiv_id"": ""arXiv:1606.07122",arXiv:1606.07122,Comparison of probabilistic jet fuel property models for the fuel screening and design,"How can one select a minimal set of representative surrogate compounds and spectroscopic features to reliably train multivariate models that predict octane rating (RON) for complex gasoline blends, and what practical limitations or sources of error should be expected when applying such models to unknown fuels?"
249,shifted_source_negative,hallucinated,False,regex_repair,True,hallucinated,False,0.24083769633507854,0.0,False,False,Comparison of probabilistic jet fuel property models for the fuel screening and design,2023,"https://doi.org/10.1016/j.fuel.2023.128. ""claimed_arxiv_id"": ""arXiv:1606.07122",arXiv:1606.07122,PSR J0030+0451 Mass and Radius from NICER Data and Implications for the Properties of Neutron Star Matter,How do simultaneous measurements of a neutron star’s mass and radius constrain the equation of state of dense nuclear matter?
