configuration_id,study,dataset,condition,view,arm,budget,reference_only,fit_seed,perturbation_seed,source_record_index,source_path,class,support,predicted_count,true_positive_count,precision,exact_recall,f1,average_precision,roc_auc,ranking_metric_status,recall_supported,warning_recall,missed_warning_count,wrong_attack_stage_count,target_false_negative_count,warning_scope
PX080-0000,PX080,UNRAVELED,clean,,current_roles,,False,20260924,,0,px080_context_selector/results/METRICS.json,Benign,192193,193242,192076,0.993966115026754,0.9993912369337072,0.9966712934736077,0.9999742065073626,0.9997116687033238,source reported; blank if unsupported,True,,,,,Any non-benign predicted label
PX080-0000,PX080,UNRAVELED,clean,,current_roles,,False,20260924,,0,px080_context_selector/results/METRICS.json,OtherAttackStage,12424,12035,12034,0.9999169090153718,0.9686091435930457,0.9840140643525901,0.9907065892289245,0.998575682974584,source reported; blank if unsupported,True,0.9968609143593046,39,351,,Any non-benign predicted label
PX080-0000,PX080,UNRAVELED,clean,,current_roles,,False,20260924,,0,px080_context_selector/results/METRICS.json,LateralMovement,35,141,26,0.18439716312056736,0.7428571428571429,0.29545454545454547,0.21030843825527948,0.9989176147150568,source reported; blank if unsupported,True,0.7428571428571429,9,0,,Any non-benign predicted label
PX080-0000,PX080,UNRAVELED,clean,,current_roles,,False,20260924,,0,px080_context_selector/results/METRICS.json,DataExfiltration,3442,2676,2324,0.8684603886397608,0.6751888436955259,0.7597254004576659,0.6890127447424923,0.9709320864046839,source reported; blank if unsupported,True,0.6751888436955258,1118,0,,Any non-benign predicted label
PX080-0001,PX080,UNRAVELED,clean,,context,,False,20260924,,1,px080_context_selector/results/METRICS.json,Benign,192193,193353,192151,0.993783390999881,0.9997814696685103,0.9967734070642673,0.9999925541906485,0.9999096853728824,source reported; blank if unsupported,True,,,,,Any non-benign predicted label
PX080-0001,PX080,UNRAVELED,clean,,context,,False,20260924,,1,px080_context_selector/results/METRICS.json,OtherAttackStage,12424,12055,12053,0.9998340937370386,0.9701384417256922,0.9847624494464643,0.9988571976158032,0.9999206109929688,source reported; blank if unsupported,True,0.9949291693496458,63,308,,Any non-benign predicted label
PX080-0001,PX080,UNRAVELED,clean,,context,,False,20260924,,1,px080_context_selector/results/METRICS.json,LateralMovement,35,64,16,0.25,0.45714285714285713,0.32323232323232326,0.15116244527416056,0.9980423135470502,source reported; blank if unsupported,True,0.4571428571428572,19,0,,Any non-benign predicted label
PX080-0001,PX080,UNRAVELED,clean,,context,,False,20260924,,1,px080_context_selector/results/METRICS.json,DataExfiltration,3442,2622,2313,0.8821510297482837,0.6719930273097037,0.7628627968337731,0.8455069652485913,0.9952176650595811,source reported; blank if unsupported,True,0.6746077861708308,1120,9,,Any non-benign predicted label
PX080-0002,PX080,UNRAVELED,clean,,fixed_fusion,,False,20260924,,2,px080_context_selector/results/METRICS.json,Benign,192193,193330,192142,0.9938550664666632,0.9997346417403339,0.9967861839630839,0.9999925817258688,0.9999100361512333,source reported; blank if unsupported,True,,,,,Any non-benign predicted label
PX080-0002,PX080,UNRAVELED,clean,,fixed_fusion,,False,20260924,,2,px080_context_selector/results/METRICS.json,OtherAttackStage,12424,12058,12057,0.9999170675070492,0.970460399227302,0.9849685483212156,0.9987904594941349,0.9999152025281669,source reported; blank if unsupported,True,0.9959755312298777,50,317,,Any non-benign predicted label
PX080-0002,PX080,UNRAVELED,clean,,fixed_fusion,,False,20260924,,2,px080_context_selector/results/METRICS.json,LateralMovement,35,68,17,0.25,0.4857142857142857,0.3300970873786408,0.2158603228010793,0.9989125337387128,source reported; blank if unsupported,True,0.48571428571428577,18,0,,Any non-benign predicted label
PX080-0002,PX080,UNRAVELED,clean,,fixed_fusion,,False,20260924,,2,px080_context_selector/results/METRICS.json,DataExfiltration,3442,2638,2321,0.879833206974981,0.6743172574084835,0.7634868421052632,0.7214663700512246,0.9756674509764015,source reported; blank if unsupported,True,0.6746077861708308,1120,1,,Any non-benign predicted label
PX080-0003,PX080,UNRAVELED,clean,,confidence_gate,,False,20260924,,3,px080_context_selector/results/METRICS.json,Benign,192193,193329,192141,0.9938550346818118,0.9997294386372032,0.9967835817411198,0.9999887859464761,0.9998670163932495,source reported; blank if unsupported,True,,,,,Any non-benign predicted label
PX080-0003,PX080,UNRAVELED,clean,,confidence_gate,,False,20260924,,3,px080_context_selector/results/METRICS.json,OtherAttackStage,12424,12059,12058,0.9999170743842773,0.9705408886027045,0.9850100069435935,0.9952160933549388,0.9995702041355685,source reported; blank if unsupported,True,0.9959755312298777,50,316,,Any non-benign predicted label
PX080-0003,PX080,UNRAVELED,clean,,confidence_gate,,False,20260924,,3,px080_context_selector/results/METRICS.json,LateralMovement,35,69,17,0.2463768115942029,0.4857142857142857,0.3269230769230769,0.16085180178912437,0.9980851585367612,source reported; blank if unsupported,True,0.48571428571428577,18,0,,Any non-benign predicted label
PX080-0003,PX080,UNRAVELED,clean,,confidence_gate,,False,20260924,,3,px080_context_selector/results/METRICS.json,DataExfiltration,3442,2637,2321,0.8801668562760713,0.6743172574084835,0.7636124362559632,0.8319500333183405,0.9950308362355073,source reported; blank if unsupported,True,0.6746077861708308,1120,1,,Any non-benign predicted label
PX080-0004,PX080,UNRAVELED,clean,,ordinary_gate,,False,20260924,,4,px080_context_selector/results/METRICS.json,Benign,192193,193308,192139,0.9939526558652513,0.9997190324309418,0.9968275049870169,0.9999754803137361,0.9997270111659389,source reported; blank if unsupported,True,,,,,Any non-benign predicted label
PX080-0004,PX080,UNRAVELED,clean,,ordinary_gate,,False,20260924,,4,px080_context_selector/results/METRICS.json,OtherAttackStage,12424,12064,12061,0.999751326259947,0.9707823567289118,0.9850539039529566,0.9906357256278124,0.9985739248533058,source reported; blank if unsupported,True,0.9966999356084997,41,322,,Any non-benign predicted label
PX080-0004,PX080,UNRAVELED,clean,,ordinary_gate,,False,20260924,,4,px080_context_selector/results/METRICS.json,LateralMovement,35,77,19,0.24675324675324675,0.5428571428571428,0.3392857142857143,0.15549648635834076,0.9976949532859154,source reported; blank if unsupported,True,0.5428571428571429,16,0,,Any non-benign predicted label
PX080-0004,PX080,UNRAVELED,clean,,ordinary_gate,,False,20260924,,4,px080_context_selector/results/METRICS.json,DataExfiltration,3442,2645,2323,0.8782608695652174,0.6748983149331784,0.7632659766715952,0.6886768892642061,0.9711713610848047,source reported; blank if unsupported,True,0.6769320162696106,1112,7,,Any non-benign predicted label
PX080-0005,PX080,UNRAVELED,clean,,stage_harm_gate,,False,20260924,,5,px080_context_selector/results/METRICS.json,Benign,192193,193278,192098,0.9938948043750453,0.9995057052025829,0.9966923581799928,0.9999757004098451,0.9997294839569808,source reported; blank if unsupported,True,,,,,Any non-benign predicted label
PX080-0005,PX080,UNRAVELED,clean,,stage_harm_gate,,False,20260924,,5,px080_context_selector/results/METRICS.json,OtherAttackStage,12424,12065,12062,0.9997513468711148,0.9708628461043143,0.9850953489321737,0.9905500258315268,0.998566488008527,source reported; blank if unsupported,True,0.996216999356085,47,315,,Any non-benign predicted label
PX080-0005,PX080,UNRAVELED,clean,,stage_harm_gate,,False,20260924,,5,px080_context_selector/results/METRICS.json,LateralMovement,35,121,21,0.17355371900826447,0.6,0.2692307692307692,0.18067152080137378,0.997978801342751,source reported; blank if unsupported,True,0.6,14,0,,Any non-benign predicted label
PX080-0005,PX080,UNRAVELED,clean,,stage_harm_gate,,False,20260924,,5,px080_context_selector/results/METRICS.json,DataExfiltration,3442,2630,2314,0.8798479087452471,0.6722835560720511,0.7621870882740448,0.6877731311410038,0.9709167743469923,source reported; blank if unsupported,True,0.6748983149331784,1119,9,,Any non-benign predicted label
PX080-0006,PX080,UNRAVELED,clean,,context_dropout,,False,20260924,,6,px080_context_selector/results/METRICS.json,Benign,192193,193297,192130,0.9939626584996146,0.9996722045027655,0.996809255752419,0.9999874348866473,0.9998518876043874,source reported; blank if unsupported,True,,,,,Any non-benign predicted label
PX080-0006,PX080,UNRAVELED,clean,,context_dropout,,False,20260924,,6,px080_context_selector/results/METRICS.json,OtherAttackStage,12424,12075,12065,0.9991718426501035,0.9711043142305216,0.9849381607412547,0.9956362707105613,0.9996090101173339,source reported; blank if unsupported,True,0.9970218931101095,37,322,,Any non-benign predicted label
PX080-0006,PX080,UNRAVELED,clean,,context_dropout,,False,20260924,,6,px080_context_selector/results/METRICS.json,LateralMovement,35,67,16,0.23880597014925373,0.45714285714285713,0.3137254901960784,0.15481420332679405,0.9981220299461759,source reported; blank if unsupported,True,0.4571428571428572,19,0,,Any non-benign predicted label
PX080-0006,PX080,UNRAVELED,clean,,context_dropout,,False,20260924,,6,px080_context_selector/results/METRICS.json,DataExfiltration,3442,2655,2322,0.8745762711864407,0.674607786170831,0.761686075118911,0.8660378815040501,0.9965483007602265,source reported; blank if unsupported,True,0.6772225450319582,1111,9,,Any non-benign predicted label
PX080-0007,PX080,UNRAVELED,missing_half,,current_roles,,False,20260924,,7,px080_context_selector/results/METRICS.json,Benign,192193,193242,192076,0.993966115026754,0.9993912369337072,0.9966712934736077,0.9999742065073626,0.9997116687033238,source reported; blank if unsupported,True,,,,,Any non-benign predicted label
PX080-0007,PX080,UNRAVELED,missing_half,,current_roles,,False,20260924,,7,px080_context_selector/results/METRICS.json,OtherAttackStage,12424,12035,12034,0.9999169090153718,0.9686091435930457,0.9840140643525901,0.9907065892289245,0.998575682974584,source reported; blank if unsupported,True,0.9968609143593046,39,351,,Any non-benign predicted label
PX080-0007,PX080,UNRAVELED,missing_half,,current_roles,,False,20260924,,7,px080_context_selector/results/METRICS.json,LateralMovement,35,141,26,0.18439716312056736,0.7428571428571429,0.29545454545454547,0.21030843825527948,0.9989176147150568,source reported; blank if unsupported,True,0.7428571428571429,9,0,,Any non-benign predicted label
PX080-0007,PX080,UNRAVELED,missing_half,,current_roles,,False,20260924,,7,px080_context_selector/results/METRICS.json,DataExfiltration,3442,2676,2324,0.8684603886397608,0.6751888436955259,0.7597254004576659,0.6890127447424923,0.9709320864046839,source reported; blank if unsupported,True,0.6751888436955258,1118,0,,Any non-benign predicted label
PX080-0008,PX080,UNRAVELED,missing_half,,context,,False,20260924,,8,px080_context_selector/results/METRICS.json,Benign,192193,199502,192168,0.9632384637747993,0.9998699224217323,0.9812124229311071,0.9999843730467353,0.9998089756649363,source reported; blank if unsupported,True,,,,,Any non-benign predicted label
PX080-0008,PX080,UNRAVELED,missing_half,,context,,False,20260924,,8,px080_context_selector/results/METRICS.json,OtherAttackStage,12424,5988,5986,0.9996659986639946,0.481809401159047,0.6502281121008038,0.9977297455454058,0.9998309862976454,source reported; blank if unsupported,True,0.5028171281390856,6177,261,,Any non-benign predicted label
PX080-0008,PX080,UNRAVELED,missing_half,,context,,False,20260924,,8,px080_context_selector/results/METRICS.json,LateralMovement,35,39,10,0.2564102564102564,0.2857142857142857,0.2702702702702703,0.1588909607635047,0.9952946039344609,source reported; blank if unsupported,True,0.2857142857142857,25,0,,Any non-benign predicted label
PX080-0008,PX080,UNRAVELED,missing_half,,context,,False,20260924,,8,px080_context_selector/results/METRICS.json,DataExfiltration,3442,2565,2304,0.8982456140350877,0.6693782684485764,0.767105044115199,0.7255332909009583,0.985137617948982,source reported; blank if unsupported,True,0.6711214410226612,1132,6,,Any non-benign predicted label
PX080-0009,PX080,UNRAVELED,missing_half,,fixed_fusion,,False,20260924,,9,px080_context_selector/results/METRICS.json,Benign,192193,193402,192154,0.9935471194713602,0.9997970789779024,0.9966623011190497,0.9999836328484192,0.9998054844059678,source reported; blank if unsupported,True,,,,,Any non-benign predicted label
PX080-0009,PX080,UNRAVELED,missing_half,,fixed_fusion,,False,20260924,,9,px080_context_selector/results/METRICS.json,OtherAttackStage,12424,12023,12022,0.9999168260833403,0.9676432710882164,0.9835153597578435,0.998511324726272,0.9998946715054464,source reported; blank if unsupported,True,0.9917900837089504,102,300,,Any non-benign predicted label
PX080-0009,PX080,UNRAVELED,missing_half,,fixed_fusion,,False,20260924,,9,px080_context_selector/results/METRICS.json,LateralMovement,35,52,13,0.25,0.37142857142857144,0.2988505747126437,0.22317286075695258,0.9969260779737615,source reported; blank if unsupported,True,0.37142857142857144,22,0,,Any non-benign predicted label
PX080-0009,PX080,UNRAVELED,missing_half,,fixed_fusion,,False,20260924,,9,px080_context_selector/results/METRICS.json,DataExfiltration,3442,2617,2317,0.8853649216660298,0.6731551423590936,0.7648126753589701,0.6984999292998495,0.9744536318241764,source reported; blank if unsupported,True,0.673445671121441,1124,1,,Any non-benign predicted label
PX080-0010,PX080,UNRAVELED,missing_half,,confidence_gate,,False,20260924,,10,px080_context_selector/results/METRICS.json,Benign,192193,193442,192154,0.9933416734731858,0.9997970789779024,0.9965589222969907,0.9999876706294772,0.9998532838461999,source reported; blank if unsupported,True,,,,,Any non-benign predicted label
PX080-0010,PX080,UNRAVELED,missing_half,,confidence_gate,,False,20260924,,10,px080_context_selector/results/METRICS.json,OtherAttackStage,12424,11993,11992,0.9999166180271826,0.9652285898261429,0.9822664537002908,0.9952057094972427,0.9995709949610616,source reported; blank if unsupported,True,0.9885705086928526,142,290,,Any non-benign predicted label
PX080-0010,PX080,UNRAVELED,missing_half,,confidence_gate,,False,20260924,,10,px080_context_selector/results/METRICS.json,LateralMovement,35,52,13,0.25,0.37142857142857144,0.2988505747126437,0.16766053315458573,0.9985500678722313,source reported; blank if unsupported,True,0.37142857142857144,22,0,,Any non-benign predicted label
PX080-0010,PX080,UNRAVELED,missing_half,,confidence_gate,,False,20260924,,10,px080_context_selector/results/METRICS.json,DataExfiltration,3442,2607,2317,0.8887610280015343,0.6731551423590936,0.766077037526864,0.7312978250289386,0.9858009014790124,source reported; blank if unsupported,True,0.673445671121441,1124,1,,Any non-benign predicted label
PX080-0011,PX080,UNRAVELED,missing_half,,ordinary_gate,,False,20260924,,11,px080_context_selector/results/METRICS.json,Benign,192193,193334,192154,0.9938965727704387,0.9997970789779024,0.9968380943487746,0.9999763345092294,0.9997374409319402,source reported; blank if unsupported,True,,,,,Any non-benign predicted label
PX080-0011,PX080,UNRAVELED,missing_half,,ordinary_gate,,False,20260924,,11,px080_context_selector/results/METRICS.json,OtherAttackStage,12424,12052,12049,0.9997510786591437,0.9698164842240824,0.9845563000490276,0.99062996757204,0.9985733394984677,source reported; blank if unsupported,True,0.9963779781068899,45,330,,Any non-benign predicted label
PX080-0011,PX080,UNRAVELED,missing_half,,ordinary_gate,,False,20260924,,11,px080_context_selector/results/METRICS.json,LateralMovement,35,54,13,0.24074074074074073,0.37142857142857144,0.29213483146067415,0.13695794318790122,0.9970349756559438,source reported; blank if unsupported,True,0.37142857142857144,22,0,,Any non-benign predicted label
PX080-0011,PX080,UNRAVELED,missing_half,,ordinary_gate,,False,20260924,,11,px080_context_selector/results/METRICS.json,DataExfiltration,3442,2654,2323,0.875282592313489,0.6748983149331784,0.7621391076115486,0.6886928764663354,0.9710597758485108,source reported; blank if unsupported,True,0.6766414875072633,1113,6,,Any non-benign predicted label
PX080-0012,PX080,UNRAVELED,missing_half,,stage_harm_gate,,False,20260924,,12,px080_context_selector/results/METRICS.json,Benign,192193,193344,192129,0.9937158639523337,0.9996670013996347,0.9966825492754262,0.9999761601419359,0.999735220917275,source reported; blank if unsupported,True,,,,,Any non-benign predicted label
PX080-0012,PX080,UNRAVELED,missing_half,,stage_harm_gate,,False,20260924,,12,px080_context_selector/results/METRICS.json,OtherAttackStage,12424,12053,12050,0.9997510993113747,0.9698969735994849,0.9845977856763493,0.9905464504967754,0.9985672113721833,source reported; blank if unsupported,True,0.994607211848036,67,307,,Any non-benign predicted label
PX080-0012,PX080,UNRAVELED,missing_half,,stage_harm_gate,,False,20260924,,12,px080_context_selector/results/METRICS.json,LateralMovement,35,83,17,0.20481927710843373,0.4857142857142857,0.288135593220339,0.18173979727323478,0.9973973041987403,source reported; blank if unsupported,True,0.48571428571428577,18,0,,Any non-benign predicted label
PX080-0012,PX080,UNRAVELED,missing_half,,stage_harm_gate,,False,20260924,,12,px080_context_selector/results/METRICS.json,DataExfiltration,3442,2614,2306,0.8821729150726856,0.6699593259732713,0.7615587846763541,0.6864211618516397,0.9708489113811241,source reported; blank if unsupported,True,0.6717024985473562,1130,6,,Any non-benign predicted label
PX080-0013,PX080,UNRAVELED,missing_half,,context_dropout,,False,20260924,,13,px080_context_selector/results/METRICS.json,Benign,192193,193273,192111,0.9939877789448086,0.999573345543282,0.9967727374139354,0.9999855390707065,0.9998291310224885,source reported; blank if unsupported,True,,,,,Any non-benign predicted label
PX080-0013,PX080,UNRAVELED,missing_half,,context_dropout,,False,20260924,,13,px080_context_selector/results/METRICS.json,OtherAttackStage,12424,12057,12053,0.9996682425147217,0.9701384417256922,0.9846819982843839,0.9945025089505766,0.9994664293200198,source reported; blank if unsupported,True,0.9967804249839022,40,331,,Any non-benign predicted label
PX080-0013,PX080,UNRAVELED,missing_half,,context_dropout,,False,20260924,,13,px080_context_selector/results/METRICS.json,LateralMovement,35,94,22,0.23404255319148937,0.6285714285714286,0.34108527131782945,0.19815122722657993,0.9981457182818335,source reported; blank if unsupported,True,0.6285714285714286,13,0,,Any non-benign predicted label
PX080-0013,PX080,UNRAVELED,missing_half,,context_dropout,,False,20260924,,13,px080_context_selector/results/METRICS.json,DataExfiltration,3442,2670,2322,0.8696629213483146,0.674607786170831,0.7598167539267016,0.7451811999362007,0.9865626067876191,source reported; blank if unsupported,True,0.6778036025566532,1109,11,,Any non-benign predicted label
PX080-0014,PX080,UNRAVELED,missing_all,,current_roles,,False,20260924,,14,px080_context_selector/results/METRICS.json,Benign,192193,193242,192076,0.993966115026754,0.9993912369337072,0.9966712934736077,0.9999742065073626,0.9997116687033238,source reported; blank if unsupported,True,,,,,Any non-benign predicted label
PX080-0014,PX080,UNRAVELED,missing_all,,current_roles,,False,20260924,,14,px080_context_selector/results/METRICS.json,OtherAttackStage,12424,12035,12034,0.9999169090153718,0.9686091435930457,0.9840140643525901,0.9907065892289245,0.998575682974584,source reported; blank if unsupported,True,0.9968609143593046,39,351,,Any non-benign predicted label
PX080-0014,PX080,UNRAVELED,missing_all,,current_roles,,False,20260924,,14,px080_context_selector/results/METRICS.json,LateralMovement,35,141,26,0.18439716312056736,0.7428571428571429,0.29545454545454547,0.21030843825527948,0.9989176147150568,source reported; blank if unsupported,True,0.7428571428571429,9,0,,Any non-benign predicted label
PX080-0014,PX080,UNRAVELED,missing_all,,current_roles,,False,20260924,,14,px080_context_selector/results/METRICS.json,DataExfiltration,3442,2676,2324,0.8684603886397608,0.6751888436955259,0.7597254004576659,0.6890127447424923,0.9709320864046839,source reported; blank if unsupported,True,0.6751888436955258,1118,0,,Any non-benign predicted label
PX080-0015,PX080,UNRAVELED,missing_all,,context,,False,20260924,,15,px080_context_selector/results/METRICS.json,Benign,192193,205577,192193,0.9348954406378145,1.0,0.9663524147120195,0.9999893959794081,0.9998722456738692,source reported; blank if unsupported,True,,,,,Any non-benign predicted label
PX080-0015,PX080,UNRAVELED,missing_all,,context,,False,20260924,,15,px080_context_selector/results/METRICS.json,OtherAttackStage,12424,0,0,0.0,0.0,0.0,0.9967448607650338,0.9997524160880882,source reported; blank if unsupported,True,0.01778815196394079,12203,221,,Any non-benign predicted label
PX080-0015,PX080,UNRAVELED,missing_all,,context,,False,20260924,,15,px080_context_selector/results/METRICS.json,LateralMovement,35,0,0,0.0,0.0,0.0,0.17391976045269614,0.9930308916495527,source reported; blank if unsupported,True,0.0,35,0,,Any non-benign predicted label
PX080-0015,PX080,UNRAVELED,missing_all,,context,,False,20260924,,15,px080_context_selector/results/METRICS.json,DataExfiltration,3442,2517,2296,0.912197059992054,0.6670540383497966,0.7705990938076859,0.6985499175515445,0.9776092302798669,source reported; blank if unsupported,True,0.6670540383497967,1146,0,,Any non-benign predicted label
PX080-0016,PX080,UNRAVELED,missing_all,,fixed_fusion,,False,20260924,,16,px080_context_selector/results/METRICS.json,Benign,192193,193485,192171,0.9932087758740987,0.9998855317311245,0.9965359704209211,0.9999820648034548,0.9997908773671806,source reported; blank if unsupported,True,,,,,Any non-benign predicted label
PX080-0016,PX080,UNRAVELED,missing_all,,fixed_fusion,,False,20260924,,16,px080_context_selector/results/METRICS.json,OtherAttackStage,12424,11980,11980,1.0,0.9642627173213136,0.9818062612686445,0.9984298026080038,0.9998869576146495,source reported; blank if unsupported,True,0.9874436574372183,156,288,,Any non-benign predicted label
PX080-0016,PX080,UNRAVELED,missing_all,,fixed_fusion,,False,20260924,,16,px080_context_selector/results/METRICS.json,LateralMovement,35,26,4,0.15384615384615385,0.11428571428571428,0.13114754098360656,0.1982779126668581,0.9949486169101759,source reported; blank if unsupported,True,0.11428571428571432,31,0,,Any non-benign predicted label
PX080-0016,PX080,UNRAVELED,missing_all,,fixed_fusion,,False,20260924,,16,px080_context_selector/results/METRICS.json,DataExfiltration,3442,2603,2315,0.8893584325777949,0.6725740848343986,0.7659222497932175,0.6972313927807056,0.9742915768475692,source reported; blank if unsupported,True,0.6725740848343986,1127,0,,Any non-benign predicted label
PX080-0017,PX080,UNRAVELED,missing_all,,confidence_gate,,False,20260924,,17,px080_context_selector/results/METRICS.json,Benign,192193,193566,192171,0.9927931558228201,0.9998855317311245,0.9963267221244352,0.9999873958372092,0.9998497873517338,source reported; blank if unsupported,True,,,,,Any non-benign predicted label
PX080-0017,PX080,UNRAVELED,missing_all,,confidence_gate,,False,20260924,,17,px080_context_selector/results/METRICS.json,OtherAttackStage,12424,11917,11917,1.0,0.9591918866709594,0.9791709461402571,0.9952029932960869,0.9995744768556705,source reported; blank if unsupported,True,0.98092401802962,237,270,,Any non-benign predicted label
PX080-0017,PX080,UNRAVELED,missing_all,,confidence_gate,,False,20260924,,17,px080_context_selector/results/METRICS.json,LateralMovement,35,26,4,0.15384615384615385,0.11428571428571428,0.13114754098360656,0.18128757194870668,0.9990000775878821,source reported; blank if unsupported,True,0.11428571428571432,31,0,,Any non-benign predicted label
PX080-0017,PX080,UNRAVELED,missing_all,,confidence_gate,,False,20260924,,17,px080_context_selector/results/METRICS.json,DataExfiltration,3442,2585,2315,0.8955512572533849,0.6725740848343986,0.7682097229135557,0.6997740956443215,0.9779755669302849,source reported; blank if unsupported,True,0.6725740848343986,1127,0,,Any non-benign predicted label
PX080-0018,PX080,UNRAVELED,missing_all,,ordinary_gate,,False,20260924,,18,px080_context_selector/results/METRICS.json,Benign,192193,193366,192172,0.9938251812624763,0.9998907348342552,0.9968487313225732,0.9999770147309492,0.9997459558146311,source reported; blank if unsupported,True,,,,,Any non-benign predicted label
PX080-0018,PX080,UNRAVELED,missing_all,,ordinary_gate,,False,20260924,,18,px080_context_selector/results/METRICS.json,OtherAttackStage,12424,12035,12034,0.9999169090153718,0.9686091435930457,0.9840140643525901,0.9907149152915102,0.9985763119328044,source reported; blank if unsupported,True,0.9963779781068899,45,345,,Any non-benign predicted label
PX080-0018,PX080,UNRAVELED,missing_all,,ordinary_gate,,False,20260924,,18,px080_context_selector/results/METRICS.json,LateralMovement,35,24,5,0.20833333333333334,0.14285714285714285,0.1694915254237288,0.10198331536821022,0.9960231747450757,source reported; blank if unsupported,True,0.1428571428571429,30,0,,Any non-benign predicted label
PX080-0018,PX080,UNRAVELED,missing_all,,ordinary_gate,,False,20260924,,18,px080_context_selector/results/METRICS.json,DataExfiltration,3442,2669,2323,0.8703634319970026,0.6748983149331784,0.7602683685157912,0.6887725459017318,0.9708982581993499,source reported; blank if unsupported,True,0.6748983149331784,1119,0,,Any non-benign predicted label
PX080-0019,PX080,UNRAVELED,missing_all,,stage_harm_gate,,False,20260924,,19,px080_context_selector/results/METRICS.json,Benign,192193,193417,192160,0.9935010883221227,0.9998282975966867,0.996654651072327,0.9999765095605451,0.9997398152301804,source reported; blank if unsupported,True,,,,,Any non-benign predicted label
PX080-0019,PX080,UNRAVELED,missing_all,,stage_harm_gate,,False,20260924,,19,px080_context_selector/results/METRICS.json,OtherAttackStage,12424,12035,12034,0.9999169090153718,0.9686091435930457,0.9840140643525901,0.9906248034910854,0.9985698779658156,source reported; blank if unsupported,True,0.9928364455891823,89,301,,Any non-benign predicted label
PX080-0019,PX080,UNRAVELED,missing_all,,stage_harm_gate,,False,20260924,,19,px080_context_selector/results/METRICS.json,LateralMovement,35,39,8,0.20512820512820512,0.22857142857142856,0.21621621621621623,0.09664837434290266,0.9957983758727779,source reported; blank if unsupported,True,0.22857142857142854,27,0,,Any non-benign predicted label
PX080-0019,PX080,UNRAVELED,missing_all,,stage_harm_gate,,False,20260924,,19,px080_context_selector/results/METRICS.json,DataExfiltration,3442,2603,2301,0.8839800230503265,0.668506682161534,0.7612903225806451,0.685878956046353,0.9708116143260803,source reported; blank if unsupported,True,0.668506682161534,1141,0,,Any non-benign predicted label
PX080-0020,PX080,UNRAVELED,missing_all,,context_dropout,,False,20260924,,20,px080_context_selector/results/METRICS.json,Benign,192193,193252,192088,0.9939767764369838,0.9994536741712757,0.9967077014878907,0.999986194898731,0.9998337590389105,source reported; blank if unsupported,True,,,,,Any non-benign predicted label
PX080-0020,PX080,UNRAVELED,missing_all,,context_dropout,,False,20260924,,20,px080_context_selector/results/METRICS.json,OtherAttackStage,12424,12046,12041,0.999584924456251,0.9691725692208628,0.9841438496117695,0.9930857609287935,0.9992649928008348,source reported; blank if unsupported,True,0.9967804249839022,40,343,,Any non-benign predicted label
PX080-0020,PX080,UNRAVELED,missing_all,,context_dropout,,False,20260924,,20,px080_context_selector/results/METRICS.json,LateralMovement,35,111,24,0.21621621621621623,0.6857142857142857,0.3287671232876712,0.2147866429999649,0.9988693454397894,source reported; blank if unsupported,True,0.6857142857142857,11,0,,Any non-benign predicted label
PX080-0020,PX080,UNRAVELED,missing_all,,context_dropout,,False,20260924,,20,px080_context_selector/results/METRICS.json,DataExfiltration,3442,2685,2324,0.8655493482309125,0.6751888436955259,0.758609433654317,0.6791858461449937,0.9768836529664569,source reported; blank if unsupported,True,0.6766414875072633,1113,5,,Any non-benign predicted label
PX080-0021,PX080,UNRAVELED,stale_5min,,current_roles,,False,20260924,,21,px080_context_selector/results/METRICS.json,Benign,192193,193242,192076,0.993966115026754,0.9993912369337072,0.9966712934736077,0.9999742065073626,0.9997116687033238,source reported; blank if unsupported,True,,,,,Any non-benign predicted label
PX080-0021,PX080,UNRAVELED,stale_5min,,current_roles,,False,20260924,,21,px080_context_selector/results/METRICS.json,OtherAttackStage,12424,12035,12034,0.9999169090153718,0.9686091435930457,0.9840140643525901,0.9907065892289245,0.998575682974584,source reported; blank if unsupported,True,0.9968609143593046,39,351,,Any non-benign predicted label
PX080-0021,PX080,UNRAVELED,stale_5min,,current_roles,,False,20260924,,21,px080_context_selector/results/METRICS.json,LateralMovement,35,141,26,0.18439716312056736,0.7428571428571429,0.29545454545454547,0.21030843825527948,0.9989176147150568,source reported; blank if unsupported,True,0.7428571428571429,9,0,,Any non-benign predicted label
PX080-0021,PX080,UNRAVELED,stale_5min,,current_roles,,False,20260924,,21,px080_context_selector/results/METRICS.json,DataExfiltration,3442,2676,2324,0.8684603886397608,0.6751888436955259,0.7597254004576659,0.6890127447424923,0.9709320864046839,source reported; blank if unsupported,True,0.6751888436955258,1118,0,,Any non-benign predicted label
PX080-0022,PX080,UNRAVELED,stale_5min,,context,,False,20260924,,22,px080_context_selector/results/METRICS.json,Benign,192193,193378,192166,0.9937324824954235,0.9998595162154709,0.9967865840532613,0.9999905847628369,0.9998859162129922,source reported; blank if unsupported,True,,,,,Any non-benign predicted label
PX080-0022,PX080,UNRAVELED,stale_5min,,context,,False,20260924,,22,px080_context_selector/results/METRICS.json,OtherAttackStage,12424,12057,12056,0.9999170606286805,0.9703799098518996,0.9849270863118337,0.9984975340362439,0.9998883950865274,source reported; blank if unsupported,True,0.994607211848036,67,301,,Any non-benign predicted label
PX080-0022,PX080,UNRAVELED,stale_5min,,context,,False,20260924,,22,px080_context_selector/results/METRICS.json,LateralMovement,35,42,8,0.19047619047619047,0.22857142857142856,0.2077922077922078,0.11990706444532623,0.9979644510176715,source reported; blank if unsupported,True,0.22857142857142854,27,0,,Any non-benign predicted label
PX080-0022,PX080,UNRAVELED,stale_5min,,context,,False,20260924,,22,px080_context_selector/results/METRICS.json,DataExfiltration,3442,2617,2315,0.88460068781047,0.6725740848343986,0.7641525004126093,0.816933197901344,0.9931088841018685,source reported; blank if unsupported,True,0.6751888436955258,1118,9,,Any non-benign predicted label
PX080-0023,PX080,UNRAVELED,stale_5min,,fixed_fusion,,False,20260924,,23,px080_context_selector/results/METRICS.json,Benign,192193,193346,192156,0.9938452308297042,0.9998074851841638,0.9968174425933564,0.9999919679784214,0.9999026298851958,source reported; blank if unsupported,True,,,,,Any non-benign predicted label
PX080-0023,PX080,UNRAVELED,stale_5min,,fixed_fusion,,False,20260924,,23,px080_context_selector/results/METRICS.json,OtherAttackStage,12424,12065,12065,1.0,0.9711043142305216,0.9853403568949324,0.9984336510546338,0.9998818891328229,source reported; blank if unsupported,True,0.996216999356085,47,312,,Any non-benign predicted label
PX080-0023,PX080,UNRAVELED,stale_5min,,fixed_fusion,,False,20260924,,23,px080_context_selector/results/METRICS.json,LateralMovement,35,50,13,0.26,0.37142857142857144,0.3058823529411765,0.22017317222180055,0.9988754563437706,source reported; blank if unsupported,True,0.37142857142857144,22,0,,Any non-benign predicted label
PX080-0023,PX080,UNRAVELED,stale_5min,,fixed_fusion,,False,20260924,,23,px080_context_selector/results/METRICS.json,DataExfiltration,3442,2633,2321,0.8815039878465628,0.6743172574084835,0.7641152263374485,0.7193777366158753,0.9744948037412141,source reported; blank if unsupported,True,0.6743172574084835,1121,0,,Any non-benign predicted label
PX080-0024,PX080,UNRAVELED,stale_5min,,confidence_gate,,False,20260924,,24,px080_context_selector/results/METRICS.json,Benign,192193,193346,192156,0.9938452308297042,0.9998074851841638,0.9968174425933564,0.9999868498089431,0.9998464770446575,source reported; blank if unsupported,True,,,,,Any non-benign predicted label
PX080-0024,PX080,UNRAVELED,stale_5min,,confidence_gate,,False,20260924,,24,px080_context_selector/results/METRICS.json,OtherAttackStage,12424,12064,12064,1.0,0.9710238248551192,0.9852989219209408,0.9944989471737744,0.999465111757443,source reported; blank if unsupported,True,0.996216999356085,47,313,,Any non-benign predicted label
PX080-0024,PX080,UNRAVELED,stale_5min,,confidence_gate,,False,20260924,,24,px080_context_selector/results/METRICS.json,LateralMovement,35,50,13,0.26,0.37142857142857144,0.3058823529411765,0.1808907994896284,0.9980687483564071,source reported; blank if unsupported,True,0.37142857142857144,22,0,,Any non-benign predicted label
PX080-0024,PX080,UNRAVELED,stale_5min,,confidence_gate,,False,20260924,,24,px080_context_selector/results/METRICS.json,DataExfiltration,3442,2634,2321,0.881169324221716,0.6743172574084835,0.7639894667544437,0.8150697212070578,0.9941165349008216,source reported; blank if unsupported,True,0.6743172574084835,1121,0,,Any non-benign predicted label
PX080-0025,PX080,UNRAVELED,stale_5min,,ordinary_gate,,False,20260924,,25,px080_context_selector/results/METRICS.json,Benign,192193,193314,192144,0.9939476706291319,0.9997450479465954,0.9968379303099555,0.9999756186454781,0.9997287365896736,source reported; blank if unsupported,True,,,,,Any non-benign predicted label
PX080-0025,PX080,UNRAVELED,stale_5min,,ordinary_gate,,False,20260924,,25,px080_context_selector/results/METRICS.json,OtherAttackStage,12424,12071,12069,0.9998343136442714,0.9714262717321314,0.9854255970606246,0.9907109959653179,0.9985761776261601,source reported; blank if unsupported,True,0.9971023824855119,36,319,,Any non-benign predicted label
PX080-0025,PX080,UNRAVELED,stale_5min,,ordinary_gate,,False,20260924,,25,px080_context_selector/results/METRICS.json,LateralMovement,35,69,13,0.18840579710144928,0.37142857142857144,0.25,0.14749113337915104,0.997797534078589,source reported; blank if unsupported,True,0.37142857142857144,22,0,,Any non-benign predicted label
PX080-0025,PX080,UNRAVELED,stale_5min,,ordinary_gate,,False,20260924,,25,px080_context_selector/results/METRICS.json,DataExfiltration,3442,2640,2321,0.8791666666666667,0.6743172574084835,0.7632357777047024,0.6887478639708733,0.9710853453948776,source reported; blank if unsupported,True,0.6769320162696106,1112,9,,Any non-benign predicted label
PX080-0026,PX080,UNRAVELED,stale_5min,,stage_harm_gate,,False,20260924,,26,px080_context_selector/results/METRICS.json,Benign,192193,193254,192086,0.9939561406232212,0.9994432679650144,0.9966921522284516,0.9999761865794264,0.9997353850174084,source reported; blank if unsupported,True,,,,,Any non-benign predicted label
PX080-0026,PX080,UNRAVELED,stale_5min,,stage_harm_gate,,False,20260924,,26,px080_context_selector/results/METRICS.json,OtherAttackStage,12424,12070,12069,0.999917149958575,0.9714262717321314,0.9854658283661305,0.9906759740971032,0.9985735534018519,source reported; blank if unsupported,True,0.9965389568576948,43,312,,Any non-benign predicted label
PX080-0026,PX080,UNRAVELED,stale_5min,,stage_harm_gate,,False,20260924,,26,px080_context_selector/results/METRICS.json,LateralMovement,35,140,26,0.18571428571428572,0.7428571428571429,0.29714285714285715,0.1883116215058651,0.9986258705463354,source reported; blank if unsupported,True,0.7428571428571429,9,0,,Any non-benign predicted label
PX080-0026,PX080,UNRAVELED,stale_5min,,stage_harm_gate,,False,20260924,,26,px080_context_selector/results/METRICS.json,DataExfiltration,3442,2630,2317,0.8809885931558935,0.6731551423590936,0.7631752305665349,0.6878716061190627,0.971046056608243,source reported; blank if unsupported,True,0.6757699012202207,1116,9,,Any non-benign predicted label
PX080-0027,PX080,UNRAVELED,stale_5min,,context_dropout,,False,20260924,,27,px080_context_selector/results/METRICS.json,Benign,192193,193282,192127,0.9940242754110574,0.9996565951933734,0.9968324794085219,0.9999856362446415,0.999830595325772,source reported; blank if unsupported,True,,,,,Any non-benign predicted label
PX080-0027,PX080,UNRAVELED,stale_5min,,context_dropout,,False,20260924,,27,px080_context_selector/results/METRICS.json,OtherAttackStage,12424,12082,12071,0.9990895547094852,0.9715872504829363,0.985146494735983,0.9949551290512866,0.9994810021051055,source reported; blank if unsupported,True,0.9972633612363168,34,319,,Any non-benign predicted label
PX080-0027,PX080,UNRAVELED,stale_5min,,context_dropout,,False,20260924,,27,px080_context_selector/results/METRICS.json,LateralMovement,35,76,17,0.2236842105263158,0.4857142857142857,0.3063063063063063,0.15363702214626418,0.9979356130438276,source reported; blank if unsupported,True,0.48571428571428577,18,0,,Any non-benign predicted label
PX080-0027,PX080,UNRAVELED,stale_5min,,context_dropout,,False,20260924,,27,px080_context_selector/results/METRICS.json,DataExfiltration,3442,2654,2322,0.8749058025621703,0.674607786170831,0.7618110236220472,0.8442481726439456,0.9954156599312882,source reported; blank if unsupported,True,0.679546775130738,1103,17,,Any non-benign predicted label
PX080-0028,PX080,UNRAVELED,wrong_host,,current_roles,,False,20260924,,28,px080_context_selector/results/METRICS.json,Benign,192193,193242,192076,0.993966115026754,0.9993912369337072,0.9966712934736077,0.9999742065073626,0.9997116687033238,source reported; blank if unsupported,True,,,,,Any non-benign predicted label
PX080-0028,PX080,UNRAVELED,wrong_host,,current_roles,,False,20260924,,28,px080_context_selector/results/METRICS.json,OtherAttackStage,12424,12035,12034,0.9999169090153718,0.9686091435930457,0.9840140643525901,0.9907065892289245,0.998575682974584,source reported; blank if unsupported,True,0.9968609143593046,39,351,,Any non-benign predicted label
PX080-0028,PX080,UNRAVELED,wrong_host,,current_roles,,False,20260924,,28,px080_context_selector/results/METRICS.json,LateralMovement,35,141,26,0.18439716312056736,0.7428571428571429,0.29545454545454547,0.21030843825527948,0.9989176147150568,source reported; blank if unsupported,True,0.7428571428571429,9,0,,Any non-benign predicted label
PX080-0028,PX080,UNRAVELED,wrong_host,,current_roles,,False,20260924,,28,px080_context_selector/results/METRICS.json,DataExfiltration,3442,2676,2324,0.8684603886397608,0.6751888436955259,0.7597254004576659,0.6890127447424923,0.9709320864046839,source reported; blank if unsupported,True,0.6751888436955258,1118,0,,Any non-benign predicted label
PX080-0029,PX080,UNRAVELED,wrong_host,,context,,False,20260924,,29,px080_context_selector/results/METRICS.json,Benign,192193,204579,192193,0.9394561514133905,1.0,0.9687830794511709,0.9999841359647467,0.9998083560764965,source reported; blank if unsupported,True,,,,,Any non-benign predicted label
PX080-0029,PX080,UNRAVELED,wrong_host,,context,,False,20260924,,29,px080_context_selector/results/METRICS.json,OtherAttackStage,12424,891,891,1.0,0.07171603348358016,0.13383402177994744,0.9967081793487705,0.9997422392232267,source reported; blank if unsupported,True,0.09803605924018033,11206,327,,Any non-benign predicted label
PX080-0029,PX080,UNRAVELED,wrong_host,,context,,False,20260924,,29,px080_context_selector/results/METRICS.json,LateralMovement,35,0,0,0.0,0.0,0.0,0.15962761998457628,0.9930274585574284,source reported; blank if unsupported,True,0.0,35,0,,Any non-benign predicted label
PX080-0029,PX080,UNRAVELED,wrong_host,,context,,False,20260924,,29,px080_context_selector/results/METRICS.json,DataExfiltration,3442,2624,2297,0.8753810975609756,0.6673445671121441,0.7573359709858226,0.684436700973178,0.9766906991773441,source reported; blank if unsupported,True,0.6673445671121441,1145,0,,Any non-benign predicted label
PX080-0030,PX080,UNRAVELED,wrong_host,,fixed_fusion,,False,20260924,,30,px080_context_selector/results/METRICS.json,Benign,192193,193482,192170,0.9932190074528897,0.9998803286279937,0.9965385363324042,0.9999809372773146,0.9997774165751875,source reported; blank if unsupported,True,,,,,Any non-benign predicted label
PX080-0030,PX080,UNRAVELED,wrong_host,,fixed_fusion,,False,20260924,,30,px080_context_selector/results/METRICS.json,OtherAttackStage,12424,11976,11976,1.0,0.9639407598197038,0.981639344262295,0.9984110254646568,0.9998849847672817,source reported; blank if unsupported,True,0.9876046361880232,154,294,,Any non-benign predicted label
PX080-0030,PX080,UNRAVELED,wrong_host,,fixed_fusion,,False,20260924,,30,px080_context_selector/results/METRICS.json,LateralMovement,35,27,4,0.14814814814814814,0.11428571428571428,0.12903225806451613,0.18989667065487856,0.9949590535102337,source reported; blank if unsupported,True,0.11428571428571432,31,0,,Any non-benign predicted label
PX080-0030,PX080,UNRAVELED,wrong_host,,fixed_fusion,,False,20260924,,30,px080_context_selector/results/METRICS.json,DataExfiltration,3442,2609,2315,0.8873131467995401,0.6725740848343986,0.7651627830110725,0.6811560789135789,0.9737716596622639,source reported; blank if unsupported,True,0.6725740848343986,1127,0,,Any non-benign predicted label
PX080-0031,PX080,UNRAVELED,wrong_host,,confidence_gate,,False,20260924,,31,px080_context_selector/results/METRICS.json,Benign,192193,193557,192170,0.9928341522135599,0.9998803286279937,0.9963447828904731,0.9999865356779478,0.9998399367626737,source reported; blank if unsupported,True,,,,,Any non-benign predicted label
PX080-0031,PX080,UNRAVELED,wrong_host,,confidence_gate,,False,20260924,,31,px080_context_selector/results/METRICS.json,OtherAttackStage,12424,11921,11921,1.0,0.9595138441725692,0.979338673238858,0.9949694598801577,0.99954197217966,source reported; blank if unsupported,True,0.9815679330328396,229,274,,Any non-benign predicted label
PX080-0031,PX080,UNRAVELED,wrong_host,,confidence_gate,,False,20260924,,31,px080_context_selector/results/METRICS.json,LateralMovement,35,27,4,0.14814814814814814,0.11428571428571428,0.12903225806451613,0.17752489822584916,0.9989682871548112,source reported; blank if unsupported,True,0.11428571428571432,31,0,,Any non-benign predicted label
PX080-0031,PX080,UNRAVELED,wrong_host,,confidence_gate,,False,20260924,,31,px080_context_selector/results/METRICS.json,DataExfiltration,3442,2589,2315,0.8941676322904596,0.6725740848343986,0.7677002155529763,0.6977002796382573,0.9777990232775416,source reported; blank if unsupported,True,0.6725740848343986,1127,0,,Any non-benign predicted label
PX080-0032,PX080,UNRAVELED,wrong_host,,ordinary_gate,,False,20260924,,32,px080_context_selector/results/METRICS.json,Benign,192193,193365,192170,0.993819977762263,0.9998803286279937,0.9968409422188101,0.9999765728417864,0.9997405131874773,source reported; blank if unsupported,True,,,,,Any non-benign predicted label
PX080-0032,PX080,UNRAVELED,wrong_host,,ordinary_gate,,False,20260924,,32,px080_context_selector/results/METRICS.json,OtherAttackStage,12424,12035,12034,0.9999169090153718,0.9686091435930457,0.9840140643525901,0.9907116693484709,0.9985760947385987,source reported; blank if unsupported,True,0.9963779781068899,45,345,,Any non-benign predicted label
PX080-0032,PX080,UNRAVELED,wrong_host,,ordinary_gate,,False,20260924,,32,px080_context_selector/results/METRICS.json,LateralMovement,35,26,5,0.19230769230769232,0.14285714285714285,0.16393442622950818,0.10269609137989803,0.9961396252299313,source reported; blank if unsupported,True,0.1428571428571429,30,0,,Any non-benign predicted label
PX080-0032,PX080,UNRAVELED,wrong_host,,ordinary_gate,,False,20260924,,32,px080_context_selector/results/METRICS.json,DataExfiltration,3442,2668,2322,0.8703148425787106,0.674607786170831,0.7600654664484452,0.6887427237800814,0.9708974490140279,source reported; blank if unsupported,True,0.6746077861708308,1120,0,,Any non-benign predicted label
PX080-0033,PX080,UNRAVELED,wrong_host,,stage_harm_gate,,False,20260924,,33,px080_context_selector/results/METRICS.json,Benign,192193,193401,192146,0.9935108918774981,0.9997554541528567,0.9966233914428129,0.9999760161301876,0.9997337346903448,source reported; blank if unsupported,True,,,,,Any non-benign predicted label
PX080-0033,PX080,UNRAVELED,wrong_host,,stage_harm_gate,,False,20260924,,33,px080_context_selector/results/METRICS.json,OtherAttackStage,12424,12035,12034,0.9999169090153718,0.9686091435930457,0.9840140643525901,0.9906202960754487,0.9985695994800635,source reported; blank if unsupported,True,0.9928364455891823,89,301,,Any non-benign predicted label
PX080-0033,PX080,UNRAVELED,wrong_host,,stage_harm_gate,,False,20260924,,33,px080_context_selector/results/METRICS.json,LateralMovement,35,55,10,0.18181818181818182,0.2857142857142857,0.2222222222222222,0.10573418692071263,0.9960825672388258,source reported; blank if unsupported,True,0.2857142857142857,25,0,,Any non-benign predicted label
PX080-0033,PX080,UNRAVELED,wrong_host,,stage_harm_gate,,False,20260924,,33,px080_context_selector/results/METRICS.json,DataExfiltration,3442,2603,2301,0.8839800230503265,0.668506682161534,0.7612903225806451,0.6861192082365083,0.970791445736833,source reported; blank if unsupported,True,0.668506682161534,1141,0,,Any non-benign predicted label
PX080-0034,PX080,UNRAVELED,wrong_host,,context_dropout,,False,20260924,,34,px080_context_selector/results/METRICS.json,Benign,192193,193254,192090,0.9939768387717719,0.9994640803775372,0.9967129073517241,0.9999858770920744,0.9998300115677702,source reported; blank if unsupported,True,,,,,Any non-benign predicted label
PX080-0034,PX080,UNRAVELED,wrong_host,,context_dropout,,False,20260924,,34,px080_context_selector/results/METRICS.json,OtherAttackStage,12424,12035,12030,0.9995845450768591,0.9682871860914359,0.9836869863853797,0.9930459554097244,0.9992528447340163,source reported; blank if unsupported,True,0.9967804249839022,40,354,,Any non-benign predicted label
PX080-0034,PX080,UNRAVELED,wrong_host,,context_dropout,,False,20260924,,34,px080_context_selector/results/METRICS.json,LateralMovement,35,109,24,0.22018348623853212,0.6857142857142857,0.3333333333333333,0.21661387781668495,0.9988357697988139,source reported; blank if unsupported,True,0.6857142857142857,11,0,,Any non-benign predicted label
PX080-0034,PX080,UNRAVELED,wrong_host,,context_dropout,,False,20260924,,34,px080_context_selector/results/METRICS.json,DataExfiltration,3442,2696,2324,0.8620178041543026,0.6751888436955259,0.7572499185402412,0.6812731629369846,0.9767025729072284,source reported; blank if unsupported,True,0.6766414875072633,1113,5,,Any non-benign predicted label
PX080-0035,PX080,UNRAVELED,clean,,current_roles,,False,20260925,,35,px080_context_selector/results/METRICS.json,Benign,192193,193175,192027,0.9940572020188948,0.9991362848803026,0.9965902721554463,0.9999742644528149,0.9997157849498387,source reported; blank if unsupported,True,,,,,Any non-benign predicted label
PX080-0035,PX080,UNRAVELED,clean,,current_roles,,False,20260925,,35,px080_context_selector/results/METRICS.json,OtherAttackStage,12424,12027,12026,0.9999168537457388,0.9679652285898261,0.9836816490123104,0.9906604145208617,0.9986115558061919,source reported; blank if unsupported,True,0.9972633612363168,34,364,,Any non-benign predicted label
PX080-0035,PX080,UNRAVELED,clean,,current_roles,,False,20260925,,35,px080_context_selector/results/METRICS.json,LateralMovement,35,188,29,0.15425531914893617,0.8285714285714286,0.2600896860986547,0.17138865080241955,0.9990254824696017,source reported; blank if unsupported,True,0.8285714285714285,6,0,,Any non-benign predicted label
PX080-0035,PX080,UNRAVELED,clean,,current_roles,,False,20260925,,35,px080_context_selector/results/METRICS.json,DataExfiltration,3442,2704,2324,0.8594674556213018,0.6751888436955259,0.7562642369020501,0.68665641557786,0.9763698117691842,source reported; blank if unsupported,True,0.6780941313190005,1108,10,,Any non-benign predicted label
PX080-0036,PX080,UNRAVELED,clean,,context,,False,20260925,,36,px080_context_selector/results/METRICS.json,Benign,192193,193329,192141,0.9938550346818118,0.9997294386372032,0.9967835817411198,0.9999922339729183,0.9999069458986726,source reported; blank if unsupported,True,,,,,Any non-benign predicted label
PX080-0036,PX080,UNRAVELED,clean,,context,,False,20260925,,36,px080_context_selector/results/METRICS.json,OtherAttackStage,12424,12051,12050,0.9999170193344951,0.9698969735994849,0.9846782431052093,0.998910842337372,0.9999238082315354,source reported; blank if unsupported,True,0.994607211848036,67,307,,Any non-benign predicted label
PX080-0036,PX080,UNRAVELED,clean,,context,,False,20260925,,36,px080_context_selector/results/METRICS.json,LateralMovement,35,95,22,0.23157894736842105,0.6285714285714286,0.3384615384615385,0.19011799824415557,0.9987059989165161,source reported; blank if unsupported,True,0.6285714285714286,13,0,,Any non-benign predicted label
PX080-0036,PX080,UNRAVELED,clean,,context,,False,20260925,,36,px080_context_selector/results/METRICS.json,DataExfiltration,3442,2619,2312,0.8827796869033983,0.6717024985473562,0.7629104108232965,0.9227203198485083,0.9978776637685188,source reported; blank if unsupported,True,0.6780941313190005,1108,22,,Any non-benign predicted label
PX080-0037,PX080,UNRAVELED,clean,,fixed_fusion,,False,20260925,,37,px080_context_selector/results/METRICS.json,Benign,192193,193246,192082,0.9939765894248781,0.9994224555524915,0.9966920835722384,0.99998901190135,0.9998703828183179,source reported; blank if unsupported,True,,,,,Any non-benign predicted label
PX080-0037,PX080,UNRAVELED,clean,,fixed_fusion,,False,20260925,,37,px080_context_selector/results/METRICS.json,OtherAttackStage,12424,12056,12055,0.9999170537491705,0.9702994204764971,0.9848856209150327,0.9987042417039919,0.9999058234817936,source reported; blank if unsupported,True,0.9964584674822924,44,325,,Any non-benign predicted label
PX080-0037,PX080,UNRAVELED,clean,,fixed_fusion,,False,20260925,,37,px080_context_selector/results/METRICS.json,LateralMovement,35,145,25,0.1724137931034483,0.7142857142857143,0.2777777777777778,0.2488062454353532,0.9995085185314879,source reported; blank if unsupported,True,0.7142857142857143,10,0,,Any non-benign predicted label
PX080-0037,PX080,UNRAVELED,clean,,fixed_fusion,,False,20260925,,37,px080_context_selector/results/METRICS.json,DataExfiltration,3442,2647,2322,0.8772194937665282,0.674607786170831,0.7626868122844473,0.7320623966452042,0.97974908892263,source reported; blank if unsupported,True,0.6775130737943056,1110,10,,Any non-benign predicted label
PX080-0038,PX080,UNRAVELED,clean,,confidence_gate,,False,20260925,,38,px080_context_selector/results/METRICS.json,Benign,192193,193244,192080,0.9939765270849289,0.9994120493462301,0.9966868774923009,0.9999881452751379,0.9998599286745299,source reported; blank if unsupported,True,,,,,Any non-benign predicted label
PX080-0038,PX080,UNRAVELED,clean,,confidence_gate,,False,20260925,,38,px080_context_selector/results/METRICS.json,OtherAttackStage,12424,12056,12055,0.9999170537491705,0.9702994204764971,0.9848856209150327,0.9945336585430914,0.9994845952706094,source reported; blank if unsupported,True,0.9964584674822924,44,325,,Any non-benign predicted label
PX080-0038,PX080,UNRAVELED,clean,,confidence_gate,,False,20260925,,38,px080_context_selector/results/METRICS.json,LateralMovement,35,147,25,0.17006802721088435,0.7142857142857143,0.27472527472527475,0.15293024069153624,0.9984425434268988,source reported; blank if unsupported,True,0.7142857142857143,10,0,,Any non-benign predicted label
PX080-0038,PX080,UNRAVELED,clean,,confidence_gate,,False,20260925,,38,px080_context_selector/results/METRICS.json,DataExfiltration,3442,2647,2322,0.8772194937665282,0.674607786170831,0.7626868122844473,0.9054519070815448,0.9975070902521471,source reported; blank if unsupported,True,0.6775130737943056,1110,10,,Any non-benign predicted label
PX080-0039,PX080,UNRAVELED,clean,,ordinary_gate,,False,20260925,,39,px080_context_selector/results/METRICS.json,Benign,192193,193219,192056,0.9939809232011345,0.9992871748710931,0.9966269861862112,0.9999749550477675,0.9997239214042062,source reported; blank if unsupported,True,,,,,Any non-benign predicted label
PX080-0039,PX080,UNRAVELED,clean,,ordinary_gate,,False,20260925,,39,px080_context_selector/results/METRICS.json,OtherAttackStage,12424,12061,12059,0.9998341762706243,0.9706213779781069,0.9850112313661425,0.9905074606972966,0.9986023180594581,source reported; blank if unsupported,True,0.9958145524790728,52,313,,Any non-benign predicted label
PX080-0039,PX080,UNRAVELED,clean,,ordinary_gate,,False,20260925,,39,px080_context_selector/results/METRICS.json,LateralMovement,35,173,28,0.16184971098265896,0.8,0.2692307692307692,0.17436272139901526,0.9990239032472245,source reported; blank if unsupported,True,0.8,7,0,,Any non-benign predicted label
PX080-0039,PX080,UNRAVELED,clean,,ordinary_gate,,False,20260925,,39,px080_context_selector/results/METRICS.json,DataExfiltration,3442,2641,2313,0.8758046194623249,0.6719930273097037,0.7604800263028111,0.68208325174674,0.9776424728905599,source reported; blank if unsupported,True,0.6792562463683904,1104,25,,Any non-benign predicted label
PX080-0040,PX080,UNRAVELED,clean,,stage_harm_gate,,False,20260925,,40,px080_context_selector/results/METRICS.json,Benign,192193,193170,192027,0.9940829321323187,0.9991362848803026,0.9966032026946022,0.9999743941580076,0.9997172356735499,source reported; blank if unsupported,True,,,,,Any non-benign predicted label
PX080-0040,PX080,UNRAVELED,clean,,stage_harm_gate,,False,20260925,,40,px080_context_selector/results/METRICS.json,OtherAttackStage,12424,12061,12059,0.9998341762706243,0.9706213779781069,0.9850112313661425,0.9906606036235189,0.9986157055318476,source reported; blank if unsupported,True,0.9962974887314875,46,319,,Any non-benign predicted label
PX080-0040,PX080,UNRAVELED,clean,,stage_harm_gate,,False,20260925,,40,px080_context_selector/results/METRICS.json,LateralMovement,35,211,30,0.14218009478672985,0.8571428571428571,0.24390243902439024,0.17408935093785333,0.9993821807413145,source reported; blank if unsupported,True,0.8571428571428572,5,0,,Any non-benign predicted label
PX080-0040,PX080,UNRAVELED,clean,,stage_harm_gate,,False,20260925,,40,px080_context_selector/results/METRICS.json,DataExfiltration,3442,2652,2318,0.8740573152337858,0.673445671121441,0.7607482769937643,0.6859801352897904,0.9762522726324677,source reported; blank if unsupported,True,0.6827425915165601,1092,32,,Any non-benign predicted label
PX080-0041,PX080,UNRAVELED,clean,,context_dropout,,False,20260925,,41,px080_context_selector/results/METRICS.json,Benign,192193,193265,192110,0.9940237497736268,0.9995681424401514,0.9967882363318442,0.9999897010254877,0.9998754627236416,source reported; blank if unsupported,True,,,,,Any non-benign predicted label
PX080-0041,PX080,UNRAVELED,clean,,context_dropout,,False,20260925,,41,px080_context_selector/results/METRICS.json,OtherAttackStage,12424,12062,12060,0.9998341900182391,0.9707018673535094,0.9850526831658907,0.9960434626474242,0.9996727333752562,source reported; blank if unsupported,True,0.996216999356085,47,317,,Any non-benign predicted label
PX080-0041,PX080,UNRAVELED,clean,,context_dropout,,False,20260925,,41,px080_context_selector/results/METRICS.json,LateralMovement,35,123,22,0.17886178861788618,0.6285714285714286,0.27848101265822783,0.21356115139593068,0.9993704395662495,source reported; blank if unsupported,True,0.6285714285714286,13,0,,Any non-benign predicted label
PX080-0041,PX080,UNRAVELED,clean,,context_dropout,,False,20260925,,41,px080_context_selector/results/METRICS.json,DataExfiltration,3442,2644,2320,0.8774583963691377,0.674026728646136,0.7624055208675649,0.8665243156839615,0.9966422947335051,source reported; blank if unsupported,True,0.6818710052295177,1095,27,,Any non-benign predicted label
PX080-0042,PX080,UNRAVELED,missing_half,,current_roles,,False,20260925,,42,px080_context_selector/results/METRICS.json,Benign,192193,193175,192027,0.9940572020188948,0.9991362848803026,0.9965902721554463,0.9999742644528149,0.9997157849498387,source reported; blank if unsupported,True,,,,,Any non-benign predicted label
PX080-0042,PX080,UNRAVELED,missing_half,,current_roles,,False,20260925,,42,px080_context_selector/results/METRICS.json,OtherAttackStage,12424,12027,12026,0.9999168537457388,0.9679652285898261,0.9836816490123104,0.9906604145208617,0.9986115558061919,source reported; blank if unsupported,True,0.9972633612363168,34,364,,Any non-benign predicted label
PX080-0042,PX080,UNRAVELED,missing_half,,current_roles,,False,20260925,,42,px080_context_selector/results/METRICS.json,LateralMovement,35,188,29,0.15425531914893617,0.8285714285714286,0.2600896860986547,0.17138865080241955,0.9990254824696017,source reported; blank if unsupported,True,0.8285714285714285,6,0,,Any non-benign predicted label
PX080-0042,PX080,UNRAVELED,missing_half,,current_roles,,False,20260925,,42,px080_context_selector/results/METRICS.json,DataExfiltration,3442,2704,2324,0.8594674556213018,0.6751888436955259,0.7562642369020501,0.68665641557786,0.9763698117691842,source reported; blank if unsupported,True,0.6780941313190005,1108,10,,Any non-benign predicted label
PX080-0043,PX080,UNRAVELED,missing_half,,context,,False,20260925,,43,px080_context_selector/results/METRICS.json,Benign,192193,199457,192162,0.9634257007776112,0.999838703802948,0.9812945231711988,0.9999830180131015,0.9997947115512531,source reported; blank if unsupported,True,,,,,Any non-benign predicted label
PX080-0043,PX080,UNRAVELED,missing_half,,context,,False,20260925,,43,px080_context_selector/results/METRICS.json,OtherAttackStage,12424,5989,5988,0.9998330272165638,0.4819703799098519,0.6504100363873351,0.9978760934550255,0.9998478318061893,source reported; blank if unsupported,True,0.5049098518995492,6151,285,,Any non-benign predicted label
PX080-0043,PX080,UNRAVELED,missing_half,,context,,False,20260925,,43,px080_context_selector/results/METRICS.json,LateralMovement,35,54,10,0.18518518518518517,0.2857142857142857,0.2247191011235955,0.13264755938986308,0.9960860003309501,source reported; blank if unsupported,True,0.2857142857142857,25,0,,Any non-benign predicted label
PX080-0043,PX080,UNRAVELED,missing_half,,context,,False,20260925,,43,px080_context_selector/results/METRICS.json,DataExfiltration,3442,2594,2309,0.8901310717039321,0.6708309122603138,0.7650762094102055,0.7407400177107558,0.9878946124248186,source reported; blank if unsupported,True,0.6748983149331784,1119,14,,Any non-benign predicted label
PX080-0044,PX080,UNRAVELED,missing_half,,fixed_fusion,,False,20260925,,44,px080_context_selector/results/METRICS.json,Benign,192193,193306,192113,0.993828437813622,0.9995837517495434,0.9966977865052827,0.9999795074249753,0.9997610078707291,source reported; blank if unsupported,True,,,,,Any non-benign predicted label
PX080-0044,PX080,UNRAVELED,missing_half,,fixed_fusion,,False,20260925,,44,px080_context_selector/results/METRICS.json,OtherAttackStage,12424,12037,12036,0.999916922821301,0.9687701223438506,0.9840971342136462,0.9984302051217111,0.999888786899938,source reported; blank if unsupported,True,0.9951706374758532,60,328,,Any non-benign predicted label
PX080-0044,PX080,UNRAVELED,missing_half,,fixed_fusion,,False,20260925,,44,px080_context_selector/results/METRICS.json,LateralMovement,35,103,18,0.17475728155339806,0.5142857142857142,0.2608695652173913,0.18948519279446366,0.9993021896948187,source reported; blank if unsupported,True,0.5142857142857142,17,0,,Any non-benign predicted label
PX080-0044,PX080,UNRAVELED,missing_half,,fixed_fusion,,False,20260925,,44,px080_context_selector/results/METRICS.json,DataExfiltration,3442,2648,2320,0.8761329305135952,0.674026728646136,0.7619047619047619,0.7060037101147292,0.9781461779769556,source reported; blank if unsupported,True,0.6757699012202207,1116,6,,Any non-benign predicted label
PX080-0045,PX080,UNRAVELED,missing_half,,confidence_gate,,False,20260925,,45,px080_context_selector/results/METRICS.json,Benign,192193,193307,192113,0.9938232966214363,0.9995837517495434,0.9966952010376134,0.9999885945964906,0.999864903869898,source reported; blank if unsupported,True,,,,,Any non-benign predicted label
PX080-0045,PX080,UNRAVELED,missing_half,,confidence_gate,,False,20260925,,45,px080_context_selector/results/METRICS.json,OtherAttackStage,12424,12040,12039,0.9999169435215947,0.9690115904700579,0.9842217135382603,0.9943978490440014,0.9994789321785096,source reported; blank if unsupported,True,0.9951706374758532,60,325,,Any non-benign predicted label
PX080-0045,PX080,UNRAVELED,missing_half,,confidence_gate,,False,20260925,,45,px080_context_selector/results/METRICS.json,LateralMovement,35,103,18,0.17475728155339806,0.5142857142857142,0.2608695652173913,0.12429872367337044,0.998072112786689,source reported; blank if unsupported,True,0.5142857142857142,17,0,,Any non-benign predicted label
PX080-0045,PX080,UNRAVELED,missing_half,,confidence_gate,,False,20260925,,45,px080_context_selector/results/METRICS.json,DataExfiltration,3442,2644,2319,0.8770801815431165,0.6737361998837885,0.7620768977982254,0.7428910557111285,0.9881991791328811,source reported; blank if unsupported,True,0.6754793724578734,1117,6,,Any non-benign predicted label
PX080-0046,PX080,UNRAVELED,missing_half,,ordinary_gate,,False,20260925,,46,px080_context_selector/results/METRICS.json,Benign,192193,193250,192056,0.9938214747736093,0.9992871748710931,0.9965468305300654,0.9999733315813368,0.9997043589667767,source reported; blank if unsupported,True,,,,,Any non-benign predicted label
PX080-0046,PX080,UNRAVELED,missing_half,,ordinary_gate,,False,20260925,,46,px080_context_selector/results/METRICS.json,OtherAttackStage,12424,12047,12045,0.9998339835643729,0.9694945267224726,0.9844305504474684,0.9904168116785987,0.9985952008356975,source reported; blank if unsupported,True,0.9942852543464262,71,308,,Any non-benign predicted label
PX080-0046,PX080,UNRAVELED,missing_half,,ordinary_gate,,False,20260925,,46,px080_context_selector/results/METRICS.json,LateralMovement,35,161,26,0.16149068322981366,0.7428571428571429,0.2653061224489796,0.16483066961191128,0.9987995163459815,source reported; blank if unsupported,True,0.7428571428571429,9,0,,Any non-benign predicted label
PX080-0046,PX080,UNRAVELED,missing_half,,ordinary_gate,,False,20260925,,46,px080_context_selector/results/METRICS.json,DataExfiltration,3442,2636,2312,0.8770864946889226,0.6717024985473562,0.7607765712405397,0.6819282010651213,0.9772335702529529,source reported; blank if unsupported,True,0.6763509587449157,1114,16,,Any non-benign predicted label
PX080-0047,PX080,UNRAVELED,missing_half,,stage_harm_gate,,False,20260925,,47,px080_context_selector/results/METRICS.json,Benign,192193,193180,192028,0.9940366497567036,0.9991414879834333,0.9965825317290002,0.9999743397712967,0.999716619193687,source reported; blank if unsupported,True,,,,,Any non-benign predicted label
PX080-0047,PX080,UNRAVELED,missing_half,,stage_harm_gate,,False,20260925,,47,px080_context_selector/results/METRICS.json,OtherAttackStage,12424,12047,12045,0.9998339835643729,0.9694945267224726,0.9844305504474684,0.9906322348488683,0.9986114871102972,source reported; blank if unsupported,True,0.9961365099806826,48,331,,Any non-benign predicted label
PX080-0047,PX080,UNRAVELED,missing_half,,stage_harm_gate,,False,20260925,,47,px080_context_selector/results/METRICS.json,LateralMovement,35,203,30,0.1477832512315271,0.8571428571428571,0.25210084033613445,0.188842672108643,0.9993400223700283,source reported; blank if unsupported,True,0.8571428571428572,5,0,,Any non-benign predicted label
PX080-0047,PX080,UNRAVELED,missing_half,,stage_harm_gate,,False,20260925,,47,px080_context_selector/results/METRICS.json,DataExfiltration,3442,2664,2319,0.8704954954954955,0.6737361998837885,0.7595807402554864,0.6860371276024297,0.976319954596356,source reported; blank if unsupported,True,0.6807088901801278,1099,24,,Any non-benign predicted label
PX080-0048,PX080,UNRAVELED,missing_half,,context_dropout,,False,20260925,,48,px080_context_selector/results/METRICS.json,Benign,192193,193241,192087,0.9940281824250548,0.999448471068145,0.996730957829356,0.9999872089758055,0.9998462578081881,source reported; blank if unsupported,True,,,,,Any non-benign predicted label
PX080-0048,PX080,UNRAVELED,missing_half,,context_dropout,,False,20260925,,48,px080_context_selector/results/METRICS.json,OtherAttackStage,12424,12059,12057,0.9998341487685546,0.970460399227302,0.9849283176081363,0.9950757862715807,0.9995581570558285,source reported; blank if unsupported,True,0.9966999356084997,41,326,,Any non-benign predicted label
PX080-0048,PX080,UNRAVELED,missing_half,,context_dropout,,False,20260925,,48,px080_context_selector/results/METRICS.json,LateralMovement,35,132,22,0.16666666666666666,0.6285714285714286,0.2634730538922156,0.20035474875854697,0.999181344852044,source reported; blank if unsupported,True,0.6285714285714286,13,0,,Any non-benign predicted label
PX080-0048,PX080,UNRAVELED,missing_half,,context_dropout,,False,20260925,,48,px080_context_selector/results/METRICS.json,DataExfiltration,3442,2662,2322,0.8722764838467317,0.674607786170831,0.7608125819134993,0.7458002406032658,0.9859490178835407,source reported; blank if unsupported,True,0.6804183614177803,1100,20,,Any non-benign predicted label
PX080-0049,PX080,UNRAVELED,missing_all,,current_roles,,False,20260925,,49,px080_context_selector/results/METRICS.json,Benign,192193,193175,192027,0.9940572020188948,0.9991362848803026,0.9965902721554463,0.9999742644528149,0.9997157849498387,source reported; blank if unsupported,True,,,,,Any non-benign predicted label
PX080-0049,PX080,UNRAVELED,missing_all,,current_roles,,False,20260925,,49,px080_context_selector/results/METRICS.json,OtherAttackStage,12424,12027,12026,0.9999168537457388,0.9679652285898261,0.9836816490123104,0.9906604145208617,0.9986115558061919,source reported; blank if unsupported,True,0.9972633612363168,34,364,,Any non-benign predicted label
PX080-0049,PX080,UNRAVELED,missing_all,,current_roles,,False,20260925,,49,px080_context_selector/results/METRICS.json,LateralMovement,35,188,29,0.15425531914893617,0.8285714285714286,0.2600896860986547,0.17138865080241955,0.9990254824696017,source reported; blank if unsupported,True,0.8285714285714285,6,0,,Any non-benign predicted label
PX080-0049,PX080,UNRAVELED,missing_all,,current_roles,,False,20260925,,49,px080_context_selector/results/METRICS.json,DataExfiltration,3442,2704,2324,0.8594674556213018,0.6751888436955259,0.7562642369020501,0.68665641557786,0.9763698117691842,source reported; blank if unsupported,True,0.6780941313190005,1108,10,,Any non-benign predicted label
PX080-0050,PX080,UNRAVELED,missing_all,,context,,False,20260925,,50,px080_context_selector/results/METRICS.json,Benign,192193,205517,192193,0.9351683802313191,1.0,0.9664982022076387,0.999986188665778,0.9998373599161133,source reported; blank if unsupported,True,,,,,Any non-benign predicted label
PX080-0050,PX080,UNRAVELED,missing_all,,context,,False,20260925,,50,px080_context_selector/results/METRICS.json,OtherAttackStage,12424,0,0,0.0,0.0,0.0,0.9971681021073319,0.9997834917249501,source reported; blank if unsupported,True,0.0217321313586607,12154,270,,Any non-benign predicted label
PX080-0050,PX080,UNRAVELED,missing_all,,context,,False,20260925,,50,px080_context_selector/results/METRICS.json,LateralMovement,35,0,0,0.0,0.0,0.0,0.1510705642609351,0.9927986772982663,source reported; blank if unsupported,True,0.0,35,0,,Any non-benign predicted label
PX080-0050,PX080,UNRAVELED,missing_all,,context,,False,20260925,,50,px080_context_selector/results/METRICS.json,DataExfiltration,3442,2577,2307,0.8952270081490105,0.6702498547356188,0.766572520352218,0.6945109753450417,0.9787476830468906,source reported; blank if unsupported,True,0.6702498547356188,1135,0,,Any non-benign predicted label
PX080-0051,PX080,UNRAVELED,missing_all,,fixed_fusion,,False,20260925,,51,px080_context_selector/results/METRICS.json,Benign,192193,193368,192146,0.9936804435066816,0.9997554541528567,0.9967086920098246,0.9999793210722697,0.9997658117671544,source reported; blank if unsupported,True,,,,,Any non-benign predicted label
PX080-0051,PX080,UNRAVELED,missing_all,,fixed_fusion,,False,20260925,,51,px080_context_selector/results/METRICS.json,OtherAttackStage,12424,12011,12011,1.0,0.9667578879587895,0.9830980151422141,0.9981325699132165,0.9998652034347881,source reported; blank if unsupported,True,0.9940437862202189,74,339,,Any non-benign predicted label
PX080-0051,PX080,UNRAVELED,missing_all,,fixed_fusion,,False,20260925,,51,px080_context_selector/results/METRICS.json,LateralMovement,35,56,9,0.16071428571428573,0.2571428571428571,0.1978021978021978,0.15813642496555588,0.9990052958879109,source reported; blank if unsupported,True,0.2571428571428571,26,0,,Any non-benign predicted label
PX080-0051,PX080,UNRAVELED,missing_all,,fixed_fusion,,False,20260925,,51,px080_context_selector/results/METRICS.json,DataExfiltration,3442,2659,2320,0.8725084618277548,0.674026728646136,0.7605310604818882,0.6956815439308378,0.9776698709118297,source reported; blank if unsupported,True,0.6740267286461359,1122,0,,Any non-benign predicted label
PX080-0052,PX080,UNRAVELED,missing_all,,confidence_gate,,False,20260925,,52,px080_context_selector/results/METRICS.json,Benign,192193,193375,192146,0.9936444731738849,0.9997554541528567,0.9966905967300191,0.9999881864094257,0.9998594129779992,source reported; blank if unsupported,True,,,,,Any non-benign predicted label
PX080-0052,PX080,UNRAVELED,missing_all,,confidence_gate,,False,20260925,,52,px080_context_selector/results/METRICS.json,OtherAttackStage,12424,12012,12012,1.0,0.9668383773341919,0.9831396300540186,0.9942663516575677,0.9994672721816246,source reported; blank if unsupported,True,0.9935608499678042,80,332,,Any non-benign predicted label
PX080-0052,PX080,UNRAVELED,missing_all,,confidence_gate,,False,20260925,,52,px080_context_selector/results/METRICS.json,LateralMovement,35,56,9,0.16071428571428573,0.2571428571428571,0.1978021978021978,0.15870357924081044,0.998811875477629,source reported; blank if unsupported,True,0.2571428571428571,26,0,,Any non-benign predicted label
PX080-0052,PX080,UNRAVELED,missing_all,,confidence_gate,,False,20260925,,52,px080_context_selector/results/METRICS.json,DataExfiltration,3442,2651,2319,0.8747642399094682,0.6737361998837885,0.7612013786312162,0.6909689530307528,0.9790327774909697,source reported; blank if unsupported,True,0.6737361998837885,1123,0,,Any non-benign predicted label
PX080-0053,PX080,UNRAVELED,missing_all,,ordinary_gate,,False,20260925,,53,px080_context_selector/results/METRICS.json,Benign,192193,193291,192053,0.9935951492826878,0.999271565561701,0.9964252731630885,0.9999717293987758,0.9996850102031001,source reported; blank if unsupported,True,,,,,Any non-benign predicted label
PX080-0053,PX080,UNRAVELED,missing_all,,ordinary_gate,,False,20260925,,53,px080_context_selector/results/METRICS.json,OtherAttackStage,12424,12027,12026,0.9999168537457388,0.9679652285898261,0.9836816490123104,0.9903867689506662,0.9985912534955514,source reported; blank if unsupported,True,0.9921925305859627,97,301,,Any non-benign predicted label
PX080-0053,PX080,UNRAVELED,missing_all,,ordinary_gate,,False,20260925,,53,px080_context_selector/results/METRICS.json,LateralMovement,35,148,25,0.16891891891891891,0.7142857142857143,0.273224043715847,0.16665696575424993,0.9988165444829179,source reported; blank if unsupported,True,0.7142857142857143,10,0,,Any non-benign predicted label
PX080-0053,PX080,UNRAVELED,missing_all,,ordinary_gate,,False,20260925,,53,px080_context_selector/results/METRICS.json,DataExfiltration,3442,2628,2311,0.8793759512937596,0.6714119697850087,0.7614497528830313,0.6866549356380515,0.9768646867982056,source reported; blank if unsupported,True,0.6714119697850087,1131,0,,Any non-benign predicted label
PX080-0054,PX080,UNRAVELED,missing_all,,stage_harm_gate,,False,20260925,,54,px080_context_selector/results/METRICS.json,Benign,192193,193208,192029,0.9938977682083557,0.9991466910865641,0.9965153178118376,0.9999741376533724,0.9997142388419026,source reported; blank if unsupported,True,,,,,Any non-benign predicted label
PX080-0054,PX080,UNRAVELED,missing_all,,stage_harm_gate,,False,20260925,,54,px080_context_selector/results/METRICS.json,OtherAttackStage,12424,12027,12026,0.9999168537457388,0.9679652285898261,0.9836816490123104,0.9906429900654037,0.9986102452366101,source reported; blank if unsupported,True,0.9954121056020605,57,341,,Any non-benign predicted label
PX080-0054,PX080,UNRAVELED,missing_all,,stage_harm_gate,,False,20260925,,54,px080_context_selector/results/METRICS.json,LateralMovement,35,188,29,0.15425531914893617,0.8285714285714286,0.2600896860986547,0.17145839691574336,0.9990264437353965,source reported; blank if unsupported,True,0.8285714285714285,6,0,,Any non-benign predicted label
PX080-0054,PX080,UNRAVELED,missing_all,,stage_harm_gate,,False,20260925,,54,px080_context_selector/results/METRICS.json,DataExfiltration,3442,2671,2316,0.8670909771621116,0.6728646135967461,0.7577294290855554,0.6860404353001626,0.9763360644823826,source reported; blank if unsupported,True,0.6757699012202207,1116,10,,Any non-benign predicted label
PX080-0055,PX080,UNRAVELED,missing_all,,context_dropout,,False,20260925,,55,px080_context_selector/results/METRICS.json,Benign,192193,193231,192077,0.994027873374355,0.9993964400368379,0.9967049275602973,0.9999859688540944,0.9998322405809472,source reported; blank if unsupported,True,,,,,Any non-benign predicted label
PX080-0055,PX080,UNRAVELED,missing_all,,context_dropout,,False,20260925,,55,px080_context_selector/results/METRICS.json,OtherAttackStage,12424,12053,12052,0.9999170331037915,0.9700579523502898,0.9847612043959636,0.9940411873352702,0.9994155583646738,source reported; blank if unsupported,True,0.9973438506117193,33,339,,Any non-benign predicted label
PX080-0055,PX080,UNRAVELED,missing_all,,context_dropout,,False,20260925,,55,px080_context_selector/results/METRICS.json,LateralMovement,35,126,22,0.1746031746031746,0.6285714285714286,0.2732919254658385,0.19896449880611186,0.9991324576201942,source reported; blank if unsupported,True,0.6285714285714286,13,0,,Any non-benign predicted label
PX080-0055,PX080,UNRAVELED,missing_all,,context_dropout,,False,20260925,,55,px080_context_selector/results/METRICS.json,DataExfiltration,3442,2684,2324,0.8658718330849479,0.6751888436955259,0.7587332680378713,0.6890638748319772,0.9752710403146576,source reported; blank if unsupported,True,0.6780941313190005,1108,10,,Any non-benign predicted label
PX080-0056,PX080,UNRAVELED,stale_5min,,current_roles,,False,20260925,,56,px080_context_selector/results/METRICS.json,Benign,192193,193175,192027,0.9940572020188948,0.9991362848803026,0.9965902721554463,0.9999742644528149,0.9997157849498387,source reported; blank if unsupported,True,,,,,Any non-benign predicted label
PX080-0056,PX080,UNRAVELED,stale_5min,,current_roles,,False,20260925,,56,px080_context_selector/results/METRICS.json,OtherAttackStage,12424,12027,12026,0.9999168537457388,0.9679652285898261,0.9836816490123104,0.9906604145208617,0.9986115558061919,source reported; blank if unsupported,True,0.9972633612363168,34,364,,Any non-benign predicted label
PX080-0056,PX080,UNRAVELED,stale_5min,,current_roles,,False,20260925,,56,px080_context_selector/results/METRICS.json,LateralMovement,35,188,29,0.15425531914893617,0.8285714285714286,0.2600896860986547,0.17138865080241955,0.9990254824696017,source reported; blank if unsupported,True,0.8285714285714285,6,0,,Any non-benign predicted label
PX080-0056,PX080,UNRAVELED,stale_5min,,current_roles,,False,20260925,,56,px080_context_selector/results/METRICS.json,DataExfiltration,3442,2704,2324,0.8594674556213018,0.6751888436955259,0.7562642369020501,0.68665641557786,0.9763698117691842,source reported; blank if unsupported,True,0.6780941313190005,1108,10,,Any non-benign predicted label
PX080-0057,PX080,UNRAVELED,stale_5min,,context,,False,20260925,,57,px080_context_selector/results/METRICS.json,Benign,192193,193345,192149,0.9938141663865112,0.9997710634622489,0.9967837152239208,0.9999899308495019,0.9998797595948296,source reported; blank if unsupported,True,,,,,Any non-benign predicted label
PX080-0057,PX080,UNRAVELED,stale_5min,,context,,False,20260925,,57,px080_context_selector/results/METRICS.json,OtherAttackStage,12424,12041,12040,0.9999169504194004,0.9690920798454604,0.9842632331902719,0.9989540201005318,0.9999256050199636,source reported; blank if unsupported,True,0.9940437862202189,74,310,,Any non-benign predicted label
PX080-0057,PX080,UNRAVELED,stale_5min,,context,,False,20260925,,57,px080_context_selector/results/METRICS.json,LateralMovement,35,84,8,0.09523809523809523,0.22857142857142856,0.13445378151260504,0.09656548273460888,0.9971071392523961,source reported; blank if unsupported,True,0.22857142857142854,27,0,,Any non-benign predicted label
PX080-0057,PX080,UNRAVELED,stale_5min,,context,,False,20260925,,57,px080_context_selector/results/METRICS.json,DataExfiltration,3442,2624,2314,0.881859756097561,0.6722835560720511,0.7629409825255523,0.9062260472399111,0.9970770387753543,source reported; blank if unsupported,True,0.6818710052295177,1095,33,,Any non-benign predicted label
PX080-0058,PX080,UNRAVELED,stale_5min,,fixed_fusion,,False,20260925,,58,px080_context_selector/results/METRICS.json,Benign,192193,193256,192089,0.9939613776545101,0.9994588772744064,0.9967025468998493,0.9999881883452629,0.9998609854270335,source reported; blank if unsupported,True,,,,,Any non-benign predicted label
PX080-0058,PX080,UNRAVELED,stale_5min,,fixed_fusion,,False,20260925,,58,px080_context_selector/results/METRICS.json,OtherAttackStage,12424,12055,12054,0.9999170468685192,0.9702189311010947,0.9848441521303974,0.9987703707214739,0.9999095797486279,source reported; blank if unsupported,True,0.9964584674822924,44,326,,Any non-benign predicted label
PX080-0058,PX080,UNRAVELED,stale_5min,,fixed_fusion,,False,20260925,,58,px080_context_selector/results/METRICS.json,LateralMovement,35,135,18,0.13333333333333333,0.5142857142857142,0.21176470588235294,0.1497168879969454,0.9991919874376293,source reported; blank if unsupported,True,0.5142857142857142,17,0,,Any non-benign predicted label
PX080-0058,PX080,UNRAVELED,stale_5min,,fixed_fusion,,False,20260925,,58,px080_context_selector/results/METRICS.json,DataExfiltration,3442,2648,2321,0.8765105740181269,0.6743172574084835,0.7622331691297208,0.7314230060650954,0.9793738405864938,source reported; blank if unsupported,True,0.6786751888436955,1106,15,,Any non-benign predicted label
PX080-0059,PX080,UNRAVELED,stale_5min,,confidence_gate,,False,20260925,,59,px080_context_selector/results/METRICS.json,Benign,192193,193252,192086,0.9939664272556041,0.9994432679650144,0.9966973238724072,0.999985140651432,0.9998274680975082,source reported; blank if unsupported,True,,,,,Any non-benign predicted label
PX080-0059,PX080,UNRAVELED,stale_5min,,confidence_gate,,False,20260925,,59,px080_context_selector/results/METRICS.json,OtherAttackStage,12424,12055,12054,0.9999170468685192,0.9702189311010947,0.9848441521303974,0.9938097901640937,0.9993662783157484,source reported; blank if unsupported,True,0.9965389568576948,43,327,,Any non-benign predicted label
PX080-0059,PX080,UNRAVELED,stale_5min,,confidence_gate,,False,20260925,,59,px080_context_selector/results/METRICS.json,LateralMovement,35,139,18,0.12949640287769784,0.5142857142857142,0.20689655172413793,0.10754376068013759,0.9974783251728734,source reported; blank if unsupported,True,0.5142857142857142,17,0,,Any non-benign predicted label
PX080-0059,PX080,UNRAVELED,stale_5min,,confidence_gate,,False,20260925,,59,px080_context_selector/results/METRICS.json,DataExfiltration,3442,2648,2321,0.8765105740181269,0.6743172574084835,0.7622331691297208,0.8950490236015914,0.9970648165279322,source reported; blank if unsupported,True,0.6786751888436955,1106,15,,Any non-benign predicted label
PX080-0060,PX080,UNRAVELED,stale_5min,,ordinary_gate,,False,20260925,,60,px080_context_selector/results/METRICS.json,Benign,192193,193210,192049,0.9939909942549557,0.9992507531491782,0.9966139339859835,0.9999757759507326,0.9997339643978095,source reported; blank if unsupported,True,,,,,Any non-benign predicted label
PX080-0060,PX080,UNRAVELED,stale_5min,,ordinary_gate,,False,20260925,,60,px080_context_selector/results/METRICS.json,OtherAttackStage,12424,12062,12060,0.9998341900182391,0.9707018673535094,0.9850526831658907,0.990688296794169,0.9986144019552613,source reported; blank if unsupported,True,0.995492594977463,56,308,,Any non-benign predicted label
PX080-0060,PX080,UNRAVELED,stale_5min,,ordinary_gate,,False,20260925,,60,px080_context_selector/results/METRICS.json,LateralMovement,35,191,27,0.14136125654450263,0.7714285714285715,0.23893805309734514,0.1483814939431421,0.9982875736484088,source reported; blank if unsupported,True,0.7714285714285715,8,0,,Any non-benign predicted label
PX080-0060,PX080,UNRAVELED,stale_5min,,ordinary_gate,,False,20260925,,60,px080_context_selector/results/METRICS.json,DataExfiltration,3442,2631,2315,0.8798935765868491,0.6725740848343986,0.7623909105878478,0.6854030498825266,0.9762015863995901,source reported; blank if unsupported,True,0.6812899477048228,1097,30,,Any non-benign predicted label
PX080-0061,PX080,UNRAVELED,stale_5min,,stage_harm_gate,,False,20260925,,61,px080_context_selector/results/METRICS.json,Benign,192193,193153,192025,0.9941600699963241,0.9991258786740412,0.996636788756079,0.999973097547348,0.9997015674648078,source reported; blank if unsupported,True,,,,,Any non-benign predicted label
PX080-0061,PX080,UNRAVELED,stale_5min,,stage_harm_gate,,False,20260925,,61,px080_context_selector/results/METRICS.json,OtherAttackStage,12424,12062,12060,0.9998341900182391,0.9707018673535094,0.9850526831658907,0.9907220172826527,0.9986174492557824,source reported; blank if unsupported,True,0.9963779781068899,45,319,,Any non-benign predicted label
PX080-0061,PX080,UNRAVELED,stale_5min,,stage_harm_gate,,False,20260925,,61,px080_context_selector/results/METRICS.json,LateralMovement,35,223,29,0.13004484304932734,0.8285714285714286,0.2248062015503876,0.16630592509207395,0.9989674632127014,source reported; blank if unsupported,True,0.8285714285714285,6,0,,Any non-benign predicted label
PX080-0061,PX080,UNRAVELED,stale_5min,,stage_harm_gate,,False,20260925,,61,px080_context_selector/results/METRICS.json,DataExfiltration,3442,2656,2322,0.8742469879518072,0.674607786170831,0.7615611675959331,0.6860150312246784,0.9761808726749679,source reported; blank if unsupported,True,0.6871005229517722,1077,43,,Any non-benign predicted label
PX080-0062,PX080,UNRAVELED,stale_5min,,context_dropout,,False,20260925,,62,px080_context_selector/results/METRICS.json,Benign,192193,193261,192104,0.9940132773813651,0.999536923821367,0.996767448255823,0.9999884615470747,0.9998609932802801,source reported; blank if unsupported,True,,,,,Any non-benign predicted label
PX080-0062,PX080,UNRAVELED,stale_5min,,context_dropout,,False,20260925,,62,px080_context_selector/results/METRICS.json,OtherAttackStage,12424,12063,12061,0.9998342037635746,0.9707823567289118,0.985094131580022,0.9959787402466955,0.9996623263585801,source reported; blank if unsupported,True,0.9962974887314875,46,317,,Any non-benign predicted label
PX080-0062,PX080,UNRAVELED,stale_5min,,context_dropout,,False,20260925,,62,px080_context_selector/results/METRICS.json,LateralMovement,35,124,19,0.1532258064516129,0.5428571428571428,0.2389937106918239,0.15660514133893366,0.9989568892889585,source reported; blank if unsupported,True,0.5428571428571429,16,0,,Any non-benign predicted label
PX080-0062,PX080,UNRAVELED,stale_5min,,context_dropout,,False,20260925,,62,px080_context_selector/results/METRICS.json,DataExfiltration,3442,2646,2319,0.8764172335600907,0.6737361998837885,0.761826544021025,0.8405423894448384,0.9952424232911905,source reported; blank if unsupported,True,0.6818710052295177,1095,28,,Any non-benign predicted label
PX080-0063,PX080,UNRAVELED,wrong_host,,current_roles,,False,20260925,,63,px080_context_selector/results/METRICS.json,Benign,192193,193175,192027,0.9940572020188948,0.9991362848803026,0.9965902721554463,0.9999742644528149,0.9997157849498387,source reported; blank if unsupported,True,,,,,Any non-benign predicted label
PX080-0063,PX080,UNRAVELED,wrong_host,,current_roles,,False,20260925,,63,px080_context_selector/results/METRICS.json,OtherAttackStage,12424,12027,12026,0.9999168537457388,0.9679652285898261,0.9836816490123104,0.9906604145208617,0.9986115558061919,source reported; blank if unsupported,True,0.9972633612363168,34,364,,Any non-benign predicted label
PX080-0063,PX080,UNRAVELED,wrong_host,,current_roles,,False,20260925,,63,px080_context_selector/results/METRICS.json,LateralMovement,35,188,29,0.15425531914893617,0.8285714285714286,0.2600896860986547,0.17138865080241955,0.9990254824696017,source reported; blank if unsupported,True,0.8285714285714285,6,0,,Any non-benign predicted label
PX080-0063,PX080,UNRAVELED,wrong_host,,current_roles,,False,20260925,,63,px080_context_selector/results/METRICS.json,DataExfiltration,3442,2704,2324,0.8594674556213018,0.6751888436955259,0.7562642369020501,0.68665641557786,0.9763698117691842,source reported; blank if unsupported,True,0.6780941313190005,1108,10,,Any non-benign predicted label
PX080-0064,PX080,UNRAVELED,wrong_host,,context,,False,20260925,,64,px080_context_selector/results/METRICS.json,Benign,192193,204472,192193,0.9399477679095426,1.0,0.9690444077496124,0.9999814601195166,0.9997836469811467,source reported; blank if unsupported,True,,,,,Any non-benign predicted label
PX080-0064,PX080,UNRAVELED,wrong_host,,context,,False,20260925,,64,px080_context_selector/results/METRICS.json,OtherAttackStage,12424,929,929,1.0,0.07477462974887315,0.1391447614768217,0.9971861129389118,0.9997696194734482,source reported; blank if unsupported,True,0.10576303927881525,11110,385,,Any non-benign predicted label
PX080-0064,PX080,UNRAVELED,wrong_host,,context,,False,20260925,,64,px080_context_selector/results/METRICS.json,LateralMovement,35,0,0,0.0,0.0,0.0,0.1350170872736246,0.9927548710427605,source reported; blank if unsupported,True,0.0,35,0,,Any non-benign predicted label
PX080-0064,PX080,UNRAVELED,wrong_host,,context,,False,20260925,,64,px080_context_selector/results/METRICS.json,DataExfiltration,3442,2693,2308,0.8570367619754921,0.6705403834979663,0.7524042379788101,0.6901110040110099,0.9779365492917141,source reported; blank if unsupported,True,0.6705403834979663,1134,0,,Any non-benign predicted label
PX080-0065,PX080,UNRAVELED,wrong_host,,fixed_fusion,,False,20260925,,65,px080_context_selector/results/METRICS.json,Benign,192193,193359,192139,0.9936904928138851,0.9997190324309418,0.9966956467610076,0.999977954230677,0.9997519622394514,source reported; blank if unsupported,True,,,,,Any non-benign predicted label
PX080-0065,PX080,UNRAVELED,wrong_host,,fixed_fusion,,False,20260925,,65,px080_context_selector/results/METRICS.json,OtherAttackStage,12424,12005,12005,1.0,0.9662749517063748,0.9828482541241966,0.9982098222469784,0.9998704578480181,source reported; blank if unsupported,True,0.9940437862202189,74,345,,Any non-benign predicted label
PX080-0065,PX080,UNRAVELED,wrong_host,,fixed_fusion,,False,20260925,,65,px080_context_selector/results/METRICS.json,LateralMovement,35,64,10,0.15625,0.2857142857142857,0.20202020202020202,0.14973408721988535,0.9989932114036335,source reported; blank if unsupported,True,0.2857142857142857,25,0,,Any non-benign predicted label
PX080-0065,PX080,UNRAVELED,wrong_host,,fixed_fusion,,False,20260925,,65,px080_context_selector/results/METRICS.json,DataExfiltration,3442,2666,2321,0.8705926481620405,0.6743172574084835,0.7599869024230518,0.6905204860622602,0.9771030231072779,source reported; blank if unsupported,True,0.6743172574084835,1121,0,,Any non-benign predicted label
PX080-0066,PX080,UNRAVELED,wrong_host,,confidence_gate,,False,20260925,,66,px080_context_selector/results/METRICS.json,Benign,192193,193365,192138,0.9936544876270266,0.999713829327811,0.9966749490349053,0.9999862820687586,0.9998382504415627,source reported; blank if unsupported,True,,,,,Any non-benign predicted label
PX080-0066,PX080,UNRAVELED,wrong_host,,confidence_gate,,False,20260925,,66,px080_context_selector/results/METRICS.json,OtherAttackStage,12424,12009,12009,1.0,0.9665969092079846,0.9830147750992511,0.9938349603309787,0.9994021676014628,source reported; blank if unsupported,True,0.9935608499678042,80,335,,Any non-benign predicted label
PX080-0066,PX080,UNRAVELED,wrong_host,,confidence_gate,,False,20260925,,66,px080_context_selector/results/METRICS.json,LateralMovement,35,65,10,0.15384615384615385,0.2857142857142857,0.2,0.1539110506300437,0.9987654600721086,source reported; blank if unsupported,True,0.2857142857142857,25,0,,Any non-benign predicted label
PX080-0066,PX080,UNRAVELED,wrong_host,,confidence_gate,,False,20260925,,66,px080_context_selector/results/METRICS.json,DataExfiltration,3442,2655,2320,0.8738229755178908,0.674026728646136,0.761030014761358,0.6892630610958386,0.9789579384958509,source reported; blank if unsupported,True,0.6740267286461359,1122,0,,Any non-benign predicted label
PX080-0067,PX080,UNRAVELED,wrong_host,,ordinary_gate,,False,20260925,,67,px080_context_selector/results/METRICS.json,Benign,192193,193295,192057,0.9935952818231201,0.9992923779742239,0.9964356867139833,0.9999719027227301,0.9996871114374095,source reported; blank if unsupported,True,,,,,Any non-benign predicted label
PX080-0067,PX080,UNRAVELED,wrong_host,,ordinary_gate,,False,20260925,,67,px080_context_selector/results/METRICS.json,OtherAttackStage,12424,12027,12026,0.9999168537457388,0.9679652285898261,0.9836816490123104,0.9904093090619588,0.998593087717072,source reported; blank if unsupported,True,0.9921925305859627,97,301,,Any non-benign predicted label
PX080-0067,PX080,UNRAVELED,wrong_host,,ordinary_gate,,False,20260925,,67,px080_context_selector/results/METRICS.json,LateralMovement,35,148,24,0.16216216216216217,0.6857142857142857,0.26229508196721313,0.1557063352177383,0.9987133457336621,source reported; blank if unsupported,True,0.6857142857142857,11,0,,Any non-benign predicted label
PX080-0067,PX080,UNRAVELED,wrong_host,,ordinary_gate,,False,20260925,,67,px080_context_selector/results/METRICS.json,DataExfiltration,3442,2624,2312,0.8810975609756098,0.6717024985473562,0.7622815694032311,0.6850056073972212,0.9768564274294268,source reported; blank if unsupported,True,0.6717024985473562,1130,0,,Any non-benign predicted label
PX080-0068,PX080,UNRAVELED,wrong_host,,stage_harm_gate,,False,20260925,,68,px080_context_selector/results/METRICS.json,Benign,192193,193210,192029,0.9938874799441023,0.9991466910865641,0.9965101465219524,0.9999741245700287,0.9997140788320019,source reported; blank if unsupported,True,,,,,Any non-benign predicted label
PX080-0068,PX080,UNRAVELED,wrong_host,,stage_harm_gate,,False,20260925,,68,px080_context_selector/results/METRICS.json,OtherAttackStage,12424,12027,12026,0.9999168537457388,0.9679652285898261,0.9836816490123104,0.9906483009945188,0.9986105952977258,source reported; blank if unsupported,True,0.9951706374758532,60,338,,Any non-benign predicted label
PX080-0068,PX080,UNRAVELED,wrong_host,,stage_harm_gate,,False,20260925,,68,px080_context_selector/results/METRICS.json,LateralMovement,35,188,29,0.15425531914893617,0.8285714285714286,0.2600896860986547,0.17145839691574336,0.9990264437353965,source reported; blank if unsupported,True,0.8285714285714285,6,0,,Any non-benign predicted label
PX080-0068,PX080,UNRAVELED,wrong_host,,stage_harm_gate,,False,20260925,,68,px080_context_selector/results/METRICS.json,DataExfiltration,3442,2669,2317,0.8681153990258523,0.6731551423590936,0.7583046964490263,0.6860533356247713,0.9763347768839841,source reported; blank if unsupported,True,0.6760604299825683,1115,10,,Any non-benign predicted label
PX080-0069,PX080,UNRAVELED,wrong_host,,context_dropout,,False,20260925,,69,px080_context_selector/results/METRICS.json,Benign,192193,193235,192079,0.9940176469066163,0.9994068462430994,0.9967049617568002,0.9999851895398417,0.9998230964568676,source reported; blank if unsupported,True,,,,,Any non-benign predicted label
PX080-0069,PX080,UNRAVELED,wrong_host,,context_dropout,,False,20260925,,69,px080_context_selector/results/METRICS.json,OtherAttackStage,12424,12038,12037,0.9999169297225453,0.968850611719253,0.9841386640503639,0.9940661745877934,0.9994179688912739,source reported; blank if unsupported,True,0.9971828718609144,35,352,,Any non-benign predicted label
PX080-0069,PX080,UNRAVELED,wrong_host,,context_dropout,,False,20260925,,69,px080_context_selector/results/METRICS.json,LateralMovement,35,124,22,0.1774193548387097,0.6285714285714286,0.27672955974842767,0.18263656394277242,0.9989143189466175,source reported; blank if unsupported,True,0.6285714285714286,13,0,,Any non-benign predicted label
PX080-0069,PX080,UNRAVELED,wrong_host,,context_dropout,,False,20260925,,69,px080_context_selector/results/METRICS.json,DataExfiltration,3442,2697,2324,0.8616981831664813,0.6751888436955259,0.7571265678449259,0.6870197511169409,0.9753913597837485,source reported; blank if unsupported,True,0.6780941313190005,1108,10,,Any non-benign predicted label
PX080-0070,PX080,UNRAVELED,clean,,current_roles,,False,20260926,,70,px080_context_selector/results/METRICS.json,Benign,192193,193227,192058,0.9939501208423254,0.9992975810773546,0.9966166779098127,0.9999807715965903,0.9997737836305607,source reported; blank if unsupported,True,,,,,Any non-benign predicted label
PX080-0070,PX080,UNRAVELED,clean,,current_roles,,False,20260926,,70,px080_context_selector/results/METRICS.json,OtherAttackStage,12424,12023,12023,1.0,0.9677237604636189,0.9835971693868368,0.9914207553301253,0.9988596450648491,source reported; blank if unsupported,True,0.9966999356084997,41,360,,Any non-benign predicted label
PX080-0070,PX080,UNRAVELED,clean,,current_roles,,False,20260926,,70,px080_context_selector/results/METRICS.json,LateralMovement,35,155,27,0.17419354838709677,0.7714285714285715,0.28421052631578947,0.18909946052278045,0.9988676288937273,source reported; blank if unsupported,True,0.7714285714285715,8,0,,Any non-benign predicted label
PX080-0070,PX080,UNRAVELED,clean,,current_roles,,False,20260926,,70,px080_context_selector/results/METRICS.json,DataExfiltration,3442,2689,2322,0.863518036444775,0.674607786170831,0.757462077964443,0.678656615417503,0.9710237600035607,source reported; blank if unsupported,True,0.6746077861708308,1120,0,,Any non-benign predicted label
PX080-0071,PX080,UNRAVELED,clean,,context,,False,20260926,,71,px080_context_selector/results/METRICS.json,Benign,192193,193354,192142,0.9937317045419283,0.9997346417403339,0.9967241348006858,0.999991124224365,0.9998923254439224,source reported; blank if unsupported,True,,,,,Any non-benign predicted label
PX080-0071,PX080,UNRAVELED,clean,,context,,False,20260926,,71,px080_context_selector/results/METRICS.json,OtherAttackStage,12424,12049,12048,0.9999170055606275,0.96973599484868,0.9845952682548115,0.9991110916332131,0.9999386895311175,source reported; blank if unsupported,True,0.9934803605924019,81,295,,Any non-benign predicted label
PX080-0071,PX080,UNRAVELED,clean,,context,,False,20260926,,71,px080_context_selector/results/METRICS.json,LateralMovement,35,81,17,0.20987654320987653,0.4857142857142857,0.29310344827586204,0.2042903474735408,0.9990337905525424,source reported; blank if unsupported,True,0.48571428571428577,18,0,,Any non-benign predicted label
PX080-0071,PX080,UNRAVELED,clean,,context,,False,20260926,,71,px080_context_selector/results/METRICS.json,DataExfiltration,3442,2610,2315,0.8869731800766284,0.6725740848343986,0.7650363516192994,0.864880030532423,0.9962570905786604,source reported; blank if unsupported,True,0.6766414875072633,1113,14,,Any non-benign predicted label
PX080-0072,PX080,UNRAVELED,clean,,fixed_fusion,,False,20260926,,72,px080_context_selector/results/METRICS.json,Benign,192193,193317,192127,0.9938443075363264,0.9996565951933734,0.9967419781588026,0.9999912817767701,0.9998944009915707,source reported; blank if unsupported,True,,,,,Any non-benign predicted label
PX080-0072,PX080,UNRAVELED,clean,,fixed_fusion,,False,20260926,,72,px080_context_selector/results/METRICS.json,OtherAttackStage,12424,12055,12054,0.9999170468685192,0.9702189311010947,0.9848441521303974,0.9989069150960634,0.9999213296260696,source reported; blank if unsupported,True,0.9956535737282679,54,316,,Any non-benign predicted label
PX080-0072,PX080,UNRAVELED,clean,,fixed_fusion,,False,20260926,,72,px080_context_selector/results/METRICS.json,LateralMovement,35,87,21,0.2413793103448276,0.6,0.3442622950819672,0.20633419073487802,0.9992367549589299,source reported; blank if unsupported,True,0.6,14,0,,Any non-benign predicted label
PX080-0072,PX080,UNRAVELED,clean,,fixed_fusion,,False,20260926,,72,px080_context_selector/results/METRICS.json,DataExfiltration,3442,2635,2319,0.8800759013282733,0.6737361998837885,0.7632055290439361,0.7217723414809285,0.9762292257568334,source reported; blank if unsupported,True,0.6740267286461359,1122,1,,Any non-benign predicted label
PX080-0073,PX080,UNRAVELED,clean,,confidence_gate,,False,20260926,,73,px080_context_selector/results/METRICS.json,Benign,192193,193314,192127,0.9938597308006663,0.9996565951933734,0.9967497347648681,0.9999898807041041,0.9998781053411425,source reported; blank if unsupported,True,,,,,Any non-benign predicted label
PX080-0073,PX080,UNRAVELED,clean,,confidence_gate,,False,20260926,,73,px080_context_selector/results/METRICS.json,OtherAttackStage,12424,12055,12054,0.9999170468685192,0.9702189311010947,0.9848441521303974,0.9952775219715524,0.9995754593715038,source reported; blank if unsupported,True,0.9958950418544752,51,319,,Any non-benign predicted label
PX080-0073,PX080,UNRAVELED,clean,,confidence_gate,,False,20260926,,73,px080_context_selector/results/METRICS.json,LateralMovement,35,87,21,0.2413793103448276,0.6,0.3442622950819672,0.20369573386752046,0.9989862078956999,source reported; blank if unsupported,True,0.6,14,0,,Any non-benign predicted label
PX080-0073,PX080,UNRAVELED,clean,,confidence_gate,,False,20260926,,73,px080_context_selector/results/METRICS.json,DataExfiltration,3442,2638,2319,0.8790750568612585,0.6737361998837885,0.7628289473684211,0.8593497205901904,0.9963212433588456,source reported; blank if unsupported,True,0.6740267286461359,1122,1,,Any non-benign predicted label
PX080-0074,PX080,UNRAVELED,clean,,ordinary_gate,,False,20260926,,74,px080_context_selector/results/METRICS.json,Benign,192193,193304,192127,0.9939111451392625,0.9996565951933734,0.996775590990332,0.9999828666068128,0.9997990820466286,source reported; blank if unsupported,True,,,,,Any non-benign predicted label
PX080-0074,PX080,UNRAVELED,clean,,ordinary_gate,,False,20260926,,74,px080_context_selector/results/METRICS.json,OtherAttackStage,12424,12063,12062,0.9999171018817873,0.9708628461043143,0.9851758075713644,0.9914374218456459,0.9988655969265177,source reported; blank if unsupported,True,0.9966194462330973,42,320,,Any non-benign predicted label
PX080-0074,PX080,UNRAVELED,clean,,ordinary_gate,,False,20260926,,74,px080_context_selector/results/METRICS.json,LateralMovement,35,85,21,0.24705882352941178,0.6,0.35,0.18448856202046757,0.9978543860841671,source reported; blank if unsupported,True,0.6,14,0,,Any non-benign predicted label
PX080-0074,PX080,UNRAVELED,clean,,ordinary_gate,,False,20260926,,74,px080_context_selector/results/METRICS.json,DataExfiltration,3442,2642,2320,0.878122634367903,0.674026728646136,0.7626561472715319,0.6782954009540124,0.9711766818332034,source reported; blank if unsupported,True,0.6743172574084835,1121,1,,Any non-benign predicted label
PX080-0075,PX080,UNRAVELED,clean,,stage_harm_gate,,False,20260926,,75,px080_context_selector/results/METRICS.json,Benign,192193,193316,192127,0.9938494485712512,0.9996565951933734,0.9967445636807442,0.9999828457567246,0.9997988222350516,source reported; blank if unsupported,True,,,,,Any non-benign predicted label
PX080-0075,PX080,UNRAVELED,clean,,stage_harm_gate,,False,20260926,,75,px080_context_selector/results/METRICS.json,OtherAttackStage,12424,12064,12063,0.9999171087533156,0.9709433354797167,0.9852172492649461,0.9914616270498056,0.9988691619143641,source reported; blank if unsupported,True,0.9949291693496458,63,298,,Any non-benign predicted label
PX080-0075,PX080,UNRAVELED,clean,,stage_harm_gate,,False,20260926,,75,px080_context_selector/results/METRICS.json,LateralMovement,35,100,22,0.22,0.6285714285714286,0.32592592592592595,0.18519699208612558,0.9981499066542251,source reported; blank if unsupported,True,0.6285714285714286,13,0,,Any non-benign predicted label
PX080-0075,PX080,UNRAVELED,clean,,stage_harm_gate,,False,20260926,,75,px080_context_selector/results/METRICS.json,DataExfiltration,3442,2614,2315,0.8856159143075746,0.6725740848343986,0.7645310435931307,0.6779237972074778,0.971106086092344,source reported; blank if unsupported,True,0.6766414875072633,1113,14,,Any non-benign predicted label
PX080-0076,PX080,UNRAVELED,clean,,context_dropout,,False,20260926,,76,px080_context_selector/results/METRICS.json,Benign,192193,193316,192133,0.9938804858366612,0.9996878138121575,0.9967756913586973,0.999984720929729,0.9998169025357834,source reported; blank if unsupported,True,,,,,Any non-benign predicted label
PX080-0076,PX080,UNRAVELED,clean,,context_dropout,,False,20260926,,76,px080_context_selector/results/METRICS.json,OtherAttackStage,12424,12057,12056,0.9999170606286805,0.9703799098518996,0.9849270863118337,0.9957825015007247,0.9996217291416475,source reported; blank if unsupported,True,0.9961365099806826,48,320,,Any non-benign predicted label
PX080-0076,PX080,UNRAVELED,clean,,context_dropout,,False,20260926,,76,px080_context_selector/results/METRICS.json,LateralMovement,35,78,16,0.20512820512820512,0.45714285714285713,0.2831858407079646,0.2208256826024291,0.9986729039084381,source reported; blank if unsupported,True,0.4571428571428572,19,0,,Any non-benign predicted label
PX080-0076,PX080,UNRAVELED,clean,,context_dropout,,False,20260926,,76,px080_context_selector/results/METRICS.json,DataExfiltration,3442,2643,2319,0.8774120317820658,0.6737361998837885,0.762202136400986,0.7840088667656482,0.9907575377770581,source reported; blank if unsupported,True,0.6757699012202207,1116,7,,Any non-benign predicted label
PX080-0077,PX080,UNRAVELED,missing_half,,current_roles,,False,20260926,,77,px080_context_selector/results/METRICS.json,Benign,192193,193227,192058,0.9939501208423254,0.9992975810773546,0.9966166779098127,0.9999807715965903,0.9997737836305607,source reported; blank if unsupported,True,,,,,Any non-benign predicted label
PX080-0077,PX080,UNRAVELED,missing_half,,current_roles,,False,20260926,,77,px080_context_selector/results/METRICS.json,OtherAttackStage,12424,12023,12023,1.0,0.9677237604636189,0.9835971693868368,0.9914207553301253,0.9988596450648491,source reported; blank if unsupported,True,0.9966999356084997,41,360,,Any non-benign predicted label
PX080-0077,PX080,UNRAVELED,missing_half,,current_roles,,False,20260926,,77,px080_context_selector/results/METRICS.json,LateralMovement,35,155,27,0.17419354838709677,0.7714285714285715,0.28421052631578947,0.18909946052278045,0.9988676288937273,source reported; blank if unsupported,True,0.7714285714285715,8,0,,Any non-benign predicted label
PX080-0077,PX080,UNRAVELED,missing_half,,current_roles,,False,20260926,,77,px080_context_selector/results/METRICS.json,DataExfiltration,3442,2689,2322,0.863518036444775,0.674607786170831,0.757462077964443,0.678656615417503,0.9710237600035607,source reported; blank if unsupported,True,0.6746077861708308,1120,0,,Any non-benign predicted label
PX080-0078,PX080,UNRAVELED,missing_half,,context,,False,20260926,,78,px080_context_selector/results/METRICS.json,Benign,192193,199504,192163,0.963203745288315,0.9998439069060788,0.9811818829350237,0.9999789161901579,0.9997407860877986,source reported; blank if unsupported,True,,,,,Any non-benign predicted label
PX080-0078,PX080,UNRAVELED,missing_half,,context,,False,20260926,,78,px080_context_selector/results/METRICS.json,OtherAttackStage,12424,5985,5984,0.9998329156223893,0.4816484224082421,0.650116790700201,0.9972399128978232,0.9998030599767649,source reported; blank if unsupported,True,0.5019317450096588,6188,252,,Any non-benign predicted label
PX080-0078,PX080,UNRAVELED,missing_half,,context,,False,20260926,,78,px080_context_selector/results/METRICS.json,LateralMovement,35,49,11,0.22448979591836735,0.3142857142857143,0.2619047619047619,0.19332471010484048,0.9960867556112173,source reported; blank if unsupported,True,0.3142857142857143,24,0,,Any non-benign predicted label
PX080-0078,PX080,UNRAVELED,missing_half,,context,,False,20260926,,78,px080_context_selector/results/METRICS.json,DataExfiltration,3442,2556,2304,0.9014084507042254,0.6693782684485764,0.7682560853617872,0.7309381562615558,0.9863575372228371,source reported; blank if unsupported,True,0.6719930273097037,1129,9,,Any non-benign predicted label
PX080-0079,PX080,UNRAVELED,missing_half,,fixed_fusion,,False,20260926,,79,px080_context_selector/results/METRICS.json,Benign,192193,193544,192149,0.9927923366262968,0.9997710634622489,0.9962694789454991,0.999980842120706,0.9997669162935754,source reported; blank if unsupported,True,,,,,Any non-benign predicted label
PX080-0079,PX080,UNRAVELED,missing_half,,fixed_fusion,,False,20260926,,79,px080_context_selector/results/METRICS.json,OtherAttackStage,12424,11875,11874,0.9999157894736842,0.9557308435286542,0.9773241697189184,0.9984011325899655,0.9998853409986873,source reported; blank if unsupported,True,0.9797971667739859,251,299,,Any non-benign predicted label
PX080-0079,PX080,UNRAVELED,missing_half,,fixed_fusion,,False,20260926,,79,px080_context_selector/results/METRICS.json,LateralMovement,35,60,16,0.26666666666666666,0.45714285714285713,0.3368421052631579,0.20294558353406603,0.9966042599180316,source reported; blank if unsupported,True,0.4571428571428572,19,0,,Any non-benign predicted label
PX080-0079,PX080,UNRAVELED,missing_half,,fixed_fusion,,False,20260926,,79,px080_context_selector/results/METRICS.json,DataExfiltration,3442,2615,2316,0.88565965583174,0.6728646135967461,0.7647350173353145,0.6988422162027973,0.9750099190504632,source reported; blank if unsupported,True,0.6731551423590936,1125,1,,Any non-benign predicted label
PX080-0080,PX080,UNRAVELED,missing_half,,confidence_gate,,False,20260926,,80,px080_context_selector/results/METRICS.json,Benign,192193,193829,192149,0.991332566334243,0.9997710634622489,0.9955339332991384,0.9999892763273912,0.9998705261400693,source reported; blank if unsupported,True,,,,,Any non-benign predicted label
PX080-0080,PX080,UNRAVELED,missing_half,,confidence_gate,,False,20260926,,80,px080_context_selector/results/METRICS.json,OtherAttackStage,12424,11591,11590,0.9999137261668536,0.9328718609143593,0.965230064542994,0.9951551481139618,0.9995772378547385,source reported; blank if unsupported,True,0.9568576947842885,536,298,,Any non-benign predicted label
PX080-0080,PX080,UNRAVELED,missing_half,,confidence_gate,,False,20260926,,80,px080_context_selector/results/METRICS.json,LateralMovement,35,60,16,0.26666666666666666,0.45714285714285713,0.3368421052631579,0.20675778167443665,0.9987151996034093,source reported; blank if unsupported,True,0.4571428571428572,19,0,,Any non-benign predicted label
PX080-0080,PX080,UNRAVELED,missing_half,,confidence_gate,,False,20260926,,80,px080_context_selector/results/METRICS.json,DataExfiltration,3442,2614,2316,0.8859984697781178,0.6728646135967461,0.7648612945838837,0.7301411603480792,0.9869519995412231,source reported; blank if unsupported,True,0.6731551423590936,1125,1,,Any non-benign predicted label
PX080-0081,PX080,UNRAVELED,missing_half,,ordinary_gate,,False,20260926,,81,px080_context_selector/results/METRICS.json,Benign,192193,193346,192146,0.9937935100803741,0.9997554541528567,0.9967655671670052,0.9999828247886458,0.9997987877134881,source reported; blank if unsupported,True,,,,,Any non-benign predicted label
PX080-0081,PX080,UNRAVELED,missing_half,,ordinary_gate,,False,20260926,,81,px080_context_selector/results/METRICS.json,OtherAttackStage,12424,12045,12044,0.9999169779991698,0.9694140373470702,0.9844292778617842,0.9913542459058617,0.9988538421128441,source reported; blank if unsupported,True,0.9956535737282679,54,326,,Any non-benign predicted label
PX080-0081,PX080,UNRAVELED,missing_half,,ordinary_gate,,False,20260926,,81,px080_context_selector/results/METRICS.json,LateralMovement,35,61,16,0.26229508196721313,0.45714285714285713,0.3333333333333333,0.18587413257307445,0.9971064526339712,source reported; blank if unsupported,True,0.4571428571428572,19,0,,Any non-benign predicted label
PX080-0081,PX080,UNRAVELED,missing_half,,ordinary_gate,,False,20260926,,81,px080_context_selector/results/METRICS.json,DataExfiltration,3442,2642,2314,0.8758516275548827,0.6722835560720511,0.7606837606837606,0.6779943597673828,0.9710730663625206,source reported; blank if unsupported,True,0.6725740848343986,1127,1,,Any non-benign predicted label
PX080-0082,PX080,UNRAVELED,missing_half,,stage_harm_gate,,False,20260926,,82,px080_context_selector/results/METRICS.json,Benign,192193,193349,192141,0.9937522304227071,0.9997294386372032,0.9967318735701947,0.9999828017694963,0.9997984783282916,source reported; blank if unsupported,True,,,,,Any non-benign predicted label
PX080-0082,PX080,UNRAVELED,missing_half,,stage_harm_gate,,False,20260926,,82,px080_context_selector/results/METRICS.json,OtherAttackStage,12424,12045,12044,0.9999169779991698,0.9694140373470702,0.9844292778617842,0.9913393722084873,0.9988531068199606,source reported; blank if unsupported,True,0.9945267224726336,68,312,,Any non-benign predicted label
PX080-0082,PX080,UNRAVELED,missing_half,,stage_harm_gate,,False,20260926,,82,px080_context_selector/results/METRICS.json,LateralMovement,35,76,17,0.2236842105263158,0.4857142857142857,0.3063063063063063,0.1662866877972076,0.9971990774594843,source reported; blank if unsupported,True,0.48571428571428577,18,0,,Any non-benign predicted label
PX080-0082,PX080,UNRAVELED,missing_half,,stage_harm_gate,,False,20260926,,82,px080_context_selector/results/METRICS.json,DataExfiltration,3442,2624,2311,0.8807164634146342,0.6714119697850087,0.7619518628420705,0.677551419466659,0.9710616518807972,source reported; blank if unsupported,True,0.6740267286461359,1122,9,,Any non-benign predicted label
PX080-0083,PX080,UNRAVELED,missing_half,,context_dropout,,False,20260926,,83,px080_context_selector/results/METRICS.json,Benign,192193,193275,192096,0.9938998835855646,0.9994952989963214,0.996689738188384,0.9999820685441587,0.9997863730393935,source reported; blank if unsupported,True,,,,,Any non-benign predicted label
PX080-0083,PX080,UNRAVELED,missing_half,,context_dropout,,False,20260926,,83,px080_context_selector/results/METRICS.json,OtherAttackStage,12424,12054,12053,0.9999170399867264,0.9701384417256922,0.9848026799575129,0.9948427870440912,0.9995130398958442,source reported; blank if unsupported,True,0.996216999356085,47,324,,Any non-benign predicted label
PX080-0083,PX080,UNRAVELED,missing_half,,context_dropout,,False,20260926,,83,px080_context_selector/results/METRICS.json,LateralMovement,35,121,22,0.18181818181818182,0.6285714285714286,0.28205128205128205,0.2657335385805378,0.998897290809681,source reported; blank if unsupported,True,0.6285714285714286,13,0,,Any non-benign predicted label
PX080-0083,PX080,UNRAVELED,missing_half,,context_dropout,,False,20260926,,83,px080_context_selector/results/METRICS.json,DataExfiltration,3442,2644,2319,0.8770801815431165,0.6737361998837885,0.7620768977982254,0.7216117751406381,0.9793882923524219,source reported; blank if unsupported,True,0.6748983149331784,1119,4,,Any non-benign predicted label
PX080-0084,PX080,UNRAVELED,missing_all,,current_roles,,False,20260926,,84,px080_context_selector/results/METRICS.json,Benign,192193,193227,192058,0.9939501208423254,0.9992975810773546,0.9966166779098127,0.9999807715965903,0.9997737836305607,source reported; blank if unsupported,True,,,,,Any non-benign predicted label
PX080-0084,PX080,UNRAVELED,missing_all,,current_roles,,False,20260926,,84,px080_context_selector/results/METRICS.json,OtherAttackStage,12424,12023,12023,1.0,0.9677237604636189,0.9835971693868368,0.9914207553301253,0.9988596450648491,source reported; blank if unsupported,True,0.9966999356084997,41,360,,Any non-benign predicted label
PX080-0084,PX080,UNRAVELED,missing_all,,current_roles,,False,20260926,,84,px080_context_selector/results/METRICS.json,LateralMovement,35,155,27,0.17419354838709677,0.7714285714285715,0.28421052631578947,0.18909946052278045,0.9988676288937273,source reported; blank if unsupported,True,0.7714285714285715,8,0,,Any non-benign predicted label
PX080-0084,PX080,UNRAVELED,missing_all,,current_roles,,False,20260926,,84,px080_context_selector/results/METRICS.json,DataExfiltration,3442,2689,2322,0.863518036444775,0.674607786170831,0.757462077964443,0.678656615417503,0.9710237600035607,source reported; blank if unsupported,True,0.6746077861708308,1120,0,,Any non-benign predicted label
PX080-0085,PX080,UNRAVELED,missing_all,,context,,False,20260926,,85,px080_context_selector/results/METRICS.json,Benign,192193,205593,192193,0.9348226836516808,1.0,0.9663135454741997,0.9999891890892492,0.9998688066062693,source reported; blank if unsupported,True,,,,,Any non-benign predicted label
PX080-0085,PX080,UNRAVELED,missing_all,,context,,False,20260926,,85,px080_context_selector/results/METRICS.json,OtherAttackStage,12424,0,0,0.0,0.0,0.0,0.9964748078741372,0.9997313211008678,source reported; blank if unsupported,True,0.016983258209916308,12213,211,,Any non-benign predicted label
PX080-0085,PX080,UNRAVELED,missing_all,,context,,False,20260926,,85,px080_context_selector/results/METRICS.json,LateralMovement,35,0,0,0.0,0.0,0.0,0.14642374440719214,0.9916563502248331,source reported; blank if unsupported,True,0.0,35,0,,Any non-benign predicted label
PX080-0085,PX080,UNRAVELED,missing_all,,context,,False,20260926,,85,px080_context_selector/results/METRICS.json,DataExfiltration,3442,2501,2290,0.9156337465013994,0.6653108657757117,0.7706545515732794,0.7008752742191933,0.9786036047610444,source reported; blank if unsupported,True,0.6653108657757119,1152,0,,Any non-benign predicted label
PX080-0086,PX080,UNRAVELED,missing_all,,fixed_fusion,,False,20260926,,86,px080_context_selector/results/METRICS.json,Benign,192193,193774,192173,0.9917377976405504,0.9998959379373858,0.9958001590809576,0.999985146287151,0.9998234596695257,source reported; blank if unsupported,True,,,,,Any non-benign predicted label
PX080-0086,PX080,UNRAVELED,missing_all,,fixed_fusion,,False,20260926,,86,px080_context_selector/results/METRICS.json,OtherAttackStage,12424,11695,11695,1.0,0.9413232453316163,0.9697748662879887,0.9977936468836466,0.9998356164832105,source reported; blank if unsupported,True,0.9642627173213136,444,285,,Any non-benign predicted label
PX080-0086,PX080,UNRAVELED,missing_all,,fixed_fusion,,False,20260926,,86,px080_context_selector/results/METRICS.json,LateralMovement,35,26,6,0.23076923076923078,0.17142857142857143,0.19672131147540983,0.19862252761856078,0.9939106558373209,source reported; blank if unsupported,True,0.17142857142857137,29,0,,Any non-benign predicted label
PX080-0086,PX080,UNRAVELED,missing_all,,fixed_fusion,,False,20260926,,86,px080_context_selector/results/METRICS.json,DataExfiltration,3442,2599,2314,0.8903424393997691,0.6722835560720511,0.7660983280913756,0.6955419309056103,0.9745624005277002,source reported; blank if unsupported,True,0.6722835560720511,1128,0,,Any non-benign predicted label
PX080-0087,PX080,UNRAVELED,missing_all,,confidence_gate,,False,20260926,,87,px080_context_selector/results/METRICS.json,Benign,192193,194328,192173,0.9889105018319542,0.9998959379373858,0.9943728801281172,0.9999907267776611,0.9998879807988171,source reported; blank if unsupported,True,,,,,Any non-benign predicted label
PX080-0087,PX080,UNRAVELED,missing_all,,confidence_gate,,False,20260926,,87,px080_context_selector/results/METRICS.json,OtherAttackStage,12424,11149,11149,1.0,0.8973760463618803,0.945912696729309,0.9951515831336317,0.9995849665542313,source reported; blank if unsupported,True,0.9196716033483581,998,277,,Any non-benign predicted label
PX080-0087,PX080,UNRAVELED,missing_all,,confidence_gate,,False,20260926,,87,px080_context_selector/results/METRICS.json,LateralMovement,35,26,6,0.23076923076923078,0.17142857142857143,0.19672131147540983,0.15225010311857567,0.9981592446648031,source reported; blank if unsupported,True,0.17142857142857137,29,0,,Any non-benign predicted label
PX080-0087,PX080,UNRAVELED,missing_all,,confidence_gate,,False,20260926,,87,px080_context_selector/results/METRICS.json,DataExfiltration,3442,2591,2314,0.8930914704747202,0.6722835560720511,0.7671142052047074,0.6908240500828685,0.978717308785221,source reported; blank if unsupported,True,0.6722835560720511,1128,0,,Any non-benign predicted label
PX080-0088,PX080,UNRAVELED,missing_all,,ordinary_gate,,False,20260926,,88,px080_context_selector/results/METRICS.json,Benign,192193,193396,192167,0.9936451632918984,0.9998647193186017,0.9967452391017378,0.9999834137488879,0.9998061538952456,source reported; blank if unsupported,True,,,,,Any non-benign predicted label
PX080-0088,PX080,UNRAVELED,missing_all,,ordinary_gate,,False,20260926,,88,px080_context_selector/results/METRICS.json,OtherAttackStage,12424,12023,12023,1.0,0.9677237604636189,0.9835971693868368,0.9913568272780303,0.9988492791834392,source reported; blank if unsupported,True,0.9945267224726336,68,333,,Any non-benign predicted label
PX080-0088,PX080,UNRAVELED,missing_all,,ordinary_gate,,False,20260926,,88,px080_context_selector/results/METRICS.json,LateralMovement,35,32,8,0.25,0.22857142857142856,0.23880597014925373,0.08345176379651446,0.9957158443381101,source reported; blank if unsupported,True,0.22857142857142854,27,0,,Any non-benign predicted label
PX080-0088,PX080,UNRAVELED,missing_all,,ordinary_gate,,False,20260926,,88,px080_context_selector/results/METRICS.json,DataExfiltration,3442,2643,2308,0.8732500945894817,0.6705403834979663,0.7585866885784717,0.67777892555136,0.9710156716993982,source reported; blank if unsupported,True,0.6705403834979663,1134,0,,Any non-benign predicted label
PX080-0089,PX080,UNRAVELED,missing_all,,stage_harm_gate,,False,20260926,,89,px080_context_selector/results/METRICS.json,Benign,192193,193404,192159,0.9935626977725384,0.999823094493556,0.9966830654802812,0.9999829389237114,0.9998004833603293,source reported; blank if unsupported,True,,,,,Any non-benign predicted label
PX080-0089,PX080,UNRAVELED,missing_all,,stage_harm_gate,,False,20260926,,89,px080_context_selector/results/METRICS.json,OtherAttackStage,12424,12023,12023,1.0,0.9677237604636189,0.9835971693868368,0.991312766814096,0.998844311483015,source reported; blank if unsupported,True,0.9936413393432066,79,322,,Any non-benign predicted label
PX080-0089,PX080,UNRAVELED,missing_all,,stage_harm_gate,,False,20260926,,89,px080_context_selector/results/METRICS.json,LateralMovement,35,41,8,0.1951219512195122,0.22857142857142856,0.21052631578947367,0.08050421769379824,0.995713715820993,source reported; blank if unsupported,True,0.22857142857142854,27,0,,Any non-benign predicted label
PX080-0089,PX080,UNRAVELED,missing_all,,stage_harm_gate,,False,20260926,,89,px080_context_selector/results/METRICS.json,DataExfiltration,3442,2626,2303,0.876999238385377,0.6690877396862289,0.7590639419907712,0.6774555015158719,0.9709762153972056,source reported; blank if unsupported,True,0.6690877396862289,1139,0,,Any non-benign predicted label
PX080-0090,PX080,UNRAVELED,missing_all,,context_dropout,,False,20260926,,90,px080_context_selector/results/METRICS.json,Benign,192193,193238,192066,0.9939349403326467,0.9993392059024002,0.9966297469585996,0.9999813966332027,0.9997797426086824,source reported; blank if unsupported,True,,,,,Any non-benign predicted label
PX080-0090,PX080,UNRAVELED,missing_all,,context_dropout,,False,20260926,,90,px080_context_selector/results/METRICS.json,OtherAttackStage,12424,12051,12051,1.0,0.9699774629748873,0.9847599591419817,0.9937354446424737,0.9993733856670449,source reported; blank if unsupported,True,0.9965389568576948,43,330,,Any non-benign predicted label
PX080-0090,PX080,UNRAVELED,missing_all,,context_dropout,,False,20260926,,90,px080_context_selector/results/METRICS.json,LateralMovement,35,151,26,0.17218543046357615,0.7428571428571429,0.27956989247311825,0.1983600514517543,0.9990331039341176,source reported; blank if unsupported,True,0.7428571428571429,9,0,,Any non-benign predicted label
PX080-0090,PX080,UNRAVELED,missing_all,,context_dropout,,False,20260926,,90,px080_context_selector/results/METRICS.json,DataExfiltration,3442,2654,2322,0.8749058025621703,0.674607786170831,0.7618110236220472,0.6739267297337992,0.9684125438125586,source reported; blank if unsupported,True,0.6746077861708308,1120,0,,Any non-benign predicted label
PX080-0091,PX080,UNRAVELED,stale_5min,,current_roles,,False,20260926,,91,px080_context_selector/results/METRICS.json,Benign,192193,193227,192058,0.9939501208423254,0.9992975810773546,0.9966166779098127,0.9999807715965903,0.9997737836305607,source reported; blank if unsupported,True,,,,,Any non-benign predicted label
PX080-0091,PX080,UNRAVELED,stale_5min,,current_roles,,False,20260926,,91,px080_context_selector/results/METRICS.json,OtherAttackStage,12424,12023,12023,1.0,0.9677237604636189,0.9835971693868368,0.9914207553301253,0.9988596450648491,source reported; blank if unsupported,True,0.9966999356084997,41,360,,Any non-benign predicted label
PX080-0091,PX080,UNRAVELED,stale_5min,,current_roles,,False,20260926,,91,px080_context_selector/results/METRICS.json,LateralMovement,35,155,27,0.17419354838709677,0.7714285714285715,0.28421052631578947,0.18909946052278045,0.9988676288937273,source reported; blank if unsupported,True,0.7714285714285715,8,0,,Any non-benign predicted label
PX080-0091,PX080,UNRAVELED,stale_5min,,current_roles,,False,20260926,,91,px080_context_selector/results/METRICS.json,DataExfiltration,3442,2689,2322,0.863518036444775,0.674607786170831,0.757462077964443,0.678656615417503,0.9710237600035607,source reported; blank if unsupported,True,0.6746077861708308,1120,0,,Any non-benign predicted label
PX080-0092,PX080,UNRAVELED,stale_5min,,context,,False,20260926,,92,px080_context_selector/results/METRICS.json,Benign,192193,193368,192151,0.9937063009391419,0.9997814696685103,0.9967346282430017,0.999988263868656,0.9998577606876238,source reported; blank if unsupported,True,,,,,Any non-benign predicted label
PX080-0092,PX080,UNRAVELED,stale_5min,,context,,False,20260926,,92,px080_context_selector/results/METRICS.json,OtherAttackStage,12424,12053,12052,0.9999170331037915,0.9700579523502898,0.9847612043959636,0.999037144395537,0.9999308446244978,source reported; blank if unsupported,True,0.9935608499678042,80,292,,Any non-benign predicted label
PX080-0092,PX080,UNRAVELED,stale_5min,,context,,False,20260926,,92,px080_context_selector/results/METRICS.json,LateralMovement,35,69,7,0.10144927536231885,0.2,0.1346153846153846,0.14022268414538383,0.9988147592750133,source reported; blank if unsupported,True,0.19999999999999996,28,0,,Any non-benign predicted label
PX080-0092,PX080,UNRAVELED,stale_5min,,context,,False,20260926,,92,px080_context_selector/results/METRICS.json,DataExfiltration,3442,2604,2312,0.8878648233486943,0.6717024985473562,0.7648031756533246,0.8463930235166713,0.9952171681914008,source reported; blank if unsupported,True,0.6778036025566532,1109,21,,Any non-benign predicted label
PX080-0093,PX080,UNRAVELED,stale_5min,,fixed_fusion,,False,20260926,,93,px080_context_selector/results/METRICS.json,Benign,192193,193327,192131,0.9938135904452042,0.9996774076058962,0.996736874870305,0.9999905369778309,0.9998855641257669,source reported; blank if unsupported,True,,,,,Any non-benign predicted label
PX080-0093,PX080,UNRAVELED,stale_5min,,fixed_fusion,,False,20260926,,93,px080_context_selector/results/METRICS.json,OtherAttackStage,12424,12057,12057,1.0,0.970460399227302,0.9850087823209837,0.9988220188532956,0.9999111996554115,source reported; blank if unsupported,True,0.9958950418544752,51,316,,Any non-benign predicted label
PX080-0093,PX080,UNRAVELED,stale_5min,,fixed_fusion,,False,20260926,,93,px080_context_selector/results/METRICS.json,LateralMovement,35,75,13,0.17333333333333334,0.37142857142857144,0.23636363636363636,0.19939455687867294,0.9990700440053748,source reported; blank if unsupported,True,0.37142857142857144,22,0,,Any non-benign predicted label
PX080-0093,PX080,UNRAVELED,stale_5min,,fixed_fusion,,False,20260926,,93,px080_context_selector/results/METRICS.json,DataExfiltration,3442,2635,2319,0.8800759013282733,0.6737361998837885,0.7632055290439361,0.7210015257939947,0.9756446816371365,source reported; blank if unsupported,True,0.6737361998837885,1123,0,,Any non-benign predicted label
PX080-0094,PX080,UNRAVELED,stale_5min,,confidence_gate,,False,20260926,,94,px080_context_selector/results/METRICS.json,Benign,192193,193322,192130,0.9938341213105596,0.9996722045027655,0.9967446143470423,0.9999884653237598,0.9998615839098726,source reported; blank if unsupported,True,,,,,Any non-benign predicted label
PX080-0094,PX080,UNRAVELED,stale_5min,,confidence_gate,,False,20260926,,94,px080_context_selector/results/METRICS.json,OtherAttackStage,12424,12057,12057,1.0,0.970460399227302,0.9850087823209837,0.9948211874880064,0.9995134049713318,source reported; blank if unsupported,True,0.9961365099806826,48,319,,Any non-benign predicted label
PX080-0094,PX080,UNRAVELED,stale_5min,,confidence_gate,,False,20260926,,94,px080_context_selector/results/METRICS.json,LateralMovement,35,76,13,0.17105263157894737,0.37142857142857144,0.23423423423423423,0.1622042114592174,0.998764224158944,source reported; blank if unsupported,True,0.37142857142857144,22,0,,Any non-benign predicted label
PX080-0094,PX080,UNRAVELED,stale_5min,,confidence_gate,,False,20260926,,94,px080_context_selector/results/METRICS.json,DataExfiltration,3442,2639,2320,0.8791208791208791,0.674026728646136,0.763032395987502,0.853475985381185,0.9959421208705271,source reported; blank if unsupported,True,0.6740267286461359,1122,0,,Any non-benign predicted label
PX080-0095,PX080,UNRAVELED,stale_5min,,ordinary_gate,,False,20260926,,95,px080_context_selector/results/METRICS.json,Benign,192193,193330,192131,0.9937981689339471,0.9996774076058962,0.9967291186258667,0.9999825259874633,0.9997949790524675,source reported; blank if unsupported,True,,,,,Any non-benign predicted label
PX080-0095,PX080,UNRAVELED,stale_5min,,ordinary_gate,,False,20260926,,95,px080_context_selector/results/METRICS.json,OtherAttackStage,12424,12066,12065,0.9999171224929554,0.9711043142305216,0.9853001224989791,0.9915261282873254,0.998868865534771,source reported; blank if unsupported,True,0.9961365099806826,48,311,,Any non-benign predicted label
PX080-0095,PX080,UNRAVELED,stale_5min,,ordinary_gate,,False,20260926,,95,px080_context_selector/results/METRICS.json,LateralMovement,35,72,12,0.16666666666666666,0.34285714285714286,0.22429906542056074,0.11644050497978067,0.997066697427172,source reported; blank if unsupported,True,0.34285714285714286,23,0,,Any non-benign predicted label
PX080-0095,PX080,UNRAVELED,stale_5min,,ordinary_gate,,False,20260926,,95,px080_context_selector/results/METRICS.json,DataExfiltration,3442,2626,2313,0.8808073115003808,0.6719930273097037,0.7623599208965063,0.6782905177513106,0.9711407781384997,source reported; blank if unsupported,True,0.6722835560720511,1128,1,,Any non-benign predicted label
PX080-0096,PX080,UNRAVELED,stale_5min,,stage_harm_gate,,False,20260926,,96,px080_context_selector/results/METRICS.json,Benign,192193,193333,192128,0.9937672306331563,0.999661798296504,0.9967057993494602,0.9999825363074509,0.9997951033955396,source reported; blank if unsupported,True,,,,,Any non-benign predicted label
PX080-0096,PX080,UNRAVELED,stale_5min,,stage_harm_gate,,False,20260926,,96,px080_context_selector/results/METRICS.json,OtherAttackStage,12424,12071,12070,0.9999171568221357,0.9715067611075338,0.9855072463768116,0.991539596110306,0.9988704274408292,source reported; blank if unsupported,True,0.9953316162266581,58,296,,Any non-benign predicted label
PX080-0096,PX080,UNRAVELED,stale_5min,,stage_harm_gate,,False,20260926,,96,px080_context_selector/results/METRICS.json,LateralMovement,35,80,12,0.15,0.34285714285714286,0.20869565217391303,0.12126254691009081,0.9971688662487908,source reported; blank if unsupported,True,0.34285714285714286,23,0,,Any non-benign predicted label
PX080-0096,PX080,UNRAVELED,stale_5min,,stage_harm_gate,,False,20260926,,96,px080_context_selector/results/METRICS.json,DataExfiltration,3442,2610,2313,0.8862068965517241,0.6719930273097037,0.764375413086583,0.6780877361412754,0.9710783090316337,source reported; blank if unsupported,True,0.673445671121441,1124,5,,Any non-benign predicted label
PX080-0097,PX080,UNRAVELED,stale_5min,,context_dropout,,False,20260926,,97,px080_context_selector/results/METRICS.json,Benign,192193,193304,192115,0.9938490667549559,0.9995941579558049,0.9967133336965008,0.9999814549081826,0.9997785206107802,source reported; blank if unsupported,True,,,,,Any non-benign predicted label
PX080-0097,PX080,UNRAVELED,stale_5min,,context_dropout,,False,20260926,,97,px080_context_selector/results/METRICS.json,OtherAttackStage,12424,12060,12059,0.9999170812603648,0.9706213779781069,0.9850514621793824,0.9952486067566012,0.999553384953595,source reported; blank if unsupported,True,0.9959755312298777,50,315,,Any non-benign predicted label
PX080-0097,PX080,UNRAVELED,stale_5min,,context_dropout,,False,20260926,,97,px080_context_selector/results/METRICS.json,LateralMovement,35,90,15,0.16666666666666666,0.42857142857142855,0.24,0.18354501359030928,0.9985861840013787,source reported; blank if unsupported,True,0.4285714285714286,20,0,,Any non-benign predicted label
PX080-0097,PX080,UNRAVELED,stale_5min,,context_dropout,,False,20260926,,97,px080_context_selector/results/METRICS.json,DataExfiltration,3442,2640,2318,0.878030303030303,0.673445671121441,0.7622492601118054,0.7658848455398664,0.9877424025362969,source reported; blank if unsupported,True,0.6748983149331784,1119,5,,Any non-benign predicted label
PX080-0098,PX080,UNRAVELED,wrong_host,,current_roles,,False,20260926,,98,px080_context_selector/results/METRICS.json,Benign,192193,193227,192058,0.9939501208423254,0.9992975810773546,0.9966166779098127,0.9999807715965903,0.9997737836305607,source reported; blank if unsupported,True,,,,,Any non-benign predicted label
PX080-0098,PX080,UNRAVELED,wrong_host,,current_roles,,False,20260926,,98,px080_context_selector/results/METRICS.json,OtherAttackStage,12424,12023,12023,1.0,0.9677237604636189,0.9835971693868368,0.9914207553301253,0.9988596450648491,source reported; blank if unsupported,True,0.9966999356084997,41,360,,Any non-benign predicted label
PX080-0098,PX080,UNRAVELED,wrong_host,,current_roles,,False,20260926,,98,px080_context_selector/results/METRICS.json,LateralMovement,35,155,27,0.17419354838709677,0.7714285714285715,0.28421052631578947,0.18909946052278045,0.9988676288937273,source reported; blank if unsupported,True,0.7714285714285715,8,0,,Any non-benign predicted label
PX080-0098,PX080,UNRAVELED,wrong_host,,current_roles,,False,20260926,,98,px080_context_selector/results/METRICS.json,DataExfiltration,3442,2689,2322,0.863518036444775,0.674607786170831,0.757462077964443,0.678656615417503,0.9710237600035607,source reported; blank if unsupported,True,0.6746077861708308,1120,0,,Any non-benign predicted label
PX080-0099,PX080,UNRAVELED,wrong_host,,context,,False,20260926,,99,px080_context_selector/results/METRICS.json,Benign,192193,205492,192193,0.935282152103245,1.0,0.9665589599808894,0.9999838084185049,0.9998038689276865,source reported; blank if unsupported,True,,,,,Any non-benign predicted label
PX080-0099,PX080,UNRAVELED,wrong_host,,context,,False,20260926,,99,px080_context_selector/results/METRICS.json,OtherAttackStage,12424,87,87,1.0,0.007002575660012878,0.01390776117017025,0.9960911109819705,0.9996982736450198,source reported; blank if unsupported,True,0.024871216999356127,12115,222,,Any non-benign predicted label
PX080-0099,PX080,UNRAVELED,wrong_host,,context,,False,20260926,,99,px080_context_selector/results/METRICS.json,LateralMovement,35,0,0,0.0,0.0,0.0,0.14239223867865508,0.9916781846907436,source reported; blank if unsupported,True,0.0,35,0,,Any non-benign predicted label
PX080-0099,PX080,UNRAVELED,wrong_host,,context,,False,20260926,,99,px080_context_selector/results/METRICS.json,DataExfiltration,3442,2515,2293,0.9117296222664016,0.6661824520627542,0.7698505959375525,0.6832588287077369,0.9777038034594813,source reported; blank if unsupported,True,0.6661824520627542,1149,0,,Any non-benign predicted label
PX080-0100,PX080,UNRAVELED,wrong_host,,fixed_fusion,,False,20260926,,100,px080_context_selector/results/METRICS.json,Benign,192193,193737,192173,0.9919272002766637,0.9998959379373858,0.9958956287409634,0.9999845258842572,0.9998159915591709,source reported; blank if unsupported,True,,,,,Any non-benign predicted label
PX080-0100,PX080,UNRAVELED,wrong_host,,fixed_fusion,,False,20260926,,100,px080_context_selector/results/METRICS.json,OtherAttackStage,12424,11727,11727,1.0,0.9438989053444945,0.9711399113908327,0.9978029802747296,0.9998355274253592,source reported; blank if unsupported,True,0.9672408242112042,407,290,,Any non-benign predicted label
PX080-0100,PX080,UNRAVELED,wrong_host,,fixed_fusion,,False,20260926,,100,px080_context_selector/results/METRICS.json,LateralMovement,35,26,6,0.23076923076923078,0.17142857142857143,0.19672131147540983,0.19536633633295752,0.9939684691086937,source reported; blank if unsupported,True,0.17142857142857137,29,0,,Any non-benign predicted label
PX080-0100,PX080,UNRAVELED,wrong_host,,fixed_fusion,,False,20260926,,100,px080_context_selector/results/METRICS.json,DataExfiltration,3442,2604,2314,0.8886328725038403,0.6722835560720511,0.7654647700959312,0.6783861639528963,0.9740718418635417,source reported; blank if unsupported,True,0.6722835560720511,1128,0,,Any non-benign predicted label
PX080-0101,PX080,UNRAVELED,wrong_host,,confidence_gate,,False,20260926,,101,px080_context_selector/results/METRICS.json,Benign,192193,194253,192173,0.989292314661807,0.9998959379373858,0.9945658643122196,0.9999894180350974,0.9998723600367737,source reported; blank if unsupported,True,,,,,Any non-benign predicted label
PX080-0101,PX080,UNRAVELED,wrong_host,,confidence_gate,,False,20260926,,101,px080_context_selector/results/METRICS.json,OtherAttackStage,12424,11223,11223,1.0,0.9033322601416613,0.9492113164460608,0.9947832328265119,0.9995382584878261,source reported; blank if unsupported,True,0.9257083065035415,923,278,,Any non-benign predicted label
PX080-0101,PX080,UNRAVELED,wrong_host,,confidence_gate,,False,20260926,,101,px080_context_selector/results/METRICS.json,LateralMovement,35,26,6,0.23076923076923078,0.17142857142857143,0.19672131147540983,0.14953842723133415,0.9981893872136545,source reported; blank if unsupported,True,0.17142857142857137,29,0,,Any non-benign predicted label
PX080-0101,PX080,UNRAVELED,wrong_host,,confidence_gate,,False,20260926,,101,px080_context_selector/results/METRICS.json,DataExfiltration,3442,2592,2314,0.8927469135802469,0.6722835560720511,0.7669870732515744,0.6885751987457311,0.9784801493439245,source reported; blank if unsupported,True,0.6722835560720511,1128,0,,Any non-benign predicted label
PX080-0102,PX080,UNRAVELED,wrong_host,,ordinary_gate,,False,20260926,,102,px080_context_selector/results/METRICS.json,Benign,192193,193397,192167,0.9936400254398983,0.9998647193186017,0.9967426541144739,0.9999831104929411,0.9998024283477522,source reported; blank if unsupported,True,,,,,Any non-benign predicted label
PX080-0102,PX080,UNRAVELED,wrong_host,,ordinary_gate,,False,20260926,,102,px080_context_selector/results/METRICS.json,OtherAttackStage,12424,12023,12023,1.0,0.9677237604636189,0.9835971693868368,0.9913394987180846,0.9988479344715867,source reported; blank if unsupported,True,0.9943657437218287,70,331,,Any non-benign predicted label
PX080-0102,PX080,UNRAVELED,wrong_host,,ordinary_gate,,False,20260926,,102,px080_context_selector/results/METRICS.json,LateralMovement,35,32,8,0.25,0.22857142857142856,0.23880597014925373,0.08312573870109881,0.995709458786759,source reported; blank if unsupported,True,0.22857142857142854,27,0,,Any non-benign predicted label
PX080-0102,PX080,UNRAVELED,wrong_host,,ordinary_gate,,False,20260926,,102,px080_context_selector/results/METRICS.json,DataExfiltration,3442,2642,2309,0.8739591218773657,0.6708309122603138,0.7590401051939514,0.6776823494200067,0.9710121567119289,source reported; blank if unsupported,True,0.6708309122603138,1133,0,,Any non-benign predicted label
PX080-0103,PX080,UNRAVELED,wrong_host,,stage_harm_gate,,False,20260926,,103,px080_context_selector/results/METRICS.json,Benign,192193,193406,192160,0.9935575938698903,0.9998282975966867,0.996683082684343,0.9999826000177513,0.9997963481351351,source reported; blank if unsupported,True,,,,,Any non-benign predicted label
PX080-0103,PX080,UNRAVELED,wrong_host,,stage_harm_gate,,False,20260926,,103,px080_context_selector/results/METRICS.json,OtherAttackStage,12424,12023,12023,1.0,0.9677237604636189,0.9835971693868368,0.9920648675200461,0.9989458043196702,source reported; blank if unsupported,True,0.9934803605924019,81,320,,Any non-benign predicted label
PX080-0103,PX080,UNRAVELED,wrong_host,,stage_harm_gate,,False,20260926,,103,px080_context_selector/results/METRICS.json,LateralMovement,35,40,8,0.2,0.22857142857142856,0.21333333333333335,0.08028025413810982,0.9956857704511014,source reported; blank if unsupported,True,0.22857142857142854,27,0,,Any non-benign predicted label
PX080-0103,PX080,UNRAVELED,wrong_host,,stage_harm_gate,,False,20260926,,103,px080_context_selector/results/METRICS.json,DataExfiltration,3442,2625,2304,0.8777142857142857,0.6693782684485764,0.7595187077633097,0.6811107833973564,0.9709832006540079,source reported; blank if unsupported,True,0.6693782684485764,1138,0,,Any non-benign predicted label
PX080-0104,PX080,UNRAVELED,wrong_host,,context_dropout,,False,20260926,,104,px080_context_selector/results/METRICS.json,Benign,192193,193238,192066,0.9939349403326467,0.9993392059024002,0.9966297469585996,0.9999811563373875,0.9997767760447567,source reported; blank if unsupported,True,,,,,Any non-benign predicted label
PX080-0104,PX080,UNRAVELED,wrong_host,,context_dropout,,False,20260926,,104,px080_context_selector/results/METRICS.json,OtherAttackStage,12424,12019,12019,1.0,0.9674018029620091,0.9834308390950375,0.9936127134241223,0.9993500535383717,source reported; blank if unsupported,True,0.9965389568576948,43,362,,Any non-benign predicted label
PX080-0104,PX080,UNRAVELED,wrong_host,,context_dropout,,False,20260926,,104,px080_context_selector/results/METRICS.json,LateralMovement,35,148,26,0.17567567567567569,0.7428571428571429,0.28415300546448086,0.1960307931994378,0.9988858929438285,source reported; blank if unsupported,True,0.7428571428571429,9,0,,Any non-benign predicted label
PX080-0104,PX080,UNRAVELED,wrong_host,,context_dropout,,False,20260926,,104,px080_context_selector/results/METRICS.json,DataExfiltration,3442,2689,2322,0.863518036444775,0.674607786170831,0.757462077964443,0.671630222654509,0.9675983138588073,source reported; blank if unsupported,True,0.6746077861708308,1120,0,,Any non-benign predicted label
PX081-0000,PX081,UNRAVELED,clean,,none,1,False,8101,,0,px081_evidence_acquisition/RESULTS.json,Benign,192193,193189,192026,0.9939799885086625,0.9991310817771719,0.996548878774826,0.9991662525429409,0.9905839011369465,source reported; blank if unsupported,True,,,,,Any non-benign predicted label
PX081-0000,PX081,UNRAVELED,clean,,none,1,False,8101,,0,px081_evidence_acquisition/RESULTS.json,OtherAttackStage,12424,12025,12023,0.9998336798336799,0.9677237604636189,0.9835167082498262,0.9889713015513423,0.9979110160522643,source reported; blank if unsupported,True,0.996941403734707,38,363,,Any non-benign predicted label
PX081-0000,PX081,UNRAVELED,clean,,none,1,False,8101,,0,px081_evidence_acquisition/RESULTS.json,LateralMovement,35,170,28,0.16470588235294117,0.8,0.2731707317073171,0.17860475710587712,0.9995918740082655,source reported; blank if unsupported,True,0.8,7,0,,Any non-benign predicted label
PX081-0000,PX081,UNRAVELED,clean,,none,1,False,8101,,0,px081_evidence_acquisition/RESULTS.json,DataExfiltration,3442,2710,2324,0.8575645756457565,0.6751888436955259,0.7555266579973993,0.6438153548483313,0.8332264352202063,source reported; blank if unsupported,True,0.6751888436955258,1118,0,,Any non-benign predicted label
PX081-0001,PX081,UNRAVELED,clean,,roles_first,1,False,8101,,1,px081_evidence_acquisition/RESULTS.json,Benign,192193,192093,192007,0.9995523001879298,0.9990322228176884,0.9992921938348002,0.9999798806000139,0.9997704852669634,source reported; blank if unsupported,True,,,,,Any non-benign predicted label
PX081-0001,PX081,UNRAVELED,clean,,roles_first,1,False,8101,,1,px081_evidence_acquisition/RESULTS.json,OtherAttackStage,12424,12025,12022,0.9997505197505198,0.9676432710882164,0.9834349053131007,0.9890704379145144,0.9980448743220538,source reported; blank if unsupported,True,0.9967804249839022,40,362,,Any non-benign predicted label
PX081-0001,PX081,UNRAVELED,clean,,roles_first,1,False,8101,,1,px081_evidence_acquisition/RESULTS.json,LateralMovement,35,1267,32,0.025256511444356748,0.9142857142857143,0.04915514592933948,0.18080638111086955,0.9991135069516683,source reported; blank if unsupported,True,0.9142857142857143,3,0,,Any non-benign predicted label
PX081-0001,PX081,UNRAVELED,clean,,roles_first,1,False,8101,,1,px081_evidence_acquisition/RESULTS.json,DataExfiltration,3442,2709,2324,0.8578811369509044,0.6751888436955259,0.7556494878881482,0.7019862724938687,0.9781807479355014,source reported; blank if unsupported,True,0.9875072632190587,43,1075,,Any non-benign predicted label
PX081-0002,PX081,UNRAVELED,clean,,history_first,1,False,8101,,2,px081_evidence_acquisition/RESULTS.json,Benign,192193,192093,192007,0.9995523001879298,0.9990322228176884,0.9992921938348002,0.9999798806000139,0.9997704852669634,source reported; blank if unsupported,True,,,,,Any non-benign predicted label
PX081-0002,PX081,UNRAVELED,clean,,history_first,1,False,8101,,2,px081_evidence_acquisition/RESULTS.json,OtherAttackStage,12424,12025,12022,0.9997505197505198,0.9676432710882164,0.9834349053131007,0.9890704379145144,0.9980448743220538,source reported; blank if unsupported,True,0.9967804249839022,40,362,,Any non-benign predicted label
PX081-0002,PX081,UNRAVELED,clean,,history_first,1,False,8101,,2,px081_evidence_acquisition/RESULTS.json,LateralMovement,35,1267,32,0.025256511444356748,0.9142857142857143,0.04915514592933948,0.18080638111086955,0.9991135069516683,source reported; blank if unsupported,True,0.9142857142857143,3,0,,Any non-benign predicted label
PX081-0002,PX081,UNRAVELED,clean,,history_first,1,False,8101,,2,px081_evidence_acquisition/RESULTS.json,DataExfiltration,3442,2709,2324,0.8578811369509044,0.6751888436955259,0.7556494878881482,0.7019862724938687,0.9781807479355014,source reported; blank if unsupported,True,0.9875072632190587,43,1075,,Any non-benign predicted label
PX081-0003,PX081,UNRAVELED,clean,,random,1,False,8101,,3,px081_evidence_acquisition/RESULTS.json,Benign,192193,192093,192007,0.9995523001879298,0.9990322228176884,0.9992921938348002,0.9999798806000139,0.9997704852669634,source reported; blank if unsupported,True,,,,,Any non-benign predicted label
PX081-0003,PX081,UNRAVELED,clean,,random,1,False,8101,,3,px081_evidence_acquisition/RESULTS.json,OtherAttackStage,12424,12025,12022,0.9997505197505198,0.9676432710882164,0.9834349053131007,0.9890704379145144,0.9980448743220538,source reported; blank if unsupported,True,0.9967804249839022,40,362,,Any non-benign predicted label
PX081-0003,PX081,UNRAVELED,clean,,random,1,False,8101,,3,px081_evidence_acquisition/RESULTS.json,LateralMovement,35,1267,32,0.025256511444356748,0.9142857142857143,0.04915514592933948,0.18080638111086955,0.9991135069516683,source reported; blank if unsupported,True,0.9142857142857143,3,0,,Any non-benign predicted label
PX081-0003,PX081,UNRAVELED,clean,,random,1,False,8101,,3,px081_evidence_acquisition/RESULTS.json,DataExfiltration,3442,2709,2324,0.8578811369509044,0.6751888436955259,0.7556494878881482,0.7019862724938687,0.9781807479355014,source reported; blank if unsupported,True,0.9875072632190587,43,1075,,Any non-benign predicted label
PX081-0004,PX081,UNRAVELED,clean,,entropy,1,False,8101,,4,px081_evidence_acquisition/RESULTS.json,Benign,192193,192146,192025,0.9993702705234562,0.9991258786740412,0.9992480596556685,0.9999504564890083,0.9994662823951787,source reported; blank if unsupported,True,,,,,Any non-benign predicted label
PX081-0004,PX081,UNRAVELED,clean,,entropy,1,False,8101,,4,px081_evidence_acquisition/RESULTS.json,OtherAttackStage,12424,12025,12022,0.9997505197505198,0.9676432710882164,0.9834349053131007,0.9884355889152054,0.9977630306979988,source reported; blank if unsupported,True,0.9967804249839022,40,362,,Any non-benign predicted label
PX081-0004,PX081,UNRAVELED,clean,,entropy,1,False,8101,,4,px081_evidence_acquisition/RESULTS.json,LateralMovement,35,1214,28,0.023064250411861616,0.8,0.04483586869495596,0.1535816682159362,0.9985881065329683,source reported; blank if unsupported,True,0.8,7,0,,Any non-benign predicted label
PX081-0004,PX081,UNRAVELED,clean,,entropy,1,False,8101,,4,px081_evidence_acquisition/RESULTS.json,DataExfiltration,3442,2709,2324,0.8578811369509044,0.6751888436955259,0.7556494878881482,0.7014437303100118,0.9752873808894822,source reported; blank if unsupported,True,0.9785008715862871,74,1044,,Any non-benign predicted label
PX081-0005,PX081,UNRAVELED,clean,,harm,1,False,8101,,5,px081_evidence_acquisition/RESULTS.json,Benign,192193,193149,192009,0.9940978208533309,0.9990426290239499,0.9965640911190579,0.9992618413826669,0.9916039933763192,source reported; blank if unsupported,True,,,,,Any non-benign predicted label
PX081-0005,PX081,UNRAVELED,clean,,harm,1,False,8101,,5,px081_evidence_acquisition/RESULTS.json,OtherAttackStage,12424,12026,12024,0.9998336936637285,0.9678042498390212,0.983558282208589,0.9894328895611464,0.9980908960465423,source reported; blank if unsupported,True,0.9970218931101095,37,363,,Any non-benign predicted label
PX081-0005,PX081,UNRAVELED,clean,,harm,1,False,8101,,5,px081_evidence_acquisition/RESULTS.json,LateralMovement,35,209,32,0.15311004784688995,0.9142857142857143,0.26229508196721313,0.1882145921221111,0.9995701082041976,source reported; blank if unsupported,True,0.9142857142857143,3,0,,Any non-benign predicted label
PX081-0005,PX081,UNRAVELED,clean,,harm,1,False,8101,,5,px081_evidence_acquisition/RESULTS.json,DataExfiltration,3442,2710,2324,0.8575645756457565,0.6751888436955259,0.7555266579973993,0.6442444359586467,0.8330122239907196,source reported; blank if unsupported,True,0.6804183614177803,1100,18,,Any non-benign predicted label
PX081-0006,PX081,UNRAVELED,clean,,none,2,False,8101,,6,px081_evidence_acquisition/RESULTS.json,Benign,192193,193189,192026,0.9939799885086625,0.9991310817771719,0.996548878774826,0.9991662525429409,0.9905839011369465,source reported; blank if unsupported,True,,,,,Any non-benign predicted label
PX081-0006,PX081,UNRAVELED,clean,,none,2,False,8101,,6,px081_evidence_acquisition/RESULTS.json,OtherAttackStage,12424,12025,12023,0.9998336798336799,0.9677237604636189,0.9835167082498262,0.9889713015513423,0.9979110160522643,source reported; blank if unsupported,True,0.996941403734707,38,363,,Any non-benign predicted label
PX081-0006,PX081,UNRAVELED,clean,,none,2,False,8101,,6,px081_evidence_acquisition/RESULTS.json,LateralMovement,35,170,28,0.16470588235294117,0.8,0.2731707317073171,0.17860475710587712,0.9995918740082655,source reported; blank if unsupported,True,0.8,7,0,,Any non-benign predicted label
PX081-0006,PX081,UNRAVELED,clean,,none,2,False,8101,,6,px081_evidence_acquisition/RESULTS.json,DataExfiltration,3442,2710,2324,0.8575645756457565,0.6751888436955259,0.7555266579973993,0.6438153548483313,0.8332264352202063,source reported; blank if unsupported,True,0.6751888436955258,1118,0,,Any non-benign predicted label
PX081-0007,PX081,UNRAVELED,clean,,roles_first,2,False,8101,,7,px081_evidence_acquisition/RESULTS.json,Benign,192193,192093,192007,0.9995523001879298,0.9990322228176884,0.9992921938348002,0.9999798806000139,0.9997704852669634,source reported; blank if unsupported,True,,,,,Any non-benign predicted label
PX081-0007,PX081,UNRAVELED,clean,,roles_first,2,False,8101,,7,px081_evidence_acquisition/RESULTS.json,OtherAttackStage,12424,12025,12022,0.9997505197505198,0.9676432710882164,0.9834349053131007,0.9890704379145144,0.9980448743220538,source reported; blank if unsupported,True,0.9967804249839022,40,362,,Any non-benign predicted label
PX081-0007,PX081,UNRAVELED,clean,,roles_first,2,False,8101,,7,px081_evidence_acquisition/RESULTS.json,LateralMovement,35,1267,32,0.025256511444356748,0.9142857142857143,0.04915514592933948,0.18080638111086955,0.9991135069516683,source reported; blank if unsupported,True,0.9142857142857143,3,0,,Any non-benign predicted label
PX081-0007,PX081,UNRAVELED,clean,,roles_first,2,False,8101,,7,px081_evidence_acquisition/RESULTS.json,DataExfiltration,3442,2709,2324,0.8578811369509044,0.6751888436955259,0.7556494878881482,0.7019862724938687,0.9781807479355014,source reported; blank if unsupported,True,0.9875072632190587,43,1075,,Any non-benign predicted label
PX081-0008,PX081,UNRAVELED,clean,,history_first,2,False,8101,,8,px081_evidence_acquisition/RESULTS.json,Benign,192193,193265,192064,0.993785734613096,0.9993287996961387,0.9965495592256485,0.9995397947951151,0.9946812705737537,source reported; blank if unsupported,True,,,,,Any non-benign predicted label
PX081-0008,PX081,UNRAVELED,clean,,history_first,2,False,8101,,8,px081_evidence_acquisition/RESULTS.json,OtherAttackStage,12424,12063,12061,0.9998342037635746,0.9707823567289118,0.985094131580022,0.9989153883705554,0.9999155235889197,source reported; blank if unsupported,True,0.9950096587250483,62,301,,Any non-benign predicted label
PX081-0008,PX081,UNRAVELED,clean,,history_first,2,False,8101,,8,px081_evidence_acquisition/RESULTS.json,LateralMovement,35,153,28,0.1830065359477124,0.8,0.2978723404255319,0.2139349921997138,0.9996334144229693,source reported; blank if unsupported,True,0.8,7,0,,Any non-benign predicted label
PX081-0008,PX081,UNRAVELED,clean,,history_first,2,False,8101,,8,px081_evidence_acquisition/RESULTS.json,DataExfiltration,3442,2613,2309,0.8836586299272866,0.6708309122603138,0.7626754748142032,0.7127961549251688,0.9325640447752391,source reported; blank if unsupported,True,0.6711214410226612,1132,1,,Any non-benign predicted label
PX081-0009,PX081,UNRAVELED,clean,,random,2,False,8101,,9,px081_evidence_acquisition/RESULTS.json,Benign,192193,192666,192038,0.9967404731504261,0.9991935190147404,0.9979654886594831,0.9997291018369593,0.996897596503487,source reported; blank if unsupported,True,,,,,Any non-benign predicted label
PX081-0009,PX081,UNRAVELED,clean,,random,2,False,8101,,9,px081_evidence_acquisition/RESULTS.json,OtherAttackStage,12424,12039,12036,0.9997508098679292,0.9687701223438506,0.9840166782487839,0.9940866532126036,0.9990659884042646,source reported; blank if unsupported,True,0.9959755312298777,50,338,,Any non-benign predicted label
PX081-0009,PX081,UNRAVELED,clean,,random,2,False,8101,,9,px081_evidence_acquisition/RESULTS.json,LateralMovement,35,719,31,0.043115438108484005,0.8857142857142857,0.08222811671087533,0.19665321589246587,0.9993085752461699,source reported; blank if unsupported,True,0.8857142857142857,4,0,,Any non-benign predicted label
PX081-0009,PX081,UNRAVELED,clean,,random,2,False,8101,,9,px081_evidence_acquisition/RESULTS.json,DataExfiltration,3442,2670,2317,0.8677902621722846,0.6731551423590936,0.7581806282722513,0.7023523027068613,0.9488230920491858,source reported; blank if unsupported,True,0.8332364904125509,574,551,,Any non-benign predicted label
PX081-0010,PX081,UNRAVELED,clean,,entropy,2,False,8101,,10,px081_evidence_acquisition/RESULTS.json,Benign,192193,192195,192059,0.999292385337808,0.9993027841804852,0.9992975847320936,0.9999857860461853,0.9998316937986483,source reported; blank if unsupported,True,,,,,Any non-benign predicted label
PX081-0010,PX081,UNRAVELED,clean,,entropy,2,False,8101,,10,px081_evidence_acquisition/RESULTS.json,OtherAttackStage,12424,12063,12061,0.9998342037635746,0.9707823567289118,0.985094131580022,0.9898649445269887,0.9984621580725607,source reported; blank if unsupported,True,0.9959755312298777,50,313,,Any non-benign predicted label
PX081-0010,PX081,UNRAVELED,clean,,entropy,2,False,8101,,10,px081_evidence_acquisition/RESULTS.json,LateralMovement,35,1200,28,0.023333333333333334,0.8,0.045344129554655874,0.17380068174977828,0.9986161892265449,source reported; blank if unsupported,True,0.8,7,0,,Any non-benign predicted label
PX081-0010,PX081,UNRAVELED,clean,,entropy,2,False,8101,,10,px081_evidence_acquisition/RESULTS.json,DataExfiltration,3442,2636,2320,0.8801213960546282,0.674026728646136,0.7634090161237249,0.8879386009412479,0.9965927470385719,source reported; blank if unsupported,True,0.9770482277745497,79,1043,,Any non-benign predicted label
PX081-0011,PX081,UNRAVELED,clean,,harm,2,False,8101,,11,px081_evidence_acquisition/RESULTS.json,Benign,192193,193246,192055,0.9938368711383418,0.9992819717679624,0.9965519835823567,0.999547359195798,0.9947151871099841,source reported; blank if unsupported,True,,,,,Any non-benign predicted label
PX081-0011,PX081,UNRAVELED,clean,,harm,2,False,8101,,11,px081_evidence_acquisition/RESULTS.json,OtherAttackStage,12424,12053,12051,0.9998340662075832,0.9699774629748873,0.9846794950361564,0.9967536008824419,0.9996713829044663,source reported; blank if unsupported,True,0.9951706374758532,60,313,,Any non-benign predicted label
PX081-0011,PX081,UNRAVELED,clean,,harm,2,False,8101,,11,px081_evidence_acquisition/RESULTS.json,LateralMovement,35,163,28,0.17177914110429449,0.8,0.2828282828282828,0.19263244912368868,0.9995933845688002,source reported; blank if unsupported,True,0.8,7,0,,Any non-benign predicted label
PX081-0011,PX081,UNRAVELED,clean,,harm,2,False,8101,,11,px081_evidence_acquisition/RESULTS.json,DataExfiltration,3442,2632,2315,0.8795592705167173,0.6725740848343986,0.7622653934804083,0.679727702689763,0.8621744956927093,source reported; blank if unsupported,True,0.673445671121441,1124,3,,Any non-benign predicted label
PX081-0012,PX081,UNRAVELED,clean,,none,3,False,8101,,12,px081_evidence_acquisition/RESULTS.json,Benign,192193,193189,192026,0.9939799885086625,0.9991310817771719,0.996548878774826,0.9991662525429409,0.9905839011369465,source reported; blank if unsupported,True,,,,,Any non-benign predicted label
PX081-0012,PX081,UNRAVELED,clean,,none,3,False,8101,,12,px081_evidence_acquisition/RESULTS.json,OtherAttackStage,12424,12025,12023,0.9998336798336799,0.9677237604636189,0.9835167082498262,0.9889713015513423,0.9979110160522643,source reported; blank if unsupported,True,0.996941403734707,38,363,,Any non-benign predicted label
PX081-0012,PX081,UNRAVELED,clean,,none,3,False,8101,,12,px081_evidence_acquisition/RESULTS.json,LateralMovement,35,170,28,0.16470588235294117,0.8,0.2731707317073171,0.17860475710587712,0.9995918740082655,source reported; blank if unsupported,True,0.8,7,0,,Any non-benign predicted label
PX081-0012,PX081,UNRAVELED,clean,,none,3,False,8101,,12,px081_evidence_acquisition/RESULTS.json,DataExfiltration,3442,2710,2324,0.8575645756457565,0.6751888436955259,0.7555266579973993,0.6438153548483313,0.8332264352202063,source reported; blank if unsupported,True,0.6751888436955258,1118,0,,Any non-benign predicted label
PX081-0013,PX081,UNRAVELED,clean,,roles_first,3,False,8101,,13,px081_evidence_acquisition/RESULTS.json,Benign,192193,192329,192042,0.9985077653396004,0.9992143314272632,0.9988609234322093,0.999991707594958,0.9998996940798195,source reported; blank if unsupported,True,,,,,Any non-benign predicted label
PX081-0013,PX081,UNRAVELED,clean,,roles_first,3,False,8101,,13,px081_evidence_acquisition/RESULTS.json,OtherAttackStage,12424,12055,12054,0.9999170468685192,0.9702189311010947,0.9848441521303974,0.9986716347505004,0.9998985493269925,source reported; blank if unsupported,True,0.994607211848036,67,303,,Any non-benign predicted label
PX081-0013,PX081,UNRAVELED,clean,,roles_first,3,False,8101,,13,px081_evidence_acquisition/RESULTS.json,LateralMovement,35,1095,32,0.029223744292237442,0.9142857142857143,0.05663716814159292,0.16623913296162215,0.9990757429383011,source reported; blank if unsupported,True,0.9142857142857143,3,0,,Any non-benign predicted label
PX081-0013,PX081,UNRAVELED,clean,,roles_first,3,False,8101,,13,px081_evidence_acquisition/RESULTS.json,DataExfiltration,3442,2615,2310,0.8833652007648184,0.6711214410226612,0.7627538385339276,0.9334396556613599,0.998473260365979,source reported; blank if unsupported,True,0.9369552585705985,217,915,,Any non-benign predicted label
PX081-0014,PX081,UNRAVELED,clean,,history_first,3,False,8101,,14,px081_evidence_acquisition/RESULTS.json,Benign,192193,192329,192042,0.9985077653396004,0.9992143314272632,0.9988609234322093,0.999991707594958,0.9998996940798195,source reported; blank if unsupported,True,,,,,Any non-benign predicted label
PX081-0014,PX081,UNRAVELED,clean,,history_first,3,False,8101,,14,px081_evidence_acquisition/RESULTS.json,OtherAttackStage,12424,12055,12054,0.9999170468685192,0.9702189311010947,0.9848441521303974,0.9986716347505004,0.9998985493269925,source reported; blank if unsupported,True,0.994607211848036,67,303,,Any non-benign predicted label
PX081-0014,PX081,UNRAVELED,clean,,history_first,3,False,8101,,14,px081_evidence_acquisition/RESULTS.json,LateralMovement,35,1095,32,0.029223744292237442,0.9142857142857143,0.05663716814159292,0.16623913296162215,0.9990757429383011,source reported; blank if unsupported,True,0.9142857142857143,3,0,,Any non-benign predicted label
PX081-0014,PX081,UNRAVELED,clean,,history_first,3,False,8101,,14,px081_evidence_acquisition/RESULTS.json,DataExfiltration,3442,2615,2310,0.8833652007648184,0.6711214410226612,0.7627538385339276,0.9334396556613599,0.998473260365979,source reported; blank if unsupported,True,0.9369552585705985,217,915,,Any non-benign predicted label
PX081-0015,PX081,UNRAVELED,clean,,random,3,False,8101,,15,px081_evidence_acquisition/RESULTS.json,Benign,192193,192329,192042,0.9985077653396004,0.9992143314272632,0.9988609234322093,0.999991707594958,0.9998996940798195,source reported; blank if unsupported,True,,,,,Any non-benign predicted label
PX081-0015,PX081,UNRAVELED,clean,,random,3,False,8101,,15,px081_evidence_acquisition/RESULTS.json,OtherAttackStage,12424,12055,12054,0.9999170468685192,0.9702189311010947,0.9848441521303974,0.9986716347505004,0.9998985493269925,source reported; blank if unsupported,True,0.994607211848036,67,303,,Any non-benign predicted label
PX081-0015,PX081,UNRAVELED,clean,,random,3,False,8101,,15,px081_evidence_acquisition/RESULTS.json,LateralMovement,35,1095,32,0.029223744292237442,0.9142857142857143,0.05663716814159292,0.16623913296162215,0.9990757429383011,source reported; blank if unsupported,True,0.9142857142857143,3,0,,Any non-benign predicted label
PX081-0015,PX081,UNRAVELED,clean,,random,3,False,8101,,15,px081_evidence_acquisition/RESULTS.json,DataExfiltration,3442,2615,2310,0.8833652007648184,0.6711214410226612,0.7627538385339276,0.9334396556613599,0.998473260365979,source reported; blank if unsupported,True,0.9369552585705985,217,915,,Any non-benign predicted label
PX081-0016,PX081,UNRAVELED,clean,,entropy,3,False,8101,,16,px081_evidence_acquisition/RESULTS.json,Benign,192193,192327,192045,0.9985337472117799,0.9992299407366554,0.9988817226672214,0.9999886170698429,0.9998645071173325,source reported; blank if unsupported,True,,,,,Any non-benign predicted label
PX081-0016,PX081,UNRAVELED,clean,,entropy,3,False,8101,,16,px081_evidence_acquisition/RESULTS.json,OtherAttackStage,12424,12055,12054,0.9999170468685192,0.9702189311010947,0.9848441521303974,0.9902132388973992,0.9985931488029424,source reported; blank if unsupported,True,0.9955730843528654,55,315,,Any non-benign predicted label
PX081-0016,PX081,UNRAVELED,clean,,entropy,3,False,8101,,16,px081_evidence_acquisition/RESULTS.json,LateralMovement,35,1075,30,0.027906976744186046,0.8571428571428571,0.05405405405405406,0.16993818476806563,0.9988159951881781,source reported; blank if unsupported,True,0.8571428571428572,5,0,,Any non-benign predicted label
PX081-0016,PX081,UNRAVELED,clean,,entropy,3,False,8101,,16,px081_evidence_acquisition/RESULTS.json,DataExfiltration,3442,2637,2320,0.8797876374668183,0.674026728646136,0.7632834347754565,0.8914106248854445,0.9972213136790377,source reported; blank if unsupported,True,0.9355026147588611,222,900,,Any non-benign predicted label
PX081-0017,PX081,UNRAVELED,clean,,harm,3,False,8101,,17,px081_evidence_acquisition/RESULTS.json,Benign,192193,193227,192040,0.9938569661589737,0.9992039252210018,0.9965232733122308,0.9995632603314178,0.9948935657546141,source reported; blank if unsupported,True,,,,,Any non-benign predicted label
PX081-0017,PX081,UNRAVELED,clean,,harm,3,False,8101,,17,px081_evidence_acquisition/RESULTS.json,OtherAttackStage,12424,12054,12052,0.9998340799734527,0.9700579523502898,0.9847209739357791,0.9983883756972068,0.9998450389272896,source reported; blank if unsupported,True,0.9947681905988409,65,307,,Any non-benign predicted label
PX081-0017,PX081,UNRAVELED,clean,,harm,3,False,8101,,17,px081_evidence_acquisition/RESULTS.json,LateralMovement,35,191,32,0.16753926701570682,0.9142857142857143,0.2831858407079646,0.19572347739774365,0.9996016239898985,source reported; blank if unsupported,True,0.9142857142857143,3,0,,Any non-benign predicted label
PX081-0017,PX081,UNRAVELED,clean,,harm,3,False,8101,,17,px081_evidence_acquisition/RESULTS.json,DataExfiltration,3442,2622,2312,0.881769641495042,0.6717024985473562,0.762532981530343,0.6865124135535263,0.8634777362113316,source reported; blank if unsupported,True,0.6748983149331784,1119,11,,Any non-benign predicted label
PX081-0018,PX081,UNRAVELED,clean,,full_context_reference,,True,8101,,18,px081_evidence_acquisition/RESULTS.json,Benign,192193,192329,192042,0.9985077653396004,0.9992143314272632,0.9988609234322093,0.999991707594958,0.9998996940798195,source reported; blank if unsupported,True,,,,,Any non-benign predicted label
PX081-0018,PX081,UNRAVELED,clean,,full_context_reference,,True,8101,,18,px081_evidence_acquisition/RESULTS.json,OtherAttackStage,12424,12055,12054,0.9999170468685192,0.9702189311010947,0.9848441521303974,0.9986716347505004,0.9998985493269925,source reported; blank if unsupported,True,0.994607211848036,67,303,,Any non-benign predicted label
PX081-0018,PX081,UNRAVELED,clean,,full_context_reference,,True,8101,,18,px081_evidence_acquisition/RESULTS.json,LateralMovement,35,1095,32,0.029223744292237442,0.9142857142857143,0.05663716814159292,0.16623913296162215,0.9990757429383011,source reported; blank if unsupported,True,0.9142857142857143,3,0,,Any non-benign predicted label
PX081-0018,PX081,UNRAVELED,clean,,full_context_reference,,True,8101,,18,px081_evidence_acquisition/RESULTS.json,DataExfiltration,3442,2615,2310,0.8833652007648184,0.6711214410226612,0.7627538385339276,0.9334396556613599,0.998473260365979,source reported; blank if unsupported,True,0.9369552585705985,217,915,,Any non-benign predicted label
PX081-0019,PX081,UNRAVELED,delayed_unavailable,,none,1,False,8101,,19,px081_evidence_acquisition/RESULTS.json,Benign,192193,193189,192026,0.9939799885086625,0.9991310817771719,0.996548878774826,0.9991662525429409,0.9905839011369465,source reported; blank if unsupported,True,,,,,Any non-benign predicted label
PX081-0019,PX081,UNRAVELED,delayed_unavailable,,none,1,False,8101,,19,px081_evidence_acquisition/RESULTS.json,OtherAttackStage,12424,12025,12023,0.9998336798336799,0.9677237604636189,0.9835167082498262,0.9889713015513423,0.9979110160522643,source reported; blank if unsupported,True,0.996941403734707,38,363,,Any non-benign predicted label
PX081-0019,PX081,UNRAVELED,delayed_unavailable,,none,1,False,8101,,19,px081_evidence_acquisition/RESULTS.json,LateralMovement,35,170,28,0.16470588235294117,0.8,0.2731707317073171,0.17860475710587712,0.9995918740082655,source reported; blank if unsupported,True,0.8,7,0,,Any non-benign predicted label
PX081-0019,PX081,UNRAVELED,delayed_unavailable,,none,1,False,8101,,19,px081_evidence_acquisition/RESULTS.json,DataExfiltration,3442,2710,2324,0.8575645756457565,0.6751888436955259,0.7555266579973993,0.6438153548483313,0.8332264352202063,source reported; blank if unsupported,True,0.6751888436955258,1118,0,,Any non-benign predicted label
PX081-0020,PX081,UNRAVELED,delayed_unavailable,,roles_first,1,False,8101,,20,px081_evidence_acquisition/RESULTS.json,Benign,192193,192428,192013,0.99784334920074,0.9990634414364727,0.9984530225858702,0.9997712350075,0.9974036816418893,source reported; blank if unsupported,True,,,,,Any non-benign predicted label
PX081-0020,PX081,UNRAVELED,delayed_unavailable,,roles_first,1,False,8101,,20,px081_evidence_acquisition/RESULTS.json,OtherAttackStage,12424,12024,12021,0.999750499001996,0.967562781712814,0.9833933246073299,0.9890496876049716,0.9980080619609655,source reported; blank if unsupported,True,0.9966194462330973,42,361,,Any non-benign predicted label
PX081-0020,PX081,UNRAVELED,delayed_unavailable,,roles_first,1,False,8101,,20,px081_evidence_acquisition/RESULTS.json,LateralMovement,35,934,31,0.033190578158458245,0.8857142857142857,0.06398348813209494,0.16496789946634643,0.9991452287228966,source reported; blank if unsupported,True,0.8857142857142857,4,0,,Any non-benign predicted label
PX081-0020,PX081,UNRAVELED,delayed_unavailable,,roles_first,1,False,8101,,20,px081_evidence_acquisition/RESULTS.json,DataExfiltration,3442,2708,2324,0.8581979320531757,0.6751888436955259,0.7557723577235772,0.6816195460982388,0.9363166729381842,source reported; blank if unsupported,True,0.8927948866937827,369,749,,Any non-benign predicted label
PX081-0021,PX081,UNRAVELED,delayed_unavailable,,history_first,1,False,8101,,21,px081_evidence_acquisition/RESULTS.json,Benign,192193,192428,192013,0.99784334920074,0.9990634414364727,0.9984530225858702,0.9997712350075,0.9974036816418893,source reported; blank if unsupported,True,,,,,Any non-benign predicted label
PX081-0021,PX081,UNRAVELED,delayed_unavailable,,history_first,1,False,8101,,21,px081_evidence_acquisition/RESULTS.json,OtherAttackStage,12424,12024,12021,0.999750499001996,0.967562781712814,0.9833933246073299,0.9890496876049716,0.9980080619609655,source reported; blank if unsupported,True,0.9966194462330973,42,361,,Any non-benign predicted label
PX081-0021,PX081,UNRAVELED,delayed_unavailable,,history_first,1,False,8101,,21,px081_evidence_acquisition/RESULTS.json,LateralMovement,35,934,31,0.033190578158458245,0.8857142857142857,0.06398348813209494,0.16496789946634643,0.9991452287228966,source reported; blank if unsupported,True,0.8857142857142857,4,0,,Any non-benign predicted label
PX081-0021,PX081,UNRAVELED,delayed_unavailable,,history_first,1,False,8101,,21,px081_evidence_acquisition/RESULTS.json,DataExfiltration,3442,2708,2324,0.8581979320531757,0.6751888436955259,0.7557723577235772,0.6816195460982388,0.9363166729381842,source reported; blank if unsupported,True,0.8927948866937827,369,749,,Any non-benign predicted label
PX081-0022,PX081,UNRAVELED,delayed_unavailable,,random,1,False,8101,,22,px081_evidence_acquisition/RESULTS.json,Benign,192193,192428,192013,0.99784334920074,0.9990634414364727,0.9984530225858702,0.9997712350075,0.9974036816418893,source reported; blank if unsupported,True,,,,,Any non-benign predicted label
PX081-0022,PX081,UNRAVELED,delayed_unavailable,,random,1,False,8101,,22,px081_evidence_acquisition/RESULTS.json,OtherAttackStage,12424,12024,12021,0.999750499001996,0.967562781712814,0.9833933246073299,0.9890496876049716,0.9980080619609655,source reported; blank if unsupported,True,0.9966194462330973,42,361,,Any non-benign predicted label
PX081-0022,PX081,UNRAVELED,delayed_unavailable,,random,1,False,8101,,22,px081_evidence_acquisition/RESULTS.json,LateralMovement,35,934,31,0.033190578158458245,0.8857142857142857,0.06398348813209494,0.16496789946634643,0.9991452287228966,source reported; blank if unsupported,True,0.8857142857142857,4,0,,Any non-benign predicted label
PX081-0022,PX081,UNRAVELED,delayed_unavailable,,random,1,False,8101,,22,px081_evidence_acquisition/RESULTS.json,DataExfiltration,3442,2708,2324,0.8581979320531757,0.6751888436955259,0.7557723577235772,0.6816195460982388,0.9363166729381842,source reported; blank if unsupported,True,0.8927948866937827,369,749,,Any non-benign predicted label
PX081-0023,PX081,UNRAVELED,delayed_unavailable,,entropy,1,False,8101,,23,px081_evidence_acquisition/RESULTS.json,Benign,192193,192466,192025,0.9977086862095124,0.9991258786740412,0.9984167795372004,0.999715560021012,0.9968137249744259,source reported; blank if unsupported,True,,,,,Any non-benign predicted label
PX081-0023,PX081,UNRAVELED,delayed_unavailable,,entropy,1,False,8101,,23,px081_evidence_acquisition/RESULTS.json,OtherAttackStage,12424,12023,12020,0.9997504782500208,0.9674822923374115,0.9833517404998569,0.9886388222382533,0.9978270359381709,source reported; blank if unsupported,True,0.9966194462330973,42,362,,Any non-benign predicted label
PX081-0023,PX081,UNRAVELED,delayed_unavailable,,entropy,1,False,8101,,23,px081_evidence_acquisition/RESULTS.json,LateralMovement,35,896,28,0.03125,0.8,0.06015037593984962,0.15369222293717283,0.9988933770846594,source reported; blank if unsupported,True,0.8,7,0,,Any non-benign predicted label
PX081-0023,PX081,UNRAVELED,delayed_unavailable,,entropy,1,False,8101,,23,px081_evidence_acquisition/RESULTS.json,DataExfiltration,3442,2709,2324,0.8578811369509044,0.6751888436955259,0.7556494878881482,0.6814732464531373,0.9323671856022298,source reported; blank if unsupported,True,0.8861127251597908,392,726,,Any non-benign predicted label
PX081-0024,PX081,UNRAVELED,delayed_unavailable,,harm,1,False,8101,,24,px081_evidence_acquisition/RESULTS.json,Benign,192193,193162,192015,0.9940619790642051,0.9990738476427341,0.9965616120200854,0.9992321407020439,0.9912865855974946,source reported; blank if unsupported,True,,,,,Any non-benign predicted label
PX081-0024,PX081,UNRAVELED,delayed_unavailable,,harm,1,False,8101,,24,px081_evidence_acquisition/RESULTS.json,OtherAttackStage,12424,12025,12023,0.9998336798336799,0.9677237604636189,0.9835167082498262,0.9892938931675281,0.9980347743801401,source reported; blank if unsupported,True,0.996941403734707,38,363,,Any non-benign predicted label
PX081-0024,PX081,UNRAVELED,delayed_unavailable,,harm,1,False,8101,,24,px081_evidence_acquisition/RESULTS.json,LateralMovement,35,197,31,0.15736040609137056,0.8857142857142857,0.2672413793103448,0.1809180246247608,0.9995690096147178,source reported; blank if unsupported,True,0.8857142857142857,4,0,,Any non-benign predicted label
PX081-0024,PX081,UNRAVELED,delayed_unavailable,,harm,1,False,8101,,24,px081_evidence_acquisition/RESULTS.json,DataExfiltration,3442,2710,2324,0.8575645756457565,0.6751888436955259,0.7555266579973993,0.6440690051967152,0.833068348090924,source reported; blank if unsupported,True,0.6789657176060431,1105,13,,Any non-benign predicted label
PX081-0025,PX081,UNRAVELED,delayed_unavailable,,none,2,False,8101,,25,px081_evidence_acquisition/RESULTS.json,Benign,192193,193189,192026,0.9939799885086625,0.9991310817771719,0.996548878774826,0.9991662525429409,0.9905839011369465,source reported; blank if unsupported,True,,,,,Any non-benign predicted label
PX081-0025,PX081,UNRAVELED,delayed_unavailable,,none,2,False,8101,,25,px081_evidence_acquisition/RESULTS.json,OtherAttackStage,12424,12025,12023,0.9998336798336799,0.9677237604636189,0.9835167082498262,0.9889713015513423,0.9979110160522643,source reported; blank if unsupported,True,0.996941403734707,38,363,,Any non-benign predicted label
PX081-0025,PX081,UNRAVELED,delayed_unavailable,,none,2,False,8101,,25,px081_evidence_acquisition/RESULTS.json,LateralMovement,35,170,28,0.16470588235294117,0.8,0.2731707317073171,0.17860475710587712,0.9995918740082655,source reported; blank if unsupported,True,0.8,7,0,,Any non-benign predicted label
PX081-0025,PX081,UNRAVELED,delayed_unavailable,,none,2,False,8101,,25,px081_evidence_acquisition/RESULTS.json,DataExfiltration,3442,2710,2324,0.8575645756457565,0.6751888436955259,0.7555266579973993,0.6438153548483313,0.8332264352202063,source reported; blank if unsupported,True,0.6751888436955258,1118,0,,Any non-benign predicted label
PX081-0026,PX081,UNRAVELED,delayed_unavailable,,roles_first,2,False,8101,,26,px081_evidence_acquisition/RESULTS.json,Benign,192193,192428,192013,0.99784334920074,0.9990634414364727,0.9984530225858702,0.9997712350075,0.9974036816418893,source reported; blank if unsupported,True,,,,,Any non-benign predicted label
PX081-0026,PX081,UNRAVELED,delayed_unavailable,,roles_first,2,False,8101,,26,px081_evidence_acquisition/RESULTS.json,OtherAttackStage,12424,12024,12021,0.999750499001996,0.967562781712814,0.9833933246073299,0.9890496876049716,0.9980080619609655,source reported; blank if unsupported,True,0.9966194462330973,42,361,,Any non-benign predicted label
PX081-0026,PX081,UNRAVELED,delayed_unavailable,,roles_first,2,False,8101,,26,px081_evidence_acquisition/RESULTS.json,LateralMovement,35,934,31,0.033190578158458245,0.8857142857142857,0.06398348813209494,0.16496789946634643,0.9991452287228966,source reported; blank if unsupported,True,0.8857142857142857,4,0,,Any non-benign predicted label
PX081-0026,PX081,UNRAVELED,delayed_unavailable,,roles_first,2,False,8101,,26,px081_evidence_acquisition/RESULTS.json,DataExfiltration,3442,2708,2324,0.8581979320531757,0.6751888436955259,0.7557723577235772,0.6816195460982388,0.9363166729381842,source reported; blank if unsupported,True,0.8927948866937827,369,749,,Any non-benign predicted label
PX081-0027,PX081,UNRAVELED,delayed_unavailable,,history_first,2,False,8101,,27,px081_evidence_acquisition/RESULTS.json,Benign,192193,193220,192044,0.9939136735327606,0.9992247376335246,0.9965621294559343,0.9993369471716238,0.9924336507649555,source reported; blank if unsupported,True,,,,,Any non-benign predicted label
PX081-0027,PX081,UNRAVELED,delayed_unavailable,,history_first,2,False,8101,,27,px081_evidence_acquisition/RESULTS.json,OtherAttackStage,12424,12041,12039,0.9998339008388007,0.9690115904700579,0.9841814837522992,0.9934631900208768,0.9988911306146387,source reported; blank if unsupported,True,0.996216999356085,47,338,,Any non-benign predicted label
PX081-0027,PX081,UNRAVELED,delayed_unavailable,,history_first,2,False,8101,,27,px081_evidence_acquisition/RESULTS.json,LateralMovement,35,163,28,0.17177914110429449,0.8,0.2828282828282828,0.1993158407484071,0.9996119919281139,source reported; blank if unsupported,True,0.8,7,0,,Any non-benign predicted label
PX081-0027,PX081,UNRAVELED,delayed_unavailable,,history_first,2,False,8101,,27,px081_evidence_acquisition/RESULTS.json,DataExfiltration,3442,2670,2319,0.8685393258426967,0.6737361998837885,0.7588350785340314,0.6560233225144231,0.8672086455563068,source reported; blank if unsupported,True,0.6740267286461359,1122,1,,Any non-benign predicted label
PX081-0028,PX081,UNRAVELED,delayed_unavailable,,random,2,False,8101,,28,px081_evidence_acquisition/RESULTS.json,Benign,192193,192799,192029,0.9960062033516771,0.9991466910865641,0.9975739755631285,0.9995642698768222,0.9950467137174285,source reported; blank if unsupported,True,,,,,Any non-benign predicted label
PX081-0028,PX081,UNRAVELED,delayed_unavailable,,random,2,False,8101,,28,px081_evidence_acquisition/RESULTS.json,OtherAttackStage,12424,12029,12027,0.9998337351400781,0.9680457179652285,0.9836829836829837,0.9912003045861453,0.9984479828598232,source reported; blank if unsupported,True,0.9965389568576948,43,354,,Any non-benign predicted label
PX081-0028,PX081,UNRAVELED,delayed_unavailable,,random,2,False,8101,,28,px081_evidence_acquisition/RESULTS.json,LateralMovement,35,573,30,0.05235602094240838,0.8571428571428571,0.09868421052631579,0.19261846046212505,0.9993164026962132,source reported; blank if unsupported,True,0.8571428571428572,5,0,,Any non-benign predicted label
PX081-0028,PX081,UNRAVELED,delayed_unavailable,,random,2,False,8101,,28,px081_evidence_acquisition/RESULTS.json,DataExfiltration,3442,2693,2320,0.8614927590048274,0.674026728646136,0.756316218418908,0.6689472420883263,0.9035265359634949,source reported; blank if unsupported,True,0.7902382335851249,722,400,,Any non-benign predicted label
PX081-0029,PX081,UNRAVELED,delayed_unavailable,,entropy,2,False,8101,,29,px081_evidence_acquisition/RESULTS.json,Benign,192193,192484,192040,0.9976933147690198,0.9992039252210018,0.9984480486226106,0.9997637619792958,0.9973188174951723,source reported; blank if unsupported,True,,,,,Any non-benign predicted label
PX081-0029,PX081,UNRAVELED,delayed_unavailable,,entropy,2,False,8101,,29,px081_evidence_acquisition/RESULTS.json,OtherAttackStage,12424,12042,12039,0.9997508719481814,0.9690115904700579,0.984141257254966,0.9890998766276524,0.9980937658483897,source reported; blank if unsupported,True,0.9964584674822924,44,341,,Any non-benign predicted label
PX081-0029,PX081,UNRAVELED,delayed_unavailable,,entropy,2,False,8101,,29,px081_evidence_acquisition/RESULTS.json,LateralMovement,35,892,28,0.03139013452914798,0.8,0.06040992448759439,0.16664243794593636,0.9989092379702735,source reported; blank if unsupported,True,0.8,7,0,,Any non-benign predicted label
PX081-0029,PX081,UNRAVELED,delayed_unavailable,,entropy,2,False,8101,,29,px081_evidence_acquisition/RESULTS.json,DataExfiltration,3442,2676,2322,0.8677130044843049,0.674607786170831,0.7590715920235371,0.6996884521191387,0.9410089448424418,source reported; blank if unsupported,True,0.8858221963974433,393,727,,Any non-benign predicted label
PX081-0030,PX081,UNRAVELED,delayed_unavailable,,harm,2,False,8101,,30,px081_evidence_acquisition/RESULTS.json,Benign,192193,193211,192039,0.9939340927793966,0.9991987221178711,0.9965594544945044,0.9993223373303426,0.9922453402174406,source reported; blank if unsupported,True,,,,,Any non-benign predicted label
PX081-0030,PX081,UNRAVELED,delayed_unavailable,,harm,2,False,8101,,30,px081_evidence_acquisition/RESULTS.json,OtherAttackStage,12424,12040,12038,0.9998338870431893,0.9689311010946555,0.9841399607586658,0.9921038054204263,0.9987241099159323,source reported; blank if unsupported,True,0.9963779781068899,45,341,,Any non-benign predicted label
PX081-0030,PX081,UNRAVELED,delayed_unavailable,,harm,2,False,8101,,30,px081_evidence_acquisition/RESULTS.json,LateralMovement,35,168,28,0.16666666666666666,0.8,0.27586206896551724,0.18732470254061473,0.9995934532306427,source reported; blank if unsupported,True,0.8,7,0,,Any non-benign predicted label
PX081-0030,PX081,UNRAVELED,delayed_unavailable,,harm,2,False,8101,,30,px081_evidence_acquisition/RESULTS.json,DataExfiltration,3442,2675,2320,0.8672897196261682,0.674026728646136,0.758541768840935,0.6509022864278701,0.8443753749722194,source reported; blank if unsupported,True,0.6746077861708308,1120,2,,Any non-benign predicted label
PX081-0031,PX081,UNRAVELED,delayed_unavailable,,none,3,False,8101,,31,px081_evidence_acquisition/RESULTS.json,Benign,192193,193189,192026,0.9939799885086625,0.9991310817771719,0.996548878774826,0.9991662525429409,0.9905839011369465,source reported; blank if unsupported,True,,,,,Any non-benign predicted label
PX081-0031,PX081,UNRAVELED,delayed_unavailable,,none,3,False,8101,,31,px081_evidence_acquisition/RESULTS.json,OtherAttackStage,12424,12025,12023,0.9998336798336799,0.9677237604636189,0.9835167082498262,0.9889713015513423,0.9979110160522643,source reported; blank if unsupported,True,0.996941403734707,38,363,,Any non-benign predicted label
PX081-0031,PX081,UNRAVELED,delayed_unavailable,,none,3,False,8101,,31,px081_evidence_acquisition/RESULTS.json,LateralMovement,35,170,28,0.16470588235294117,0.8,0.2731707317073171,0.17860475710587712,0.9995918740082655,source reported; blank if unsupported,True,0.8,7,0,,Any non-benign predicted label
PX081-0031,PX081,UNRAVELED,delayed_unavailable,,none,3,False,8101,,31,px081_evidence_acquisition/RESULTS.json,DataExfiltration,3442,2710,2324,0.8575645756457565,0.6751888436955259,0.7555266579973993,0.6438153548483313,0.8332264352202063,source reported; blank if unsupported,True,0.6751888436955258,1118,0,,Any non-benign predicted label
PX081-0032,PX081,UNRAVELED,delayed_unavailable,,roles_first,3,False,8101,,32,px081_evidence_acquisition/RESULTS.json,Benign,192193,192478,192025,0.9976464842735273,0.9991258786740412,0.9983856334374049,0.9997930357845926,0.99763887918054,source reported; blank if unsupported,True,,,,,Any non-benign predicted label
PX081-0032,PX081,UNRAVELED,delayed_unavailable,,roles_first,3,False,8101,,32,px081_evidence_acquisition/RESULTS.json,OtherAttackStage,12424,12034,12031,0.9997507063320592,0.9683676754668383,0.98380897865729,0.9917370107837398,0.9985847533007842,source reported; blank if unsupported,True,0.9959755312298777,50,343,,Any non-benign predicted label
PX081-0032,PX081,UNRAVELED,delayed_unavailable,,roles_first,3,False,8101,,32,px081_evidence_acquisition/RESULTS.json,LateralMovement,35,899,31,0.034482758620689655,0.8857142857142857,0.06638115631691649,0.17728822891082358,0.9991321829728244,source reported; blank if unsupported,True,0.8857142857142857,4,0,,Any non-benign predicted label
PX081-0032,PX081,UNRAVELED,delayed_unavailable,,roles_first,3,False,8101,,32,px081_evidence_acquisition/RESULTS.json,DataExfiltration,3442,2683,2323,0.8658218412225122,0.6748983149331784,0.7585306122448979,0.6937962556464897,0.9434295247794863,source reported; blank if unsupported,True,0.8840790238233585,399,720,,Any non-benign predicted label
PX081-0033,PX081,UNRAVELED,delayed_unavailable,,history_first,3,False,8101,,33,px081_evidence_acquisition/RESULTS.json,Benign,192193,192922,192040,0.9954282041446803,0.9992039252210018,0.9973124910740947,0.9995397672565249,0.9947445721592825,source reported; blank if unsupported,True,,,,,Any non-benign predicted label
PX081-0033,PX081,UNRAVELED,delayed_unavailable,,history_first,3,False,8101,,33,px081_evidence_acquisition/RESULTS.json,OtherAttackStage,12424,12041,12039,0.9998339008388007,0.9690115904700579,0.9841814837522992,0.9934446224179228,0.9989096423071409,source reported; blank if unsupported,True,0.9960560206052801,49,336,,Any non-benign predicted label
PX081-0033,PX081,UNRAVELED,delayed_unavailable,,history_first,3,False,8101,,33,px081_evidence_acquisition/RESULTS.json,LateralMovement,35,462,29,0.06277056277056277,0.8285714285714286,0.11670020120724346,0.17643603524776205,0.9992956668197825,source reported; blank if unsupported,True,0.8285714285714285,6,0,,Any non-benign predicted label
PX081-0033,PX081,UNRAVELED,delayed_unavailable,,history_first,3,False,8101,,33,px081_evidence_acquisition/RESULTS.json,DataExfiltration,3442,2669,2320,0.8692394155114275,0.674026728646136,0.7592865324824087,0.6768189928949639,0.8980967966902741,source reported; blank if unsupported,True,0.7597327135386404,827,295,,Any non-benign predicted label
PX081-0034,PX081,UNRAVELED,delayed_unavailable,,random,3,False,8101,,34,px081_evidence_acquisition/RESULTS.json,Benign,192193,192690,192031,0.9965799989620634,0.9991570972928254,0.9978668842219584,0.9996736795132936,0.9962780628730096,source reported; blank if unsupported,True,,,,,Any non-benign predicted label
PX081-0034,PX081,UNRAVELED,delayed_unavailable,,random,3,False,8101,,34,px081_evidence_acquisition/RESULTS.json,OtherAttackStage,12424,12038,12035,0.9997507891676358,0.9686896329684481,0.983975145123048,0.9925429253099214,0.9987410354325691,source reported; blank if unsupported,True,0.9959755312298777,50,339,,Any non-benign predicted label
PX081-0034,PX081,UNRAVELED,delayed_unavailable,,random,3,False,8101,,34,px081_evidence_acquisition/RESULTS.json,LateralMovement,35,690,31,0.04492753623188406,0.8857142857142857,0.08551724137931034,0.2005594012709986,0.9992668288459386,source reported; blank if unsupported,True,0.8857142857142857,4,0,,Any non-benign predicted label
PX081-0034,PX081,UNRAVELED,delayed_unavailable,,random,3,False,8101,,34,px081_evidence_acquisition/RESULTS.json,DataExfiltration,3442,2676,2321,0.867339312406577,0.6743172574084835,0.7587446878064728,0.6859599843335212,0.9219277374111973,source reported; blank if unsupported,True,0.8242300987797793,605,516,,Any non-benign predicted label
PX081-0035,PX081,UNRAVELED,delayed_unavailable,,entropy,3,False,8101,,35,px081_evidence_acquisition/RESULTS.json,Benign,192193,192507,192038,0.9975637249554562,0.9991935190147404,0.9983779568494932,0.9997725305351748,0.9974161660135481,source reported; blank if unsupported,True,,,,,Any non-benign predicted label
PX081-0035,PX081,UNRAVELED,delayed_unavailable,,entropy,3,False,8101,,35,px081_evidence_acquisition/RESULTS.json,OtherAttackStage,12424,12041,12038,0.9997508512582012,0.9689311010946555,0.9840997343143266,0.9891417575269228,0.998119083370687,source reported; blank if unsupported,True,0.9962974887314875,46,340,,Any non-benign predicted label
PX081-0035,PX081,UNRAVELED,delayed_unavailable,,entropy,3,False,8101,,35,px081_evidence_acquisition/RESULTS.json,LateralMovement,35,871,28,0.03214695752009185,0.8,0.06181015452538632,0.15881854934819803,0.9988703753674267,source reported; blank if unsupported,True,0.8,7,0,,Any non-benign predicted label
PX081-0035,PX081,UNRAVELED,delayed_unavailable,,entropy,3,False,8101,,35,px081_evidence_acquisition/RESULTS.json,DataExfiltration,3442,2675,2322,0.8680373831775701,0.674607786170831,0.7591956841589014,0.6986022661914402,0.9439142920900981,source reported; blank if unsupported,True,0.8791400348634515,416,704,,Any non-benign predicted label
PX081-0036,PX081,UNRAVELED,delayed_unavailable,,harm,3,False,8101,,36,px081_evidence_acquisition/RESULTS.json,Benign,192193,193205,192038,0.9939597836494914,0.9991935190147404,0.9965697798120384,0.9993346994365698,0.992379397919281,source reported; blank if unsupported,True,,,,,Any non-benign predicted label
PX081-0036,PX081,UNRAVELED,delayed_unavailable,,harm,3,False,8101,,36,px081_evidence_acquisition/RESULTS.json,OtherAttackStage,12424,12040,12038,0.9998338870431893,0.9689311010946555,0.9841399607586658,0.9926538718102726,0.9987942484242971,source reported; blank if unsupported,True,0.996216999356085,47,339,,Any non-benign predicted label
PX081-0036,PX081,UNRAVELED,delayed_unavailable,,harm,3,False,8101,,36,px081_evidence_acquisition/RESULTS.json,LateralMovement,35,176,29,0.16477272727272727,0.8285714285714286,0.27488151658767773,0.1826745121636819,0.9995744339002742,source reported; blank if unsupported,True,0.8285714285714285,6,0,,Any non-benign predicted label
PX081-0036,PX081,UNRAVELED,delayed_unavailable,,harm,3,False,8101,,36,px081_evidence_acquisition/RESULTS.json,DataExfiltration,3442,2673,2321,0.8683127572016461,0.6743172574084835,0.7591169255928045,0.6521504283502403,0.8446197333236359,source reported; blank if unsupported,True,0.6763509587449157,1114,7,,Any non-benign predicted label
PX081-0037,PX081,UNRAVELED,delayed_unavailable,,full_context_reference,,True,8101,,37,px081_evidence_acquisition/RESULTS.json,Benign,192193,192329,192042,0.9985077653396004,0.9992143314272632,0.9988609234322093,0.999991707594958,0.9998996940798195,source reported; blank if unsupported,True,,,,,Any non-benign predicted label
PX081-0037,PX081,UNRAVELED,delayed_unavailable,,full_context_reference,,True,8101,,37,px081_evidence_acquisition/RESULTS.json,OtherAttackStage,12424,12055,12054,0.9999170468685192,0.9702189311010947,0.9848441521303974,0.9986716347505004,0.9998985493269925,source reported; blank if unsupported,True,0.994607211848036,67,303,,Any non-benign predicted label
PX081-0037,PX081,UNRAVELED,delayed_unavailable,,full_context_reference,,True,8101,,37,px081_evidence_acquisition/RESULTS.json,LateralMovement,35,1095,32,0.029223744292237442,0.9142857142857143,0.05663716814159292,0.16623913296162215,0.9990757429383011,source reported; blank if unsupported,True,0.9142857142857143,3,0,,Any non-benign predicted label
PX081-0037,PX081,UNRAVELED,delayed_unavailable,,full_context_reference,,True,8101,,37,px081_evidence_acquisition/RESULTS.json,DataExfiltration,3442,2615,2310,0.8833652007648184,0.6711214410226612,0.7627538385339276,0.9334396556613599,0.998473260365979,source reported; blank if unsupported,True,0.9369552585705985,217,915,,Any non-benign predicted label
PX081-0038,PX081,UNRAVELED,wrong_host_history,,none,1,False,8101,,38,px081_evidence_acquisition/RESULTS.json,Benign,192193,193189,192026,0.9939799885086625,0.9991310817771719,0.996548878774826,0.9991662525429409,0.9905839011369465,source reported; blank if unsupported,True,,,,,Any non-benign predicted label
PX081-0038,PX081,UNRAVELED,wrong_host_history,,none,1,False,8101,,38,px081_evidence_acquisition/RESULTS.json,OtherAttackStage,12424,12025,12023,0.9998336798336799,0.9677237604636189,0.9835167082498262,0.9889713015513423,0.9979110160522643,source reported; blank if unsupported,True,0.996941403734707,38,363,,Any non-benign predicted label
PX081-0038,PX081,UNRAVELED,wrong_host_history,,none,1,False,8101,,38,px081_evidence_acquisition/RESULTS.json,LateralMovement,35,170,28,0.16470588235294117,0.8,0.2731707317073171,0.17860475710587712,0.9995918740082655,source reported; blank if unsupported,True,0.8,7,0,,Any non-benign predicted label
PX081-0038,PX081,UNRAVELED,wrong_host_history,,none,1,False,8101,,38,px081_evidence_acquisition/RESULTS.json,DataExfiltration,3442,2710,2324,0.8575645756457565,0.6751888436955259,0.7555266579973993,0.6438153548483313,0.8332264352202063,source reported; blank if unsupported,True,0.6751888436955258,1118,0,,Any non-benign predicted label
PX081-0039,PX081,UNRAVELED,wrong_host_history,,roles_first,1,False,8101,,39,px081_evidence_acquisition/RESULTS.json,Benign,192193,192093,192007,0.9995523001879298,0.9990322228176884,0.9992921938348002,0.9999798806000139,0.9997704852669634,source reported; blank if unsupported,True,,,,,Any non-benign predicted label
PX081-0039,PX081,UNRAVELED,wrong_host_history,,roles_first,1,False,8101,,39,px081_evidence_acquisition/RESULTS.json,OtherAttackStage,12424,12025,12022,0.9997505197505198,0.9676432710882164,0.9834349053131007,0.9890704379145144,0.9980448743220538,source reported; blank if unsupported,True,0.9967804249839022,40,362,,Any non-benign predicted label
PX081-0039,PX081,UNRAVELED,wrong_host_history,,roles_first,1,False,8101,,39,px081_evidence_acquisition/RESULTS.json,LateralMovement,35,1267,32,0.025256511444356748,0.9142857142857143,0.04915514592933948,0.18080638111086955,0.9991135069516683,source reported; blank if unsupported,True,0.9142857142857143,3,0,,Any non-benign predicted label
PX081-0039,PX081,UNRAVELED,wrong_host_history,,roles_first,1,False,8101,,39,px081_evidence_acquisition/RESULTS.json,DataExfiltration,3442,2709,2324,0.8578811369509044,0.6751888436955259,0.7556494878881482,0.7019862724938687,0.9781807479355014,source reported; blank if unsupported,True,0.9875072632190587,43,1075,,Any non-benign predicted label
PX081-0040,PX081,UNRAVELED,wrong_host_history,,history_first,1,False,8101,,40,px081_evidence_acquisition/RESULTS.json,Benign,192193,192093,192007,0.9995523001879298,0.9990322228176884,0.9992921938348002,0.9999798806000139,0.9997704852669634,source reported; blank if unsupported,True,,,,,Any non-benign predicted label
PX081-0040,PX081,UNRAVELED,wrong_host_history,,history_first,1,False,8101,,40,px081_evidence_acquisition/RESULTS.json,OtherAttackStage,12424,12025,12022,0.9997505197505198,0.9676432710882164,0.9834349053131007,0.9890704379145144,0.9980448743220538,source reported; blank if unsupported,True,0.9967804249839022,40,362,,Any non-benign predicted label
PX081-0040,PX081,UNRAVELED,wrong_host_history,,history_first,1,False,8101,,40,px081_evidence_acquisition/RESULTS.json,LateralMovement,35,1267,32,0.025256511444356748,0.9142857142857143,0.04915514592933948,0.18080638111086955,0.9991135069516683,source reported; blank if unsupported,True,0.9142857142857143,3,0,,Any non-benign predicted label
PX081-0040,PX081,UNRAVELED,wrong_host_history,,history_first,1,False,8101,,40,px081_evidence_acquisition/RESULTS.json,DataExfiltration,3442,2709,2324,0.8578811369509044,0.6751888436955259,0.7556494878881482,0.7019862724938687,0.9781807479355014,source reported; blank if unsupported,True,0.9875072632190587,43,1075,,Any non-benign predicted label
PX081-0041,PX081,UNRAVELED,wrong_host_history,,random,1,False,8101,,41,px081_evidence_acquisition/RESULTS.json,Benign,192193,192093,192007,0.9995523001879298,0.9990322228176884,0.9992921938348002,0.9999798806000139,0.9997704852669634,source reported; blank if unsupported,True,,,,,Any non-benign predicted label
PX081-0041,PX081,UNRAVELED,wrong_host_history,,random,1,False,8101,,41,px081_evidence_acquisition/RESULTS.json,OtherAttackStage,12424,12025,12022,0.9997505197505198,0.9676432710882164,0.9834349053131007,0.9890704379145144,0.9980448743220538,source reported; blank if unsupported,True,0.9967804249839022,40,362,,Any non-benign predicted label
PX081-0041,PX081,UNRAVELED,wrong_host_history,,random,1,False,8101,,41,px081_evidence_acquisition/RESULTS.json,LateralMovement,35,1267,32,0.025256511444356748,0.9142857142857143,0.04915514592933948,0.18080638111086955,0.9991135069516683,source reported; blank if unsupported,True,0.9142857142857143,3,0,,Any non-benign predicted label
PX081-0041,PX081,UNRAVELED,wrong_host_history,,random,1,False,8101,,41,px081_evidence_acquisition/RESULTS.json,DataExfiltration,3442,2709,2324,0.8578811369509044,0.6751888436955259,0.7556494878881482,0.7019862724938687,0.9781807479355014,source reported; blank if unsupported,True,0.9875072632190587,43,1075,,Any non-benign predicted label
PX081-0042,PX081,UNRAVELED,wrong_host_history,,entropy,1,False,8101,,42,px081_evidence_acquisition/RESULTS.json,Benign,192193,192146,192025,0.9993702705234562,0.9991258786740412,0.9992480596556685,0.9999504564890083,0.9994662823951787,source reported; blank if unsupported,True,,,,,Any non-benign predicted label
PX081-0042,PX081,UNRAVELED,wrong_host_history,,entropy,1,False,8101,,42,px081_evidence_acquisition/RESULTS.json,OtherAttackStage,12424,12025,12022,0.9997505197505198,0.9676432710882164,0.9834349053131007,0.9884355889152054,0.9977630306979988,source reported; blank if unsupported,True,0.9967804249839022,40,362,,Any non-benign predicted label
PX081-0042,PX081,UNRAVELED,wrong_host_history,,entropy,1,False,8101,,42,px081_evidence_acquisition/RESULTS.json,LateralMovement,35,1214,28,0.023064250411861616,0.8,0.04483586869495596,0.1535816682159362,0.9985881065329683,source reported; blank if unsupported,True,0.8,7,0,,Any non-benign predicted label
PX081-0042,PX081,UNRAVELED,wrong_host_history,,entropy,1,False,8101,,42,px081_evidence_acquisition/RESULTS.json,DataExfiltration,3442,2709,2324,0.8578811369509044,0.6751888436955259,0.7556494878881482,0.7014437303100118,0.9752873808894822,source reported; blank if unsupported,True,0.9785008715862871,74,1044,,Any non-benign predicted label
PX081-0043,PX081,UNRAVELED,wrong_host_history,,harm,1,False,8101,,43,px081_evidence_acquisition/RESULTS.json,Benign,192193,193149,192009,0.9940978208533309,0.9990426290239499,0.9965640911190579,0.9992618413826669,0.9916039933763192,source reported; blank if unsupported,True,,,,,Any non-benign predicted label
PX081-0043,PX081,UNRAVELED,wrong_host_history,,harm,1,False,8101,,43,px081_evidence_acquisition/RESULTS.json,OtherAttackStage,12424,12026,12024,0.9998336936637285,0.9678042498390212,0.983558282208589,0.9894328895611464,0.9980908960465423,source reported; blank if unsupported,True,0.9970218931101095,37,363,,Any non-benign predicted label
PX081-0043,PX081,UNRAVELED,wrong_host_history,,harm,1,False,8101,,43,px081_evidence_acquisition/RESULTS.json,LateralMovement,35,209,32,0.15311004784688995,0.9142857142857143,0.26229508196721313,0.1882145921221111,0.9995701082041976,source reported; blank if unsupported,True,0.9142857142857143,3,0,,Any non-benign predicted label
PX081-0043,PX081,UNRAVELED,wrong_host_history,,harm,1,False,8101,,43,px081_evidence_acquisition/RESULTS.json,DataExfiltration,3442,2710,2324,0.8575645756457565,0.6751888436955259,0.7555266579973993,0.6442444359586467,0.8330122239907196,source reported; blank if unsupported,True,0.6804183614177803,1100,18,,Any non-benign predicted label
PX081-0044,PX081,UNRAVELED,wrong_host_history,,none,2,False,8101,,44,px081_evidence_acquisition/RESULTS.json,Benign,192193,193189,192026,0.9939799885086625,0.9991310817771719,0.996548878774826,0.9991662525429409,0.9905839011369465,source reported; blank if unsupported,True,,,,,Any non-benign predicted label
PX081-0044,PX081,UNRAVELED,wrong_host_history,,none,2,False,8101,,44,px081_evidence_acquisition/RESULTS.json,OtherAttackStage,12424,12025,12023,0.9998336798336799,0.9677237604636189,0.9835167082498262,0.9889713015513423,0.9979110160522643,source reported; blank if unsupported,True,0.996941403734707,38,363,,Any non-benign predicted label
PX081-0044,PX081,UNRAVELED,wrong_host_history,,none,2,False,8101,,44,px081_evidence_acquisition/RESULTS.json,LateralMovement,35,170,28,0.16470588235294117,0.8,0.2731707317073171,0.17860475710587712,0.9995918740082655,source reported; blank if unsupported,True,0.8,7,0,,Any non-benign predicted label
PX081-0044,PX081,UNRAVELED,wrong_host_history,,none,2,False,8101,,44,px081_evidence_acquisition/RESULTS.json,DataExfiltration,3442,2710,2324,0.8575645756457565,0.6751888436955259,0.7555266579973993,0.6438153548483313,0.8332264352202063,source reported; blank if unsupported,True,0.6751888436955258,1118,0,,Any non-benign predicted label
PX081-0045,PX081,UNRAVELED,wrong_host_history,,roles_first,2,False,8101,,45,px081_evidence_acquisition/RESULTS.json,Benign,192193,192093,192007,0.9995523001879298,0.9990322228176884,0.9992921938348002,0.9999798806000139,0.9997704852669634,source reported; blank if unsupported,True,,,,,Any non-benign predicted label
PX081-0045,PX081,UNRAVELED,wrong_host_history,,roles_first,2,False,8101,,45,px081_evidence_acquisition/RESULTS.json,OtherAttackStage,12424,12025,12022,0.9997505197505198,0.9676432710882164,0.9834349053131007,0.9890704379145144,0.9980448743220538,source reported; blank if unsupported,True,0.9967804249839022,40,362,,Any non-benign predicted label
PX081-0045,PX081,UNRAVELED,wrong_host_history,,roles_first,2,False,8101,,45,px081_evidence_acquisition/RESULTS.json,LateralMovement,35,1267,32,0.025256511444356748,0.9142857142857143,0.04915514592933948,0.18080638111086955,0.9991135069516683,source reported; blank if unsupported,True,0.9142857142857143,3,0,,Any non-benign predicted label
PX081-0045,PX081,UNRAVELED,wrong_host_history,,roles_first,2,False,8101,,45,px081_evidence_acquisition/RESULTS.json,DataExfiltration,3442,2709,2324,0.8578811369509044,0.6751888436955259,0.7556494878881482,0.7019862724938687,0.9781807479355014,source reported; blank if unsupported,True,0.9875072632190587,43,1075,,Any non-benign predicted label
PX081-0046,PX081,UNRAVELED,wrong_host_history,,history_first,2,False,8101,,46,px081_evidence_acquisition/RESULTS.json,Benign,192193,193991,192185,0.9906902897557103,0.9999583751749543,0.9953027572348933,0.9987415156530643,0.986262200109898,source reported; blank if unsupported,True,,,,,Any non-benign predicted label
PX081-0046,PX081,UNRAVELED,wrong_host_history,,history_first,2,False,8101,,46,px081_evidence_acquisition/RESULTS.json,OtherAttackStage,12424,11567,11567,1.0,0.931020605280103,0.9642782710182985,0.9971737074193274,0.9997960359243824,source reported; blank if unsupported,True,0.9493721828718609,629,228,,Any non-benign predicted label
PX081-0046,PX081,UNRAVELED,wrong_host_history,,history_first,2,False,8101,,46,px081_evidence_acquisition/RESULTS.json,LateralMovement,35,8,0,0.0,0.0,0.0,0.1337880263214958,0.9864944215686072,source reported; blank if unsupported,True,0.0,35,0,,Any non-benign predicted label
PX081-0046,PX081,UNRAVELED,wrong_host_history,,history_first,2,False,8101,,46,px081_evidence_acquisition/RESULTS.json,DataExfiltration,3442,2528,2300,0.9098101265822784,0.6682161533991865,0.7705192629815746,0.6461772609966457,0.9110596779512832,source reported; blank if unsupported,True,0.6682161533991865,1142,0,,Any non-benign predicted label
PX081-0047,PX081,UNRAVELED,wrong_host_history,,random,2,False,8101,,47,px081_evidence_acquisition/RESULTS.json,Benign,192193,193054,192104,0.9950790970402064,0.999536923821367,0.9973030289658323,0.9991278765878594,0.9908854185255922,source reported; blank if unsupported,True,,,,,Any non-benign predicted label
PX081-0047,PX081,UNRAVELED,wrong_host_history,,random,2,False,8101,,47,px081_evidence_acquisition/RESULTS.json,OtherAttackStage,12424,11779,11777,0.9998302062993463,0.9479233741146169,0.9731851423377267,0.9931697735562256,0.9989033901580288,source reported; blank if unsupported,True,0.9715872504829363,353,294,,Any non-benign predicted label
PX081-0047,PX081,UNRAVELED,wrong_host_history,,random,2,False,8101,,47,px081_evidence_acquisition/RESULTS.json,LateralMovement,35,645,19,0.02945736434108527,0.5428571428571428,0.05588235294117647,0.16822446690240522,0.9965148621991152,source reported; blank if unsupported,True,0.5428571428571429,16,0,,Any non-benign predicted label
PX081-0047,PX081,UNRAVELED,wrong_host_history,,random,2,False,8101,,47,px081_evidence_acquisition/RESULTS.json,DataExfiltration,3442,2616,2310,0.8830275229357798,0.6711214410226612,0.7626279300099043,0.6542053370213471,0.93141361677526,source reported; blank if unsupported,True,0.8312027890761186,581,551,,Any non-benign predicted label
PX081-0048,PX081,UNRAVELED,wrong_host_history,,entropy,2,False,8101,,48,px081_evidence_acquisition/RESULTS.json,Benign,192193,192860,192155,0.9963444986000207,0.9998022820810332,0.9980703955039956,0.9999587734076493,0.9995079810080211,source reported; blank if unsupported,True,,,,,Any non-benign predicted label
PX081-0048,PX081,UNRAVELED,wrong_host_history,,entropy,2,False,8101,,48,px081_evidence_acquisition/RESULTS.json,OtherAttackStage,12424,11569,11568,0.9999135621056271,0.9311010946555055,0.9642812486975367,0.9889199283924225,0.9980033017879592,source reported; blank if unsupported,True,0.9520283322601417,596,260,,Any non-benign predicted label
PX081-0048,PX081,UNRAVELED,wrong_host_history,,entropy,2,False,8101,,48,px081_evidence_acquisition/RESULTS.json,LateralMovement,35,1086,7,0.006445672191528545,0.2,0.012488849241748439,0.08070779176329511,0.98714945554592,source reported; blank if unsupported,True,0.19999999999999996,28,0,,Any non-benign predicted label
PX081-0048,PX081,UNRAVELED,wrong_host_history,,entropy,2,False,8101,,48,px081_evidence_acquisition/RESULTS.json,DataExfiltration,3442,2579,2319,0.899185730903451,0.6737361998837885,0.7703039362232187,0.7004631881175337,0.9772401679525748,source reported; blank if unsupported,True,0.9764671702498547,81,1042,,Any non-benign predicted label
PX081-0049,PX081,UNRAVELED,wrong_host_history,,harm,2,False,8101,,49,px081_evidence_acquisition/RESULTS.json,Benign,192193,193833,192131,0.9912192454329242,0.9996774076058962,0.995430359613083,0.9996115580137109,0.9954007820877541,source reported; blank if unsupported,True,,,,,Any non-benign predicted label
PX081-0049,PX081,UNRAVELED,wrong_host_history,,harm,2,False,8101,,49,px081_evidence_acquisition/RESULTS.json,OtherAttackStage,12424,11627,11627,1.0,0.9358499678042499,0.9668620847366014,0.9954387979635918,0.9995641107685842,source reported; blank if unsupported,True,0.9559723116548615,547,250,,Any non-benign predicted label
PX081-0049,PX081,UNRAVELED,wrong_host_history,,harm,2,False,8101,,49,px081_evidence_acquisition/RESULTS.json,LateralMovement,35,73,10,0.136986301369863,0.2857142857142857,0.18518518518518517,0.14907159699197636,0.98762679267488,source reported; blank if unsupported,True,0.2857142857142857,25,0,,Any non-benign predicted label
PX081-0049,PX081,UNRAVELED,wrong_host_history,,harm,2,False,8101,,49,px081_evidence_acquisition/RESULTS.json,DataExfiltration,3442,2561,2310,0.9019914096056229,0.6711214410226612,0.769615192403798,0.6216530134264012,0.8746624277583478,source reported; blank if unsupported,True,0.6717024985473562,1130,2,,Any non-benign predicted label
PX081-0050,PX081,UNRAVELED,wrong_host_history,,none,3,False,8101,,50,px081_evidence_acquisition/RESULTS.json,Benign,192193,193189,192026,0.9939799885086625,0.9991310817771719,0.996548878774826,0.9991662525429409,0.9905839011369465,source reported; blank if unsupported,True,,,,,Any non-benign predicted label
PX081-0050,PX081,UNRAVELED,wrong_host_history,,none,3,False,8101,,50,px081_evidence_acquisition/RESULTS.json,OtherAttackStage,12424,12025,12023,0.9998336798336799,0.9677237604636189,0.9835167082498262,0.9889713015513423,0.9979110160522643,source reported; blank if unsupported,True,0.996941403734707,38,363,,Any non-benign predicted label
PX081-0050,PX081,UNRAVELED,wrong_host_history,,none,3,False,8101,,50,px081_evidence_acquisition/RESULTS.json,LateralMovement,35,170,28,0.16470588235294117,0.8,0.2731707317073171,0.17860475710587712,0.9995918740082655,source reported; blank if unsupported,True,0.8,7,0,,Any non-benign predicted label
PX081-0050,PX081,UNRAVELED,wrong_host_history,,none,3,False,8101,,50,px081_evidence_acquisition/RESULTS.json,DataExfiltration,3442,2710,2324,0.8575645756457565,0.6751888436955259,0.7555266579973993,0.6438153548483313,0.8332264352202063,source reported; blank if unsupported,True,0.6751888436955258,1118,0,,Any non-benign predicted label
PX081-0051,PX081,UNRAVELED,wrong_host_history,,roles_first,3,False,8101,,51,px081_evidence_acquisition/RESULTS.json,Benign,192193,193520,192158,0.9929619677552708,0.9998178913904252,0.9963781360752684,0.9999768219351417,0.9997229860498071,source reported; blank if unsupported,True,,,,,Any non-benign predicted label
PX081-0051,PX081,UNRAVELED,wrong_host_history,,roles_first,3,False,8101,,51,px081_evidence_acquisition/RESULTS.json,OtherAttackStage,12424,11992,11992,1.0,0.9652285898261429,0.9823066841415465,0.9966638123944722,0.9997385294392431,source reported; blank if unsupported,True,0.9839021249195106,200,232,,Any non-benign predicted label
PX081-0051,PX081,UNRAVELED,wrong_host_history,,roles_first,3,False,8101,,51,px081_evidence_acquisition/RESULTS.json,LateralMovement,35,47,10,0.2127659574468085,0.2857142857142857,0.24390243902439024,0.1338334462087078,0.9926728888028327,source reported; blank if unsupported,True,0.2857142857142857,25,0,,Any non-benign predicted label
PX081-0051,PX081,UNRAVELED,wrong_host_history,,roles_first,3,False,8101,,51,px081_evidence_acquisition/RESULTS.json,DataExfiltration,3442,2535,2303,0.9084812623274162,0.6690877396862289,0.7706207127321398,0.6848749832102253,0.9789931444456674,source reported; blank if unsupported,True,0.6696687972109239,1137,2,,Any non-benign predicted label
PX081-0052,PX081,UNRAVELED,wrong_host_history,,history_first,3,False,8101,,52,px081_evidence_acquisition/RESULTS.json,Benign,192193,193520,192158,0.9929619677552708,0.9998178913904252,0.9963781360752684,0.9999768219351417,0.9997229860498071,source reported; blank if unsupported,True,,,,,Any non-benign predicted label
PX081-0052,PX081,UNRAVELED,wrong_host_history,,history_first,3,False,8101,,52,px081_evidence_acquisition/RESULTS.json,OtherAttackStage,12424,11992,11992,1.0,0.9652285898261429,0.9823066841415465,0.9966638123944722,0.9997385294392431,source reported; blank if unsupported,True,0.9839021249195106,200,232,,Any non-benign predicted label
PX081-0052,PX081,UNRAVELED,wrong_host_history,,history_first,3,False,8101,,52,px081_evidence_acquisition/RESULTS.json,LateralMovement,35,47,10,0.2127659574468085,0.2857142857142857,0.24390243902439024,0.1338334462087078,0.9926728888028327,source reported; blank if unsupported,True,0.2857142857142857,25,0,,Any non-benign predicted label
PX081-0052,PX081,UNRAVELED,wrong_host_history,,history_first,3,False,8101,,52,px081_evidence_acquisition/RESULTS.json,DataExfiltration,3442,2535,2303,0.9084812623274162,0.6690877396862289,0.7706207127321398,0.6848749832102253,0.9789931444456674,source reported; blank if unsupported,True,0.6696687972109239,1137,2,,Any non-benign predicted label
PX081-0053,PX081,UNRAVELED,wrong_host_history,,random,3,False,8101,,53,px081_evidence_acquisition/RESULTS.json,Benign,192193,193520,192158,0.9929619677552708,0.9998178913904252,0.9963781360752684,0.9999768219351417,0.9997229860498071,source reported; blank if unsupported,True,,,,,Any non-benign predicted label
PX081-0053,PX081,UNRAVELED,wrong_host_history,,random,3,False,8101,,53,px081_evidence_acquisition/RESULTS.json,OtherAttackStage,12424,11992,11992,1.0,0.9652285898261429,0.9823066841415465,0.9966638123944722,0.9997385294392431,source reported; blank if unsupported,True,0.9839021249195106,200,232,,Any non-benign predicted label
PX081-0053,PX081,UNRAVELED,wrong_host_history,,random,3,False,8101,,53,px081_evidence_acquisition/RESULTS.json,LateralMovement,35,47,10,0.2127659574468085,0.2857142857142857,0.24390243902439024,0.1338334462087078,0.9926728888028327,source reported; blank if unsupported,True,0.2857142857142857,25,0,,Any non-benign predicted label
PX081-0053,PX081,UNRAVELED,wrong_host_history,,random,3,False,8101,,53,px081_evidence_acquisition/RESULTS.json,DataExfiltration,3442,2535,2303,0.9084812623274162,0.6690877396862289,0.7706207127321398,0.6848749832102253,0.9789931444456674,source reported; blank if unsupported,True,0.6696687972109239,1137,2,,Any non-benign predicted label
PX081-0054,PX081,UNRAVELED,wrong_host_history,,entropy,3,False,8101,,54,px081_evidence_acquisition/RESULTS.json,Benign,192193,193493,192154,0.9930798530179387,0.9997970789779024,0.99642714539807,0.9999684612523727,0.9996236725836731,source reported; blank if unsupported,True,,,,,Any non-benign predicted label
PX081-0054,PX081,UNRAVELED,wrong_host_history,,entropy,3,False,8101,,54,px081_evidence_acquisition/RESULTS.json,OtherAttackStage,12424,11974,11974,1.0,0.9637797810688989,0.9815558652348553,0.9894352860327369,0.9981696992873825,source reported; blank if unsupported,True,0.984707018673535,190,260,,Any non-benign predicted label
PX081-0054,PX081,UNRAVELED,wrong_host_history,,entropy,3,False,8101,,54,px081_evidence_acquisition/RESULTS.json,LateralMovement,35,48,9,0.1875,0.2571428571428571,0.21686746987951808,0.09274326896735678,0.9895491182789496,source reported; blank if unsupported,True,0.2571428571428571,26,0,,Any non-benign predicted label
PX081-0054,PX081,UNRAVELED,wrong_host_history,,entropy,3,False,8101,,54,px081_evidence_acquisition/RESULTS.json,DataExfiltration,3442,2579,2319,0.899185730903451,0.6737361998837885,0.7703039362232187,0.6994329572105065,0.9780134666154496,source reported; blank if unsupported,True,0.6737361998837885,1123,0,,Any non-benign predicted label
PX081-0055,PX081,UNRAVELED,wrong_host_history,,harm,3,False,8101,,55,px081_evidence_acquisition/RESULTS.json,Benign,192193,193858,192136,0.9911172095038636,0.9997034231215497,0.9953918005652103,0.9996305842551252,0.9956175884679925,source reported; blank if unsupported,True,,,,,Any non-benign predicted label
PX081-0055,PX081,UNRAVELED,wrong_host_history,,harm,3,False,8101,,55,px081_evidence_acquisition/RESULTS.json,OtherAttackStage,12424,11619,11619,1.0,0.9352060528010303,0.9665183213409309,0.9968337411131356,0.999720965708951,source reported; blank if unsupported,True,0.9546844816484225,563,242,,Any non-benign predicted label
PX081-0055,PX081,UNRAVELED,wrong_host_history,,harm,3,False,8101,,55,px081_evidence_acquisition/RESULTS.json,LateralMovement,35,69,10,0.14492753623188406,0.2857142857142857,0.19230769230769232,0.16158346069304275,0.9900151262038995,source reported; blank if unsupported,True,0.2857142857142857,25,0,,Any non-benign predicted label
PX081-0055,PX081,UNRAVELED,wrong_host_history,,harm,3,False,8101,,55,px081_evidence_acquisition/RESULTS.json,DataExfiltration,3442,2548,2306,0.9050235478806907,0.6699593259732713,0.769949916527546,0.6342139627250606,0.8756043940034972,source reported; blank if unsupported,True,0.6705403834979663,1134,2,,Any non-benign predicted label
PX081-0056,PX081,UNRAVELED,wrong_host_history,,full_context_reference,,True,8101,,56,px081_evidence_acquisition/RESULTS.json,Benign,192193,193520,192158,0.9929619677552708,0.9998178913904252,0.9963781360752684,0.9999768219351417,0.9997229860498071,source reported; blank if unsupported,True,,,,,Any non-benign predicted label
PX081-0056,PX081,UNRAVELED,wrong_host_history,,full_context_reference,,True,8101,,56,px081_evidence_acquisition/RESULTS.json,OtherAttackStage,12424,11992,11992,1.0,0.9652285898261429,0.9823066841415465,0.9966638123944722,0.9997385294392431,source reported; blank if unsupported,True,0.9839021249195106,200,232,,Any non-benign predicted label
PX081-0056,PX081,UNRAVELED,wrong_host_history,,full_context_reference,,True,8101,,56,px081_evidence_acquisition/RESULTS.json,LateralMovement,35,47,10,0.2127659574468085,0.2857142857142857,0.24390243902439024,0.1338334462087078,0.9926728888028327,source reported; blank if unsupported,True,0.2857142857142857,25,0,,Any non-benign predicted label
PX081-0056,PX081,UNRAVELED,wrong_host_history,,full_context_reference,,True,8101,,56,px081_evidence_acquisition/RESULTS.json,DataExfiltration,3442,2535,2303,0.9084812623274162,0.6690877396862289,0.7706207127321398,0.6848749832102253,0.9789931444456674,source reported; blank if unsupported,True,0.6696687972109239,1137,2,,Any non-benign predicted label
PX081-0057,PX081,UNRAVELED,clean,,none,1,False,8102,,57,px081_evidence_acquisition/RESULTS.json,Benign,192193,193205,192035,0.9939442561010325,0.9991779097053483,0.9965542114904592,0.9998193319302554,0.9978925997467027,source reported; blank if unsupported,True,,,,,Any non-benign predicted label
PX081-0057,PX081,UNRAVELED,clean,,none,1,False,8102,,57,px081_evidence_acquisition/RESULTS.json,OtherAttackStage,12424,12032,12018,0.9988364361702128,0.9673213135866066,0.9828263002944063,0.9904678509668237,0.9986717496582729,source reported; blank if unsupported,True,0.9965389568576948,43,363,,Any non-benign predicted label
PX081-0057,PX081,UNRAVELED,clean,,none,1,False,8102,,57,px081_evidence_acquisition/RESULTS.json,LateralMovement,35,156,27,0.17307692307692307,0.7714285714285715,0.28272251308900526,0.19390964952556652,0.9995192297789158,source reported; blank if unsupported,True,0.7714285714285715,8,0,,Any non-benign predicted label
PX081-0057,PX081,UNRAVELED,clean,,none,1,False,8102,,57,px081_evidence_acquisition/RESULTS.json,DataExfiltration,3442,2701,2323,0.8600518326545724,0.6748983149331784,0.7563079928373758,0.6478891857161343,0.8907396844515683,source reported; blank if unsupported,True,0.6748983149331784,1119,0,,Any non-benign predicted label
PX081-0058,PX081,UNRAVELED,clean,,roles_first,1,False,8102,,58,px081_evidence_acquisition/RESULTS.json,Benign,192193,192131,192023,0.9994378835273849,0.9991154724677798,0.9992766519915488,0.9999841049500635,0.9998108830222187,source reported; blank if unsupported,True,,,,,Any non-benign predicted label
PX081-0058,PX081,UNRAVELED,clean,,roles_first,1,False,8102,,58,px081_evidence_acquisition/RESULTS.json,OtherAttackStage,12424,12034,12021,0.9989197274389231,0.967562781712814,0.9829912503066481,0.9885670311199093,0.9979224742806685,source reported; blank if unsupported,True,0.9968609143593046,39,364,,Any non-benign predicted label
PX081-0058,PX081,UNRAVELED,clean,,roles_first,1,False,8102,,58,px081_evidence_acquisition/RESULTS.json,LateralMovement,35,1227,27,0.022004889975550123,0.7714285714285715,0.042789223454833596,0.18300017769199456,0.9984018269543049,source reported; blank if unsupported,True,0.7714285714285715,8,0,,Any non-benign predicted label
PX081-0058,PX081,UNRAVELED,clean,,roles_first,1,False,8102,,58,px081_evidence_acquisition/RESULTS.json,DataExfiltration,3442,2702,2323,0.8597335307179866,0.6748983149331784,0.7561848958333334,0.6938623161049853,0.9779792118132925,source reported; blank if unsupported,True,0.9822777454968041,61,1058,,Any non-benign predicted label
PX081-0059,PX081,UNRAVELED,clean,,history_first,1,False,8102,,59,px081_evidence_acquisition/RESULTS.json,Benign,192193,192131,192023,0.9994378835273849,0.9991154724677798,0.9992766519915488,0.9999841049500635,0.9998108830222187,source reported; blank if unsupported,True,,,,,Any non-benign predicted label
PX081-0059,PX081,UNRAVELED,clean,,history_first,1,False,8102,,59,px081_evidence_acquisition/RESULTS.json,OtherAttackStage,12424,12034,12021,0.9989197274389231,0.967562781712814,0.9829912503066481,0.9885670311199093,0.9979224742806685,source reported; blank if unsupported,True,0.9968609143593046,39,364,,Any non-benign predicted label
PX081-0059,PX081,UNRAVELED,clean,,history_first,1,False,8102,,59,px081_evidence_acquisition/RESULTS.json,LateralMovement,35,1227,27,0.022004889975550123,0.7714285714285715,0.042789223454833596,0.18300017769199456,0.9984018269543049,source reported; blank if unsupported,True,0.7714285714285715,8,0,,Any non-benign predicted label
PX081-0059,PX081,UNRAVELED,clean,,history_first,1,False,8102,,59,px081_evidence_acquisition/RESULTS.json,DataExfiltration,3442,2702,2323,0.8597335307179866,0.6748983149331784,0.7561848958333334,0.6938623161049853,0.9779792118132925,source reported; blank if unsupported,True,0.9822777454968041,61,1058,,Any non-benign predicted label
PX081-0060,PX081,UNRAVELED,clean,,random,1,False,8102,,60,px081_evidence_acquisition/RESULTS.json,Benign,192193,192131,192023,0.9994378835273849,0.9991154724677798,0.9992766519915488,0.9999841049500635,0.9998108830222187,source reported; blank if unsupported,True,,,,,Any non-benign predicted label
PX081-0060,PX081,UNRAVELED,clean,,random,1,False,8102,,60,px081_evidence_acquisition/RESULTS.json,OtherAttackStage,12424,12034,12021,0.9989197274389231,0.967562781712814,0.9829912503066481,0.9885670311199093,0.9979224742806685,source reported; blank if unsupported,True,0.9968609143593046,39,364,,Any non-benign predicted label
PX081-0060,PX081,UNRAVELED,clean,,random,1,False,8102,,60,px081_evidence_acquisition/RESULTS.json,LateralMovement,35,1227,27,0.022004889975550123,0.7714285714285715,0.042789223454833596,0.18300017769199456,0.9984018269543049,source reported; blank if unsupported,True,0.7714285714285715,8,0,,Any non-benign predicted label
PX081-0060,PX081,UNRAVELED,clean,,random,1,False,8102,,60,px081_evidence_acquisition/RESULTS.json,DataExfiltration,3442,2702,2323,0.8597335307179866,0.6748983149331784,0.7561848958333334,0.6938623161049853,0.9779792118132925,source reported; blank if unsupported,True,0.9822777454968041,61,1058,,Any non-benign predicted label
PX081-0061,PX081,UNRAVELED,clean,,entropy,1,False,8102,,61,px081_evidence_acquisition/RESULTS.json,Benign,192193,192135,192022,0.9994118718609312,0.9991102693646491,0.9992610478549572,0.9999651487132661,0.9996107168536056,source reported; blank if unsupported,True,,,,,Any non-benign predicted label
PX081-0061,PX081,UNRAVELED,clean,,entropy,1,False,8102,,61,px081_evidence_acquisition/RESULTS.json,OtherAttackStage,12424,12036,12022,0.9988368228647391,0.9676432710882164,0.9829926410466067,0.9892162112981504,0.9982402102755831,source reported; blank if unsupported,True,0.9966194462330973,42,360,,Any non-benign predicted label
PX081-0061,PX081,UNRAVELED,clean,,entropy,1,False,8102,,61,px081_evidence_acquisition/RESULTS.json,LateralMovement,35,1225,27,0.022040816326530613,0.7714285714285715,0.04285714285714286,0.1868058413229595,0.9984074572253886,source reported; blank if unsupported,True,0.7714285714285715,8,0,,Any non-benign predicted label
PX081-0061,PX081,UNRAVELED,clean,,entropy,1,False,8102,,61,px081_evidence_acquisition/RESULTS.json,DataExfiltration,3442,2698,2323,0.8610081541882876,0.6748983149331784,0.7566775244299674,0.6966183621736138,0.9770829418248678,source reported; blank if unsupported,True,0.9816966879721092,63,1056,,Any non-benign predicted label
PX081-0062,PX081,UNRAVELED,clean,,harm,1,False,8102,,62,px081_evidence_acquisition/RESULTS.json,Benign,192193,193201,192035,0.9939648345505459,0.9991779097053483,0.996564554715434,0.9998692039560223,0.9984632141948618,source reported; blank if unsupported,True,,,,,Any non-benign predicted label
PX081-0062,PX081,UNRAVELED,clean,,harm,1,False,8102,,62,px081_evidence_acquisition/RESULTS.json,OtherAttackStage,12424,12032,12018,0.9988364361702128,0.9673213135866066,0.9828263002944063,0.9894629649295948,0.9982228865695691,source reported; blank if unsupported,True,0.9965389568576948,43,363,,Any non-benign predicted label
PX081-0062,PX081,UNRAVELED,clean,,harm,1,False,8102,,62,px081_evidence_acquisition/RESULTS.json,LateralMovement,35,160,27,0.16875,0.7714285714285715,0.27692307692307694,0.1935142662590482,0.9995340607368927,source reported; blank if unsupported,True,0.7714285714285715,8,0,,Any non-benign predicted label
PX081-0062,PX081,UNRAVELED,clean,,harm,1,False,8102,,62,px081_evidence_acquisition/RESULTS.json,DataExfiltration,3442,2701,2323,0.8600518326545724,0.6748983149331784,0.7563079928373758,0.6520377731193645,0.9070373994269242,source reported; blank if unsupported,True,0.6760604299825683,1115,4,,Any non-benign predicted label
PX081-0063,PX081,UNRAVELED,clean,,none,2,False,8102,,63,px081_evidence_acquisition/RESULTS.json,Benign,192193,193205,192035,0.9939442561010325,0.9991779097053483,0.9965542114904592,0.9998193319302554,0.9978925997467027,source reported; blank if unsupported,True,,,,,Any non-benign predicted label
PX081-0063,PX081,UNRAVELED,clean,,none,2,False,8102,,63,px081_evidence_acquisition/RESULTS.json,OtherAttackStage,12424,12032,12018,0.9988364361702128,0.9673213135866066,0.9828263002944063,0.9904678509668237,0.9986717496582729,source reported; blank if unsupported,True,0.9965389568576948,43,363,,Any non-benign predicted label
PX081-0063,PX081,UNRAVELED,clean,,none,2,False,8102,,63,px081_evidence_acquisition/RESULTS.json,LateralMovement,35,156,27,0.17307692307692307,0.7714285714285715,0.28272251308900526,0.19390964952556652,0.9995192297789158,source reported; blank if unsupported,True,0.7714285714285715,8,0,,Any non-benign predicted label
PX081-0063,PX081,UNRAVELED,clean,,none,2,False,8102,,63,px081_evidence_acquisition/RESULTS.json,DataExfiltration,3442,2701,2323,0.8600518326545724,0.6748983149331784,0.7563079928373758,0.6478891857161343,0.8907396844515683,source reported; blank if unsupported,True,0.6748983149331784,1119,0,,Any non-benign predicted label
PX081-0064,PX081,UNRAVELED,clean,,roles_first,2,False,8102,,64,px081_evidence_acquisition/RESULTS.json,Benign,192193,192131,192023,0.9994378835273849,0.9991154724677798,0.9992766519915488,0.9999841049500635,0.9998108830222187,source reported; blank if unsupported,True,,,,,Any non-benign predicted label
PX081-0064,PX081,UNRAVELED,clean,,roles_first,2,False,8102,,64,px081_evidence_acquisition/RESULTS.json,OtherAttackStage,12424,12034,12021,0.9989197274389231,0.967562781712814,0.9829912503066481,0.9885670311199093,0.9979224742806685,source reported; blank if unsupported,True,0.9968609143593046,39,364,,Any non-benign predicted label
PX081-0064,PX081,UNRAVELED,clean,,roles_first,2,False,8102,,64,px081_evidence_acquisition/RESULTS.json,LateralMovement,35,1227,27,0.022004889975550123,0.7714285714285715,0.042789223454833596,0.18300017769199456,0.9984018269543049,source reported; blank if unsupported,True,0.7714285714285715,8,0,,Any non-benign predicted label
PX081-0064,PX081,UNRAVELED,clean,,roles_first,2,False,8102,,64,px081_evidence_acquisition/RESULTS.json,DataExfiltration,3442,2702,2323,0.8597335307179866,0.6748983149331784,0.7561848958333334,0.6938623161049853,0.9779792118132925,source reported; blank if unsupported,True,0.9822777454968041,61,1058,,Any non-benign predicted label
PX081-0065,PX081,UNRAVELED,clean,,history_first,2,False,8102,,65,px081_evidence_acquisition/RESULTS.json,Benign,192193,193332,192116,0.9937103014503549,0.9995993610589355,0.9966461318980611,0.9998649520788396,0.9984941685846178,source reported; blank if unsupported,True,,,,,Any non-benign predicted label
PX081-0065,PX081,UNRAVELED,clean,,history_first,2,False,8102,,65,px081_evidence_acquisition/RESULTS.json,OtherAttackStage,12424,12048,12046,0.9998339973439575,0.9695750160978751,0.984472049689441,0.9988503740397198,0.9999141955368499,source reported; blank if unsupported,True,0.9943657437218287,70,308,,Any non-benign predicted label
PX081-0065,PX081,UNRAVELED,clean,,history_first,2,False,8102,,65,px081_evidence_acquisition/RESULTS.json,LateralMovement,35,89,16,0.1797752808988764,0.45714285714285713,0.25806451612903225,0.20089510692542567,0.9988741517687635,source reported; blank if unsupported,True,0.4571428571428572,19,0,,Any non-benign predicted label
PX081-0065,PX081,UNRAVELED,clean,,history_first,2,False,8102,,65,px081_evidence_acquisition/RESULTS.json,DataExfiltration,3442,2625,2314,0.8815238095238095,0.6722835560720511,0.7628152299324213,0.7681060183085732,0.9837541992317385,source reported; blank if unsupported,True,0.6725740848343986,1127,1,,Any non-benign predicted label
PX081-0066,PX081,UNRAVELED,clean,,random,2,False,8102,,66,px081_evidence_acquisition/RESULTS.json,Benign,192193,192752,192073,0.9964773387565369,0.9993756276243151,0.9979243788073621,0.9999188489393775,0.9991025275359262,source reported; blank if unsupported,True,,,,,Any non-benign predicted label
PX081-0066,PX081,UNRAVELED,clean,,random,2,False,8102,,66,px081_evidence_acquisition/RESULTS.json,OtherAttackStage,12424,12038,12030,0.9993354377803622,0.9682871860914359,0.9835663478047584,0.9947474089379735,0.9992347184789587,source reported; blank if unsupported,True,0.9954121056020605,57,337,,Any non-benign predicted label
PX081-0066,PX081,UNRAVELED,clean,,random,2,False,8102,,66,px081_evidence_acquisition/RESULTS.json,LateralMovement,35,642,24,0.037383177570093455,0.6857142857142857,0.07090103397341212,0.17977801922230716,0.9985832315421519,source reported; blank if unsupported,True,0.6857142857142857,11,0,,Any non-benign predicted label
PX081-0066,PX081,UNRAVELED,clean,,random,2,False,8102,,66,px081_evidence_acquisition/RESULTS.json,DataExfiltration,3442,2662,2317,0.8703981968444778,0.6731551423590936,0.7591743119266054,0.731347247941809,0.9803600302291193,source reported; blank if unsupported,True,0.8224869262056944,611,514,,Any non-benign predicted label
PX081-0067,PX081,UNRAVELED,clean,,entropy,2,False,8102,,67,px081_evidence_acquisition/RESULTS.json,Benign,192193,192283,192116,0.9991314884831213,0.9995993610589355,0.9993653700100916,0.9999649920845674,0.9996148422622414,source reported; blank if unsupported,True,,,,,Any non-benign predicted label
PX081-0067,PX081,UNRAVELED,clean,,entropy,2,False,8102,,67,px081_evidence_acquisition/RESULTS.json,OtherAttackStage,12424,12050,12048,0.9998340248962656,0.96973599484868,0.9845550379995097,0.9893062668228955,0.9982590539296832,source reported; blank if unsupported,True,0.9943657437218287,70,306,,Any non-benign predicted label
PX081-0067,PX081,UNRAVELED,clean,,entropy,2,False,8102,,67,px081_evidence_acquisition/RESULTS.json,LateralMovement,35,1138,16,0.014059753954305799,0.45714285714285713,0.027280477408354646,0.1336515216829909,0.9966889199698162,source reported; blank if unsupported,True,0.4571428571428572,19,0,,Any non-benign predicted label
PX081-0067,PX081,UNRAVELED,clean,,entropy,2,False,8102,,67,px081_evidence_acquisition/RESULTS.json,DataExfiltration,3442,2623,2314,0.8821959588257721,0.6722835560720511,0.7630667765869744,0.7834973002273191,0.9923348145835025,source reported; blank if unsupported,True,0.9773387565368972,78,1050,,Any non-benign predicted label
PX081-0068,PX081,UNRAVELED,clean,,harm,2,False,8102,,68,px081_evidence_acquisition/RESULTS.json,Benign,192193,193303,192096,0.9937559168766134,0.9994952989963214,0.996617344927055,0.9998535559054318,0.9984016278892909,source reported; blank if unsupported,True,,,,,Any non-benign predicted label
PX081-0068,PX081,UNRAVELED,clean,,harm,2,False,8102,,68,px081_evidence_acquisition/RESULTS.json,OtherAttackStage,12424,12046,12039,0.9994188942387514,0.9690115904700579,0.9839803841438496,0.9978979076673768,0.9997525199546353,source reported; blank if unsupported,True,0.9949291693496458,63,322,,Any non-benign predicted label
PX081-0068,PX081,UNRAVELED,clean,,harm,2,False,8102,,68,px081_evidence_acquisition/RESULTS.json,LateralMovement,35,92,16,0.17391304347826086,0.45714285714285713,0.25196850393700787,0.1876027282926777,0.9986574549938789,source reported; blank if unsupported,True,0.4571428571428572,19,0,,Any non-benign predicted label
PX081-0068,PX081,UNRAVELED,clean,,harm,2,False,8102,,68,px081_evidence_acquisition/RESULTS.json,DataExfiltration,3442,2653,2314,0.8722201281568036,0.6722835560720511,0.7593109105824446,0.7290729989692879,0.9763750558579207,source reported; blank if unsupported,True,0.6731551423590936,1125,3,,Any non-benign predicted label
PX081-0069,PX081,UNRAVELED,clean,,none,3,False,8102,,69,px081_evidence_acquisition/RESULTS.json,Benign,192193,193205,192035,0.9939442561010325,0.9991779097053483,0.9965542114904592,0.9998193319302554,0.9978925997467027,source reported; blank if unsupported,True,,,,,Any non-benign predicted label
PX081-0069,PX081,UNRAVELED,clean,,none,3,False,8102,,69,px081_evidence_acquisition/RESULTS.json,OtherAttackStage,12424,12032,12018,0.9988364361702128,0.9673213135866066,0.9828263002944063,0.9904678509668237,0.9986717496582729,source reported; blank if unsupported,True,0.9965389568576948,43,363,,Any non-benign predicted label
PX081-0069,PX081,UNRAVELED,clean,,none,3,False,8102,,69,px081_evidence_acquisition/RESULTS.json,LateralMovement,35,156,27,0.17307692307692307,0.7714285714285715,0.28272251308900526,0.19390964952556652,0.9995192297789158,source reported; blank if unsupported,True,0.7714285714285715,8,0,,Any non-benign predicted label
PX081-0069,PX081,UNRAVELED,clean,,none,3,False,8102,,69,px081_evidence_acquisition/RESULTS.json,DataExfiltration,3442,2701,2323,0.8600518326545724,0.6748983149331784,0.7563079928373758,0.6478891857161343,0.8907396844515683,source reported; blank if unsupported,True,0.6748983149331784,1119,0,,Any non-benign predicted label
PX081-0070,PX081,UNRAVELED,clean,,roles_first,3,False,8102,,70,px081_evidence_acquisition/RESULTS.json,Benign,192193,192345,192065,0.9985442824092126,0.9993340027992695,0.9989389865240886,0.9999935607315579,0.9999220543999808,source reported; blank if unsupported,True,,,,,Any non-benign predicted label
PX081-0070,PX081,UNRAVELED,clean,,roles_first,3,False,8102,,70,px081_evidence_acquisition/RESULTS.json,OtherAttackStage,12424,12085,12083,0.9998345055854365,0.9725531229877656,0.9860051409686238,0.9988354698940576,0.9999090394369062,source reported; blank if unsupported,True,0.9948486799742434,64,277,,Any non-benign predicted label
PX081-0070,PX081,UNRAVELED,clean,,roles_first,3,False,8102,,70,px081_evidence_acquisition/RESULTS.json,LateralMovement,35,1071,23,0.021475256769374416,0.6571428571428571,0.04159132007233273,0.13004526781514683,0.9970300320032848,source reported; blank if unsupported,True,0.6571428571428571,12,0,,Any non-benign predicted label
PX081-0070,PX081,UNRAVELED,clean,,roles_first,3,False,8102,,70,px081_evidence_acquisition/RESULTS.json,DataExfiltration,3442,2593,2313,0.8920169687620517,0.6719930273097037,0.7665285832642916,0.909186490972807,0.9979811805753774,source reported; blank if unsupported,True,0.9407321324811156,204,925,,Any non-benign predicted label
PX081-0071,PX081,UNRAVELED,clean,,history_first,3,False,8102,,71,px081_evidence_acquisition/RESULTS.json,Benign,192193,192345,192065,0.9985442824092126,0.9993340027992695,0.9989389865240886,0.9999935607315579,0.9999220543999808,source reported; blank if unsupported,True,,,,,Any non-benign predicted label
PX081-0071,PX081,UNRAVELED,clean,,history_first,3,False,8102,,71,px081_evidence_acquisition/RESULTS.json,OtherAttackStage,12424,12085,12083,0.9998345055854365,0.9725531229877656,0.9860051409686238,0.9988354698940576,0.9999090394369062,source reported; blank if unsupported,True,0.9948486799742434,64,277,,Any non-benign predicted label
PX081-0071,PX081,UNRAVELED,clean,,history_first,3,False,8102,,71,px081_evidence_acquisition/RESULTS.json,LateralMovement,35,1071,23,0.021475256769374416,0.6571428571428571,0.04159132007233273,0.13004526781514683,0.9970300320032848,source reported; blank if unsupported,True,0.6571428571428571,12,0,,Any non-benign predicted label
PX081-0071,PX081,UNRAVELED,clean,,history_first,3,False,8102,,71,px081_evidence_acquisition/RESULTS.json,DataExfiltration,3442,2593,2313,0.8920169687620517,0.6719930273097037,0.7665285832642916,0.909186490972807,0.9979811805753774,source reported; blank if unsupported,True,0.9407321324811156,204,925,,Any non-benign predicted label
PX081-0072,PX081,UNRAVELED,clean,,random,3,False,8102,,72,px081_evidence_acquisition/RESULTS.json,Benign,192193,192345,192065,0.9985442824092126,0.9993340027992695,0.9989389865240886,0.9999935607315579,0.9999220543999808,source reported; blank if unsupported,True,,,,,Any non-benign predicted label
PX081-0072,PX081,UNRAVELED,clean,,random,3,False,8102,,72,px081_evidence_acquisition/RESULTS.json,OtherAttackStage,12424,12085,12083,0.9998345055854365,0.9725531229877656,0.9860051409686238,0.9988354698940576,0.9999090394369062,source reported; blank if unsupported,True,0.9948486799742434,64,277,,Any non-benign predicted label
PX081-0072,PX081,UNRAVELED,clean,,random,3,False,8102,,72,px081_evidence_acquisition/RESULTS.json,LateralMovement,35,1071,23,0.021475256769374416,0.6571428571428571,0.04159132007233273,0.13004526781514683,0.9970300320032848,source reported; blank if unsupported,True,0.6571428571428571,12,0,,Any non-benign predicted label
PX081-0072,PX081,UNRAVELED,clean,,random,3,False,8102,,72,px081_evidence_acquisition/RESULTS.json,DataExfiltration,3442,2593,2313,0.8920169687620517,0.6719930273097037,0.7665285832642916,0.909186490972807,0.9979811805753774,source reported; blank if unsupported,True,0.9407321324811156,204,925,,Any non-benign predicted label
PX081-0073,PX081,UNRAVELED,clean,,entropy,3,False,8102,,73,px081_evidence_acquisition/RESULTS.json,Benign,192193,192359,192074,0.998518395292136,0.9993808307274459,0.9989494268655474,0.9999699001968774,0.9996636403736737,source reported; blank if unsupported,True,,,,,Any non-benign predicted label
PX081-0073,PX081,UNRAVELED,clean,,entropy,3,False,8102,,73,px081_evidence_acquisition/RESULTS.json,OtherAttackStage,12424,12052,12050,0.9998340524394291,0.9698969735994849,0.9846380127471809,0.9897878742683982,0.9984597224534482,source reported; blank if unsupported,True,0.9944462330972311,69,305,,Any non-benign predicted label
PX081-0073,PX081,UNRAVELED,clean,,entropy,3,False,8102,,73,px081_evidence_acquisition/RESULTS.json,LateralMovement,35,1061,22,0.020735155513666354,0.6285714285714286,0.040145985401459854,0.11092629288891334,0.9967496170385736,source reported; blank if unsupported,True,0.6285714285714286,13,0,,Any non-benign predicted label
PX081-0073,PX081,UNRAVELED,clean,,entropy,3,False,8102,,73,px081_evidence_acquisition/RESULTS.json,DataExfiltration,3442,2622,2314,0.8825324180015256,0.6722835560720511,0.7631926121372031,0.7993759460700101,0.9935443180806766,source reported; blank if unsupported,True,0.9410226612434631,203,925,,Any non-benign predicted label
PX081-0074,PX081,UNRAVELED,clean,,harm,3,False,8102,,74,px081_evidence_acquisition/RESULTS.json,Benign,192193,192325,192047,0.9985545300922917,0.9992403469429167,0.998897320801627,0.9999884967732309,0.9998639559175826,source reported; blank if unsupported,True,,,,,Any non-benign predicted label
PX081-0074,PX081,UNRAVELED,clean,,harm,3,False,8102,,74,px081_evidence_acquisition/RESULTS.json,OtherAttackStage,12424,12048,12041,0.9994189907038512,0.9691725692208628,0.9840634194181105,0.9985237647621378,0.9998824751046901,source reported; blank if unsupported,True,0.9951706374758532,60,323,,Any non-benign predicted label
PX081-0074,PX081,UNRAVELED,clean,,harm,3,False,8102,,74,px081_evidence_acquisition/RESULTS.json,LateralMovement,35,1068,23,0.02153558052434457,0.6571428571428571,0.04170444242973708,0.11020435157588314,0.9965943039508711,source reported; blank if unsupported,True,0.6571428571428571,12,0,,Any non-benign predicted label
PX081-0074,PX081,UNRAVELED,clean,,harm,3,False,8102,,74,px081_evidence_acquisition/RESULTS.json,DataExfiltration,3442,2653,2313,0.8718431963814549,0.6719930273097037,0.7589827727645612,0.8797910642665249,0.996873814720956,source reported; blank if unsupported,True,0.9401510749564207,206,923,,Any non-benign predicted label
PX081-0075,PX081,UNRAVELED,clean,,full_context_reference,,True,8102,,75,px081_evidence_acquisition/RESULTS.json,Benign,192193,192345,192065,0.9985442824092126,0.9993340027992695,0.9989389865240886,0.9999935607315579,0.9999220543999808,source reported; blank if unsupported,True,,,,,Any non-benign predicted label
PX081-0075,PX081,UNRAVELED,clean,,full_context_reference,,True,8102,,75,px081_evidence_acquisition/RESULTS.json,OtherAttackStage,12424,12085,12083,0.9998345055854365,0.9725531229877656,0.9860051409686238,0.9988354698940576,0.9999090394369062,source reported; blank if unsupported,True,0.9948486799742434,64,277,,Any non-benign predicted label
PX081-0075,PX081,UNRAVELED,clean,,full_context_reference,,True,8102,,75,px081_evidence_acquisition/RESULTS.json,LateralMovement,35,1071,23,0.021475256769374416,0.6571428571428571,0.04159132007233273,0.13004526781514683,0.9970300320032848,source reported; blank if unsupported,True,0.6571428571428571,12,0,,Any non-benign predicted label
PX081-0075,PX081,UNRAVELED,clean,,full_context_reference,,True,8102,,75,px081_evidence_acquisition/RESULTS.json,DataExfiltration,3442,2593,2313,0.8920169687620517,0.6719930273097037,0.7665285832642916,0.909186490972807,0.9979811805753774,source reported; blank if unsupported,True,0.9407321324811156,204,925,,Any non-benign predicted label
PX081-0076,PX081,UNRAVELED,delayed_unavailable,,none,1,False,8102,,76,px081_evidence_acquisition/RESULTS.json,Benign,192193,193205,192035,0.9939442561010325,0.9991779097053483,0.9965542114904592,0.9998193319302554,0.9978925997467027,source reported; blank if unsupported,True,,,,,Any non-benign predicted label
PX081-0076,PX081,UNRAVELED,delayed_unavailable,,none,1,False,8102,,76,px081_evidence_acquisition/RESULTS.json,OtherAttackStage,12424,12032,12018,0.9988364361702128,0.9673213135866066,0.9828263002944063,0.9904678509668237,0.9986717496582729,source reported; blank if unsupported,True,0.9965389568576948,43,363,,Any non-benign predicted label
PX081-0076,PX081,UNRAVELED,delayed_unavailable,,none,1,False,8102,,76,px081_evidence_acquisition/RESULTS.json,LateralMovement,35,156,27,0.17307692307692307,0.7714285714285715,0.28272251308900526,0.19390964952556652,0.9995192297789158,source reported; blank if unsupported,True,0.7714285714285715,8,0,,Any non-benign predicted label
PX081-0076,PX081,UNRAVELED,delayed_unavailable,,none,1,False,8102,,76,px081_evidence_acquisition/RESULTS.json,DataExfiltration,3442,2701,2323,0.8600518326545724,0.6748983149331784,0.7563079928373758,0.6478891857161343,0.8907396844515683,source reported; blank if unsupported,True,0.6748983149331784,1119,0,,Any non-benign predicted label
PX081-0077,PX081,UNRAVELED,delayed_unavailable,,roles_first,1,False,8102,,77,px081_evidence_acquisition/RESULTS.json,Benign,192193,192477,192029,0.9976724491757457,0.9991466910865641,0.9984090259183196,0.9999334213706963,0.9992311905481395,source reported; blank if unsupported,True,,,,,Any non-benign predicted label
PX081-0077,PX081,UNRAVELED,delayed_unavailable,,roles_first,1,False,8102,,77,px081_evidence_acquisition/RESULTS.json,OtherAttackStage,12424,12032,12019,0.9989195478723404,0.9674018029620091,0.9829080798168138,0.9891219693596467,0.9981623461528703,source reported; blank if unsupported,True,0.9968609143593046,39,366,,Any non-benign predicted label
PX081-0077,PX081,UNRAVELED,delayed_unavailable,,roles_first,1,False,8102,,77,px081_evidence_acquisition/RESULTS.json,LateralMovement,35,881,27,0.03064699205448354,0.7714285714285715,0.05895196506550218,0.17043616505894657,0.9987818015906202,source reported; blank if unsupported,True,0.7714285714285715,8,0,,Any non-benign predicted label
PX081-0077,PX081,UNRAVELED,delayed_unavailable,,roles_first,1,False,8102,,77,px081_evidence_acquisition/RESULTS.json,DataExfiltration,3442,2704,2323,0.8590976331360947,0.6748983149331784,0.7559388219980475,0.6767798521327959,0.9530561512831527,source reported; blank if unsupported,True,0.8834979662986635,401,718,,Any non-benign predicted label
PX081-0078,PX081,UNRAVELED,delayed_unavailable,,history_first,1,False,8102,,78,px081_evidence_acquisition/RESULTS.json,Benign,192193,192477,192029,0.9976724491757457,0.9991466910865641,0.9984090259183196,0.9999334213706963,0.9992311905481395,source reported; blank if unsupported,True,,,,,Any non-benign predicted label
PX081-0078,PX081,UNRAVELED,delayed_unavailable,,history_first,1,False,8102,,78,px081_evidence_acquisition/RESULTS.json,OtherAttackStage,12424,12032,12019,0.9989195478723404,0.9674018029620091,0.9829080798168138,0.9891219693596467,0.9981623461528703,source reported; blank if unsupported,True,0.9968609143593046,39,366,,Any non-benign predicted label
PX081-0078,PX081,UNRAVELED,delayed_unavailable,,history_first,1,False,8102,,78,px081_evidence_acquisition/RESULTS.json,LateralMovement,35,881,27,0.03064699205448354,0.7714285714285715,0.05895196506550218,0.17043616505894657,0.9987818015906202,source reported; blank if unsupported,True,0.7714285714285715,8,0,,Any non-benign predicted label
PX081-0078,PX081,UNRAVELED,delayed_unavailable,,history_first,1,False,8102,,78,px081_evidence_acquisition/RESULTS.json,DataExfiltration,3442,2704,2323,0.8590976331360947,0.6748983149331784,0.7559388219980475,0.6767798521327959,0.9530561512831527,source reported; blank if unsupported,True,0.8834979662986635,401,718,,Any non-benign predicted label
PX081-0079,PX081,UNRAVELED,delayed_unavailable,,random,1,False,8102,,79,px081_evidence_acquisition/RESULTS.json,Benign,192193,192477,192029,0.9976724491757457,0.9991466910865641,0.9984090259183196,0.9999334213706963,0.9992311905481395,source reported; blank if unsupported,True,,,,,Any non-benign predicted label
PX081-0079,PX081,UNRAVELED,delayed_unavailable,,random,1,False,8102,,79,px081_evidence_acquisition/RESULTS.json,OtherAttackStage,12424,12032,12019,0.9989195478723404,0.9674018029620091,0.9829080798168138,0.9891219693596467,0.9981623461528703,source reported; blank if unsupported,True,0.9968609143593046,39,366,,Any non-benign predicted label
PX081-0079,PX081,UNRAVELED,delayed_unavailable,,random,1,False,8102,,79,px081_evidence_acquisition/RESULTS.json,LateralMovement,35,881,27,0.03064699205448354,0.7714285714285715,0.05895196506550218,0.17043616505894657,0.9987818015906202,source reported; blank if unsupported,True,0.7714285714285715,8,0,,Any non-benign predicted label
PX081-0079,PX081,UNRAVELED,delayed_unavailable,,random,1,False,8102,,79,px081_evidence_acquisition/RESULTS.json,DataExfiltration,3442,2704,2323,0.8590976331360947,0.6748983149331784,0.7559388219980475,0.6767798521327959,0.9530561512831527,source reported; blank if unsupported,True,0.8834979662986635,401,718,,Any non-benign predicted label
PX081-0080,PX081,UNRAVELED,delayed_unavailable,,entropy,1,False,8102,,80,px081_evidence_acquisition/RESULTS.json,Benign,192193,192481,192028,0.997646520955315,0.9991414879834333,0.9983934448390065,0.9999177108533651,0.9990592451850075,source reported; blank if unsupported,True,,,,,Any non-benign predicted label
PX081-0080,PX081,UNRAVELED,delayed_unavailable,,entropy,1,False,8102,,80,px081_evidence_acquisition/RESULTS.json,OtherAttackStage,12424,12034,12020,0.9988366295496094,0.9674822923374115,0.982909477471584,0.9895835794398818,0.9983667417374307,source reported; blank if unsupported,True,0.9966194462330973,42,362,,Any non-benign predicted label
PX081-0080,PX081,UNRAVELED,delayed_unavailable,,entropy,1,False,8102,,80,px081_evidence_acquisition/RESULTS.json,LateralMovement,35,879,27,0.030716723549488054,0.7714285714285715,0.05908096280087528,0.16838192234066496,0.9987888050985537,source reported; blank if unsupported,True,0.7714285714285715,8,0,,Any non-benign predicted label
PX081-0080,PX081,UNRAVELED,delayed_unavailable,,entropy,1,False,8102,,80,px081_evidence_acquisition/RESULTS.json,DataExfiltration,3442,2700,2323,0.8603703703703703,0.6748983149331784,0.7564311299251059,0.6785530710857813,0.9519565855493493,source reported; blank if unsupported,True,0.8829169087739687,403,716,,Any non-benign predicted label
PX081-0081,PX081,UNRAVELED,delayed_unavailable,,harm,1,False,8102,,81,px081_evidence_acquisition/RESULTS.json,Benign,192193,193202,192035,0.9939596898582831,0.9991779097053483,0.9965619688890619,0.9998518560159478,0.9982652299199458,source reported; blank if unsupported,True,,,,,Any non-benign predicted label
PX081-0081,PX081,UNRAVELED,delayed_unavailable,,harm,1,False,8102,,81,px081_evidence_acquisition/RESULTS.json,OtherAttackStage,12424,12032,12018,0.9988364361702128,0.9673213135866066,0.9828263002944063,0.9897771836455265,0.9983802594029378,source reported; blank if unsupported,True,0.9965389568576948,43,363,,Any non-benign predicted label
PX081-0081,PX081,UNRAVELED,delayed_unavailable,,harm,1,False,8102,,81,px081_evidence_acquisition/RESULTS.json,LateralMovement,35,159,27,0.16981132075471697,0.7714285714285715,0.27835051546391754,0.19355111727927923,0.9995293917316036,source reported; blank if unsupported,True,0.7714285714285715,8,0,,Any non-benign predicted label
PX081-0081,PX081,UNRAVELED,delayed_unavailable,,harm,1,False,8102,,81,px081_evidence_acquisition/RESULTS.json,DataExfiltration,3442,2701,2323,0.8600518326545724,0.6748983149331784,0.7563079928373758,0.6536715653580031,0.9017501967285676,source reported; blank if unsupported,True,0.6757699012202207,1116,3,,Any non-benign predicted label
PX081-0082,PX081,UNRAVELED,delayed_unavailable,,none,2,False,8102,,82,px081_evidence_acquisition/RESULTS.json,Benign,192193,193205,192035,0.9939442561010325,0.9991779097053483,0.9965542114904592,0.9998193319302554,0.9978925997467027,source reported; blank if unsupported,True,,,,,Any non-benign predicted label
PX081-0082,PX081,UNRAVELED,delayed_unavailable,,none,2,False,8102,,82,px081_evidence_acquisition/RESULTS.json,OtherAttackStage,12424,12032,12018,0.9988364361702128,0.9673213135866066,0.9828263002944063,0.9904678509668237,0.9986717496582729,source reported; blank if unsupported,True,0.9965389568576948,43,363,,Any non-benign predicted label
PX081-0082,PX081,UNRAVELED,delayed_unavailable,,none,2,False,8102,,82,px081_evidence_acquisition/RESULTS.json,LateralMovement,35,156,27,0.17307692307692307,0.7714285714285715,0.28272251308900526,0.19390964952556652,0.9995192297789158,source reported; blank if unsupported,True,0.7714285714285715,8,0,,Any non-benign predicted label
PX081-0082,PX081,UNRAVELED,delayed_unavailable,,none,2,False,8102,,82,px081_evidence_acquisition/RESULTS.json,DataExfiltration,3442,2701,2323,0.8600518326545724,0.6748983149331784,0.7563079928373758,0.6478891857161343,0.8907396844515683,source reported; blank if unsupported,True,0.6748983149331784,1119,0,,Any non-benign predicted label
PX081-0083,PX081,UNRAVELED,delayed_unavailable,,roles_first,2,False,8102,,83,px081_evidence_acquisition/RESULTS.json,Benign,192193,192477,192029,0.9976724491757457,0.9991466910865641,0.9984090259183196,0.9999334213706963,0.9992311905481395,source reported; blank if unsupported,True,,,,,Any non-benign predicted label
PX081-0083,PX081,UNRAVELED,delayed_unavailable,,roles_first,2,False,8102,,83,px081_evidence_acquisition/RESULTS.json,OtherAttackStage,12424,12032,12019,0.9989195478723404,0.9674018029620091,0.9829080798168138,0.9891219693596467,0.9981623461528703,source reported; blank if unsupported,True,0.9968609143593046,39,366,,Any non-benign predicted label
PX081-0083,PX081,UNRAVELED,delayed_unavailable,,roles_first,2,False,8102,,83,px081_evidence_acquisition/RESULTS.json,LateralMovement,35,881,27,0.03064699205448354,0.7714285714285715,0.05895196506550218,0.17043616505894657,0.9987818015906202,source reported; blank if unsupported,True,0.7714285714285715,8,0,,Any non-benign predicted label
PX081-0083,PX081,UNRAVELED,delayed_unavailable,,roles_first,2,False,8102,,83,px081_evidence_acquisition/RESULTS.json,DataExfiltration,3442,2704,2323,0.8590976331360947,0.6748983149331784,0.7559388219980475,0.6767798521327959,0.9530561512831527,source reported; blank if unsupported,True,0.8834979662986635,401,718,,Any non-benign predicted label
PX081-0084,PX081,UNRAVELED,delayed_unavailable,,history_first,2,False,8102,,84,px081_evidence_acquisition/RESULTS.json,Benign,192193,193249,192063,0.9938628401699362,0.9993235965930081,0.9965857379320364,0.9998241135753478,0.9980108711138825,source reported; blank if unsupported,True,,,,,Any non-benign predicted label
PX081-0084,PX081,UNRAVELED,delayed_unavailable,,history_first,2,False,8102,,84,px081_evidence_acquisition/RESULTS.json,OtherAttackStage,12424,12038,12028,0.9991692972254528,0.968126207340631,0.9834028288774426,0.9938106463884244,0.9991891872925198,source reported; blank if unsupported,True,0.9956535737282679,54,342,,Any non-benign predicted label
PX081-0084,PX081,UNRAVELED,delayed_unavailable,,history_first,2,False,8102,,84,px081_evidence_acquisition/RESULTS.json,LateralMovement,35,136,24,0.17647058823529413,0.6857142857142857,0.2807017543859649,0.2362079132692744,0.9989989789984022,source reported; blank if unsupported,True,0.6857142857142857,11,0,,Any non-benign predicted label
PX081-0084,PX081,UNRAVELED,delayed_unavailable,,history_first,2,False,8102,,84,px081_evidence_acquisition/RESULTS.json,DataExfiltration,3442,2671,2321,0.8689629352302508,0.6743172574084835,0.7593652870930803,0.6824230408371943,0.9303499973248616,source reported; blank if unsupported,True,0.6743172574084835,1121,0,,Any non-benign predicted label
PX081-0085,PX081,UNRAVELED,delayed_unavailable,,random,2,False,8102,,85,px081_evidence_acquisition/RESULTS.json,Benign,192193,192876,192045,0.9956915323835003,0.9992299407366554,0.9974575985083193,0.9998765909201157,0.9986121614887601,source reported; blank if unsupported,True,,,,,Any non-benign predicted label
PX081-0085,PX081,UNRAVELED,delayed_unavailable,,random,2,False,8102,,85,px081_evidence_acquisition/RESULTS.json,OtherAttackStage,12424,12036,12025,0.9990860751080093,0.9678847392144238,0.9832379394930498,0.9913614193554936,0.9987102049618937,source reported; blank if unsupported,True,0.9961365099806826,48,351,,Any non-benign predicted label
PX081-0085,PX081,UNRAVELED,delayed_unavailable,,random,2,False,8102,,85,px081_evidence_acquisition/RESULTS.json,LateralMovement,35,499,25,0.050100200400801605,0.7142857142857143,0.09363295880149813,0.1752921932632883,0.9988784088029976,source reported; blank if unsupported,True,0.7142857142857143,10,0,,Any non-benign predicted label
PX081-0085,PX081,UNRAVELED,delayed_unavailable,,random,2,False,8102,,85,px081_evidence_acquisition/RESULTS.json,DataExfiltration,3442,2683,2321,0.8650764070070817,0.6743172574084835,0.7578775510204082,0.6850216463159692,0.9426393191120612,source reported; blank if unsupported,True,0.7754212667054039,773,348,,Any non-benign predicted label
PX081-0086,PX081,UNRAVELED,delayed_unavailable,,entropy,2,False,8102,,86,px081_evidence_acquisition/RESULTS.json,Benign,192193,192536,192063,0.9975433165745626,0.9993235965930081,0.9984326629913524,0.9999163947529043,0.9990465302878374,source reported; blank if unsupported,True,,,,,Any non-benign predicted label
PX081-0086,PX081,UNRAVELED,delayed_unavailable,,entropy,2,False,8102,,86,px081_evidence_acquisition/RESULTS.json,OtherAttackStage,12424,12039,12029,0.9991693662264308,0.9682066967160334,0.9834443853983567,0.9896380797915252,0.998378171582501,source reported; blank if unsupported,True,0.9956535737282679,54,341,,Any non-benign predicted label
PX081-0086,PX081,UNRAVELED,delayed_unavailable,,entropy,2,False,8102,,86,px081_evidence_acquisition/RESULTS.json,LateralMovement,35,849,24,0.028268551236749116,0.6857142857142857,0.05429864253393665,0.20720176310300217,0.9983199133762196,source reported; blank if unsupported,True,0.6857142857142857,11,0,,Any non-benign predicted label
PX081-0086,PX081,UNRAVELED,delayed_unavailable,,entropy,2,False,8102,,86,px081_evidence_acquisition/RESULTS.json,DataExfiltration,3442,2670,2321,0.8692883895131086,0.6743172574084835,0.7594895287958116,0.6900863494787638,0.9566543549451154,source reported; blank if unsupported,True,0.8814642649622313,408,713,,Any non-benign predicted label
PX081-0087,PX081,UNRAVELED,delayed_unavailable,,harm,2,False,8102,,87,px081_evidence_acquisition/RESULTS.json,Benign,192193,193236,192054,0.9938831273675712,0.9992767686648317,0.9965726502157336,0.999832983898125,0.9981159768402559,source reported; blank if unsupported,True,,,,,Any non-benign predicted label
PX081-0087,PX081,UNRAVELED,delayed_unavailable,,harm,2,False,8102,,87,px081_evidence_acquisition/RESULTS.json,OtherAttackStage,12424,12036,12024,0.9990029910269193,0.9678042498390212,0.9831561733442354,0.9929675966569056,0.9989521506685419,source reported; blank if unsupported,True,0.9958950418544752,51,349,,Any non-benign predicted label
PX081-0087,PX081,UNRAVELED,delayed_unavailable,,harm,2,False,8102,,87,px081_evidence_acquisition/RESULTS.json,LateralMovement,35,137,24,0.17518248175182483,0.6857142857142857,0.27906976744186046,0.21065119810539315,0.9988466870317692,source reported; blank if unsupported,True,0.6857142857142857,11,0,,Any non-benign predicted label
PX081-0087,PX081,UNRAVELED,delayed_unavailable,,harm,2,False,8102,,87,px081_evidence_acquisition/RESULTS.json,DataExfiltration,3442,2685,2321,0.8644320297951583,0.6743172574084835,0.7576301615798923,0.6782358520355342,0.9276300032027839,source reported; blank if unsupported,True,0.6746077861708308,1120,1,,Any non-benign predicted label
PX081-0088,PX081,UNRAVELED,delayed_unavailable,,none,3,False,8102,,88,px081_evidence_acquisition/RESULTS.json,Benign,192193,193205,192035,0.9939442561010325,0.9991779097053483,0.9965542114904592,0.9998193319302554,0.9978925997467027,source reported; blank if unsupported,True,,,,,Any non-benign predicted label
PX081-0088,PX081,UNRAVELED,delayed_unavailable,,none,3,False,8102,,88,px081_evidence_acquisition/RESULTS.json,OtherAttackStage,12424,12032,12018,0.9988364361702128,0.9673213135866066,0.9828263002944063,0.9904678509668237,0.9986717496582729,source reported; blank if unsupported,True,0.9965389568576948,43,363,,Any non-benign predicted label
PX081-0088,PX081,UNRAVELED,delayed_unavailable,,none,3,False,8102,,88,px081_evidence_acquisition/RESULTS.json,LateralMovement,35,156,27,0.17307692307692307,0.7714285714285715,0.28272251308900526,0.19390964952556652,0.9995192297789158,source reported; blank if unsupported,True,0.7714285714285715,8,0,,Any non-benign predicted label
PX081-0088,PX081,UNRAVELED,delayed_unavailable,,none,3,False,8102,,88,px081_evidence_acquisition/RESULTS.json,DataExfiltration,3442,2701,2323,0.8600518326545724,0.6748983149331784,0.7563079928373758,0.6478891857161343,0.8907396844515683,source reported; blank if unsupported,True,0.6748983149331784,1119,0,,Any non-benign predicted label
PX081-0089,PX081,UNRAVELED,delayed_unavailable,,roles_first,3,False,8102,,89,px081_evidence_acquisition/RESULTS.json,Benign,192193,192515,192037,0.9975170765914344,0.9991883159116097,0.9983519968391611,0.999940216646777,0.9993036442746038,source reported; blank if unsupported,True,,,,,Any non-benign predicted label
PX081-0089,PX081,UNRAVELED,delayed_unavailable,,roles_first,3,False,8102,,89,px081_evidence_acquisition/RESULTS.json,OtherAttackStage,12424,12046,12036,0.999169848912502,0.9687701223438506,0.9837351859419697,0.9912325727660337,0.9986293961711492,source reported; blank if unsupported,True,0.9964584674822924,44,344,,Any non-benign predicted label
PX081-0089,PX081,UNRAVELED,delayed_unavailable,,roles_first,3,False,8102,,89,px081_evidence_acquisition/RESULTS.json,LateralMovement,35,855,26,0.0304093567251462,0.7428571428571429,0.058426966292134834,0.14481185838263944,0.9985837808368917,source reported; blank if unsupported,True,0.7428571428571429,9,0,,Any non-benign predicted label
PX081-0089,PX081,UNRAVELED,delayed_unavailable,,roles_first,3,False,8102,,89,px081_evidence_acquisition/RESULTS.json,DataExfiltration,3442,2678,2322,0.8670649738610904,0.674607786170831,0.7588235294117647,0.7014328836361405,0.9617599565824659,source reported; blank if unsupported,True,0.8765252760023242,425,695,,Any non-benign predicted label
PX081-0090,PX081,UNRAVELED,delayed_unavailable,,history_first,3,False,8102,,90,px081_evidence_acquisition/RESULTS.json,Benign,192193,192970,192053,0.9952479660050785,0.999271565561701,0.9972557073239122,0.9998830402653641,0.9986383950956176,source reported; blank if unsupported,True,,,,,Any non-benign predicted label
PX081-0090,PX081,UNRAVELED,delayed_unavailable,,history_first,3,False,8102,,90,px081_evidence_acquisition/RESULTS.json,OtherAttackStage,12424,12046,12036,0.999169848912502,0.9687701223438506,0.9837351859419697,0.9936798504654815,0.9991459158719306,source reported; blank if unsupported,True,0.9957340631036703,53,335,,Any non-benign predicted label
PX081-0090,PX081,UNRAVELED,delayed_unavailable,,history_first,3,False,8102,,90,px081_evidence_acquisition/RESULTS.json,LateralMovement,35,414,25,0.06038647342995169,0.7142857142857143,0.111358574610245,0.20028237803485205,0.9987988983893992,source reported; blank if unsupported,True,0.7142857142857143,10,0,,Any non-benign predicted label
PX081-0090,PX081,UNRAVELED,delayed_unavailable,,history_first,3,False,8102,,90,px081_evidence_acquisition/RESULTS.json,DataExfiltration,3442,2664,2321,0.8712462462462462,0.6743172574084835,0.7602358336062889,0.6936644037068007,0.9423918851466091,source reported; blank if unsupported,True,0.7518884369552585,854,267,,Any non-benign predicted label
PX081-0091,PX081,UNRAVELED,delayed_unavailable,,random,3,False,8102,,91,px081_evidence_acquisition/RESULTS.json,Benign,192193,192738,192045,0.996404445412944,0.9992299407366554,0.997815192852745,0.9999104574804509,0.9989658511035435,source reported; blank if unsupported,True,,,,,Any non-benign predicted label
PX081-0091,PX081,UNRAVELED,delayed_unavailable,,random,3,False,8102,,91,px081_evidence_acquisition/RESULTS.json,OtherAttackStage,12424,12047,12038,0.999252926039678,0.9689311010946555,0.9838584446896326,0.992515757039546,0.9989127233385804,source reported; blank if unsupported,True,0.996216999356085,47,339,,Any non-benign predicted label
PX081-0091,PX081,UNRAVELED,delayed_unavailable,,random,3,False,8102,,91,px081_evidence_acquisition/RESULTS.json,LateralMovement,35,639,25,0.03912363067292645,0.7142857142857143,0.07418397626112759,0.144044360686602,0.9985265168602588,source reported; blank if unsupported,True,0.7142857142857143,10,0,,Any non-benign predicted label
PX081-0091,PX081,UNRAVELED,delayed_unavailable,,random,3,False,8102,,91,px081_evidence_acquisition/RESULTS.json,DataExfiltration,3442,2670,2321,0.8692883895131086,0.6743172574084835,0.7594895287958116,0.7005872920920833,0.9536399359043455,source reported; blank if unsupported,True,0.8152237071470075,636,485,,Any non-benign predicted label
PX081-0092,PX081,UNRAVELED,delayed_unavailable,,entropy,3,False,8102,,92,px081_evidence_acquisition/RESULTS.json,Benign,192193,192550,192057,0.9974396260711503,0.9992923779742239,0.9983651424457365,0.999919239059009,0.999075061460171,source reported; blank if unsupported,True,,,,,Any non-benign predicted label
PX081-0092,PX081,UNRAVELED,delayed_unavailable,,entropy,3,False,8102,,92,px081_evidence_acquisition/RESULTS.json,OtherAttackStage,12424,12039,12029,0.9991693662264308,0.9682066967160334,0.9834443853983567,0.9897322977468914,0.9984147254084411,source reported; blank if unsupported,True,0.9956535737282679,54,341,,Any non-benign predicted label
PX081-0092,PX081,UNRAVELED,delayed_unavailable,,entropy,3,False,8102,,92,px081_evidence_acquisition/RESULTS.json,LateralMovement,35,835,25,0.029940119760479042,0.7142857142857143,0.05747126436781609,0.19113047643075637,0.9982499469587267,source reported; blank if unsupported,True,0.7142857142857143,10,0,,Any non-benign predicted label
PX081-0092,PX081,UNRAVELED,delayed_unavailable,,entropy,3,False,8102,,92,px081_evidence_acquisition/RESULTS.json,DataExfiltration,3442,2670,2321,0.8692883895131086,0.6743172574084835,0.7594895287958116,0.6891137525519943,0.9574738055638174,source reported; blank if unsupported,True,0.8753631609529343,429,692,,Any non-benign predicted label
PX081-0093,PX081,UNRAVELED,delayed_unavailable,,harm,3,False,8102,,93,px081_evidence_acquisition/RESULTS.json,Benign,192193,193051,192044,0.9947837618038756,0.9992247376335246,0.9969993043369916,0.9998719811926137,0.9985126448198688,source reported; blank if unsupported,True,,,,,Any non-benign predicted label
PX081-0093,PX081,UNRAVELED,delayed_unavailable,,harm,3,False,8102,,93,px081_evidence_acquisition/RESULTS.json,OtherAttackStage,12424,12035,12023,0.999002908184462,0.9677237604636189,0.9831145999427614,0.9932985194797113,0.9990392062608138,source reported; blank if unsupported,True,0.9958950418544752,51,350,,Any non-benign predicted label
PX081-0093,PX081,UNRAVELED,delayed_unavailable,,harm,3,False,8102,,93,px081_evidence_acquisition/RESULTS.json,LateralMovement,35,322,25,0.07763975155279502,0.7142857142857143,0.1400560224089636,0.16957192833959142,0.9984653391586041,source reported; blank if unsupported,True,0.7142857142857143,10,0,,Any non-benign predicted label
PX081-0093,PX081,UNRAVELED,delayed_unavailable,,harm,3,False,8102,,93,px081_evidence_acquisition/RESULTS.json,DataExfiltration,3442,2686,2321,0.8641102010424423,0.6743172574084835,0.7575065274151436,0.6876298867802747,0.9350058693760471,source reported; blank if unsupported,True,0.725159790819291,946,175,,Any non-benign predicted label
PX081-0094,PX081,UNRAVELED,delayed_unavailable,,full_context_reference,,True,8102,,94,px081_evidence_acquisition/RESULTS.json,Benign,192193,192345,192065,0.9985442824092126,0.9993340027992695,0.9989389865240886,0.9999935607315579,0.9999220543999808,source reported; blank if unsupported,True,,,,,Any non-benign predicted label
PX081-0094,PX081,UNRAVELED,delayed_unavailable,,full_context_reference,,True,8102,,94,px081_evidence_acquisition/RESULTS.json,OtherAttackStage,12424,12085,12083,0.9998345055854365,0.9725531229877656,0.9860051409686238,0.9988354698940576,0.9999090394369062,source reported; blank if unsupported,True,0.9948486799742434,64,277,,Any non-benign predicted label
PX081-0094,PX081,UNRAVELED,delayed_unavailable,,full_context_reference,,True,8102,,94,px081_evidence_acquisition/RESULTS.json,LateralMovement,35,1071,23,0.021475256769374416,0.6571428571428571,0.04159132007233273,0.13004526781514683,0.9970300320032848,source reported; blank if unsupported,True,0.6571428571428571,12,0,,Any non-benign predicted label
PX081-0094,PX081,UNRAVELED,delayed_unavailable,,full_context_reference,,True,8102,,94,px081_evidence_acquisition/RESULTS.json,DataExfiltration,3442,2593,2313,0.8920169687620517,0.6719930273097037,0.7665285832642916,0.909186490972807,0.9979811805753774,source reported; blank if unsupported,True,0.9407321324811156,204,925,,Any non-benign predicted label
PX081-0095,PX081,UNRAVELED,wrong_host_history,,none,1,False,8102,,95,px081_evidence_acquisition/RESULTS.json,Benign,192193,193205,192035,0.9939442561010325,0.9991779097053483,0.9965542114904592,0.9998193319302554,0.9978925997467027,source reported; blank if unsupported,True,,,,,Any non-benign predicted label
PX081-0095,PX081,UNRAVELED,wrong_host_history,,none,1,False,8102,,95,px081_evidence_acquisition/RESULTS.json,OtherAttackStage,12424,12032,12018,0.9988364361702128,0.9673213135866066,0.9828263002944063,0.9904678509668237,0.9986717496582729,source reported; blank if unsupported,True,0.9965389568576948,43,363,,Any non-benign predicted label
PX081-0095,PX081,UNRAVELED,wrong_host_history,,none,1,False,8102,,95,px081_evidence_acquisition/RESULTS.json,LateralMovement,35,156,27,0.17307692307692307,0.7714285714285715,0.28272251308900526,0.19390964952556652,0.9995192297789158,source reported; blank if unsupported,True,0.7714285714285715,8,0,,Any non-benign predicted label
PX081-0095,PX081,UNRAVELED,wrong_host_history,,none,1,False,8102,,95,px081_evidence_acquisition/RESULTS.json,DataExfiltration,3442,2701,2323,0.8600518326545724,0.6748983149331784,0.7563079928373758,0.6478891857161343,0.8907396844515683,source reported; blank if unsupported,True,0.6748983149331784,1119,0,,Any non-benign predicted label
PX081-0096,PX081,UNRAVELED,wrong_host_history,,roles_first,1,False,8102,,96,px081_evidence_acquisition/RESULTS.json,Benign,192193,192131,192023,0.9994378835273849,0.9991154724677798,0.9992766519915488,0.9999841049500635,0.9998108830222187,source reported; blank if unsupported,True,,,,,Any non-benign predicted label
PX081-0096,PX081,UNRAVELED,wrong_host_history,,roles_first,1,False,8102,,96,px081_evidence_acquisition/RESULTS.json,OtherAttackStage,12424,12034,12021,0.9989197274389231,0.967562781712814,0.9829912503066481,0.9885670311199093,0.9979224742806685,source reported; blank if unsupported,True,0.9968609143593046,39,364,,Any non-benign predicted label
PX081-0096,PX081,UNRAVELED,wrong_host_history,,roles_first,1,False,8102,,96,px081_evidence_acquisition/RESULTS.json,LateralMovement,35,1227,27,0.022004889975550123,0.7714285714285715,0.042789223454833596,0.18300017769199456,0.9984018269543049,source reported; blank if unsupported,True,0.7714285714285715,8,0,,Any non-benign predicted label
PX081-0096,PX081,UNRAVELED,wrong_host_history,,roles_first,1,False,8102,,96,px081_evidence_acquisition/RESULTS.json,DataExfiltration,3442,2702,2323,0.8597335307179866,0.6748983149331784,0.7561848958333334,0.6938623161049853,0.9779792118132925,source reported; blank if unsupported,True,0.9822777454968041,61,1058,,Any non-benign predicted label
PX081-0097,PX081,UNRAVELED,wrong_host_history,,history_first,1,False,8102,,97,px081_evidence_acquisition/RESULTS.json,Benign,192193,192131,192023,0.9994378835273849,0.9991154724677798,0.9992766519915488,0.9999841049500635,0.9998108830222187,source reported; blank if unsupported,True,,,,,Any non-benign predicted label
PX081-0097,PX081,UNRAVELED,wrong_host_history,,history_first,1,False,8102,,97,px081_evidence_acquisition/RESULTS.json,OtherAttackStage,12424,12034,12021,0.9989197274389231,0.967562781712814,0.9829912503066481,0.9885670311199093,0.9979224742806685,source reported; blank if unsupported,True,0.9968609143593046,39,364,,Any non-benign predicted label
PX081-0097,PX081,UNRAVELED,wrong_host_history,,history_first,1,False,8102,,97,px081_evidence_acquisition/RESULTS.json,LateralMovement,35,1227,27,0.022004889975550123,0.7714285714285715,0.042789223454833596,0.18300017769199456,0.9984018269543049,source reported; blank if unsupported,True,0.7714285714285715,8,0,,Any non-benign predicted label
PX081-0097,PX081,UNRAVELED,wrong_host_history,,history_first,1,False,8102,,97,px081_evidence_acquisition/RESULTS.json,DataExfiltration,3442,2702,2323,0.8597335307179866,0.6748983149331784,0.7561848958333334,0.6938623161049853,0.9779792118132925,source reported; blank if unsupported,True,0.9822777454968041,61,1058,,Any non-benign predicted label
PX081-0098,PX081,UNRAVELED,wrong_host_history,,random,1,False,8102,,98,px081_evidence_acquisition/RESULTS.json,Benign,192193,192131,192023,0.9994378835273849,0.9991154724677798,0.9992766519915488,0.9999841049500635,0.9998108830222187,source reported; blank if unsupported,True,,,,,Any non-benign predicted label
PX081-0098,PX081,UNRAVELED,wrong_host_history,,random,1,False,8102,,98,px081_evidence_acquisition/RESULTS.json,OtherAttackStage,12424,12034,12021,0.9989197274389231,0.967562781712814,0.9829912503066481,0.9885670311199093,0.9979224742806685,source reported; blank if unsupported,True,0.9968609143593046,39,364,,Any non-benign predicted label
PX081-0098,PX081,UNRAVELED,wrong_host_history,,random,1,False,8102,,98,px081_evidence_acquisition/RESULTS.json,LateralMovement,35,1227,27,0.022004889975550123,0.7714285714285715,0.042789223454833596,0.18300017769199456,0.9984018269543049,source reported; blank if unsupported,True,0.7714285714285715,8,0,,Any non-benign predicted label
PX081-0098,PX081,UNRAVELED,wrong_host_history,,random,1,False,8102,,98,px081_evidence_acquisition/RESULTS.json,DataExfiltration,3442,2702,2323,0.8597335307179866,0.6748983149331784,0.7561848958333334,0.6938623161049853,0.9779792118132925,source reported; blank if unsupported,True,0.9822777454968041,61,1058,,Any non-benign predicted label
PX081-0099,PX081,UNRAVELED,wrong_host_history,,entropy,1,False,8102,,99,px081_evidence_acquisition/RESULTS.json,Benign,192193,192135,192022,0.9994118718609312,0.9991102693646491,0.9992610478549572,0.9999651487132661,0.9996107168536056,source reported; blank if unsupported,True,,,,,Any non-benign predicted label
PX081-0099,PX081,UNRAVELED,wrong_host_history,,entropy,1,False,8102,,99,px081_evidence_acquisition/RESULTS.json,OtherAttackStage,12424,12036,12022,0.9988368228647391,0.9676432710882164,0.9829926410466067,0.9892162112981504,0.9982402102755831,source reported; blank if unsupported,True,0.9966194462330973,42,360,,Any non-benign predicted label
PX081-0099,PX081,UNRAVELED,wrong_host_history,,entropy,1,False,8102,,99,px081_evidence_acquisition/RESULTS.json,LateralMovement,35,1225,27,0.022040816326530613,0.7714285714285715,0.04285714285714286,0.1868058413229595,0.9984074572253886,source reported; blank if unsupported,True,0.7714285714285715,8,0,,Any non-benign predicted label
PX081-0099,PX081,UNRAVELED,wrong_host_history,,entropy,1,False,8102,,99,px081_evidence_acquisition/RESULTS.json,DataExfiltration,3442,2698,2323,0.8610081541882876,0.6748983149331784,0.7566775244299674,0.6966183621736138,0.9770829418248678,source reported; blank if unsupported,True,0.9816966879721092,63,1056,,Any non-benign predicted label
PX081-0100,PX081,UNRAVELED,wrong_host_history,,harm,1,False,8102,,100,px081_evidence_acquisition/RESULTS.json,Benign,192193,193201,192035,0.9939648345505459,0.9991779097053483,0.996564554715434,0.9998692039560223,0.9984632141948618,source reported; blank if unsupported,True,,,,,Any non-benign predicted label
PX081-0100,PX081,UNRAVELED,wrong_host_history,,harm,1,False,8102,,100,px081_evidence_acquisition/RESULTS.json,OtherAttackStage,12424,12032,12018,0.9988364361702128,0.9673213135866066,0.9828263002944063,0.9894629649295948,0.9982228865695691,source reported; blank if unsupported,True,0.9965389568576948,43,363,,Any non-benign predicted label
PX081-0100,PX081,UNRAVELED,wrong_host_history,,harm,1,False,8102,,100,px081_evidence_acquisition/RESULTS.json,LateralMovement,35,160,27,0.16875,0.7714285714285715,0.27692307692307694,0.1935142662590482,0.9995340607368927,source reported; blank if unsupported,True,0.7714285714285715,8,0,,Any non-benign predicted label
PX081-0100,PX081,UNRAVELED,wrong_host_history,,harm,1,False,8102,,100,px081_evidence_acquisition/RESULTS.json,DataExfiltration,3442,2701,2323,0.8600518326545724,0.6748983149331784,0.7563079928373758,0.6520377731193645,0.9070373994269242,source reported; blank if unsupported,True,0.6760604299825683,1115,4,,Any non-benign predicted label
PX081-0101,PX081,UNRAVELED,wrong_host_history,,none,2,False,8102,,101,px081_evidence_acquisition/RESULTS.json,Benign,192193,193205,192035,0.9939442561010325,0.9991779097053483,0.9965542114904592,0.9998193319302554,0.9978925997467027,source reported; blank if unsupported,True,,,,,Any non-benign predicted label
PX081-0101,PX081,UNRAVELED,wrong_host_history,,none,2,False,8102,,101,px081_evidence_acquisition/RESULTS.json,OtherAttackStage,12424,12032,12018,0.9988364361702128,0.9673213135866066,0.9828263002944063,0.9904678509668237,0.9986717496582729,source reported; blank if unsupported,True,0.9965389568576948,43,363,,Any non-benign predicted label
PX081-0101,PX081,UNRAVELED,wrong_host_history,,none,2,False,8102,,101,px081_evidence_acquisition/RESULTS.json,LateralMovement,35,156,27,0.17307692307692307,0.7714285714285715,0.28272251308900526,0.19390964952556652,0.9995192297789158,source reported; blank if unsupported,True,0.7714285714285715,8,0,,Any non-benign predicted label
PX081-0101,PX081,UNRAVELED,wrong_host_history,,none,2,False,8102,,101,px081_evidence_acquisition/RESULTS.json,DataExfiltration,3442,2701,2323,0.8600518326545724,0.6748983149331784,0.7563079928373758,0.6478891857161343,0.8907396844515683,source reported; blank if unsupported,True,0.6748983149331784,1119,0,,Any non-benign predicted label
PX081-0102,PX081,UNRAVELED,wrong_host_history,,roles_first,2,False,8102,,102,px081_evidence_acquisition/RESULTS.json,Benign,192193,192131,192023,0.9994378835273849,0.9991154724677798,0.9992766519915488,0.9999841049500635,0.9998108830222187,source reported; blank if unsupported,True,,,,,Any non-benign predicted label
PX081-0102,PX081,UNRAVELED,wrong_host_history,,roles_first,2,False,8102,,102,px081_evidence_acquisition/RESULTS.json,OtherAttackStage,12424,12034,12021,0.9989197274389231,0.967562781712814,0.9829912503066481,0.9885670311199093,0.9979224742806685,source reported; blank if unsupported,True,0.9968609143593046,39,364,,Any non-benign predicted label
PX081-0102,PX081,UNRAVELED,wrong_host_history,,roles_first,2,False,8102,,102,px081_evidence_acquisition/RESULTS.json,LateralMovement,35,1227,27,0.022004889975550123,0.7714285714285715,0.042789223454833596,0.18300017769199456,0.9984018269543049,source reported; blank if unsupported,True,0.7714285714285715,8,0,,Any non-benign predicted label
PX081-0102,PX081,UNRAVELED,wrong_host_history,,roles_first,2,False,8102,,102,px081_evidence_acquisition/RESULTS.json,DataExfiltration,3442,2702,2323,0.8597335307179866,0.6748983149331784,0.7561848958333334,0.6938623161049853,0.9779792118132925,source reported; blank if unsupported,True,0.9822777454968041,61,1058,,Any non-benign predicted label
PX081-0103,PX081,UNRAVELED,wrong_host_history,,history_first,2,False,8102,,103,px081_evidence_acquisition/RESULTS.json,Benign,192193,205250,192082,0.9358440925700365,0.9994224555524915,0.966588919668984,0.999908975950213,0.998865865039555,source reported; blank if unsupported,True,,,,,Any non-benign predicted label
PX081-0103,PX081,UNRAVELED,wrong_host_history,,history_first,2,False,8102,,103,px081_evidence_acquisition/RESULTS.json,OtherAttackStage,12424,149,149,1.0,0.011992916934964584,0.023701582756700867,0.9965029905785828,0.9997431448161124,source reported; blank if unsupported,True,0.032517707662588546,12020,255,,Any non-benign predicted label
PX081-0103,PX081,UNRAVELED,wrong_host_history,,history_first,2,False,8102,,103,px081_evidence_acquisition/RESULTS.json,LateralMovement,35,136,25,0.18382352941176472,0.7142857142857143,0.29239766081871343,0.17752989302377073,0.9951933277167946,source reported; blank if unsupported,True,0.7142857142857143,10,0,,Any non-benign predicted label
PX081-0103,PX081,UNRAVELED,wrong_host_history,,history_first,2,False,8102,,103,px081_evidence_acquisition/RESULTS.json,DataExfiltration,3442,2559,2304,0.9003516998827668,0.6693782684485764,0.7678720213297784,0.6739921310895113,0.9723636424210402,source reported; blank if unsupported,True,0.6693782684485764,1138,0,,Any non-benign predicted label
PX081-0104,PX081,UNRAVELED,wrong_host_history,,random,2,False,8102,,104,px081_evidence_acquisition/RESULTS.json,Benign,192193,198653,192052,0.9667712040593397,0.9992663624585703,0.9827502392246562,0.9999350518959446,0.9992039870653193,source reported; blank if unsupported,True,,,,,Any non-benign predicted label
PX081-0104,PX081,UNRAVELED,wrong_host_history,,random,2,False,8102,,104,px081_evidence_acquisition/RESULTS.json,OtherAttackStage,12424,6137,6130,0.9988593775460323,0.49339987121699935,0.660524756209256,0.9932084374005327,0.999124900275774,source reported; blank if unsupported,True,0.5188345138441726,5978,316,,Any non-benign predicted label
PX081-0104,PX081,UNRAVELED,wrong_host_history,,random,2,False,8102,,104,px081_evidence_acquisition/RESULTS.json,LateralMovement,35,667,26,0.038980509745127435,0.7428571428571429,0.07407407407407407,0.15238934708692561,0.996745565989867,source reported; blank if unsupported,True,0.7428571428571429,9,0,,Any non-benign predicted label
PX081-0104,PX081,UNRAVELED,wrong_host_history,,random,2,False,8102,,104,px081_evidence_acquisition/RESULTS.json,DataExfiltration,3442,2637,2314,0.8775123246113007,0.6722835560720511,0.7613094258924166,0.6729704174483857,0.9715874519853565,source reported; blank if unsupported,True,0.821615339918652,614,514,,Any non-benign predicted label
PX081-0105,PX081,UNRAVELED,wrong_host_history,,entropy,2,False,8102,,105,px081_evidence_acquisition/RESULTS.json,Benign,192193,201912,192082,0.9513154245413844,0.9994224555524915,0.9747757577295391,0.9999339067506883,0.9992131203911846,source reported; blank if unsupported,True,,,,,Any non-benign predicted label
PX081-0105,PX081,UNRAVELED,wrong_host_history,,entropy,2,False,8102,,105,px081_evidence_acquisition/RESULTS.json,OtherAttackStage,12424,2431,2431,1.0,0.19566967160334836,0.32729720632783577,0.9889939172767818,0.9981934466765685,source reported; blank if unsupported,True,0.21635544108177718,9736,257,,Any non-benign predicted label
PX081-0105,PX081,UNRAVELED,wrong_host_history,,entropy,2,False,8102,,105,px081_evidence_acquisition/RESULTS.json,LateralMovement,35,1185,25,0.02109704641350211,0.7142857142857143,0.040983606557377046,0.1411417286669587,0.9966039852706615,source reported; blank if unsupported,True,0.7142857142857143,10,0,,Any non-benign predicted label
PX081-0105,PX081,UNRAVELED,wrong_host_history,,entropy,2,False,8102,,105,px081_evidence_acquisition/RESULTS.json,DataExfiltration,3442,2566,2309,0.8998441153546376,0.6708309122603138,0.7686418109187749,0.6943373055759443,0.9767332715528384,source reported; blank if unsupported,True,0.9755955839628123,84,1049,,Any non-benign predicted label
PX081-0106,PX081,UNRAVELED,wrong_host_history,,harm,2,False,8102,,106,px081_evidence_acquisition/RESULTS.json,Benign,192193,201759,192061,0.9519327514509885,0.9993131903867467,0.9750477215498334,0.9998978826784358,0.9987476486451019,source reported; blank if unsupported,True,,,,,Any non-benign predicted label
PX081-0106,PX081,UNRAVELED,wrong_host_history,,harm,2,False,8102,,106,px081_evidence_acquisition/RESULTS.json,OtherAttackStage,12424,3605,3600,0.9986130374479889,0.2897617514488088,0.44918585064570465,0.9945121523040558,0.9995333263694071,source reported; blank if unsupported,True,0.311413393432067,8555,269,,Any non-benign predicted label
PX081-0106,PX081,UNRAVELED,wrong_host_history,,harm,2,False,8102,,106,px081_evidence_acquisition/RESULTS.json,LateralMovement,35,140,25,0.17857142857142858,0.7142857142857143,0.2857142857142857,0.17960903843433385,0.9962208521895919,source reported; blank if unsupported,True,0.7142857142857143,10,0,,Any non-benign predicted label
PX081-0106,PX081,UNRAVELED,wrong_host_history,,harm,2,False,8102,,106,px081_evidence_acquisition/RESULTS.json,DataExfiltration,3442,2590,2307,0.8907335907335907,0.6702498547356188,0.764920424403183,0.6451554237727288,0.9594397653121798,source reported; blank if unsupported,True,0.6708309122603138,1133,2,,Any non-benign predicted label
PX081-0107,PX081,UNRAVELED,wrong_host_history,,none,3,False,8102,,107,px081_evidence_acquisition/RESULTS.json,Benign,192193,193205,192035,0.9939442561010325,0.9991779097053483,0.9965542114904592,0.9998193319302554,0.9978925997467027,source reported; blank if unsupported,True,,,,,Any non-benign predicted label
PX081-0107,PX081,UNRAVELED,wrong_host_history,,none,3,False,8102,,107,px081_evidence_acquisition/RESULTS.json,OtherAttackStage,12424,12032,12018,0.9988364361702128,0.9673213135866066,0.9828263002944063,0.9904678509668237,0.9986717496582729,source reported; blank if unsupported,True,0.9965389568576948,43,363,,Any non-benign predicted label
PX081-0107,PX081,UNRAVELED,wrong_host_history,,none,3,False,8102,,107,px081_evidence_acquisition/RESULTS.json,LateralMovement,35,156,27,0.17307692307692307,0.7714285714285715,0.28272251308900526,0.19390964952556652,0.9995192297789158,source reported; blank if unsupported,True,0.7714285714285715,8,0,,Any non-benign predicted label
PX081-0107,PX081,UNRAVELED,wrong_host_history,,none,3,False,8102,,107,px081_evidence_acquisition/RESULTS.json,DataExfiltration,3442,2701,2323,0.8600518326545724,0.6748983149331784,0.7563079928373758,0.6478891857161343,0.8907396844515683,source reported; blank if unsupported,True,0.6748983149331784,1119,0,,Any non-benign predicted label
PX081-0108,PX081,UNRAVELED,wrong_host_history,,roles_first,3,False,8102,,108,px081_evidence_acquisition/RESULTS.json,Benign,192193,199799,192036,0.9611459516814398,0.9991831128084789,0.9797955060307353,0.9999306841369358,0.9991025100297306,source reported; blank if unsupported,True,,,,,Any non-benign predicted label
PX081-0108,PX081,UNRAVELED,wrong_host_history,,roles_first,3,False,8102,,108,px081_evidence_acquisition/RESULTS.json,OtherAttackStage,12424,4448,4448,1.0,0.3580167417900837,0.5272641062114747,0.9967150905554137,0.9997454722494749,source reported; blank if unsupported,True,0.38063425627817127,7695,281,,Any non-benign predicted label
PX081-0108,PX081,UNRAVELED,wrong_host_history,,roles_first,3,False,8102,,108,px081_evidence_acquisition/RESULTS.json,LateralMovement,35,1260,32,0.025396825396825397,0.9142857142857143,0.04942084942084942,0.19677530979729457,0.9991439241478894,source reported; blank if unsupported,True,0.9142857142857143,3,0,,Any non-benign predicted label
PX081-0108,PX081,UNRAVELED,wrong_host_history,,roles_first,3,False,8102,,108,px081_evidence_acquisition/RESULTS.json,DataExfiltration,3442,2587,2306,0.8913799768071125,0.6699593259732713,0.7649693149776082,0.687333651992331,0.9784928876244423,source reported; blank if unsupported,True,0.9811156304474143,65,1071,,Any non-benign predicted label
PX081-0109,PX081,UNRAVELED,wrong_host_history,,history_first,3,False,8102,,109,px081_evidence_acquisition/RESULTS.json,Benign,192193,199799,192036,0.9611459516814398,0.9991831128084789,0.9797955060307353,0.9999306841369358,0.9991025100297306,source reported; blank if unsupported,True,,,,,Any non-benign predicted label
PX081-0109,PX081,UNRAVELED,wrong_host_history,,history_first,3,False,8102,,109,px081_evidence_acquisition/RESULTS.json,OtherAttackStage,12424,4448,4448,1.0,0.3580167417900837,0.5272641062114747,0.9967150905554137,0.9997454722494749,source reported; blank if unsupported,True,0.38063425627817127,7695,281,,Any non-benign predicted label
PX081-0109,PX081,UNRAVELED,wrong_host_history,,history_first,3,False,8102,,109,px081_evidence_acquisition/RESULTS.json,LateralMovement,35,1260,32,0.025396825396825397,0.9142857142857143,0.04942084942084942,0.19677530979729457,0.9991439241478894,source reported; blank if unsupported,True,0.9142857142857143,3,0,,Any non-benign predicted label
PX081-0109,PX081,UNRAVELED,wrong_host_history,,history_first,3,False,8102,,109,px081_evidence_acquisition/RESULTS.json,DataExfiltration,3442,2587,2306,0.8913799768071125,0.6699593259732713,0.7649693149776082,0.687333651992331,0.9784928876244423,source reported; blank if unsupported,True,0.9811156304474143,65,1071,,Any non-benign predicted label
PX081-0110,PX081,UNRAVELED,wrong_host_history,,random,3,False,8102,,110,px081_evidence_acquisition/RESULTS.json,Benign,192193,199799,192036,0.9611459516814398,0.9991831128084789,0.9797955060307353,0.9999306841369358,0.9991025100297306,source reported; blank if unsupported,True,,,,,Any non-benign predicted label
PX081-0110,PX081,UNRAVELED,wrong_host_history,,random,3,False,8102,,110,px081_evidence_acquisition/RESULTS.json,OtherAttackStage,12424,4448,4448,1.0,0.3580167417900837,0.5272641062114747,0.9967150905554137,0.9997454722494749,source reported; blank if unsupported,True,0.38063425627817127,7695,281,,Any non-benign predicted label
PX081-0110,PX081,UNRAVELED,wrong_host_history,,random,3,False,8102,,110,px081_evidence_acquisition/RESULTS.json,LateralMovement,35,1260,32,0.025396825396825397,0.9142857142857143,0.04942084942084942,0.19677530979729457,0.9991439241478894,source reported; blank if unsupported,True,0.9142857142857143,3,0,,Any non-benign predicted label
PX081-0110,PX081,UNRAVELED,wrong_host_history,,random,3,False,8102,,110,px081_evidence_acquisition/RESULTS.json,DataExfiltration,3442,2587,2306,0.8913799768071125,0.6699593259732713,0.7649693149776082,0.687333651992331,0.9784928876244423,source reported; blank if unsupported,True,0.9811156304474143,65,1071,,Any non-benign predicted label
PX081-0111,PX081,UNRAVELED,wrong_host_history,,entropy,3,False,8102,,111,px081_evidence_acquisition/RESULTS.json,Benign,192193,198290,192043,0.9684956377023551,0.9992195345303939,0.9836177247152885,0.9999279808010607,0.9991287583614257,source reported; blank if unsupported,True,,,,,Any non-benign predicted label
PX081-0111,PX081,UNRAVELED,wrong_host_history,,entropy,3,False,8102,,111,px081_evidence_acquisition/RESULTS.json,OtherAttackStage,12424,5984,5984,1.0,0.4816484224082421,0.6501521077792264,0.9894350059132402,0.998376197912428,source reported; blank if unsupported,True,0.5033000643915003,6171,269,,Any non-benign predicted label
PX081-0111,PX081,UNRAVELED,wrong_host_history,,entropy,3,False,8102,,111,px081_evidence_acquisition/RESULTS.json,LateralMovement,35,1240,29,0.02338709677419355,0.8285714285714286,0.04549019607843137,0.15979426584412165,0.9973379803668327,source reported; blank if unsupported,True,0.8285714285714285,6,0,,Any non-benign predicted label
PX081-0111,PX081,UNRAVELED,wrong_host_history,,entropy,3,False,8102,,111,px081_evidence_acquisition/RESULTS.json,DataExfiltration,3442,2580,2311,0.8957364341085271,0.6714119697850087,0.7675190966456327,0.6942817324918749,0.9772908357303485,source reported; blank if unsupported,True,0.979662986635677,70,1061,,Any non-benign predicted label
PX081-0112,PX081,UNRAVELED,wrong_host_history,,harm,3,False,8102,,112,px081_evidence_acquisition/RESULTS.json,Benign,192193,199574,192018,0.962139356830048,0.9990894569521263,0.9802663317737329,0.9999229918365978,0.9990077851501763,source reported; blank if unsupported,True,,,,,Any non-benign predicted label
PX081-0112,PX081,UNRAVELED,wrong_host_history,,harm,3,False,8102,,112,px081_evidence_acquisition/RESULTS.json,OtherAttackStage,12424,4650,4645,0.9989247311827957,0.3738731487443657,0.5441021436101675,0.9952267385925555,0.9997205364624482,source reported; blank if unsupported,True,0.39753702511268507,7485,294,,Any non-benign predicted label
PX081-0112,PX081,UNRAVELED,wrong_host_history,,harm,3,False,8102,,112,px081_evidence_acquisition/RESULTS.json,LateralMovement,35,1256,32,0.025477707006369428,0.9142857142857143,0.049573973663826494,0.19723311329593243,0.9991723501506784,source reported; blank if unsupported,True,0.9142857142857143,3,0,,Any non-benign predicted label
PX081-0112,PX081,UNRAVELED,wrong_host_history,,harm,3,False,8102,,112,px081_evidence_acquisition/RESULTS.json,DataExfiltration,3442,2614,2306,0.8821729150726856,0.6699593259732713,0.7615587846763541,0.6743502780664796,0.9776955611261828,source reported; blank if unsupported,True,0.9802440441603719,68,1068,,Any non-benign predicted label
PX081-0113,PX081,UNRAVELED,wrong_host_history,,full_context_reference,,True,8102,,113,px081_evidence_acquisition/RESULTS.json,Benign,192193,199799,192036,0.9611459516814398,0.9991831128084789,0.9797955060307353,0.9999306841369358,0.9991025100297306,source reported; blank if unsupported,True,,,,,Any non-benign predicted label
PX081-0113,PX081,UNRAVELED,wrong_host_history,,full_context_reference,,True,8102,,113,px081_evidence_acquisition/RESULTS.json,OtherAttackStage,12424,4448,4448,1.0,0.3580167417900837,0.5272641062114747,0.9967150905554137,0.9997454722494749,source reported; blank if unsupported,True,0.38063425627817127,7695,281,,Any non-benign predicted label
PX081-0113,PX081,UNRAVELED,wrong_host_history,,full_context_reference,,True,8102,,113,px081_evidence_acquisition/RESULTS.json,LateralMovement,35,1260,32,0.025396825396825397,0.9142857142857143,0.04942084942084942,0.19677530979729457,0.9991439241478894,source reported; blank if unsupported,True,0.9142857142857143,3,0,,Any non-benign predicted label
PX081-0113,PX081,UNRAVELED,wrong_host_history,,full_context_reference,,True,8102,,113,px081_evidence_acquisition/RESULTS.json,DataExfiltration,3442,2587,2306,0.8913799768071125,0.6699593259732713,0.7649693149776082,0.687333651992331,0.9784928876244423,source reported; blank if unsupported,True,0.9811156304474143,65,1071,,Any non-benign predicted label
PX081-0114,PX081,UNRAVELED,clean,,none,1,False,8103,,114,px081_evidence_acquisition/RESULTS.json,Benign,192193,193189,192026,0.9939799885086625,0.9991310817771719,0.996548878774826,0.996089445817174,0.9659473904010327,source reported; blank if unsupported,True,,,,,Any non-benign predicted label
PX081-0114,PX081,UNRAVELED,clean,,none,1,False,8103,,114,px081_evidence_acquisition/RESULTS.json,OtherAttackStage,12424,12034,12034,1.0,0.9686091435930457,0.9840542971624826,0.9894854223982499,0.9981880511693753,source reported; blank if unsupported,True,0.996941403734707,38,352,,Any non-benign predicted label
PX081-0114,PX081,UNRAVELED,clean,,none,1,False,8103,,114,px081_evidence_acquisition/RESULTS.json,LateralMovement,35,170,27,0.1588235294117647,0.7714285714285715,0.2634146341463415,0.1635893005959343,0.9995256153302668,source reported; blank if unsupported,True,0.7714285714285715,8,0,,Any non-benign predicted label
PX081-0114,PX081,UNRAVELED,clean,,none,1,False,8103,,114,px081_evidence_acquisition/RESULTS.json,DataExfiltration,3442,2701,2325,0.8607922991484636,0.6754793724578734,0.756959140485105,0.6202066098826005,0.831265212045225,source reported; blank if unsupported,True,0.6754793724578734,1117,0,,Any non-benign predicted label
PX081-0115,PX081,UNRAVELED,clean,,roles_first,1,False,8103,,115,px081_evidence_acquisition/RESULTS.json,Benign,192193,193153,192010,0.9940824113526583,0.9990478321270806,0.9965589366439511,0.9999799898142009,0.9997627807411623,source reported; blank if unsupported,True,,,,,Any non-benign predicted label
PX081-0115,PX081,UNRAVELED,clean,,roles_first,1,False,8103,,115,px081_evidence_acquisition/RESULTS.json,OtherAttackStage,12424,12039,12036,0.9997508098679292,0.9687701223438506,0.9840166782487839,0.9891562064457152,0.9981762171703144,source reported; blank if unsupported,True,0.9968609143593046,39,349,,Any non-benign predicted label
PX081-0115,PX081,UNRAVELED,clean,,roles_first,1,False,8103,,115,px081_evidence_acquisition/RESULTS.json,LateralMovement,35,207,31,0.1497584541062802,0.8857142857142857,0.256198347107438,0.15555446316192417,0.9990554190329254,source reported; blank if unsupported,True,0.8857142857142857,4,0,,Any non-benign predicted label
PX081-0115,PX081,UNRAVELED,clean,,roles_first,1,False,8103,,115,px081_evidence_acquisition/RESULTS.json,DataExfiltration,3442,2695,2325,0.862708719851577,0.6754793724578734,0.7576992015642823,0.6878457969514553,0.9771248242634032,source reported; blank if unsupported,True,0.6804183614177803,1100,17,,Any non-benign predicted label
PX081-0116,PX081,UNRAVELED,clean,,history_first,1,False,8103,,116,px081_evidence_acquisition/RESULTS.json,Benign,192193,193153,192010,0.9940824113526583,0.9990478321270806,0.9965589366439511,0.9999799898142009,0.9997627807411623,source reported; blank if unsupported,True,,,,,Any non-benign predicted label
PX081-0116,PX081,UNRAVELED,clean,,history_first,1,False,8103,,116,px081_evidence_acquisition/RESULTS.json,OtherAttackStage,12424,12039,12036,0.9997508098679292,0.9687701223438506,0.9840166782487839,0.9891562064457152,0.9981762171703144,source reported; blank if unsupported,True,0.9968609143593046,39,349,,Any non-benign predicted label
PX081-0116,PX081,UNRAVELED,clean,,history_first,1,False,8103,,116,px081_evidence_acquisition/RESULTS.json,LateralMovement,35,207,31,0.1497584541062802,0.8857142857142857,0.256198347107438,0.15555446316192417,0.9990554190329254,source reported; blank if unsupported,True,0.8857142857142857,4,0,,Any non-benign predicted label
PX081-0116,PX081,UNRAVELED,clean,,history_first,1,False,8103,,116,px081_evidence_acquisition/RESULTS.json,DataExfiltration,3442,2695,2325,0.862708719851577,0.6754793724578734,0.7576992015642823,0.6878457969514553,0.9771248242634032,source reported; blank if unsupported,True,0.6804183614177803,1100,17,,Any non-benign predicted label
PX081-0117,PX081,UNRAVELED,clean,,random,1,False,8103,,117,px081_evidence_acquisition/RESULTS.json,Benign,192193,193153,192010,0.9940824113526583,0.9990478321270806,0.9965589366439511,0.9999799898142009,0.9997627807411623,source reported; blank if unsupported,True,,,,,Any non-benign predicted label
PX081-0117,PX081,UNRAVELED,clean,,random,1,False,8103,,117,px081_evidence_acquisition/RESULTS.json,OtherAttackStage,12424,12039,12036,0.9997508098679292,0.9687701223438506,0.9840166782487839,0.9891562064457152,0.9981762171703144,source reported; blank if unsupported,True,0.9968609143593046,39,349,,Any non-benign predicted label
PX081-0117,PX081,UNRAVELED,clean,,random,1,False,8103,,117,px081_evidence_acquisition/RESULTS.json,LateralMovement,35,207,31,0.1497584541062802,0.8857142857142857,0.256198347107438,0.15555446316192417,0.9990554190329254,source reported; blank if unsupported,True,0.8857142857142857,4,0,,Any non-benign predicted label
PX081-0117,PX081,UNRAVELED,clean,,random,1,False,8103,,117,px081_evidence_acquisition/RESULTS.json,DataExfiltration,3442,2695,2325,0.862708719851577,0.6754793724578734,0.7576992015642823,0.6878457969514553,0.9771248242634032,source reported; blank if unsupported,True,0.6804183614177803,1100,17,,Any non-benign predicted label
PX081-0118,PX081,UNRAVELED,clean,,entropy,1,False,8103,,118,px081_evidence_acquisition/RESULTS.json,Benign,192193,193160,192010,0.9940463864154069,0.9990478321270806,0.9965408339885767,0.9999783048880054,0.9997430353885295,source reported; blank if unsupported,True,,,,,Any non-benign predicted label
PX081-0118,PX081,UNRAVELED,clean,,entropy,1,False,8103,,118,px081_evidence_acquisition/RESULTS.json,OtherAttackStage,12424,12039,12036,0.9997508098679292,0.9687701223438506,0.9840166782487839,0.9893461521865582,0.9981274309502597,source reported; blank if unsupported,True,0.9968609143593046,39,349,,Any non-benign predicted label
PX081-0118,PX081,UNRAVELED,clean,,entropy,1,False,8103,,118,px081_evidence_acquisition/RESULTS.json,LateralMovement,35,200,31,0.155,0.8857142857142857,0.26382978723404255,0.15888098970874615,0.9990815105330699,source reported; blank if unsupported,True,0.8857142857142857,4,0,,Any non-benign predicted label
PX081-0118,PX081,UNRAVELED,clean,,entropy,1,False,8103,,118,px081_evidence_acquisition/RESULTS.json,DataExfiltration,3442,2695,2325,0.862708719851577,0.6754793724578734,0.7576992015642823,0.6726962163760849,0.9762219934855642,source reported; blank if unsupported,True,0.6783846600813481,1107,10,,Any non-benign predicted label
PX081-0119,PX081,UNRAVELED,clean,,harm,1,False,8103,,119,px081_evidence_acquisition/RESULTS.json,Benign,192193,193180,192026,0.9940262967180867,0.9991310817771719,0.9965721521746463,0.9960898832243137,0.9659530853137357,source reported; blank if unsupported,True,,,,,Any non-benign predicted label
PX081-0119,PX081,UNRAVELED,clean,,harm,1,False,8103,,119,px081_evidence_acquisition/RESULTS.json,OtherAttackStage,12424,12040,12039,0.9999169435215947,0.9690115904700579,0.9842217135382603,0.9892397428585633,0.9981805472741124,source reported; blank if unsupported,True,0.9968609143593046,39,346,,Any non-benign predicted label
PX081-0119,PX081,UNRAVELED,clean,,harm,1,False,8103,,119,px081_evidence_acquisition/RESULTS.json,LateralMovement,35,180,27,0.15,0.7714285714285715,0.25116279069767444,0.16419470468208244,0.9995019269946093,source reported; blank if unsupported,True,0.7714285714285715,8,0,,Any non-benign predicted label
PX081-0119,PX081,UNRAVELED,clean,,harm,1,False,8103,,119,px081_evidence_acquisition/RESULTS.json,DataExfiltration,3442,2694,2325,0.8630289532293987,0.6754793724578734,0.7578226857887875,0.6348301478198166,0.8313066267178593,source reported; blank if unsupported,True,0.6783846600813481,1107,10,,Any non-benign predicted label
PX081-0120,PX081,UNRAVELED,clean,,none,2,False,8103,,120,px081_evidence_acquisition/RESULTS.json,Benign,192193,193189,192026,0.9939799885086625,0.9991310817771719,0.996548878774826,0.996089445817174,0.9659473904010327,source reported; blank if unsupported,True,,,,,Any non-benign predicted label
PX081-0120,PX081,UNRAVELED,clean,,none,2,False,8103,,120,px081_evidence_acquisition/RESULTS.json,OtherAttackStage,12424,12034,12034,1.0,0.9686091435930457,0.9840542971624826,0.9894854223982499,0.9981880511693753,source reported; blank if unsupported,True,0.996941403734707,38,352,,Any non-benign predicted label
PX081-0120,PX081,UNRAVELED,clean,,none,2,False,8103,,120,px081_evidence_acquisition/RESULTS.json,LateralMovement,35,170,27,0.1588235294117647,0.7714285714285715,0.2634146341463415,0.1635893005959343,0.9995256153302668,source reported; blank if unsupported,True,0.7714285714285715,8,0,,Any non-benign predicted label
PX081-0120,PX081,UNRAVELED,clean,,none,2,False,8103,,120,px081_evidence_acquisition/RESULTS.json,DataExfiltration,3442,2701,2325,0.8607922991484636,0.6754793724578734,0.756959140485105,0.6202066098826005,0.831265212045225,source reported; blank if unsupported,True,0.6754793724578734,1117,0,,Any non-benign predicted label
PX081-0121,PX081,UNRAVELED,clean,,roles_first,2,False,8103,,121,px081_evidence_acquisition/RESULTS.json,Benign,192193,193153,192010,0.9940824113526583,0.9990478321270806,0.9965589366439511,0.9999799898142009,0.9997627807411623,source reported; blank if unsupported,True,,,,,Any non-benign predicted label
PX081-0121,PX081,UNRAVELED,clean,,roles_first,2,False,8103,,121,px081_evidence_acquisition/RESULTS.json,OtherAttackStage,12424,12039,12036,0.9997508098679292,0.9687701223438506,0.9840166782487839,0.9891562064457152,0.9981762171703144,source reported; blank if unsupported,True,0.9968609143593046,39,349,,Any non-benign predicted label
PX081-0121,PX081,UNRAVELED,clean,,roles_first,2,False,8103,,121,px081_evidence_acquisition/RESULTS.json,LateralMovement,35,207,31,0.1497584541062802,0.8857142857142857,0.256198347107438,0.15555446316192417,0.9990554190329254,source reported; blank if unsupported,True,0.8857142857142857,4,0,,Any non-benign predicted label
PX081-0121,PX081,UNRAVELED,clean,,roles_first,2,False,8103,,121,px081_evidence_acquisition/RESULTS.json,DataExfiltration,3442,2695,2325,0.862708719851577,0.6754793724578734,0.7576992015642823,0.6878457969514553,0.9771248242634032,source reported; blank if unsupported,True,0.6804183614177803,1100,17,,Any non-benign predicted label
PX081-0122,PX081,UNRAVELED,clean,,history_first,2,False,8103,,122,px081_evidence_acquisition/RESULTS.json,Benign,192193,193360,192139,0.9936853537443111,0.9997190324309418,0.9966930616542992,0.9995565968648997,0.995015484791258,source reported; blank if unsupported,True,,,,,Any non-benign predicted label
PX081-0122,PX081,UNRAVELED,clean,,history_first,2,False,8103,,122,px081_evidence_acquisition/RESULTS.json,OtherAttackStage,12424,12056,12054,0.9998341074983411,0.9702189311010947,0.9848039215686275,0.9989852352296431,0.9999146321877008,source reported; blank if unsupported,True,0.9942047649710238,72,298,,Any non-benign predicted label
PX081-0122,PX081,UNRAVELED,clean,,history_first,2,False,8103,,122,px081_evidence_acquisition/RESULTS.json,LateralMovement,35,70,17,0.24285714285714285,0.4857142857142857,0.3238095238095238,0.24285665344975876,0.9994327158573838,source reported; blank if unsupported,True,0.48571428571428577,18,0,,Any non-benign predicted label
PX081-0122,PX081,UNRAVELED,clean,,history_first,2,False,8103,,122,px081_evidence_acquisition/RESULTS.json,DataExfiltration,3442,2608,2309,0.8853527607361963,0.6708309122603138,0.763305785123967,0.7272347686350953,0.9724276894392844,source reported; blank if unsupported,True,0.6714119697850087,1131,2,,Any non-benign predicted label
PX081-0123,PX081,UNRAVELED,clean,,random,2,False,8103,,123,px081_evidence_acquisition/RESULTS.json,Benign,192193,193254,192067,0.9938578244176058,0.9993444090055309,0.9965935653929074,0.9997210580463836,0.9968380988343089,source reported; blank if unsupported,True,,,,,Any non-benign predicted label
PX081-0123,PX081,UNRAVELED,clean,,random,2,False,8103,,123,px081_evidence_acquisition/RESULTS.json,OtherAttackStage,12424,12042,12039,0.9997508719481814,0.9690115904700579,0.984141257254966,0.995135806378198,0.9993174112648959,source reported; blank if unsupported,True,0.9948486799742434,64,321,,Any non-benign predicted label
PX081-0123,PX081,UNRAVELED,clean,,random,2,False,8103,,123,px081_evidence_acquisition/RESULTS.json,LateralMovement,35,144,25,0.1736111111111111,0.7142857142857143,0.27932960893854747,0.17509271531409668,0.9989814015667259,source reported; blank if unsupported,True,0.7142857142857143,10,0,,Any non-benign predicted label
PX081-0123,PX081,UNRAVELED,clean,,random,2,False,8103,,123,px081_evidence_acquisition/RESULTS.json,DataExfiltration,3442,2654,2320,0.8741522230595328,0.674026728646136,0.7611548556430446,0.7182558486001748,0.9717397278863649,source reported; blank if unsupported,True,0.6766414875072633,1113,9,,Any non-benign predicted label
PX081-0124,PX081,UNRAVELED,clean,,entropy,2,False,8103,,124,px081_evidence_acquisition/RESULTS.json,Benign,192193,193302,192100,0.9937817508354803,0.9995161114088442,0.9966406827585312,0.9999772681679574,0.9997329550920044,source reported; blank if unsupported,True,,,,,Any non-benign predicted label
PX081-0124,PX081,UNRAVELED,clean,,entropy,2,False,8103,,124,px081_evidence_acquisition/RESULTS.json,OtherAttackStage,12424,12056,12054,0.9998341074983411,0.9702189311010947,0.9848039215686275,0.9893240119066441,0.9981177972765889,source reported; blank if unsupported,True,0.9947681905988409,65,305,,Any non-benign predicted label
PX081-0124,PX081,UNRAVELED,clean,,entropy,2,False,8103,,124,px081_evidence_acquisition/RESULTS.json,LateralMovement,35,116,23,0.19827586206896552,0.6571428571428571,0.304635761589404,0.1573005882039088,0.9979926023730906,source reported; blank if unsupported,True,0.6571428571428571,12,0,,Any non-benign predicted label
PX081-0124,PX081,UNRAVELED,clean,,entropy,2,False,8103,,124,px081_evidence_acquisition/RESULTS.json,DataExfiltration,3442,2620,2314,0.883206106870229,0.6722835560720511,0.7634444077862091,0.8168385308220807,0.9944403318270827,source reported; blank if unsupported,True,0.6731551423590936,1125,3,,Any non-benign predicted label
PX081-0125,PX081,UNRAVELED,clean,,harm,2,False,8103,,125,px081_evidence_acquisition/RESULTS.json,Benign,192193,193303,192106,0.9938076491311568,0.9995473300276285,0.9966692261398302,0.9961100624972758,0.9660749287628806,source reported; blank if unsupported,True,,,,,Any non-benign predicted label
PX081-0125,PX081,UNRAVELED,clean,,harm,2,False,8103,,125,px081_evidence_acquisition/RESULTS.json,OtherAttackStage,12424,12061,12059,0.9998341762706243,0.9706213779781069,0.9850112313661425,0.9895189448716544,0.9982677168110716,source reported; blank if unsupported,True,0.9953316162266581,58,307,,Any non-benign predicted label
PX081-0125,PX081,UNRAVELED,clean,,harm,2,False,8103,,125,px081_evidence_acquisition/RESULTS.json,LateralMovement,35,106,21,0.19811320754716982,0.6,0.2978723404255319,0.20427409850975276,0.9996090394688869,source reported; blank if unsupported,True,0.6,14,0,,Any non-benign predicted label
PX081-0125,PX081,UNRAVELED,clean,,harm,2,False,8103,,125,px081_evidence_acquisition/RESULTS.json,DataExfiltration,3442,2624,2315,0.8822408536585366,0.6725740848343986,0.7632706890867128,0.6342650208954352,0.8314109264470076,source reported; blank if unsupported,True,0.6731551423590936,1125,2,,Any non-benign predicted label
PX081-0126,PX081,UNRAVELED,clean,,none,3,False,8103,,126,px081_evidence_acquisition/RESULTS.json,Benign,192193,193189,192026,0.9939799885086625,0.9991310817771719,0.996548878774826,0.996089445817174,0.9659473904010327,source reported; blank if unsupported,True,,,,,Any non-benign predicted label
PX081-0126,PX081,UNRAVELED,clean,,none,3,False,8103,,126,px081_evidence_acquisition/RESULTS.json,OtherAttackStage,12424,12034,12034,1.0,0.9686091435930457,0.9840542971624826,0.9894854223982499,0.9981880511693753,source reported; blank if unsupported,True,0.996941403734707,38,352,,Any non-benign predicted label
PX081-0126,PX081,UNRAVELED,clean,,none,3,False,8103,,126,px081_evidence_acquisition/RESULTS.json,LateralMovement,35,170,27,0.1588235294117647,0.7714285714285715,0.2634146341463415,0.1635893005959343,0.9995256153302668,source reported; blank if unsupported,True,0.7714285714285715,8,0,,Any non-benign predicted label
PX081-0126,PX081,UNRAVELED,clean,,none,3,False,8103,,126,px081_evidence_acquisition/RESULTS.json,DataExfiltration,3442,2701,2325,0.8607922991484636,0.6754793724578734,0.756959140485105,0.6202066098826005,0.831265212045225,source reported; blank if unsupported,True,0.6754793724578734,1117,0,,Any non-benign predicted label
PX081-0127,PX081,UNRAVELED,clean,,roles_first,3,False,8103,,127,px081_evidence_acquisition/RESULTS.json,Benign,192193,193314,192126,0.9938545578695801,0.9996513920902427,0.9967445467916276,0.9999946299861766,0.9999349736451733,source reported; blank if unsupported,True,,,,,Any non-benign predicted label
PX081-0127,PX081,UNRAVELED,clean,,roles_first,3,False,8103,,127,px081_evidence_acquisition/RESULTS.json,OtherAttackStage,12424,12062,12060,0.9998341900182391,0.9707018673535094,0.9850526831658907,0.9988106868996325,0.9999082617746984,source reported; blank if unsupported,True,0.9949291693496458,63,301,,Any non-benign predicted label
PX081-0127,PX081,UNRAVELED,clean,,roles_first,3,False,8103,,127,px081_evidence_acquisition/RESULTS.json,LateralMovement,35,105,17,0.1619047619047619,0.4857142857142857,0.24285714285714285,0.16973025978035292,0.9973304275641593,source reported; blank if unsupported,True,0.48571428571428577,18,0,,Any non-benign predicted label
PX081-0127,PX081,UNRAVELED,clean,,roles_first,3,False,8103,,127,px081_evidence_acquisition/RESULTS.json,DataExfiltration,3442,2613,2311,0.884424033677765,0.6714119697850087,0.7633360858794385,0.9245209100746088,0.9984289425635489,source reported; blank if unsupported,True,0.6783846600813481,1107,24,,Any non-benign predicted label
PX081-0128,PX081,UNRAVELED,clean,,history_first,3,False,8103,,128,px081_evidence_acquisition/RESULTS.json,Benign,192193,193314,192126,0.9938545578695801,0.9996513920902427,0.9967445467916276,0.9999946299861766,0.9999349736451733,source reported; blank if unsupported,True,,,,,Any non-benign predicted label
PX081-0128,PX081,UNRAVELED,clean,,history_first,3,False,8103,,128,px081_evidence_acquisition/RESULTS.json,OtherAttackStage,12424,12062,12060,0.9998341900182391,0.9707018673535094,0.9850526831658907,0.9988106868996325,0.9999082617746984,source reported; blank if unsupported,True,0.9949291693496458,63,301,,Any non-benign predicted label
PX081-0128,PX081,UNRAVELED,clean,,history_first,3,False,8103,,128,px081_evidence_acquisition/RESULTS.json,LateralMovement,35,105,17,0.1619047619047619,0.4857142857142857,0.24285714285714285,0.16973025978035292,0.9973304275641593,source reported; blank if unsupported,True,0.48571428571428577,18,0,,Any non-benign predicted label
PX081-0128,PX081,UNRAVELED,clean,,history_first,3,False,8103,,128,px081_evidence_acquisition/RESULTS.json,DataExfiltration,3442,2613,2311,0.884424033677765,0.6714119697850087,0.7633360858794385,0.9245209100746088,0.9984289425635489,source reported; blank if unsupported,True,0.6783846600813481,1107,24,,Any non-benign predicted label
PX081-0129,PX081,UNRAVELED,clean,,random,3,False,8103,,129,px081_evidence_acquisition/RESULTS.json,Benign,192193,193314,192126,0.9938545578695801,0.9996513920902427,0.9967445467916276,0.9999946299861766,0.9999349736451733,source reported; blank if unsupported,True,,,,,Any non-benign predicted label
PX081-0129,PX081,UNRAVELED,clean,,random,3,False,8103,,129,px081_evidence_acquisition/RESULTS.json,OtherAttackStage,12424,12062,12060,0.9998341900182391,0.9707018673535094,0.9850526831658907,0.9988106868996325,0.9999082617746984,source reported; blank if unsupported,True,0.9949291693496458,63,301,,Any non-benign predicted label
PX081-0129,PX081,UNRAVELED,clean,,random,3,False,8103,,129,px081_evidence_acquisition/RESULTS.json,LateralMovement,35,105,17,0.1619047619047619,0.4857142857142857,0.24285714285714285,0.16973025978035292,0.9973304275641593,source reported; blank if unsupported,True,0.48571428571428577,18,0,,Any non-benign predicted label
PX081-0129,PX081,UNRAVELED,clean,,random,3,False,8103,,129,px081_evidence_acquisition/RESULTS.json,DataExfiltration,3442,2613,2311,0.884424033677765,0.6714119697850087,0.7633360858794385,0.9245209100746088,0.9984289425635489,source reported; blank if unsupported,True,0.6783846600813481,1107,24,,Any non-benign predicted label
PX081-0130,PX081,UNRAVELED,clean,,entropy,3,False,8103,,130,px081_evidence_acquisition/RESULTS.json,Benign,192193,193306,192126,0.9938956887008163,0.9996513920902427,0.9967652315570209,0.9999900769333772,0.999881469312071,source reported; blank if unsupported,True,,,,,Any non-benign predicted label
PX081-0130,PX081,UNRAVELED,clean,,entropy,3,False,8103,,130,px081_evidence_acquisition/RESULTS.json,OtherAttackStage,12424,12062,12060,0.9998341900182391,0.9707018673535094,0.9850526831658907,0.9904357750167567,0.9986246981123947,source reported; blank if unsupported,True,0.9954121056020605,57,307,,Any non-benign predicted label
PX081-0130,PX081,UNRAVELED,clean,,entropy,3,False,8103,,130,px081_evidence_acquisition/RESULTS.json,LateralMovement,35,104,17,0.16346153846153846,0.4857142857142857,0.2446043165467626,0.15270965531191033,0.9973235613799107,source reported; blank if unsupported,True,0.48571428571428577,18,0,,Any non-benign predicted label
PX081-0130,PX081,UNRAVELED,clean,,entropy,3,False,8103,,130,px081_evidence_acquisition/RESULTS.json,DataExfiltration,3442,2622,2314,0.8825324180015256,0.6722835560720511,0.7631926121372031,0.8543229404126973,0.9968313665625068,source reported; blank if unsupported,True,0.6789657176060431,1105,23,,Any non-benign predicted label
PX081-0131,PX081,UNRAVELED,clean,,harm,3,False,8103,,131,px081_evidence_acquisition/RESULTS.json,Benign,192193,193326,192125,0.9937876953953426,0.9996461889871119,0.9967083334414127,0.996215693977955,0.9667179786132618,source reported; blank if unsupported,True,,,,,Any non-benign predicted label
PX081-0131,PX081,UNRAVELED,clean,,harm,3,False,8103,,131,px081_evidence_acquisition/RESULTS.json,OtherAttackStage,12424,12064,12062,0.9998342175066313,0.9708628461043143,0.9851355766089513,0.9897269503912276,0.9983049080279618,source reported; blank if unsupported,True,0.9954121056020605,57,305,,Any non-benign predicted label
PX081-0131,PX081,UNRAVELED,clean,,harm,3,False,8103,,131,px081_evidence_acquisition/RESULTS.json,LateralMovement,35,85,18,0.21176470588235294,0.5142857142857142,0.3,0.2260574892326393,0.9996267542242482,source reported; blank if unsupported,True,0.5142857142857142,17,0,,Any non-benign predicted label
PX081-0131,PX081,UNRAVELED,clean,,harm,3,False,8103,,131,px081_evidence_acquisition/RESULTS.json,DataExfiltration,3442,2619,2312,0.8827796869033983,0.6717024985473562,0.7629104108232965,0.6342968974908286,0.8312966119847809,source reported; blank if unsupported,True,0.6725740848343986,1127,3,,Any non-benign predicted label
PX081-0132,PX081,UNRAVELED,clean,,full_context_reference,,True,8103,,132,px081_evidence_acquisition/RESULTS.json,Benign,192193,193314,192126,0.9938545578695801,0.9996513920902427,0.9967445467916276,0.9999946299861766,0.9999349736451733,source reported; blank if unsupported,True,,,,,Any non-benign predicted label
PX081-0132,PX081,UNRAVELED,clean,,full_context_reference,,True,8103,,132,px081_evidence_acquisition/RESULTS.json,OtherAttackStage,12424,12062,12060,0.9998341900182391,0.9707018673535094,0.9850526831658907,0.9988106868996325,0.9999082617746984,source reported; blank if unsupported,True,0.9949291693496458,63,301,,Any non-benign predicted label
PX081-0132,PX081,UNRAVELED,clean,,full_context_reference,,True,8103,,132,px081_evidence_acquisition/RESULTS.json,LateralMovement,35,105,17,0.1619047619047619,0.4857142857142857,0.24285714285714285,0.16973025978035292,0.9973304275641593,source reported; blank if unsupported,True,0.48571428571428577,18,0,,Any non-benign predicted label
PX081-0132,PX081,UNRAVELED,clean,,full_context_reference,,True,8103,,132,px081_evidence_acquisition/RESULTS.json,DataExfiltration,3442,2613,2311,0.884424033677765,0.6714119697850087,0.7633360858794385,0.9245209100746088,0.9984289425635489,source reported; blank if unsupported,True,0.6783846600813481,1107,24,,Any non-benign predicted label
PX081-0133,PX081,UNRAVELED,delayed_unavailable,,none,1,False,8103,,133,px081_evidence_acquisition/RESULTS.json,Benign,192193,193189,192026,0.9939799885086625,0.9991310817771719,0.996548878774826,0.996089445817174,0.9659473904010327,source reported; blank if unsupported,True,,,,,Any non-benign predicted label
PX081-0133,PX081,UNRAVELED,delayed_unavailable,,none,1,False,8103,,133,px081_evidence_acquisition/RESULTS.json,OtherAttackStage,12424,12034,12034,1.0,0.9686091435930457,0.9840542971624826,0.9894854223982499,0.9981880511693753,source reported; blank if unsupported,True,0.996941403734707,38,352,,Any non-benign predicted label
PX081-0133,PX081,UNRAVELED,delayed_unavailable,,none,1,False,8103,,133,px081_evidence_acquisition/RESULTS.json,LateralMovement,35,170,27,0.1588235294117647,0.7714285714285715,0.2634146341463415,0.1635893005959343,0.9995256153302668,source reported; blank if unsupported,True,0.7714285714285715,8,0,,Any non-benign predicted label
PX081-0133,PX081,UNRAVELED,delayed_unavailable,,none,1,False,8103,,133,px081_evidence_acquisition/RESULTS.json,DataExfiltration,3442,2701,2325,0.8607922991484636,0.6754793724578734,0.756959140485105,0.6202066098826005,0.831265212045225,source reported; blank if unsupported,True,0.6754793724578734,1117,0,,Any non-benign predicted label
PX081-0134,PX081,UNRAVELED,delayed_unavailable,,roles_first,1,False,8103,,134,px081_evidence_acquisition/RESULTS.json,Benign,192193,193168,192017,0.9940414561418041,0.9990842538489956,0.9965564756163701,0.998706071168536,0.9887595672328772,source reported; blank if unsupported,True,,,,,Any non-benign predicted label
PX081-0134,PX081,UNRAVELED,delayed_unavailable,,roles_first,1,False,8103,,134,px081_evidence_acquisition/RESULTS.json,OtherAttackStage,12424,12035,12033,0.9998338180307437,0.9685286542176432,0.9839322948607875,0.9892540219779856,0.9981683979732359,source reported; blank if unsupported,True,0.996941403734707,38,353,,Any non-benign predicted label
PX081-0134,PX081,UNRAVELED,delayed_unavailable,,roles_first,1,False,8103,,134,px081_evidence_acquisition/RESULTS.json,LateralMovement,35,191,30,0.15706806282722513,0.8571428571428571,0.26548672566371684,0.14883675348323425,0.9991198238411769,source reported; blank if unsupported,True,0.8571428571428572,5,0,,Any non-benign predicted label
PX081-0134,PX081,UNRAVELED,delayed_unavailable,,roles_first,1,False,8103,,134,px081_evidence_acquisition/RESULTS.json,DataExfiltration,3442,2700,2325,0.8611111111111112,0.6754793724578734,0.7570823835884077,0.6590918152002022,0.929513625505376,source reported; blank if unsupported,True,0.6780941313190005,1108,9,,Any non-benign predicted label
PX081-0135,PX081,UNRAVELED,delayed_unavailable,,history_first,1,False,8103,,135,px081_evidence_acquisition/RESULTS.json,Benign,192193,193168,192017,0.9940414561418041,0.9990842538489956,0.9965564756163701,0.998706071168536,0.9887595672328772,source reported; blank if unsupported,True,,,,,Any non-benign predicted label
PX081-0135,PX081,UNRAVELED,delayed_unavailable,,history_first,1,False,8103,,135,px081_evidence_acquisition/RESULTS.json,OtherAttackStage,12424,12035,12033,0.9998338180307437,0.9685286542176432,0.9839322948607875,0.9892540219779856,0.9981683979732359,source reported; blank if unsupported,True,0.996941403734707,38,353,,Any non-benign predicted label
PX081-0135,PX081,UNRAVELED,delayed_unavailable,,history_first,1,False,8103,,135,px081_evidence_acquisition/RESULTS.json,LateralMovement,35,191,30,0.15706806282722513,0.8571428571428571,0.26548672566371684,0.14883675348323425,0.9991198238411769,source reported; blank if unsupported,True,0.8571428571428572,5,0,,Any non-benign predicted label
PX081-0135,PX081,UNRAVELED,delayed_unavailable,,history_first,1,False,8103,,135,px081_evidence_acquisition/RESULTS.json,DataExfiltration,3442,2700,2325,0.8611111111111112,0.6754793724578734,0.7570823835884077,0.6590918152002022,0.929513625505376,source reported; blank if unsupported,True,0.6780941313190005,1108,9,,Any non-benign predicted label
PX081-0136,PX081,UNRAVELED,delayed_unavailable,,random,1,False,8103,,136,px081_evidence_acquisition/RESULTS.json,Benign,192193,193168,192017,0.9940414561418041,0.9990842538489956,0.9965564756163701,0.998706071168536,0.9887595672328772,source reported; blank if unsupported,True,,,,,Any non-benign predicted label
PX081-0136,PX081,UNRAVELED,delayed_unavailable,,random,1,False,8103,,136,px081_evidence_acquisition/RESULTS.json,OtherAttackStage,12424,12035,12033,0.9998338180307437,0.9685286542176432,0.9839322948607875,0.9892540219779856,0.9981683979732359,source reported; blank if unsupported,True,0.996941403734707,38,353,,Any non-benign predicted label
PX081-0136,PX081,UNRAVELED,delayed_unavailable,,random,1,False,8103,,136,px081_evidence_acquisition/RESULTS.json,LateralMovement,35,191,30,0.15706806282722513,0.8571428571428571,0.26548672566371684,0.14883675348323425,0.9991198238411769,source reported; blank if unsupported,True,0.8571428571428572,5,0,,Any non-benign predicted label
PX081-0136,PX081,UNRAVELED,delayed_unavailable,,random,1,False,8103,,136,px081_evidence_acquisition/RESULTS.json,DataExfiltration,3442,2700,2325,0.8611111111111112,0.6754793724578734,0.7570823835884077,0.6590918152002022,0.929513625505376,source reported; blank if unsupported,True,0.6780941313190005,1108,9,,Any non-benign predicted label
PX081-0137,PX081,UNRAVELED,delayed_unavailable,,entropy,1,False,8103,,137,px081_evidence_acquisition/RESULTS.json,Benign,192193,193171,192017,0.9940260183982068,0.9990842538489956,0.9965487175761099,0.9987048138361198,0.9887448715178464,source reported; blank if unsupported,True,,,,,Any non-benign predicted label
PX081-0137,PX081,UNRAVELED,delayed_unavailable,,entropy,1,False,8103,,137,px081_evidence_acquisition/RESULTS.json,OtherAttackStage,12424,12035,12033,0.9998338180307437,0.9685286542176432,0.9839322948607875,0.9893881075700679,0.9981478400069159,source reported; blank if unsupported,True,0.996941403734707,38,353,,Any non-benign predicted label
PX081-0137,PX081,UNRAVELED,delayed_unavailable,,entropy,1,False,8103,,137,px081_evidence_acquisition/RESULTS.json,LateralMovement,35,188,30,0.1595744680851064,0.8571428571428571,0.26905829596412556,0.15060434387585475,0.999134105504414,source reported; blank if unsupported,True,0.8571428571428572,5,0,,Any non-benign predicted label
PX081-0137,PX081,UNRAVELED,delayed_unavailable,,entropy,1,False,8103,,137,px081_evidence_acquisition/RESULTS.json,DataExfiltration,3442,2700,2325,0.8611111111111112,0.6754793724578734,0.7570823835884077,0.6522177671514024,0.9290157252589487,source reported; blank if unsupported,True,0.6772225450319582,1111,6,,Any non-benign predicted label
PX081-0138,PX081,UNRAVELED,delayed_unavailable,,harm,1,False,8103,,138,px081_evidence_acquisition/RESULTS.json,Benign,192193,193183,192026,0.9940108601688554,0.9991310817771719,0.9965643942539234,0.9960896806808079,0.9659513063897578,source reported; blank if unsupported,True,,,,,Any non-benign predicted label
PX081-0138,PX081,UNRAVELED,delayed_unavailable,,harm,1,False,8103,,138,px081_evidence_acquisition/RESULTS.json,OtherAttackStage,12424,12037,12036,0.999916922821301,0.9687701223438506,0.9840971342136462,0.9893210296664083,0.998181517449366,source reported; blank if unsupported,True,0.996941403734707,38,350,,Any non-benign predicted label
PX081-0138,PX081,UNRAVELED,delayed_unavailable,,harm,1,False,8103,,138,px081_evidence_acquisition/RESULTS.json,LateralMovement,35,176,27,0.1534090909090909,0.7714285714285715,0.2559241706161137,0.16004391773565563,0.9995070766327958,source reported; blank if unsupported,True,0.7714285714285715,8,0,,Any non-benign predicted label
PX081-0138,PX081,UNRAVELED,delayed_unavailable,,harm,1,False,8103,,138,px081_evidence_acquisition/RESULTS.json,DataExfiltration,3442,2698,2325,0.8617494440326168,0.6754793724578734,0.757328990228013,0.6267984178573137,0.8312940651804512,source reported; blank if unsupported,True,0.6772225450319582,1111,6,,Any non-benign predicted label
PX081-0139,PX081,UNRAVELED,delayed_unavailable,,none,2,False,8103,,139,px081_evidence_acquisition/RESULTS.json,Benign,192193,193189,192026,0.9939799885086625,0.9991310817771719,0.996548878774826,0.996089445817174,0.9659473904010327,source reported; blank if unsupported,True,,,,,Any non-benign predicted label
PX081-0139,PX081,UNRAVELED,delayed_unavailable,,none,2,False,8103,,139,px081_evidence_acquisition/RESULTS.json,OtherAttackStage,12424,12034,12034,1.0,0.9686091435930457,0.9840542971624826,0.9894854223982499,0.9981880511693753,source reported; blank if unsupported,True,0.996941403734707,38,352,,Any non-benign predicted label
PX081-0139,PX081,UNRAVELED,delayed_unavailable,,none,2,False,8103,,139,px081_evidence_acquisition/RESULTS.json,LateralMovement,35,170,27,0.1588235294117647,0.7714285714285715,0.2634146341463415,0.1635893005959343,0.9995256153302668,source reported; blank if unsupported,True,0.7714285714285715,8,0,,Any non-benign predicted label
PX081-0139,PX081,UNRAVELED,delayed_unavailable,,none,2,False,8103,,139,px081_evidence_acquisition/RESULTS.json,DataExfiltration,3442,2701,2325,0.8607922991484636,0.6754793724578734,0.756959140485105,0.6202066098826005,0.831265212045225,source reported; blank if unsupported,True,0.6754793724578734,1117,0,,Any non-benign predicted label
PX081-0140,PX081,UNRAVELED,delayed_unavailable,,roles_first,2,False,8103,,140,px081_evidence_acquisition/RESULTS.json,Benign,192193,193168,192017,0.9940414561418041,0.9990842538489956,0.9965564756163701,0.998706071168536,0.9887595672328772,source reported; blank if unsupported,True,,,,,Any non-benign predicted label
PX081-0140,PX081,UNRAVELED,delayed_unavailable,,roles_first,2,False,8103,,140,px081_evidence_acquisition/RESULTS.json,OtherAttackStage,12424,12035,12033,0.9998338180307437,0.9685286542176432,0.9839322948607875,0.9892540219779856,0.9981683979732359,source reported; blank if unsupported,True,0.996941403734707,38,353,,Any non-benign predicted label
PX081-0140,PX081,UNRAVELED,delayed_unavailable,,roles_first,2,False,8103,,140,px081_evidence_acquisition/RESULTS.json,LateralMovement,35,191,30,0.15706806282722513,0.8571428571428571,0.26548672566371684,0.14883675348323425,0.9991198238411769,source reported; blank if unsupported,True,0.8571428571428572,5,0,,Any non-benign predicted label
PX081-0140,PX081,UNRAVELED,delayed_unavailable,,roles_first,2,False,8103,,140,px081_evidence_acquisition/RESULTS.json,DataExfiltration,3442,2700,2325,0.8611111111111112,0.6754793724578734,0.7570823835884077,0.6590918152002022,0.929513625505376,source reported; blank if unsupported,True,0.6780941313190005,1108,9,,Any non-benign predicted label
PX081-0141,PX081,UNRAVELED,delayed_unavailable,,history_first,2,False,8103,,141,px081_evidence_acquisition/RESULTS.json,Benign,192193,193248,192067,0.993888681900977,0.9993444090055309,0.9966090789511235,0.9976771695293006,0.978576994604407,source reported; blank if unsupported,True,,,,,Any non-benign predicted label
PX081-0141,PX081,UNRAVELED,delayed_unavailable,,history_first,2,False,8103,,141,px081_evidence_acquisition/RESULTS.json,OtherAttackStage,12424,12043,12042,0.9999169642115752,0.9692530585962653,0.9843462623125026,0.993718084249889,0.9990518991642334,source reported; blank if unsupported,True,0.996216999356085,47,335,,Any non-benign predicted label
PX081-0141,PX081,UNRAVELED,delayed_unavailable,,history_first,2,False,8103,,141,px081_evidence_acquisition/RESULTS.json,LateralMovement,35,133,23,0.17293233082706766,0.6571428571428571,0.27380952380952384,0.16198881513975327,0.9995194357644432,source reported; blank if unsupported,True,0.6571428571428571,12,0,,Any non-benign predicted label
PX081-0141,PX081,UNRAVELED,delayed_unavailable,,history_first,2,False,8103,,141,px081_evidence_acquisition/RESULTS.json,DataExfiltration,3442,2670,2319,0.8685393258426967,0.6737361998837885,0.7588350785340314,0.6649046852429134,0.8785679997550979,source reported; blank if unsupported,True,0.6740267286461359,1122,1,,Any non-benign predicted label
PX081-0142,PX081,UNRAVELED,delayed_unavailable,,random,2,False,8103,,142,px081_evidence_acquisition/RESULTS.json,Benign,192193,193205,192035,0.9939442561010325,0.9991779097053483,0.9965542114904592,0.9981488417696242,0.9833245927406984,source reported; blank if unsupported,True,,,,,Any non-benign predicted label
PX081-0142,PX081,UNRAVELED,delayed_unavailable,,random,2,False,8103,,142,px081_evidence_acquisition/RESULTS.json,OtherAttackStage,12424,12040,12037,0.9997508305647841,0.968850611719253,0.9840582079790713,0.9917387729733913,0.9986807831684101,source reported; blank if unsupported,True,0.996216999356085,47,340,,Any non-benign predicted label
PX081-0142,PX081,UNRAVELED,delayed_unavailable,,random,2,False,8103,,142,px081_evidence_acquisition/RESULTS.json,LateralMovement,35,165,26,0.15757575757575756,0.7428571428571429,0.26,0.13708125182794265,0.9992329098957508,source reported; blank if unsupported,True,0.7428571428571429,9,0,,Any non-benign predicted label
PX081-0142,PX081,UNRAVELED,delayed_unavailable,,random,2,False,8103,,142,px081_evidence_acquisition/RESULTS.json,DataExfiltration,3442,2684,2325,0.8662444113263785,0.6754793724578734,0.7590597453476984,0.6668523628957254,0.9039479923305812,source reported; blank if unsupported,True,0.6763509587449157,1114,3,,Any non-benign predicted label
PX081-0143,PX081,UNRAVELED,delayed_unavailable,,entropy,2,False,8103,,143,px081_evidence_acquisition/RESULTS.json,Benign,192193,193216,192046,0.9939446008612123,0.9992351438397861,0.9965828509453594,0.9987363615097169,0.988925829299567,source reported; blank if unsupported,True,,,,,Any non-benign predicted label
PX081-0143,PX081,UNRAVELED,delayed_unavailable,,entropy,2,False,8103,,143,px081_evidence_acquisition/RESULTS.json,OtherAttackStage,12424,12043,12042,0.9999169642115752,0.9692530585962653,0.9843462623125026,0.989340633378937,0.9981504891180603,source reported; blank if unsupported,True,0.9964584674822924,44,338,,Any non-benign predicted label
PX081-0143,PX081,UNRAVELED,delayed_unavailable,,entropy,2,False,8103,,143,px081_evidence_acquisition/RESULTS.json,LateralMovement,35,160,28,0.175,0.8,0.28717948717948716,0.14298496118633847,0.9989611463231927,source reported; blank if unsupported,True,0.8,7,0,,Any non-benign predicted label
PX081-0143,PX081,UNRAVELED,delayed_unavailable,,entropy,2,False,8103,,143,px081_evidence_acquisition/RESULTS.json,DataExfiltration,3442,2675,2321,0.8676635514018691,0.6743172574084835,0.7588687264999182,0.6674224143141683,0.9341430258395417,source reported; blank if unsupported,True,0.6748983149331784,1119,2,,Any non-benign predicted label
PX081-0144,PX081,UNRAVELED,delayed_unavailable,,harm,2,False,8103,,144,px081_evidence_acquisition/RESULTS.json,Benign,192193,193226,192053,0.9939293883845859,0.999271565561701,0.9965933179215347,0.9960971977006311,0.9659952374515726,source reported; blank if unsupported,True,,,,,Any non-benign predicted label
PX081-0144,PX081,UNRAVELED,delayed_unavailable,,harm,2,False,8103,,144,px081_evidence_acquisition/RESULTS.json,OtherAttackStage,12424,12045,12043,0.9998339559983396,0.9693335479716677,0.9843475417875679,0.9894002062515457,0.9982172339669624,source reported; blank if unsupported,True,0.9964584674822924,44,337,,Any non-benign predicted label
PX081-0144,PX081,UNRAVELED,delayed_unavailable,,harm,2,False,8103,,144,px081_evidence_acquisition/RESULTS.json,LateralMovement,35,150,26,0.17333333333333334,0.7428571428571429,0.2810810810810811,0.17587373849618268,0.9995603582225646,source reported; blank if unsupported,True,0.7428571428571429,9,0,,Any non-benign predicted label
PX081-0144,PX081,UNRAVELED,delayed_unavailable,,harm,2,False,8103,,144,px081_evidence_acquisition/RESULTS.json,DataExfiltration,3442,2673,2321,0.8683127572016461,0.6743172574084835,0.7591169255928045,0.6266147704210604,0.8313529994251206,source reported; blank if unsupported,True,0.6746077861708308,1120,1,,Any non-benign predicted label
PX081-0145,PX081,UNRAVELED,delayed_unavailable,,none,3,False,8103,,145,px081_evidence_acquisition/RESULTS.json,Benign,192193,193189,192026,0.9939799885086625,0.9991310817771719,0.996548878774826,0.996089445817174,0.9659473904010327,source reported; blank if unsupported,True,,,,,Any non-benign predicted label
PX081-0145,PX081,UNRAVELED,delayed_unavailable,,none,3,False,8103,,145,px081_evidence_acquisition/RESULTS.json,OtherAttackStage,12424,12034,12034,1.0,0.9686091435930457,0.9840542971624826,0.9894854223982499,0.9981880511693753,source reported; blank if unsupported,True,0.996941403734707,38,352,,Any non-benign predicted label
PX081-0145,PX081,UNRAVELED,delayed_unavailable,,none,3,False,8103,,145,px081_evidence_acquisition/RESULTS.json,LateralMovement,35,170,27,0.1588235294117647,0.7714285714285715,0.2634146341463415,0.1635893005959343,0.9995256153302668,source reported; blank if unsupported,True,0.7714285714285715,8,0,,Any non-benign predicted label
PX081-0145,PX081,UNRAVELED,delayed_unavailable,,none,3,False,8103,,145,px081_evidence_acquisition/RESULTS.json,DataExfiltration,3442,2701,2325,0.8607922991484636,0.6754793724578734,0.756959140485105,0.6202066098826005,0.831265212045225,source reported; blank if unsupported,True,0.6754793724578734,1117,0,,Any non-benign predicted label
PX081-0146,PX081,UNRAVELED,delayed_unavailable,,roles_first,3,False,8103,,146,px081_evidence_acquisition/RESULTS.json,Benign,192193,193199,192037,0.9939854761153009,0.9991883159116097,0.9965801054510732,0.9990022432974015,0.9909769533509095,source reported; blank if unsupported,True,,,,,Any non-benign predicted label
PX081-0146,PX081,UNRAVELED,delayed_unavailable,,roles_first,3,False,8103,,146,px081_evidence_acquisition/RESULTS.json,OtherAttackStage,12424,12039,12037,0.9998338732452862,0.968850611719253,0.9840984343702734,0.9922104102365328,0.9987651481029188,source reported; blank if unsupported,True,0.9963779781068899,45,342,,Any non-benign predicted label
PX081-0146,PX081,UNRAVELED,delayed_unavailable,,roles_first,3,False,8103,,146,px081_evidence_acquisition/RESULTS.json,LateralMovement,35,172,27,0.1569767441860465,0.7714285714285715,0.2608695652173913,0.1462517683347678,0.9990899559396957,source reported; blank if unsupported,True,0.7714285714285715,8,0,,Any non-benign predicted label
PX081-0146,PX081,UNRAVELED,delayed_unavailable,,roles_first,3,False,8103,,146,px081_evidence_acquisition/RESULTS.json,DataExfiltration,3442,2684,2323,0.8654992548435171,0.6748983149331784,0.7584067907280444,0.695258842709604,0.9400799951239912,source reported; blank if unsupported,True,0.6778036025566532,1109,10,,Any non-benign predicted label
PX081-0147,PX081,UNRAVELED,delayed_unavailable,,history_first,3,False,8103,,147,px081_evidence_acquisition/RESULTS.json,Benign,192193,193233,192061,0.9939347833962108,0.9993131903867467,0.9966167305786324,0.9981389160593537,0.982833549023789,source reported; blank if unsupported,True,,,,,Any non-benign predicted label
PX081-0147,PX081,UNRAVELED,delayed_unavailable,,history_first,3,False,8103,,147,px081_evidence_acquisition/RESULTS.json,OtherAttackStage,12424,12043,12042,0.9999169642115752,0.9692530585962653,0.9843462623125026,0.9937041339124402,0.9990585301691471,source reported; blank if unsupported,True,0.9963779781068899,45,337,,Any non-benign predicted label
PX081-0147,PX081,UNRAVELED,delayed_unavailable,,history_first,3,False,8103,,147,px081_evidence_acquisition/RESULTS.json,LateralMovement,35,145,25,0.1724137931034483,0.7142857142857143,0.2777777777777778,0.14458827261954005,0.9992330472194357,source reported; blank if unsupported,True,0.7142857142857143,10,0,,Any non-benign predicted label
PX081-0147,PX081,UNRAVELED,delayed_unavailable,,history_first,3,False,8103,,147,px081_evidence_acquisition/RESULTS.json,DataExfiltration,3442,2673,2320,0.8679386457164235,0.674026728646136,0.758789860997547,0.6831152287227475,0.8990673080123782,source reported; blank if unsupported,True,0.6754793724578734,1117,5,,Any non-benign predicted label
PX081-0148,PX081,UNRAVELED,delayed_unavailable,,random,3,False,8103,,148,px081_evidence_acquisition/RESULTS.json,Benign,192193,193212,192043,0.9939496511603834,0.9992195345303939,0.9965776261335478,0.9985465153001557,0.9867054093741843,source reported; blank if unsupported,True,,,,,Any non-benign predicted label
PX081-0148,PX081,UNRAVELED,delayed_unavailable,,random,3,False,8103,,148,px081_evidence_acquisition/RESULTS.json,OtherAttackStage,12424,12041,12038,0.9997508512582012,0.9689311010946555,0.9840997343143266,0.9931049824153222,0.9989463139856186,source reported; blank if unsupported,True,0.996216999356085,47,339,,Any non-benign predicted label
PX081-0148,PX081,UNRAVELED,delayed_unavailable,,random,3,False,8103,,148,px081_evidence_acquisition/RESULTS.json,LateralMovement,35,164,26,0.15853658536585366,0.7428571428571429,0.2613065326633166,0.13147692230456495,0.9991290931899125,source reported; blank if unsupported,True,0.7428571428571429,9,0,,Any non-benign predicted label
PX081-0148,PX081,UNRAVELED,delayed_unavailable,,random,3,False,8103,,148,px081_evidence_acquisition/RESULTS.json,DataExfiltration,3442,2677,2322,0.8673888681359732,0.674607786170831,0.7589475404477856,0.689754486576161,0.9191911599586983,source reported; blank if unsupported,True,0.6766414875072633,1113,7,,Any non-benign predicted label
PX081-0149,PX081,UNRAVELED,delayed_unavailable,,entropy,3,False,8103,,149,px081_evidence_acquisition/RESULTS.json,Benign,192193,193221,192052,0.9939499329782995,0.9992663624585703,0.9966010575640739,0.9990015633630478,0.9909597616123156,source reported; blank if unsupported,True,,,,,Any non-benign predicted label
PX081-0149,PX081,UNRAVELED,delayed_unavailable,,entropy,3,False,8103,,149,px081_evidence_acquisition/RESULTS.json,OtherAttackStage,12424,12044,12043,0.9999169711059449,0.9693335479716677,0.9843877717835541,0.9895498908303234,0.9982586567686879,source reported; blank if unsupported,True,0.9965389568576948,43,338,,Any non-benign predicted label
PX081-0149,PX081,UNRAVELED,delayed_unavailable,,entropy,3,False,8103,,149,px081_evidence_acquisition/RESULTS.json,LateralMovement,35,155,26,0.16774193548387098,0.7428571428571429,0.2736842105263158,0.13804738959380985,0.9989294245519643,source reported; blank if unsupported,True,0.7428571428571429,9,0,,Any non-benign predicted label
PX081-0149,PX081,UNRAVELED,delayed_unavailable,,entropy,3,False,8103,,149,px081_evidence_acquisition/RESULTS.json,DataExfiltration,3442,2674,2320,0.8676140613313388,0.674026728646136,0.7586657946370177,0.6680465696158459,0.9412493623193774,source reported; blank if unsupported,True,0.6754793724578734,1117,5,,Any non-benign predicted label
PX081-0150,PX081,UNRAVELED,delayed_unavailable,,harm,3,False,8103,,150,px081_evidence_acquisition/RESULTS.json,Benign,192193,193231,192058,0.9939295454663072,0.9992975810773546,0.996606334841629,0.9961177005986016,0.9661189046536449,source reported; blank if unsupported,True,,,,,Any non-benign predicted label
PX081-0150,PX081,UNRAVELED,delayed_unavailable,,harm,3,False,8103,,150,px081_evidence_acquisition/RESULTS.json,OtherAttackStage,12424,12046,12044,0.9998339697825004,0.9694140373470702,0.9843890478136493,0.9894306068195458,0.9982227156525381,source reported; blank if unsupported,True,0.9965389568576948,43,337,,Any non-benign predicted label
PX081-0150,PX081,UNRAVELED,delayed_unavailable,,harm,3,False,8103,,150,px081_evidence_acquisition/RESULTS.json,LateralMovement,35,144,25,0.1736111111111111,0.7142857142857143,0.27932960893854747,0.18124816673253819,0.9995705201752525,source reported; blank if unsupported,True,0.7142857142857143,10,0,,Any non-benign predicted label
PX081-0150,PX081,UNRAVELED,delayed_unavailable,,harm,3,False,8103,,150,px081_evidence_acquisition/RESULTS.json,DataExfiltration,3442,2673,2321,0.8683127572016461,0.6743172574084835,0.7591169255928045,0.626601140647987,0.8313188887147358,source reported; blank if unsupported,True,0.6746077861708308,1120,1,,Any non-benign predicted label
PX081-0151,PX081,UNRAVELED,delayed_unavailable,,full_context_reference,,True,8103,,151,px081_evidence_acquisition/RESULTS.json,Benign,192193,193314,192126,0.9938545578695801,0.9996513920902427,0.9967445467916276,0.9999946299861766,0.9999349736451733,source reported; blank if unsupported,True,,,,,Any non-benign predicted label
PX081-0151,PX081,UNRAVELED,delayed_unavailable,,full_context_reference,,True,8103,,151,px081_evidence_acquisition/RESULTS.json,OtherAttackStage,12424,12062,12060,0.9998341900182391,0.9707018673535094,0.9850526831658907,0.9988106868996325,0.9999082617746984,source reported; blank if unsupported,True,0.9949291693496458,63,301,,Any non-benign predicted label
PX081-0151,PX081,UNRAVELED,delayed_unavailable,,full_context_reference,,True,8103,,151,px081_evidence_acquisition/RESULTS.json,LateralMovement,35,105,17,0.1619047619047619,0.4857142857142857,0.24285714285714285,0.16973025978035292,0.9973304275641593,source reported; blank if unsupported,True,0.48571428571428577,18,0,,Any non-benign predicted label
PX081-0151,PX081,UNRAVELED,delayed_unavailable,,full_context_reference,,True,8103,,151,px081_evidence_acquisition/RESULTS.json,DataExfiltration,3442,2613,2311,0.884424033677765,0.6714119697850087,0.7633360858794385,0.9245209100746088,0.9984289425635489,source reported; blank if unsupported,True,0.6783846600813481,1107,24,,Any non-benign predicted label
PX081-0152,PX081,UNRAVELED,wrong_host_history,,none,1,False,8103,,152,px081_evidence_acquisition/RESULTS.json,Benign,192193,193189,192026,0.9939799885086625,0.9991310817771719,0.996548878774826,0.996089445817174,0.9659473904010327,source reported; blank if unsupported,True,,,,,Any non-benign predicted label
PX081-0152,PX081,UNRAVELED,wrong_host_history,,none,1,False,8103,,152,px081_evidence_acquisition/RESULTS.json,OtherAttackStage,12424,12034,12034,1.0,0.9686091435930457,0.9840542971624826,0.9894854223982499,0.9981880511693753,source reported; blank if unsupported,True,0.996941403734707,38,352,,Any non-benign predicted label
PX081-0152,PX081,UNRAVELED,wrong_host_history,,none,1,False,8103,,152,px081_evidence_acquisition/RESULTS.json,LateralMovement,35,170,27,0.1588235294117647,0.7714285714285715,0.2634146341463415,0.1635893005959343,0.9995256153302668,source reported; blank if unsupported,True,0.7714285714285715,8,0,,Any non-benign predicted label
PX081-0152,PX081,UNRAVELED,wrong_host_history,,none,1,False,8103,,152,px081_evidence_acquisition/RESULTS.json,DataExfiltration,3442,2701,2325,0.8607922991484636,0.6754793724578734,0.756959140485105,0.6202066098826005,0.831265212045225,source reported; blank if unsupported,True,0.6754793724578734,1117,0,,Any non-benign predicted label
PX081-0153,PX081,UNRAVELED,wrong_host_history,,roles_first,1,False,8103,,153,px081_evidence_acquisition/RESULTS.json,Benign,192193,193153,192010,0.9940824113526583,0.9990478321270806,0.9965589366439511,0.9999799898142009,0.9997627807411623,source reported; blank if unsupported,True,,,,,Any non-benign predicted label
PX081-0153,PX081,UNRAVELED,wrong_host_history,,roles_first,1,False,8103,,153,px081_evidence_acquisition/RESULTS.json,OtherAttackStage,12424,12039,12036,0.9997508098679292,0.9687701223438506,0.9840166782487839,0.9891562064457152,0.9981762171703144,source reported; blank if unsupported,True,0.9968609143593046,39,349,,Any non-benign predicted label
PX081-0153,PX081,UNRAVELED,wrong_host_history,,roles_first,1,False,8103,,153,px081_evidence_acquisition/RESULTS.json,LateralMovement,35,207,31,0.1497584541062802,0.8857142857142857,0.256198347107438,0.15555446316192417,0.9990554190329254,source reported; blank if unsupported,True,0.8857142857142857,4,0,,Any non-benign predicted label
PX081-0153,PX081,UNRAVELED,wrong_host_history,,roles_first,1,False,8103,,153,px081_evidence_acquisition/RESULTS.json,DataExfiltration,3442,2695,2325,0.862708719851577,0.6754793724578734,0.7576992015642823,0.6878457969514553,0.9771248242634032,source reported; blank if unsupported,True,0.6804183614177803,1100,17,,Any non-benign predicted label
PX081-0154,PX081,UNRAVELED,wrong_host_history,,history_first,1,False,8103,,154,px081_evidence_acquisition/RESULTS.json,Benign,192193,193153,192010,0.9940824113526583,0.9990478321270806,0.9965589366439511,0.9999799898142009,0.9997627807411623,source reported; blank if unsupported,True,,,,,Any non-benign predicted label
PX081-0154,PX081,UNRAVELED,wrong_host_history,,history_first,1,False,8103,,154,px081_evidence_acquisition/RESULTS.json,OtherAttackStage,12424,12039,12036,0.9997508098679292,0.9687701223438506,0.9840166782487839,0.9891562064457152,0.9981762171703144,source reported; blank if unsupported,True,0.9968609143593046,39,349,,Any non-benign predicted label
PX081-0154,PX081,UNRAVELED,wrong_host_history,,history_first,1,False,8103,,154,px081_evidence_acquisition/RESULTS.json,LateralMovement,35,207,31,0.1497584541062802,0.8857142857142857,0.256198347107438,0.15555446316192417,0.9990554190329254,source reported; blank if unsupported,True,0.8857142857142857,4,0,,Any non-benign predicted label
PX081-0154,PX081,UNRAVELED,wrong_host_history,,history_first,1,False,8103,,154,px081_evidence_acquisition/RESULTS.json,DataExfiltration,3442,2695,2325,0.862708719851577,0.6754793724578734,0.7576992015642823,0.6878457969514553,0.9771248242634032,source reported; blank if unsupported,True,0.6804183614177803,1100,17,,Any non-benign predicted label
PX081-0155,PX081,UNRAVELED,wrong_host_history,,random,1,False,8103,,155,px081_evidence_acquisition/RESULTS.json,Benign,192193,193153,192010,0.9940824113526583,0.9990478321270806,0.9965589366439511,0.9999799898142009,0.9997627807411623,source reported; blank if unsupported,True,,,,,Any non-benign predicted label
PX081-0155,PX081,UNRAVELED,wrong_host_history,,random,1,False,8103,,155,px081_evidence_acquisition/RESULTS.json,OtherAttackStage,12424,12039,12036,0.9997508098679292,0.9687701223438506,0.9840166782487839,0.9891562064457152,0.9981762171703144,source reported; blank if unsupported,True,0.9968609143593046,39,349,,Any non-benign predicted label
PX081-0155,PX081,UNRAVELED,wrong_host_history,,random,1,False,8103,,155,px081_evidence_acquisition/RESULTS.json,LateralMovement,35,207,31,0.1497584541062802,0.8857142857142857,0.256198347107438,0.15555446316192417,0.9990554190329254,source reported; blank if unsupported,True,0.8857142857142857,4,0,,Any non-benign predicted label
PX081-0155,PX081,UNRAVELED,wrong_host_history,,random,1,False,8103,,155,px081_evidence_acquisition/RESULTS.json,DataExfiltration,3442,2695,2325,0.862708719851577,0.6754793724578734,0.7576992015642823,0.6878457969514553,0.9771248242634032,source reported; blank if unsupported,True,0.6804183614177803,1100,17,,Any non-benign predicted label
PX081-0156,PX081,UNRAVELED,wrong_host_history,,entropy,1,False,8103,,156,px081_evidence_acquisition/RESULTS.json,Benign,192193,193160,192010,0.9940463864154069,0.9990478321270806,0.9965408339885767,0.9999783048880054,0.9997430353885295,source reported; blank if unsupported,True,,,,,Any non-benign predicted label
PX081-0156,PX081,UNRAVELED,wrong_host_history,,entropy,1,False,8103,,156,px081_evidence_acquisition/RESULTS.json,OtherAttackStage,12424,12039,12036,0.9997508098679292,0.9687701223438506,0.9840166782487839,0.9893461521865582,0.9981274309502597,source reported; blank if unsupported,True,0.9968609143593046,39,349,,Any non-benign predicted label
PX081-0156,PX081,UNRAVELED,wrong_host_history,,entropy,1,False,8103,,156,px081_evidence_acquisition/RESULTS.json,LateralMovement,35,200,31,0.155,0.8857142857142857,0.26382978723404255,0.15888098970874615,0.9990815105330699,source reported; blank if unsupported,True,0.8857142857142857,4,0,,Any non-benign predicted label
PX081-0156,PX081,UNRAVELED,wrong_host_history,,entropy,1,False,8103,,156,px081_evidence_acquisition/RESULTS.json,DataExfiltration,3442,2695,2325,0.862708719851577,0.6754793724578734,0.7576992015642823,0.6726962163760849,0.9762219934855642,source reported; blank if unsupported,True,0.6783846600813481,1107,10,,Any non-benign predicted label
PX081-0157,PX081,UNRAVELED,wrong_host_history,,harm,1,False,8103,,157,px081_evidence_acquisition/RESULTS.json,Benign,192193,193180,192026,0.9940262967180867,0.9991310817771719,0.9965721521746463,0.9960898832243137,0.9659530853137357,source reported; blank if unsupported,True,,,,,Any non-benign predicted label
PX081-0157,PX081,UNRAVELED,wrong_host_history,,harm,1,False,8103,,157,px081_evidence_acquisition/RESULTS.json,OtherAttackStage,12424,12040,12039,0.9999169435215947,0.9690115904700579,0.9842217135382603,0.9892397428585633,0.9981805472741124,source reported; blank if unsupported,True,0.9968609143593046,39,346,,Any non-benign predicted label
PX081-0157,PX081,UNRAVELED,wrong_host_history,,harm,1,False,8103,,157,px081_evidence_acquisition/RESULTS.json,LateralMovement,35,180,27,0.15,0.7714285714285715,0.25116279069767444,0.16419470468208244,0.9995019269946093,source reported; blank if unsupported,True,0.7714285714285715,8,0,,Any non-benign predicted label
PX081-0157,PX081,UNRAVELED,wrong_host_history,,harm,1,False,8103,,157,px081_evidence_acquisition/RESULTS.json,DataExfiltration,3442,2694,2325,0.8630289532293987,0.6754793724578734,0.7578226857887875,0.6348301478198166,0.8313066267178593,source reported; blank if unsupported,True,0.6783846600813481,1107,10,,Any non-benign predicted label
PX081-0158,PX081,UNRAVELED,wrong_host_history,,none,2,False,8103,,158,px081_evidence_acquisition/RESULTS.json,Benign,192193,193189,192026,0.9939799885086625,0.9991310817771719,0.996548878774826,0.996089445817174,0.9659473904010327,source reported; blank if unsupported,True,,,,,Any non-benign predicted label
PX081-0158,PX081,UNRAVELED,wrong_host_history,,none,2,False,8103,,158,px081_evidence_acquisition/RESULTS.json,OtherAttackStage,12424,12034,12034,1.0,0.9686091435930457,0.9840542971624826,0.9894854223982499,0.9981880511693753,source reported; blank if unsupported,True,0.996941403734707,38,352,,Any non-benign predicted label
PX081-0158,PX081,UNRAVELED,wrong_host_history,,none,2,False,8103,,158,px081_evidence_acquisition/RESULTS.json,LateralMovement,35,170,27,0.1588235294117647,0.7714285714285715,0.2634146341463415,0.1635893005959343,0.9995256153302668,source reported; blank if unsupported,True,0.7714285714285715,8,0,,Any non-benign predicted label
PX081-0158,PX081,UNRAVELED,wrong_host_history,,none,2,False,8103,,158,px081_evidence_acquisition/RESULTS.json,DataExfiltration,3442,2701,2325,0.8607922991484636,0.6754793724578734,0.756959140485105,0.6202066098826005,0.831265212045225,source reported; blank if unsupported,True,0.6754793724578734,1117,0,,Any non-benign predicted label
PX081-0159,PX081,UNRAVELED,wrong_host_history,,roles_first,2,False,8103,,159,px081_evidence_acquisition/RESULTS.json,Benign,192193,193153,192010,0.9940824113526583,0.9990478321270806,0.9965589366439511,0.9999799898142009,0.9997627807411623,source reported; blank if unsupported,True,,,,,Any non-benign predicted label
PX081-0159,PX081,UNRAVELED,wrong_host_history,,roles_first,2,False,8103,,159,px081_evidence_acquisition/RESULTS.json,OtherAttackStage,12424,12039,12036,0.9997508098679292,0.9687701223438506,0.9840166782487839,0.9891562064457152,0.9981762171703144,source reported; blank if unsupported,True,0.9968609143593046,39,349,,Any non-benign predicted label
PX081-0159,PX081,UNRAVELED,wrong_host_history,,roles_first,2,False,8103,,159,px081_evidence_acquisition/RESULTS.json,LateralMovement,35,207,31,0.1497584541062802,0.8857142857142857,0.256198347107438,0.15555446316192417,0.9990554190329254,source reported; blank if unsupported,True,0.8857142857142857,4,0,,Any non-benign predicted label
PX081-0159,PX081,UNRAVELED,wrong_host_history,,roles_first,2,False,8103,,159,px081_evidence_acquisition/RESULTS.json,DataExfiltration,3442,2695,2325,0.862708719851577,0.6754793724578734,0.7576992015642823,0.6878457969514553,0.9771248242634032,source reported; blank if unsupported,True,0.6804183614177803,1100,17,,Any non-benign predicted label
PX081-0160,PX081,UNRAVELED,wrong_host_history,,history_first,2,False,8103,,160,px081_evidence_acquisition/RESULTS.json,Benign,192193,205425,192193,0.9355871972739442,1.0,0.96672182848865,0.9994748441989781,0.9938990711727288,source reported; blank if unsupported,True,,,,,Any non-benign predicted label
PX081-0160,PX081,UNRAVELED,wrong_host_history,,history_first,2,False,8103,,160,px081_evidence_acquisition/RESULTS.json,OtherAttackStage,12424,132,132,1.0,0.010624597553122988,0.021025804396304557,0.9976101302068602,0.999831215832431,source reported; blank if unsupported,True,0.029459111397295512,12058,234,,Any non-benign predicted label
PX081-0160,PX081,UNRAVELED,wrong_host_history,,history_first,2,False,8103,,160,px081_evidence_acquisition/RESULTS.json,LateralMovement,35,0,0,0.0,0.0,0.0,0.1943193799301035,0.9927140172464816,source reported; blank if unsupported,True,0.0,35,0,,Any non-benign predicted label
PX081-0160,PX081,UNRAVELED,wrong_host_history,,history_first,2,False,8103,,160,px081_evidence_acquisition/RESULTS.json,DataExfiltration,3442,2537,2303,0.9077650768624359,0.6690877396862289,0.7703629369459776,0.6595505131382419,0.9487028982167633,source reported; blank if unsupported,True,0.6690877396862289,1139,0,,Any non-benign predicted label
PX081-0161,PX081,UNRAVELED,wrong_host_history,,random,2,False,8103,,161,px081_evidence_acquisition/RESULTS.json,Benign,192193,199265,192092,0.9640027099590996,0.9994744865837986,0.9814181853481089,0.9996682795273749,0.9961559509409946,source reported; blank if unsupported,True,,,,,Any non-benign predicted label
PX081-0161,PX081,UNRAVELED,wrong_host_history,,random,2,False,8103,,161,px081_evidence_acquisition/RESULTS.json,OtherAttackStage,12424,6099,6097,0.9996720773897361,0.4907437218287186,0.6583166873616585,0.9946369504979476,0.9992910610417405,source reported; blank if unsupported,True,0.5140856406954282,6037,290,,Any non-benign predicted label
PX081-0161,PX081,UNRAVELED,wrong_host_history,,random,2,False,8103,,161,px081_evidence_acquisition/RESULTS.json,LateralMovement,35,110,16,0.14545454545454545,0.45714285714285713,0.2206896551724138,0.16185147651820514,0.9975164324954529,source reported; blank if unsupported,True,0.4571428571428572,19,0,,Any non-benign predicted label
PX081-0161,PX081,UNRAVELED,wrong_host_history,,random,2,False,8103,,161,px081_evidence_acquisition/RESULTS.json,DataExfiltration,3442,2620,2317,0.8843511450381679,0.6731551423590936,0.7644341801385681,0.66171339090011,0.960061627071459,source reported; blank if unsupported,True,0.6754793724578734,1117,8,,Any non-benign predicted label
PX081-0162,PX081,UNRAVELED,wrong_host_history,,entropy,2,False,8103,,162,px081_evidence_acquisition/RESULTS.json,Benign,192193,205335,192144,0.9357586383227409,0.9997450479465954,0.9666941699704171,0.9999622693125441,0.9995366411044873,source reported; blank if unsupported,True,,,,,Any non-benign predicted label
PX081-0162,PX081,UNRAVELED,wrong_host_history,,entropy,2,False,8103,,162,px081_evidence_acquisition/RESULTS.json,OtherAttackStage,12424,133,133,1.0,0.010705086928525434,0.021183403679222744,0.9893034607774905,0.9982179231883478,source reported; blank if unsupported,True,0.031229877656149374,12036,255,,Any non-benign predicted label
PX081-0162,PX081,UNRAVELED,wrong_host_history,,entropy,2,False,8103,,162,px081_evidence_acquisition/RESULTS.json,LateralMovement,35,60,10,0.16666666666666666,0.2857142857142857,0.21052631578947367,0.17083413103201658,0.9973177937851421,source reported; blank if unsupported,True,0.2857142857142857,25,0,,Any non-benign predicted label
PX081-0162,PX081,UNRAVELED,wrong_host_history,,entropy,2,False,8103,,162,px081_evidence_acquisition/RESULTS.json,DataExfiltration,3442,2566,2311,0.9006235385814497,0.6714119697850087,0.7693075898801598,0.6701447650946183,0.9757522912181767,source reported; blank if unsupported,True,0.6717024985473562,1130,1,,Any non-benign predicted label
PX081-0163,PX081,UNRAVELED,wrong_host_history,,harm,2,False,8103,,163,px081_evidence_acquisition/RESULTS.json,Benign,192193,193679,192144,0.9920745150480951,0.9997450479465954,0.9958950118173903,0.9960882121480286,0.9659338275168329,source reported; blank if unsupported,True,,,,,Any non-benign predicted label
PX081-0163,PX081,UNRAVELED,wrong_host_history,,harm,2,False,8103,,163,px081_evidence_acquisition/RESULTS.json,OtherAttackStage,12424,11787,11786,0.9999151607703402,0.9486477784932389,0.9736070381231672,0.9896837463539283,0.9982731590067919,source reported; blank if unsupported,True,0.9696555054732775,377,261,,Any non-benign predicted label
PX081-0163,PX081,UNRAVELED,wrong_host_history,,harm,2,False,8103,,163,px081_evidence_acquisition/RESULTS.json,LateralMovement,35,56,8,0.14285714285714285,0.22857142857142856,0.17582417582417584,0.17754625272626748,0.9995681856726081,source reported; blank if unsupported,True,0.22857142857142854,27,0,,Any non-benign predicted label
PX081-0163,PX081,UNRAVELED,wrong_host_history,,harm,2,False,8103,,163,px081_evidence_acquisition/RESULTS.json,DataExfiltration,3442,2572,2310,0.8981337480559876,0.6711214410226612,0.7682075157964748,0.6332845937189469,0.8312076612235317,source reported; blank if unsupported,True,0.6714119697850087,1131,1,,Any non-benign predicted label
PX081-0164,PX081,UNRAVELED,wrong_host_history,,none,3,False,8103,,164,px081_evidence_acquisition/RESULTS.json,Benign,192193,193189,192026,0.9939799885086625,0.9991310817771719,0.996548878774826,0.996089445817174,0.9659473904010327,source reported; blank if unsupported,True,,,,,Any non-benign predicted label
PX081-0164,PX081,UNRAVELED,wrong_host_history,,none,3,False,8103,,164,px081_evidence_acquisition/RESULTS.json,OtherAttackStage,12424,12034,12034,1.0,0.9686091435930457,0.9840542971624826,0.9894854223982499,0.9981880511693753,source reported; blank if unsupported,True,0.996941403734707,38,352,,Any non-benign predicted label
PX081-0164,PX081,UNRAVELED,wrong_host_history,,none,3,False,8103,,164,px081_evidence_acquisition/RESULTS.json,LateralMovement,35,170,27,0.1588235294117647,0.7714285714285715,0.2634146341463415,0.1635893005959343,0.9995256153302668,source reported; blank if unsupported,True,0.7714285714285715,8,0,,Any non-benign predicted label
PX081-0164,PX081,UNRAVELED,wrong_host_history,,none,3,False,8103,,164,px081_evidence_acquisition/RESULTS.json,DataExfiltration,3442,2701,2325,0.8607922991484636,0.6754793724578734,0.756959140485105,0.6202066098826005,0.831265212045225,source reported; blank if unsupported,True,0.6754793724578734,1117,0,,Any non-benign predicted label
PX081-0165,PX081,UNRAVELED,wrong_host_history,,roles_first,3,False,8103,,165,px081_evidence_acquisition/RESULTS.json,Benign,192193,194030,192163,0.9903777766324795,0.9998439069060788,0.9950883297991057,0.9999720610202885,0.9996664929019135,source reported; blank if unsupported,True,,,,,Any non-benign predicted label
PX081-0165,PX081,UNRAVELED,wrong_host_history,,roles_first,3,False,8103,,165,px081_evidence_acquisition/RESULTS.json,OtherAttackStage,12424,11486,11486,1.0,0.9245009658725049,0.9607695524884985,0.9976330940673682,0.9998357129454097,source reported; blank if unsupported,True,0.9434964584674823,702,236,,Any non-benign predicted label
PX081-0165,PX081,UNRAVELED,wrong_host_history,,roles_first,3,False,8103,,165,px081_evidence_acquisition/RESULTS.json,LateralMovement,35,37,4,0.10810810810810811,0.11428571428571428,0.1111111111111111,0.14110682529792618,0.9928962457764384,source reported; blank if unsupported,True,0.11428571428571432,31,0,,Any non-benign predicted label
PX081-0165,PX081,UNRAVELED,wrong_host_history,,roles_first,3,False,8103,,165,px081_evidence_acquisition/RESULTS.json,DataExfiltration,3442,2541,2305,0.9071231798504525,0.6696687972109239,0.7705164633127194,0.6904632081594952,0.9784501101133707,source reported; blank if unsupported,True,0.6705403834979663,1134,3,,Any non-benign predicted label
PX081-0166,PX081,UNRAVELED,wrong_host_history,,history_first,3,False,8103,,166,px081_evidence_acquisition/RESULTS.json,Benign,192193,194030,192163,0.9903777766324795,0.9998439069060788,0.9950883297991057,0.9999720610202885,0.9996664929019135,source reported; blank if unsupported,True,,,,,Any non-benign predicted label
PX081-0166,PX081,UNRAVELED,wrong_host_history,,history_first,3,False,8103,,166,px081_evidence_acquisition/RESULTS.json,OtherAttackStage,12424,11486,11486,1.0,0.9245009658725049,0.9607695524884985,0.9976330940673682,0.9998357129454097,source reported; blank if unsupported,True,0.9434964584674823,702,236,,Any non-benign predicted label
PX081-0166,PX081,UNRAVELED,wrong_host_history,,history_first,3,False,8103,,166,px081_evidence_acquisition/RESULTS.json,LateralMovement,35,37,4,0.10810810810810811,0.11428571428571428,0.1111111111111111,0.14110682529792618,0.9928962457764384,source reported; blank if unsupported,True,0.11428571428571432,31,0,,Any non-benign predicted label
PX081-0166,PX081,UNRAVELED,wrong_host_history,,history_first,3,False,8103,,166,px081_evidence_acquisition/RESULTS.json,DataExfiltration,3442,2541,2305,0.9071231798504525,0.6696687972109239,0.7705164633127194,0.6904632081594952,0.9784501101133707,source reported; blank if unsupported,True,0.6705403834979663,1134,3,,Any non-benign predicted label
PX081-0167,PX081,UNRAVELED,wrong_host_history,,random,3,False,8103,,167,px081_evidence_acquisition/RESULTS.json,Benign,192193,194030,192163,0.9903777766324795,0.9998439069060788,0.9950883297991057,0.9999720610202885,0.9996664929019135,source reported; blank if unsupported,True,,,,,Any non-benign predicted label
PX081-0167,PX081,UNRAVELED,wrong_host_history,,random,3,False,8103,,167,px081_evidence_acquisition/RESULTS.json,OtherAttackStage,12424,11486,11486,1.0,0.9245009658725049,0.9607695524884985,0.9976330940673682,0.9998357129454097,source reported; blank if unsupported,True,0.9434964584674823,702,236,,Any non-benign predicted label
PX081-0167,PX081,UNRAVELED,wrong_host_history,,random,3,False,8103,,167,px081_evidence_acquisition/RESULTS.json,LateralMovement,35,37,4,0.10810810810810811,0.11428571428571428,0.1111111111111111,0.14110682529792618,0.9928962457764384,source reported; blank if unsupported,True,0.11428571428571432,31,0,,Any non-benign predicted label
PX081-0167,PX081,UNRAVELED,wrong_host_history,,random,3,False,8103,,167,px081_evidence_acquisition/RESULTS.json,DataExfiltration,3442,2541,2305,0.9071231798504525,0.6696687972109239,0.7705164633127194,0.6904632081594952,0.9784501101133707,source reported; blank if unsupported,True,0.6705403834979663,1134,3,,Any non-benign predicted label
PX081-0168,PX081,UNRAVELED,wrong_host_history,,entropy,3,False,8103,,168,px081_evidence_acquisition/RESULTS.json,Benign,192193,194003,192163,0.9905156105833415,0.9998439069060788,0.9951578990978674,0.9999807853255159,0.9997605715247113,source reported; blank if unsupported,True,,,,,Any non-benign predicted label
PX081-0168,PX081,UNRAVELED,wrong_host_history,,entropy,3,False,8103,,168,px081_evidence_acquisition/RESULTS.json,OtherAttackStage,12424,11486,11486,1.0,0.9245009658725049,0.9607695524884985,0.9905483812712375,0.9985960794849839,source reported; blank if unsupported,True,0.9451867353509337,681,257,,Any non-benign predicted label
PX081-0168,PX081,UNRAVELED,wrong_host_history,,entropy,3,False,8103,,168,px081_evidence_acquisition/RESULTS.json,LateralMovement,35,37,4,0.10810810810810811,0.11428571428571428,0.1111111111111111,0.1420717547422502,0.9939502050585926,source reported; blank if unsupported,True,0.11428571428571432,31,0,,Any non-benign predicted label
PX081-0168,PX081,UNRAVELED,wrong_host_history,,entropy,3,False,8103,,168,px081_evidence_acquisition/RESULTS.json,DataExfiltration,3442,2568,2311,0.8999221183800623,0.6714119697850087,0.7690515806988353,0.671639853671459,0.977713426376509,source reported; blank if unsupported,True,0.6722835560720511,1128,3,,Any non-benign predicted label
PX081-0169,PX081,UNRAVELED,wrong_host_history,,harm,3,False,8103,,169,px081_evidence_acquisition/RESULTS.json,Benign,192193,193740,192164,0.9918653866005988,0.9998491100092095,0.9958412470558361,0.996113380126906,0.9660895168229882,source reported; blank if unsupported,True,,,,,Any non-benign predicted label
PX081-0169,PX081,UNRAVELED,wrong_host_history,,harm,3,False,8103,,169,px081_evidence_acquisition/RESULTS.json,OtherAttackStage,12424,11759,11759,1.0,0.9464745653573728,0.9725013439192821,0.98989002574948,0.99833909122851,source reported; blank if unsupported,True,0.9669993560849968,410,255,,Any non-benign predicted label
PX081-0169,PX081,UNRAVELED,wrong_host_history,,harm,3,False,8103,,169,px081_evidence_acquisition/RESULTS.json,LateralMovement,35,32,4,0.125,0.11428571428571428,0.11940298507462686,0.17068754881583148,0.999432166562644,source reported; blank if unsupported,True,0.11428571428571432,31,0,,Any non-benign predicted label
PX081-0169,PX081,UNRAVELED,wrong_host_history,,harm,3,False,8103,,169,px081_evidence_acquisition/RESULTS.json,DataExfiltration,3442,2563,2307,0.9001170503316426,0.6702498547356188,0.7683597002497918,0.6328673302745046,0.8312607267451808,source reported; blank if unsupported,True,0.6702498547356188,1135,0,,Any non-benign predicted label
PX081-0170,PX081,UNRAVELED,wrong_host_history,,full_context_reference,,True,8103,,170,px081_evidence_acquisition/RESULTS.json,Benign,192193,194030,192163,0.9903777766324795,0.9998439069060788,0.9950883297991057,0.9999720610202885,0.9996664929019135,source reported; blank if unsupported,True,,,,,Any non-benign predicted label
PX081-0170,PX081,UNRAVELED,wrong_host_history,,full_context_reference,,True,8103,,170,px081_evidence_acquisition/RESULTS.json,OtherAttackStage,12424,11486,11486,1.0,0.9245009658725049,0.9607695524884985,0.9976330940673682,0.9998357129454097,source reported; blank if unsupported,True,0.9434964584674823,702,236,,Any non-benign predicted label
PX081-0170,PX081,UNRAVELED,wrong_host_history,,full_context_reference,,True,8103,,170,px081_evidence_acquisition/RESULTS.json,LateralMovement,35,37,4,0.10810810810810811,0.11428571428571428,0.1111111111111111,0.14110682529792618,0.9928962457764384,source reported; blank if unsupported,True,0.11428571428571432,31,0,,Any non-benign predicted label
PX081-0170,PX081,UNRAVELED,wrong_host_history,,full_context_reference,,True,8103,,170,px081_evidence_acquisition/RESULTS.json,DataExfiltration,3442,2541,2305,0.9071231798504525,0.6696687972109239,0.7705164633127194,0.6904632081594952,0.9784501101133707,source reported; blank if unsupported,True,0.6705403834979663,1134,3,,Any non-benign predicted label
PX082-0000,PX082,UNRAVELED,unperturbed,current,past_only_anchor,,False,20260923,,0,px082_temporal_audit/METRICS.json,Benign,96098,96671,96074,0.9938244147676139,0.9997502549480738,0.9967785276678304,0.9999237123404634,0.9990796199006758,source reported; blank if unsupported,True,,,,,Any non-benign predicted label
PX082-0000,PX082,UNRAVELED,unperturbed,current,past_only_anchor,,False,20260923,,0,px082_temporal_audit/METRICS.json,OtherAttackStage,6213,6024,6021,0.9995019920318725,0.969097054563013,0.9840647217455258,0.9898496300973246,0.9980863263598037,source reported; blank if unsupported,True,0.9971028488652824,18,174,,Any non-benign predicted label
PX082-0000,PX082,UNRAVELED,unperturbed,current,past_only_anchor,,False,20260923,,0,px082_temporal_audit/METRICS.json,LateralMovement,18,25,4,0.16,0.2222222222222222,0.18604651162790697,0.20003434718035987,0.9993674549849032,source reported; blank if unsupported,True,0.2222222222222222,14,0,,Any non-benign predicted label
PX082-0000,PX082,UNRAVELED,unperturbed,current,past_only_anchor,,False,20260923,,0,px082_temporal_audit/METRICS.json,DataExfiltration,1722,1331,1157,0.8692712246431255,0.6718931475029036,0.7579430068784802,0.6781090409568393,0.975796004890468,source reported; blank if unsupported,True,0.6718931475029035,565,0,,Any non-benign predicted label
PX082-0001,PX082,UNRAVELED,unperturbed,current,time_mixed_anchor,,False,20260923,,1,px082_temporal_audit/METRICS.json,Benign,96098,96058,96033,0.9997397405734035,0.9993236071510333,0.999531630550178,0.999992486921819,0.999911763866247,source reported; blank if unsupported,True,,,,,Any non-benign predicted label
PX082-0001,PX082,UNRAVELED,unperturbed,current,time_mixed_anchor,,False,20260923,,1,px082_temporal_audit/METRICS.json,OtherAttackStage,6213,6099,6088,0.9981964256435482,0.979880894897795,0.9889538661468485,0.9992569025057301,0.9999467556657997,source reported; blank if unsupported,True,0.9987123772734589,8,117,,Any non-benign predicted label
PX082-0001,PX082,UNRAVELED,unperturbed,current,time_mixed_anchor,,False,20260923,,1,px082_temporal_audit/METRICS.json,LateralMovement,18,76,13,0.17105263157894737,0.7222222222222222,0.2765957446808511,0.17781225364357672,0.9992438296822482,source reported; blank if unsupported,True,0.7222222222222222,5,0,,Any non-benign predicted label
PX082-0001,PX082,UNRAVELED,unperturbed,current,time_mixed_anchor,,False,20260923,,1,px082_temporal_audit/METRICS.json,DataExfiltration,1722,1818,1700,0.935093509350935,0.9872241579558653,0.96045197740113,0.975144173606032,0.9991416092265719,source reported; blank if unsupported,True,0.9930313588850174,12,10,,Any non-benign predicted label
PX082-0002,PX082,UNRAVELED,unperturbed,current,conventional_random,,False,20260923,,2,px082_temporal_audit/METRICS.json,Benign,191515,191487,191439,0.9997493302417396,0.9996031642430097,0.9996762418995201,0.9999991276877923,0.9999912815549536,source reported; blank if unsupported,True,,,,,Any non-benign predicted label
PX082-0002,PX082,UNRAVELED,unperturbed,current,conventional_random,,False,20260923,,2,px082_temporal_audit/METRICS.json,OtherAttackStage,15095,15196,14916,0.9815740984469598,0.9881417687976151,0.9848469842527483,0.9929351715324322,0.9996280237343345,source reported; blank if unsupported,True,0.9984100695594568,24,155,,Any non-benign predicted label
PX082-0002,PX082,UNRAVELED,unperturbed,current,conventional_random,,False,20260923,,2,px082_temporal_audit/METRICS.json,LateralMovement,34,78,19,0.24358974358974358,0.5588235294117647,0.3392857142857143,0.2561679150084337,0.9997208434641268,source reported; blank if unsupported,True,0.5588235294117647,15,0,,Any non-benign predicted label
PX082-0002,PX082,UNRAVELED,unperturbed,current,conventional_random,,False,20260923,,2,px082_temporal_audit/METRICS.json,DataExfiltration,3582,3465,3307,0.9544011544011544,0.9232272473478503,0.9385554136511991,0.9624088386544424,0.9984182965612125,source reported; blank if unsupported,True,0.9974874371859297,9,266,,Any non-benign predicted label
PX082-0003,PX082,UNRAVELED,unperturbed,current_history,past_only_anchor,,False,20260923,,3,px082_temporal_audit/METRICS.json,Benign,96098,96712,96081,0.993475473571015,0.9998230972548856,0.9966391784658472,0.9995238276762742,0.9944915705771952,source reported; blank if unsupported,True,,,,,Any non-benign predicted label
PX082-0003,PX082,UNRAVELED,unperturbed,current_history,past_only_anchor,,False,20260923,,3,px082_temporal_audit/METRICS.json,OtherAttackStage,6213,6055,6051,0.9993393889347647,0.9739256397875422,0.9864688620802087,0.9991439872661593,0.9999253546201304,source reported; blank if unsupported,True,0.9924352164815708,47,115,,Any non-benign predicted label
PX082-0003,PX082,UNRAVELED,unperturbed,current_history,past_only_anchor,,False,20260923,,3,px082_temporal_audit/METRICS.json,LateralMovement,18,23,6,0.2608695652173913,0.3333333333333333,0.2926829268292683,0.1364378920253943,0.9828222241446891,source reported; blank if unsupported,True,0.33333333333333337,12,0,,Any non-benign predicted label
PX082-0003,PX082,UNRAVELED,unperturbed,current_history,past_only_anchor,,False,20260923,,3,px082_temporal_audit/METRICS.json,DataExfiltration,1722,1261,1146,0.908802537668517,0.6655052264808362,0.7683540060341938,0.74701442258439,0.9773075972334867,source reported; blank if unsupported,True,0.6678281068524972,572,4,,Any non-benign predicted label
PX082-0004,PX082,UNRAVELED,unperturbed,current_history,time_mixed_anchor,,False,20260923,,4,px082_temporal_audit/METRICS.json,Benign,96098,96411,96047,0.9962244972046758,0.9994692917646569,0.9978442566321575,0.9999962708666398,0.9999549254615984,source reported; blank if unsupported,True,,,,,Any non-benign predicted label
PX082-0004,PX082,UNRAVELED,unperturbed,current_history,time_mixed_anchor,,False,20260923,,4,px082_temporal_audit/METRICS.json,OtherAttackStage,6213,6198,6196,0.9996773152629881,0.9972638017061001,0.9984690999919427,0.9999191079392382,0.9999940200783298,source reported; blank if unsupported,True,0.9993561886367295,4,13,,Any non-benign predicted label
PX082-0004,PX082,UNRAVELED,unperturbed,current_history,time_mixed_anchor,,False,20260923,,4,px082_temporal_audit/METRICS.json,LateralMovement,18,62,12,0.1935483870967742,0.6666666666666666,0.3,0.29115719196391254,0.9993981610535972,source reported; blank if unsupported,True,0.6666666666666667,6,0,,Any non-benign predicted label
PX082-0004,PX082,UNRAVELED,unperturbed,current_history,time_mixed_anchor,,False,20260923,,4,px082_temporal_audit/METRICS.json,DataExfiltration,1722,1380,1366,0.9898550724637681,0.7932636469221835,0.880722114764668,0.9938023751085604,0.9998093871094134,source reported; blank if unsupported,True,0.794425087108014,354,2,,Any non-benign predicted label
PX082-0005,PX082,UNRAVELED,unperturbed,current_history,conventional_random,,False,20260923,,5,px082_temporal_audit/METRICS.json,Benign,191515,191511,191477,0.9998224645059552,0.9998015821215048,0.9998120232046911,0.999999699513911,0.9999969515301937,source reported; blank if unsupported,True,,,,,Any non-benign predicted label
PX082-0005,PX082,UNRAVELED,unperturbed,current_history,conventional_random,,False,20260923,,5,px082_temporal_audit/METRICS.json,OtherAttackStage,15095,15062,14991,0.9952861505776125,0.9931103014243127,0.9941970355141426,0.9998991411571473,0.999992182997492,source reported; blank if unsupported,True,0.9992050347797284,12,92,,Any non-benign predicted label
PX082-0005,PX082,UNRAVELED,unperturbed,current_history,conventional_random,,False,20260923,,5,px082_temporal_audit/METRICS.json,LateralMovement,34,56,22,0.39285714285714285,0.6470588235294118,0.4888888888888889,0.4352133322596566,0.9998505568018484,source reported; blank if unsupported,True,0.6470588235294117,12,0,,Any non-benign predicted label
PX082-0005,PX082,UNRAVELED,unperturbed,current_history,conventional_random,,False,20260923,,5,px082_temporal_audit/METRICS.json,DataExfiltration,3582,3597,3502,0.973589102029469,0.9776661083193746,0.9756233458698983,0.997997500723571,0.9999551309734073,source reported; blank if unsupported,True,0.9972082635399219,10,70,,Any non-benign predicted label
PX082-0006,PX082,UNRAVELED,unperturbed,current,past_only_anchor,,False,20260924,,6,px082_temporal_audit/METRICS.json,Benign,96098,96678,96082,0.9938352055276278,0.9998335032987159,0.9968253309540607,0.9998416192156996,0.9980972281279867,source reported; blank if unsupported,True,,,,,Any non-benign predicted label
PX082-0006,PX082,UNRAVELED,unperturbed,current,past_only_anchor,,False,20260924,,6,px082_temporal_audit/METRICS.json,OtherAttackStage,6213,6011,6011,1.0,0.9674875261548367,0.9834751308900523,0.9883461900370637,0.995614247305022,source reported; blank if unsupported,True,0.9969418960244648,19,183,,Any non-benign predicted label
PX082-0006,PX082,UNRAVELED,unperturbed,current,past_only_anchor,,False,20260924,,6,px082_temporal_audit/METRICS.json,LateralMovement,18,20,4,0.2,0.2222222222222222,0.21052631578947367,0.19427616971005837,0.9989057959173211,source reported; blank if unsupported,True,0.2222222222222222,14,0,,Any non-benign predicted label
PX082-0006,PX082,UNRAVELED,unperturbed,current,past_only_anchor,,False,20260924,,6,px082_temporal_audit/METRICS.json,DataExfiltration,1722,1342,1159,0.8636363636363636,0.673054587688734,0.7565274151436031,0.6599605233600095,0.9573293510970382,source reported; blank if unsupported,True,0.673054587688734,563,0,,Any non-benign predicted label
PX082-0007,PX082,UNRAVELED,unperturbed,current,time_mixed_anchor,,False,20260924,,7,px082_temporal_audit/METRICS.json,Benign,96098,96074,96047,0.9997189666298895,0.9994692917646569,0.9995941136065608,0.9999813220496324,0.9997939255275884,source reported; blank if unsupported,True,,,,,Any non-benign predicted label
PX082-0007,PX082,UNRAVELED,unperturbed,current,time_mixed_anchor,,False,20260924,,7,px082_temporal_audit/METRICS.json,OtherAttackStage,6213,6103,6090,0.9978699000491561,0.9802028005794302,0.9889574537187399,0.9987535047463499,0.9999214499862694,source reported; blank if unsupported,True,0.9987123772734589,8,115,,Any non-benign predicted label
PX082-0007,PX082,UNRAVELED,unperturbed,current,time_mixed_anchor,,False,20260924,,7,px082_temporal_audit/METRICS.json,LateralMovement,18,61,11,0.18032786885245902,0.6111111111111112,0.27848101265822783,0.17292152745823186,0.9991824175448603,source reported; blank if unsupported,True,0.6111111111111112,7,0,,Any non-benign predicted label
PX082-0007,PX082,UNRAVELED,unperturbed,current,time_mixed_anchor,,False,20260924,,7,px082_temporal_audit/METRICS.json,DataExfiltration,1722,1813,1697,0.9360176503033646,0.9854819976771196,0.9601131541725602,0.9693792388631417,0.9981597241363624,source reported; blank if unsupported,True,0.9930313588850174,12,13,,Any non-benign predicted label
PX082-0008,PX082,UNRAVELED,unperturbed,current,conventional_random,,False,20260924,,8,px082_temporal_audit/METRICS.json,Benign,191515,191454,191420,0.9998224116497958,0.9995039553037621,0.9996631581146255,0.9999981384289514,0.9999814994663091,source reported; blank if unsupported,True,,,,,Any non-benign predicted label
PX082-0008,PX082,UNRAVELED,unperturbed,current,conventional_random,,False,20260924,,8,px082_temporal_audit/METRICS.json,OtherAttackStage,15095,15264,14973,0.980935534591195,0.9919178535939053,0.986396126354623,0.9941635187118923,0.99965473089261,source reported; blank if unsupported,True,0.999337528983107,10,112,,Any non-benign predicted label
PX082-0008,PX082,UNRAVELED,unperturbed,current,conventional_random,,False,20260924,,8,px082_temporal_audit/METRICS.json,LateralMovement,34,103,19,0.18446601941747573,0.5588235294117647,0.2773722627737226,0.26583071571431555,0.9995219356868119,source reported; blank if unsupported,True,0.5588235294117647,15,0,,Any non-benign predicted label
PX082-0008,PX082,UNRAVELED,unperturbed,current,conventional_random,,False,20260924,,8,px082_temporal_audit/METRICS.json,DataExfiltration,3582,3405,3290,0.9662261380323054,0.9184812953657174,0.9417489623586661,0.9627355389140164,0.9984996112017517,source reported; blank if unsupported,True,0.9974874371859297,9,283,,Any non-benign predicted label
PX082-0009,PX082,UNRAVELED,unperturbed,current_history,past_only_anchor,,False,20260924,,9,px082_temporal_audit/METRICS.json,Benign,96098,96731,96086,0.9933320238599829,0.999875127474037,0.9965928361397922,0.9996324500844779,0.9956863997785571,source reported; blank if unsupported,True,,,,,Any non-benign predicted label
PX082-0009,PX082,UNRAVELED,unperturbed,current_history,past_only_anchor,,False,20260924,,9,px082_temporal_audit/METRICS.json,OtherAttackStage,6213,6037,6030,0.998840483683949,0.9705456301303718,0.9844897959183674,0.9988463257464182,0.9998851953745038,source reported; blank if unsupported,True,0.9900209238693063,62,121,,Any non-benign predicted label
PX082-0009,PX082,UNRAVELED,unperturbed,current_history,past_only_anchor,,False,20260924,,9,px082_temporal_audit/METRICS.json,LateralMovement,18,15,4,0.26666666666666666,0.2222222222222222,0.24242424242424243,0.13995371903621343,0.9930460099733311,source reported; blank if unsupported,True,0.2222222222222222,14,0,,Any non-benign predicted label
PX082-0009,PX082,UNRAVELED,unperturbed,current_history,past_only_anchor,,False,20260924,,9,px082_temporal_audit/METRICS.json,DataExfiltration,1722,1268,1147,0.9045741324921136,0.6660859465737514,0.7672240802675585,0.7357280816678788,0.9707891249954642,source reported; blank if unsupported,True,0.6695702671312427,569,6,,Any non-benign predicted label
PX082-0010,PX082,UNRAVELED,unperturbed,current_history,time_mixed_anchor,,False,20260924,,10,px082_temporal_audit/METRICS.json,Benign,96098,96483,96059,0.9956054434459957,0.99959416429062,0.9975958168251281,0.9999942239252105,0.9999315017225503,source reported; blank if unsupported,True,,,,,Any non-benign predicted label
PX082-0010,PX082,UNRAVELED,unperturbed,current_history,time_mixed_anchor,,False,20260924,,10,px082_temporal_audit/METRICS.json,OtherAttackStage,6213,6206,6203,0.9995165968417661,0.9983904715918236,0.9989532168451566,0.9999476951701892,0.999996372564709,source reported; blank if unsupported,True,0.9991952357959119,5,5,,Any non-benign predicted label
PX082-0010,PX082,UNRAVELED,unperturbed,current_history,time_mixed_anchor,,False,20260924,,10,px082_temporal_audit/METRICS.json,LateralMovement,18,46,8,0.17391304347826086,0.4444444444444444,0.25,0.18863495704261204,0.9982473510008042,source reported; blank if unsupported,True,0.4444444444444444,10,0,,Any non-benign predicted label
PX082-0010,PX082,UNRAVELED,unperturbed,current_history,time_mixed_anchor,,False,20260924,,10,px082_temporal_audit/METRICS.json,DataExfiltration,1722,1316,1311,0.9962006079027356,0.7613240418118467,0.8630678077682686,0.994196018857215,0.9996283252934623,source reported; blank if unsupported,True,0.7624854819976772,409,2,,Any non-benign predicted label
PX082-0011,PX082,UNRAVELED,unperturbed,current_history,conventional_random,,False,20260924,,11,px082_temporal_audit/METRICS.json,Benign,191515,191501,191473,0.9998537866642994,0.9997806960290316,0.9998172400108611,0.9999996848158053,0.9999967977672075,source reported; blank if unsupported,True,,,,,Any non-benign predicted label
PX082-0011,PX082,UNRAVELED,unperturbed,current_history,conventional_random,,False,20260924,,11,px082_temporal_audit/METRICS.json,OtherAttackStage,15095,15125,15031,0.9937851239669422,0.9957601854918847,0.9947716743878227,0.9999068154483379,0.9999927744076273,source reported; blank if unsupported,True,0.9996025173898642,6,58,,Any non-benign predicted label
PX082-0011,PX082,UNRAVELED,unperturbed,current_history,conventional_random,,False,20260924,,11,px082_temporal_audit/METRICS.json,LateralMovement,34,59,19,0.3220338983050847,0.5588235294117647,0.40860215053763443,0.39567959937293296,0.999761002825428,source reported; blank if unsupported,True,0.5588235294117647,15,0,,Any non-benign predicted label
PX082-0011,PX082,UNRAVELED,unperturbed,current_history,conventional_random,,False,20260924,,11,px082_temporal_audit/METRICS.json,DataExfiltration,3582,3541,3481,0.9830556340016945,0.9718034617532105,0.9773971641162431,0.9980480616732131,0.9999596459766252,source reported; blank if unsupported,True,0.9980457844779452,7,94,,Any non-benign predicted label
PX082-0012,PX082,UNRAVELED,unperturbed,current,past_only_anchor,,False,20260925,,12,px082_temporal_audit/METRICS.json,Benign,96098,96660,96066,0.993854748603352,0.9996670065974318,0.9967524045694601,0.9999250398820474,0.9990961677739716,source reported; blank if unsupported,True,,,,,Any non-benign predicted label
PX082-0012,PX082,UNRAVELED,unperturbed,current,past_only_anchor,,False,20260925,,12,px082_temporal_audit/METRICS.json,OtherAttackStage,6213,6011,6009,0.9996672766594576,0.9671656204732013,0.9831479057591623,0.9876951517020769,0.9965023808297273,source reported; blank if unsupported,True,0.9969418960244648,19,185,,Any non-benign predicted label
PX082-0012,PX082,UNRAVELED,unperturbed,current,past_only_anchor,,False,20260925,,12,px082_temporal_audit/METRICS.json,LateralMovement,18,34,6,0.17647058823529413,0.3333333333333333,0.23076923076923078,0.21617953884144442,0.9993578426503555,source reported; blank if unsupported,True,0.33333333333333337,12,0,,Any non-benign predicted label
PX082-0012,PX082,UNRAVELED,unperturbed,current,past_only_anchor,,False,20260925,,12,px082_temporal_audit/METRICS.json,DataExfiltration,1722,1346,1158,0.8603268945022289,0.6724738675958188,0.7548891786179922,0.6682218220134636,0.97087490306624,source reported; blank if unsupported,True,0.673054587688734,563,1,,Any non-benign predicted label
PX082-0013,PX082,UNRAVELED,unperturbed,current,time_mixed_anchor,,False,20260925,,13,px082_temporal_audit/METRICS.json,Benign,96098,95980,95948,0.9996665972077516,0.9984390934254616,0.9990524682680995,0.9999950156030586,0.9999399549158314,source reported; blank if unsupported,True,,,,,Any non-benign predicted label
PX082-0013,PX082,UNRAVELED,unperturbed,current,time_mixed_anchor,,False,20260925,,13,px082_temporal_audit/METRICS.json,OtherAttackStage,6213,6091,6085,0.9990149400755213,0.9793980363753421,0.989109232769831,0.9989316727008242,0.9999204349624262,source reported; blank if unsupported,True,0.9983904715918236,10,118,,Any non-benign predicted label
PX082-0013,PX082,UNRAVELED,unperturbed,current,time_mixed_anchor,,False,20260925,,13,px082_temporal_audit/METRICS.json,LateralMovement,18,64,9,0.140625,0.5,0.21951219512195122,0.17734830086272982,0.9987410511835454,source reported; blank if unsupported,True,0.5,9,0,,Any non-benign predicted label
PX082-0013,PX082,UNRAVELED,unperturbed,current,time_mixed_anchor,,False,20260925,,13,px082_temporal_audit/METRICS.json,DataExfiltration,1722,1916,1703,0.8888308977035491,0.9889663182346109,0.9362286970863112,0.9694710533877691,0.9992735905499591,source reported; blank if unsupported,True,0.9924506387921022,13,6,,Any non-benign predicted label
PX082-0014,PX082,UNRAVELED,unperturbed,current,conventional_random,,False,20260925,,14,px082_temporal_audit/METRICS.json,Benign,191515,191481,191434,0.9997545448373468,0.9995770566274182,0.9996657928542335,0.9999982547217849,0.999982648363251,source reported; blank if unsupported,True,,,,,Any non-benign predicted label
PX082-0014,PX082,UNRAVELED,unperturbed,current,conventional_random,,False,20260925,,14,px082_temporal_audit/METRICS.json,OtherAttackStage,15095,15203,14933,0.982240347299875,0.9892679695263332,0.9857416331110964,0.9939131027065825,0.9996578585423649,source reported; blank if unsupported,True,0.9984100695594568,24,138,,Any non-benign predicted label
PX082-0014,PX082,UNRAVELED,unperturbed,current,conventional_random,,False,20260925,,14,px082_temporal_audit/METRICS.json,LateralMovement,34,98,21,0.21428571428571427,0.6176470588235294,0.3181818181818182,0.2117117452555195,0.9996821533477515,source reported; blank if unsupported,True,0.6176470588235294,13,0,,Any non-benign predicted label
PX082-0014,PX082,UNRAVELED,unperturbed,current,conventional_random,,False,20260925,,14,px082_temporal_audit/METRICS.json,DataExfiltration,3582,3444,3305,0.9596399535423926,0.9226689000558347,0.9407913464275548,0.9648928594133646,0.9985777543970322,source reported; blank if unsupported,True,0.9972082635399219,10,267,,Any non-benign predicted label
PX082-0015,PX082,UNRAVELED,unperturbed,current_history,past_only_anchor,,False,20260925,,15,px082_temporal_audit/METRICS.json,Benign,96098,96721,96084,0.9934140465876077,0.9998543153863764,0.9966237767025034,0.9997853429506907,0.9974528548315904,source reported; blank if unsupported,True,,,,,Any non-benign predicted label
PX082-0015,PX082,UNRAVELED,unperturbed,current_history,past_only_anchor,,False,20260925,,15,px082_temporal_audit/METRICS.json,OtherAttackStage,6213,6062,6048,0.9976905311778291,0.9734427812650893,0.985417515274949,0.9994218068700703,0.9999609668221542,source reported; blank if unsupported,True,0.9913085465958474,54,111,,Any non-benign predicted label
PX082-0015,PX082,UNRAVELED,unperturbed,current_history,past_only_anchor,,False,20260925,,15,px082_temporal_audit/METRICS.json,LateralMovement,18,20,6,0.3,0.3333333333333333,0.3157894736842105,0.16571637900238861,0.9971590211225712,source reported; blank if unsupported,True,0.33333333333333337,12,0,,Any non-benign predicted label
PX082-0015,PX082,UNRAVELED,unperturbed,current_history,past_only_anchor,,False,20260925,,15,px082_temporal_audit/METRICS.json,DataExfiltration,1722,1248,1137,0.9110576923076923,0.6602787456445993,0.7656565656565657,0.7671366591556226,0.9858598184405974,source reported; blank if unsupported,True,0.6684088269454123,571,14,,Any non-benign predicted label
PX082-0016,PX082,UNRAVELED,unperturbed,current_history,time_mixed_anchor,,False,20260925,,16,px082_temporal_audit/METRICS.json,Benign,96098,96083,96045,0.999604508601938,0.9994484796769963,0.9995264880503275,0.9999963868276499,0.9999564367127771,source reported; blank if unsupported,True,,,,,Any non-benign predicted label
PX082-0016,PX082,UNRAVELED,unperturbed,current_history,time_mixed_anchor,,False,20260925,,16,px082_temporal_audit/METRICS.json,OtherAttackStage,6213,6190,6189,0.9998384491114701,0.9961371318203767,0.9979843586229138,0.9999650639594785,0.999997631062667,source reported; blank if unsupported,True,0.9993561886367295,4,20,,Any non-benign predicted label
PX082-0016,PX082,UNRAVELED,unperturbed,current_history,time_mixed_anchor,,False,20260925,,16,px082_temporal_audit/METRICS.json,LateralMovement,18,58,11,0.1896551724137931,0.6111111111111112,0.2894736842105263,0.2525292974153012,0.9996048262463727,source reported; blank if unsupported,True,0.6111111111111112,7,0,,Any non-benign predicted label
PX082-0016,PX082,UNRAVELED,unperturbed,current_history,time_mixed_anchor,,False,20260925,,16,px082_temporal_audit/METRICS.json,DataExfiltration,1722,1720,1693,0.9843023255813953,0.9831591173054588,0.9837303893085415,0.9953827101780524,0.9997311057525969,source reported; blank if unsupported,True,0.9843205574912892,27,2,,Any non-benign predicted label
PX082-0017,PX082,UNRAVELED,unperturbed,current_history,conventional_random,,False,20260925,,17,px082_temporal_audit/METRICS.json,Benign,191515,191483,191447,0.9998119937540147,0.999644936427956,0.9997284581120528,0.9999996170284294,0.9999960861599202,source reported; blank if unsupported,True,,,,,Any non-benign predicted label
PX082-0017,PX082,UNRAVELED,unperturbed,current_history,conventional_random,,False,20260925,,17,px082_temporal_audit/METRICS.json,OtherAttackStage,15095,15057,14977,0.9946868566115428,0.9921828420006624,0.9934332714247811,0.9998666409250726,0.9999895023003452,source reported; blank if unsupported,True,0.9990725405763498,14,104,,Any non-benign predicted label
PX082-0017,PX082,UNRAVELED,unperturbed,current_history,conventional_random,,False,20260925,,17,px082_temporal_audit/METRICS.json,LateralMovement,34,90,25,0.2777777777777778,0.7352941176470589,0.4032258064516129,0.3249282290281642,0.9997912272924698,source reported; blank if unsupported,True,0.7352941176470589,9,0,,Any non-benign predicted label
PX082-0017,PX082,UNRAVELED,unperturbed,current_history,conventional_random,,False,20260925,,17,px082_temporal_audit/METRICS.json,DataExfiltration,3582,3596,3492,0.9710789766407119,0.9748743718592965,0.972972972972973,0.9976576014808582,0.999952083143587,source reported; blank if unsupported,True,0.9963707426018984,13,77,,Any non-benign predicted label
PX083-0000,PX083,casino,clean,,current,,False,,20260920,0,px083_policy_transfer/results/METRICS.json,OtherTechnique,903,899,896,0.996662958843159,0.9922480620155039,0.9944506104328524,,,not reported for this class,True,,,,,"Not applicable: binary T1105-vs-other-technique, not attack-vs-benign"
PX083-0000,PX083,casino,clean,,current,,False,,20260920,0,px083_policy_transfer/results/METRICS.json,T1105,17,21,14,0.6666666666666666,0.8235294117647058,0.7368421052631579,0.8674180483004013,0.960719171389486,source reported; blank if unsupported,True,,,,3,"Not applicable: binary T1105-vs-other-technique, not attack-vs-benign"
PX083-0001,PX083,casino,clean,,context,,False,,20260920,1,px083_policy_transfer/results/METRICS.json,OtherTechnique,903,890,887,0.996629213483146,0.982281284606866,0.9894032348020078,,,not reported for this class,True,,,,,"Not applicable: binary T1105-vs-other-technique, not attack-vs-benign"
PX083-0001,PX083,casino,clean,,context,,False,,20260920,1,px083_policy_transfer/results/METRICS.json,T1105,17,30,14,0.4666666666666667,0.8235294117647058,0.5957446808510638,0.8522436792934762,0.976157905022474,source reported; blank if unsupported,True,,,,3,"Not applicable: binary T1105-vs-other-technique, not attack-vs-benign"
PX083-0002,PX083,casino,clean,,fixed_fusion,,False,,20260920,2,px083_policy_transfer/results/METRICS.json,OtherTechnique,903,898,895,0.9966592427616926,0.991140642303433,0.9938922820655192,,,not reported for this class,True,,,,,"Not applicable: binary T1105-vs-other-technique, not attack-vs-benign"
PX083-0002,PX083,casino,clean,,fixed_fusion,,False,,20260920,2,px083_policy_transfer/results/METRICS.json,T1105,17,22,14,0.6363636363636364,0.8235294117647058,0.717948717948718,0.8606314785559049,0.9711419451501531,source reported; blank if unsupported,True,,,,3,"Not applicable: binary T1105-vs-other-technique, not attack-vs-benign"
PX083-0003,PX083,casino,clean,,mixed_dropout,,False,,20260920,3,px083_policy_transfer/results/METRICS.json,OtherTechnique,903,889,886,0.9966254218222722,0.9811738648947951,0.9888392857142857,,,not reported for this class,True,,,,,"Not applicable: binary T1105-vs-other-technique, not attack-vs-benign"
PX083-0003,PX083,casino,clean,,mixed_dropout,,False,,20260920,3,px083_policy_transfer/results/METRICS.json,T1105,17,31,14,0.45161290322580644,0.8235294117647058,0.5833333333333334,0.8438442464409793,0.9693179597420364,source reported; blank if unsupported,True,,,,3,"Not applicable: binary T1105-vs-other-technique, not attack-vs-benign"
PX083-0004,PX083,casino,clean,,confidence_gate,,False,,20260920,4,px083_policy_transfer/results/METRICS.json,OtherTechnique,903,898,895,0.9966592427616926,0.991140642303433,0.9938922820655192,,,not reported for this class,True,,,,,"Not applicable: binary T1105-vs-other-technique, not attack-vs-benign"
PX083-0004,PX083,casino,clean,,confidence_gate,,False,,20260920,4,px083_policy_transfer/results/METRICS.json,T1105,17,22,14,0.6363636363636364,0.8235294117647058,0.717948717948718,0.8716877511874316,0.9684059670379781,source reported; blank if unsupported,True,,,,3,"Not applicable: binary T1105-vs-other-technique, not attack-vs-benign"
PX083-0005,PX083,casino,clean,,ordinary_gate,,False,,20260920,5,px083_policy_transfer/results/METRICS.json,OtherTechnique,903,899,896,0.996662958843159,0.9922480620155039,0.9944506104328524,,,not reported for this class,True,,,,,"Not applicable: binary T1105-vs-other-technique, not attack-vs-benign"
PX083-0005,PX083,casino,clean,,ordinary_gate,,False,,20260920,5,px083_policy_transfer/results/METRICS.json,T1105,17,21,14,0.6666666666666666,0.8235294117647058,0.7368421052631579,0.8671529436746829,0.9682105400299655,source reported; blank if unsupported,True,,,,3,"Not applicable: binary T1105-vs-other-technique, not attack-vs-benign"
PX083-0006,PX083,casino,clean,,target_cost_gate,,False,,20260920,6,px083_policy_transfer/results/METRICS.json,OtherTechnique,903,890,887,0.996629213483146,0.982281284606866,0.9894032348020078,,,not reported for this class,True,,,,,"Not applicable: binary T1105-vs-other-technique, not attack-vs-benign"
PX083-0006,PX083,casino,clean,,target_cost_gate,,False,,20260920,6,px083_policy_transfer/results/METRICS.json,T1105,17,30,14,0.4666666666666667,0.8235294117647058,0.5957446808510638,0.8579928937314336,0.9667122663018696,source reported; blank if unsupported,True,,,,3,"Not applicable: binary T1105-vs-other-technique, not attack-vs-benign"
PX083-0007,PX083,casino,random_25,,current,,False,,20260920,7,px083_policy_transfer/results/METRICS.json,OtherTechnique,903,865,862,0.9965317919075144,0.9545957918050941,0.9751131221719457,,,not reported for this class,True,,,,,"Not applicable: binary T1105-vs-other-technique, not attack-vs-benign"
PX083-0007,PX083,casino,random_25,,current,,False,,20260920,7,px083_policy_transfer/results/METRICS.json,T1105,17,55,14,0.2545454545454545,0.8235294117647058,0.3888888888888889,0.7483078117106412,0.9469741384926064,source reported; blank if unsupported,True,,,,3,"Not applicable: binary T1105-vs-other-technique, not attack-vs-benign"
PX083-0008,PX083,casino,random_25,,context,,False,,20260920,8,px083_policy_transfer/results/METRICS.json,OtherTechnique,903,879,876,0.9965870307167235,0.9700996677740864,0.9831649831649831,,,not reported for this class,True,,,,,"Not applicable: binary T1105-vs-other-technique, not attack-vs-benign"
PX083-0008,PX083,casino,random_25,,context,,False,,20260920,8,px083_policy_transfer/results/METRICS.json,T1105,17,41,14,0.34146341463414637,0.8235294117647058,0.4827586206896552,0.7802181920596466,0.9621523027815777,source reported; blank if unsupported,True,,,,3,"Not applicable: binary T1105-vs-other-technique, not attack-vs-benign"
PX083-0009,PX083,casino,random_25,,fixed_fusion,,False,,20260920,9,px083_policy_transfer/results/METRICS.json,OtherTechnique,903,877,874,0.9965792474344356,0.9678848283499446,0.9820224719101124,,,not reported for this class,True,,,,,"Not applicable: binary T1105-vs-other-technique, not attack-vs-benign"
PX083-0009,PX083,casino,random_25,,fixed_fusion,,False,,20260920,9,px083_policy_transfer/results/METRICS.json,T1105,17,43,14,0.32558139534883723,0.8235294117647058,0.4666666666666667,0.7699083314222467,0.95531235750114,source reported; blank if unsupported,True,,,,3,"Not applicable: binary T1105-vs-other-technique, not attack-vs-benign"
PX083-0010,PX083,casino,random_25,,mixed_dropout,,False,,20260920,10,px083_policy_transfer/results/METRICS.json,OtherTechnique,903,879,876,0.9965870307167235,0.9700996677740864,0.9831649831649831,,,not reported for this class,True,,,,,"Not applicable: binary T1105-vs-other-technique, not attack-vs-benign"
PX083-0010,PX083,casino,random_25,,mixed_dropout,,False,,20260920,10,px083_policy_transfer/results/METRICS.json,T1105,17,41,14,0.34146341463414637,0.8235294117647058,0.4827586206896552,0.813253439384234,0.956484919549215,source reported; blank if unsupported,True,,,,3,"Not applicable: binary T1105-vs-other-technique, not attack-vs-benign"
PX083-0011,PX083,casino,random_25,,confidence_gate,,False,,20260920,11,px083_policy_transfer/results/METRICS.json,OtherTechnique,903,877,874,0.9965792474344356,0.9678848283499446,0.9820224719101124,,,not reported for this class,True,,,,,"Not applicable: binary T1105-vs-other-technique, not attack-vs-benign"
PX083-0011,PX083,casino,random_25,,confidence_gate,,False,,20260920,11,px083_policy_transfer/results/METRICS.json,T1105,17,43,14,0.32558139534883723,0.8235294117647058,0.4666666666666667,0.7610750521846636,0.9539443684450524,source reported; blank if unsupported,True,,,,3,"Not applicable: binary T1105-vs-other-technique, not attack-vs-benign"
PX083-0012,PX083,casino,random_25,,ordinary_gate,,False,,20260920,12,px083_policy_transfer/results/METRICS.json,OtherTechnique,903,865,862,0.9965317919075144,0.9545957918050941,0.9751131221719457,,,not reported for this class,True,,,,,"Not applicable: binary T1105-vs-other-technique, not attack-vs-benign"
PX083-0012,PX083,casino,random_25,,ordinary_gate,,False,,20260920,12,px083_policy_transfer/results/METRICS.json,T1105,17,55,14,0.2545454545454545,0.8235294117647058,0.3888888888888889,0.7741521011558115,0.9534883720930233,source reported; blank if unsupported,True,,,,3,"Not applicable: binary T1105-vs-other-technique, not attack-vs-benign"
PX083-0013,PX083,casino,random_25,,target_cost_gate,,False,,20260920,13,px083_policy_transfer/results/METRICS.json,OtherTechnique,903,879,876,0.9965870307167235,0.9700996677740864,0.9831649831649831,,,not reported for this class,True,,,,,"Not applicable: binary T1105-vs-other-technique, not attack-vs-benign"
PX083-0013,PX083,casino,random_25,,target_cost_gate,,False,,20260920,13,px083_policy_transfer/results/METRICS.json,T1105,17,41,14,0.34146341463414637,0.8235294117647058,0.4827586206896552,0.7823999714575612,0.9536837991010357,source reported; blank if unsupported,True,,,,3,"Not applicable: binary T1105-vs-other-technique, not attack-vs-benign"
PX083-0014,PX083,casino,random_25,,current,,False,,20260921,14,px083_policy_transfer/results/METRICS.json,OtherTechnique,903,861,860,0.9988385598141696,0.9523809523809523,0.9750566893424036,,,not reported for this class,True,,,,,"Not applicable: binary T1105-vs-other-technique, not attack-vs-benign"
PX083-0014,PX083,casino,random_25,,current,,False,,20260921,14,px083_policy_transfer/results/METRICS.json,T1105,17,59,16,0.2711864406779661,0.9411764705882353,0.42105263157894735,0.8344426149900934,0.9559637808611816,source reported; blank if unsupported,True,,,,1,"Not applicable: binary T1105-vs-other-technique, not attack-vs-benign"
PX083-0015,PX083,casino,random_25,,context,,False,,20260921,15,px083_policy_transfer/results/METRICS.json,OtherTechnique,903,887,884,0.9966178128523112,0.9789590254706534,0.9877094972067039,,,not reported for this class,True,,,,,"Not applicable: binary T1105-vs-other-technique, not attack-vs-benign"
PX083-0015,PX083,casino,random_25,,context,,False,,20260921,15,px083_policy_transfer/results/METRICS.json,T1105,17,33,14,0.42424242424242425,0.8235294117647058,0.56,0.8143565506127978,0.9704905217901114,source reported; blank if unsupported,True,,,,3,"Not applicable: binary T1105-vs-other-technique, not attack-vs-benign"
PX083-0016,PX083,casino,random_25,,fixed_fusion,,False,,20260921,16,px083_policy_transfer/results/METRICS.json,OtherTechnique,903,878,876,0.9977220956719818,0.9700996677740864,0.9837170129140932,,,not reported for this class,True,,,,,"Not applicable: binary T1105-vs-other-technique, not attack-vs-benign"
PX083-0016,PX083,casino,random_25,,fixed_fusion,,False,,20260921,16,px083_policy_transfer/results/METRICS.json,T1105,17,42,15,0.35714285714285715,0.8823529411764706,0.5084745762711864,0.8304869556970398,0.9647579962217445,source reported; blank if unsupported,True,,,,2,"Not applicable: binary T1105-vs-other-technique, not attack-vs-benign"
PX083-0017,PX083,casino,random_25,,mixed_dropout,,False,,20260921,17,px083_policy_transfer/results/METRICS.json,OtherTechnique,903,891,888,0.9966329966329966,0.9833887043189369,0.9899665551839465,,,not reported for this class,True,,,,,"Not applicable: binary T1105-vs-other-technique, not attack-vs-benign"
PX083-0017,PX083,casino,random_25,,mixed_dropout,,False,,20260921,17,px083_policy_transfer/results/METRICS.json,T1105,17,29,14,0.4827586206896552,0.8235294117647058,0.6086956521739131,0.8148667040618678,0.9675591166699238,source reported; blank if unsupported,True,,,,3,"Not applicable: binary T1105-vs-other-technique, not attack-vs-benign"
PX083-0018,PX083,casino,random_25,,confidence_gate,,False,,20260921,18,px083_policy_transfer/results/METRICS.json,OtherTechnique,903,878,876,0.9977220956719818,0.9700996677740864,0.9837170129140932,,,not reported for this class,True,,,,,"Not applicable: binary T1105-vs-other-technique, not attack-vs-benign"
PX083-0018,PX083,casino,random_25,,confidence_gate,,False,,20260921,18,px083_policy_transfer/results/METRICS.json,T1105,17,42,15,0.35714285714285715,0.8823529411764706,0.5084745762711864,0.8263305645763818,0.9578529086053026,source reported; blank if unsupported,True,,,,2,"Not applicable: binary T1105-vs-other-technique, not attack-vs-benign"
PX083-0019,PX083,casino,random_25,,ordinary_gate,,False,,20260921,19,px083_policy_transfer/results/METRICS.json,OtherTechnique,903,861,860,0.9988385598141696,0.9523809523809523,0.9750566893424036,,,not reported for this class,True,,,,,"Not applicable: binary T1105-vs-other-technique, not attack-vs-benign"
PX083-0019,PX083,casino,random_25,,ordinary_gate,,False,,20260921,19,px083_policy_transfer/results/METRICS.json,T1105,17,59,16,0.2711864406779661,0.9411764705882353,0.42105263157894735,0.8206848539106363,0.958374047293336,source reported; blank if unsupported,True,,,,1,"Not applicable: binary T1105-vs-other-technique, not attack-vs-benign"
PX083-0020,PX083,casino,random_25,,target_cost_gate,,False,,20260921,20,px083_policy_transfer/results/METRICS.json,OtherTechnique,903,887,884,0.9966178128523112,0.9789590254706534,0.9877094972067039,,,not reported for this class,True,,,,,"Not applicable: binary T1105-vs-other-technique, not attack-vs-benign"
PX083-0020,PX083,casino,random_25,,target_cost_gate,,False,,20260921,20,px083_policy_transfer/results/METRICS.json,T1105,17,33,14,0.42424242424242425,0.8235294117647058,0.56,0.8161858933276225,0.956484919549215,source reported; blank if unsupported,True,,,,3,"Not applicable: binary T1105-vs-other-technique, not attack-vs-benign"
PX083-0021,PX083,casino,random_25,,current,,False,,20260922,21,px083_policy_transfer/results/METRICS.json,OtherTechnique,903,865,862,0.9965317919075144,0.9545957918050941,0.9751131221719457,,,not reported for this class,True,,,,,"Not applicable: binary T1105-vs-other-technique, not attack-vs-benign"
PX083-0021,PX083,casino,random_25,,current,,False,,20260922,21,px083_policy_transfer/results/METRICS.json,T1105,17,55,14,0.2545454545454545,0.8235294117647058,0.3888888888888889,0.7942262356715702,0.9837795583349619,source reported; blank if unsupported,True,,,,3,"Not applicable: binary T1105-vs-other-technique, not attack-vs-benign"
PX083-0022,PX083,casino,random_25,,context,,False,,20260922,22,px083_policy_transfer/results/METRICS.json,OtherTechnique,903,885,882,0.9966101694915255,0.9767441860465116,0.9865771812080537,,,not reported for this class,True,,,,,"Not applicable: binary T1105-vs-other-technique, not attack-vs-benign"
PX083-0022,PX083,casino,random_25,,context,,False,,20260922,22,px083_policy_transfer/results/METRICS.json,T1105,17,35,14,0.4,0.8235294117647058,0.5384615384615384,0.8138149515611992,0.9815647189108202,source reported; blank if unsupported,True,,,,3,"Not applicable: binary T1105-vs-other-technique, not attack-vs-benign"
PX083-0023,PX083,casino,random_25,,fixed_fusion,,False,,20260922,23,px083_policy_transfer/results/METRICS.json,OtherTechnique,903,871,868,0.9965556831228473,0.9612403100775194,0.9785794813979707,,,not reported for this class,True,,,,,"Not applicable: binary T1105-vs-other-technique, not attack-vs-benign"
PX083-0023,PX083,casino,random_25,,fixed_fusion,,False,,20260922,23,px083_policy_transfer/results/METRICS.json,T1105,17,49,14,0.2857142857142857,0.8235294117647058,0.42424242424242425,0.816605714145,0.9832584196469286,source reported; blank if unsupported,True,,,,3,"Not applicable: binary T1105-vs-other-technique, not attack-vs-benign"
PX083-0024,PX083,casino,random_25,,mixed_dropout,,False,,20260922,24,px083_policy_transfer/results/METRICS.json,OtherTechnique,903,886,883,0.9966139954853274,0.9778516057585825,0.9871436556735607,,,not reported for this class,True,,,,,"Not applicable: binary T1105-vs-other-technique, not attack-vs-benign"
PX083-0024,PX083,casino,random_25,,mixed_dropout,,False,,20260922,24,px083_policy_transfer/results/METRICS.json,T1105,17,34,14,0.4117647058823529,0.8235294117647058,0.5490196078431373,0.8046606166833207,0.9627385838056153,source reported; blank if unsupported,True,,,,3,"Not applicable: binary T1105-vs-other-technique, not attack-vs-benign"
PX083-0025,PX083,casino,random_25,,confidence_gate,,False,,20260922,25,px083_policy_transfer/results/METRICS.json,OtherTechnique,903,871,868,0.9965556831228473,0.9612403100775194,0.9785794813979707,,,not reported for this class,True,,,,,"Not applicable: binary T1105-vs-other-technique, not attack-vs-benign"
PX083-0025,PX083,casino,random_25,,confidence_gate,,False,,20260922,25,px083_policy_transfer/results/METRICS.json,T1105,17,49,14,0.2857142857142857,0.8235294117647058,0.42424242424242425,0.8089682046532974,0.9839098430069703,source reported; blank if unsupported,True,,,,3,"Not applicable: binary T1105-vs-other-technique, not attack-vs-benign"
PX083-0026,PX083,casino,random_25,,ordinary_gate,,False,,20260922,26,px083_policy_transfer/results/METRICS.json,OtherTechnique,903,865,862,0.9965317919075144,0.9545957918050941,0.9751131221719457,,,not reported for this class,True,,,,,"Not applicable: binary T1105-vs-other-technique, not attack-vs-benign"
PX083-0026,PX083,casino,random_25,,ordinary_gate,,False,,20260922,26,px083_policy_transfer/results/METRICS.json,T1105,17,55,14,0.2545454545454545,0.8235294117647058,0.3888888888888889,0.8126148597216465,0.983453846654941,source reported; blank if unsupported,True,,,,3,"Not applicable: binary T1105-vs-other-technique, not attack-vs-benign"
PX083-0027,PX083,casino,random_25,,target_cost_gate,,False,,20260922,27,px083_policy_transfer/results/METRICS.json,OtherTechnique,903,885,882,0.9966101694915255,0.9767441860465116,0.9865771812080537,,,not reported for this class,True,,,,,"Not applicable: binary T1105-vs-other-technique, not attack-vs-benign"
PX083-0027,PX083,casino,random_25,,target_cost_gate,,False,,20260922,27,px083_policy_transfer/results/METRICS.json,T1105,17,35,14,0.4,0.8235294117647058,0.5384615384615384,0.81778136619724,0.9839098430069702,source reported; blank if unsupported,True,,,,3,"Not applicable: binary T1105-vs-other-technique, not attack-vs-benign"
PX083-0028,PX083,casino,random_50,,current,,False,,20260920,28,px083_policy_transfer/results/METRICS.json,OtherTechnique,903,818,815,0.9963325183374083,0.902547065337763,0.94712376525276,,,not reported for this class,True,,,,,"Not applicable: binary T1105-vs-other-technique, not attack-vs-benign"
PX083-0028,PX083,casino,random_50,,current,,False,,20260920,28,px083_policy_transfer/results/METRICS.json,T1105,17,102,14,0.13725490196078433,0.8235294117647058,0.23529411764705882,0.6734134967226401,0.9336851019477558,source reported; blank if unsupported,True,,,,3,"Not applicable: binary T1105-vs-other-technique, not attack-vs-benign"
PX083-0029,PX083,casino,random_50,,context,,False,,20260920,29,px083_policy_transfer/results/METRICS.json,OtherTechnique,903,852,848,0.9953051643192489,0.9390919158361019,0.9663817663817664,,,not reported for this class,True,,,,,"Not applicable: binary T1105-vs-other-technique, not attack-vs-benign"
PX083-0029,PX083,casino,random_50,,context,,False,,20260920,29,px083_policy_transfer/results/METRICS.json,T1105,17,68,13,0.19117647058823528,0.7647058823529411,0.3058823529411765,0.7220505239493853,0.939157058172106,source reported; blank if unsupported,True,,,,4,"Not applicable: binary T1105-vs-other-technique, not attack-vs-benign"
PX083-0030,PX083,casino,random_50,,fixed_fusion,,False,,20260920,30,px083_policy_transfer/results/METRICS.json,OtherTechnique,903,835,832,0.9964071856287425,0.9213732004429679,0.9574223245109321,,,not reported for this class,True,,,,,"Not applicable: binary T1105-vs-other-technique, not attack-vs-benign"
PX083-0030,PX083,casino,random_50,,fixed_fusion,,False,,20260920,30,px083_policy_transfer/results/METRICS.json,T1105,17,85,14,0.16470588235294117,0.8235294117647058,0.27450980392156865,0.694181303339973,0.9358347990358935,source reported; blank if unsupported,True,,,,3,"Not applicable: binary T1105-vs-other-technique, not attack-vs-benign"
PX083-0031,PX083,casino,random_50,,mixed_dropout,,False,,20260920,31,px083_policy_transfer/results/METRICS.json,OtherTechnique,903,859,855,0.9953434225844005,0.946843853820598,0.9704880817253121,,,not reported for this class,True,,,,,"Not applicable: binary T1105-vs-other-technique, not attack-vs-benign"
PX083-0031,PX083,casino,random_50,,mixed_dropout,,False,,20260920,31,px083_policy_transfer/results/METRICS.json,T1105,17,61,13,0.21311475409836064,0.7647058823529411,0.3333333333333333,0.7731988424488405,0.9358999413718976,source reported; blank if unsupported,True,,,,4,"Not applicable: binary T1105-vs-other-technique, not attack-vs-benign"
PX083-0032,PX083,casino,random_50,,confidence_gate,,False,,20260920,32,px083_policy_transfer/results/METRICS.json,OtherTechnique,903,835,832,0.9964071856287425,0.9213732004429679,0.9574223245109321,,,not reported for this class,True,,,,,"Not applicable: binary T1105-vs-other-technique, not attack-vs-benign"
PX083-0032,PX083,casino,random_50,,confidence_gate,,False,,20260920,32,px083_policy_transfer/results/METRICS.json,T1105,17,85,14,0.16470588235294117,0.8235294117647058,0.27450980392156865,0.6802999023596619,0.9388313464920851,source reported; blank if unsupported,True,,,,3,"Not applicable: binary T1105-vs-other-technique, not attack-vs-benign"
PX083-0033,PX083,casino,random_50,,ordinary_gate,,False,,20260920,33,px083_policy_transfer/results/METRICS.json,OtherTechnique,903,818,815,0.9963325183374083,0.902547065337763,0.94712376525276,,,not reported for this class,True,,,,,"Not applicable: binary T1105-vs-other-technique, not attack-vs-benign"
PX083-0033,PX083,casino,random_50,,ordinary_gate,,False,,20260920,33,px083_policy_transfer/results/METRICS.json,T1105,17,102,14,0.13725490196078433,0.8235294117647058,0.23529411764705882,0.7126031686530365,0.9394827698521269,source reported; blank if unsupported,True,,,,3,"Not applicable: binary T1105-vs-other-technique, not attack-vs-benign"
PX083-0034,PX083,casino,random_50,,target_cost_gate,,False,,20260920,34,px083_policy_transfer/results/METRICS.json,OtherTechnique,903,852,848,0.9953051643192489,0.9390919158361019,0.9663817663817664,,,not reported for this class,True,,,,,"Not applicable: binary T1105-vs-other-technique, not attack-vs-benign"
PX083-0034,PX083,casino,random_50,,target_cost_gate,,False,,20260920,34,px083_policy_transfer/results/METRICS.json,T1105,17,68,13,0.19117647058823528,0.7647058823529411,0.3058823529411765,0.7216607545718992,0.9405901895641978,source reported; blank if unsupported,True,,,,4,"Not applicable: binary T1105-vs-other-technique, not attack-vs-benign"
PX083-0035,PX083,casino,random_50,,current,,False,,20260921,35,px083_policy_transfer/results/METRICS.json,OtherTechnique,903,807,805,0.9975216852540273,0.8914728682170543,0.9415204678362573,,,not reported for this class,True,,,,,"Not applicable: binary T1105-vs-other-technique, not attack-vs-benign"
PX083-0035,PX083,casino,random_50,,current,,False,,20260921,35,px083_policy_transfer/results/METRICS.json,T1105,17,113,15,0.13274336283185842,0.8823529411764706,0.23076923076923078,0.6187697226400014,0.9326753957396912,source reported; blank if unsupported,True,,,,2,"Not applicable: binary T1105-vs-other-technique, not attack-vs-benign"
PX083-0036,PX083,casino,random_50,,context,,False,,20260921,36,px083_policy_transfer/results/METRICS.json,OtherTechnique,903,862,858,0.9953596287703016,0.9501661129568106,0.9722379603399434,,,not reported for this class,True,,,,,"Not applicable: binary T1105-vs-other-technique, not attack-vs-benign"
PX083-0036,PX083,casino,random_50,,context,,False,,20260921,36,px083_policy_transfer/results/METRICS.json,T1105,17,58,13,0.22413793103448276,0.7647058823529411,0.3466666666666667,0.716919256762103,0.9490912644127418,source reported; blank if unsupported,True,,,,4,"Not applicable: binary T1105-vs-other-technique, not attack-vs-benign"
PX083-0037,PX083,casino,random_50,,fixed_fusion,,False,,20260921,37,px083_policy_transfer/results/METRICS.json,OtherTechnique,903,839,836,0.9964243146603099,0.9258028792912514,0.9598163030998852,,,not reported for this class,True,,,,,"Not applicable: binary T1105-vs-other-technique, not attack-vs-benign"
PX083-0037,PX083,casino,random_50,,fixed_fusion,,False,,20260921,37,px083_policy_transfer/results/METRICS.json,T1105,17,81,14,0.1728395061728395,0.8235294117647058,0.2857142857142857,0.6693547281130605,0.9421861767962999,source reported; blank if unsupported,True,,,,3,"Not applicable: binary T1105-vs-other-technique, not attack-vs-benign"
PX083-0038,PX083,casino,random_50,,mixed_dropout,,False,,20260921,38,px083_policy_transfer/results/METRICS.json,OtherTechnique,903,870,866,0.9954022988505747,0.9590254706533776,0.9768753525098702,,,not reported for this class,True,,,,,"Not applicable: binary T1105-vs-other-technique, not attack-vs-benign"
PX083-0038,PX083,casino,random_50,,mixed_dropout,,False,,20260921,38,px083_policy_transfer/results/METRICS.json,T1105,17,50,13,0.26,0.7647058823529411,0.3880597014925373,0.7783323300212533,0.9612077389095173,source reported; blank if unsupported,True,,,,4,"Not applicable: binary T1105-vs-other-technique, not attack-vs-benign"
PX083-0039,PX083,casino,random_50,,confidence_gate,,False,,20260921,39,px083_policy_transfer/results/METRICS.json,OtherTechnique,903,839,836,0.9964243146603099,0.9258028792912514,0.9598163030998852,,,not reported for this class,True,,,,,"Not applicable: binary T1105-vs-other-technique, not attack-vs-benign"
PX083-0039,PX083,casino,random_50,,confidence_gate,,False,,20260921,39,px083_policy_transfer/results/METRICS.json,T1105,17,81,14,0.1728395061728395,0.8235294117647058,0.2857142857142857,0.6275897619682244,0.9357370855318871,source reported; blank if unsupported,True,,,,3,"Not applicable: binary T1105-vs-other-technique, not attack-vs-benign"
PX083-0040,PX083,casino,random_50,,ordinary_gate,,False,,20260921,40,px083_policy_transfer/results/METRICS.json,OtherTechnique,903,807,805,0.9975216852540273,0.8914728682170543,0.9415204678362573,,,not reported for this class,True,,,,,"Not applicable: binary T1105-vs-other-technique, not attack-vs-benign"
PX083-0040,PX083,casino,random_50,,ordinary_gate,,False,,20260921,40,px083_policy_transfer/results/METRICS.json,T1105,17,113,15,0.13274336283185842,0.8823529411764706,0.23076923076923078,0.7239210226094923,0.9401667643801707,source reported; blank if unsupported,True,,,,2,"Not applicable: binary T1105-vs-other-technique, not attack-vs-benign"
PX083-0041,PX083,casino,random_50,,target_cost_gate,,False,,20260921,41,px083_policy_transfer/results/METRICS.json,OtherTechnique,903,862,858,0.9953596287703016,0.9501661129568106,0.9722379603399434,,,not reported for this class,True,,,,,"Not applicable: binary T1105-vs-other-technique, not attack-vs-benign"
PX083-0041,PX083,casino,random_50,,target_cost_gate,,False,,20260921,41,px083_policy_transfer/results/METRICS.json,T1105,17,58,13,0.22413793103448276,0.7647058823529411,0.3466666666666667,0.7170139589091871,0.936844505243958,source reported; blank if unsupported,True,,,,4,"Not applicable: binary T1105-vs-other-technique, not attack-vs-benign"
PX083-0042,PX083,casino,random_50,,current,,False,,20260922,42,px083_policy_transfer/results/METRICS.json,OtherTechnique,903,806,805,0.9987593052109182,0.8914728682170543,0.9420713867758923,,,not reported for this class,True,,,,,"Not applicable: binary T1105-vs-other-technique, not attack-vs-benign"
PX083-0042,PX083,casino,random_50,,current,,False,,20260922,42,px083_policy_transfer/results/METRICS.json,T1105,17,114,16,0.14035087719298245,0.9411764705882353,0.24427480916030533,0.6723112301275921,0.9739430655983323,source reported; blank if unsupported,True,,,,1,"Not applicable: binary T1105-vs-other-technique, not attack-vs-benign"
PX083-0043,PX083,casino,random_50,,context,,False,,20260922,43,px083_policy_transfer/results/METRICS.json,OtherTechnique,903,846,844,0.9976359338061466,0.9346622369878184,0.9651229273870783,,,not reported for this class,True,,,,,"Not applicable: binary T1105-vs-other-technique, not attack-vs-benign"
PX083-0043,PX083,casino,random_50,,context,,False,,20260922,43,px083_policy_transfer/results/METRICS.json,T1105,17,74,15,0.20270270270270271,0.8823529411764706,0.32967032967032966,0.7240673667590735,0.9752459123184157,source reported; blank if unsupported,True,,,,2,"Not applicable: binary T1105-vs-other-technique, not attack-vs-benign"
PX083-0044,PX083,casino,random_50,,fixed_fusion,,False,,20260922,44,px083_policy_transfer/results/METRICS.json,OtherTechnique,903,826,824,0.9975786924939467,0.9125138427464009,0.9531521110468479,,,not reported for this class,True,,,,,"Not applicable: binary T1105-vs-other-technique, not attack-vs-benign"
PX083-0044,PX083,casino,random_50,,fixed_fusion,,False,,20260922,44,px083_policy_transfer/results/METRICS.json,T1105,17,94,15,0.1595744680851064,0.8823529411764706,0.2702702702702703,0.7166109533519401,0.9752459123184158,source reported; blank if unsupported,True,,,,2,"Not applicable: binary T1105-vs-other-technique, not attack-vs-benign"
PX083-0045,PX083,casino,random_50,,mixed_dropout,,False,,20260922,45,px083_policy_transfer/results/METRICS.json,OtherTechnique,903,862,859,0.9965197215777262,0.9512735326688815,0.973371104815864,,,not reported for this class,True,,,,,"Not applicable: binary T1105-vs-other-technique, not attack-vs-benign"
PX083-0045,PX083,casino,random_50,,mixed_dropout,,False,,20260922,45,px083_policy_transfer/results/METRICS.json,T1105,17,58,14,0.2413793103448276,0.8235294117647058,0.37333333333333335,0.7668923147950835,0.9697088137580614,source reported; blank if unsupported,True,,,,3,"Not applicable: binary T1105-vs-other-technique, not attack-vs-benign"
PX083-0046,PX083,casino,random_50,,confidence_gate,,False,,20260922,46,px083_policy_transfer/results/METRICS.json,OtherTechnique,903,826,824,0.9975786924939467,0.9125138427464009,0.9531521110468479,,,not reported for this class,True,,,,,"Not applicable: binary T1105-vs-other-technique, not attack-vs-benign"
PX083-0046,PX083,casino,random_50,,confidence_gate,,False,,20260922,46,px083_policy_transfer/results/METRICS.json,T1105,17,94,15,0.1595744680851064,0.8823529411764706,0.2702702702702703,0.7022500969578549,0.9737476385903199,source reported; blank if unsupported,True,,,,2,"Not applicable: binary T1105-vs-other-technique, not attack-vs-benign"
PX083-0047,PX083,casino,random_50,,ordinary_gate,,False,,20260922,47,px083_policy_transfer/results/METRICS.json,OtherTechnique,903,806,805,0.9987593052109182,0.8914728682170543,0.9420713867758923,,,not reported for this class,True,,,,,"Not applicable: binary T1105-vs-other-technique, not attack-vs-benign"
PX083-0047,PX083,casino,random_50,,ordinary_gate,,False,,20260922,47,px083_policy_transfer/results/METRICS.json,T1105,17,114,16,0.14035087719298245,0.9411764705882353,0.24427480916030533,0.7177073741563026,0.976483616702495,source reported; blank if unsupported,True,,,,1,"Not applicable: binary T1105-vs-other-technique, not attack-vs-benign"
PX083-0048,PX083,casino,random_50,,target_cost_gate,,False,,20260922,48,px083_policy_transfer/results/METRICS.json,OtherTechnique,903,846,844,0.9976359338061466,0.9346622369878184,0.9651229273870783,,,not reported for this class,True,,,,,"Not applicable: binary T1105-vs-other-technique, not attack-vs-benign"
PX083-0048,PX083,casino,random_50,,target_cost_gate,,False,,20260922,48,px083_policy_transfer/results/METRICS.json,T1105,17,74,15,0.20270270270270271,0.8823529411764706,0.32967032967032966,0.7246267068015182,0.9760927626864699,source reported; blank if unsupported,True,,,,2,"Not applicable: binary T1105-vs-other-technique, not attack-vs-benign"
PX083-0049,PX083,casino,random_75,,current,,False,,20260920,49,px083_policy_transfer/results/METRICS.json,OtherTechnique,903,762,754,0.989501312335958,0.8349944629014396,0.9057057057057057,,,not reported for this class,True,,,,,"Not applicable: binary T1105-vs-other-technique, not attack-vs-benign"
PX083-0049,PX083,casino,random_75,,current,,False,,20260920,49,px083_policy_transfer/results/METRICS.json,T1105,17,158,9,0.056962025316455694,0.5294117647058824,0.10285714285714286,0.39260941305993563,0.7441534753436259,source reported; blank if unsupported,True,,,,8,"Not applicable: binary T1105-vs-other-technique, not attack-vs-benign"
PX083-0050,PX083,casino,random_75,,context,,False,,20260920,50,px083_policy_transfer/results/METRICS.json,OtherTechnique,903,814,805,0.9889434889434889,0.8914728682170543,0.9376820034944671,,,not reported for this class,True,,,,,"Not applicable: binary T1105-vs-other-technique, not attack-vs-benign"
PX083-0050,PX083,casino,random_75,,context,,False,,20260920,50,px083_policy_transfer/results/METRICS.json,T1105,17,106,8,0.07547169811320754,0.47058823529411764,0.13008130081300814,0.45776902611420917,0.7438929059996091,source reported; blank if unsupported,True,,,,9,"Not applicable: binary T1105-vs-other-technique, not attack-vs-benign"
PX083-0051,PX083,casino,random_75,,fixed_fusion,,False,,20260920,51,px083_policy_transfer/results/METRICS.json,OtherTechnique,903,786,778,0.989821882951654,0.8615725359911407,0.9212551805802249,,,not reported for this class,True,,,,,"Not applicable: binary T1105-vs-other-technique, not attack-vs-benign"
PX083-0051,PX083,casino,random_75,,fixed_fusion,,False,,20260920,51,px083_policy_transfer/results/METRICS.json,T1105,17,134,9,0.06716417910447761,0.5294117647058824,0.11920529801324503,0.40945754781190025,0.7461728877597551,source reported; blank if unsupported,True,,,,8,"Not applicable: binary T1105-vs-other-technique, not attack-vs-benign"
PX083-0052,PX083,casino,random_75,,mixed_dropout,,False,,20260920,52,px083_policy_transfer/results/METRICS.json,OtherTechnique,903,829,820,0.9891435464414958,0.9080841638981174,0.9468822170900693,,,not reported for this class,True,,,,,"Not applicable: binary T1105-vs-other-technique, not attack-vs-benign"
PX083-0052,PX083,casino,random_75,,mixed_dropout,,False,,20260920,52,px083_policy_transfer/results/METRICS.json,T1105,17,91,8,0.08791208791208792,0.47058823529411764,0.14814814814814814,0.4947104036681211,0.7666927236010684,source reported; blank if unsupported,True,,,,9,"Not applicable: binary T1105-vs-other-technique, not attack-vs-benign"
PX083-0053,PX083,casino,random_75,,confidence_gate,,False,,20260920,53,px083_policy_transfer/results/METRICS.json,OtherTechnique,903,786,778,0.989821882951654,0.8615725359911407,0.9212551805802249,,,not reported for this class,True,,,,,"Not applicable: binary T1105-vs-other-technique, not attack-vs-benign"
PX083-0053,PX083,casino,random_75,,confidence_gate,,False,,20260920,53,px083_policy_transfer/results/METRICS.json,T1105,17,134,9,0.06716417910447761,0.5294117647058824,0.11920529801324503,0.3983158471161139,0.744283760015634,source reported; blank if unsupported,True,,,,8,"Not applicable: binary T1105-vs-other-technique, not attack-vs-benign"
PX083-0054,PX083,casino,random_75,,ordinary_gate,,False,,20260920,54,px083_policy_transfer/results/METRICS.json,OtherTechnique,903,762,754,0.989501312335958,0.8349944629014396,0.9057057057057057,,,not reported for this class,True,,,,,"Not applicable: binary T1105-vs-other-technique, not attack-vs-benign"
PX083-0054,PX083,casino,random_75,,ordinary_gate,,False,,20260920,54,px083_policy_transfer/results/METRICS.json,T1105,17,158,9,0.056962025316455694,0.5294117647058824,0.10285714285714286,0.4585600057990803,0.748062015503876,source reported; blank if unsupported,True,,,,8,"Not applicable: binary T1105-vs-other-technique, not attack-vs-benign"
PX083-0055,PX083,casino,random_75,,target_cost_gate,,False,,20260920,55,px083_policy_transfer/results/METRICS.json,OtherTechnique,903,814,805,0.9889434889434889,0.8914728682170543,0.9376820034944671,,,not reported for this class,True,,,,,"Not applicable: binary T1105-vs-other-technique, not attack-vs-benign"
PX083-0055,PX083,casino,random_75,,target_cost_gate,,False,,20260920,55,px083_policy_transfer/results/METRICS.json,T1105,17,106,8,0.07547169811320754,0.47058823529411764,0.13008130081300814,0.4582617763508846,0.7474105921438343,source reported; blank if unsupported,True,,,,9,"Not applicable: binary T1105-vs-other-technique, not attack-vs-benign"
PX083-0056,PX083,casino,random_75,,current,,False,,20260921,56,px083_policy_transfer/results/METRICS.json,OtherTechnique,903,770,765,0.9935064935064936,0.8471760797342193,0.9145248057381948,,,not reported for this class,True,,,,,"Not applicable: binary T1105-vs-other-technique, not attack-vs-benign"
PX083-0056,PX083,casino,random_75,,current,,False,,20260921,56,px083_policy_transfer/results/METRICS.json,T1105,17,150,12,0.08,0.7058823529411765,0.1437125748502994,0.5015141782662651,0.792717086834734,source reported; blank if unsupported,True,,,,5,"Not applicable: binary T1105-vs-other-technique, not attack-vs-benign"
PX083-0057,PX083,casino,random_75,,context,,False,,20260921,57,px083_policy_transfer/results/METRICS.json,OtherTechnique,903,829,823,0.9927623642943305,0.9114064230343301,0.9503464203233256,,,not reported for this class,True,,,,,"Not applicable: binary T1105-vs-other-technique, not attack-vs-benign"
PX083-0057,PX083,casino,random_75,,context,,False,,20260921,57,px083_policy_transfer/results/METRICS.json,T1105,17,91,11,0.12087912087912088,0.6470588235294118,0.2037037037037037,0.5474870892372454,0.798547325907107,source reported; blank if unsupported,True,,,,6,"Not applicable: binary T1105-vs-other-technique, not attack-vs-benign"
PX083-0058,PX083,casino,random_75,,fixed_fusion,,False,,20260921,58,px083_policy_transfer/results/METRICS.json,OtherTechnique,903,806,800,0.9925558312655087,0.8859357696566998,0.9362200117027502,,,not reported for this class,True,,,,,"Not applicable: binary T1105-vs-other-technique, not attack-vs-benign"
PX083-0058,PX083,casino,random_75,,fixed_fusion,,False,,20260921,58,px083_policy_transfer/results/METRICS.json,T1105,17,114,11,0.09649122807017543,0.6470588235294118,0.16793893129770993,0.5252005097858692,0.7953553514429028,source reported; blank if unsupported,True,,,,6,"Not applicable: binary T1105-vs-other-technique, not attack-vs-benign"
PX083-0059,PX083,casino,random_75,,mixed_dropout,,False,,20260921,59,px083_policy_transfer/results/METRICS.json,OtherTechnique,903,843,836,0.9916963226571768,0.9258028792912514,0.9576174112256587,,,not reported for this class,True,,,,,"Not applicable: binary T1105-vs-other-technique, not attack-vs-benign"
PX083-0059,PX083,casino,random_75,,mixed_dropout,,False,,20260921,59,px083_policy_transfer/results/METRICS.json,T1105,17,77,10,0.12987012987012986,0.5882352941176471,0.2127659574468085,0.5379471113333646,0.809230669011791,source reported; blank if unsupported,True,,,,7,"Not applicable: binary T1105-vs-other-technique, not attack-vs-benign"
PX083-0060,PX083,casino,random_75,,confidence_gate,,False,,20260921,60,px083_policy_transfer/results/METRICS.json,OtherTechnique,903,806,800,0.9925558312655087,0.8859357696566998,0.9362200117027502,,,not reported for this class,True,,,,,"Not applicable: binary T1105-vs-other-technique, not attack-vs-benign"
PX083-0060,PX083,casino,random_75,,confidence_gate,,False,,20260921,60,px083_policy_transfer/results/METRICS.json,T1105,17,114,11,0.09649122807017543,0.6470588235294118,0.16793893129770993,0.5011944321450175,0.7934336525307797,source reported; blank if unsupported,True,,,,6,"Not applicable: binary T1105-vs-other-technique, not attack-vs-benign"
PX083-0061,PX083,casino,random_75,,ordinary_gate,,False,,20260921,61,px083_policy_transfer/results/METRICS.json,OtherTechnique,903,770,765,0.9935064935064936,0.8471760797342193,0.9145248057381948,,,not reported for this class,True,,,,,"Not applicable: binary T1105-vs-other-technique, not attack-vs-benign"
PX083-0061,PX083,casino,random_75,,ordinary_gate,,False,,20260921,61,px083_policy_transfer/results/METRICS.json,T1105,17,150,12,0.08,0.7058823529411765,0.1437125748502994,0.5481250132219307,0.7974073350270341,source reported; blank if unsupported,True,,,,5,"Not applicable: binary T1105-vs-other-technique, not attack-vs-benign"
PX083-0062,PX083,casino,random_75,,target_cost_gate,,False,,20260921,62,px083_policy_transfer/results/METRICS.json,OtherTechnique,903,829,823,0.9927623642943305,0.9114064230343301,0.9503464203233256,,,not reported for this class,True,,,,,"Not applicable: binary T1105-vs-other-technique, not attack-vs-benign"
PX083-0062,PX083,casino,random_75,,target_cost_gate,,False,,20260921,62,px083_policy_transfer/results/METRICS.json,T1105,17,91,11,0.12087912087912088,0.6470588235294118,0.2037037037037037,0.5473596094714523,0.7962999153149632,source reported; blank if unsupported,True,,,,6,"Not applicable: binary T1105-vs-other-technique, not attack-vs-benign"
PX083-0063,PX083,casino,random_75,,current,,False,,20260922,63,px083_policy_transfer/results/METRICS.json,OtherTechnique,903,739,738,0.9986468200270636,0.8172757475083057,0.8989037758830695,,,not reported for this class,True,,,,,"Not applicable: binary T1105-vs-other-technique, not attack-vs-benign"
PX083-0063,PX083,casino,random_75,,current,,False,,20260922,63,px083_policy_transfer/results/METRICS.json,T1105,17,181,16,0.08839779005524862,0.9411764705882353,0.16161616161616163,0.6282702711279106,0.924109178555143,source reported; blank if unsupported,True,,,,1,"Not applicable: binary T1105-vs-other-technique, not attack-vs-benign"
PX083-0064,PX083,casino,random_75,,context,,False,,20260922,64,px083_policy_transfer/results/METRICS.json,OtherTechnique,903,809,808,0.9987639060568603,0.8947951273532669,0.9439252336448598,,,not reported for this class,True,,,,,"Not applicable: binary T1105-vs-other-technique, not attack-vs-benign"
PX083-0064,PX083,casino,random_75,,context,,False,,20260922,64,px083_policy_transfer/results/METRICS.json,T1105,17,111,16,0.14414414414414414,0.9411764705882353,0.25,0.7291508656662626,0.9332291055957267,source reported; blank if unsupported,True,,,,1,"Not applicable: binary T1105-vs-other-technique, not attack-vs-benign"
PX083-0065,PX083,casino,random_75,,fixed_fusion,,False,,20260922,65,px083_policy_transfer/results/METRICS.json,OtherTechnique,903,789,788,0.9987325728770595,0.8726467331118494,0.9314420803782506,,,not reported for this class,True,,,,,"Not applicable: binary T1105-vs-other-technique, not attack-vs-benign"
PX083-0065,PX083,casino,random_75,,fixed_fusion,,False,,20260922,65,px083_policy_transfer/results/METRICS.json,T1105,17,131,16,0.12213740458015267,0.9411764705882353,0.21621621621621623,0.7100297186591997,0.9297765617875056,source reported; blank if unsupported,True,,,,1,"Not applicable: binary T1105-vs-other-technique, not attack-vs-benign"
PX083-0066,PX083,casino,random_75,,mixed_dropout,,False,,20260922,66,px083_policy_transfer/results/METRICS.json,OtherTechnique,903,831,828,0.9963898916967509,0.9169435215946844,0.9550173010380623,,,not reported for this class,True,,,,,"Not applicable: binary T1105-vs-other-technique, not attack-vs-benign"
PX083-0066,PX083,casino,random_75,,mixed_dropout,,False,,20260922,66,px083_policy_transfer/results/METRICS.json,T1105,17,89,14,0.15730337078651685,0.8235294117647058,0.2641509433962264,0.7560014864362691,0.9258680216272557,source reported; blank if unsupported,True,,,,3,"Not applicable: binary T1105-vs-other-technique, not attack-vs-benign"
PX083-0067,PX083,casino,random_75,,confidence_gate,,False,,20260922,67,px083_policy_transfer/results/METRICS.json,OtherTechnique,903,789,788,0.9987325728770595,0.8726467331118494,0.9314420803782506,,,not reported for this class,True,,,,,"Not applicable: binary T1105-vs-other-technique, not attack-vs-benign"
PX083-0067,PX083,casino,random_75,,confidence_gate,,False,,20260922,67,px083_policy_transfer/results/METRICS.json,T1105,17,131,16,0.12213740458015267,0.9411764705882353,0.21621621621621623,0.6774863215620779,0.9273011530193472,source reported; blank if unsupported,True,,,,1,"Not applicable: binary T1105-vs-other-technique, not attack-vs-benign"
PX083-0068,PX083,casino,random_75,,ordinary_gate,,False,,20260922,68,px083_policy_transfer/results/METRICS.json,OtherTechnique,903,739,738,0.9986468200270636,0.8172757475083057,0.8989037758830695,,,not reported for this class,True,,,,,"Not applicable: binary T1105-vs-other-technique, not attack-vs-benign"
PX083-0068,PX083,casino,random_75,,ordinary_gate,,False,,20260922,68,px083_policy_transfer/results/METRICS.json,T1105,17,181,16,0.08839779005524862,0.9411764705882353,0.16161616161616163,0.7191749874900947,0.9311445508435934,source reported; blank if unsupported,True,,,,1,"Not applicable: binary T1105-vs-other-technique, not attack-vs-benign"
PX083-0069,PX083,casino,random_75,,target_cost_gate,,False,,20260922,69,px083_policy_transfer/results/METRICS.json,OtherTechnique,903,809,808,0.9987639060568603,0.8947951273532669,0.9439252336448598,,,not reported for this class,True,,,,,"Not applicable: binary T1105-vs-other-technique, not attack-vs-benign"
PX083-0069,PX083,casino,random_75,,target_cost_gate,,False,,20260922,69,px083_policy_transfer/results/METRICS.json,T1105,17,111,16,0.14414414414414414,0.9411764705882353,0.25,0.7291508656662625,0.9332291055957267,source reported; blank if unsupported,True,,,,1,"Not applicable: binary T1105-vs-other-technique, not attack-vs-benign"
PX083-0070,PX083,casino,support_burst_60,,current,,False,,20260920,70,px083_policy_transfer/results/METRICS.json,OtherTechnique,903,899,896,0.996662958843159,0.9922480620155039,0.9944506104328524,,,not reported for this class,True,,,,,"Not applicable: binary T1105-vs-other-technique, not attack-vs-benign"
PX083-0070,PX083,casino,support_burst_60,,current,,False,,20260920,70,px083_policy_transfer/results/METRICS.json,T1105,17,21,14,0.6666666666666666,0.8235294117647058,0.7368421052631579,0.8674180483004013,0.960719171389486,source reported; blank if unsupported,True,,,,3,"Not applicable: binary T1105-vs-other-technique, not attack-vs-benign"
PX083-0071,PX083,casino,support_burst_60,,context,,False,,20260920,71,px083_policy_transfer/results/METRICS.json,OtherTechnique,903,885,883,0.9977401129943503,0.9778516057585825,0.9876957494407159,,,not reported for this class,True,,,,,"Not applicable: binary T1105-vs-other-technique, not attack-vs-benign"
PX083-0071,PX083,casino,support_burst_60,,context,,False,,20260920,71,px083_policy_transfer/results/METRICS.json,T1105,17,35,15,0.42857142857142855,0.8823529411764706,0.5769230769230769,0.8499592386998316,0.9646928538857403,source reported; blank if unsupported,True,,,,2,"Not applicable: binary T1105-vs-other-technique, not attack-vs-benign"
PX083-0072,PX083,casino,support_burst_60,,fixed_fusion,,False,,20260920,72,px083_policy_transfer/results/METRICS.json,OtherTechnique,903,893,891,0.9977603583426652,0.9867109634551495,0.9922048997772829,,,not reported for this class,True,,,,,"Not applicable: binary T1105-vs-other-technique, not attack-vs-benign"
PX083-0072,PX083,casino,support_burst_60,,fixed_fusion,,False,,20260920,72,px083_policy_transfer/results/METRICS.json,T1105,17,27,15,0.5555555555555556,0.8823529411764706,0.6818181818181818,0.8644181042905092,0.964953423229757,source reported; blank if unsupported,True,,,,2,"Not applicable: binary T1105-vs-other-technique, not attack-vs-benign"
PX083-0073,PX083,casino,support_burst_60,,mixed_dropout,,False,,20260920,73,px083_policy_transfer/results/METRICS.json,OtherTechnique,903,877,874,0.9965792474344356,0.9678848283499446,0.9820224719101124,,,not reported for this class,True,,,,,"Not applicable: binary T1105-vs-other-technique, not attack-vs-benign"
PX083-0073,PX083,casino,support_burst_60,,mixed_dropout,,False,,20260920,73,px083_policy_transfer/results/METRICS.json,T1105,17,43,14,0.32558139534883723,0.8235294117647058,0.4666666666666667,0.8161339207800307,0.956484919549215,source reported; blank if unsupported,True,,,,3,"Not applicable: binary T1105-vs-other-technique, not attack-vs-benign"
PX083-0074,PX083,casino,support_burst_60,,confidence_gate,,False,,20260920,74,px083_policy_transfer/results/METRICS.json,OtherTechnique,903,893,891,0.9977603583426652,0.9867109634551495,0.9922048997772829,,,not reported for this class,True,,,,,"Not applicable: binary T1105-vs-other-technique, not attack-vs-benign"
PX083-0074,PX083,casino,support_burst_60,,confidence_gate,,False,,20260920,74,px083_policy_transfer/results/METRICS.json,T1105,17,27,15,0.5555555555555556,0.8823529411764706,0.6818181818181818,0.8581027891382543,0.9616311640935444,source reported; blank if unsupported,True,,,,2,"Not applicable: binary T1105-vs-other-technique, not attack-vs-benign"
PX083-0075,PX083,casino,support_burst_60,,ordinary_gate,,False,,20260920,75,px083_policy_transfer/results/METRICS.json,OtherTechnique,903,899,896,0.996662958843159,0.9922480620155039,0.9944506104328524,,,not reported for this class,True,,,,,"Not applicable: binary T1105-vs-other-technique, not attack-vs-benign"
PX083-0075,PX083,casino,support_burst_60,,ordinary_gate,,False,,20260920,75,px083_policy_transfer/results/METRICS.json,T1105,17,21,14,0.6666666666666666,0.8235294117647058,0.7368421052631579,0.8629539081330349,0.9617614487655527,source reported; blank if unsupported,True,,,,3,"Not applicable: binary T1105-vs-other-technique, not attack-vs-benign"
PX083-0076,PX083,casino,support_burst_60,,target_cost_gate,,False,,20260920,76,px083_policy_transfer/results/METRICS.json,OtherTechnique,903,885,883,0.9977401129943503,0.9778516057585825,0.9876957494407159,,,not reported for this class,True,,,,,"Not applicable: binary T1105-vs-other-technique, not attack-vs-benign"
PX083-0076,PX083,casino,support_burst_60,,target_cost_gate,,False,,20260920,76,px083_policy_transfer/results/METRICS.json,T1105,17,35,15,0.42857142857142855,0.8823529411764706,0.5769230769230769,0.8518473338509428,0.9590906129893817,source reported; blank if unsupported,True,,,,2,"Not applicable: binary T1105-vs-other-technique, not attack-vs-benign"
PX083-0077,PX083,casino,command_records_absent,,current,,False,,20260920,77,px083_policy_transfer/results/METRICS.json,OtherTechnique,903,813,810,0.996309963099631,0.8970099667774086,0.9440559440559441,,,not reported for this class,True,,,,,"Not applicable: binary T1105-vs-other-technique, not attack-vs-benign"
PX083-0077,PX083,casino,command_records_absent,,current,,False,,20260920,77,px083_policy_transfer/results/METRICS.json,T1105,17,107,14,0.1308411214953271,0.8235294117647058,0.22580645161290322,0.671435855944523,0.9414044687642499,source reported; blank if unsupported,True,,,,3,"Not applicable: binary T1105-vs-other-technique, not attack-vs-benign"
PX083-0078,PX083,casino,command_records_absent,,context,,False,,20260920,78,px083_policy_transfer/results/METRICS.json,OtherTechnique,903,876,870,0.9931506849315068,0.9634551495016611,0.9780775716694773,,,not reported for this class,True,,,,,"Not applicable: binary T1105-vs-other-technique, not attack-vs-benign"
PX083-0078,PX083,casino,command_records_absent,,context,,False,,20260920,78,px083_policy_transfer/results/METRICS.json,T1105,17,44,11,0.25,0.6470588235294118,0.36065573770491804,0.6318686814605169,0.9478535600286627,source reported; blank if unsupported,True,,,,6,"Not applicable: binary T1105-vs-other-technique, not attack-vs-benign"
PX083-0079,PX083,casino,command_records_absent,,fixed_fusion,,False,,20260920,79,px083_policy_transfer/results/METRICS.json,OtherTechnique,903,879,874,0.9943117178612059,0.9678848283499446,0.9809203142536476,,,not reported for this class,True,,,,,"Not applicable: binary T1105-vs-other-technique, not attack-vs-benign"
PX083-0079,PX083,casino,command_records_absent,,fixed_fusion,,False,,20260920,79,px083_policy_transfer/results/METRICS.json,T1105,17,41,12,0.2926829268292683,0.7058823529411765,0.41379310344827586,0.6423910506560649,0.9510455344928669,source reported; blank if unsupported,True,,,,5,"Not applicable: binary T1105-vs-other-technique, not attack-vs-benign"
PX083-0080,PX083,casino,command_records_absent,,mixed_dropout,,False,,20260920,80,px083_policy_transfer/results/METRICS.json,OtherTechnique,903,805,802,0.9962732919254659,0.8881506090808416,0.9391100702576113,,,not reported for this class,True,,,,,"Not applicable: binary T1105-vs-other-technique, not attack-vs-benign"
PX083-0080,PX083,casino,command_records_absent,,mixed_dropout,,False,,20260920,80,px083_policy_transfer/results/METRICS.json,T1105,17,115,14,0.12173913043478261,0.8235294117647058,0.21212121212121213,0.6938520721519061,0.9415347534362583,source reported; blank if unsupported,True,,,,3,"Not applicable: binary T1105-vs-other-technique, not attack-vs-benign"
PX083-0081,PX083,casino,command_records_absent,,confidence_gate,,False,,20260920,81,px083_policy_transfer/results/METRICS.json,OtherTechnique,903,879,874,0.9943117178612059,0.9678848283499446,0.9809203142536476,,,not reported for this class,True,,,,,"Not applicable: binary T1105-vs-other-technique, not attack-vs-benign"
PX083-0081,PX083,casino,command_records_absent,,confidence_gate,,False,,20260920,81,px083_policy_transfer/results/METRICS.json,T1105,17,41,12,0.2926829268292683,0.7058823529411765,0.41379310344827586,0.6722448182164213,0.9496124031007752,source reported; blank if unsupported,True,,,,5,"Not applicable: binary T1105-vs-other-technique, not attack-vs-benign"
PX083-0082,PX083,casino,command_records_absent,,ordinary_gate,,False,,20260920,82,px083_policy_transfer/results/METRICS.json,OtherTechnique,903,813,810,0.996309963099631,0.8970099667774086,0.9440559440559441,,,not reported for this class,True,,,,,"Not applicable: binary T1105-vs-other-technique, not attack-vs-benign"
PX083-0082,PX083,casino,command_records_absent,,ordinary_gate,,False,,20260920,82,px083_policy_transfer/results/METRICS.json,T1105,17,107,14,0.1308411214953271,0.8235294117647058,0.22580645161290322,0.6367861600787779,0.9505895381408378,source reported; blank if unsupported,True,,,,3,"Not applicable: binary T1105-vs-other-technique, not attack-vs-benign"
PX083-0083,PX083,casino,command_records_absent,,target_cost_gate,,False,,20260920,83,px083_policy_transfer/results/METRICS.json,OtherTechnique,903,876,870,0.9931506849315068,0.9634551495016611,0.9780775716694773,,,not reported for this class,True,,,,,"Not applicable: binary T1105-vs-other-technique, not attack-vs-benign"
PX083-0083,PX083,casino,command_records_absent,,target_cost_gate,,False,,20260920,83,px083_policy_transfer/results/METRICS.json,T1105,17,44,11,0.25,0.6470588235294118,0.36065573770491804,0.6339185205126674,0.9479512735326688,source reported; blank if unsupported,True,,,,6,"Not applicable: binary T1105-vs-other-technique, not attack-vs-benign"
PX083-0084,PX083,casino,delay_30_deadline_0,,current,,False,,20260920,84,px083_policy_transfer/results/METRICS.json,OtherTechnique,903,813,810,0.996309963099631,0.8970099667774086,0.9440559440559441,,,not reported for this class,True,,,,,"Not applicable: binary T1105-vs-other-technique, not attack-vs-benign"
PX083-0084,PX083,casino,delay_30_deadline_0,,current,,False,,20260920,84,px083_policy_transfer/results/METRICS.json,T1105,17,107,14,0.1308411214953271,0.8235294117647058,0.22580645161290322,0.671435855944523,0.9414044687642499,source reported; blank if unsupported,True,,,,3,"Not applicable: binary T1105-vs-other-technique, not attack-vs-benign"
PX083-0085,PX083,casino,delay_30_deadline_0,,context,,False,,20260920,85,px083_policy_transfer/results/METRICS.json,OtherTechnique,903,878,872,0.9931662870159453,0.9656699889258029,0.9792251544076361,,,not reported for this class,True,,,,,"Not applicable: binary T1105-vs-other-technique, not attack-vs-benign"
PX083-0085,PX083,casino,delay_30_deadline_0,,context,,False,,20260920,85,px083_policy_transfer/results/METRICS.json,T1105,17,42,11,0.2619047619047619,0.6470588235294118,0.3728813559322034,0.6224080807189655,0.9504592534688294,source reported; blank if unsupported,True,,,,6,"Not applicable: binary T1105-vs-other-technique, not attack-vs-benign"
PX083-0086,PX083,casino,delay_30_deadline_0,,fixed_fusion,,False,,20260920,86,px083_policy_transfer/results/METRICS.json,OtherTechnique,903,882,877,0.9943310657596371,0.9712070874861573,0.9826330532212885,,,not reported for this class,True,,,,,"Not applicable: binary T1105-vs-other-technique, not attack-vs-benign"
PX083-0086,PX083,casino,delay_30_deadline_0,,fixed_fusion,,False,,20260920,86,px083_policy_transfer/results/METRICS.json,T1105,17,38,12,0.3157894736842105,0.7058823529411765,0.43636363636363634,0.6427390102461589,0.9525438082209629,source reported; blank if unsupported,True,,,,5,"Not applicable: binary T1105-vs-other-technique, not attack-vs-benign"
PX083-0087,PX083,casino,delay_30_deadline_0,,mixed_dropout,,False,,20260920,87,px083_policy_transfer/results/METRICS.json,OtherTechnique,903,810,807,0.9962962962962963,0.893687707641196,0.9422066549912435,,,not reported for this class,True,,,,,"Not applicable: binary T1105-vs-other-technique, not attack-vs-benign"
PX083-0087,PX083,casino,delay_30_deadline_0,,mixed_dropout,,False,,20260920,87,px083_policy_transfer/results/METRICS.json,T1105,17,110,14,0.12727272727272726,0.8235294117647058,0.2204724409448819,0.69192673272909,0.9426421731483291,source reported; blank if unsupported,True,,,,3,"Not applicable: binary T1105-vs-other-technique, not attack-vs-benign"
PX083-0088,PX083,casino,delay_30_deadline_0,,confidence_gate,,False,,20260920,88,px083_policy_transfer/results/METRICS.json,OtherTechnique,903,882,877,0.9943310657596371,0.9712070874861573,0.9826330532212885,,,not reported for this class,True,,,,,"Not applicable: binary T1105-vs-other-technique, not attack-vs-benign"
PX083-0088,PX083,casino,delay_30_deadline_0,,confidence_gate,,False,,20260920,88,px083_policy_transfer/results/METRICS.json,T1105,17,38,12,0.3157894736842105,0.7058823529411765,0.43636363636363634,0.6498746375337551,0.9505569669728356,source reported; blank if unsupported,True,,,,5,"Not applicable: binary T1105-vs-other-technique, not attack-vs-benign"
PX083-0089,PX083,casino,delay_30_deadline_0,,ordinary_gate,,False,,20260920,89,px083_policy_transfer/results/METRICS.json,OtherTechnique,903,813,810,0.996309963099631,0.8970099667774086,0.9440559440559441,,,not reported for this class,True,,,,,"Not applicable: binary T1105-vs-other-technique, not attack-vs-benign"
PX083-0089,PX083,casino,delay_30_deadline_0,,ordinary_gate,,False,,20260920,89,px083_policy_transfer/results/METRICS.json,T1105,17,107,14,0.1308411214953271,0.8235294117647058,0.22580645161290322,0.636944286134026,0.951078105660869,source reported; blank if unsupported,True,,,,3,"Not applicable: binary T1105-vs-other-technique, not attack-vs-benign"
PX083-0090,PX083,casino,delay_30_deadline_0,,target_cost_gate,,False,,20260920,90,px083_policy_transfer/results/METRICS.json,OtherTechnique,903,878,872,0.9931662870159453,0.9656699889258029,0.9792251544076361,,,not reported for this class,True,,,,,"Not applicable: binary T1105-vs-other-technique, not attack-vs-benign"
PX083-0090,PX083,casino,delay_30_deadline_0,,target_cost_gate,,False,,20260920,90,px083_policy_transfer/results/METRICS.json,T1105,17,42,11,0.2619047619047619,0.6470588235294118,0.3728813559322034,0.624086734439211,0.9492215490847502,source reported; blank if unsupported,True,,,,6,"Not applicable: binary T1105-vs-other-technique, not attack-vs-benign"
PX083-0091,PX083,casino,delay_30_deadline_30,,current,,False,,20260920,91,px083_policy_transfer/results/METRICS.json,OtherTechnique,903,899,896,0.996662958843159,0.9922480620155039,0.9944506104328524,,,not reported for this class,True,,,,,"Not applicable: binary T1105-vs-other-technique, not attack-vs-benign"
PX083-0091,PX083,casino,delay_30_deadline_30,,current,,False,,20260920,91,px083_policy_transfer/results/METRICS.json,T1105,17,21,14,0.6666666666666666,0.8235294117647058,0.7368421052631579,0.8674180483004013,0.960719171389486,source reported; blank if unsupported,True,,,,3,"Not applicable: binary T1105-vs-other-technique, not attack-vs-benign"
PX083-0092,PX083,casino,delay_30_deadline_30,,context,,False,,20260920,92,px083_policy_transfer/results/METRICS.json,OtherTechnique,903,890,887,0.996629213483146,0.982281284606866,0.9894032348020078,,,not reported for this class,True,,,,,"Not applicable: binary T1105-vs-other-technique, not attack-vs-benign"
PX083-0092,PX083,casino,delay_30_deadline_30,,context,,False,,20260920,92,px083_policy_transfer/results/METRICS.json,T1105,17,30,14,0.4666666666666667,0.8235294117647058,0.5957446808510638,0.8522436792934762,0.976157905022474,source reported; blank if unsupported,True,,,,3,"Not applicable: binary T1105-vs-other-technique, not attack-vs-benign"
PX083-0093,PX083,casino,delay_30_deadline_30,,fixed_fusion,,False,,20260920,93,px083_policy_transfer/results/METRICS.json,OtherTechnique,903,898,895,0.9966592427616926,0.991140642303433,0.9938922820655192,,,not reported for this class,True,,,,,"Not applicable: binary T1105-vs-other-technique, not attack-vs-benign"
PX083-0093,PX083,casino,delay_30_deadline_30,,fixed_fusion,,False,,20260920,93,px083_policy_transfer/results/METRICS.json,T1105,17,22,14,0.6363636363636364,0.8235294117647058,0.717948717948718,0.8606314785559049,0.9711419451501531,source reported; blank if unsupported,True,,,,3,"Not applicable: binary T1105-vs-other-technique, not attack-vs-benign"
PX083-0094,PX083,casino,delay_30_deadline_30,,mixed_dropout,,False,,20260920,94,px083_policy_transfer/results/METRICS.json,OtherTechnique,903,889,886,0.9966254218222722,0.9811738648947951,0.9888392857142857,,,not reported for this class,True,,,,,"Not applicable: binary T1105-vs-other-technique, not attack-vs-benign"
PX083-0094,PX083,casino,delay_30_deadline_30,,mixed_dropout,,False,,20260920,94,px083_policy_transfer/results/METRICS.json,T1105,17,31,14,0.45161290322580644,0.8235294117647058,0.5833333333333334,0.8438442464409793,0.9693179597420364,source reported; blank if unsupported,True,,,,3,"Not applicable: binary T1105-vs-other-technique, not attack-vs-benign"
PX083-0095,PX083,casino,delay_30_deadline_30,,confidence_gate,,False,,20260920,95,px083_policy_transfer/results/METRICS.json,OtherTechnique,903,898,895,0.9966592427616926,0.991140642303433,0.9938922820655192,,,not reported for this class,True,,,,,"Not applicable: binary T1105-vs-other-technique, not attack-vs-benign"
PX083-0095,PX083,casino,delay_30_deadline_30,,confidence_gate,,False,,20260920,95,px083_policy_transfer/results/METRICS.json,T1105,17,22,14,0.6363636363636364,0.8235294117647058,0.717948717948718,0.8716877511874316,0.9684059670379781,source reported; blank if unsupported,True,,,,3,"Not applicable: binary T1105-vs-other-technique, not attack-vs-benign"
PX083-0096,PX083,casino,delay_30_deadline_30,,ordinary_gate,,False,,20260920,96,px083_policy_transfer/results/METRICS.json,OtherTechnique,903,899,896,0.996662958843159,0.9922480620155039,0.9944506104328524,,,not reported for this class,True,,,,,"Not applicable: binary T1105-vs-other-technique, not attack-vs-benign"
PX083-0096,PX083,casino,delay_30_deadline_30,,ordinary_gate,,False,,20260920,96,px083_policy_transfer/results/METRICS.json,T1105,17,21,14,0.6666666666666666,0.8235294117647058,0.7368421052631579,0.8671529436746829,0.9682105400299655,source reported; blank if unsupported,True,,,,3,"Not applicable: binary T1105-vs-other-technique, not attack-vs-benign"
PX083-0097,PX083,casino,delay_30_deadline_30,,target_cost_gate,,False,,20260920,97,px083_policy_transfer/results/METRICS.json,OtherTechnique,903,890,887,0.996629213483146,0.982281284606866,0.9894032348020078,,,not reported for this class,True,,,,,"Not applicable: binary T1105-vs-other-technique, not attack-vs-benign"
PX083-0097,PX083,casino,delay_30_deadline_30,,target_cost_gate,,False,,20260920,97,px083_policy_transfer/results/METRICS.json,T1105,17,30,14,0.4666666666666667,0.8235294117647058,0.5957446808510638,0.8579928937314336,0.9667122663018696,source reported; blank if unsupported,True,,,,3,"Not applicable: binary T1105-vs-other-technique, not attack-vs-benign"
PX083-0098,PX083,casino,delay_120_deadline_0,,current,,False,,20260920,98,px083_policy_transfer/results/METRICS.json,OtherTechnique,903,813,810,0.996309963099631,0.8970099667774086,0.9440559440559441,,,not reported for this class,True,,,,,"Not applicable: binary T1105-vs-other-technique, not attack-vs-benign"
PX083-0098,PX083,casino,delay_120_deadline_0,,current,,False,,20260920,98,px083_policy_transfer/results/METRICS.json,T1105,17,107,14,0.1308411214953271,0.8235294117647058,0.22580645161290322,0.671435855944523,0.9414044687642499,source reported; blank if unsupported,True,,,,3,"Not applicable: binary T1105-vs-other-technique, not attack-vs-benign"
PX083-0099,PX083,casino,delay_120_deadline_0,,context,,False,,20260920,99,px083_policy_transfer/results/METRICS.json,OtherTechnique,903,876,870,0.9931506849315068,0.9634551495016611,0.9780775716694773,,,not reported for this class,True,,,,,"Not applicable: binary T1105-vs-other-technique, not attack-vs-benign"
PX083-0099,PX083,casino,delay_120_deadline_0,,context,,False,,20260920,99,px083_policy_transfer/results/METRICS.json,T1105,17,44,11,0.25,0.6470588235294118,0.36065573770491804,0.6318686814605169,0.9478535600286627,source reported; blank if unsupported,True,,,,6,"Not applicable: binary T1105-vs-other-technique, not attack-vs-benign"
PX083-0100,PX083,casino,delay_120_deadline_0,,fixed_fusion,,False,,20260920,100,px083_policy_transfer/results/METRICS.json,OtherTechnique,903,879,874,0.9943117178612059,0.9678848283499446,0.9809203142536476,,,not reported for this class,True,,,,,"Not applicable: binary T1105-vs-other-technique, not attack-vs-benign"
PX083-0100,PX083,casino,delay_120_deadline_0,,fixed_fusion,,False,,20260920,100,px083_policy_transfer/results/METRICS.json,T1105,17,41,12,0.2926829268292683,0.7058823529411765,0.41379310344827586,0.6423910506560649,0.9510455344928669,source reported; blank if unsupported,True,,,,5,"Not applicable: binary T1105-vs-other-technique, not attack-vs-benign"
PX083-0101,PX083,casino,delay_120_deadline_0,,mixed_dropout,,False,,20260920,101,px083_policy_transfer/results/METRICS.json,OtherTechnique,903,805,802,0.9962732919254659,0.8881506090808416,0.9391100702576113,,,not reported for this class,True,,,,,"Not applicable: binary T1105-vs-other-technique, not attack-vs-benign"
PX083-0101,PX083,casino,delay_120_deadline_0,,mixed_dropout,,False,,20260920,101,px083_policy_transfer/results/METRICS.json,T1105,17,115,14,0.12173913043478261,0.8235294117647058,0.21212121212121213,0.6938520721519061,0.9415347534362583,source reported; blank if unsupported,True,,,,3,"Not applicable: binary T1105-vs-other-technique, not attack-vs-benign"
PX083-0102,PX083,casino,delay_120_deadline_0,,confidence_gate,,False,,20260920,102,px083_policy_transfer/results/METRICS.json,OtherTechnique,903,879,874,0.9943117178612059,0.9678848283499446,0.9809203142536476,,,not reported for this class,True,,,,,"Not applicable: binary T1105-vs-other-technique, not attack-vs-benign"
PX083-0102,PX083,casino,delay_120_deadline_0,,confidence_gate,,False,,20260920,102,px083_policy_transfer/results/METRICS.json,T1105,17,41,12,0.2926829268292683,0.7058823529411765,0.41379310344827586,0.6722448182164213,0.9496124031007752,source reported; blank if unsupported,True,,,,5,"Not applicable: binary T1105-vs-other-technique, not attack-vs-benign"
PX083-0103,PX083,casino,delay_120_deadline_0,,ordinary_gate,,False,,20260920,103,px083_policy_transfer/results/METRICS.json,OtherTechnique,903,813,810,0.996309963099631,0.8970099667774086,0.9440559440559441,,,not reported for this class,True,,,,,"Not applicable: binary T1105-vs-other-technique, not attack-vs-benign"
PX083-0103,PX083,casino,delay_120_deadline_0,,ordinary_gate,,False,,20260920,103,px083_policy_transfer/results/METRICS.json,T1105,17,107,14,0.1308411214953271,0.8235294117647058,0.22580645161290322,0.6367861600787779,0.9505895381408378,source reported; blank if unsupported,True,,,,3,"Not applicable: binary T1105-vs-other-technique, not attack-vs-benign"
PX083-0104,PX083,casino,delay_120_deadline_0,,target_cost_gate,,False,,20260920,104,px083_policy_transfer/results/METRICS.json,OtherTechnique,903,876,870,0.9931506849315068,0.9634551495016611,0.9780775716694773,,,not reported for this class,True,,,,,"Not applicable: binary T1105-vs-other-technique, not attack-vs-benign"
PX083-0104,PX083,casino,delay_120_deadline_0,,target_cost_gate,,False,,20260920,104,px083_policy_transfer/results/METRICS.json,T1105,17,44,11,0.25,0.6470588235294118,0.36065573770491804,0.6339185205126674,0.9479512735326688,source reported; blank if unsupported,True,,,,6,"Not applicable: binary T1105-vs-other-technique, not attack-vs-benign"
PX083-0105,PX083,casino,delay_120_deadline_30,,current,,False,,20260920,105,px083_policy_transfer/results/METRICS.json,OtherTechnique,903,813,810,0.996309963099631,0.8970099667774086,0.9440559440559441,,,not reported for this class,True,,,,,"Not applicable: binary T1105-vs-other-technique, not attack-vs-benign"
PX083-0105,PX083,casino,delay_120_deadline_30,,current,,False,,20260920,105,px083_policy_transfer/results/METRICS.json,T1105,17,107,14,0.1308411214953271,0.8235294117647058,0.22580645161290322,0.671435855944523,0.9414044687642499,source reported; blank if unsupported,True,,,,3,"Not applicable: binary T1105-vs-other-technique, not attack-vs-benign"
PX083-0106,PX083,casino,delay_120_deadline_30,,context,,False,,20260920,106,px083_policy_transfer/results/METRICS.json,OtherTechnique,903,876,870,0.9931506849315068,0.9634551495016611,0.9780775716694773,,,not reported for this class,True,,,,,"Not applicable: binary T1105-vs-other-technique, not attack-vs-benign"
PX083-0106,PX083,casino,delay_120_deadline_30,,context,,False,,20260920,106,px083_policy_transfer/results/METRICS.json,T1105,17,44,11,0.25,0.6470588235294118,0.36065573770491804,0.6334936511313979,0.949547260764771,source reported; blank if unsupported,True,,,,6,"Not applicable: binary T1105-vs-other-technique, not attack-vs-benign"
PX083-0107,PX083,casino,delay_120_deadline_30,,fixed_fusion,,False,,20260920,107,px083_policy_transfer/results/METRICS.json,OtherTechnique,903,879,874,0.9943117178612059,0.9678848283499446,0.9809203142536476,,,not reported for this class,True,,,,,"Not applicable: binary T1105-vs-other-technique, not attack-vs-benign"
PX083-0107,PX083,casino,delay_120_deadline_30,,fixed_fusion,,False,,20260920,107,px083_policy_transfer/results/METRICS.json,T1105,17,41,12,0.2926829268292683,0.7058823529411765,0.41379310344827586,0.6428362324826,0.9522180965409419,source reported; blank if unsupported,True,,,,5,"Not applicable: binary T1105-vs-other-technique, not attack-vs-benign"
PX083-0108,PX083,casino,delay_120_deadline_30,,mixed_dropout,,False,,20260920,108,px083_policy_transfer/results/METRICS.json,OtherTechnique,903,804,801,0.996268656716418,0.8870431893687708,0.9384885764499121,,,not reported for this class,True,,,,,"Not applicable: binary T1105-vs-other-technique, not attack-vs-benign"
PX083-0108,PX083,casino,delay_120_deadline_30,,mixed_dropout,,False,,20260920,108,px083_policy_transfer/results/METRICS.json,T1105,17,116,14,0.1206896551724138,0.8235294117647058,0.21052631578947367,0.6958031575071087,0.9422513191323041,source reported; blank if unsupported,True,,,,3,"Not applicable: binary T1105-vs-other-technique, not attack-vs-benign"
PX083-0109,PX083,casino,delay_120_deadline_30,,confidence_gate,,False,,20260920,109,px083_policy_transfer/results/METRICS.json,OtherTechnique,903,879,874,0.9943117178612059,0.9678848283499446,0.9809203142536476,,,not reported for this class,True,,,,,"Not applicable: binary T1105-vs-other-technique, not attack-vs-benign"
PX083-0109,PX083,casino,delay_120_deadline_30,,confidence_gate,,False,,20260920,109,px083_policy_transfer/results/METRICS.json,T1105,17,41,12,0.2926829268292683,0.7058823529411765,0.41379310344827586,0.6731615129342067,0.9500032571168001,source reported; blank if unsupported,True,,,,5,"Not applicable: binary T1105-vs-other-technique, not attack-vs-benign"
PX083-0110,PX083,casino,delay_120_deadline_30,,ordinary_gate,,False,,20260920,110,px083_policy_transfer/results/METRICS.json,OtherTechnique,903,813,810,0.996309963099631,0.8970099667774086,0.9440559440559441,,,not reported for this class,True,,,,,"Not applicable: binary T1105-vs-other-technique, not attack-vs-benign"
PX083-0110,PX083,casino,delay_120_deadline_30,,ordinary_gate,,False,,20260920,110,px083_policy_transfer/results/METRICS.json,T1105,17,107,14,0.1308411214953271,0.8235294117647058,0.22580645161290322,0.6368094570688068,0.9507198228128461,source reported; blank if unsupported,True,,,,3,"Not applicable: binary T1105-vs-other-technique, not attack-vs-benign"
PX083-0111,PX083,casino,delay_120_deadline_30,,target_cost_gate,,False,,20260920,111,px083_policy_transfer/results/METRICS.json,OtherTechnique,903,876,870,0.9931506849315068,0.9634551495016611,0.9780775716694773,,,not reported for this class,True,,,,,"Not applicable: binary T1105-vs-other-technique, not attack-vs-benign"
PX083-0111,PX083,casino,delay_120_deadline_30,,target_cost_gate,,False,,20260920,111,px083_policy_transfer/results/METRICS.json,T1105,17,44,11,0.25,0.6470588235294118,0.36065573770491804,0.6349121371234359,0.948407269884698,source reported; blank if unsupported,True,,,,6,"Not applicable: binary T1105-vs-other-technique, not attack-vs-benign"
PX083-0112,PX083,casino,delay_120_deadline_120,,current,,False,,20260920,112,px083_policy_transfer/results/METRICS.json,OtherTechnique,903,899,896,0.996662958843159,0.9922480620155039,0.9944506104328524,,,not reported for this class,True,,,,,"Not applicable: binary T1105-vs-other-technique, not attack-vs-benign"
PX083-0112,PX083,casino,delay_120_deadline_120,,current,,False,,20260920,112,px083_policy_transfer/results/METRICS.json,T1105,17,21,14,0.6666666666666666,0.8235294117647058,0.7368421052631579,0.8674180483004013,0.960719171389486,source reported; blank if unsupported,True,,,,3,"Not applicable: binary T1105-vs-other-technique, not attack-vs-benign"
PX083-0113,PX083,casino,delay_120_deadline_120,,context,,False,,20260920,113,px083_policy_transfer/results/METRICS.json,OtherTechnique,903,890,887,0.996629213483146,0.982281284606866,0.9894032348020078,,,not reported for this class,True,,,,,"Not applicable: binary T1105-vs-other-technique, not attack-vs-benign"
PX083-0113,PX083,casino,delay_120_deadline_120,,context,,False,,20260920,113,px083_policy_transfer/results/METRICS.json,T1105,17,30,14,0.4666666666666667,0.8235294117647058,0.5957446808510638,0.8522436792934762,0.976157905022474,source reported; blank if unsupported,True,,,,3,"Not applicable: binary T1105-vs-other-technique, not attack-vs-benign"
PX083-0114,PX083,casino,delay_120_deadline_120,,fixed_fusion,,False,,20260920,114,px083_policy_transfer/results/METRICS.json,OtherTechnique,903,898,895,0.9966592427616926,0.991140642303433,0.9938922820655192,,,not reported for this class,True,,,,,"Not applicable: binary T1105-vs-other-technique, not attack-vs-benign"
PX083-0114,PX083,casino,delay_120_deadline_120,,fixed_fusion,,False,,20260920,114,px083_policy_transfer/results/METRICS.json,T1105,17,22,14,0.6363636363636364,0.8235294117647058,0.717948717948718,0.8606314785559049,0.9711419451501531,source reported; blank if unsupported,True,,,,3,"Not applicable: binary T1105-vs-other-technique, not attack-vs-benign"
PX083-0115,PX083,casino,delay_120_deadline_120,,mixed_dropout,,False,,20260920,115,px083_policy_transfer/results/METRICS.json,OtherTechnique,903,889,886,0.9966254218222722,0.9811738648947951,0.9888392857142857,,,not reported for this class,True,,,,,"Not applicable: binary T1105-vs-other-technique, not attack-vs-benign"
PX083-0115,PX083,casino,delay_120_deadline_120,,mixed_dropout,,False,,20260920,115,px083_policy_transfer/results/METRICS.json,T1105,17,31,14,0.45161290322580644,0.8235294117647058,0.5833333333333334,0.8438442464409793,0.9693179597420364,source reported; blank if unsupported,True,,,,3,"Not applicable: binary T1105-vs-other-technique, not attack-vs-benign"
PX083-0116,PX083,casino,delay_120_deadline_120,,confidence_gate,,False,,20260920,116,px083_policy_transfer/results/METRICS.json,OtherTechnique,903,898,895,0.9966592427616926,0.991140642303433,0.9938922820655192,,,not reported for this class,True,,,,,"Not applicable: binary T1105-vs-other-technique, not attack-vs-benign"
PX083-0116,PX083,casino,delay_120_deadline_120,,confidence_gate,,False,,20260920,116,px083_policy_transfer/results/METRICS.json,T1105,17,22,14,0.6363636363636364,0.8235294117647058,0.717948717948718,0.8716877511874316,0.9684059670379781,source reported; blank if unsupported,True,,,,3,"Not applicable: binary T1105-vs-other-technique, not attack-vs-benign"
PX083-0117,PX083,casino,delay_120_deadline_120,,ordinary_gate,,False,,20260920,117,px083_policy_transfer/results/METRICS.json,OtherTechnique,903,899,896,0.996662958843159,0.9922480620155039,0.9944506104328524,,,not reported for this class,True,,,,,"Not applicable: binary T1105-vs-other-technique, not attack-vs-benign"
PX083-0117,PX083,casino,delay_120_deadline_120,,ordinary_gate,,False,,20260920,117,px083_policy_transfer/results/METRICS.json,T1105,17,21,14,0.6666666666666666,0.8235294117647058,0.7368421052631579,0.8671529436746829,0.9682105400299655,source reported; blank if unsupported,True,,,,3,"Not applicable: binary T1105-vs-other-technique, not attack-vs-benign"
PX083-0118,PX083,casino,delay_120_deadline_120,,target_cost_gate,,False,,20260920,118,px083_policy_transfer/results/METRICS.json,OtherTechnique,903,890,887,0.996629213483146,0.982281284606866,0.9894032348020078,,,not reported for this class,True,,,,,"Not applicable: binary T1105-vs-other-technique, not attack-vs-benign"
PX083-0118,PX083,casino,delay_120_deadline_120,,target_cost_gate,,False,,20260920,118,px083_policy_transfer/results/METRICS.json,T1105,17,30,14,0.4666666666666667,0.8235294117647058,0.5957446808510638,0.8579928937314336,0.9667122663018696,source reported; blank if unsupported,True,,,,3,"Not applicable: binary T1105-vs-other-technique, not attack-vs-benign"
PX083-0119,PX083,casino,execve_absent,,current,,False,,20260920,119,px083_policy_transfer/results/METRICS.json,OtherTechnique,903,844,842,0.9976303317535545,0.9324473975636767,0.9639381797366915,,,not reported for this class,True,,,,,"Not applicable: binary T1105-vs-other-technique, not attack-vs-benign"
PX083-0119,PX083,casino,execve_absent,,current,,False,,20260920,119,px083_policy_transfer/results/METRICS.json,T1105,17,76,15,0.19736842105263158,0.8823529411764706,0.3225806451612903,0.8507508308954946,0.9723796495342323,source reported; blank if unsupported,True,,,,2,"Not applicable: binary T1105-vs-other-technique, not attack-vs-benign"
PX083-0120,PX083,casino,execve_absent,,context,,False,,20260920,120,px083_policy_transfer/results/METRICS.json,OtherTechnique,903,856,854,0.9976635514018691,0.9457364341085271,0.9710062535531552,,,not reported for this class,True,,,,,"Not applicable: binary T1105-vs-other-technique, not attack-vs-benign"
PX083-0120,PX083,casino,execve_absent,,context,,False,,20260920,120,px083_policy_transfer/results/METRICS.json,T1105,17,64,15,0.234375,0.8823529411764706,0.37037037037037035,0.8407638865262704,0.9835841313269494,source reported; blank if unsupported,True,,,,2,"Not applicable: binary T1105-vs-other-technique, not attack-vs-benign"
PX083-0121,PX083,casino,execve_absent,,fixed_fusion,,False,,20260920,121,px083_policy_transfer/results/METRICS.json,OtherTechnique,903,862,860,0.9976798143851509,0.9523809523809523,0.9745042492917847,,,not reported for this class,True,,,,,"Not applicable: binary T1105-vs-other-technique, not attack-vs-benign"
PX083-0121,PX083,casino,execve_absent,,fixed_fusion,,False,,20260920,121,px083_policy_transfer/results/METRICS.json,T1105,17,58,15,0.25862068965517243,0.8823529411764706,0.4,0.8555959841917371,0.9785030291186242,source reported; blank if unsupported,True,,,,2,"Not applicable: binary T1105-vs-other-technique, not attack-vs-benign"
PX083-0122,PX083,casino,execve_absent,,mixed_dropout,,False,,20260920,122,px083_policy_transfer/results/METRICS.json,OtherTechnique,903,882,879,0.9965986394557823,0.973421926910299,0.984873949579832,,,not reported for this class,True,,,,,"Not applicable: binary T1105-vs-other-technique, not attack-vs-benign"
PX083-0122,PX083,casino,execve_absent,,mixed_dropout,,False,,20260920,122,px083_policy_transfer/results/METRICS.json,T1105,17,38,14,0.3684210526315789,0.8235294117647058,0.509090909090909,0.8137774890559164,0.9652791349097778,source reported; blank if unsupported,True,,,,3,"Not applicable: binary T1105-vs-other-technique, not attack-vs-benign"
PX083-0123,PX083,casino,execve_absent,,confidence_gate,,False,,20260920,123,px083_policy_transfer/results/METRICS.json,OtherTechnique,903,862,860,0.9976798143851509,0.9523809523809523,0.9745042492917847,,,not reported for this class,True,,,,,"Not applicable: binary T1105-vs-other-technique, not attack-vs-benign"
PX083-0123,PX083,casino,execve_absent,,confidence_gate,,False,,20260920,123,px083_policy_transfer/results/METRICS.json,T1105,17,58,15,0.25862068965517243,0.8823529411764706,0.4,0.8526459073836735,0.9779818904305908,source reported; blank if unsupported,True,,,,2,"Not applicable: binary T1105-vs-other-technique, not attack-vs-benign"
PX083-0124,PX083,casino,execve_absent,,ordinary_gate,,False,,20260920,124,px083_policy_transfer/results/METRICS.json,OtherTechnique,903,844,842,0.9976303317535545,0.9324473975636767,0.9639381797366915,,,not reported for this class,True,,,,,"Not applicable: binary T1105-vs-other-technique, not attack-vs-benign"
PX083-0124,PX083,casino,execve_absent,,ordinary_gate,,False,,20260920,124,px083_policy_transfer/results/METRICS.json,T1105,17,76,15,0.19736842105263158,0.8823529411764706,0.3225806451612903,0.8529751040342193,0.9773956094065532,source reported; blank if unsupported,True,,,,2,"Not applicable: binary T1105-vs-other-technique, not attack-vs-benign"
PX083-0125,PX083,casino,execve_absent,,target_cost_gate,,False,,20260920,125,px083_policy_transfer/results/METRICS.json,OtherTechnique,903,856,854,0.9976635514018691,0.9457364341085271,0.9710062535531552,,,not reported for this class,True,,,,,"Not applicable: binary T1105-vs-other-technique, not attack-vs-benign"
PX083-0125,PX083,casino,execve_absent,,target_cost_gate,,False,,20260920,125,px083_policy_transfer/results/METRICS.json,T1105,17,64,15,0.234375,0.8823529411764706,0.37037037037037035,0.8388253333533772,0.9774607517425575,source reported; blank if unsupported,True,,,,2,"Not applicable: binary T1105-vs-other-technique, not attack-vs-benign"
PX083-0126,PX083,casino,proctitle_absent,,current,,False,,20260920,126,px083_policy_transfer/results/METRICS.json,OtherTechnique,903,901,898,0.9966703662597114,0.9944629014396457,0.9955654101995566,,,not reported for this class,True,,,,,"Not applicable: binary T1105-vs-other-technique, not attack-vs-benign"
PX083-0126,PX083,casino,proctitle_absent,,current,,False,,20260920,126,px083_policy_transfer/results/METRICS.json,T1105,17,19,14,0.7368421052631579,0.8235294117647058,0.7777777777777778,0.8080980441354378,0.9476255618526481,source reported; blank if unsupported,True,,,,3,"Not applicable: binary T1105-vs-other-technique, not attack-vs-benign"
PX083-0127,PX083,casino,proctitle_absent,,context,,False,,20260920,127,px083_policy_transfer/results/METRICS.json,OtherTechnique,903,898,895,0.9966592427616926,0.991140642303433,0.9938922820655192,,,not reported for this class,True,,,,,"Not applicable: binary T1105-vs-other-technique, not attack-vs-benign"
PX083-0127,PX083,casino,proctitle_absent,,context,,False,,20260920,127,px083_policy_transfer/results/METRICS.json,T1105,17,22,14,0.6363636363636364,0.8235294117647058,0.717948717948718,0.7788409116108823,0.9665819816298612,source reported; blank if unsupported,True,,,,3,"Not applicable: binary T1105-vs-other-technique, not attack-vs-benign"
PX083-0128,PX083,casino,proctitle_absent,,fixed_fusion,,False,,20260920,128,px083_policy_transfer/results/METRICS.json,OtherTechnique,903,901,898,0.9966703662597114,0.9944629014396457,0.9955654101995566,,,not reported for this class,True,,,,,"Not applicable: binary T1105-vs-other-technique, not attack-vs-benign"
PX083-0128,PX083,casino,proctitle_absent,,fixed_fusion,,False,,20260920,128,px083_policy_transfer/results/METRICS.json,T1105,17,19,14,0.7368421052631579,0.8235294117647058,0.7777777777777778,0.7816370164036925,0.9615660217575401,source reported; blank if unsupported,True,,,,3,"Not applicable: binary T1105-vs-other-technique, not attack-vs-benign"
PX083-0129,PX083,casino,proctitle_absent,,mixed_dropout,,False,,20260920,129,px083_policy_transfer/results/METRICS.json,OtherTechnique,903,863,860,0.996523754345307,0.9523809523809523,0.9739524348810872,,,not reported for this class,True,,,,,"Not applicable: binary T1105-vs-other-technique, not attack-vs-benign"
PX083-0129,PX083,casino,proctitle_absent,,mixed_dropout,,False,,20260920,129,px083_policy_transfer/results/METRICS.json,T1105,17,57,14,0.24561403508771928,0.8235294117647058,0.3783783783783784,0.7978396102376261,0.9542049377890691,source reported; blank if unsupported,True,,,,3,"Not applicable: binary T1105-vs-other-technique, not attack-vs-benign"
PX083-0130,PX083,casino,proctitle_absent,,confidence_gate,,False,,20260920,130,px083_policy_transfer/results/METRICS.json,OtherTechnique,903,901,898,0.9966703662597114,0.9944629014396457,0.9955654101995566,,,not reported for this class,True,,,,,"Not applicable: binary T1105-vs-other-technique, not attack-vs-benign"
PX083-0130,PX083,casino,proctitle_absent,,confidence_gate,,False,,20260920,130,px083_policy_transfer/results/METRICS.json,T1105,17,19,14,0.7368421052631579,0.8235294117647058,0.7777777777777778,0.8230116091915255,0.9596768940134193,source reported; blank if unsupported,True,,,,3,"Not applicable: binary T1105-vs-other-technique, not attack-vs-benign"
PX083-0131,PX083,casino,proctitle_absent,,ordinary_gate,,False,,20260920,131,px083_policy_transfer/results/METRICS.json,OtherTechnique,903,901,898,0.9966703662597114,0.9944629014396457,0.9955654101995566,,,not reported for this class,True,,,,,"Not applicable: binary T1105-vs-other-technique, not attack-vs-benign"
PX083-0131,PX083,casino,proctitle_absent,,ordinary_gate,,False,,20260920,131,px083_policy_transfer/results/METRICS.json,T1105,17,19,14,0.7368421052631579,0.8235294117647058,0.7777777777777778,0.7840443550481914,0.9592208976613901,source reported; blank if unsupported,True,,,,3,"Not applicable: binary T1105-vs-other-technique, not attack-vs-benign"
PX083-0132,PX083,casino,proctitle_absent,,target_cost_gate,,False,,20260920,132,px083_policy_transfer/results/METRICS.json,OtherTechnique,903,898,895,0.9966592427616926,0.991140642303433,0.9938922820655192,,,not reported for this class,True,,,,,"Not applicable: binary T1105-vs-other-technique, not attack-vs-benign"
PX083-0132,PX083,casino,proctitle_absent,,target_cost_gate,,False,,20260920,132,px083_policy_transfer/results/METRICS.json,T1105,17,22,14,0.6363636363636364,0.8235294117647058,0.717948717948718,0.7851889456523555,0.9575271969252817,source reported; blank if unsupported,True,,,,3,"Not applicable: binary T1105-vs-other-technique, not attack-vs-benign"
PX083-0133,PX083,casino,syscall_absent,,current,,False,,20260920,133,px083_policy_transfer/results/METRICS.json,OtherTechnique,903,849,848,0.9988221436984688,0.9390919158361019,0.9680365296803652,,,not reported for this class,True,,,,,"Not applicable: binary T1105-vs-other-technique, not attack-vs-benign"
PX083-0133,PX083,casino,syscall_absent,,current,,False,,20260920,133,px083_policy_transfer/results/METRICS.json,T1105,17,71,16,0.22535211267605634,0.9411764705882353,0.36363636363636365,0.8738014658637069,0.9504918246368315,source reported; blank if unsupported,True,,,,1,"Not applicable: binary T1105-vs-other-technique, not attack-vs-benign"
PX083-0134,PX083,casino,syscall_absent,,context,,False,,20260920,134,px083_policy_transfer/results/METRICS.json,OtherTechnique,903,891,889,0.9977553310886644,0.9844961240310077,0.9910813823857302,,,not reported for this class,True,,,,,"Not applicable: binary T1105-vs-other-technique, not attack-vs-benign"
PX083-0134,PX083,casino,syscall_absent,,context,,False,,20260920,134,px083_policy_transfer/results/METRICS.json,T1105,17,29,15,0.5172413793103449,0.8823529411764706,0.6521739130434783,0.876221517195148,0.948798123900723,source reported; blank if unsupported,True,,,,2,"Not applicable: binary T1105-vs-other-technique, not attack-vs-benign"
PX083-0135,PX083,casino,syscall_absent,,fixed_fusion,,False,,20260920,135,px083_policy_transfer/results/METRICS.json,OtherTechnique,903,880,878,0.9977272727272727,0.9723145071982281,0.9848569826135727,,,not reported for this class,True,,,,,"Not applicable: binary T1105-vs-other-technique, not attack-vs-benign"
PX083-0135,PX083,casino,syscall_absent,,fixed_fusion,,False,,20260920,135,px083_policy_transfer/results/METRICS.json,T1105,17,40,15,0.375,0.8823529411764706,0.5263157894736842,0.8760245665331206,0.949514689596769,source reported; blank if unsupported,True,,,,2,"Not applicable: binary T1105-vs-other-technique, not attack-vs-benign"
PX083-0136,PX083,casino,syscall_absent,,mixed_dropout,,False,,20260920,136,px083_policy_transfer/results/METRICS.json,OtherTechnique,903,902,899,0.9966740576496674,0.9955703211517165,0.9961218836565097,,,not reported for this class,True,,,,,"Not applicable: binary T1105-vs-other-technique, not attack-vs-benign"
PX083-0136,PX083,casino,syscall_absent,,mixed_dropout,,False,,20260920,136,px083_policy_transfer/results/METRICS.json,T1105,17,18,14,0.7777777777777778,0.8235294117647058,0.8,0.8747872686228041,0.9543352224610775,source reported; blank if unsupported,True,,,,3,"Not applicable: binary T1105-vs-other-technique, not attack-vs-benign"
PX083-0137,PX083,casino,syscall_absent,,confidence_gate,,False,,20260920,137,px083_policy_transfer/results/METRICS.json,OtherTechnique,903,880,878,0.9977272727272727,0.9723145071982281,0.9848569826135727,,,not reported for this class,True,,,,,"Not applicable: binary T1105-vs-other-technique, not attack-vs-benign"
PX083-0137,PX083,casino,syscall_absent,,confidence_gate,,False,,20260920,137,px083_policy_transfer/results/METRICS.json,T1105,17,40,15,0.375,0.8823529411764706,0.5263157894736842,0.8694596140843605,0.9486678392287148,source reported; blank if unsupported,True,,,,2,"Not applicable: binary T1105-vs-other-technique, not attack-vs-benign"
PX083-0138,PX083,casino,syscall_absent,,ordinary_gate,,False,,20260920,138,px083_policy_transfer/results/METRICS.json,OtherTechnique,903,849,848,0.9988221436984688,0.9390919158361019,0.9680365296803652,,,not reported for this class,True,,,,,"Not applicable: binary T1105-vs-other-technique, not attack-vs-benign"
PX083-0138,PX083,casino,syscall_absent,,ordinary_gate,,False,,20260920,138,px083_policy_transfer/results/METRICS.json,T1105,17,71,16,0.22535211267605634,0.9411764705882353,0.36363636363636365,0.8700934228317595,0.9487329815647189,source reported; blank if unsupported,True,,,,1,"Not applicable: binary T1105-vs-other-technique, not attack-vs-benign"
PX083-0139,PX083,casino,syscall_absent,,target_cost_gate,,False,,20260920,139,px083_policy_transfer/results/METRICS.json,OtherTechnique,903,891,889,0.9977553310886644,0.9844961240310077,0.9910813823857302,,,not reported for this class,True,,,,,"Not applicable: binary T1105-vs-other-technique, not attack-vs-benign"
PX083-0139,PX083,casino,syscall_absent,,target_cost_gate,,False,,20260920,139,px083_policy_transfer/results/METRICS.json,T1105,17,29,15,0.5172413793103449,0.8823529411764706,0.6521739130434783,0.876543371177009,0.9486026968927105,source reported; blank if unsupported,True,,,,2,"Not applicable: binary T1105-vs-other-technique, not attack-vs-benign"
PX083-0140,PX083,casino,path_absent,,current,,False,,20260920,140,px083_policy_transfer/results/METRICS.json,OtherTechnique,903,898,896,0.9977728285077951,0.9922480620155039,0.9950027762354248,,,not reported for this class,True,,,,,"Not applicable: binary T1105-vs-other-technique, not attack-vs-benign"
PX083-0140,PX083,casino,path_absent,,current,,False,,20260920,140,px083_policy_transfer/results/METRICS.json,T1105,17,22,15,0.6818181818181818,0.8823529411764706,0.7692307692307693,0.8712338569866902,0.9558334961891732,source reported; blank if unsupported,True,,,,2,"Not applicable: binary T1105-vs-other-technique, not attack-vs-benign"
PX083-0141,PX083,casino,path_absent,,context,,False,,20260920,141,px083_policy_transfer/results/METRICS.json,OtherTechnique,903,883,882,0.9988674971687429,0.9767441860465116,0.9876819708846585,,,not reported for this class,True,,,,,"Not applicable: binary T1105-vs-other-technique, not attack-vs-benign"
PX083-0141,PX083,casino,path_absent,,context,,False,,20260920,141,px083_policy_transfer/results/METRICS.json,T1105,17,37,16,0.43243243243243246,0.9411764705882353,0.5925925925925926,0.8698162798197789,0.9760927626864699,source reported; blank if unsupported,True,,,,1,"Not applicable: binary T1105-vs-other-technique, not attack-vs-benign"
PX083-0142,PX083,casino,path_absent,,fixed_fusion,,False,,20260920,142,px083_policy_transfer/results/METRICS.json,OtherTechnique,903,891,889,0.9977553310886644,0.9844961240310077,0.9910813823857302,,,not reported for this class,True,,,,,"Not applicable: binary T1105-vs-other-technique, not attack-vs-benign"
PX083-0142,PX083,casino,path_absent,,fixed_fusion,,False,,20260920,142,px083_policy_transfer/results/METRICS.json,T1105,17,29,15,0.5172413793103449,0.8823529411764706,0.6521739130434783,0.8665166066259247,0.969578529086053,source reported; blank if unsupported,True,,,,2,"Not applicable: binary T1105-vs-other-technique, not attack-vs-benign"
PX083-0143,PX083,casino,path_absent,,mixed_dropout,,False,,20260920,143,px083_policy_transfer/results/METRICS.json,OtherTechnique,903,876,874,0.997716894977169,0.9678848283499446,0.9825744800449691,,,not reported for this class,True,,,,,"Not applicable: binary T1105-vs-other-technique, not attack-vs-benign"
PX083-0143,PX083,casino,path_absent,,mixed_dropout,,False,,20260920,143,px083_policy_transfer/results/METRICS.json,T1105,17,44,15,0.3409090909090909,0.8823529411764706,0.4918032786885246,0.8558856975687765,0.9764184743664908,source reported; blank if unsupported,True,,,,2,"Not applicable: binary T1105-vs-other-technique, not attack-vs-benign"
PX083-0144,PX083,casino,path_absent,,confidence_gate,,False,,20260920,144,px083_policy_transfer/results/METRICS.json,OtherTechnique,903,891,889,0.9977553310886644,0.9844961240310077,0.9910813823857302,,,not reported for this class,True,,,,,"Not applicable: binary T1105-vs-other-technique, not attack-vs-benign"
PX083-0144,PX083,casino,path_absent,,confidence_gate,,False,,20260920,144,px083_policy_transfer/results/METRICS.json,T1105,17,29,15,0.5172413793103449,0.8823529411764706,0.6521739130434783,0.8625795550490507,0.9565500618852192,source reported; blank if unsupported,True,,,,2,"Not applicable: binary T1105-vs-other-technique, not attack-vs-benign"
PX083-0145,PX083,casino,path_absent,,ordinary_gate,,False,,20260920,145,px083_policy_transfer/results/METRICS.json,OtherTechnique,903,898,896,0.9977728285077951,0.9922480620155039,0.9950027762354248,,,not reported for this class,True,,,,,"Not applicable: binary T1105-vs-other-technique, not attack-vs-benign"
PX083-0145,PX083,casino,path_absent,,ordinary_gate,,False,,20260920,145,px083_policy_transfer/results/METRICS.json,T1105,17,22,15,0.6818181818181818,0.8823529411764706,0.7692307692307693,0.8547916953590197,0.9562894925412024,source reported; blank if unsupported,True,,,,2,"Not applicable: binary T1105-vs-other-technique, not attack-vs-benign"
PX083-0146,PX083,casino,path_absent,,target_cost_gate,,False,,20260920,146,px083_policy_transfer/results/METRICS.json,OtherTechnique,903,883,882,0.9988674971687429,0.9767441860465116,0.9876819708846585,,,not reported for this class,True,,,,,"Not applicable: binary T1105-vs-other-technique, not attack-vs-benign"
PX083-0146,PX083,casino,path_absent,,target_cost_gate,,False,,20260920,146,px083_policy_transfer/results/METRICS.json,T1105,17,37,16,0.43243243243243246,0.9411764705882353,0.5925925925925926,0.8685481231050407,0.9570060582372484,source reported; blank if unsupported,True,,,,1,"Not applicable: binary T1105-vs-other-technique, not attack-vs-benign"
PX083-0147,PX083,camlds,clean,,current,,False,,20260920,147,px083_policy_transfer/results/METRICS.json,OtherTechnique,4109,793,780,0.9836065573770492,0.1898272085665612,0.3182374541003672,,,not reported for this class,True,,,,,"Not applicable: binary T1105-vs-other-technique, not attack-vs-benign"
PX083-0147,PX083,camlds,clean,,current,,False,,20260920,147,px083_policy_transfer/results/METRICS.json,T1105,100,3416,87,0.025468384074941453,0.87,0.04948805460750853,0.02380494954929556,0.5087320515940618,source reported; blank if unsupported,True,,,,13,"Not applicable: binary T1105-vs-other-technique, not attack-vs-benign"
PX083-0148,PX083,camlds,clean,,context,,False,,20260920,148,px083_policy_transfer/results/METRICS.json,OtherTechnique,4109,1013,1001,0.9881539980256664,0.24361158432708688,0.39086294416243655,,,not reported for this class,True,,,,,"Not applicable: binary T1105-vs-other-technique, not attack-vs-benign"
PX083-0148,PX083,camlds,clean,,context,,False,,20260920,148,px083_policy_transfer/results/METRICS.json,T1105,100,3196,88,0.02753441802252816,0.88,0.05339805825242718,0.02773794427482751,0.5594755414942808,source reported; blank if unsupported,True,,,,12,"Not applicable: binary T1105-vs-other-technique, not attack-vs-benign"
PX083-0149,PX083,camlds,clean,,fixed_fusion,,False,,20260920,149,px083_policy_transfer/results/METRICS.json,OtherTechnique,4109,950,938,0.9873684210526316,0.2282793867120954,0.37082427357185216,,,not reported for this class,True,,,,,"Not applicable: binary T1105-vs-other-technique, not attack-vs-benign"
PX083-0149,PX083,camlds,clean,,fixed_fusion,,False,,20260920,149,px083_policy_transfer/results/METRICS.json,T1105,100,3259,88,0.02700214789812826,0.88,0.052396546591247393,0.02485768128155143,0.5380761742516428,source reported; blank if unsupported,True,,,,12,"Not applicable: binary T1105-vs-other-technique, not attack-vs-benign"
PX083-0150,PX083,camlds,clean,,mixed_dropout,,False,,20260920,150,px083_policy_transfer/results/METRICS.json,OtherTechnique,4109,1086,1071,0.9861878453038674,0.2606473594548552,0.41231953801732435,,,not reported for this class,True,,,,,"Not applicable: binary T1105-vs-other-technique, not attack-vs-benign"
PX083-0150,PX083,camlds,clean,,mixed_dropout,,False,,20260920,150,px083_policy_transfer/results/METRICS.json,T1105,100,3123,85,0.027217419148254884,0.85,0.05274588892336333,0.027590189676380616,0.566019712825505,source reported; blank if unsupported,True,,,,15,"Not applicable: binary T1105-vs-other-technique, not attack-vs-benign"
PX083-0151,PX083,camlds,clean,,confidence_gate,,False,,20260920,151,px083_policy_transfer/results/METRICS.json,OtherTechnique,4109,950,938,0.9873684210526316,0.2282793867120954,0.37082427357185216,,,not reported for this class,True,,,,,"Not applicable: binary T1105-vs-other-technique, not attack-vs-benign"
PX083-0151,PX083,camlds,clean,,confidence_gate,,False,,20260920,151,px083_policy_transfer/results/METRICS.json,T1105,100,3259,88,0.02700214789812826,0.88,0.052396546591247393,0.02499252619271254,0.5347992212217084,source reported; blank if unsupported,True,,,,12,"Not applicable: binary T1105-vs-other-technique, not attack-vs-benign"
PX083-0152,PX083,camlds,clean,,ordinary_gate,,False,,20260920,152,px083_policy_transfer/results/METRICS.json,OtherTechnique,4109,797,784,0.9836888331242158,0.19080068143100512,0.31960864247859766,,,not reported for this class,True,,,,,"Not applicable: binary T1105-vs-other-technique, not attack-vs-benign"
PX083-0152,PX083,camlds,clean,,ordinary_gate,,False,,20260920,152,px083_policy_transfer/results/METRICS.json,T1105,100,3412,87,0.025498241500586168,0.87,0.049544419134396354,0.023389017098576898,0.5069968362131906,source reported; blank if unsupported,True,,,,13,"Not applicable: binary T1105-vs-other-technique, not attack-vs-benign"
PX083-0153,PX083,camlds,clean,,target_cost_gate,,False,,20260920,153,px083_policy_transfer/results/METRICS.json,OtherTechnique,4109,1013,1001,0.9881539980256664,0.24361158432708688,0.39086294416243655,,,not reported for this class,True,,,,,"Not applicable: binary T1105-vs-other-technique, not attack-vs-benign"
PX083-0153,PX083,camlds,clean,,target_cost_gate,,False,,20260920,153,px083_policy_transfer/results/METRICS.json,T1105,100,3196,88,0.02753441802252816,0.88,0.05339805825242718,0.027734248623616765,0.5593076174251642,source reported; blank if unsupported,True,,,,12,"Not applicable: binary T1105-vs-other-technique, not attack-vs-benign"
PX083-0154,PX083,camlds,random_25,,current,,False,,20260920,154,px083_policy_transfer/results/METRICS.json,OtherTechnique,4109,2130,2080,0.9765258215962441,0.5062058895108299,0.6667735213976599,,,not reported for this class,True,,,,,"Not applicable: binary T1105-vs-other-technique, not attack-vs-benign"
PX083-0154,PX083,camlds,random_25,,current,,False,,20260920,154,px083_policy_transfer/results/METRICS.json,T1105,100,2079,50,0.02405002405002405,0.5,0.04589261128958238,0.023834802277220683,0.509269895351667,source reported; blank if unsupported,True,,,,50,"Not applicable: binary T1105-vs-other-technique, not attack-vs-benign"
PX083-0155,PX083,camlds,random_25,,context,,False,,20260920,155,px083_policy_transfer/results/METRICS.json,OtherTechnique,4109,1706,1670,0.9788980070339977,0.4064249209053298,0.5743766122098022,,,not reported for this class,True,,,,,"Not applicable: binary T1105-vs-other-technique, not attack-vs-benign"
PX083-0155,PX083,camlds,random_25,,context,,False,,20260920,155,px083_policy_transfer/results/METRICS.json,T1105,100,2503,64,0.02556931681981622,0.64,0.04917402996542451,0.02846062641599068,0.5415271355560963,source reported; blank if unsupported,True,,,,36,"Not applicable: binary T1105-vs-other-technique, not attack-vs-benign"
PX083-0156,PX083,camlds,random_25,,fixed_fusion,,False,,20260920,156,px083_policy_transfer/results/METRICS.json,OtherTechnique,4109,1815,1778,0.9796143250688705,0.43270868824531517,0.600270087778528,,,not reported for this class,True,,,,,"Not applicable: binary T1105-vs-other-technique, not attack-vs-benign"
PX083-0156,PX083,camlds,random_25,,fixed_fusion,,False,,20260920,156,px083_policy_transfer/results/METRICS.json,T1105,100,2394,63,0.02631578947368421,0.63,0.05052125100240577,0.025962373678770453,0.5317924069116573,source reported; blank if unsupported,True,,,,37,"Not applicable: binary T1105-vs-other-technique, not attack-vs-benign"
PX083-0157,PX083,camlds,random_25,,mixed_dropout,,False,,20260920,157,px083_policy_transfer/results/METRICS.json,OtherTechnique,4109,1162,1142,0.9827882960413081,0.2779265027987345,0.43331436160121417,,,not reported for this class,True,,,,,"Not applicable: binary T1105-vs-other-technique, not attack-vs-benign"
PX083-0157,PX083,camlds,random_25,,mixed_dropout,,False,,20260920,157,px083_policy_transfer/results/METRICS.json,T1105,100,3047,80,0.02625533311453889,0.8,0.05084207181442644,0.02792569384455334,0.5625857872961791,source reported; blank if unsupported,True,,,,20,"Not applicable: binary T1105-vs-other-technique, not attack-vs-benign"
PX083-0158,PX083,camlds,random_25,,confidence_gate,,False,,20260920,158,px083_policy_transfer/results/METRICS.json,OtherTechnique,4109,1815,1778,0.9796143250688705,0.43270868824531517,0.600270087778528,,,not reported for this class,True,,,,,"Not applicable: binary T1105-vs-other-technique, not attack-vs-benign"
PX083-0158,PX083,camlds,random_25,,confidence_gate,,False,,20260920,158,px083_policy_transfer/results/METRICS.json,T1105,100,2394,63,0.02631578947368421,0.63,0.05052125100240577,0.02765067249065293,0.534092236553906,source reported; blank if unsupported,True,,,,37,"Not applicable: binary T1105-vs-other-technique, not attack-vs-benign"
PX083-0159,PX083,camlds,random_25,,ordinary_gate,,False,,20260920,159,px083_policy_transfer/results/METRICS.json,OtherTechnique,4109,2134,2084,0.9765698219306467,0.5071793623752738,0.6676277430722409,,,not reported for this class,True,,,,,"Not applicable: binary T1105-vs-other-technique, not attack-vs-benign"
PX083-0159,PX083,camlds,random_25,,ordinary_gate,,False,,20260920,159,px083_policy_transfer/results/METRICS.json,T1105,100,2075,50,0.024096385542168676,0.5,0.04597701149425287,0.024689975858984057,0.5189729861280117,source reported; blank if unsupported,True,,,,50,"Not applicable: binary T1105-vs-other-technique, not attack-vs-benign"
PX083-0160,PX083,camlds,random_25,,target_cost_gate,,False,,20260920,160,px083_policy_transfer/results/METRICS.json,OtherTechnique,4109,1706,1670,0.9788980070339977,0.4064249209053298,0.5743766122098022,,,not reported for this class,True,,,,,"Not applicable: binary T1105-vs-other-technique, not attack-vs-benign"
PX083-0160,PX083,camlds,random_25,,target_cost_gate,,False,,20260920,160,px083_policy_transfer/results/METRICS.json,T1105,100,2503,64,0.02556931681981622,0.64,0.04917402996542451,0.028438354434594283,0.5410391822827938,source reported; blank if unsupported,True,,,,36,"Not applicable: binary T1105-vs-other-technique, not attack-vs-benign"
PX083-0161,PX083,camlds,random_25,,current,,False,,20260921,161,px083_policy_transfer/results/METRICS.json,OtherTechnique,4109,2134,2085,0.9770384254920338,0.5074227305913848,0.667948101874099,,,not reported for this class,True,,,,,"Not applicable: binary T1105-vs-other-technique, not attack-vs-benign"
PX083-0161,PX083,camlds,random_25,,current,,False,,20260921,161,px083_policy_transfer/results/METRICS.json,T1105,100,2075,51,0.02457831325301205,0.51,0.04689655172413793,0.023841733952280092,0.5122694086152348,source reported; blank if unsupported,True,,,,49,"Not applicable: binary T1105-vs-other-technique, not attack-vs-benign"
PX083-0162,PX083,camlds,random_25,,context,,False,,20260921,162,px083_policy_transfer/results/METRICS.json,OtherTechnique,4109,1638,1599,0.9761904761904762,0.38914577756145047,0.5564642422133287,,,not reported for this class,True,,,,,"Not applicable: binary T1105-vs-other-technique, not attack-vs-benign"
PX083-0162,PX083,camlds,random_25,,context,,False,,20260921,162,px083_policy_transfer/results/METRICS.json,T1105,100,2571,61,0.023726176584986387,0.61,0.04567577686259828,0.023868999953590916,0.5218483816013628,source reported; blank if unsupported,True,,,,39,"Not applicable: binary T1105-vs-other-technique, not attack-vs-benign"
PX083-0163,PX083,camlds,random_25,,fixed_fusion,,False,,20260921,163,px083_policy_transfer/results/METRICS.json,OtherTechnique,4109,1825,1780,0.9753424657534246,0.43319542467753713,0.599932591843613,,,not reported for this class,True,,,,,"Not applicable: binary T1105-vs-other-technique, not attack-vs-benign"
PX083-0163,PX083,camlds,random_25,,fixed_fusion,,False,,20260921,163,px083_policy_transfer/results/METRICS.json,T1105,100,2384,55,0.02307046979865772,0.55,0.04428341384863124,0.023396033836307253,0.5103054271112193,source reported; blank if unsupported,True,,,,45,"Not applicable: binary T1105-vs-other-technique, not attack-vs-benign"
PX083-0164,PX083,camlds,random_25,,mixed_dropout,,False,,20260921,164,px083_policy_transfer/results/METRICS.json,OtherTechnique,4109,1142,1123,0.9833625218914186,0.27330250669262596,0.4277280517996572,,,not reported for this class,True,,,,,"Not applicable: binary T1105-vs-other-technique, not attack-vs-benign"
PX083-0164,PX083,camlds,random_25,,mixed_dropout,,False,,20260921,164,px083_policy_transfer/results/METRICS.json,T1105,100,3067,81,0.026410172807303553,0.81,0.05115251026207768,0.022910974225780933,0.5093392552932586,source reported; blank if unsupported,True,,,,19,"Not applicable: binary T1105-vs-other-technique, not attack-vs-benign"
PX083-0165,PX083,camlds,random_25,,confidence_gate,,False,,20260921,165,px083_policy_transfer/results/METRICS.json,OtherTechnique,4109,1825,1780,0.9753424657534246,0.43319542467753713,0.599932591843613,,,not reported for this class,True,,,,,"Not applicable: binary T1105-vs-other-technique, not attack-vs-benign"
PX083-0165,PX083,camlds,random_25,,confidence_gate,,False,,20260921,165,px083_policy_transfer/results/METRICS.json,T1105,100,2384,55,0.02307046979865772,0.55,0.04428341384863124,0.02336967849293628,0.5137064979313701,source reported; blank if unsupported,True,,,,45,"Not applicable: binary T1105-vs-other-technique, not attack-vs-benign"
PX083-0166,PX083,camlds,random_25,,ordinary_gate,,False,,20260921,166,px083_policy_transfer/results/METRICS.json,OtherTechnique,4109,2136,2087,0.9770599250936329,0.5079094670236067,0.6683746997598079,,,not reported for this class,True,,,,,"Not applicable: binary T1105-vs-other-technique, not attack-vs-benign"
PX083-0166,PX083,camlds,random_25,,ordinary_gate,,False,,20260921,166,px083_policy_transfer/results/METRICS.json,T1105,100,2073,51,0.024602026049204053,0.51,0.04693971468016567,0.024622982420071004,0.5243343879289365,source reported; blank if unsupported,True,,,,49,"Not applicable: binary T1105-vs-other-technique, not attack-vs-benign"
PX083-0167,PX083,camlds,random_25,,target_cost_gate,,False,,20260921,167,px083_policy_transfer/results/METRICS.json,OtherTechnique,4109,1638,1599,0.9761904761904762,0.38914577756145047,0.5564642422133287,,,not reported for this class,True,,,,,"Not applicable: binary T1105-vs-other-technique, not attack-vs-benign"
PX083-0167,PX083,camlds,random_25,,target_cost_gate,,False,,20260921,167,px083_policy_transfer/results/METRICS.json,T1105,100,2571,61,0.023726176584986387,0.61,0.04567577686259828,0.02379497750485728,0.5196580676563641,source reported; blank if unsupported,True,,,,39,"Not applicable: binary T1105-vs-other-technique, not attack-vs-benign"
PX083-0168,PX083,camlds,random_25,,current,,False,,20260922,168,px083_policy_transfer/results/METRICS.json,OtherTechnique,4109,2145,2092,0.9752913752913753,0.5091263081041616,0.6690118324272466,,,not reported for this class,True,,,,,"Not applicable: binary T1105-vs-other-technique, not attack-vs-benign"
PX083-0168,PX083,camlds,random_25,,current,,False,,20260922,168,px083_policy_transfer/results/METRICS.json,T1105,100,2064,47,0.022771317829457363,0.47,0.04343807763401109,0.02457556979431338,0.4976028230713069,source reported; blank if unsupported,True,,,,53,"Not applicable: binary T1105-vs-other-technique, not attack-vs-benign"
PX083-0169,PX083,camlds,random_25,,context,,False,,20260922,169,px083_policy_transfer/results/METRICS.json,OtherTechnique,4109,1675,1635,0.9761194029850746,0.3979070333414456,0.5653526970954357,,,not reported for this class,True,,,,,"Not applicable: binary T1105-vs-other-technique, not attack-vs-benign"
PX083-0169,PX083,camlds,random_25,,context,,False,,20260922,169,px083_policy_transfer/results/METRICS.json,T1105,100,2534,60,0.02367797947908445,0.6,0.04555808656036447,0.03463047499573082,0.5083803845217815,source reported; blank if unsupported,True,,,,40,"Not applicable: binary T1105-vs-other-technique, not attack-vs-benign"
PX083-0170,PX083,camlds,random_25,,fixed_fusion,,False,,20260922,170,px083_policy_transfer/results/METRICS.json,OtherTechnique,4109,1841,1800,0.977729494839761,0.43806278899975665,0.6050420168067226,,,not reported for this class,True,,,,,"Not applicable: binary T1105-vs-other-technique, not attack-vs-benign"
PX083-0170,PX083,camlds,random_25,,fixed_fusion,,False,,20260922,170,px083_policy_transfer/results/METRICS.json,T1105,100,2368,59,0.02491554054054054,0.59,0.04781199351701783,0.028384844671230737,0.5057155025553663,source reported; blank if unsupported,True,,,,41,"Not applicable: binary T1105-vs-other-technique, not attack-vs-benign"
PX083-0171,PX083,camlds,random_25,,mixed_dropout,,False,,20260922,171,px083_policy_transfer/results/METRICS.json,OtherTechnique,4109,1178,1160,0.9847198641765704,0.28230713068873203,0.4388121808208814,,,not reported for this class,True,,,,,"Not applicable: binary T1105-vs-other-technique, not attack-vs-benign"
PX083-0171,PX083,camlds,random_25,,mixed_dropout,,False,,20260922,171,px083_policy_transfer/results/METRICS.json,T1105,100,3031,82,0.027053777631144835,0.82,0.05237943149153625,0.0269820185366038,0.5231990752007789,source reported; blank if unsupported,True,,,,18,"Not applicable: binary T1105-vs-other-technique, not attack-vs-benign"
PX083-0172,PX083,camlds,random_25,,confidence_gate,,False,,20260922,172,px083_policy_transfer/results/METRICS.json,OtherTechnique,4109,1841,1800,0.977729494839761,0.43806278899975665,0.6050420168067226,,,not reported for this class,True,,,,,"Not applicable: binary T1105-vs-other-technique, not attack-vs-benign"
PX083-0172,PX083,camlds,random_25,,confidence_gate,,False,,20260922,172,px083_policy_transfer/results/METRICS.json,T1105,100,2368,59,0.02491554054054054,0.59,0.04781199351701783,0.03464623796914942,0.5148746653687029,source reported; blank if unsupported,True,,,,41,"Not applicable: binary T1105-vs-other-technique, not attack-vs-benign"
PX083-0173,PX083,camlds,random_25,,ordinary_gate,,False,,20260922,173,px083_policy_transfer/results/METRICS.json,OtherTechnique,4109,2149,2096,0.9753373662168451,0.5100997809686055,0.6698625759028444,,,not reported for this class,True,,,,,"Not applicable: binary T1105-vs-other-technique, not attack-vs-benign"
PX083-0173,PX083,camlds,random_25,,ordinary_gate,,False,,20260922,173,px083_policy_transfer/results/METRICS.json,T1105,100,2060,47,0.022815533980582524,0.47,0.04351851851851852,0.025022199277219926,0.5058870771477245,source reported; blank if unsupported,True,,,,53,"Not applicable: binary T1105-vs-other-technique, not attack-vs-benign"
PX083-0174,PX083,camlds,random_25,,target_cost_gate,,False,,20260922,174,px083_policy_transfer/results/METRICS.json,OtherTechnique,4109,1675,1635,0.9761194029850746,0.3979070333414456,0.5653526970954357,,,not reported for this class,True,,,,,"Not applicable: binary T1105-vs-other-technique, not attack-vs-benign"
PX083-0174,PX083,camlds,random_25,,target_cost_gate,,False,,20260922,174,px083_policy_transfer/results/METRICS.json,T1105,100,2534,60,0.02367797947908445,0.6,0.04555808656036447,0.03474045588535411,0.5119724993915795,source reported; blank if unsupported,True,,,,40,"Not applicable: binary T1105-vs-other-technique, not attack-vs-benign"
PX083-0175,PX083,camlds,random_50,,current,,False,,20260920,175,px083_policy_transfer/results/METRICS.json,OtherTechnique,4109,3053,2978,0.9754339993449066,0.7247505475784862,0.8316112817648702,,,not reported for this class,True,,,,,"Not applicable: binary T1105-vs-other-technique, not attack-vs-benign"
PX083-0175,PX083,camlds,random_50,,current,,False,,20260920,175,px083_policy_transfer/results/METRICS.json,T1105,100,1156,25,0.02162629757785467,0.25,0.03980891719745223,0.024178338173801446,0.505778778291555,source reported; blank if unsupported,True,,,,75,"Not applicable: binary T1105-vs-other-technique, not attack-vs-benign"
PX083-0176,PX083,camlds,random_50,,context,,False,,20260920,176,px083_policy_transfer/results/METRICS.json,OtherTechnique,4109,2139,2090,0.9770920991117344,0.5086395716719396,0.6690140845070423,,,not reported for this class,True,,,,,"Not applicable: binary T1105-vs-other-technique, not attack-vs-benign"
PX083-0176,PX083,camlds,random_50,,context,,False,,20260920,176,px083_policy_transfer/results/METRICS.json,T1105,100,2070,51,0.02463768115942029,0.51,0.047004608294930875,0.027317945135054165,0.5375334631297153,source reported; blank if unsupported,True,,,,49,"Not applicable: binary T1105-vs-other-technique, not attack-vs-benign"
PX083-0177,PX083,camlds,random_50,,fixed_fusion,,False,,20260920,177,px083_policy_transfer/results/METRICS.json,OtherTechnique,4109,2416,2358,0.9759933774834437,0.5738622535896812,0.7227586206896551,,,not reported for this class,True,,,,,"Not applicable: binary T1105-vs-other-technique, not attack-vs-benign"
PX083-0177,PX083,camlds,random_50,,fixed_fusion,,False,,20260920,177,px083_policy_transfer/results/METRICS.json,T1105,100,1793,42,0.023424428332403793,0.42,0.044374009508716325,0.026133600806123244,0.5221282550498905,source reported; blank if unsupported,True,,,,58,"Not applicable: binary T1105-vs-other-technique, not attack-vs-benign"
PX083-0178,PX083,camlds,random_50,,mixed_dropout,,False,,20260920,178,px083_policy_transfer/results/METRICS.json,OtherTechnique,4109,1419,1393,0.981677237491191,0.3390119250425894,0.5039797395079595,,,not reported for this class,True,,,,,"Not applicable: binary T1105-vs-other-technique, not attack-vs-benign"
PX083-0178,PX083,camlds,random_50,,mixed_dropout,,False,,20260920,178,px083_policy_transfer/results/METRICS.json,T1105,100,2790,74,0.026523297491039426,0.74,0.05121107266435986,0.02761347112427691,0.5558420540277439,source reported; blank if unsupported,True,,,,26,"Not applicable: binary T1105-vs-other-technique, not attack-vs-benign"
PX083-0179,PX083,camlds,random_50,,confidence_gate,,False,,20260920,179,px083_policy_transfer/results/METRICS.json,OtherTechnique,4109,2416,2358,0.9759933774834437,0.5738622535896812,0.7227586206896551,,,not reported for this class,True,,,,,"Not applicable: binary T1105-vs-other-technique, not attack-vs-benign"
PX083-0179,PX083,camlds,random_50,,confidence_gate,,False,,20260920,179,px083_policy_transfer/results/METRICS.json,T1105,100,1793,42,0.023424428332403793,0.42,0.044374009508716325,0.026537018218014095,0.5254563154052081,source reported; blank if unsupported,True,,,,58,"Not applicable: binary T1105-vs-other-technique, not attack-vs-benign"
PX083-0180,PX083,camlds,random_50,,ordinary_gate,,False,,20260920,180,px083_policy_transfer/results/METRICS.json,OtherTechnique,4109,3054,2979,0.9754420432220039,0.7249939157945973,0.8317743962027083,,,not reported for this class,True,,,,,"Not applicable: binary T1105-vs-other-technique, not attack-vs-benign"
PX083-0180,PX083,camlds,random_50,,ordinary_gate,,False,,20260920,180,px083_policy_transfer/results/METRICS.json,T1105,100,1155,25,0.021645021645021644,0.25,0.0398406374501992,0.024599159847378853,0.5139316135312728,source reported; blank if unsupported,True,,,,75,"Not applicable: binary T1105-vs-other-technique, not attack-vs-benign"
PX083-0181,PX083,camlds,random_50,,target_cost_gate,,False,,20260920,181,px083_policy_transfer/results/METRICS.json,OtherTechnique,4109,2139,2090,0.9770920991117344,0.5086395716719396,0.6690140845070423,,,not reported for this class,True,,,,,"Not applicable: binary T1105-vs-other-technique, not attack-vs-benign"
PX083-0181,PX083,camlds,random_50,,target_cost_gate,,False,,20260920,181,px083_policy_transfer/results/METRICS.json,T1105,100,2070,51,0.02463768115942029,0.51,0.047004608294930875,0.026998686096247636,0.5293197858359697,source reported; blank if unsupported,True,,,,49,"Not applicable: binary T1105-vs-other-technique, not attack-vs-benign"
PX083-0182,PX083,camlds,random_50,,current,,False,,20260921,182,px083_policy_transfer/results/METRICS.json,OtherTechnique,4109,3036,2966,0.9769433465085638,0.7218301289851545,0.8302309307207838,,,not reported for this class,True,,,,,"Not applicable: binary T1105-vs-other-technique, not attack-vs-benign"
PX083-0182,PX083,camlds,random_50,,current,,False,,20260921,182,px083_policy_transfer/results/METRICS.json,T1105,100,1173,30,0.02557544757033248,0.3,0.04713275726630008,0.023966519348229416,0.5046081771720614,source reported; blank if unsupported,True,,,,70,"Not applicable: binary T1105-vs-other-technique, not attack-vs-benign"
PX083-0183,PX083,camlds,random_50,,context,,False,,20260921,183,px083_policy_transfer/results/METRICS.json,OtherTechnique,4109,2122,2075,0.9778510838831291,0.504989048430275,0.6660247151340074,,,not reported for this class,True,,,,,"Not applicable: binary T1105-vs-other-technique, not attack-vs-benign"
PX083-0183,PX083,camlds,random_50,,context,,False,,20260921,183,px083_policy_transfer/results/METRICS.json,T1105,100,2087,53,0.02539530426449449,0.53,0.04846822130772748,0.02538858822599689,0.5156814310051108,source reported; blank if unsupported,True,,,,47,"Not applicable: binary T1105-vs-other-technique, not attack-vs-benign"
PX083-0184,PX083,camlds,random_50,,fixed_fusion,,False,,20260921,184,px083_policy_transfer/results/METRICS.json,OtherTechnique,4109,2370,2318,0.9780590717299578,0.5641275249452421,0.7155425219941349,,,not reported for this class,True,,,,,"Not applicable: binary T1105-vs-other-technique, not attack-vs-benign"
PX083-0184,PX083,camlds,random_50,,fixed_fusion,,False,,20260921,184,px083_policy_transfer/results/METRICS.json,T1105,100,1839,48,0.026101141924959218,0.48,0.04951005673027334,0.02467668498291261,0.513958384035045,source reported; blank if unsupported,True,,,,52,"Not applicable: binary T1105-vs-other-technique, not attack-vs-benign"
PX083-0185,PX083,camlds,random_50,,mixed_dropout,,False,,20260921,185,px083_policy_transfer/results/METRICS.json,OtherTechnique,4109,1385,1351,0.9754512635379061,0.3287904599659284,0.4918092464506735,,,not reported for this class,True,,,,,"Not applicable: binary T1105-vs-other-technique, not attack-vs-benign"
PX083-0185,PX083,camlds,random_50,,mixed_dropout,,False,,20260921,185,px083_policy_transfer/results/METRICS.json,T1105,100,2824,66,0.023371104815864022,0.66,0.04514363885088919,0.022136912203823793,0.4821014845461183,source reported; blank if unsupported,True,,,,34,"Not applicable: binary T1105-vs-other-technique, not attack-vs-benign"
PX083-0186,PX083,camlds,random_50,,confidence_gate,,False,,20260921,186,px083_policy_transfer/results/METRICS.json,OtherTechnique,4109,2370,2318,0.9780590717299578,0.5641275249452421,0.7155425219941349,,,not reported for this class,True,,,,,"Not applicable: binary T1105-vs-other-technique, not attack-vs-benign"
PX083-0186,PX083,camlds,random_50,,confidence_gate,,False,,20260921,186,px083_policy_transfer/results/METRICS.json,T1105,100,1839,48,0.026101141924959218,0.48,0.04951005673027334,0.024969620363796543,0.5119530299342906,source reported; blank if unsupported,True,,,,52,"Not applicable: binary T1105-vs-other-technique, not attack-vs-benign"
PX083-0187,PX083,camlds,random_50,,ordinary_gate,,False,,20260921,187,px083_policy_transfer/results/METRICS.json,OtherTechnique,4109,3037,2967,0.9769509384260784,0.7220734972012656,0.8303946263643996,,,not reported for this class,True,,,,,"Not applicable: binary T1105-vs-other-technique, not attack-vs-benign"
PX083-0187,PX083,camlds,random_50,,ordinary_gate,,False,,20260921,187,px083_policy_transfer/results/METRICS.json,T1105,100,1172,30,0.025597269624573378,0.3,0.04716981132075472,0.02383214907767065,0.5060525675346801,source reported; blank if unsupported,True,,,,70,"Not applicable: binary T1105-vs-other-technique, not attack-vs-benign"
PX083-0188,PX083,camlds,random_50,,target_cost_gate,,False,,20260921,188,px083_policy_transfer/results/METRICS.json,OtherTechnique,4109,2122,2075,0.9778510838831291,0.504989048430275,0.6660247151340074,,,not reported for this class,True,,,,,"Not applicable: binary T1105-vs-other-technique, not attack-vs-benign"
PX083-0188,PX083,camlds,random_50,,target_cost_gate,,False,,20260921,188,px083_policy_transfer/results/METRICS.json,T1105,100,2087,53,0.02539530426449449,0.53,0.04846822130772748,0.02531078578600294,0.5139486493064007,source reported; blank if unsupported,True,,,,47,"Not applicable: binary T1105-vs-other-technique, not attack-vs-benign"
PX083-0189,PX083,camlds,random_50,,current,,False,,20260922,189,px083_policy_transfer/results/METRICS.json,OtherTechnique,4109,3117,3046,0.9772216875200513,0.7412995862740326,0.8430667035704401,,,not reported for this class,True,,,,,"Not applicable: binary T1105-vs-other-technique, not attack-vs-benign"
PX083-0189,PX083,camlds,random_50,,current,,False,,20260922,189,px083_policy_transfer/results/METRICS.json,T1105,100,1092,29,0.026556776556776556,0.29,0.04865771812080537,0.026370949038197047,0.5198259917254806,source reported; blank if unsupported,True,,,,71,"Not applicable: binary T1105-vs-other-technique, not attack-vs-benign"
PX083-0190,PX083,camlds,random_50,,context,,False,,20260922,190,px083_policy_transfer/results/METRICS.json,OtherTechnique,4109,2145,2094,0.9762237762237762,0.5096130445363836,0.6696514230892229,,,not reported for this class,True,,,,,"Not applicable: binary T1105-vs-other-technique, not attack-vs-benign"
PX083-0190,PX083,camlds,random_50,,context,,False,,20260922,190,px083_policy_transfer/results/METRICS.json,T1105,100,2064,49,0.02374031007751938,0.49,0.04528650646950092,0.03618468833901947,0.5300048673643222,source reported; blank if unsupported,True,,,,51,"Not applicable: binary T1105-vs-other-technique, not attack-vs-benign"
PX083-0191,PX083,camlds,random_50,,fixed_fusion,,False,,20260922,191,px083_policy_transfer/results/METRICS.json,OtherTechnique,4109,2424,2369,0.9773102310231023,0.5765393039669019,0.7252410837287617,,,not reported for this class,True,,,,,"Not applicable: binary T1105-vs-other-technique, not attack-vs-benign"
PX083-0191,PX083,camlds,random_50,,fixed_fusion,,False,,20260922,191,px083_policy_transfer/results/METRICS.json,T1105,100,1785,45,0.025210084033613446,0.45,0.04774535809018567,0.03910457606330563,0.5281284984181066,source reported; blank if unsupported,True,,,,55,"Not applicable: binary T1105-vs-other-technique, not attack-vs-benign"
PX083-0192,PX083,camlds,random_50,,mixed_dropout,,False,,20260922,192,px083_policy_transfer/results/METRICS.json,OtherTechnique,4109,1438,1411,0.9812239221140473,0.343392552932587,0.5087434649360014,,,not reported for this class,True,,,,,"Not applicable: binary T1105-vs-other-technique, not attack-vs-benign"
PX083-0192,PX083,camlds,random_50,,mixed_dropout,,False,,20260922,192,px083_policy_transfer/results/METRICS.json,T1105,100,2771,73,0.026344280043305666,0.73,0.050853361198188785,0.028880504117937904,0.5456510099780969,source reported; blank if unsupported,True,,,,27,"Not applicable: binary T1105-vs-other-technique, not attack-vs-benign"
PX083-0193,PX083,camlds,random_50,,confidence_gate,,False,,20260922,193,px083_policy_transfer/results/METRICS.json,OtherTechnique,4109,2424,2369,0.9773102310231023,0.5765393039669019,0.7252410837287617,,,not reported for this class,True,,,,,"Not applicable: binary T1105-vs-other-technique, not attack-vs-benign"
PX083-0193,PX083,camlds,random_50,,confidence_gate,,False,,20260922,193,px083_policy_transfer/results/METRICS.json,T1105,100,1785,45,0.025210084033613446,0.45,0.04774535809018567,0.03624394941439357,0.5363884156729131,source reported; blank if unsupported,True,,,,55,"Not applicable: binary T1105-vs-other-technique, not attack-vs-benign"
PX083-0194,PX083,camlds,random_50,,ordinary_gate,,False,,20260922,194,px083_policy_transfer/results/METRICS.json,OtherTechnique,4109,3119,3048,0.977236293683873,0.7417863227062546,0.8433868289983398,,,not reported for this class,True,,,,,"Not applicable: binary T1105-vs-other-technique, not attack-vs-benign"
PX083-0194,PX083,camlds,random_50,,ordinary_gate,,False,,20260922,194,px083_policy_transfer/results/METRICS.json,T1105,100,1090,29,0.026605504587155965,0.29,0.04873949579831933,0.02836141773970551,0.5323910927232903,source reported; blank if unsupported,True,,,,71,"Not applicable: binary T1105-vs-other-technique, not attack-vs-benign"
PX083-0195,PX083,camlds,random_50,,target_cost_gate,,False,,20260922,195,px083_policy_transfer/results/METRICS.json,OtherTechnique,4109,2145,2094,0.9762237762237762,0.5096130445363836,0.6696514230892229,,,not reported for this class,True,,,,,"Not applicable: binary T1105-vs-other-technique, not attack-vs-benign"
PX083-0195,PX083,camlds,random_50,,target_cost_gate,,False,,20260922,195,px083_policy_transfer/results/METRICS.json,T1105,100,2064,49,0.02374031007751938,0.49,0.04528650646950092,0.0363000082272361,0.5338549525431978,source reported; blank if unsupported,True,,,,51,"Not applicable: binary T1105-vs-other-technique, not attack-vs-benign"
PX083-0196,PX083,camlds,random_75,,current,,False,,20260920,196,px083_policy_transfer/results/METRICS.json,OtherTechnique,4109,3680,3592,0.9760869565217392,0.8741786322706254,0.9223263576839132,,,not reported for this class,True,,,,,"Not applicable: binary T1105-vs-other-technique, not attack-vs-benign"
PX083-0196,PX083,camlds,random_75,,current,,False,,20260920,196,px083_policy_transfer/results/METRICS.json,T1105,100,529,12,0.022684310018903593,0.12,0.03815580286168521,0.023571855487367323,0.4815052324166464,source reported; blank if unsupported,True,,,,88,"Not applicable: binary T1105-vs-other-technique, not attack-vs-benign"
PX083-0197,PX083,camlds,random_75,,context,,False,,20260920,197,px083_policy_transfer/results/METRICS.json,OtherTechnique,4109,2861,2791,0.9755330304089479,0.6792406911657337,0.8008608321377332,,,not reported for this class,True,,,,,"Not applicable: binary T1105-vs-other-technique, not attack-vs-benign"
PX083-0197,PX083,camlds,random_75,,context,,False,,20260920,197,px083_policy_transfer/results/METRICS.json,T1105,100,1348,30,0.02225519287833828,0.3,0.04143646408839779,0.022368097089059444,0.4809260160623022,source reported; blank if unsupported,True,,,,70,"Not applicable: binary T1105-vs-other-technique, not attack-vs-benign"
PX083-0198,PX083,camlds,random_75,,fixed_fusion,,False,,20260920,198,px083_policy_transfer/results/METRICS.json,OtherTechnique,4109,3172,3094,0.9754098360655737,0.7529812606473595,0.849883257794259,,,not reported for this class,True,,,,,"Not applicable: binary T1105-vs-other-technique, not attack-vs-benign"
PX083-0198,PX083,camlds,random_75,,fixed_fusion,,False,,20260920,198,px083_policy_transfer/results/METRICS.json,T1105,100,1037,22,0.021215043394406944,0.22,0.03869832893579595,0.022907241111712745,0.47971890971039177,source reported; blank if unsupported,True,,,,78,"Not applicable: binary T1105-vs-other-technique, not attack-vs-benign"
PX083-0199,PX083,camlds,random_75,,mixed_dropout,,False,,20260920,199,px083_policy_transfer/results/METRICS.json,OtherTechnique,4109,2251,2199,0.9768991559306974,0.535166707228036,0.6915094339622642,,,not reported for this class,True,,,,,"Not applicable: binary T1105-vs-other-technique, not attack-vs-benign"
PX083-0199,PX083,camlds,random_75,,mixed_dropout,,False,,20260920,199,px083_policy_transfer/results/METRICS.json,T1105,100,1958,48,0.024514811031664963,0.48,0.04664723032069971,0.02275796438061102,0.48680579216354336,source reported; blank if unsupported,True,,,,52,"Not applicable: binary T1105-vs-other-technique, not attack-vs-benign"
PX083-0200,PX083,camlds,random_75,,confidence_gate,,False,,20260920,200,px083_policy_transfer/results/METRICS.json,OtherTechnique,4109,3172,3094,0.9754098360655737,0.7529812606473595,0.849883257794259,,,not reported for this class,True,,,,,"Not applicable: binary T1105-vs-other-technique, not attack-vs-benign"
PX083-0200,PX083,camlds,random_75,,confidence_gate,,False,,20260920,200,px083_policy_transfer/results/METRICS.json,T1105,100,1037,22,0.021215043394406944,0.22,0.03869832893579595,0.021956123251335023,0.4742005354100754,source reported; blank if unsupported,True,,,,78,"Not applicable: binary T1105-vs-other-technique, not attack-vs-benign"
PX083-0201,PX083,camlds,random_75,,ordinary_gate,,False,,20260920,201,px083_policy_transfer/results/METRICS.json,OtherTechnique,4109,3680,3592,0.9760869565217392,0.8741786322706254,0.9223263576839132,,,not reported for this class,True,,,,,"Not applicable: binary T1105-vs-other-technique, not attack-vs-benign"
PX083-0201,PX083,camlds,random_75,,ordinary_gate,,False,,20260920,201,px083_policy_transfer/results/METRICS.json,T1105,100,529,12,0.022684310018903593,0.12,0.03815580286168521,0.0237061035291333,0.48134582623509364,source reported; blank if unsupported,True,,,,88,"Not applicable: binary T1105-vs-other-technique, not attack-vs-benign"
PX083-0202,PX083,camlds,random_75,,target_cost_gate,,False,,20260920,202,px083_policy_transfer/results/METRICS.json,OtherTechnique,4109,2861,2791,0.9755330304089479,0.6792406911657337,0.8008608321377332,,,not reported for this class,True,,,,,"Not applicable: binary T1105-vs-other-technique, not attack-vs-benign"
PX083-0202,PX083,camlds,random_75,,target_cost_gate,,False,,20260920,202,px083_policy_transfer/results/METRICS.json,T1105,100,1348,30,0.02225519287833828,0.3,0.04143646408839779,0.022300096430286815,0.47975541494280843,source reported; blank if unsupported,True,,,,70,"Not applicable: binary T1105-vs-other-technique, not attack-vs-benign"
PX083-0203,PX083,camlds,random_75,,current,,False,,20260921,203,px083_policy_transfer/results/METRICS.json,OtherTechnique,4109,3689,3609,0.9783139062076444,0.8783158919445121,0.9256219543472686,,,not reported for this class,True,,,,,"Not applicable: binary T1105-vs-other-technique, not attack-vs-benign"
PX083-0203,PX083,camlds,random_75,,current,,False,,20260921,203,px083_policy_transfer/results/METRICS.json,T1105,100,520,20,0.038461538461538464,0.2,0.06451612903225806,0.025935631598733334,0.4964030177658798,source reported; blank if unsupported,True,,,,80,"Not applicable: binary T1105-vs-other-technique, not attack-vs-benign"
PX083-0204,PX083,camlds,random_75,,context,,False,,20260921,204,px083_policy_transfer/results/METRICS.json,OtherTechnique,4109,2849,2783,0.9768339768339769,0.677293745436846,0.7999425122161541,,,not reported for this class,True,,,,,"Not applicable: binary T1105-vs-other-technique, not attack-vs-benign"
PX083-0204,PX083,camlds,random_75,,context,,False,,20260921,204,px083_policy_transfer/results/METRICS.json,T1105,100,1360,34,0.025,0.34,0.04657534246575343,0.029428201222379168,0.49528230713068877,source reported; blank if unsupported,True,,,,66,"Not applicable: binary T1105-vs-other-technique, not attack-vs-benign"
PX083-0205,PX083,camlds,random_75,,fixed_fusion,,False,,20260921,205,px083_policy_transfer/results/METRICS.json,OtherTechnique,4109,3150,3078,0.9771428571428571,0.7490873691895839,0.8480506956881113,,,not reported for this class,True,,,,,"Not applicable: binary T1105-vs-other-technique, not attack-vs-benign"
PX083-0205,PX083,camlds,random_75,,fixed_fusion,,False,,20260921,205,px083_policy_transfer/results/METRICS.json,T1105,100,1059,28,0.02644003777148253,0.28,0.04831751509922347,0.027416505507325738,0.49736553906059866,source reported; blank if unsupported,True,,,,72,"Not applicable: binary T1105-vs-other-technique, not attack-vs-benign"
PX083-0206,PX083,camlds,random_75,,mixed_dropout,,False,,20260921,206,px083_policy_transfer/results/METRICS.json,OtherTechnique,4109,2223,2169,0.9757085020242915,0.5278656607447068,0.6850915982312066,,,not reported for this class,True,,,,,"Not applicable: binary T1105-vs-other-technique, not attack-vs-benign"
PX083-0206,PX083,camlds,random_75,,mixed_dropout,,False,,20260921,206,px083_policy_transfer/results/METRICS.json,T1105,100,1986,46,0.023162134944612285,0.46,0.04410354745925216,0.02274765091606913,0.4760805548795327,source reported; blank if unsupported,True,,,,54,"Not applicable: binary T1105-vs-other-technique, not attack-vs-benign"
PX083-0207,PX083,camlds,random_75,,confidence_gate,,False,,20260921,207,px083_policy_transfer/results/METRICS.json,OtherTechnique,4109,3150,3078,0.9771428571428571,0.7490873691895839,0.8480506956881113,,,not reported for this class,True,,,,,"Not applicable: binary T1105-vs-other-technique, not attack-vs-benign"
PX083-0207,PX083,camlds,random_75,,confidence_gate,,False,,20260921,207,px083_policy_transfer/results/METRICS.json,T1105,100,1059,28,0.02644003777148253,0.28,0.04831751509922347,0.029181144559129304,0.4945485519591142,source reported; blank if unsupported,True,,,,72,"Not applicable: binary T1105-vs-other-technique, not attack-vs-benign"
PX083-0208,PX083,camlds,random_75,,ordinary_gate,,False,,20260921,208,px083_policy_transfer/results/METRICS.json,OtherTechnique,4109,3689,3609,0.9783139062076444,0.8783158919445121,0.9256219543472686,,,not reported for this class,True,,,,,"Not applicable: binary T1105-vs-other-technique, not attack-vs-benign"
PX083-0208,PX083,camlds,random_75,,ordinary_gate,,False,,20260921,208,px083_policy_transfer/results/METRICS.json,T1105,100,520,20,0.038461538461538464,0.2,0.06451612903225806,0.026464496868939834,0.49972742759795574,source reported; blank if unsupported,True,,,,80,"Not applicable: binary T1105-vs-other-technique, not attack-vs-benign"
PX083-0209,PX083,camlds,random_75,,target_cost_gate,,False,,20260921,209,px083_policy_transfer/results/METRICS.json,OtherTechnique,4109,2849,2783,0.9768339768339769,0.677293745436846,0.7999425122161541,,,not reported for this class,True,,,,,"Not applicable: binary T1105-vs-other-technique, not attack-vs-benign"
PX083-0209,PX083,camlds,random_75,,target_cost_gate,,False,,20260921,209,px083_policy_transfer/results/METRICS.json,T1105,100,1360,34,0.025,0.34,0.04657534246575343,0.029406447688385327,0.4951460209296666,source reported; blank if unsupported,True,,,,66,"Not applicable: binary T1105-vs-other-technique, not attack-vs-benign"
PX083-0210,PX083,camlds,random_75,,current,,False,,20260922,210,px083_policy_transfer/results/METRICS.json,OtherTechnique,4109,3734,3647,0.9767005891805035,0.8875638841567292,0.9300012750223129,,,not reported for this class,True,,,,,"Not applicable: binary T1105-vs-other-technique, not attack-vs-benign"
PX083-0210,PX083,camlds,random_75,,current,,False,,20260922,210,px083_policy_transfer/results/METRICS.json,T1105,100,475,13,0.02736842105263158,0.13,0.04521739130434783,0.025530519885519444,0.5340958870771477,source reported; blank if unsupported,True,,,,87,"Not applicable: binary T1105-vs-other-technique, not attack-vs-benign"
PX083-0211,PX083,camlds,random_75,,context,,False,,20260922,211,px083_policy_transfer/results/METRICS.json,OtherTechnique,4109,2865,2798,0.9766143106457242,0.6809442686785105,0.8024089475193577,,,not reported for this class,True,,,,,"Not applicable: binary T1105-vs-other-technique, not attack-vs-benign"
PX083-0211,PX083,camlds,random_75,,context,,False,,20260922,211,px083_policy_transfer/results/METRICS.json,T1105,100,1344,33,0.024553571428571428,0.33,0.045706371191135735,0.024282455512924194,0.5166792406911657,source reported; blank if unsupported,True,,,,67,"Not applicable: binary T1105-vs-other-technique, not attack-vs-benign"
PX083-0212,PX083,camlds,random_75,,fixed_fusion,,False,,20260922,212,px083_policy_transfer/results/METRICS.json,OtherTechnique,4109,3191,3114,0.9758696333437794,0.7578486249695789,0.8531506849315068,,,not reported for this class,True,,,,,"Not applicable: binary T1105-vs-other-technique, not attack-vs-benign"
PX083-0212,PX083,camlds,random_75,,fixed_fusion,,False,,20260922,212,px083_policy_transfer/results/METRICS.json,T1105,100,1018,23,0.022593320235756387,0.23,0.04114490161001789,0.02452557993294606,0.5227512776831346,source reported; blank if unsupported,True,,,,77,"Not applicable: binary T1105-vs-other-technique, not attack-vs-benign"
PX083-0213,PX083,camlds,random_75,,mixed_dropout,,False,,20260922,213,px083_policy_transfer/results/METRICS.json,OtherTechnique,4109,2247,2198,0.9781931464174455,0.534923339011925,0.6916299559471366,,,not reported for this class,True,,,,,"Not applicable: binary T1105-vs-other-technique, not attack-vs-benign"
PX083-0213,PX083,camlds,random_75,,mixed_dropout,,False,,20260922,213,px083_policy_transfer/results/METRICS.json,T1105,100,1962,51,0.02599388379204893,0.51,0.049466537342386034,0.02707857842315712,0.5261779021659772,source reported; blank if unsupported,True,,,,49,"Not applicable: binary T1105-vs-other-technique, not attack-vs-benign"
PX083-0214,PX083,camlds,random_75,,confidence_gate,,False,,20260922,214,px083_policy_transfer/results/METRICS.json,OtherTechnique,4109,3191,3114,0.9758696333437794,0.7578486249695789,0.8531506849315068,,,not reported for this class,True,,,,,"Not applicable: binary T1105-vs-other-technique, not attack-vs-benign"
PX083-0214,PX083,camlds,random_75,,confidence_gate,,False,,20260922,214,px083_policy_transfer/results/METRICS.json,T1105,100,1018,23,0.022593320235756387,0.23,0.04114490161001789,0.024857166737907378,0.5253285470917498,source reported; blank if unsupported,True,,,,77,"Not applicable: binary T1105-vs-other-technique, not attack-vs-benign"
PX083-0215,PX083,camlds,random_75,,ordinary_gate,,False,,20260922,215,px083_policy_transfer/results/METRICS.json,OtherTechnique,4109,3734,3647,0.9767005891805035,0.8875638841567292,0.9300012750223129,,,not reported for this class,True,,,,,"Not applicable: binary T1105-vs-other-technique, not attack-vs-benign"
PX083-0215,PX083,camlds,random_75,,ordinary_gate,,False,,20260922,215,px083_policy_transfer/results/METRICS.json,T1105,100,475,13,0.02736842105263158,0.13,0.04521739130434783,0.025726577285307098,0.5347176928693113,source reported; blank if unsupported,True,,,,87,"Not applicable: binary T1105-vs-other-technique, not attack-vs-benign"
PX083-0216,PX083,camlds,random_75,,target_cost_gate,,False,,20260922,216,px083_policy_transfer/results/METRICS.json,OtherTechnique,4109,2865,2798,0.9766143106457242,0.6809442686785105,0.8024089475193577,,,not reported for this class,True,,,,,"Not applicable: binary T1105-vs-other-technique, not attack-vs-benign"
PX083-0216,PX083,camlds,random_75,,target_cost_gate,,False,,20260922,216,px083_policy_transfer/results/METRICS.json,T1105,100,1344,33,0.024553571428571428,0.33,0.045706371191135735,0.02453482356744106,0.5212229252859576,source reported; blank if unsupported,True,,,,67,"Not applicable: binary T1105-vs-other-technique, not attack-vs-benign"
PX083-0217,PX083,camlds,support_burst_60,,current,,False,,20260920,217,px083_policy_transfer/results/METRICS.json,OtherTechnique,4109,793,780,0.9836065573770492,0.1898272085665612,0.3182374541003672,,,not reported for this class,True,,,,,"Not applicable: binary T1105-vs-other-technique, not attack-vs-benign"
PX083-0217,PX083,camlds,support_burst_60,,current,,False,,20260920,217,px083_policy_transfer/results/METRICS.json,T1105,100,3416,87,0.025468384074941453,0.87,0.04948805460750853,0.02380494954929556,0.5087320515940618,source reported; blank if unsupported,True,,,,13,"Not applicable: binary T1105-vs-other-technique, not attack-vs-benign"
PX083-0218,PX083,camlds,support_burst_60,,context,,False,,20260920,218,px083_policy_transfer/results/METRICS.json,OtherTechnique,4109,429,424,0.9883449883449883,0.10318812363105379,0.1868664609960335,,,not reported for this class,True,,,,,"Not applicable: binary T1105-vs-other-technique, not attack-vs-benign"
PX083-0218,PX083,camlds,support_burst_60,,context,,False,,20260920,218,px083_policy_transfer/results/METRICS.json,T1105,100,3780,95,0.02513227513227513,0.95,0.04896907216494845,0.022294751203577788,0.4862399610610854,source reported; blank if unsupported,True,,,,5,"Not applicable: binary T1105-vs-other-technique, not attack-vs-benign"
PX083-0219,PX083,camlds,support_burst_60,,fixed_fusion,,False,,20260920,219,px083_policy_transfer/results/METRICS.json,OtherTechnique,4109,626,618,0.987220447284345,0.1504015575565831,0.2610348468848997,,,not reported for this class,True,,,,,"Not applicable: binary T1105-vs-other-technique, not attack-vs-benign"
PX083-0219,PX083,camlds,support_burst_60,,fixed_fusion,,False,,20260920,219,px083_policy_transfer/results/METRICS.json,T1105,100,3583,92,0.025676807144850683,0.92,0.04995927233233777,0.02239838769714254,0.4956169384278414,source reported; blank if unsupported,True,,,,8,"Not applicable: binary T1105-vs-other-technique, not attack-vs-benign"
PX083-0220,PX083,camlds,support_burst_60,,mixed_dropout,,False,,20260920,220,px083_policy_transfer/results/METRICS.json,OtherTechnique,4109,577,568,0.9844020797227037,0.13823314675103432,0.24242424242424243,,,not reported for this class,True,,,,,"Not applicable: binary T1105-vs-other-technique, not attack-vs-benign"
PX083-0220,PX083,camlds,support_burst_60,,mixed_dropout,,False,,20260920,220,px083_policy_transfer/results/METRICS.json,T1105,100,3632,91,0.025055066079295155,0.91,0.04876741693461951,0.02157315313945767,0.48114869798004384,source reported; blank if unsupported,True,,,,9,"Not applicable: binary T1105-vs-other-technique, not attack-vs-benign"
PX083-0221,PX083,camlds,support_burst_60,,confidence_gate,,False,,20260920,221,px083_policy_transfer/results/METRICS.json,OtherTechnique,4109,626,618,0.987220447284345,0.1504015575565831,0.2610348468848997,,,not reported for this class,True,,,,,"Not applicable: binary T1105-vs-other-technique, not attack-vs-benign"
PX083-0221,PX083,camlds,support_burst_60,,confidence_gate,,False,,20260920,221,px083_policy_transfer/results/METRICS.json,T1105,100,3583,92,0.025676807144850683,0.92,0.04995927233233777,0.022445028950063436,0.4907325383304941,source reported; blank if unsupported,True,,,,8,"Not applicable: binary T1105-vs-other-technique, not attack-vs-benign"
PX083-0222,PX083,camlds,support_burst_60,,ordinary_gate,,False,,20260920,222,px083_policy_transfer/results/METRICS.json,OtherTechnique,4109,796,783,0.9836683417085427,0.19055731321489414,0.3192660550458716,,,not reported for this class,True,,,,,"Not applicable: binary T1105-vs-other-technique, not attack-vs-benign"
PX083-0222,PX083,camlds,support_burst_60,,ordinary_gate,,False,,20260920,222,px083_policy_transfer/results/METRICS.json,T1105,100,3413,87,0.025490770583064752,0.87,0.04953031596925705,0.02375468554964597,0.5078547091749818,source reported; blank if unsupported,True,,,,13,"Not applicable: binary T1105-vs-other-technique, not attack-vs-benign"
PX083-0223,PX083,camlds,support_burst_60,,target_cost_gate,,False,,20260920,223,px083_policy_transfer/results/METRICS.json,OtherTechnique,4109,429,424,0.9883449883449883,0.10318812363105379,0.1868664609960335,,,not reported for this class,True,,,,,"Not applicable: binary T1105-vs-other-technique, not attack-vs-benign"
PX083-0223,PX083,camlds,support_burst_60,,target_cost_gate,,False,,20260920,223,px083_policy_transfer/results/METRICS.json,T1105,100,3780,95,0.02513227513227513,0.95,0.04896907216494845,0.022293392810130003,0.48622292528595773,source reported; blank if unsupported,True,,,,5,"Not applicable: binary T1105-vs-other-technique, not attack-vs-benign"
PX083-0224,PX083,camlds,command_records_absent,,current,,False,,20260920,224,px083_policy_transfer/results/METRICS.json,OtherTechnique,4109,4207,4107,0.9762300927026385,0.999513263567778,0.9877344877344877,,,not reported for this class,True,,,,,"Not applicable: binary T1105-vs-other-technique, not attack-vs-benign"
PX083-0224,PX083,camlds,command_records_absent,,current,,False,,20260920,224,px083_policy_transfer/results/METRICS.json,T1105,100,2,0,0.0,0.0,0.0,0.024108481120370465,0.5045923582380141,source reported; blank if unsupported,True,,,,100,"Not applicable: binary T1105-vs-other-technique, not attack-vs-benign"
PX083-0225,PX083,camlds,command_records_absent,,context,,False,,20260920,225,px083_policy_transfer/results/METRICS.json,OtherTechnique,4109,3528,3443,0.9759070294784581,0.8379167680700901,0.9016629566583737,,,not reported for this class,True,,,,,"Not applicable: binary T1105-vs-other-technique, not attack-vs-benign"
PX083-0225,PX083,camlds,command_records_absent,,context,,False,,20260920,225,px083_policy_transfer/results/METRICS.json,T1105,100,681,15,0.022026431718061675,0.15,0.03841229193341869,0.02498062420124441,0.5338342662448284,source reported; blank if unsupported,True,,,,85,"Not applicable: binary T1105-vs-other-technique, not attack-vs-benign"
PX083-0226,PX083,camlds,command_records_absent,,fixed_fusion,,False,,20260920,226,px083_policy_transfer/results/METRICS.json,OtherTechnique,4109,4205,4105,0.976218787158145,0.9990265271355561,0.9874909790714458,,,not reported for this class,True,,,,,"Not applicable: binary T1105-vs-other-technique, not attack-vs-benign"
PX083-0226,PX083,camlds,command_records_absent,,fixed_fusion,,False,,20260920,226,px083_policy_transfer/results/METRICS.json,T1105,100,4,0,0.0,0.0,0.0,0.02445717567129461,0.525355317595522,source reported; blank if unsupported,True,,,,100,"Not applicable: binary T1105-vs-other-technique, not attack-vs-benign"
PX083-0227,PX083,camlds,command_records_absent,,mixed_dropout,,False,,20260920,227,px083_policy_transfer/results/METRICS.json,OtherTechnique,4109,1149,1133,0.9860748476936466,0.2757361888537357,0.4309623430962343,,,not reported for this class,True,,,,,"Not applicable: binary T1105-vs-other-technique, not attack-vs-benign"
PX083-0227,PX083,camlds,command_records_absent,,mixed_dropout,,False,,20260920,227,px083_policy_transfer/results/METRICS.json,T1105,100,3060,84,0.027450980392156862,0.84,0.053164556962025315,0.025607797459202594,0.5444499878315893,source reported; blank if unsupported,True,,,,16,"Not applicable: binary T1105-vs-other-technique, not attack-vs-benign"
PX083-0228,PX083,camlds,command_records_absent,,confidence_gate,,False,,20260920,228,px083_policy_transfer/results/METRICS.json,OtherTechnique,4109,4205,4105,0.976218787158145,0.9990265271355561,0.9874909790714458,,,not reported for this class,True,,,,,"Not applicable: binary T1105-vs-other-technique, not attack-vs-benign"
PX083-0228,PX083,camlds,command_records_absent,,confidence_gate,,False,,20260920,228,px083_policy_transfer/results/METRICS.json,T1105,100,4,0,0.0,0.0,0.0,0.02421563476112143,0.5293185689948893,source reported; blank if unsupported,True,,,,100,"Not applicable: binary T1105-vs-other-technique, not attack-vs-benign"
PX083-0229,PX083,camlds,command_records_absent,,ordinary_gate,,False,,20260920,229,px083_policy_transfer/results/METRICS.json,OtherTechnique,4109,4207,4107,0.9762300927026385,0.999513263567778,0.9877344877344877,,,not reported for this class,True,,,,,"Not applicable: binary T1105-vs-other-technique, not attack-vs-benign"
PX083-0229,PX083,camlds,command_records_absent,,ordinary_gate,,False,,20260920,229,px083_policy_transfer/results/METRICS.json,T1105,100,2,0,0.0,0.0,0.0,0.025288448026480365,0.5377889997566317,source reported; blank if unsupported,True,,,,100,"Not applicable: binary T1105-vs-other-technique, not attack-vs-benign"
PX083-0230,PX083,camlds,command_records_absent,,target_cost_gate,,False,,20260920,230,px083_policy_transfer/results/METRICS.json,OtherTechnique,4109,3528,3443,0.9759070294784581,0.8379167680700901,0.9016629566583737,,,not reported for this class,True,,,,,"Not applicable: binary T1105-vs-other-technique, not attack-vs-benign"
PX083-0230,PX083,camlds,command_records_absent,,target_cost_gate,,False,,20260920,230,px083_policy_transfer/results/METRICS.json,T1105,100,681,15,0.022026431718061675,0.15,0.03841229193341869,0.024744362818919757,0.5305414942808468,source reported; blank if unsupported,True,,,,85,"Not applicable: binary T1105-vs-other-technique, not attack-vs-benign"
PX083-0231,PX083,camlds,delay_30_deadline_0,,current,,False,,20260920,231,px083_policy_transfer/results/METRICS.json,OtherTechnique,4109,4207,4107,0.9762300927026385,0.999513263567778,0.9877344877344877,,,not reported for this class,True,,,,,"Not applicable: binary T1105-vs-other-technique, not attack-vs-benign"
PX083-0231,PX083,camlds,delay_30_deadline_0,,current,,False,,20260920,231,px083_policy_transfer/results/METRICS.json,T1105,100,2,0,0.0,0.0,0.0,0.024108481120370465,0.5045923582380141,source reported; blank if unsupported,True,,,,100,"Not applicable: binary T1105-vs-other-technique, not attack-vs-benign"
PX083-0232,PX083,camlds,delay_30_deadline_0,,context,,False,,20260920,232,px083_policy_transfer/results/METRICS.json,OtherTechnique,4109,4058,3962,0.976343026121242,0.9642248722316865,0.9702461124035754,,,not reported for this class,True,,,,,"Not applicable: binary T1105-vs-other-technique, not attack-vs-benign"
PX083-0232,PX083,camlds,delay_30_deadline_0,,context,,False,,20260920,232,px083_policy_transfer/results/METRICS.json,T1105,100,151,4,0.026490066225165563,0.04,0.03187250996015936,0.024890733450032898,0.530587734241908,source reported; blank if unsupported,True,,,,96,"Not applicable: binary T1105-vs-other-technique, not attack-vs-benign"
PX083-0233,PX083,camlds,delay_30_deadline_0,,fixed_fusion,,False,,20260920,233,px083_policy_transfer/results/METRICS.json,OtherTechnique,4109,4196,4096,0.9761677788369876,0.9968362131905573,0.9863937387116195,,,not reported for this class,True,,,,,"Not applicable: binary T1105-vs-other-technique, not attack-vs-benign"
PX083-0233,PX083,camlds,delay_30_deadline_0,,fixed_fusion,,False,,20260920,233,px083_policy_transfer/results/METRICS.json,T1105,100,13,0,0.0,0.0,0.0,0.023821712705659925,0.5191202238987588,source reported; blank if unsupported,True,,,,100,"Not applicable: binary T1105-vs-other-technique, not attack-vs-benign"
PX083-0234,PX083,camlds,delay_30_deadline_0,,mixed_dropout,,False,,20260920,234,px083_policy_transfer/results/METRICS.json,OtherTechnique,4109,1260,1239,0.9833333333333333,0.30153321976149916,0.46153846153846156,,,not reported for this class,True,,,,,"Not applicable: binary T1105-vs-other-technique, not attack-vs-benign"
PX083-0234,PX083,camlds,delay_30_deadline_0,,mixed_dropout,,False,,20260920,234,px083_policy_transfer/results/METRICS.json,T1105,100,2949,79,0.026788741946422515,0.79,0.05182026894063627,0.02887206907509779,0.570585300559747,source reported; blank if unsupported,True,,,,21,"Not applicable: binary T1105-vs-other-technique, not attack-vs-benign"
PX083-0235,PX083,camlds,delay_30_deadline_0,,confidence_gate,,False,,20260920,235,px083_policy_transfer/results/METRICS.json,OtherTechnique,4109,4196,4096,0.9761677788369876,0.9968362131905573,0.9863937387116195,,,not reported for this class,True,,,,,"Not applicable: binary T1105-vs-other-technique, not attack-vs-benign"
PX083-0235,PX083,camlds,delay_30_deadline_0,,confidence_gate,,False,,20260920,235,px083_policy_transfer/results/METRICS.json,T1105,100,13,0,0.0,0.0,0.0,0.024401586757978874,0.5240691165733755,source reported; blank if unsupported,True,,,,100,"Not applicable: binary T1105-vs-other-technique, not attack-vs-benign"
PX083-0236,PX083,camlds,delay_30_deadline_0,,ordinary_gate,,False,,20260920,236,px083_policy_transfer/results/METRICS.json,OtherTechnique,4109,4207,4107,0.9762300927026385,0.999513263567778,0.9877344877344877,,,not reported for this class,True,,,,,"Not applicable: binary T1105-vs-other-technique, not attack-vs-benign"
PX083-0236,PX083,camlds,delay_30_deadline_0,,ordinary_gate,,False,,20260920,236,px083_policy_transfer/results/METRICS.json,T1105,100,2,0,0.0,0.0,0.0,0.024679741041291912,0.5269481625699683,source reported; blank if unsupported,True,,,,100,"Not applicable: binary T1105-vs-other-technique, not attack-vs-benign"
PX083-0237,PX083,camlds,delay_30_deadline_0,,target_cost_gate,,False,,20260920,237,px083_policy_transfer/results/METRICS.json,OtherTechnique,4109,4058,3962,0.976343026121242,0.9642248722316865,0.9702461124035754,,,not reported for this class,True,,,,,"Not applicable: binary T1105-vs-other-technique, not attack-vs-benign"
PX083-0237,PX083,camlds,delay_30_deadline_0,,target_cost_gate,,False,,20260920,237,px083_policy_transfer/results/METRICS.json,T1105,100,151,4,0.026490066225165563,0.04,0.03187250996015936,0.02516165590004582,0.527993429058165,source reported; blank if unsupported,True,,,,96,"Not applicable: binary T1105-vs-other-technique, not attack-vs-benign"
PX083-0238,PX083,camlds,delay_30_deadline_30,,current,,False,,20260920,238,px083_policy_transfer/results/METRICS.json,OtherTechnique,4109,793,780,0.9836065573770492,0.1898272085665612,0.3182374541003672,,,not reported for this class,True,,,,,"Not applicable: binary T1105-vs-other-technique, not attack-vs-benign"
PX083-0238,PX083,camlds,delay_30_deadline_30,,current,,False,,20260920,238,px083_policy_transfer/results/METRICS.json,T1105,100,3416,87,0.025468384074941453,0.87,0.04948805460750853,0.02380494954929556,0.5087320515940618,source reported; blank if unsupported,True,,,,13,"Not applicable: binary T1105-vs-other-technique, not attack-vs-benign"
PX083-0239,PX083,camlds,delay_30_deadline_30,,context,,False,,20260920,239,px083_policy_transfer/results/METRICS.json,OtherTechnique,4109,1013,1001,0.9881539980256664,0.24361158432708688,0.39086294416243655,,,not reported for this class,True,,,,,"Not applicable: binary T1105-vs-other-technique, not attack-vs-benign"
PX083-0239,PX083,camlds,delay_30_deadline_30,,context,,False,,20260920,239,px083_policy_transfer/results/METRICS.json,T1105,100,3196,88,0.02753441802252816,0.88,0.05339805825242718,0.02773794427482751,0.5594755414942808,source reported; blank if unsupported,True,,,,12,"Not applicable: binary T1105-vs-other-technique, not attack-vs-benign"
PX083-0240,PX083,camlds,delay_30_deadline_30,,fixed_fusion,,False,,20260920,240,px083_policy_transfer/results/METRICS.json,OtherTechnique,4109,950,938,0.9873684210526316,0.2282793867120954,0.37082427357185216,,,not reported for this class,True,,,,,"Not applicable: binary T1105-vs-other-technique, not attack-vs-benign"
PX083-0240,PX083,camlds,delay_30_deadline_30,,fixed_fusion,,False,,20260920,240,px083_policy_transfer/results/METRICS.json,T1105,100,3259,88,0.02700214789812826,0.88,0.052396546591247393,0.02485768128155143,0.5380761742516428,source reported; blank if unsupported,True,,,,12,"Not applicable: binary T1105-vs-other-technique, not attack-vs-benign"
PX083-0241,PX083,camlds,delay_30_deadline_30,,mixed_dropout,,False,,20260920,241,px083_policy_transfer/results/METRICS.json,OtherTechnique,4109,1086,1071,0.9861878453038674,0.2606473594548552,0.41231953801732435,,,not reported for this class,True,,,,,"Not applicable: binary T1105-vs-other-technique, not attack-vs-benign"
PX083-0241,PX083,camlds,delay_30_deadline_30,,mixed_dropout,,False,,20260920,241,px083_policy_transfer/results/METRICS.json,T1105,100,3123,85,0.027217419148254884,0.85,0.05274588892336333,0.027590189676380616,0.566019712825505,source reported; blank if unsupported,True,,,,15,"Not applicable: binary T1105-vs-other-technique, not attack-vs-benign"
PX083-0242,PX083,camlds,delay_30_deadline_30,,confidence_gate,,False,,20260920,242,px083_policy_transfer/results/METRICS.json,OtherTechnique,4109,950,938,0.9873684210526316,0.2282793867120954,0.37082427357185216,,,not reported for this class,True,,,,,"Not applicable: binary T1105-vs-other-technique, not attack-vs-benign"
PX083-0242,PX083,camlds,delay_30_deadline_30,,confidence_gate,,False,,20260920,242,px083_policy_transfer/results/METRICS.json,T1105,100,3259,88,0.02700214789812826,0.88,0.052396546591247393,0.02499252619271254,0.5347992212217084,source reported; blank if unsupported,True,,,,12,"Not applicable: binary T1105-vs-other-technique, not attack-vs-benign"
PX083-0243,PX083,camlds,delay_30_deadline_30,,ordinary_gate,,False,,20260920,243,px083_policy_transfer/results/METRICS.json,OtherTechnique,4109,797,784,0.9836888331242158,0.19080068143100512,0.31960864247859766,,,not reported for this class,True,,,,,"Not applicable: binary T1105-vs-other-technique, not attack-vs-benign"
PX083-0243,PX083,camlds,delay_30_deadline_30,,ordinary_gate,,False,,20260920,243,px083_policy_transfer/results/METRICS.json,T1105,100,3412,87,0.025498241500586168,0.87,0.049544419134396354,0.023389017098576898,0.5069968362131906,source reported; blank if unsupported,True,,,,13,"Not applicable: binary T1105-vs-other-technique, not attack-vs-benign"
PX083-0244,PX083,camlds,delay_30_deadline_30,,target_cost_gate,,False,,20260920,244,px083_policy_transfer/results/METRICS.json,OtherTechnique,4109,1013,1001,0.9881539980256664,0.24361158432708688,0.39086294416243655,,,not reported for this class,True,,,,,"Not applicable: binary T1105-vs-other-technique, not attack-vs-benign"
PX083-0244,PX083,camlds,delay_30_deadline_30,,target_cost_gate,,False,,20260920,244,px083_policy_transfer/results/METRICS.json,T1105,100,3196,88,0.02753441802252816,0.88,0.05339805825242718,0.027734248623616765,0.5593076174251642,source reported; blank if unsupported,True,,,,12,"Not applicable: binary T1105-vs-other-technique, not attack-vs-benign"
PX083-0245,PX083,camlds,delay_120_deadline_0,,current,,False,,20260920,245,px083_policy_transfer/results/METRICS.json,OtherTechnique,4109,4207,4107,0.9762300927026385,0.999513263567778,0.9877344877344877,,,not reported for this class,True,,,,,"Not applicable: binary T1105-vs-other-technique, not attack-vs-benign"
PX083-0245,PX083,camlds,delay_120_deadline_0,,current,,False,,20260920,245,px083_policy_transfer/results/METRICS.json,T1105,100,2,0,0.0,0.0,0.0,0.024108481120370465,0.5045923582380141,source reported; blank if unsupported,True,,,,100,"Not applicable: binary T1105-vs-other-technique, not attack-vs-benign"
PX083-0246,PX083,camlds,delay_120_deadline_0,,context,,False,,20260920,246,px083_policy_transfer/results/METRICS.json,OtherTechnique,4109,3528,3443,0.9759070294784581,0.8379167680700901,0.9016629566583737,,,not reported for this class,True,,,,,"Not applicable: binary T1105-vs-other-technique, not attack-vs-benign"
PX083-0246,PX083,camlds,delay_120_deadline_0,,context,,False,,20260920,246,px083_policy_transfer/results/METRICS.json,T1105,100,681,15,0.022026431718061675,0.15,0.03841229193341869,0.02498062420124441,0.5338342662448284,source reported; blank if unsupported,True,,,,85,"Not applicable: binary T1105-vs-other-technique, not attack-vs-benign"
PX083-0247,PX083,camlds,delay_120_deadline_0,,fixed_fusion,,False,,20260920,247,px083_policy_transfer/results/METRICS.json,OtherTechnique,4109,4205,4105,0.976218787158145,0.9990265271355561,0.9874909790714458,,,not reported for this class,True,,,,,"Not applicable: binary T1105-vs-other-technique, not attack-vs-benign"
PX083-0247,PX083,camlds,delay_120_deadline_0,,fixed_fusion,,False,,20260920,247,px083_policy_transfer/results/METRICS.json,T1105,100,4,0,0.0,0.0,0.0,0.02445717567129461,0.525355317595522,source reported; blank if unsupported,True,,,,100,"Not applicable: binary T1105-vs-other-technique, not attack-vs-benign"
PX083-0248,PX083,camlds,delay_120_deadline_0,,mixed_dropout,,False,,20260920,248,px083_policy_transfer/results/METRICS.json,OtherTechnique,4109,1149,1133,0.9860748476936466,0.2757361888537357,0.4309623430962343,,,not reported for this class,True,,,,,"Not applicable: binary T1105-vs-other-technique, not attack-vs-benign"
PX083-0248,PX083,camlds,delay_120_deadline_0,,mixed_dropout,,False,,20260920,248,px083_policy_transfer/results/METRICS.json,T1105,100,3060,84,0.027450980392156862,0.84,0.053164556962025315,0.025607797459202594,0.5444499878315893,source reported; blank if unsupported,True,,,,16,"Not applicable: binary T1105-vs-other-technique, not attack-vs-benign"
PX083-0249,PX083,camlds,delay_120_deadline_0,,confidence_gate,,False,,20260920,249,px083_policy_transfer/results/METRICS.json,OtherTechnique,4109,4205,4105,0.976218787158145,0.9990265271355561,0.9874909790714458,,,not reported for this class,True,,,,,"Not applicable: binary T1105-vs-other-technique, not attack-vs-benign"
PX083-0249,PX083,camlds,delay_120_deadline_0,,confidence_gate,,False,,20260920,249,px083_policy_transfer/results/METRICS.json,T1105,100,4,0,0.0,0.0,0.0,0.02421563476112143,0.5293185689948893,source reported; blank if unsupported,True,,,,100,"Not applicable: binary T1105-vs-other-technique, not attack-vs-benign"
PX083-0250,PX083,camlds,delay_120_deadline_0,,ordinary_gate,,False,,20260920,250,px083_policy_transfer/results/METRICS.json,OtherTechnique,4109,4207,4107,0.9762300927026385,0.999513263567778,0.9877344877344877,,,not reported for this class,True,,,,,"Not applicable: binary T1105-vs-other-technique, not attack-vs-benign"
PX083-0250,PX083,camlds,delay_120_deadline_0,,ordinary_gate,,False,,20260920,250,px083_policy_transfer/results/METRICS.json,T1105,100,2,0,0.0,0.0,0.0,0.025288448026480365,0.5377889997566317,source reported; blank if unsupported,True,,,,100,"Not applicable: binary T1105-vs-other-technique, not attack-vs-benign"
PX083-0251,PX083,camlds,delay_120_deadline_0,,target_cost_gate,,False,,20260920,251,px083_policy_transfer/results/METRICS.json,OtherTechnique,4109,3528,3443,0.9759070294784581,0.8379167680700901,0.9016629566583737,,,not reported for this class,True,,,,,"Not applicable: binary T1105-vs-other-technique, not attack-vs-benign"
PX083-0251,PX083,camlds,delay_120_deadline_0,,target_cost_gate,,False,,20260920,251,px083_policy_transfer/results/METRICS.json,T1105,100,681,15,0.022026431718061675,0.15,0.03841229193341869,0.024744362818919757,0.5305414942808468,source reported; blank if unsupported,True,,,,85,"Not applicable: binary T1105-vs-other-technique, not attack-vs-benign"
PX083-0252,PX083,camlds,delay_120_deadline_30,,current,,False,,20260920,252,px083_policy_transfer/results/METRICS.json,OtherTechnique,4109,4207,4107,0.9762300927026385,0.999513263567778,0.9877344877344877,,,not reported for this class,True,,,,,"Not applicable: binary T1105-vs-other-technique, not attack-vs-benign"
PX083-0252,PX083,camlds,delay_120_deadline_30,,current,,False,,20260920,252,px083_policy_transfer/results/METRICS.json,T1105,100,2,0,0.0,0.0,0.0,0.024108481120370465,0.5045923582380141,source reported; blank if unsupported,True,,,,100,"Not applicable: binary T1105-vs-other-technique, not attack-vs-benign"
PX083-0253,PX083,camlds,delay_120_deadline_30,,context,,False,,20260920,253,px083_policy_transfer/results/METRICS.json,OtherTechnique,4109,3825,3733,0.9759477124183007,0.908493550742273,0.9410133602218301,,,not reported for this class,True,,,,,"Not applicable: binary T1105-vs-other-technique, not attack-vs-benign"
PX083-0253,PX083,camlds,delay_120_deadline_30,,context,,False,,20260920,253,px083_policy_transfer/results/METRICS.json,T1105,100,384,8,0.020833333333333332,0.08,0.03305785123966942,0.02469957731958902,0.529412265758092,source reported; blank if unsupported,True,,,,92,"Not applicable: binary T1105-vs-other-technique, not attack-vs-benign"
PX083-0254,PX083,camlds,delay_120_deadline_30,,fixed_fusion,,False,,20260920,254,px083_policy_transfer/results/METRICS.json,OtherTechnique,4109,4203,4103,0.9762074708541518,0.9985397907033341,0.987247353224254,,,not reported for this class,True,,,,,"Not applicable: binary T1105-vs-other-technique, not attack-vs-benign"
PX083-0254,PX083,camlds,delay_120_deadline_30,,fixed_fusion,,False,,20260920,254,px083_policy_transfer/results/METRICS.json,T1105,100,6,0,0.0,0.0,0.0,0.024213316073193356,0.5210915064492577,source reported; blank if unsupported,True,,,,100,"Not applicable: binary T1105-vs-other-technique, not attack-vs-benign"
PX083-0255,PX083,camlds,delay_120_deadline_30,,mixed_dropout,,False,,20260920,255,px083_policy_transfer/results/METRICS.json,OtherTechnique,4109,1060,1046,0.9867924528301887,0.2545631540520808,0.4047204488295608,,,not reported for this class,True,,,,,"Not applicable: binary T1105-vs-other-technique, not attack-vs-benign"
PX083-0255,PX083,camlds,delay_120_deadline_30,,mixed_dropout,,False,,20260920,255,px083_policy_transfer/results/METRICS.json,T1105,100,3149,86,0.02731025722451572,0.86,0.05293936595875654,0.025901279735628772,0.5442528595765393,source reported; blank if unsupported,True,,,,14,"Not applicable: binary T1105-vs-other-technique, not attack-vs-benign"
PX083-0256,PX083,camlds,delay_120_deadline_30,,confidence_gate,,False,,20260920,256,px083_policy_transfer/results/METRICS.json,OtherTechnique,4109,4203,4103,0.9762074708541518,0.9985397907033341,0.987247353224254,,,not reported for this class,True,,,,,"Not applicable: binary T1105-vs-other-technique, not attack-vs-benign"
PX083-0256,PX083,camlds,delay_120_deadline_30,,confidence_gate,,False,,20260920,256,px083_policy_transfer/results/METRICS.json,T1105,100,6,0,0.0,0.0,0.0,0.024441846658521185,0.5271951813093211,source reported; blank if unsupported,True,,,,100,"Not applicable: binary T1105-vs-other-technique, not attack-vs-benign"
PX083-0257,PX083,camlds,delay_120_deadline_30,,ordinary_gate,,False,,20260920,257,px083_policy_transfer/results/METRICS.json,OtherTechnique,4109,4207,4107,0.9762300927026385,0.999513263567778,0.9877344877344877,,,not reported for this class,True,,,,,"Not applicable: binary T1105-vs-other-technique, not attack-vs-benign"
PX083-0257,PX083,camlds,delay_120_deadline_30,,ordinary_gate,,False,,20260920,257,px083_policy_transfer/results/METRICS.json,T1105,100,2,0,0.0,0.0,0.0,0.02486721672491926,0.5315174008274519,source reported; blank if unsupported,True,,,,100,"Not applicable: binary T1105-vs-other-technique, not attack-vs-benign"
PX083-0258,PX083,camlds,delay_120_deadline_30,,target_cost_gate,,False,,20260920,258,px083_policy_transfer/results/METRICS.json,OtherTechnique,4109,3825,3733,0.9759477124183007,0.908493550742273,0.9410133602218301,,,not reported for this class,True,,,,,"Not applicable: binary T1105-vs-other-technique, not attack-vs-benign"
PX083-0258,PX083,camlds,delay_120_deadline_30,,target_cost_gate,,False,,20260920,258,px083_policy_transfer/results/METRICS.json,T1105,100,384,8,0.020833333333333332,0.08,0.03305785123966942,0.024198598318616794,0.5240764176198588,source reported; blank if unsupported,True,,,,92,"Not applicable: binary T1105-vs-other-technique, not attack-vs-benign"
PX083-0259,PX083,camlds,delay_120_deadline_120,,current,,False,,20260920,259,px083_policy_transfer/results/METRICS.json,OtherTechnique,4109,793,780,0.9836065573770492,0.1898272085665612,0.3182374541003672,,,not reported for this class,True,,,,,"Not applicable: binary T1105-vs-other-technique, not attack-vs-benign"
PX083-0259,PX083,camlds,delay_120_deadline_120,,current,,False,,20260920,259,px083_policy_transfer/results/METRICS.json,T1105,100,3416,87,0.025468384074941453,0.87,0.04948805460750853,0.02380494954929556,0.5087320515940618,source reported; blank if unsupported,True,,,,13,"Not applicable: binary T1105-vs-other-technique, not attack-vs-benign"
PX083-0260,PX083,camlds,delay_120_deadline_120,,context,,False,,20260920,260,px083_policy_transfer/results/METRICS.json,OtherTechnique,4109,1013,1001,0.9881539980256664,0.24361158432708688,0.39086294416243655,,,not reported for this class,True,,,,,"Not applicable: binary T1105-vs-other-technique, not attack-vs-benign"
PX083-0260,PX083,camlds,delay_120_deadline_120,,context,,False,,20260920,260,px083_policy_transfer/results/METRICS.json,T1105,100,3196,88,0.02753441802252816,0.88,0.05339805825242718,0.02773794427482751,0.5594755414942808,source reported; blank if unsupported,True,,,,12,"Not applicable: binary T1105-vs-other-technique, not attack-vs-benign"
PX083-0261,PX083,camlds,delay_120_deadline_120,,fixed_fusion,,False,,20260920,261,px083_policy_transfer/results/METRICS.json,OtherTechnique,4109,950,938,0.9873684210526316,0.2282793867120954,0.37082427357185216,,,not reported for this class,True,,,,,"Not applicable: binary T1105-vs-other-technique, not attack-vs-benign"
PX083-0261,PX083,camlds,delay_120_deadline_120,,fixed_fusion,,False,,20260920,261,px083_policy_transfer/results/METRICS.json,T1105,100,3259,88,0.02700214789812826,0.88,0.052396546591247393,0.02485768128155143,0.5380761742516428,source reported; blank if unsupported,True,,,,12,"Not applicable: binary T1105-vs-other-technique, not attack-vs-benign"
PX083-0262,PX083,camlds,delay_120_deadline_120,,mixed_dropout,,False,,20260920,262,px083_policy_transfer/results/METRICS.json,OtherTechnique,4109,1086,1071,0.9861878453038674,0.2606473594548552,0.41231953801732435,,,not reported for this class,True,,,,,"Not applicable: binary T1105-vs-other-technique, not attack-vs-benign"
PX083-0262,PX083,camlds,delay_120_deadline_120,,mixed_dropout,,False,,20260920,262,px083_policy_transfer/results/METRICS.json,T1105,100,3123,85,0.027217419148254884,0.85,0.05274588892336333,0.027590189676380616,0.566019712825505,source reported; blank if unsupported,True,,,,15,"Not applicable: binary T1105-vs-other-technique, not attack-vs-benign"
PX083-0263,PX083,camlds,delay_120_deadline_120,,confidence_gate,,False,,20260920,263,px083_policy_transfer/results/METRICS.json,OtherTechnique,4109,950,938,0.9873684210526316,0.2282793867120954,0.37082427357185216,,,not reported for this class,True,,,,,"Not applicable: binary T1105-vs-other-technique, not attack-vs-benign"
PX083-0263,PX083,camlds,delay_120_deadline_120,,confidence_gate,,False,,20260920,263,px083_policy_transfer/results/METRICS.json,T1105,100,3259,88,0.02700214789812826,0.88,0.052396546591247393,0.02499252619271254,0.5347992212217084,source reported; blank if unsupported,True,,,,12,"Not applicable: binary T1105-vs-other-technique, not attack-vs-benign"
PX083-0264,PX083,camlds,delay_120_deadline_120,,ordinary_gate,,False,,20260920,264,px083_policy_transfer/results/METRICS.json,OtherTechnique,4109,797,784,0.9836888331242158,0.19080068143100512,0.31960864247859766,,,not reported for this class,True,,,,,"Not applicable: binary T1105-vs-other-technique, not attack-vs-benign"
PX083-0264,PX083,camlds,delay_120_deadline_120,,ordinary_gate,,False,,20260920,264,px083_policy_transfer/results/METRICS.json,T1105,100,3412,87,0.025498241500586168,0.87,0.049544419134396354,0.023389017098576898,0.5069968362131906,source reported; blank if unsupported,True,,,,13,"Not applicable: binary T1105-vs-other-technique, not attack-vs-benign"
PX083-0265,PX083,camlds,delay_120_deadline_120,,target_cost_gate,,False,,20260920,265,px083_policy_transfer/results/METRICS.json,OtherTechnique,4109,1013,1001,0.9881539980256664,0.24361158432708688,0.39086294416243655,,,not reported for this class,True,,,,,"Not applicable: binary T1105-vs-other-technique, not attack-vs-benign"
PX083-0265,PX083,camlds,delay_120_deadline_120,,target_cost_gate,,False,,20260920,265,px083_policy_transfer/results/METRICS.json,T1105,100,3196,88,0.02753441802252816,0.88,0.05339805825242718,0.027734248623616765,0.5593076174251642,source reported; blank if unsupported,True,,,,12,"Not applicable: binary T1105-vs-other-technique, not attack-vs-benign"
PX083-0266,PX083,camlds,execve_absent,,current,,False,,20260920,266,px083_policy_transfer/results/METRICS.json,OtherTechnique,4109,798,782,0.9799498746867168,0.19031394499878315,0.3187283472590177,,,not reported for this class,True,,,,,"Not applicable: binary T1105-vs-other-technique, not attack-vs-benign"
PX083-0266,PX083,camlds,execve_absent,,current,,False,,20260920,266,px083_policy_transfer/results/METRICS.json,T1105,100,3411,84,0.024626209322779244,0.84,0.04784961549416121,0.02425945831559851,0.509600876125578,source reported; blank if unsupported,True,,,,16,"Not applicable: binary T1105-vs-other-technique, not attack-vs-benign"
PX083-0267,PX083,camlds,execve_absent,,context,,False,,20260920,267,px083_policy_transfer/results/METRICS.json,OtherTechnique,4109,1428,1402,0.9817927170868347,0.3412022389875882,0.5064114141231714,,,not reported for this class,True,,,,,"Not applicable: binary T1105-vs-other-technique, not attack-vs-benign"
PX083-0267,PX083,camlds,execve_absent,,context,,False,,20260920,267,px083_policy_transfer/results/METRICS.json,T1105,100,2781,74,0.02660913340524991,0.74,0.05137105171815342,0.025703684402001728,0.5387770747140423,source reported; blank if unsupported,True,,,,26,"Not applicable: binary T1105-vs-other-technique, not attack-vs-benign"
PX083-0268,PX083,camlds,execve_absent,,fixed_fusion,,False,,20260920,268,px083_policy_transfer/results/METRICS.json,OtherTechnique,4109,1267,1244,0.9818468823993686,0.302750060842054,0.46279761904761907,,,not reported for this class,True,,,,,"Not applicable: binary T1105-vs-other-technique, not attack-vs-benign"
PX083-0268,PX083,camlds,execve_absent,,fixed_fusion,,False,,20260920,268,px083_policy_transfer/results/METRICS.json,T1105,100,2942,77,0.026172671651937457,0.77,0.05062458908612755,0.024491144259184944,0.5227026040399123,source reported; blank if unsupported,True,,,,23,"Not applicable: binary T1105-vs-other-technique, not attack-vs-benign"
PX083-0269,PX083,camlds,execve_absent,,mixed_dropout,,False,,20260920,269,px083_policy_transfer/results/METRICS.json,OtherTechnique,4109,1071,1056,0.9859943977591037,0.2569968362131906,0.40772200772200773,,,not reported for this class,True,,,,,"Not applicable: binary T1105-vs-other-technique, not attack-vs-benign"
PX083-0269,PX083,camlds,execve_absent,,mixed_dropout,,False,,20260920,269,px083_policy_transfer/results/METRICS.json,T1105,100,3138,85,0.02708731676226896,0.85,0.05250154416306362,0.029433838825392907,0.5795266488196641,source reported; blank if unsupported,True,,,,15,"Not applicable: binary T1105-vs-other-technique, not attack-vs-benign"
PX083-0270,PX083,camlds,execve_absent,,confidence_gate,,False,,20260920,270,px083_policy_transfer/results/METRICS.json,OtherTechnique,4109,1267,1244,0.9818468823993686,0.302750060842054,0.46279761904761907,,,not reported for this class,True,,,,,"Not applicable: binary T1105-vs-other-technique, not attack-vs-benign"
PX083-0270,PX083,camlds,execve_absent,,confidence_gate,,False,,20260920,270,px083_policy_transfer/results/METRICS.json,T1105,100,2942,77,0.026172671651937457,0.77,0.05062458908612755,0.024797324182698886,0.5271501581893405,source reported; blank if unsupported,True,,,,23,"Not applicable: binary T1105-vs-other-technique, not attack-vs-benign"
PX083-0271,PX083,camlds,execve_absent,,ordinary_gate,,False,,20260920,271,px083_policy_transfer/results/METRICS.json,OtherTechnique,4109,804,788,0.9800995024875622,0.191774154295449,0.3207815998371667,,,not reported for this class,True,,,,,"Not applicable: binary T1105-vs-other-technique, not attack-vs-benign"
PX083-0271,PX083,camlds,execve_absent,,ordinary_gate,,False,,20260920,271,px083_policy_transfer/results/METRICS.json,T1105,100,3405,84,0.024669603524229075,0.84,0.047931526390870186,0.023504291458299516,0.5022888780725238,source reported; blank if unsupported,True,,,,16,"Not applicable: binary T1105-vs-other-technique, not attack-vs-benign"
PX083-0272,PX083,camlds,execve_absent,,target_cost_gate,,False,,20260920,272,px083_policy_transfer/results/METRICS.json,OtherTechnique,4109,1428,1402,0.9817927170868347,0.3412022389875882,0.5064114141231714,,,not reported for this class,True,,,,,"Not applicable: binary T1105-vs-other-technique, not attack-vs-benign"
PX083-0272,PX083,camlds,execve_absent,,target_cost_gate,,False,,20260920,272,px083_policy_transfer/results/METRICS.json,T1105,100,2781,74,0.02660913340524991,0.74,0.05137105171815342,0.025565413559263263,0.534322219518131,source reported; blank if unsupported,True,,,,26,"Not applicable: binary T1105-vs-other-technique, not attack-vs-benign"
PX083-0273,PX083,camlds,proctitle_absent,,current,,False,,20260920,273,px083_policy_transfer/results/METRICS.json,OtherTechnique,4109,4043,3944,0.9755132327479594,0.959844244341689,0.9676153091265947,,,not reported for this class,True,,,,,"Not applicable: binary T1105-vs-other-technique, not attack-vs-benign"
PX083-0273,PX083,camlds,proctitle_absent,,current,,False,,20260920,273,px083_policy_transfer/results/METRICS.json,T1105,100,166,1,0.006024096385542169,0.01,0.007518796992481203,0.02365134991419452,0.5037843757605257,source reported; blank if unsupported,True,,,,99,"Not applicable: binary T1105-vs-other-technique, not attack-vs-benign"
PX083-0274,PX083,camlds,proctitle_absent,,context,,False,,20260920,274,px083_policy_transfer/results/METRICS.json,OtherTechnique,4109,3225,3147,0.9758139534883721,0.7658797761012411,0.8581947095718571,,,not reported for this class,True,,,,,"Not applicable: binary T1105-vs-other-technique, not attack-vs-benign"
PX083-0274,PX083,camlds,proctitle_absent,,context,,False,,20260920,274,px083_policy_transfer/results/METRICS.json,T1105,100,984,22,0.022357723577235773,0.22,0.04059040590405904,0.024298810774173504,0.5299355074227305,source reported; blank if unsupported,True,,,,78,"Not applicable: binary T1105-vs-other-technique, not attack-vs-benign"
PX083-0275,PX083,camlds,proctitle_absent,,fixed_fusion,,False,,20260920,275,px083_policy_transfer/results/METRICS.json,OtherTechnique,4109,4182,4082,0.9760879961740794,0.9934290581650036,0.984682185502352,,,not reported for this class,True,,,,,"Not applicable: binary T1105-vs-other-technique, not attack-vs-benign"
PX083-0275,PX083,camlds,proctitle_absent,,fixed_fusion,,False,,20260920,275,px083_policy_transfer/results/METRICS.json,T1105,100,27,0,0.0,0.0,0.0,0.024298164214328337,0.5293611584327087,source reported; blank if unsupported,True,,,,100,"Not applicable: binary T1105-vs-other-technique, not attack-vs-benign"
PX083-0276,PX083,camlds,proctitle_absent,,mixed_dropout,,False,,20260920,276,px083_policy_transfer/results/METRICS.json,OtherTechnique,4109,1008,993,0.9851190476190477,0.2416646385981991,0.38811803791283955,,,not reported for this class,True,,,,,"Not applicable: binary T1105-vs-other-technique, not attack-vs-benign"
PX083-0276,PX083,camlds,proctitle_absent,,mixed_dropout,,False,,20260920,276,px083_policy_transfer/results/METRICS.json,T1105,100,3201,85,0.02655420181193377,0.85,0.051499545592244775,0.02545134357668631,0.5380737405694817,source reported; blank if unsupported,True,,,,15,"Not applicable: binary T1105-vs-other-technique, not attack-vs-benign"
PX083-0277,PX083,camlds,proctitle_absent,,confidence_gate,,False,,20260920,277,px083_policy_transfer/results/METRICS.json,OtherTechnique,4109,4182,4082,0.9760879961740794,0.9934290581650036,0.984682185502352,,,not reported for this class,True,,,,,"Not applicable: binary T1105-vs-other-technique, not attack-vs-benign"
PX083-0277,PX083,camlds,proctitle_absent,,confidence_gate,,False,,20260920,277,px083_policy_transfer/results/METRICS.json,T1105,100,27,0,0.0,0.0,0.0,0.025193642133455738,0.5366354344122657,source reported; blank if unsupported,True,,,,100,"Not applicable: binary T1105-vs-other-technique, not attack-vs-benign"
PX083-0278,PX083,camlds,proctitle_absent,,ordinary_gate,,False,,20260920,278,px083_policy_transfer/results/METRICS.json,OtherTechnique,4109,4043,3944,0.9755132327479594,0.959844244341689,0.9676153091265947,,,not reported for this class,True,,,,,"Not applicable: binary T1105-vs-other-technique, not attack-vs-benign"
PX083-0278,PX083,camlds,proctitle_absent,,ordinary_gate,,False,,20260920,278,px083_policy_transfer/results/METRICS.json,T1105,100,166,1,0.006024096385542169,0.01,0.007518796992481203,0.024479761167663087,0.5282197614991482,source reported; blank if unsupported,True,,,,99,"Not applicable: binary T1105-vs-other-technique, not attack-vs-benign"
PX083-0279,PX083,camlds,proctitle_absent,,target_cost_gate,,False,,20260920,279,px083_policy_transfer/results/METRICS.json,OtherTechnique,4109,3225,3147,0.9758139534883721,0.7658797761012411,0.8581947095718571,,,not reported for this class,True,,,,,"Not applicable: binary T1105-vs-other-technique, not attack-vs-benign"
PX083-0279,PX083,camlds,proctitle_absent,,target_cost_gate,,False,,20260920,279,px083_policy_transfer/results/METRICS.json,T1105,100,984,22,0.022357723577235773,0.22,0.04059040590405904,0.024302577920076885,0.5308408371866634,source reported; blank if unsupported,True,,,,78,"Not applicable: binary T1105-vs-other-technique, not attack-vs-benign"
PX083-0280,PX083,camlds,syscall_absent,,current,,False,,20260920,280,px083_policy_transfer/results/METRICS.json,OtherTechnique,4109,3864,3773,0.9764492753623188,0.9182282793867121,0.9464442493415277,,,not reported for this class,True,,,,,"Not applicable: binary T1105-vs-other-technique, not attack-vs-benign"
PX083-0280,PX083,camlds,syscall_absent,,current,,False,,20260920,280,px083_policy_transfer/results/METRICS.json,T1105,100,345,9,0.02608695652173913,0.09,0.04044943820224719,0.02508094080611403,0.5274920905329764,source reported; blank if unsupported,True,,,,91,"Not applicable: binary T1105-vs-other-technique, not attack-vs-benign"
PX083-0281,PX083,camlds,syscall_absent,,context,,False,,20260920,281,px083_policy_transfer/results/METRICS.json,OtherTechnique,4109,1926,1879,0.9755970924195223,0.4572888780725237,0.6227009113504557,,,not reported for this class,True,,,,,"Not applicable: binary T1105-vs-other-technique, not attack-vs-benign"
PX083-0281,PX083,camlds,syscall_absent,,context,,False,,20260920,281,px083_policy_transfer/results/METRICS.json,T1105,100,2283,53,0.023215067893123085,0.53,0.044481745698699116,0.027620649767910805,0.5144061815526892,source reported; blank if unsupported,True,,,,47,"Not applicable: binary T1105-vs-other-technique, not attack-vs-benign"
PX083-0282,PX083,camlds,syscall_absent,,fixed_fusion,,False,,20260920,282,px083_policy_transfer/results/METRICS.json,OtherTechnique,4109,2035,1987,0.9764127764127765,0.4835726454125091,0.6468098958333334,,,not reported for this class,True,,,,,"Not applicable: binary T1105-vs-other-technique, not attack-vs-benign"
PX083-0282,PX083,camlds,syscall_absent,,fixed_fusion,,False,,20260920,282,px083_policy_transfer/results/METRICS.json,T1105,100,2174,52,0.02391904323827047,0.52,0.04573438874230431,0.0247403307769454,0.5172365539060598,source reported; blank if unsupported,True,,,,48,"Not applicable: binary T1105-vs-other-technique, not attack-vs-benign"
PX083-0283,PX083,camlds,syscall_absent,,mixed_dropout,,False,,20260920,283,px083_policy_transfer/results/METRICS.json,OtherTechnique,4109,973,958,0.9845837615621789,0.23314675103431493,0.37701692247146795,,,not reported for this class,True,,,,,"Not applicable: binary T1105-vs-other-technique, not attack-vs-benign"
PX083-0283,PX083,camlds,syscall_absent,,mixed_dropout,,False,,20260920,283,px083_policy_transfer/results/METRICS.json,T1105,100,3236,85,0.02626699629171817,0.85,0.050959232613908875,0.024591874804308866,0.5188573862253589,source reported; blank if unsupported,True,,,,15,"Not applicable: binary T1105-vs-other-technique, not attack-vs-benign"
PX083-0284,PX083,camlds,syscall_absent,,confidence_gate,,False,,20260920,284,px083_policy_transfer/results/METRICS.json,OtherTechnique,4109,2035,1987,0.9764127764127765,0.4835726454125091,0.6468098958333334,,,not reported for this class,True,,,,,"Not applicable: binary T1105-vs-other-technique, not attack-vs-benign"
PX083-0284,PX083,camlds,syscall_absent,,confidence_gate,,False,,20260920,284,px083_policy_transfer/results/METRICS.json,T1105,100,2174,52,0.02391904323827047,0.52,0.04573438874230431,0.027941246118988905,0.5246836213190558,source reported; blank if unsupported,True,,,,48,"Not applicable: binary T1105-vs-other-technique, not attack-vs-benign"
PX083-0285,PX083,camlds,syscall_absent,,ordinary_gate,,False,,20260920,285,px083_policy_transfer/results/METRICS.json,OtherTechnique,4109,3864,3773,0.9764492753623188,0.9182282793867121,0.9464442493415277,,,not reported for this class,True,,,,,"Not applicable: binary T1105-vs-other-technique, not attack-vs-benign"
PX083-0285,PX083,camlds,syscall_absent,,ordinary_gate,,False,,20260920,285,px083_policy_transfer/results/METRICS.json,T1105,100,345,9,0.02608695652173913,0.09,0.04044943820224719,0.024935547098673915,0.522403261134096,source reported; blank if unsupported,True,,,,91,"Not applicable: binary T1105-vs-other-technique, not attack-vs-benign"
PX083-0286,PX083,camlds,syscall_absent,,target_cost_gate,,False,,20260920,286,px083_policy_transfer/results/METRICS.json,OtherTechnique,4109,1926,1879,0.9755970924195223,0.4572888780725237,0.6227009113504557,,,not reported for this class,True,,,,,"Not applicable: binary T1105-vs-other-technique, not attack-vs-benign"
PX083-0286,PX083,camlds,syscall_absent,,target_cost_gate,,False,,20260920,286,px083_policy_transfer/results/METRICS.json,T1105,100,2283,53,0.023215067893123085,0.53,0.044481745698699116,0.027713310514442105,0.5179301533219762,source reported; blank if unsupported,True,,,,47,"Not applicable: binary T1105-vs-other-technique, not attack-vs-benign"
PX083-0287,PX083,camlds,path_absent,,current,,False,,20260920,287,px083_policy_transfer/results/METRICS.json,OtherTechnique,4109,421,417,0.9904988123515439,0.10148454611827695,0.18410596026490067,,,not reported for this class,True,,,,,"Not applicable: binary T1105-vs-other-technique, not attack-vs-benign"
PX083-0287,PX083,camlds,path_absent,,current,,False,,20260920,287,px083_policy_transfer/results/METRICS.json,T1105,100,3788,96,0.025343189017951427,0.96,0.04938271604938271,0.027459162997921185,0.5627804818690679,source reported; blank if unsupported,True,,,,4,"Not applicable: binary T1105-vs-other-technique, not attack-vs-benign"
PX083-0288,PX083,camlds,path_absent,,context,,False,,20260920,288,px083_policy_transfer/results/METRICS.json,OtherTechnique,4109,590,584,0.9898305084745763,0.14212703820880992,0.24856352415407534,,,not reported for this class,True,,,,,"Not applicable: binary T1105-vs-other-technique, not attack-vs-benign"
PX083-0288,PX083,camlds,path_absent,,context,,False,,20260920,288,px083_policy_transfer/results/METRICS.json,T1105,100,3619,94,0.025974025974025976,0.94,0.050551223447163215,0.029279588203228662,0.5723156485762959,source reported; blank if unsupported,True,,,,6,"Not applicable: binary T1105-vs-other-technique, not attack-vs-benign"
PX083-0289,PX083,camlds,path_absent,,fixed_fusion,,False,,20260920,289,px083_policy_transfer/results/METRICS.json,OtherTechnique,4109,505,499,0.9881188118811881,0.12144073983937698,0.21629822280017338,,,not reported for this class,True,,,,,"Not applicable: binary T1105-vs-other-technique, not attack-vs-benign"
PX083-0289,PX083,camlds,path_absent,,fixed_fusion,,False,,20260920,289,px083_policy_transfer/results/METRICS.json,T1105,100,3704,94,0.025377969762419007,0.94,0.04942166140904311,0.030569547117690034,0.5783341445607204,source reported; blank if unsupported,True,,,,6,"Not applicable: binary T1105-vs-other-technique, not attack-vs-benign"
PX083-0290,PX083,camlds,path_absent,,mixed_dropout,,False,,20260920,290,px083_policy_transfer/results/METRICS.json,OtherTechnique,4109,1265,1241,0.9810276679841897,0.3020199561937211,0.4618533680684779,,,not reported for this class,True,,,,,"Not applicable: binary T1105-vs-other-technique, not attack-vs-benign"
PX083-0290,PX083,camlds,path_absent,,mixed_dropout,,False,,20260920,290,px083_policy_transfer/results/METRICS.json,T1105,100,2944,76,0.025815217391304348,0.76,0.04993429697766097,0.027585006506079417,0.548769773667559,source reported; blank if unsupported,True,,,,24,"Not applicable: binary T1105-vs-other-technique, not attack-vs-benign"
PX083-0291,PX083,camlds,path_absent,,confidence_gate,,False,,20260920,291,px083_policy_transfer/results/METRICS.json,OtherTechnique,4109,505,499,0.9881188118811881,0.12144073983937698,0.21629822280017338,,,not reported for this class,True,,,,,"Not applicable: binary T1105-vs-other-technique, not attack-vs-benign"
PX083-0291,PX083,camlds,path_absent,,confidence_gate,,False,,20260920,291,px083_policy_transfer/results/METRICS.json,T1105,100,3704,94,0.025377969762419007,0.94,0.04942166140904311,0.028790714131867262,0.5665636407885131,source reported; blank if unsupported,True,,,,6,"Not applicable: binary T1105-vs-other-technique, not attack-vs-benign"
PX083-0292,PX083,camlds,path_absent,,ordinary_gate,,False,,20260920,292,px083_policy_transfer/results/METRICS.json,OtherTechnique,4109,429,425,0.9906759906759907,0.10343149184716476,0.1873071837814015,,,not reported for this class,True,,,,,"Not applicable: binary T1105-vs-other-technique, not attack-vs-benign"
PX083-0292,PX083,camlds,path_absent,,ordinary_gate,,False,,20260920,292,px083_policy_transfer/results/METRICS.json,T1105,100,3780,96,0.025396825396825397,0.96,0.049484536082474224,0.027666346374157116,0.5660501338525188,source reported; blank if unsupported,True,,,,4,"Not applicable: binary T1105-vs-other-technique, not attack-vs-benign"
PX083-0293,PX083,camlds,path_absent,,target_cost_gate,,False,,20260920,293,px083_policy_transfer/results/METRICS.json,OtherTechnique,4109,590,584,0.9898305084745763,0.14212703820880992,0.24856352415407534,,,not reported for this class,True,,,,,"Not applicable: binary T1105-vs-other-technique, not attack-vs-benign"
PX083-0293,PX083,camlds,path_absent,,target_cost_gate,,False,,20260920,293,px083_policy_transfer/results/METRICS.json,T1105,100,3619,94,0.025974025974025976,0.94,0.050551223447163215,0.02928291797023529,0.5724324653200292,source reported; blank if unsupported,True,,,,6,"Not applicable: binary T1105-vs-other-technique, not attack-vs-benign"
