cell,execution,window_minutes,grouping,arm,warning_flows,benign_warning_flows,attack_warning_flows,cases,benign_only_warning_cases,attack_warning_cases,exfil_warning_cases,benign_warning_cases_with_unwarned_exfil,additional_cases_vs_base,horizon,cases_file,cases_sha256,staff,minutes_per_case,analyst_hours,served_by_horizon,unresolved_by_horizon,wait_median_hours,wait_p95_hours,clearance_after_horizon_hours,queue_file,queue_sha256,gap30_episodes,gap30_served_by_horizon,gap30_served_within_60min,gap30_served_within_240min,gap60_episodes,gap60_served_by_horizon,gap60_served_within_60min,gap60_served_within_240min,gap120_episodes,gap120_served_by_horizon,gap120_served_within_60min,gap120_served_within_240min
UNRAVELED_5_pair_base_mean,UNRAVELED,5,pair,base_mean,14941,182,14759,1846,129,1717,466,0,-492,1625553900.0,C:\w\px094_soc_workload_20261001\UNRAVELED_5_pair_base_mean_cases.npz,e5762a79e030e01508e53b43ed4968a93bb82102bbcba6a4eadb54ca198dcdd0,1,5,153.83333333333334,768,1078,185.0,327.0833333333333,268.0833333333333,C:\w\px094_soc_workload_20261001\UNRAVELED_5_pair_base_mean_a1_m5.npz,5f95cf6f36eba459d44d3956ebbdbf9adabbef527d2e6e265daa9a962e4119b9,18,1,0,1,18,1,0,1,16,1,0,1
UNRAVELED_5_pair_base_mean,UNRAVELED,5,pair,base_mean,14941,182,14759,1846,129,1717,466,0,-492,1625553900.0,C:\w\px094_soc_workload_20261001\UNRAVELED_5_pair_base_mean_cases.npz,e5762a79e030e01508e53b43ed4968a93bb82102bbcba6a4eadb54ca198dcdd0,1,15,461.5,256,1590,642.75,1203.5416666666667,1183.75,C:\w\px094_soc_workload_20261001\UNRAVELED_5_pair_base_mean_a1_m15.npz,721bbb6249e5bf16a4518a752ef07279daae2bf6d83ccf6ec1e5ee32a2db6957,18,1,0,1,18,1,0,1,16,1,0,1
UNRAVELED_5_pair_base_mean,UNRAVELED,5,pair,base_mean,14941,182,14759,1846,129,1717,466,0,-492,1625553900.0,C:\w\px094_soc_workload_20261001\UNRAVELED_5_pair_base_mean_cases.npz,e5762a79e030e01508e53b43ed4968a93bb82102bbcba6a4eadb54ca198dcdd0,1,30,923.0,128,1718,1337.375,2512.7916666666665,2573.25,C:\w\px094_soc_workload_20261001\UNRAVELED_5_pair_base_mean_a1_m30.npz,4ca8208dfc904f993454d1d4e91b79b21fc2c88e5c76953fdce7f8d1014d25a3,18,1,0,1,18,1,0,1,16,1,0,1
UNRAVELED_5_pair_base_mean,UNRAVELED,5,pair,base_mean,14941,182,14759,1846,129,1717,466,0,-492,1625553900.0,C:\w\px094_soc_workload_20261001\UNRAVELED_5_pair_base_mean_cases.npz,e5762a79e030e01508e53b43ed4968a93bb82102bbcba6a4eadb54ca198dcdd0,2,5,153.83333333333334,1536,310,66.58333333333333,110.0,31.166666666666668,C:\w\px094_soc_workload_20261001\UNRAVELED_5_pair_base_mean_a2_m5.npz,0eca92d890add4960208a99418cc5b69ba869fcd9151ec9a0140d04c0f72a8fd,18,1,0,1,18,1,0,1,16,1,0,1
UNRAVELED_5_pair_base_mean,UNRAVELED,5,pair,base_mean,14941,182,14759,1846,129,1717,466,0,-492,1625553900.0,C:\w\px094_soc_workload_20261001\UNRAVELED_5_pair_base_mean_cases.npz,e5762a79e030e01508e53b43ed4968a93bb82102bbcba6a4eadb54ca198dcdd0,2,15,461.5,512,1334,303.375,544.7083333333334,489.0,C:\w\px094_soc_workload_20261001\UNRAVELED_5_pair_base_mean_a2_m15.npz,eda5b00ae7d4a0dfb491328b9100314e913e56b2d7c6d45a2002da773fe704df,18,1,0,1,18,1,0,1,16,1,0,1
UNRAVELED_5_pair_base_mean,UNRAVELED,5,pair,base_mean,14941,182,14759,1846,129,1717,466,0,-492,1625553900.0,C:\w\px094_soc_workload_20261001\UNRAVELED_5_pair_base_mean_cases.npz,e5762a79e030e01508e53b43ed4968a93bb82102bbcba6a4eadb54ca198dcdd0,2,30,923.0,256,1590,642.625,1203.4375,1183.75,C:\w\px094_soc_workload_20261001\UNRAVELED_5_pair_base_mean_a2_m30.npz,7bc45386b75fa225a1d433de4cbb10689bd8ac6b07658ba73b6aad6b05be7453,18,1,0,1,18,1,0,1,16,1,0,1
UNRAVELED_5_pair_base_mean,UNRAVELED,5,pair,base_mean,14941,182,14759,1846,129,1717,466,0,-492,1625553900.0,C:\w\px094_soc_workload_20261001\UNRAVELED_5_pair_base_mean_cases.npz,e5762a79e030e01508e53b43ed4968a93bb82102bbcba6a4eadb54ca198dcdd0,4,5,153.83333333333334,1846,0,15.583333333333334,26.645833333333332,0.0,C:\w\px094_soc_workload_20261001\UNRAVELED_5_pair_base_mean_a4_m5.npz,991547716fa796ce1cf083d94ce0cd3fe9326d099c4f83e510a934bdea6a80e2,18,4,0,1,18,4,0,1,16,3,0,1
UNRAVELED_5_pair_base_mean,UNRAVELED,5,pair,base_mean,14941,182,14759,1846,129,1717,466,0,-492,1625553900.0,C:\w\px094_soc_workload_20261001\UNRAVELED_5_pair_base_mean_cases.npz,e5762a79e030e01508e53b43ed4968a93bb82102bbcba6a4eadb54ca198dcdd0,4,15,461.5,1024,822,133.66666666666666,222.66666666666666,149.75,C:\w\px094_soc_workload_20261001\UNRAVELED_5_pair_base_mean_a4_m15.npz,f5a990b5b7de7d6c9111e6fc6e3daa5c3a3d08d956702e2603fbead10fb645db,18,1,0,1,18,1,0,1,16,1,0,1
UNRAVELED_5_pair_base_mean,UNRAVELED,5,pair,base_mean,14941,182,14759,1846,129,1717,466,0,-492,1625553900.0,C:\w\px094_soc_workload_20261001\UNRAVELED_5_pair_base_mean_cases.npz,e5762a79e030e01508e53b43ed4968a93bb82102bbcba6a4eadb54ca198dcdd0,4,30,923.0,512,1334,303.2083333333333,544.6041666666666,489.25,C:\w\px094_soc_workload_20261001\UNRAVELED_5_pair_base_mean_a4_m30.npz,ac30d0196e2efa40d80b74eed77ed561dfce9ffa0acedef56bd7eb0614470ef9,18,1,0,1,18,1,0,1,16,1,0,1
UNRAVELED_5_pair_base_OR,UNRAVELED,5,pair,base_OR,16022,196,15826,2338,143,2195,944,0,0,1625553900.0,C:\w\px094_soc_workload_20261001\UNRAVELED_5_pair_base_OR_cases.npz,2c6318bdcd97a49bbfe5fbf1d50e6126bf61eb16c007615bd264ce3eafe1d71f,1,5,194.83333333333334,768,1570,235.75,377.0125,389.0833333333333,C:\w\px094_soc_workload_20261001\UNRAVELED_5_pair_base_OR_a1_m5.npz,bb5254991d757e4d541bb03a2de84f97f47b68d85a73d0e6b36c05558b3fcc4a,18,1,0,1,18,1,0,1,16,1,0,1
UNRAVELED_5_pair_base_OR,UNRAVELED,5,pair,base_OR,16022,196,15826,2338,143,2195,944,0,0,1625553900.0,C:\w\px094_soc_workload_20261001\UNRAVELED_5_pair_base_OR_cases.npz,2c6318bdcd97a49bbfe5fbf1d50e6126bf61eb16c007615bd264ce3eafe1d71f,1,15,584.5,256,2082,814.5,1488.9291666666666,1562.75,C:\w\px094_soc_workload_20261001\UNRAVELED_5_pair_base_OR_a1_m15.npz,af2ac5e927deec53ccd372c7e19dd23dccb69a1f27f373fe97b47b96c0a5eea1,18,1,0,1,18,1,0,1,16,1,0,1
UNRAVELED_5_pair_base_OR,UNRAVELED,5,pair,base_OR,16022,196,15826,2338,143,2195,944,0,0,1625553900.0,C:\w\px094_soc_workload_20261001\UNRAVELED_5_pair_base_OR_cases.npz,2c6318bdcd97a49bbfe5fbf1d50e6126bf61eb16c007615bd264ce3eafe1d71f,1,30,1169.0,128,2210,1698.625,3147.9666666666667,3315.25,C:\w\px094_soc_workload_20261001\UNRAVELED_5_pair_base_OR_a1_m30.npz,021463cb52a1880508adf5641156c90ba069a95d19e675816c0c39ad8ce121eb,18,1,0,1,18,1,0,1,16,1,0,1
UNRAVELED_5_pair_base_OR,UNRAVELED,5,pair,base_OR,16022,196,15826,2338,143,2195,944,0,0,1625553900.0,C:\w\px094_soc_workload_20261001\UNRAVELED_5_pair_base_OR_cases.npz,2c6318bdcd97a49bbfe5fbf1d50e6126bf61eb16c007615bd264ce3eafe1d71f,2,5,194.83333333333334,1536,802,87.91666666666667,123.19166666666668,99.66666666666667,C:\w\px094_soc_workload_20261001\UNRAVELED_5_pair_base_OR_a2_m5.npz,f8a42141e436d39d07706da13ed22db77b994947e6c9e1a44bc43fcc963dcd67,18,1,0,1,18,1,0,1,16,1,0,1
UNRAVELED_5_pair_base_OR,UNRAVELED,5,pair,base_OR,16022,196,15826,2338,143,2195,944,0,0,1625553900.0,C:\w\px094_soc_workload_20261001\UNRAVELED_5_pair_base_OR_cases.npz,2c6318bdcd97a49bbfe5fbf1d50e6126bf61eb16c007615bd264ce3eafe1d71f,2,15,584.5,512,1826,380.375,652.4166666666666,678.5,C:\w\px094_soc_workload_20261001\UNRAVELED_5_pair_base_OR_a2_m15.npz,e8737aa9582b20e4d3aef892b87a05c56b1f41c07d32c13d096745c59781330d,18,1,0,1,18,1,0,1,16,1,0,1
UNRAVELED_5_pair_base_OR,UNRAVELED,5,pair,base_OR,16022,196,15826,2338,143,2195,944,0,0,1625553900.0,C:\w\px094_soc_workload_20261001\UNRAVELED_5_pair_base_OR_cases.npz,2c6318bdcd97a49bbfe5fbf1d50e6126bf61eb16c007615bd264ce3eafe1d71f,2,30,1169.0,256,2082,814.375,1488.775,1562.75,C:\w\px094_soc_workload_20261001\UNRAVELED_5_pair_base_OR_a2_m30.npz,1d2a45af228170b9715f2cfe73c856a577a1d004c9de3426d30fb97433442433,18,1,0,1,18,1,0,1,16,1,0,1
UNRAVELED_5_pair_base_OR,UNRAVELED,5,pair,base_OR,16022,196,15826,2338,143,2195,944,0,0,1625553900.0,C:\w\px094_soc_workload_20261001\UNRAVELED_5_pair_base_OR_cases.npz,2c6318bdcd97a49bbfe5fbf1d50e6126bf61eb16c007615bd264ce3eafe1d71f,4,5,194.83333333333334,2256,82,14.25,26.75,4.0,C:\w\px094_soc_workload_20261001\UNRAVELED_5_pair_base_OR_a4_m5.npz,dcda7b6a07c9765e1387ba921e047737ff3bfbcfd07ba32d98cc72e36cfcd04e,18,6,0,1,18,6,0,1,16,4,0,1
UNRAVELED_5_pair_base_OR,UNRAVELED,5,pair,base_OR,16022,196,15826,2338,143,2195,944,0,0,1625553900.0,C:\w\px094_soc_workload_20261001\UNRAVELED_5_pair_base_OR_cases.npz,2c6318bdcd97a49bbfe5fbf1d50e6126bf61eb16c007615bd264ce3eafe1d71f,4,15,584.5,1024,1314,162.83333333333334,242.34583333333333,244.5,C:\w\px094_soc_workload_20261001\UNRAVELED_5_pair_base_OR_a4_m15.npz,ba9736fe35f2730d98ec39a269f85eb0ced25b5b66ad9c80fa7c3831d1058fc7,18,1,0,1,18,1,0,1,16,1,0,1
UNRAVELED_5_pair_base_OR,UNRAVELED,5,pair,base_OR,16022,196,15826,2338,143,2195,944,0,0,1625553900.0,C:\w\px094_soc_workload_20261001\UNRAVELED_5_pair_base_OR_cases.npz,2c6318bdcd97a49bbfe5fbf1d50e6126bf61eb16c007615bd264ce3eafe1d71f,4,30,1169.0,512,1826,380.25,652.25,678.75,C:\w\px094_soc_workload_20261001\UNRAVELED_5_pair_base_OR_a4_m30.npz,b550908379661b827a27565f17cdb76253d192fbf4e6d3a03b736677a004c44f,18,1,0,1,18,1,0,1,16,1,0,1
UNRAVELED_5_pair_plus_current_OR,UNRAVELED,5,pair,plus_current_OR,16022,196,15826,2338,143,2195,944,0,0,1625553900.0,C:\w\px094_soc_workload_20261001\UNRAVELED_5_pair_plus_current_OR_cases.npz,2c6318bdcd97a49bbfe5fbf1d50e6126bf61eb16c007615bd264ce3eafe1d71f,1,5,194.83333333333334,768,1570,235.75,377.0125,389.0833333333333,C:\w\px094_soc_workload_20261001\UNRAVELED_5_pair_plus_current_OR_a1_m5.npz,bb5254991d757e4d541bb03a2de84f97f47b68d85a73d0e6b36c05558b3fcc4a,18,1,0,1,18,1,0,1,16,1,0,1
UNRAVELED_5_pair_plus_current_OR,UNRAVELED,5,pair,plus_current_OR,16022,196,15826,2338,143,2195,944,0,0,1625553900.0,C:\w\px094_soc_workload_20261001\UNRAVELED_5_pair_plus_current_OR_cases.npz,2c6318bdcd97a49bbfe5fbf1d50e6126bf61eb16c007615bd264ce3eafe1d71f,1,15,584.5,256,2082,814.5,1488.9291666666666,1562.75,C:\w\px094_soc_workload_20261001\UNRAVELED_5_pair_plus_current_OR_a1_m15.npz,af2ac5e927deec53ccd372c7e19dd23dccb69a1f27f373fe97b47b96c0a5eea1,18,1,0,1,18,1,0,1,16,1,0,1
UNRAVELED_5_pair_plus_current_OR,UNRAVELED,5,pair,plus_current_OR,16022,196,15826,2338,143,2195,944,0,0,1625553900.0,C:\w\px094_soc_workload_20261001\UNRAVELED_5_pair_plus_current_OR_cases.npz,2c6318bdcd97a49bbfe5fbf1d50e6126bf61eb16c007615bd264ce3eafe1d71f,1,30,1169.0,128,2210,1698.625,3147.9666666666667,3315.25,C:\w\px094_soc_workload_20261001\UNRAVELED_5_pair_plus_current_OR_a1_m30.npz,021463cb52a1880508adf5641156c90ba069a95d19e675816c0c39ad8ce121eb,18,1,0,1,18,1,0,1,16,1,0,1
UNRAVELED_5_pair_plus_current_OR,UNRAVELED,5,pair,plus_current_OR,16022,196,15826,2338,143,2195,944,0,0,1625553900.0,C:\w\px094_soc_workload_20261001\UNRAVELED_5_pair_plus_current_OR_cases.npz,2c6318bdcd97a49bbfe5fbf1d50e6126bf61eb16c007615bd264ce3eafe1d71f,2,5,194.83333333333334,1536,802,87.91666666666667,123.19166666666668,99.66666666666667,C:\w\px094_soc_workload_20261001\UNRAVELED_5_pair_plus_current_OR_a2_m5.npz,f8a42141e436d39d07706da13ed22db77b994947e6c9e1a44bc43fcc963dcd67,18,1,0,1,18,1,0,1,16,1,0,1
UNRAVELED_5_pair_plus_current_OR,UNRAVELED,5,pair,plus_current_OR,16022,196,15826,2338,143,2195,944,0,0,1625553900.0,C:\w\px094_soc_workload_20261001\UNRAVELED_5_pair_plus_current_OR_cases.npz,2c6318bdcd97a49bbfe5fbf1d50e6126bf61eb16c007615bd264ce3eafe1d71f,2,15,584.5,512,1826,380.375,652.4166666666666,678.5,C:\w\px094_soc_workload_20261001\UNRAVELED_5_pair_plus_current_OR_a2_m15.npz,e8737aa9582b20e4d3aef892b87a05c56b1f41c07d32c13d096745c59781330d,18,1,0,1,18,1,0,1,16,1,0,1
UNRAVELED_5_pair_plus_current_OR,UNRAVELED,5,pair,plus_current_OR,16022,196,15826,2338,143,2195,944,0,0,1625553900.0,C:\w\px094_soc_workload_20261001\UNRAVELED_5_pair_plus_current_OR_cases.npz,2c6318bdcd97a49bbfe5fbf1d50e6126bf61eb16c007615bd264ce3eafe1d71f,2,30,1169.0,256,2082,814.375,1488.775,1562.75,C:\w\px094_soc_workload_20261001\UNRAVELED_5_pair_plus_current_OR_a2_m30.npz,1d2a45af228170b9715f2cfe73c856a577a1d004c9de3426d30fb97433442433,18,1,0,1,18,1,0,1,16,1,0,1
UNRAVELED_5_pair_plus_current_OR,UNRAVELED,5,pair,plus_current_OR,16022,196,15826,2338,143,2195,944,0,0,1625553900.0,C:\w\px094_soc_workload_20261001\UNRAVELED_5_pair_plus_current_OR_cases.npz,2c6318bdcd97a49bbfe5fbf1d50e6126bf61eb16c007615bd264ce3eafe1d71f,4,5,194.83333333333334,2256,82,14.25,26.75,4.0,C:\w\px094_soc_workload_20261001\UNRAVELED_5_pair_plus_current_OR_a4_m5.npz,dcda7b6a07c9765e1387ba921e047737ff3bfbcfd07ba32d98cc72e36cfcd04e,18,6,0,1,18,6,0,1,16,4,0,1
UNRAVELED_5_pair_plus_current_OR,UNRAVELED,5,pair,plus_current_OR,16022,196,15826,2338,143,2195,944,0,0,1625553900.0,C:\w\px094_soc_workload_20261001\UNRAVELED_5_pair_plus_current_OR_cases.npz,2c6318bdcd97a49bbfe5fbf1d50e6126bf61eb16c007615bd264ce3eafe1d71f,4,15,584.5,1024,1314,162.83333333333334,242.34583333333333,244.5,C:\w\px094_soc_workload_20261001\UNRAVELED_5_pair_plus_current_OR_a4_m15.npz,ba9736fe35f2730d98ec39a269f85eb0ced25b5b66ad9c80fa7c3831d1058fc7,18,1,0,1,18,1,0,1,16,1,0,1
UNRAVELED_5_pair_plus_current_OR,UNRAVELED,5,pair,plus_current_OR,16022,196,15826,2338,143,2195,944,0,0,1625553900.0,C:\w\px094_soc_workload_20261001\UNRAVELED_5_pair_plus_current_OR_cases.npz,2c6318bdcd97a49bbfe5fbf1d50e6126bf61eb16c007615bd264ce3eafe1d71f,4,30,1169.0,512,1826,380.25,652.25,678.75,C:\w\px094_soc_workload_20261001\UNRAVELED_5_pair_plus_current_OR_a4_m30.npz,b550908379661b827a27565f17cdb76253d192fbf4e6d3a03b736677a004c44f,18,1,0,1,18,1,0,1,16,1,0,1
UNRAVELED_5_pair_full_OR,UNRAVELED,5,pair,full_OR,17843,1991,15852,3964,1760,2204,952,0,1626,1625553900.0,C:\w\px094_soc_workload_20261001\UNRAVELED_5_pair_full_OR_cases.npz,025ab6199cfb91eb0f47fc862f6ce151a6fc3fa3cc42037d77fd6c5f138f536f,1,5,330.3333333333333,768,3196,422.8333333333333,764.8333333333334,796.5833333333334,C:\w\px094_soc_workload_20261001\UNRAVELED_5_pair_full_OR_a1_m5.npz,b170cfe23f602b806499927a24632568dc1fbd5ef23bc25833025a429e736998,18,1,0,1,18,1,0,1,16,1,0,1
UNRAVELED_5_pair_full_OR,UNRAVELED,5,pair,full_OR,17843,1991,15852,3964,1760,2204,952,0,1626,1625553900.0,C:\w\px094_soc_workload_20261001\UNRAVELED_5_pair_full_OR_cases.npz,025ab6199cfb91eb0f47fc862f6ce151a6fc3fa3cc42037d77fd6c5f138f536f,1,15,991.0,256,3708,1409.0833333333333,2640.320833333333,2769.25,C:\w\px094_soc_workload_20261001\UNRAVELED_5_pair_full_OR_a1_m15.npz,f8fc5a2e56de4ffc5939f68d06de3d46c103b45ab259ea9a4a1fb2efa80f0f79,18,1,0,1,18,1,0,1,16,1,0,1
UNRAVELED_5_pair_full_OR,UNRAVELED,5,pair,full_OR,17843,1991,15852,3964,1760,2204,952,0,1626,1625553900.0,C:\w\px094_soc_workload_20261001\UNRAVELED_5_pair_full_OR_cases.npz,025ab6199cfb91eb0f47fc862f6ce151a6fc3fa3cc42037d77fd6c5f138f536f,1,30,1982.0,128,3836,2896.4583333333335,5469.533333333334,5744.25,C:\w\px094_soc_workload_20261001\UNRAVELED_5_pair_full_OR_a1_m30.npz,6d4b8a0522a7777a1af40740f1ead6a50e4c0ccbd129cbb9f9b7b2be78174c3c,18,1,0,1,18,1,0,1,16,1,0,1
UNRAVELED_5_pair_full_OR,UNRAVELED,5,pair,full_OR,17843,1991,15852,3964,1760,2204,952,0,1626,1625553900.0,C:\w\px094_soc_workload_20261001\UNRAVELED_5_pair_full_OR_cases.npz,025ab6199cfb91eb0f47fc862f6ce151a6fc3fa3cc42037d77fd6c5f138f536f,2,5,330.3333333333333,1536,2428,180.25,289.90416666666664,295.4166666666667,C:\w\px094_soc_workload_20261001\UNRAVELED_5_pair_full_OR_a2_m5.npz,6a2659ff369d3ec6ae6f0fd0e389b7cfdfb2839cbce04f693f69510c742424e1,18,1,0,1,18,1,0,1,16,1,0,1
UNRAVELED_5_pair_full_OR,UNRAVELED,5,pair,full_OR,17843,1991,15852,3964,1760,2204,952,0,1626,1625553900.0,C:\w\px094_soc_workload_20261001\UNRAVELED_5_pair_full_OR_cases.npz,025ab6199cfb91eb0f47fc862f6ce151a6fc3fa3cc42037d77fd6c5f138f536f,2,15,991.0,512,3452,665.3333333333334,1225.6666666666667,1281.75,C:\w\px094_soc_workload_20261001\UNRAVELED_5_pair_full_OR_a2_m15.npz,bebd45f020bc938d1d54a020c45d60610c9ceb4627603251ab487dabc45a6f23,18,1,0,1,18,1,0,1,16,1,0,1
UNRAVELED_5_pair_full_OR,UNRAVELED,5,pair,full_OR,17843,1991,15852,3964,1760,2204,952,0,1626,1625553900.0,C:\w\px094_soc_workload_20261001\UNRAVELED_5_pair_full_OR_cases.npz,025ab6199cfb91eb0f47fc862f6ce151a6fc3fa3cc42037d77fd6c5f138f536f,2,30,1982.0,256,3708,1408.9583333333333,2640.225,2769.25,C:\w\px094_soc_workload_20261001\UNRAVELED_5_pair_full_OR_a2_m30.npz,39bdc1a8baec664a377742fb57b3f431780eb1ae2637ae7b2e7dbe5a76f25e81,18,1,0,1,18,1,0,1,16,1,0,1
UNRAVELED_5_pair_full_OR,UNRAVELED,5,pair,full_OR,17843,1991,15852,3964,1760,2204,952,0,1626,1625553900.0,C:\w\px094_soc_workload_20261001\UNRAVELED_5_pair_full_OR_cases.npz,025ab6199cfb91eb0f47fc862f6ce151a6fc3fa3cc42037d77fd6c5f138f536f,4,5,330.3333333333333,2926,1038,61.458333333333336,84.08333333333333,55.916666666666664,C:\w\px094_soc_workload_20261001\UNRAVELED_5_pair_full_OR_a4_m5.npz,d85a988f646a4faa4909b83539341fbbb164edaa40d09d6dddbcc19c58e4ee98,18,4,0,1,18,4,0,1,16,3,0,1
UNRAVELED_5_pair_full_OR,UNRAVELED,5,pair,full_OR,17843,1991,15852,3964,1760,2204,952,0,1626,1625553900.0,C:\w\px094_soc_workload_20261001\UNRAVELED_5_pair_full_OR_cases.npz,025ab6199cfb91eb0f47fc862f6ce151a6fc3fa3cc42037d77fd6c5f138f536f,4,15,991.0,1024,2940,301.4583333333333,526.0833333333334,538.0,C:\w\px094_soc_workload_20261001\UNRAVELED_5_pair_full_OR_a4_m15.npz,ecac1b842dea5561c3d912c69cca0b7c365b152eb0e3ef11cabab5fa746696fb,18,1,0,1,18,1,0,1,16,1,0,1
UNRAVELED_5_pair_full_OR,UNRAVELED,5,pair,full_OR,17843,1991,15852,3964,1760,2204,952,0,1626,1625553900.0,C:\w\px094_soc_workload_20261001\UNRAVELED_5_pair_full_OR_cases.npz,025ab6199cfb91eb0f47fc862f6ce151a6fc3fa3cc42037d77fd6c5f138f536f,4,30,1982.0,512,3452,665.2083333333334,1225.5,1281.75,C:\w\px094_soc_workload_20261001\UNRAVELED_5_pair_full_OR_a4_m30.npz,be68f88db043595074eb34809831e1cf859a48c654e80ea3a6c60d72c51fc1aa,18,1,0,1,18,1,0,1,16,1,0,1
UNRAVELED_5_source_base_mean,UNRAVELED,5,source,base_mean,14941,182,14759,1773,75,1698,466,0,-482,1625553900.0,C:\w\px094_soc_workload_20261001\UNRAVELED_5_source_base_mean_cases.npz,316d3ab6b4d204ebbba2ffa071a1518360bdab3a95dea99a910b50fa25a922ed,1,5,147.75,768,1005,183.08333333333334,316.8333333333333,246.0,C:\w\px094_soc_workload_20261001\UNRAVELED_5_source_base_mean_a1_m5.npz,172df3b8b2da145f1ff6fc7fac02da098b266584eba208cd860dd4379f426ee1,18,1,0,1,18,1,0,1,16,1,0,1
UNRAVELED_5_source_base_mean,UNRAVELED,5,source,base_mean,14941,182,14759,1773,75,1698,466,0,-482,1625553900.0,C:\w\px094_soc_workload_20261001\UNRAVELED_5_source_base_mean_cases.npz,316d3ab6b4d204ebbba2ffa071a1518360bdab3a95dea99a910b50fa25a922ed,1,15,443.25,256,1517,618.75,1154.4,1133.5,C:\w\px094_soc_workload_20261001\UNRAVELED_5_source_base_mean_a1_m15.npz,330a776dd2d8c65ae96d7f1991dfb8e123da76e2d6581525996d1f9dc73fa0bf,18,1,0,1,18,1,0,1,16,1,0,1
UNRAVELED_5_source_base_mean,UNRAVELED,5,source,base_mean,14941,182,14759,1773,75,1698,466,0,-482,1625553900.0,C:\w\px094_soc_workload_20261001\UNRAVELED_5_source_base_mean_cases.npz,316d3ab6b4d204ebbba2ffa071a1518360bdab3a95dea99a910b50fa25a922ed,1,30,886.5,128,1645,1288.25,2414.4166666666665,2456.75,C:\w\px094_soc_workload_20261001\UNRAVELED_5_source_base_mean_a1_m30.npz,213bd6aba154fa30b6cca0dfa09d0d87f214558a928ea8576881f5f9b1f77c71,18,1,0,1,18,1,0,1,16,1,0,1
UNRAVELED_5_source_base_mean,UNRAVELED,5,source,base_mean,14941,182,14759,1773,75,1698,466,0,-482,1625553900.0,C:\w\px094_soc_workload_20261001\UNRAVELED_5_source_base_mean_cases.npz,316d3ab6b4d204ebbba2ffa071a1518360bdab3a95dea99a910b50fa25a922ed,2,5,147.75,1536,237,66.08333333333333,106.5,28.166666666666668,C:\w\px094_soc_workload_20261001\UNRAVELED_5_source_base_mean_a2_m5.npz,173c6c5df9fa29a8aa8fdd4e88c1c38b1f3d4e9b7d8990035cee008ec40d1efd,18,1,0,1,18,1,0,1,16,1,0,1
UNRAVELED_5_source_base_mean,UNRAVELED,5,source,base_mean,14941,182,14759,1773,75,1698,466,0,-482,1625553900.0,C:\w\px094_soc_workload_20261001\UNRAVELED_5_source_base_mean_cases.npz,316d3ab6b4d204ebbba2ffa071a1518360bdab3a95dea99a910b50fa25a922ed,2,15,443.25,512,1261,284.0,520.0666666666667,464.0,C:\w\px094_soc_workload_20261001\UNRAVELED_5_source_base_mean_a2_m15.npz,d4df3bbde7b8ad830614da12b5eeae0d67771ccbf45d0e6432fde17e1a450cc3,18,1,0,1,18,1,0,1,16,1,0,1
UNRAVELED_5_source_base_mean,UNRAVELED,5,source,base_mean,14941,182,14759,1773,75,1698,466,0,-482,1625553900.0,C:\w\px094_soc_workload_20261001\UNRAVELED_5_source_base_mean_cases.npz,316d3ab6b4d204ebbba2ffa071a1518360bdab3a95dea99a910b50fa25a922ed,2,30,886.5,256,1517,618.75,1154.2666666666667,1133.75,C:\w\px094_soc_workload_20261001\UNRAVELED_5_source_base_mean_a2_m30.npz,90c5633e3f516cb26789a071ca35285289e2a1a6caa6584db4a780dae2b74b65,18,1,0,1,18,1,0,1,16,1,0,1
UNRAVELED_5_source_base_mean,UNRAVELED,5,source,base_mean,14941,182,14759,1773,75,1698,466,0,-482,1625553900.0,C:\w\px094_soc_workload_20261001\UNRAVELED_5_source_base_mean_cases.npz,316d3ab6b4d204ebbba2ffa071a1518360bdab3a95dea99a910b50fa25a922ed,4,5,147.75,1773,0,14.416666666666666,24.116666666666653,0.0,C:\w\px094_soc_workload_20261001\UNRAVELED_5_source_base_mean_a4_m5.npz,e71e1a47df77f49edc4674fb2205071fe82be48442f1e87ecf393158876cb5a1,18,4,0,1,18,4,0,1,16,3,0,1
UNRAVELED_5_source_base_mean,UNRAVELED,5,source,base_mean,14941,182,14759,1773,75,1698,466,0,-482,1625553900.0,C:\w\px094_soc_workload_20261001\UNRAVELED_5_source_base_mean_cases.npz,316d3ab6b4d204ebbba2ffa071a1518360bdab3a95dea99a910b50fa25a922ed,4,15,443.25,1024,749,116.58333333333333,205.95,129.25,C:\w\px094_soc_workload_20261001\UNRAVELED_5_source_base_mean_a4_m15.npz,3d855cd4f556df032c704e20885a806eed3e138f2eee91450009d04cf58dfb6d,18,1,0,1,18,1,0,1,16,1,0,1
UNRAVELED_5_source_base_mean,UNRAVELED,5,source,base_mean,14941,182,14759,1773,75,1698,466,0,-482,1625553900.0,C:\w\px094_soc_workload_20261001\UNRAVELED_5_source_base_mean_cases.npz,316d3ab6b4d204ebbba2ffa071a1518360bdab3a95dea99a910b50fa25a922ed,4,30,886.5,512,1261,283.8333333333333,519.95,464.25,C:\w\px094_soc_workload_20261001\UNRAVELED_5_source_base_mean_a4_m30.npz,e23276a5a8b75bb12542d011e8f561d80f9e1ebe13dc48db7268cc75204e95f4,18,1,0,1,18,1,0,1,16,1,0,1
UNRAVELED_5_source_base_OR,UNRAVELED,5,source,base_OR,16022,196,15826,2255,81,2174,942,1,0,1625553900.0,C:\w\px094_soc_workload_20261001\UNRAVELED_5_source_base_OR_cases.npz,0fe4b3bf01e87c70687a1053d4c33f1ee4c9d57349593917ac1e466f4057c178,1,5,187.91666666666666,768,1487,217.41666666666666,356.60833333333335,366.1666666666667,C:\w\px094_soc_workload_20261001\UNRAVELED_5_source_base_OR_a1_m5.npz,93323d54d7dbf287f82b4145bd966fe21646374f308b72d633ba17cc23daa4c6,18,1,0,1,18,1,0,1,16,1,0,1
UNRAVELED_5_source_base_OR,UNRAVELED,5,source,base_OR,16022,196,15826,2255,81,2174,942,1,0,1625553900.0,C:\w\px094_soc_workload_20261001\UNRAVELED_5_source_base_OR_cases.npz,0fe4b3bf01e87c70687a1053d4c33f1ee4c9d57349593917ac1e466f4057c178,1,15,563.75,256,1999,789.25,1420.525,1494.0,C:\w\px094_soc_workload_20261001\UNRAVELED_5_source_base_OR_a1_m15.npz,f44b6f678f09956a83490d2527a772f428e4dda36419ba2d42511dd113e00b59,18,1,0,1,18,1,0,1,16,1,0,1
UNRAVELED_5_source_base_OR,UNRAVELED,5,source,base_OR,16022,196,15826,2255,81,2174,942,1,0,1625553900.0,C:\w\px094_soc_workload_20261001\UNRAVELED_5_source_base_OR_cases.npz,0fe4b3bf01e87c70687a1053d4c33f1ee4c9d57349593917ac1e466f4057c178,1,30,1127.5,128,2127,1631.0,3027.85,3177.75,C:\w\px094_soc_workload_20261001\UNRAVELED_5_source_base_OR_a1_m30.npz,34dc09f6249ec04e82ee16ec77dd3dcc9605b50d0e2243a5f62e9c2e2b306005,18,1,0,1,18,1,0,1,16,1,0,1
UNRAVELED_5_source_base_OR,UNRAVELED,5,source,base_OR,16022,196,15826,2255,81,2174,942,1,0,1625553900.0,C:\w\px094_soc_workload_20261001\UNRAVELED_5_source_base_OR_cases.npz,0fe4b3bf01e87c70687a1053d4c33f1ee4c9d57349593917ac1e466f4057c178,2,5,187.91666666666666,1536,719,80.25,108.33333333333333,80.25,C:\w\px094_soc_workload_20261001\UNRAVELED_5_source_base_OR_a2_m5.npz,27fdd6f921c8e3a496e1407f42ed6b8b99e6d8fa200fded3927fa76d31b39d48,18,1,0,1,18,1,0,1,16,1,0,1
UNRAVELED_5_source_base_OR,UNRAVELED,5,source,base_OR,16022,196,15826,2255,81,2174,942,1,0,1625553900.0,C:\w\px094_soc_workload_20261001\UNRAVELED_5_source_base_OR_cases.npz,0fe4b3bf01e87c70687a1053d4c33f1ee4c9d57349593917ac1e466f4057c178,2,15,563.75,512,1743,360.3333333333333,624.6083333333333,652.25,C:\w\px094_soc_workload_20261001\UNRAVELED_5_source_base_OR_a2_m15.npz,3ae64f9432098c888ab9285f56e641938da456a67c1b8c7358a2cdadd220181e,18,1,0,1,18,1,0,1,16,1,0,1
UNRAVELED_5_source_base_OR,UNRAVELED,5,source,base_OR,16022,196,15826,2255,81,2174,942,1,0,1625553900.0,C:\w\px094_soc_workload_20261001\UNRAVELED_5_source_base_OR_cases.npz,0fe4b3bf01e87c70687a1053d4c33f1ee4c9d57349593917ac1e466f4057c178,2,30,1127.5,256,1999,789.0833333333334,1420.4166666666667,1494.25,C:\w\px094_soc_workload_20261001\UNRAVELED_5_source_base_OR_a2_m30.npz,844def842d498c4ae6b00398fe3604f4921037de5d0ac641933ed349386b3119,18,1,0,1,18,1,0,1,16,1,0,1
UNRAVELED_5_source_base_OR,UNRAVELED,5,source,base_OR,16022,196,15826,2255,81,2174,942,1,0,1625553900.0,C:\w\px094_soc_workload_20261001\UNRAVELED_5_source_base_OR_cases.npz,0fe4b3bf01e87c70687a1053d4c33f1ee4c9d57349593917ac1e466f4057c178,4,5,187.91666666666666,2173,82,12.666666666666666,23.75,4.0,C:\w\px094_soc_workload_20261001\UNRAVELED_5_source_base_OR_a4_m5.npz,11a969006eb87351a39e9c0f773d28df87ca3bca221fa48a91a9ed75bd63d7bf,18,6,0,1,18,6,0,1,16,4,0,1
UNRAVELED_5_source_base_OR,UNRAVELED,5,source,base_OR,16022,196,15826,2255,81,2174,942,1,0,1625553900.0,C:\w\px094_soc_workload_20261001\UNRAVELED_5_source_base_OR_cases.npz,0fe4b3bf01e87c70687a1053d4c33f1ee4c9d57349593917ac1e466f4057c178,4,15,563.75,1024,1231,147.5,226.41666666666666,223.25,C:\w\px094_soc_workload_20261001\UNRAVELED_5_source_base_OR_a4_m15.npz,7d2db7cee107235a2137e64cb9f0d2b2c91463a637211179753436bc7e1cacb7,18,1,0,1,18,1,0,1,16,1,0,1
UNRAVELED_5_source_base_OR,UNRAVELED,5,source,base_OR,16022,196,15826,2255,81,2174,942,1,0,1625553900.0,C:\w\px094_soc_workload_20261001\UNRAVELED_5_source_base_OR_cases.npz,0fe4b3bf01e87c70687a1053d4c33f1ee4c9d57349593917ac1e466f4057c178,4,30,1127.5,512,1743,360.1666666666667,624.4666666666667,652.25,C:\w\px094_soc_workload_20261001\UNRAVELED_5_source_base_OR_a4_m30.npz,ec9dd8d554dc9edfcfef3cf8414dbe67649178d0d26695663dd010496763e00e,18,1,0,1,18,1,0,1,16,1,0,1
UNRAVELED_5_source_plus_current_OR,UNRAVELED,5,source,plus_current_OR,16022,196,15826,2255,81,2174,942,1,0,1625553900.0,C:\w\px094_soc_workload_20261001\UNRAVELED_5_source_plus_current_OR_cases.npz,0fe4b3bf01e87c70687a1053d4c33f1ee4c9d57349593917ac1e466f4057c178,1,5,187.91666666666666,768,1487,217.41666666666666,356.60833333333335,366.1666666666667,C:\w\px094_soc_workload_20261001\UNRAVELED_5_source_plus_current_OR_a1_m5.npz,93323d54d7dbf287f82b4145bd966fe21646374f308b72d633ba17cc23daa4c6,18,1,0,1,18,1,0,1,16,1,0,1
UNRAVELED_5_source_plus_current_OR,UNRAVELED,5,source,plus_current_OR,16022,196,15826,2255,81,2174,942,1,0,1625553900.0,C:\w\px094_soc_workload_20261001\UNRAVELED_5_source_plus_current_OR_cases.npz,0fe4b3bf01e87c70687a1053d4c33f1ee4c9d57349593917ac1e466f4057c178,1,15,563.75,256,1999,789.25,1420.525,1494.0,C:\w\px094_soc_workload_20261001\UNRAVELED_5_source_plus_current_OR_a1_m15.npz,f44b6f678f09956a83490d2527a772f428e4dda36419ba2d42511dd113e00b59,18,1,0,1,18,1,0,1,16,1,0,1
UNRAVELED_5_source_plus_current_OR,UNRAVELED,5,source,plus_current_OR,16022,196,15826,2255,81,2174,942,1,0,1625553900.0,C:\w\px094_soc_workload_20261001\UNRAVELED_5_source_plus_current_OR_cases.npz,0fe4b3bf01e87c70687a1053d4c33f1ee4c9d57349593917ac1e466f4057c178,1,30,1127.5,128,2127,1631.0,3027.85,3177.75,C:\w\px094_soc_workload_20261001\UNRAVELED_5_source_plus_current_OR_a1_m30.npz,34dc09f6249ec04e82ee16ec77dd3dcc9605b50d0e2243a5f62e9c2e2b306005,18,1,0,1,18,1,0,1,16,1,0,1
UNRAVELED_5_source_plus_current_OR,UNRAVELED,5,source,plus_current_OR,16022,196,15826,2255,81,2174,942,1,0,1625553900.0,C:\w\px094_soc_workload_20261001\UNRAVELED_5_source_plus_current_OR_cases.npz,0fe4b3bf01e87c70687a1053d4c33f1ee4c9d57349593917ac1e466f4057c178,2,5,187.91666666666666,1536,719,80.25,108.33333333333333,80.25,C:\w\px094_soc_workload_20261001\UNRAVELED_5_source_plus_current_OR_a2_m5.npz,27fdd6f921c8e3a496e1407f42ed6b8b99e6d8fa200fded3927fa76d31b39d48,18,1,0,1,18,1,0,1,16,1,0,1
UNRAVELED_5_source_plus_current_OR,UNRAVELED,5,source,plus_current_OR,16022,196,15826,2255,81,2174,942,1,0,1625553900.0,C:\w\px094_soc_workload_20261001\UNRAVELED_5_source_plus_current_OR_cases.npz,0fe4b3bf01e87c70687a1053d4c33f1ee4c9d57349593917ac1e466f4057c178,2,15,563.75,512,1743,360.3333333333333,624.6083333333333,652.25,C:\w\px094_soc_workload_20261001\UNRAVELED_5_source_plus_current_OR_a2_m15.npz,3ae64f9432098c888ab9285f56e641938da456a67c1b8c7358a2cdadd220181e,18,1,0,1,18,1,0,1,16,1,0,1
UNRAVELED_5_source_plus_current_OR,UNRAVELED,5,source,plus_current_OR,16022,196,15826,2255,81,2174,942,1,0,1625553900.0,C:\w\px094_soc_workload_20261001\UNRAVELED_5_source_plus_current_OR_cases.npz,0fe4b3bf01e87c70687a1053d4c33f1ee4c9d57349593917ac1e466f4057c178,2,30,1127.5,256,1999,789.0833333333334,1420.4166666666667,1494.25,C:\w\px094_soc_workload_20261001\UNRAVELED_5_source_plus_current_OR_a2_m30.npz,844def842d498c4ae6b00398fe3604f4921037de5d0ac641933ed349386b3119,18,1,0,1,18,1,0,1,16,1,0,1
UNRAVELED_5_source_plus_current_OR,UNRAVELED,5,source,plus_current_OR,16022,196,15826,2255,81,2174,942,1,0,1625553900.0,C:\w\px094_soc_workload_20261001\UNRAVELED_5_source_plus_current_OR_cases.npz,0fe4b3bf01e87c70687a1053d4c33f1ee4c9d57349593917ac1e466f4057c178,4,5,187.91666666666666,2173,82,12.666666666666666,23.75,4.0,C:\w\px094_soc_workload_20261001\UNRAVELED_5_source_plus_current_OR_a4_m5.npz,11a969006eb87351a39e9c0f773d28df87ca3bca221fa48a91a9ed75bd63d7bf,18,6,0,1,18,6,0,1,16,4,0,1
UNRAVELED_5_source_plus_current_OR,UNRAVELED,5,source,plus_current_OR,16022,196,15826,2255,81,2174,942,1,0,1625553900.0,C:\w\px094_soc_workload_20261001\UNRAVELED_5_source_plus_current_OR_cases.npz,0fe4b3bf01e87c70687a1053d4c33f1ee4c9d57349593917ac1e466f4057c178,4,15,563.75,1024,1231,147.5,226.41666666666666,223.25,C:\w\px094_soc_workload_20261001\UNRAVELED_5_source_plus_current_OR_a4_m15.npz,7d2db7cee107235a2137e64cb9f0d2b2c91463a637211179753436bc7e1cacb7,18,1,0,1,18,1,0,1,16,1,0,1
UNRAVELED_5_source_plus_current_OR,UNRAVELED,5,source,plus_current_OR,16022,196,15826,2255,81,2174,942,1,0,1625553900.0,C:\w\px094_soc_workload_20261001\UNRAVELED_5_source_plus_current_OR_cases.npz,0fe4b3bf01e87c70687a1053d4c33f1ee4c9d57349593917ac1e466f4057c178,4,30,1127.5,512,1743,360.1666666666667,624.4666666666667,652.25,C:\w\px094_soc_workload_20261001\UNRAVELED_5_source_plus_current_OR_a4_m30.npz,ec9dd8d554dc9edfcfef3cf8414dbe67649178d0d26695663dd010496763e00e,18,1,0,1,18,1,0,1,16,1,0,1
UNRAVELED_5_source_full_OR,UNRAVELED,5,source,full_OR,17843,1991,15852,2935,752,2183,950,4,680,1625553900.0,C:\w\px094_soc_workload_20261001\UNRAVELED_5_source_full_OR_cases.npz,e8353807e9c9d2631801d2f13e10a6e6e62bcc92f7d94285ac72d4e6ea16eb34,1,5,244.58333333333334,768,2167,303.4166666666667,521.4416666666667,534.8333333333334,C:\w\px094_soc_workload_20261001\UNRAVELED_5_source_full_OR_a1_m5.npz,84f753fe030e1c1da729ea30ffab2939a508822e7054a73bbb3474a98aab2938,18,1,0,1,18,1,0,1,16,1,0,1
UNRAVELED_5_source_full_OR,UNRAVELED,5,source,full_OR,17843,1991,15852,2935,752,2183,950,4,680,1625553900.0,C:\w\px094_soc_workload_20261001\UNRAVELED_5_source_full_OR_cases.npz,e8353807e9c9d2631801d2f13e10a6e6e62bcc92f7d94285ac72d4e6ea16eb34,1,15,733.75,256,2679,1027.9166666666667,1917.9666666666667,2000.0,C:\w\px094_soc_workload_20261001\UNRAVELED_5_source_full_OR_a1_m15.npz,f08f8d7ec34ff891c622f0e5e34a41cc393c968879f865cd319e8ab3184b48e3,18,1,0,1,18,1,0,1,16,1,0,1
UNRAVELED_5_source_full_OR,UNRAVELED,5,source,full_OR,17843,1991,15852,2935,752,2183,950,4,680,1625553900.0,C:\w\px094_soc_workload_20261001\UNRAVELED_5_source_full_OR_cases.npz,e8353807e9c9d2631801d2f13e10a6e6e62bcc92f7d94285ac72d4e6ea16eb34,1,30,1467.5,128,2807,2130.6666666666665,4006.7916666666665,4205.75,C:\w\px094_soc_workload_20261001\UNRAVELED_5_source_full_OR_a1_m30.npz,891298b4c9a6580ad10c30d7cf193c6bf56dcbda7bfe0c704c8c7bd6476ca368,18,1,0,1,18,1,0,1,16,1,0,1
UNRAVELED_5_source_full_OR,UNRAVELED,5,source,full_OR,17843,1991,15852,2935,752,2183,950,4,680,1625553900.0,C:\w\px094_soc_workload_20261001\UNRAVELED_5_source_full_OR_cases.npz,e8353807e9c9d2631801d2f13e10a6e6e62bcc92f7d94285ac72d4e6ea16eb34,2,5,244.58333333333334,1536,1399,114.25,176.58333333333334,172.58333333333334,C:\w\px094_soc_workload_20261001\UNRAVELED_5_source_full_OR_a2_m5.npz,1a39d04cef4f74633ada2ff6499541ec1aef626df387d9f86f82864a85815d54,18,1,0,1,18,1,0,1,16,1,0,1
UNRAVELED_5_source_full_OR,UNRAVELED,5,source,full_OR,17843,1991,15852,2935,752,2183,950,4,680,1625553900.0,C:\w\px094_soc_workload_20261001\UNRAVELED_5_source_full_OR_cases.npz,e8353807e9c9d2631801d2f13e10a6e6e62bcc92f7d94285ac72d4e6ea16eb34,2,15,733.75,512,2423,476.4166666666667,865.4166666666666,897.25,C:\w\px094_soc_workload_20261001\UNRAVELED_5_source_full_OR_a2_m15.npz,63f05bcbbad05ebb2c2c08cc4bdccbb71aff5a27f58ad1ed3133652b0631c631,18,1,0,1,18,1,0,1,16,1,0,1
UNRAVELED_5_source_full_OR,UNRAVELED,5,source,full_OR,17843,1991,15852,2935,752,2183,950,4,680,1625553900.0,C:\w\px094_soc_workload_20261001\UNRAVELED_5_source_full_OR_cases.npz,e8353807e9c9d2631801d2f13e10a6e6e62bcc92f7d94285ac72d4e6ea16eb34,2,30,1467.5,256,2679,1027.6666666666667,1917.825,2000.25,C:\w\px094_soc_workload_20261001\UNRAVELED_5_source_full_OR_a2_m30.npz,8c883c3c63a417815c8b2b804585624802c11df3ad70d18c058a1a3c6f58ecda,18,1,0,1,18,1,0,1,16,1,0,1
UNRAVELED_5_source_full_OR,UNRAVELED,5,source,full_OR,17843,1991,15852,2935,752,2183,950,4,680,1625553900.0,C:\w\px094_soc_workload_20261001\UNRAVELED_5_source_full_OR_cases.npz,e8353807e9c9d2631801d2f13e10a6e6e62bcc92f7d94285ac72d4e6ea16eb34,4,5,244.58333333333334,2830,105,24.0,42.166666666666664,4.5,C:\w\px094_soc_workload_20261001\UNRAVELED_5_source_full_OR_a4_m5.npz,5fc5b0ee1c55151b9e49c12c8f9640757f8171e143287f9cb037f11d91c57a25,18,6,0,1,18,6,0,1,16,4,0,1
UNRAVELED_5_source_full_OR,UNRAVELED,5,source,full_OR,17843,1991,15852,2935,752,2183,950,4,680,1625553900.0,C:\w\px094_soc_workload_20261001\UNRAVELED_5_source_full_OR_cases.npz,e8353807e9c9d2631801d2f13e10a6e6e62bcc92f7d94285ac72d4e6ea16eb34,4,15,733.75,1024,1911,208.75,342.775,345.75,C:\w\px094_soc_workload_20261001\UNRAVELED_5_source_full_OR_a4_m15.npz,fd5f97e5f494b2708fa9a3490d061a50ca29fd6e9b6373ece0f15b917c4bef7c,18,1,0,1,18,1,0,1,16,1,0,1
UNRAVELED_5_source_full_OR,UNRAVELED,5,source,full_OR,17843,1991,15852,2935,752,2183,950,4,680,1625553900.0,C:\w\px094_soc_workload_20261001\UNRAVELED_5_source_full_OR_cases.npz,e8353807e9c9d2631801d2f13e10a6e6e62bcc92f7d94285ac72d4e6ea16eb34,4,30,1467.5,512,2423,476.25,865.275,897.25,C:\w\px094_soc_workload_20261001\UNRAVELED_5_source_full_OR_a4_m30.npz,2328b313d8aa5f3730a5d8edfd02eb91841d5d80c08286b8ed5fe5eeed24b9d7,18,1,0,1,18,1,0,1,16,1,0,1
UNRAVELED_15_pair_base_mean,UNRAVELED,15,pair,base_mean,14941,182,14759,725,128,597,163,0,-332,1625553900.0,C:\w\px094_soc_workload_20261001\UNRAVELED_15_pair_base_mean_cases.npz,74be71d729695f1d491418a09059f64b7d47a5d3e64666a85750be5d5e75dfe0,1,5,60.416666666666664,725,0,40.75,65.98333333333333,0.0,C:\w\px094_soc_workload_20261001\UNRAVELED_15_pair_base_mean_a1_m5.npz,255e56607af91a1a1419b90bf6369da95570cdb5f1e4ec35abd4439e410058a7,18,4,0,1,18,4,0,1,16,3,0,1
UNRAVELED_15_pair_base_mean,UNRAVELED,15,pair,base_mean,14941,182,14759,725,128,597,163,0,-332,1625553900.0,C:\w\px094_soc_workload_20261001\UNRAVELED_15_pair_base_mean_cases.npz,74be71d729695f1d491418a09059f64b7d47a5d3e64666a85750be5d5e75dfe0,1,15,181.25,256,469,226.25,399.95,343.5,C:\w\px094_soc_workload_20261001\UNRAVELED_15_pair_base_mean_a1_m15.npz,71dab407e749ed57fef937cd8cf7411803d352c47b6cf8b908f02c45343b4669,18,1,0,1,18,1,0,1,16,1,0,1
UNRAVELED_15_pair_base_mean,UNRAVELED,15,pair,base_mean,14941,182,14759,725,128,597,163,0,-332,1625553900.0,C:\w\px094_soc_workload_20261001\UNRAVELED_15_pair_base_mean_cases.npz,74be71d729695f1d491418a09059f64b7d47a5d3e64666a85750be5d5e75dfe0,1,30,362.5,128,597,492.75,921.5999999999996,892.75,C:\w\px094_soc_workload_20261001\UNRAVELED_15_pair_base_mean_a1_m30.npz,b836fc1210146eff77bf3277478ed1aceca619fc29392e9ba102b90dd55c8a99,18,1,0,1,18,1,0,1,16,1,0,1
UNRAVELED_15_pair_base_mean,UNRAVELED,15,pair,base_mean,14941,182,14759,725,128,597,163,0,-332,1625553900.0,C:\w\px094_soc_workload_20261001\UNRAVELED_15_pair_base_mean_cases.npz,74be71d729695f1d491418a09059f64b7d47a5d3e64666a85750be5d5e75dfe0,2,5,60.416666666666664,725,0,10.416666666666666,15.666666666666666,0.0,C:\w\px094_soc_workload_20261001\UNRAVELED_15_pair_base_mean_a2_m5.npz,3eb7db8f4a09a217e601bb4714c9b0c38ac1dc899cb33d4c918a41bc61d6a290,18,4,0,1,18,4,0,1,16,3,0,1
UNRAVELED_15_pair_base_mean,UNRAVELED,15,pair,base_mean,14941,182,14759,725,128,597,163,0,-332,1625553900.0,C:\w\px094_soc_workload_20261001\UNRAVELED_15_pair_base_mean_cases.npz,74be71d729695f1d491418a09059f64b7d47a5d3e64666a85750be5d5e75dfe0,2,15,181.25,512,213,84.75,151.5,77.0,C:\w\px094_soc_workload_20261001\UNRAVELED_15_pair_base_mean_a2_m15.npz,89a3a94867e6c74761c1f540a953785669898f853ea268c903a92dc83863ce4f,18,1,0,1,18,1,0,1,16,1,0,1
UNRAVELED_15_pair_base_mean,UNRAVELED,15,pair,base_mean,14941,182,14759,725,128,597,163,0,-332,1625553900.0,C:\w\px094_soc_workload_20261001\UNRAVELED_15_pair_base_mean_cases.npz,74be71d729695f1d491418a09059f64b7d47a5d3e64666a85750be5d5e75dfe0,2,30,362.5,256,469,226.25,399.75,343.75,C:\w\px094_soc_workload_20261001\UNRAVELED_15_pair_base_mean_a2_m30.npz,5367d1c44f8ec598a2e4c6ec21b3b3791cc8e601aa7d1e7206211f675156c359,18,1,0,1,18,1,0,1,16,1,0,1
UNRAVELED_15_pair_base_mean,UNRAVELED,15,pair,base_mean,14941,182,14759,725,128,597,163,0,-332,1625553900.0,C:\w\px094_soc_workload_20261001\UNRAVELED_15_pair_base_mean_cases.npz,74be71d729695f1d491418a09059f64b7d47a5d3e64666a85750be5d5e75dfe0,4,5,60.416666666666664,725,0,8.666666666666666,15.233333333333329,0.0,C:\w\px094_soc_workload_20261001\UNRAVELED_15_pair_base_mean_a4_m5.npz,69c1e3ab278ceff4416064f8e15b5e62cc07cabd80d77f2c6932522b696025c5,18,4,0,1,18,4,0,1,16,3,0,1
UNRAVELED_15_pair_base_mean,UNRAVELED,15,pair,base_mean,14941,182,14759,725,128,597,163,0,-332,1625553900.0,C:\w\px094_soc_workload_20261001\UNRAVELED_15_pair_base_mean_cases.npz,74be71d729695f1d491418a09059f64b7d47a5d3e64666a85750be5d5e75dfe0,4,15,181.25,725,0,21.75,36.5,0.0,C:\w\px094_soc_workload_20261001\UNRAVELED_15_pair_base_mean_a4_m15.npz,a36c7f4e4fbdee994ee8647f8afd96634bb7b98324f30fc7cd02f22e90b4da05,18,4,0,1,18,4,0,1,16,3,0,1
UNRAVELED_15_pair_base_mean,UNRAVELED,15,pair,base_mean,14941,182,14759,725,128,597,163,0,-332,1625553900.0,C:\w\px094_soc_workload_20261001\UNRAVELED_15_pair_base_mean_cases.npz,74be71d729695f1d491418a09059f64b7d47a5d3e64666a85750be5d5e75dfe0,4,30,362.5,512,213,84.5,151.45,77.25,C:\w\px094_soc_workload_20261001\UNRAVELED_15_pair_base_mean_a4_m30.npz,2bf1a01f1b2f527835f8869e9a3f5e82dfbc899de15bd0c561a311c7f6a0ac87,18,1,0,1,18,1,0,1,16,1,0,1
UNRAVELED_15_pair_base_OR,UNRAVELED,15,pair,base_OR,16022,196,15826,1057,142,915,481,0,0,1625553900.0,C:\w\px094_soc_workload_20261001\UNRAVELED_15_pair_base_OR_cases.npz,b6529d8b9a512036d5e6337230da2fbdae97e678f13b8cce39310802efcdac88,1,5,88.08333333333333,750,307,60.5,80.58333333333333,75.83333333333333,C:\w\px094_soc_workload_20261001\UNRAVELED_15_pair_base_OR_a1_m5.npz,a67e4bccbb77603b16d340922fc5a69175bada09047aa41eb92e9598128f7d9a,18,4,0,1,18,4,0,1,16,3,0,1
UNRAVELED_15_pair_base_OR,UNRAVELED,15,pair,base_OR,16022,196,15826,1057,142,915,481,0,0,1625553900.0,C:\w\px094_soc_workload_20261001\UNRAVELED_15_pair_base_OR_cases.npz,b6529d8b9a512036d5e6337230da2fbdae97e678f13b8cce39310802efcdac88,1,15,264.25,256,801,321.75,570.25,602.5,C:\w\px094_soc_workload_20261001\UNRAVELED_15_pair_base_OR_a1_m15.npz,25396d4055c346559ef4324c39468d61183f61be5ca583cbbd9ccc124a4dab39,18,1,0,1,18,1,0,1,16,1,0,1
UNRAVELED_15_pair_base_OR,UNRAVELED,15,pair,base_OR,16022,196,15826,1057,142,915,481,0,0,1625553900.0,C:\w\px094_soc_workload_20261001\UNRAVELED_15_pair_base_OR_cases.npz,b6529d8b9a512036d5e6337230da2fbdae97e678f13b8cce39310802efcdac88,1,30,528.5,128,929,725.75,1317.05,1394.75,C:\w\px094_soc_workload_20261001\UNRAVELED_15_pair_base_OR_a1_m30.npz,54e6072a17bdcdda530bbe259cf92e6f2d22ae292a2b4f5270deb1ba7a12d915,18,1,0,1,18,1,0,1,16,1,0,1
UNRAVELED_15_pair_base_OR,UNRAVELED,15,pair,base_OR,16022,196,15826,1057,142,915,481,0,0,1625553900.0,C:\w\px094_soc_workload_20261001\UNRAVELED_15_pair_base_OR_cases.npz,b6529d8b9a512036d5e6337230da2fbdae97e678f13b8cce39310802efcdac88,2,5,88.08333333333333,1001,56,9.166666666666666,15.75,4.583333333333333,C:\w\px094_soc_workload_20261001\UNRAVELED_15_pair_base_OR_a2_m5.npz,3aa3ec0fcd37c048783d55cbe59373dc693da1c9b226b31a9eda47c239c4b5d1,18,6,0,1,18,6,0,1,16,4,0,1
UNRAVELED_15_pair_base_OR,UNRAVELED,15,pair,base_OR,16022,196,15826,1057,142,915,481,0,0,1625553900.0,C:\w\px094_soc_workload_20261001\UNRAVELED_15_pair_base_OR_cases.npz,b6529d8b9a512036d5e6337230da2fbdae97e678f13b8cce39310802efcdac88,2,15,264.25,512,545,124.0,191.75,198.5,C:\w\px094_soc_workload_20261001\UNRAVELED_15_pair_base_OR_a2_m15.npz,d1faf871544fa88d3fda0d08897c1a2514b9d817e5edd70cdba1ec3191d37fb4,18,1,0,1,18,1,0,1,16,1,0,1
UNRAVELED_15_pair_base_OR,UNRAVELED,15,pair,base_OR,16022,196,15826,1057,142,915,481,0,0,1625553900.0,C:\w\px094_soc_workload_20261001\UNRAVELED_15_pair_base_OR_cases.npz,b6529d8b9a512036d5e6337230da2fbdae97e678f13b8cce39310802efcdac88,2,30,528.5,256,801,321.75,570.0,602.75,C:\w\px094_soc_workload_20261001\UNRAVELED_15_pair_base_OR_a2_m30.npz,19be65729262f6bacf447e9b6af7784a9c35a3b3c315ac0a7530f0f0f6484ed5,18,1,0,1,18,1,0,1,16,1,0,1
UNRAVELED_15_pair_base_OR,UNRAVELED,15,pair,base_OR,16022,196,15826,1057,142,915,481,0,0,1625553900.0,C:\w\px094_soc_workload_20261001\UNRAVELED_15_pair_base_OR_cases.npz,b6529d8b9a512036d5e6337230da2fbdae97e678f13b8cce39310802efcdac88,4,5,88.08333333333333,1001,56,7.416666666666667,15.083333333333334,3.4166666666666665,C:\w\px094_soc_workload_20261001\UNRAVELED_15_pair_base_OR_a4_m5.npz,63abfc51dbb00982614a828718775bae101267bcaf64fef6bdb3a33f28fc6fc6,18,6,0,1,18,6,0,1,16,4,0,1
UNRAVELED_15_pair_base_OR,UNRAVELED,15,pair,base_OR,16022,196,15826,1057,142,915,481,0,0,1625553900.0,C:\w\px094_soc_workload_20261001\UNRAVELED_15_pair_base_OR_cases.npz,b6529d8b9a512036d5e6337230da2fbdae97e678f13b8cce39310802efcdac88,4,15,264.25,974,83,22.75,37.5,7.5,C:\w\px094_soc_workload_20261001\UNRAVELED_15_pair_base_OR_a4_m15.npz,5ad3bcba4c723a08070e1a724c4238627a81802c1fdbe43c712f87de8a32b008,18,6,0,1,18,6,0,1,16,4,0,1
UNRAVELED_15_pair_base_OR,UNRAVELED,15,pair,base_OR,16022,196,15826,1057,142,915,481,0,0,1625553900.0,C:\w\px094_soc_workload_20261001\UNRAVELED_15_pair_base_OR_cases.npz,b6529d8b9a512036d5e6337230da2fbdae97e678f13b8cce39310802efcdac88,4,30,528.5,512,545,124.0,191.54999999999995,198.75,C:\w\px094_soc_workload_20261001\UNRAVELED_15_pair_base_OR_a4_m30.npz,e4257bdb9b886f9e7d10ff10918b90db0589c35668377711af9f0ec5e5089248,18,1,0,1,18,1,0,1,16,1,0,1
UNRAVELED_15_pair_plus_current_OR,UNRAVELED,15,pair,plus_current_OR,16022,196,15826,1057,142,915,481,0,0,1625553900.0,C:\w\px094_soc_workload_20261001\UNRAVELED_15_pair_plus_current_OR_cases.npz,b6529d8b9a512036d5e6337230da2fbdae97e678f13b8cce39310802efcdac88,1,5,88.08333333333333,750,307,60.5,80.58333333333333,75.83333333333333,C:\w\px094_soc_workload_20261001\UNRAVELED_15_pair_plus_current_OR_a1_m5.npz,a67e4bccbb77603b16d340922fc5a69175bada09047aa41eb92e9598128f7d9a,18,4,0,1,18,4,0,1,16,3,0,1
UNRAVELED_15_pair_plus_current_OR,UNRAVELED,15,pair,plus_current_OR,16022,196,15826,1057,142,915,481,0,0,1625553900.0,C:\w\px094_soc_workload_20261001\UNRAVELED_15_pair_plus_current_OR_cases.npz,b6529d8b9a512036d5e6337230da2fbdae97e678f13b8cce39310802efcdac88,1,15,264.25,256,801,321.75,570.25,602.5,C:\w\px094_soc_workload_20261001\UNRAVELED_15_pair_plus_current_OR_a1_m15.npz,25396d4055c346559ef4324c39468d61183f61be5ca583cbbd9ccc124a4dab39,18,1,0,1,18,1,0,1,16,1,0,1
UNRAVELED_15_pair_plus_current_OR,UNRAVELED,15,pair,plus_current_OR,16022,196,15826,1057,142,915,481,0,0,1625553900.0,C:\w\px094_soc_workload_20261001\UNRAVELED_15_pair_plus_current_OR_cases.npz,b6529d8b9a512036d5e6337230da2fbdae97e678f13b8cce39310802efcdac88,1,30,528.5,128,929,725.75,1317.05,1394.75,C:\w\px094_soc_workload_20261001\UNRAVELED_15_pair_plus_current_OR_a1_m30.npz,54e6072a17bdcdda530bbe259cf92e6f2d22ae292a2b4f5270deb1ba7a12d915,18,1,0,1,18,1,0,1,16,1,0,1
UNRAVELED_15_pair_plus_current_OR,UNRAVELED,15,pair,plus_current_OR,16022,196,15826,1057,142,915,481,0,0,1625553900.0,C:\w\px094_soc_workload_20261001\UNRAVELED_15_pair_plus_current_OR_cases.npz,b6529d8b9a512036d5e6337230da2fbdae97e678f13b8cce39310802efcdac88,2,5,88.08333333333333,1001,56,9.166666666666666,15.75,4.583333333333333,C:\w\px094_soc_workload_20261001\UNRAVELED_15_pair_plus_current_OR_a2_m5.npz,3aa3ec0fcd37c048783d55cbe59373dc693da1c9b226b31a9eda47c239c4b5d1,18,6,0,1,18,6,0,1,16,4,0,1
UNRAVELED_15_pair_plus_current_OR,UNRAVELED,15,pair,plus_current_OR,16022,196,15826,1057,142,915,481,0,0,1625553900.0,C:\w\px094_soc_workload_20261001\UNRAVELED_15_pair_plus_current_OR_cases.npz,b6529d8b9a512036d5e6337230da2fbdae97e678f13b8cce39310802efcdac88,2,15,264.25,512,545,124.0,191.75,198.5,C:\w\px094_soc_workload_20261001\UNRAVELED_15_pair_plus_current_OR_a2_m15.npz,d1faf871544fa88d3fda0d08897c1a2514b9d817e5edd70cdba1ec3191d37fb4,18,1,0,1,18,1,0,1,16,1,0,1
UNRAVELED_15_pair_plus_current_OR,UNRAVELED,15,pair,plus_current_OR,16022,196,15826,1057,142,915,481,0,0,1625553900.0,C:\w\px094_soc_workload_20261001\UNRAVELED_15_pair_plus_current_OR_cases.npz,b6529d8b9a512036d5e6337230da2fbdae97e678f13b8cce39310802efcdac88,2,30,528.5,256,801,321.75,570.0,602.75,C:\w\px094_soc_workload_20261001\UNRAVELED_15_pair_plus_current_OR_a2_m30.npz,19be65729262f6bacf447e9b6af7784a9c35a3b3c315ac0a7530f0f0f6484ed5,18,1,0,1,18,1,0,1,16,1,0,1
UNRAVELED_15_pair_plus_current_OR,UNRAVELED,15,pair,plus_current_OR,16022,196,15826,1057,142,915,481,0,0,1625553900.0,C:\w\px094_soc_workload_20261001\UNRAVELED_15_pair_plus_current_OR_cases.npz,b6529d8b9a512036d5e6337230da2fbdae97e678f13b8cce39310802efcdac88,4,5,88.08333333333333,1001,56,7.416666666666667,15.083333333333334,3.4166666666666665,C:\w\px094_soc_workload_20261001\UNRAVELED_15_pair_plus_current_OR_a4_m5.npz,63abfc51dbb00982614a828718775bae101267bcaf64fef6bdb3a33f28fc6fc6,18,6,0,1,18,6,0,1,16,4,0,1
UNRAVELED_15_pair_plus_current_OR,UNRAVELED,15,pair,plus_current_OR,16022,196,15826,1057,142,915,481,0,0,1625553900.0,C:\w\px094_soc_workload_20261001\UNRAVELED_15_pair_plus_current_OR_cases.npz,b6529d8b9a512036d5e6337230da2fbdae97e678f13b8cce39310802efcdac88,4,15,264.25,974,83,22.75,37.5,7.5,C:\w\px094_soc_workload_20261001\UNRAVELED_15_pair_plus_current_OR_a4_m15.npz,5ad3bcba4c723a08070e1a724c4238627a81802c1fdbe43c712f87de8a32b008,18,6,0,1,18,6,0,1,16,4,0,1
UNRAVELED_15_pair_plus_current_OR,UNRAVELED,15,pair,plus_current_OR,16022,196,15826,1057,142,915,481,0,0,1625553900.0,C:\w\px094_soc_workload_20261001\UNRAVELED_15_pair_plus_current_OR_cases.npz,b6529d8b9a512036d5e6337230da2fbdae97e678f13b8cce39310802efcdac88,4,30,528.5,512,545,124.0,191.54999999999995,198.75,C:\w\px094_soc_workload_20261001\UNRAVELED_15_pair_plus_current_OR_a4_m30.npz,e4257bdb9b886f9e7d10ff10918b90db0589c35668377711af9f0ec5e5089248,18,1,0,1,18,1,0,1,16,1,0,1
UNRAVELED_15_pair_full_OR,UNRAVELED,15,pair,full_OR,17843,1991,15852,2607,1691,916,481,0,1550,1625553900.0,C:\w\px094_soc_workload_20261001\UNRAVELED_15_pair_full_OR_cases.npz,32ee21ced40d39ddf40688b0b3490cb4746fb6274fce1daab0377312a2001fab,1,5,217.25,752,1855,246.08333333333334,432.9166666666667,460.8333333333333,C:\w\px094_soc_workload_20261001\UNRAVELED_15_pair_full_OR_a1_m5.npz,6eb744c7a536048ec0f11a8e3a2089ba6cf8edcae30af23292454ed91347aaa3,18,1,0,1,18,1,0,1,16,1,0,1
UNRAVELED_15_pair_full_OR,UNRAVELED,15,pair,full_OR,17843,1991,15852,2607,1691,916,481,0,1550,1625553900.0,C:\w\px094_soc_workload_20261001\UNRAVELED_15_pair_full_OR_cases.npz,32ee21ced40d39ddf40688b0b3490cb4746fb6274fce1daab0377312a2001fab,1,15,651.75,256,2351,889.75,1674.675,1758.0,C:\w\px094_soc_workload_20261001\UNRAVELED_15_pair_full_OR_a1_m15.npz,ee3de489c1543b3595fd1792b70d791e4751c86fbf718eeac3b5cfdcd4b74aea,18,1,0,1,18,1,0,1,16,1,0,1
UNRAVELED_15_pair_full_OR,UNRAVELED,15,pair,full_OR,17843,1991,15852,2607,1691,916,481,0,1550,1625553900.0,C:\w\px094_soc_workload_20261001\UNRAVELED_15_pair_full_OR_cases.npz,32ee21ced40d39ddf40688b0b3490cb4746fb6274fce1daab0377312a2001fab,1,30,1303.5,128,2479,1871.5,3525.6,3705.75,C:\w\px094_soc_workload_20261001\UNRAVELED_15_pair_full_OR_a1_m30.npz,5b80a53d5b8793bae8a45c387c933e28feb8c8dc7671362733b8fd44d3c173e4,18,1,0,1,18,1,0,1,16,1,0,1
UNRAVELED_15_pair_full_OR,UNRAVELED,15,pair,full_OR,17843,1991,15852,2607,1691,916,481,0,1550,1625553900.0,C:\w\px094_soc_workload_20261001\UNRAVELED_15_pair_full_OR_cases.npz,32ee21ced40d39ddf40688b0b3490cb4746fb6274fce1daab0377312a2001fab,2,5,217.25,1424,1183,93.58333333333333,142.44999999999996,147.58333333333334,C:\w\px094_soc_workload_20261001\UNRAVELED_15_pair_full_OR_a2_m5.npz,c8e8ae1ff2ccded22c2d2ee6c69e58e253694e1ac2d5d97a3b8c118eade05066,18,1,0,1,18,1,0,1,16,1,0,1
UNRAVELED_15_pair_full_OR,UNRAVELED,15,pair,full_OR,17843,1991,15852,2607,1691,916,481,0,1550,1625553900.0,C:\w\px094_soc_workload_20261001\UNRAVELED_15_pair_full_OR_cases.npz,32ee21ced40d39ddf40688b0b3490cb4746fb6274fce1daab0377312a2001fab,2,15,651.75,512,2095,406.75,741.25,776.25,C:\w\px094_soc_workload_20261001\UNRAVELED_15_pair_full_OR_a2_m15.npz,d80b22ed1dccb79770935fb2d86f22bd200c4e5b2396d997d79ff246b5564493,18,1,0,1,18,1,0,1,16,1,0,1
UNRAVELED_15_pair_full_OR,UNRAVELED,15,pair,full_OR,17843,1991,15852,2607,1691,916,481,0,1550,1625553900.0,C:\w\px094_soc_workload_20261001\UNRAVELED_15_pair_full_OR_cases.npz,32ee21ced40d39ddf40688b0b3490cb4746fb6274fce1daab0377312a2001fab,2,30,1303.5,256,2351,889.75,1674.5,1758.25,C:\w\px094_soc_workload_20261001\UNRAVELED_15_pair_full_OR_a2_m30.npz,d39ef85a3380d2f7fc6932f2de1366f2a6836d41ea23d17ac19d17f5c25f89ea,18,1,0,1,18,1,0,1,16,1,0,1
UNRAVELED_15_pair_full_OR,UNRAVELED,15,pair,full_OR,17843,1991,15852,2607,1691,916,481,0,1550,1625553900.0,C:\w\px094_soc_workload_20261001\UNRAVELED_15_pair_full_OR_cases.npz,32ee21ced40d39ddf40688b0b3490cb4746fb6274fce1daab0377312a2001fab,4,5,217.25,2473,134,16.916666666666668,36.0,5.083333333333333,C:\w\px094_soc_workload_20261001\UNRAVELED_15_pair_full_OR_a4_m5.npz,647df5c3b4ca73bccae8240281b4545b1526c8440c6a7dac2d7b858464cf2f61,18,6,0,1,18,6,0,1,16,4,0,1
UNRAVELED_15_pair_full_OR,UNRAVELED,15,pair,full_OR,17843,1991,15852,2607,1691,916,481,0,1550,1625553900.0,C:\w\px094_soc_workload_20261001\UNRAVELED_15_pair_full_OR_cases.npz,32ee21ced40d39ddf40688b0b3490cb4746fb6274fce1daab0377312a2001fab,4,15,651.75,976,1631,170.0,287.5,296.25,C:\w\px094_soc_workload_20261001\UNRAVELED_15_pair_full_OR_a4_m15.npz,4db08c4ffdeb2c73eb1785b65bf72d3fb78dfb01d3f5e1bf84a88193f1e3dd4f,18,1,0,1,18,1,0,1,16,1,0,1
UNRAVELED_15_pair_full_OR,UNRAVELED,15,pair,full_OR,17843,1991,15852,2607,1691,916,481,0,1550,1625553900.0,C:\w\px094_soc_workload_20261001\UNRAVELED_15_pair_full_OR_cases.npz,32ee21ced40d39ddf40688b0b3490cb4746fb6274fce1daab0377312a2001fab,4,30,1303.5,512,2095,406.5,741.0,776.25,C:\w\px094_soc_workload_20261001\UNRAVELED_15_pair_full_OR_a4_m30.npz,b6f483a827aead680576c2df385940da51b2079aae9aa9183bd0a68cf8e82a20,18,1,0,1,18,1,0,1,16,1,0,1
UNRAVELED_15_source_base_mean,UNRAVELED,15,source,base_mean,14941,182,14759,647,69,578,163,0,-321,1625553900.0,C:\w\px094_soc_workload_20261001\UNRAVELED_15_source_base_mean_cases.npz,2ceead3a42b82a06e9a0af2f6a496478458293aa096431d758dae52e95c5f528,1,5,53.916666666666664,647,0,39.333333333333336,55.474999999999994,0.0,C:\w\px094_soc_workload_20261001\UNRAVELED_15_source_base_mean_a1_m5.npz,dc12029bf4fecc35288c854e6be96b4bc405e735f585c58b1c3a756504a41b44,18,4,0,1,18,4,0,1,16,3,0,1
UNRAVELED_15_source_base_mean,UNRAVELED,15,source,base_mean,14941,182,14759,647,69,578,163,0,-321,1625553900.0,C:\w\px094_soc_workload_20261001\UNRAVELED_15_source_base_mean_cases.npz,2ceead3a42b82a06e9a0af2f6a496478458293aa096431d758dae52e95c5f528,1,15,161.75,256,391,203.25,349.25,292.0,C:\w\px094_soc_workload_20261001\UNRAVELED_15_source_base_mean_a1_m15.npz,e2791d7f999f71807af111faba288a705b9349f3229e663b1681bd34cbbeb0f5,18,1,0,1,18,1,0,1,16,1,0,1
UNRAVELED_15_source_base_mean,UNRAVELED,15,source,base_mean,14941,182,14759,647,69,578,163,0,-321,1625553900.0,C:\w\px094_soc_workload_20261001\UNRAVELED_15_source_base_mean_cases.npz,2ceead3a42b82a06e9a0af2f6a496478458293aa096431d758dae52e95c5f528,1,30,323.5,128,519,444.0,806.675,773.75,C:\w\px094_soc_workload_20261001\UNRAVELED_15_source_base_mean_a1_m30.npz,517c765f5825687716cd2834e1aad55ac079505ce55678ce76f1fcfe7cd0ac59,18,1,0,1,18,1,0,1,16,1,0,1
UNRAVELED_15_source_base_mean,UNRAVELED,15,source,base_mean,14941,182,14759,647,69,578,163,0,-321,1625553900.0,C:\w\px094_soc_workload_20261001\UNRAVELED_15_source_base_mean_cases.npz,2ceead3a42b82a06e9a0af2f6a496478458293aa096431d758dae52e95c5f528,2,5,53.916666666666664,647,0,8.916666666666666,15.5,0.0,C:\w\px094_soc_workload_20261001\UNRAVELED_15_source_base_mean_a2_m5.npz,1ee9318f9f833c72dcd9aacf5b61774bcdfcf9c6373bf68c4282ee516d357957,18,4,0,1,18,4,0,1,16,3,0,1
UNRAVELED_15_source_base_mean,UNRAVELED,15,source,base_mean,14941,182,14759,647,69,578,163,0,-321,1625553900.0,C:\w\px094_soc_workload_20261001\UNRAVELED_15_source_base_mean_cases.npz,2ceead3a42b82a06e9a0af2f6a496478458293aa096431d758dae52e95c5f528,2,15,161.75,512,135,78.25,124.75,51.25,C:\w\px094_soc_workload_20261001\UNRAVELED_15_source_base_mean_a2_m15.npz,546175e86300ed19c2740cf48e598f375d9600248b5a782e866e630b09ce048e,18,1,0,1,18,1,0,1,16,1,0,1
UNRAVELED_15_source_base_mean,UNRAVELED,15,source,base_mean,14941,182,14759,647,69,578,163,0,-321,1625553900.0,C:\w\px094_soc_workload_20261001\UNRAVELED_15_source_base_mean_cases.npz,2ceead3a42b82a06e9a0af2f6a496478458293aa096431d758dae52e95c5f528,2,30,323.5,256,391,203.0,349.175,292.25,C:\w\px094_soc_workload_20261001\UNRAVELED_15_source_base_mean_a2_m30.npz,c7f210f96c10957565c549861b892a565a0dd9681eed97bee497d29862c5a42f,18,1,0,1,18,1,0,1,16,1,0,1
UNRAVELED_15_source_base_mean,UNRAVELED,15,source,base_mean,14941,182,14759,647,69,578,163,0,-321,1625553900.0,C:\w\px094_soc_workload_20261001\UNRAVELED_15_source_base_mean_cases.npz,2ceead3a42b82a06e9a0af2f6a496478458293aa096431d758dae52e95c5f528,4,5,53.916666666666664,647,0,7.25,15.166666666666666,0.0,C:\w\px094_soc_workload_20261001\UNRAVELED_15_source_base_mean_a4_m5.npz,8f64920030f220f29c5a87ea06da5ac5c1de76cd1e5fa47122b4525753848e23,18,4,0,1,18,4,0,1,16,3,0,1
UNRAVELED_15_source_base_mean,UNRAVELED,15,source,base_mean,14941,182,14759,647,69,578,163,0,-321,1625553900.0,C:\w\px094_soc_workload_20261001\UNRAVELED_15_source_base_mean_cases.npz,2ceead3a42b82a06e9a0af2f6a496478458293aa096431d758dae52e95c5f528,4,15,161.75,647,0,17.75,29.75,0.0,C:\w\px094_soc_workload_20261001\UNRAVELED_15_source_base_mean_a4_m15.npz,c1a7e334e73e66603ea85b6e9a57dd5f055861c0b4b6be9d5e029780b5c84217,18,4,0,1,18,4,0,1,16,3,0,1
UNRAVELED_15_source_base_mean,UNRAVELED,15,source,base_mean,14941,182,14759,647,69,578,163,0,-321,1625553900.0,C:\w\px094_soc_workload_20261001\UNRAVELED_15_source_base_mean_cases.npz,2ceead3a42b82a06e9a0af2f6a496478458293aa096431d758dae52e95c5f528,4,30,323.5,512,135,78.0,124.67499999999998,51.25,C:\w\px094_soc_workload_20261001\UNRAVELED_15_source_base_mean_a4_m30.npz,1aec0228672ac86f8a814fabbac5d2dc8edc9441c5ba3ae3091864ef0cc23f8d,18,1,0,1,18,1,0,1,16,1,0,1
UNRAVELED_15_source_base_OR,UNRAVELED,15,source,base_OR,16022,196,15826,968,74,894,479,0,0,1625553900.0,C:\w\px094_soc_workload_20261001\UNRAVELED_15_source_base_OR_cases.npz,121ec96c81772dffa44a8fef05990d988b6257af19523bf55796cbcac8499e66,1,5,80.66666666666667,750,218,43.833333333333336,58.72083333333333,52.416666666666664,C:\w\px094_soc_workload_20261001\UNRAVELED_15_source_base_OR_a1_m5.npz,d991a0b946ebca06364bc130b594ac9a72fc28982c7d534d8ecec12e1f6db236,18,6,0,1,18,6,0,1,16,4,0,1
UNRAVELED_15_source_base_OR,UNRAVELED,15,source,base_OR,16022,196,15826,968,74,894,479,0,0,1625553900.0,C:\w\px094_soc_workload_20261001\UNRAVELED_15_source_base_OR_cases.npz,121ec96c81772dffa44a8fef05990d988b6257af19523bf55796cbcac8499e66,1,15,242.0,256,712,292.0,500.0,532.25,C:\w\px094_soc_workload_20261001\UNRAVELED_15_source_base_OR_a1_m15.npz,5dc514b834b9be105b14644774502082d5ffab33a325b94468387aa89235785e,18,1,0,1,18,1,0,1,16,1,0,1
UNRAVELED_15_source_base_OR,UNRAVELED,15,source,base_OR,16022,196,15826,968,74,894,479,0,0,1625553900.0,C:\w\px094_soc_workload_20261001\UNRAVELED_15_source_base_OR_cases.npz,121ec96c81772dffa44a8fef05990d988b6257af19523bf55796cbcac8499e66,1,30,484.0,128,840,652.875,1193.6625,1254.25,C:\w\px094_soc_workload_20261001\UNRAVELED_15_source_base_OR_a1_m30.npz,42467b6d411da26ad97e8fc08954b4cd7b35b97d42bb378cee129f4fb24bd610,18,1,0,1,18,1,0,1,16,1,0,1
UNRAVELED_15_source_base_OR,UNRAVELED,15,source,base_OR,16022,196,15826,968,74,894,479,0,0,1625553900.0,C:\w\px094_soc_workload_20261001\UNRAVELED_15_source_base_OR_cases.npz,121ec96c81772dffa44a8fef05990d988b6257af19523bf55796cbcac8499e66,2,5,80.66666666666667,912,56,8.041666666666666,15.333333333333334,4.583333333333333,C:\w\px094_soc_workload_20261001\UNRAVELED_15_source_base_OR_a2_m5.npz,96f901dfb5e0f7c7d9bc27696ba2e8804fb621c2a827746dd2b34836e77d108b,18,6,0,1,18,6,0,1,16,4,0,1
UNRAVELED_15_source_base_OR,UNRAVELED,15,source,base_OR,16022,196,15826,968,74,894,479,0,0,1625553900.0,C:\w\px094_soc_workload_20261001\UNRAVELED_15_source_base_OR_cases.npz,121ec96c81772dffa44a8fef05990d988b6257af19523bf55796cbcac8499e66,2,15,242.0,512,456,104.5,158.9125,171.25,C:\w\px094_soc_workload_20261001\UNRAVELED_15_source_base_OR_a2_m15.npz,5788314d0a11105be12ae5919399414f59c076fde338c1932381f5b9d8687eba,18,1,0,1,18,1,0,1,16,1,0,1
UNRAVELED_15_source_base_OR,UNRAVELED,15,source,base_OR,16022,196,15826,968,74,894,479,0,0,1625553900.0,C:\w\px094_soc_workload_20261001\UNRAVELED_15_source_base_OR_cases.npz,121ec96c81772dffa44a8fef05990d988b6257af19523bf55796cbcac8499e66,2,30,484.0,256,712,291.75,500.0,532.25,C:\w\px094_soc_workload_20261001\UNRAVELED_15_source_base_OR_a2_m30.npz,9470206ac9c9eebbf13260cf44cf74382de6c19aed8abd3bf6be16866686c0d7,18,1,0,1,18,1,0,1,16,1,0,1
UNRAVELED_15_source_base_OR,UNRAVELED,15,source,base_OR,16022,196,15826,968,74,894,479,0,0,1625553900.0,C:\w\px094_soc_workload_20261001\UNRAVELED_15_source_base_OR_cases.npz,121ec96c81772dffa44a8fef05990d988b6257af19523bf55796cbcac8499e66,4,5,80.66666666666667,912,56,6.583333333333333,15.0,3.4166666666666665,C:\w\px094_soc_workload_20261001\UNRAVELED_15_source_base_OR_a4_m5.npz,036c173ac59dd020f1f5d05316a94571c5c80d5894adae21f850ff37b6308443,18,6,0,1,18,6,0,1,16,4,0,1
UNRAVELED_15_source_base_OR,UNRAVELED,15,source,base_OR,16022,196,15826,968,74,894,479,0,0,1625553900.0,C:\w\px094_soc_workload_20261001\UNRAVELED_15_source_base_OR_cases.npz,121ec96c81772dffa44a8fef05990d988b6257af19523bf55796cbcac8499e66,4,15,242.0,912,56,15.25,30.25,5.75,C:\w\px094_soc_workload_20261001\UNRAVELED_15_source_base_OR_a4_m15.npz,e2b3dabd44346af621a6c51ca6d2571b5fc8bccfa5fd0c38a1191f0479d10761,18,6,0,1,18,6,0,1,16,4,0,1
UNRAVELED_15_source_base_OR,UNRAVELED,15,source,base_OR,16022,196,15826,968,74,894,479,0,0,1625553900.0,C:\w\px094_soc_workload_20261001\UNRAVELED_15_source_base_OR_cases.npz,121ec96c81772dffa44a8fef05990d988b6257af19523bf55796cbcac8499e66,4,30,484.0,512,456,104.375,158.75,171.25,C:\w\px094_soc_workload_20261001\UNRAVELED_15_source_base_OR_a4_m30.npz,2cadb5aa3a3123126e96425be5ee2748c1fbcab8ff762e881de0bb55d494bc73,18,1,0,1,18,1,0,1,16,1,0,1
UNRAVELED_15_source_plus_current_OR,UNRAVELED,15,source,plus_current_OR,16022,196,15826,968,74,894,479,0,0,1625553900.0,C:\w\px094_soc_workload_20261001\UNRAVELED_15_source_plus_current_OR_cases.npz,121ec96c81772dffa44a8fef05990d988b6257af19523bf55796cbcac8499e66,1,5,80.66666666666667,750,218,43.833333333333336,58.72083333333333,52.416666666666664,C:\w\px094_soc_workload_20261001\UNRAVELED_15_source_plus_current_OR_a1_m5.npz,d991a0b946ebca06364bc130b594ac9a72fc28982c7d534d8ecec12e1f6db236,18,6,0,1,18,6,0,1,16,4,0,1
UNRAVELED_15_source_plus_current_OR,UNRAVELED,15,source,plus_current_OR,16022,196,15826,968,74,894,479,0,0,1625553900.0,C:\w\px094_soc_workload_20261001\UNRAVELED_15_source_plus_current_OR_cases.npz,121ec96c81772dffa44a8fef05990d988b6257af19523bf55796cbcac8499e66,1,15,242.0,256,712,292.0,500.0,532.25,C:\w\px094_soc_workload_20261001\UNRAVELED_15_source_plus_current_OR_a1_m15.npz,5dc514b834b9be105b14644774502082d5ffab33a325b94468387aa89235785e,18,1,0,1,18,1,0,1,16,1,0,1
UNRAVELED_15_source_plus_current_OR,UNRAVELED,15,source,plus_current_OR,16022,196,15826,968,74,894,479,0,0,1625553900.0,C:\w\px094_soc_workload_20261001\UNRAVELED_15_source_plus_current_OR_cases.npz,121ec96c81772dffa44a8fef05990d988b6257af19523bf55796cbcac8499e66,1,30,484.0,128,840,652.875,1193.6625,1254.25,C:\w\px094_soc_workload_20261001\UNRAVELED_15_source_plus_current_OR_a1_m30.npz,42467b6d411da26ad97e8fc08954b4cd7b35b97d42bb378cee129f4fb24bd610,18,1,0,1,18,1,0,1,16,1,0,1
UNRAVELED_15_source_plus_current_OR,UNRAVELED,15,source,plus_current_OR,16022,196,15826,968,74,894,479,0,0,1625553900.0,C:\w\px094_soc_workload_20261001\UNRAVELED_15_source_plus_current_OR_cases.npz,121ec96c81772dffa44a8fef05990d988b6257af19523bf55796cbcac8499e66,2,5,80.66666666666667,912,56,8.041666666666666,15.333333333333334,4.583333333333333,C:\w\px094_soc_workload_20261001\UNRAVELED_15_source_plus_current_OR_a2_m5.npz,96f901dfb5e0f7c7d9bc27696ba2e8804fb621c2a827746dd2b34836e77d108b,18,6,0,1,18,6,0,1,16,4,0,1
UNRAVELED_15_source_plus_current_OR,UNRAVELED,15,source,plus_current_OR,16022,196,15826,968,74,894,479,0,0,1625553900.0,C:\w\px094_soc_workload_20261001\UNRAVELED_15_source_plus_current_OR_cases.npz,121ec96c81772dffa44a8fef05990d988b6257af19523bf55796cbcac8499e66,2,15,242.0,512,456,104.5,158.9125,171.25,C:\w\px094_soc_workload_20261001\UNRAVELED_15_source_plus_current_OR_a2_m15.npz,5788314d0a11105be12ae5919399414f59c076fde338c1932381f5b9d8687eba,18,1,0,1,18,1,0,1,16,1,0,1
UNRAVELED_15_source_plus_current_OR,UNRAVELED,15,source,plus_current_OR,16022,196,15826,968,74,894,479,0,0,1625553900.0,C:\w\px094_soc_workload_20261001\UNRAVELED_15_source_plus_current_OR_cases.npz,121ec96c81772dffa44a8fef05990d988b6257af19523bf55796cbcac8499e66,2,30,484.0,256,712,291.75,500.0,532.25,C:\w\px094_soc_workload_20261001\UNRAVELED_15_source_plus_current_OR_a2_m30.npz,9470206ac9c9eebbf13260cf44cf74382de6c19aed8abd3bf6be16866686c0d7,18,1,0,1,18,1,0,1,16,1,0,1
UNRAVELED_15_source_plus_current_OR,UNRAVELED,15,source,plus_current_OR,16022,196,15826,968,74,894,479,0,0,1625553900.0,C:\w\px094_soc_workload_20261001\UNRAVELED_15_source_plus_current_OR_cases.npz,121ec96c81772dffa44a8fef05990d988b6257af19523bf55796cbcac8499e66,4,5,80.66666666666667,912,56,6.583333333333333,15.0,3.4166666666666665,C:\w\px094_soc_workload_20261001\UNRAVELED_15_source_plus_current_OR_a4_m5.npz,036c173ac59dd020f1f5d05316a94571c5c80d5894adae21f850ff37b6308443,18,6,0,1,18,6,0,1,16,4,0,1
UNRAVELED_15_source_plus_current_OR,UNRAVELED,15,source,plus_current_OR,16022,196,15826,968,74,894,479,0,0,1625553900.0,C:\w\px094_soc_workload_20261001\UNRAVELED_15_source_plus_current_OR_cases.npz,121ec96c81772dffa44a8fef05990d988b6257af19523bf55796cbcac8499e66,4,15,242.0,912,56,15.25,30.25,5.75,C:\w\px094_soc_workload_20261001\UNRAVELED_15_source_plus_current_OR_a4_m15.npz,e2b3dabd44346af621a6c51ca6d2571b5fc8bccfa5fd0c38a1191f0479d10761,18,6,0,1,18,6,0,1,16,4,0,1
UNRAVELED_15_source_plus_current_OR,UNRAVELED,15,source,plus_current_OR,16022,196,15826,968,74,894,479,0,0,1625553900.0,C:\w\px094_soc_workload_20261001\UNRAVELED_15_source_plus_current_OR_cases.npz,121ec96c81772dffa44a8fef05990d988b6257af19523bf55796cbcac8499e66,4,30,484.0,512,456,104.375,158.75,171.25,C:\w\px094_soc_workload_20261001\UNRAVELED_15_source_plus_current_OR_a4_m30.npz,2cadb5aa3a3123126e96425be5ee2748c1fbcab8ff762e881de0bb55d494bc73,18,1,0,1,18,1,0,1,16,1,0,1
UNRAVELED_15_source_full_OR,UNRAVELED,15,source,full_OR,17843,1991,15852,1315,420,895,479,7,347,1625553900.0,C:\w\px094_soc_workload_20261001\UNRAVELED_15_source_full_OR_cases.npz,0564687d38eb15a79ecf8106ccb0a6367aaac1289ee25a19c9ece1296e213472,1,5,109.58333333333333,751,564,96.16666666666667,136.60833333333332,129.25,C:\w\px094_soc_workload_20261001\UNRAVELED_15_source_full_OR_a1_m5.npz,1b2be757c10ef3863ca3fee8d1e108f11a02febf2703cdf805409603795957cc,18,1,0,1,18,1,0,1,16,1,0,1
UNRAVELED_15_source_full_OR,UNRAVELED,15,source,full_OR,17843,1991,15852,1315,420,895,479,7,347,1625553900.0,C:\w\px094_soc_workload_20261001\UNRAVELED_15_source_full_OR_cases.npz,0564687d38eb15a79ecf8106ccb0a6367aaac1289ee25a19c9ece1296e213472,1,15,328.75,256,1059,419.75,761.75,795.0,C:\w\px094_soc_workload_20261001\UNRAVELED_15_source_full_OR_a1_m15.npz,4ed6e3421b458556489c36a33c1d7febde1ce81cc0772c96850dfcb453bf1b41,18,1,0,1,18,1,0,1,16,1,0,1
UNRAVELED_15_source_full_OR,UNRAVELED,15,source,full_OR,17843,1991,15852,1315,420,895,479,7,347,1625553900.0,C:\w\px094_soc_workload_20261001\UNRAVELED_15_source_full_OR_cases.npz,0564687d38eb15a79ecf8106ccb0a6367aaac1289ee25a19c9ece1296e213472,1,30,657.5,128,1187,920.0,1697.825,1779.75,C:\w\px094_soc_workload_20261001\UNRAVELED_15_source_full_OR_a1_m30.npz,916efeee6d6874a00eca199d0d918ebc6c3be266753dab7452e458ac39720a30,18,1,0,1,18,1,0,1,16,1,0,1
UNRAVELED_15_source_full_OR,UNRAVELED,15,source,full_OR,17843,1991,15852,1315,420,895,479,7,347,1625553900.0,C:\w\px094_soc_workload_20261001\UNRAVELED_15_source_full_OR_cases.npz,0564687d38eb15a79ecf8106ccb0a6367aaac1289ee25a19c9ece1296e213472,2,5,109.58333333333333,1255,60,14.75,30.0,4.75,C:\w\px094_soc_workload_20261001\UNRAVELED_15_source_full_OR_a2_m5.npz,430ddb3617943f405c7e0243c17ec8aa017aec9e1b71f1039d83145de26a7c76,18,6,0,1,18,6,0,1,16,4,0,1
UNRAVELED_15_source_full_OR,UNRAVELED,15,source,full_OR,17843,1991,15852,1315,420,895,479,7,347,1625553900.0,C:\w\px094_soc_workload_20261001\UNRAVELED_15_source_full_OR_cases.npz,0564687d38eb15a79ecf8106ccb0a6367aaac1289ee25a19c9ece1296e213472,2,15,328.75,512,803,176.75,285.75,294.75,C:\w\px094_soc_workload_20261001\UNRAVELED_15_source_full_OR_a2_m15.npz,15ec42be952ab468a831b665c1ae176ea1204b9377debd99367b77e4ee135980,18,1,0,1,18,1,0,1,16,1,0,1
UNRAVELED_15_source_full_OR,UNRAVELED,15,source,full_OR,17843,1991,15852,1315,420,895,479,7,347,1625553900.0,C:\w\px094_soc_workload_20261001\UNRAVELED_15_source_full_OR_cases.npz,0564687d38eb15a79ecf8106ccb0a6367aaac1289ee25a19c9ece1296e213472,2,30,657.5,256,1059,419.75,761.5,795.25,C:\w\px094_soc_workload_20261001\UNRAVELED_15_source_full_OR_a2_m30.npz,440e7096207742d075ab5ca5fa90930569a73a1a2388c3579fb1089fd8d7f6ea,18,1,0,1,18,1,0,1,16,1,0,1
UNRAVELED_15_source_full_OR,UNRAVELED,15,source,full_OR,17843,1991,15852,1315,420,895,479,7,347,1625553900.0,C:\w\px094_soc_workload_20261001\UNRAVELED_15_source_full_OR_cases.npz,0564687d38eb15a79ecf8106ccb0a6367aaac1289ee25a19c9ece1296e213472,4,5,109.58333333333333,1255,60,9.0,15.333333333333334,3.5,C:\w\px094_soc_workload_20261001\UNRAVELED_15_source_full_OR_a4_m5.npz,0f81ed2724c2d962ecacc2fa95c2fa1b849a84823c66d21664d4cb2728ffcf59,18,6,0,1,18,6,0,1,16,4,0,1
UNRAVELED_15_source_full_OR,UNRAVELED,15,source,full_OR,17843,1991,15852,1315,420,895,479,7,347,1625553900.0,C:\w\px094_soc_workload_20261001\UNRAVELED_15_source_full_OR_cases.npz,0564687d38eb15a79ecf8106ccb0a6367aaac1289ee25a19c9ece1296e213472,4,15,328.75,975,340,57.0,80.07499999999999,55.5,C:\w\px094_soc_workload_20261001\UNRAVELED_15_source_full_OR_a4_m15.npz,cbd512ba761229e45fbb093f7c33f218afd0aaa333eb61ece55ab35385ba8a56,18,5,0,1,18,5,0,1,16,3,0,1
UNRAVELED_15_source_full_OR,UNRAVELED,15,source,full_OR,17843,1991,15852,1315,420,895,479,7,347,1625553900.0,C:\w\px094_soc_workload_20261001\UNRAVELED_15_source_full_OR_cases.npz,0564687d38eb15a79ecf8106ccb0a6367aaac1289ee25a19c9ece1296e213472,4,30,657.5,512,803,176.75,285.5,294.75,C:\w\px094_soc_workload_20261001\UNRAVELED_15_source_full_OR_a4_m30.npz,d1f2709460894a902a74bdeeef3c5df5a015cffe08c770eb4ec95fecde8fcee0,18,1,0,1,18,1,0,1,16,1,0,1
UNRAVELED_60_pair_base_mean,UNRAVELED,60,pair,base_mean,14941,182,14759,276,108,168,45,0,-94,1625554800.0,C:\w\px094_soc_workload_20261001\UNRAVELED_60_pair_base_mean_cases.npz,ae96b275cb05378d092a46cebede81fc3898cc52cc6dbf9e73e2d8fb1070779b,1,5,23.0,276,0,11.625,16.0,0.0,C:\w\px094_soc_workload_20261001\UNRAVELED_60_pair_base_mean_a1_m5.npz,667abe8e7bdba57fe84680d18d3a7f85cef658513d37b3e68a16b3177af059de,18,4,0,1,18,4,0,1,16,3,0,1
UNRAVELED_60_pair_base_mean,UNRAVELED,60,pair,base_mean,14941,182,14759,276,108,168,45,0,-94,1625554800.0,C:\w\px094_soc_workload_20261001\UNRAVELED_60_pair_base_mean_cases.npz,ae96b275cb05378d092a46cebede81fc3898cc52cc6dbf9e73e2d8fb1070779b,1,15,69.0,242,34,51.5,87.75,26.5,C:\w\px094_soc_workload_20261001\UNRAVELED_60_pair_base_mean_a1_m15.npz,2a167561ffd25ef94af70ce656ba99817ef8c9916390b9d04b608086b4c74d35,18,2,0,1,18,2,0,1,16,2,0,1
UNRAVELED_60_pair_base_mean,UNRAVELED,60,pair,base_mean,14941,182,14759,276,108,168,45,0,-94,1625554800.0,C:\w\px094_soc_workload_20261001\UNRAVELED_60_pair_base_mean_cases.npz,ae96b275cb05378d092a46cebede81fc3898cc52cc6dbf9e73e2d8fb1070779b,1,30,138.0,128,148,140.0,276.625,220.0,C:\w\px094_soc_workload_20261001\UNRAVELED_60_pair_base_mean_a1_m30.npz,69ae3bbe46730e3e16dd0b3d3df25c2264a83c51b82bcba128b6919146028891,18,1,0,1,18,1,0,1,16,1,0,1
UNRAVELED_60_pair_base_mean,UNRAVELED,60,pair,base_mean,14941,182,14759,276,108,168,45,0,-94,1625554800.0,C:\w\px094_soc_workload_20261001\UNRAVELED_60_pair_base_mean_cases.npz,ae96b275cb05378d092a46cebede81fc3898cc52cc6dbf9e73e2d8fb1070779b,2,5,23.0,276,0,10.5,16.0,0.0,C:\w\px094_soc_workload_20261001\UNRAVELED_60_pair_base_mean_a2_m5.npz,7763fb7d34d629af287b1c884e0aa40fda5cd245fa81db03cec10b4edf3fa89a,18,4,0,1,18,4,0,1,16,3,0,1
UNRAVELED_60_pair_base_mean,UNRAVELED,60,pair,base_mean,14941,182,14759,276,108,168,45,0,-94,1625554800.0,C:\w\px094_soc_workload_20261001\UNRAVELED_60_pair_base_mean_cases.npz,ae96b275cb05378d092a46cebede81fc3898cc52cc6dbf9e73e2d8fb1070779b,2,15,69.0,276,0,12.75,16.0,0.0,C:\w\px094_soc_workload_20261001\UNRAVELED_60_pair_base_mean_a2_m15.npz,b0cfa3a9abb004a6c4637b5a01ecd45a39e05bd214ac9d29b54fc6e40ffb56fe,18,4,0,1,18,4,0,1,16,3,0,1
UNRAVELED_60_pair_base_mean,UNRAVELED,60,pair,base_mean,14941,182,14759,276,108,168,45,0,-94,1625554800.0,C:\w\px094_soc_workload_20261001\UNRAVELED_60_pair_base_mean_cases.npz,ae96b275cb05378d092a46cebede81fc3898cc52cc6dbf9e73e2d8fb1070779b,2,30,138.0,242,34,51.25,87.5,26.5,C:\w\px094_soc_workload_20261001\UNRAVELED_60_pair_base_mean_a2_m30.npz,fe4364bad0f922a0dea119f1e4e8a7ad8e2eb0871a564a99b6f91a8d245f2795,18,2,0,1,18,2,0,1,16,2,0,1
UNRAVELED_60_pair_base_mean,UNRAVELED,60,pair,base_mean,14941,182,14759,276,108,168,45,0,-94,1625554800.0,C:\w\px094_soc_workload_20261001\UNRAVELED_60_pair_base_mean_cases.npz,ae96b275cb05378d092a46cebede81fc3898cc52cc6dbf9e73e2d8fb1070779b,4,5,23.0,276,0,9.833333333333334,16.0,0.0,C:\w\px094_soc_workload_20261001\UNRAVELED_60_pair_base_mean_a4_m5.npz,49011bda4b4fe583ea4aa974ab0faa938c0a9ab2f0675725ce758fbdd32e111f,18,4,0,1,18,4,0,1,16,3,0,1
UNRAVELED_60_pair_base_mean,UNRAVELED,60,pair,base_mean,14941,182,14759,276,108,168,45,0,-94,1625554800.0,C:\w\px094_soc_workload_20261001\UNRAVELED_60_pair_base_mean_cases.npz,ae96b275cb05378d092a46cebede81fc3898cc52cc6dbf9e73e2d8fb1070779b,4,15,69.0,276,0,11.0,16.0,0.0,C:\w\px094_soc_workload_20261001\UNRAVELED_60_pair_base_mean_a4_m15.npz,40bebbe2c727d71bbec6fe0723e6c16d86c58ff9047dc1320883a1cfca0cbd8f,18,4,0,1,18,4,0,1,16,3,0,1
UNRAVELED_60_pair_base_mean,UNRAVELED,60,pair,base_mean,14941,182,14759,276,108,168,45,0,-94,1625554800.0,C:\w\px094_soc_workload_20261001\UNRAVELED_60_pair_base_mean_cases.npz,ae96b275cb05378d092a46cebede81fc3898cc52cc6dbf9e73e2d8fb1070779b,4,30,138.0,276,0,12.5,16.0,0.0,C:\w\px094_soc_workload_20261001\UNRAVELED_60_pair_base_mean_a4_m30.npz,0a4d715e32f8ebc94e0546fca5cb07cfd495780a57e7807556481b4106d56989,18,4,0,1,18,4,0,1,16,3,0,1
UNRAVELED_60_pair_base_OR,UNRAVELED,60,pair,base_OR,16022,196,15826,370,122,248,125,0,0,1625554800.0,C:\w\px094_soc_workload_20261001\UNRAVELED_60_pair_base_OR_cases.npz,06537622f18071dfb1cb981a83c864a7096000293d46c16cf30e30d6354b3753,1,5,30.833333333333332,355,15,11.166666666666666,16.045833333333334,3.25,C:\w\px094_soc_workload_20261001\UNRAVELED_60_pair_base_OR_a1_m5.npz,27c4a9501bba083bfdcbc99e2629e5545a0238456d044f7f0746769d3a07bc01,18,6,0,1,18,6,0,1,16,4,0,1
UNRAVELED_60_pair_base_OR,UNRAVELED,60,pair,base_OR,16022,196,15826,370,122,248,125,0,0,1625554800.0,C:\w\px094_soc_workload_20261001\UNRAVELED_60_pair_base_OR_cases.npz,06537622f18071dfb1cb981a83c864a7096000293d46c16cf30e30d6354b3753,1,15,92.5,242,128,73.125,108.75,82.0,C:\w\px094_soc_workload_20261001\UNRAVELED_60_pair_base_OR_a1_m15.npz,d274423dd44bb0ab2faa8598db7f39917f419578a4e77d5a6870bb35c256b43a,18,2,0,1,18,2,0,1,16,2,0,1
UNRAVELED_60_pair_base_OR,UNRAVELED,60,pair,base_OR,16022,196,15826,370,122,248,125,0,0,1625554800.0,C:\w\px094_soc_workload_20261001\UNRAVELED_60_pair_base_OR_cases.npz,06537622f18071dfb1cb981a83c864a7096000293d46c16cf30e30d6354b3753,1,30,185.0,128,242,203.5,346.775,363.0,C:\w\px094_soc_workload_20261001\UNRAVELED_60_pair_base_OR_a1_m30.npz,65f42c6712f3f26e506f54453183e0e4bbadc56f6d80bac3b8d9b3d5750df78a,18,1,0,1,18,1,0,1,16,1,0,1
UNRAVELED_60_pair_base_OR,UNRAVELED,60,pair,base_OR,16022,196,15826,370,122,248,125,0,0,1625554800.0,C:\w\px094_soc_workload_20261001\UNRAVELED_60_pair_base_OR_cases.npz,06537622f18071dfb1cb981a83c864a7096000293d46c16cf30e30d6354b3753,2,5,30.833333333333332,355,15,9.916666666666666,16.0,2.6666666666666665,C:\w\px094_soc_workload_20261001\UNRAVELED_60_pair_base_OR_a2_m5.npz,c01d4728ddbff8d053e4a992cc594bc975f20dfe9cff8f389e37782186a71948,18,6,0,1,18,6,0,1,16,4,0,1
UNRAVELED_60_pair_base_OR,UNRAVELED,60,pair,base_OR,16022,196,15826,370,122,248,125,0,0,1625554800.0,C:\w\px094_soc_workload_20261001\UNRAVELED_60_pair_base_OR_cases.npz,06537622f18071dfb1cb981a83c864a7096000293d46c16cf30e30d6354b3753,2,15,92.5,355,15,13.5,18.137500000000003,4.0,C:\w\px094_soc_workload_20261001\UNRAVELED_60_pair_base_OR_a2_m15.npz,8adbe773540c251383f8c6c3da8f7ea38be6f9cbbd428b1f60edbbf3a5fbf651,18,6,0,1,18,6,0,1,16,4,0,1
UNRAVELED_60_pair_base_OR,UNRAVELED,60,pair,base_OR,16022,196,15826,370,122,248,125,0,0,1625554800.0,C:\w\px094_soc_workload_20261001\UNRAVELED_60_pair_base_OR_cases.npz,06537622f18071dfb1cb981a83c864a7096000293d46c16cf30e30d6354b3753,2,30,185.0,242,128,73.0,108.5,82.0,C:\w\px094_soc_workload_20261001\UNRAVELED_60_pair_base_OR_a2_m30.npz,227e67842728c709f5af9a667b44c8497e34803bd2d04c1bea3aea6afb94b9ee,18,2,0,1,18,2,0,1,16,2,0,1
UNRAVELED_60_pair_base_OR,UNRAVELED,60,pair,base_OR,16022,196,15826,370,122,248,125,0,0,1625554800.0,C:\w\px094_soc_workload_20261001\UNRAVELED_60_pair_base_OR_cases.npz,06537622f18071dfb1cb981a83c864a7096000293d46c16cf30e30d6354b3753,4,5,30.833333333333332,355,15,9.166666666666666,16.0,2.3333333333333335,C:\w\px094_soc_workload_20261001\UNRAVELED_60_pair_base_OR_a4_m5.npz,059492a537bd6039cd8faaf89810df2b4eb71e31692edf1841a887c5c0726ce4,18,6,0,1,18,6,0,1,16,4,0,1
UNRAVELED_60_pair_base_OR,UNRAVELED,60,pair,base_OR,16022,196,15826,370,122,248,125,0,0,1625554800.0,C:\w\px094_soc_workload_20261001\UNRAVELED_60_pair_base_OR_cases.npz,06537622f18071dfb1cb981a83c864a7096000293d46c16cf30e30d6354b3753,4,15,92.5,355,15,10.5,16.0,3.0,C:\w\px094_soc_workload_20261001\UNRAVELED_60_pair_base_OR_a4_m15.npz,2acd50dd718d8cd0227e12634975d2b51e91d35fe96f656bf9e470498d0ddf69,18,6,0,1,18,6,0,1,16,4,0,1
UNRAVELED_60_pair_base_OR,UNRAVELED,60,pair,base_OR,16022,196,15826,370,122,248,125,0,0,1625554800.0,C:\w\px094_soc_workload_20261001\UNRAVELED_60_pair_base_OR_cases.npz,06537622f18071dfb1cb981a83c864a7096000293d46c16cf30e30d6354b3753,4,30,185.0,355,15,13.5,18.0,4.0,C:\w\px094_soc_workload_20261001\UNRAVELED_60_pair_base_OR_a4_m30.npz,dfb04bb1727f5821b1e2e8b38bb3ac94f2fb323bcfd39cedcdfca0e7b8a249e0,18,6,0,1,18,6,0,1,16,4,0,1
UNRAVELED_60_pair_plus_current_OR,UNRAVELED,60,pair,plus_current_OR,16022,196,15826,370,122,248,125,0,0,1625554800.0,C:\w\px094_soc_workload_20261001\UNRAVELED_60_pair_plus_current_OR_cases.npz,06537622f18071dfb1cb981a83c864a7096000293d46c16cf30e30d6354b3753,1,5,30.833333333333332,355,15,11.166666666666666,16.045833333333334,3.25,C:\w\px094_soc_workload_20261001\UNRAVELED_60_pair_plus_current_OR_a1_m5.npz,27c4a9501bba083bfdcbc99e2629e5545a0238456d044f7f0746769d3a07bc01,18,6,0,1,18,6,0,1,16,4,0,1
UNRAVELED_60_pair_plus_current_OR,UNRAVELED,60,pair,plus_current_OR,16022,196,15826,370,122,248,125,0,0,1625554800.0,C:\w\px094_soc_workload_20261001\UNRAVELED_60_pair_plus_current_OR_cases.npz,06537622f18071dfb1cb981a83c864a7096000293d46c16cf30e30d6354b3753,1,15,92.5,242,128,73.125,108.75,82.0,C:\w\px094_soc_workload_20261001\UNRAVELED_60_pair_plus_current_OR_a1_m15.npz,d274423dd44bb0ab2faa8598db7f39917f419578a4e77d5a6870bb35c256b43a,18,2,0,1,18,2,0,1,16,2,0,1
UNRAVELED_60_pair_plus_current_OR,UNRAVELED,60,pair,plus_current_OR,16022,196,15826,370,122,248,125,0,0,1625554800.0,C:\w\px094_soc_workload_20261001\UNRAVELED_60_pair_plus_current_OR_cases.npz,06537622f18071dfb1cb981a83c864a7096000293d46c16cf30e30d6354b3753,1,30,185.0,128,242,203.5,346.775,363.0,C:\w\px094_soc_workload_20261001\UNRAVELED_60_pair_plus_current_OR_a1_m30.npz,65f42c6712f3f26e506f54453183e0e4bbadc56f6d80bac3b8d9b3d5750df78a,18,1,0,1,18,1,0,1,16,1,0,1
UNRAVELED_60_pair_plus_current_OR,UNRAVELED,60,pair,plus_current_OR,16022,196,15826,370,122,248,125,0,0,1625554800.0,C:\w\px094_soc_workload_20261001\UNRAVELED_60_pair_plus_current_OR_cases.npz,06537622f18071dfb1cb981a83c864a7096000293d46c16cf30e30d6354b3753,2,5,30.833333333333332,355,15,9.916666666666666,16.0,2.6666666666666665,C:\w\px094_soc_workload_20261001\UNRAVELED_60_pair_plus_current_OR_a2_m5.npz,c01d4728ddbff8d053e4a992cc594bc975f20dfe9cff8f389e37782186a71948,18,6,0,1,18,6,0,1,16,4,0,1
UNRAVELED_60_pair_plus_current_OR,UNRAVELED,60,pair,plus_current_OR,16022,196,15826,370,122,248,125,0,0,1625554800.0,C:\w\px094_soc_workload_20261001\UNRAVELED_60_pair_plus_current_OR_cases.npz,06537622f18071dfb1cb981a83c864a7096000293d46c16cf30e30d6354b3753,2,15,92.5,355,15,13.5,18.137500000000003,4.0,C:\w\px094_soc_workload_20261001\UNRAVELED_60_pair_plus_current_OR_a2_m15.npz,8adbe773540c251383f8c6c3da8f7ea38be6f9cbbd428b1f60edbbf3a5fbf651,18,6,0,1,18,6,0,1,16,4,0,1
UNRAVELED_60_pair_plus_current_OR,UNRAVELED,60,pair,plus_current_OR,16022,196,15826,370,122,248,125,0,0,1625554800.0,C:\w\px094_soc_workload_20261001\UNRAVELED_60_pair_plus_current_OR_cases.npz,06537622f18071dfb1cb981a83c864a7096000293d46c16cf30e30d6354b3753,2,30,185.0,242,128,73.0,108.5,82.0,C:\w\px094_soc_workload_20261001\UNRAVELED_60_pair_plus_current_OR_a2_m30.npz,227e67842728c709f5af9a667b44c8497e34803bd2d04c1bea3aea6afb94b9ee,18,2,0,1,18,2,0,1,16,2,0,1
UNRAVELED_60_pair_plus_current_OR,UNRAVELED,60,pair,plus_current_OR,16022,196,15826,370,122,248,125,0,0,1625554800.0,C:\w\px094_soc_workload_20261001\UNRAVELED_60_pair_plus_current_OR_cases.npz,06537622f18071dfb1cb981a83c864a7096000293d46c16cf30e30d6354b3753,4,5,30.833333333333332,355,15,9.166666666666666,16.0,2.3333333333333335,C:\w\px094_soc_workload_20261001\UNRAVELED_60_pair_plus_current_OR_a4_m5.npz,059492a537bd6039cd8faaf89810df2b4eb71e31692edf1841a887c5c0726ce4,18,6,0,1,18,6,0,1,16,4,0,1
UNRAVELED_60_pair_plus_current_OR,UNRAVELED,60,pair,plus_current_OR,16022,196,15826,370,122,248,125,0,0,1625554800.0,C:\w\px094_soc_workload_20261001\UNRAVELED_60_pair_plus_current_OR_cases.npz,06537622f18071dfb1cb981a83c864a7096000293d46c16cf30e30d6354b3753,4,15,92.5,355,15,10.5,16.0,3.0,C:\w\px094_soc_workload_20261001\UNRAVELED_60_pair_plus_current_OR_a4_m15.npz,2acd50dd718d8cd0227e12634975d2b51e91d35fe96f656bf9e470498d0ddf69,18,6,0,1,18,6,0,1,16,4,0,1
UNRAVELED_60_pair_plus_current_OR,UNRAVELED,60,pair,plus_current_OR,16022,196,15826,370,122,248,125,0,0,1625554800.0,C:\w\px094_soc_workload_20261001\UNRAVELED_60_pair_plus_current_OR_cases.npz,06537622f18071dfb1cb981a83c864a7096000293d46c16cf30e30d6354b3753,4,30,185.0,355,15,13.5,18.0,4.0,C:\w\px094_soc_workload_20261001\UNRAVELED_60_pair_plus_current_OR_a4_m30.npz,dfb04bb1727f5821b1e2e8b38bb3ac94f2fb323bcfd39cedcdfca0e7b8a249e0,18,6,0,1,18,6,0,1,16,4,0,1
UNRAVELED_60_pair_full_OR,UNRAVELED,60,pair,full_OR,17843,1991,15852,1682,1433,249,125,0,1312,1625554800.0,C:\w\px094_soc_workload_20261001\UNRAVELED_60_pair_full_OR_cases.npz,42ff5a9b051d887ddfcf5ae606d25799d42cb3eb9833800c78ec07edda138327,1,5,140.16666666666666,672,1010,152.625,241.82916666666668,246.16666666666666,C:\w\px094_soc_workload_20261001\UNRAVELED_60_pair_full_OR_a1_m5.npz,9cf15854cbc4c694b9be26207a78377c678ff3d54a88b6f76243c1c2bd6ebbea,18,1,0,1,18,1,0,1,16,1,0,1
UNRAVELED_60_pair_full_OR,UNRAVELED,60,pair,full_OR,17843,1991,15852,1682,1433,249,125,0,1312,1625554800.0,C:\w\px094_soc_workload_20261001\UNRAVELED_60_pair_full_OR_cases.npz,42ff5a9b051d887ddfcf5ae606d25799d42cb3eb9833800c78ec07edda138327,1,15,420.5,244,1438,551.625,1028.0,1065.5,C:\w\px094_soc_workload_20261001\UNRAVELED_60_pair_full_OR_a1_m15.npz,587a1a06da556c817e0379d70c5ad79ca60f8ec5332b12ddeaf467384afe8caf,18,1,0,1,18,1,0,1,16,1,0,1
UNRAVELED_60_pair_full_OR,UNRAVELED,60,pair,full_OR,17843,1991,15852,1682,1433,249,125,0,1312,1625554800.0,C:\w\px094_soc_workload_20261001\UNRAVELED_60_pair_full_OR_cases.npz,42ff5a9b051d887ddfcf5ae606d25799d42cb3eb9833800c78ec07edda138327,1,30,841.0,128,1554,1173.25,2208.475,2331.0,C:\w\px094_soc_workload_20261001\UNRAVELED_60_pair_full_OR_a1_m30.npz,6a9350fe4e88c23642ee36089a18cb4ee6e304306362c85e5ddf461249a3cf54,18,1,0,1,18,1,0,1,16,1,0,1
UNRAVELED_60_pair_full_OR,UNRAVELED,60,pair,full_OR,17843,1991,15852,1682,1433,249,125,0,1312,1625554800.0,C:\w\px094_soc_workload_20261001\UNRAVELED_60_pair_full_OR_cases.npz,42ff5a9b051d887ddfcf5ae606d25799d42cb3eb9833800c78ec07edda138327,2,5,140.16666666666666,1256,426,53.833333333333336,80.58333333333333,51.75,C:\w\px094_soc_workload_20261001\UNRAVELED_60_pair_full_OR_a2_m5.npz,8e0f0f22ebeaaa6727ebeae3feaeed2e9590e893759f43f05d53d9c3daaafbc9,18,5,0,1,18,5,0,1,16,3,0,1
UNRAVELED_60_pair_full_OR,UNRAVELED,60,pair,full_OR,17843,1991,15852,1682,1433,249,125,0,1312,1625554800.0,C:\w\px094_soc_workload_20261001\UNRAVELED_60_pair_full_OR_cases.npz,42ff5a9b051d887ddfcf5ae606d25799d42cb3eb9833800c78ec07edda138327,2,15,420.5,468,1214,247.625,432.23749999999995,441.75,C:\w\px094_soc_workload_20261001\UNRAVELED_60_pair_full_OR_a2_m15.npz,4eec25d4ad41b103070ffb07c86f4659ec3dbae9df27d706cc2e6e2bae880d5b,18,1,0,1,18,1,0,1,16,1,0,1
UNRAVELED_60_pair_full_OR,UNRAVELED,60,pair,full_OR,17843,1991,15852,1682,1433,249,125,0,1312,1625554800.0,C:\w\px094_soc_workload_20261001\UNRAVELED_60_pair_full_OR_cases.npz,42ff5a9b051d887ddfcf5ae606d25799d42cb3eb9833800c78ec07edda138327,2,30,841.0,244,1438,551.5,1028.0,1065.5,C:\w\px094_soc_workload_20261001\UNRAVELED_60_pair_full_OR_a2_m30.npz,c248a6e65e2d21fbff3846e96fb027a21c75f38a952cdeb58a410d56525058a5,18,1,0,1,18,1,0,1,16,1,0,1
UNRAVELED_60_pair_full_OR,UNRAVELED,60,pair,full_OR,17843,1991,15852,1682,1433,249,125,0,1312,1625554800.0,C:\w\px094_soc_workload_20261001\UNRAVELED_60_pair_full_OR_cases.npz,42ff5a9b051d887ddfcf5ae606d25799d42cb3eb9833800c78ec07edda138327,4,5,140.16666666666666,1606,76,14.125,16.25,3.5833333333333335,C:\w\px094_soc_workload_20261001\UNRAVELED_60_pair_full_OR_a4_m5.npz,6c695848b7b570d24d0976086e6b435ac4cc46d83b4ef537a99d77b82f049231,18,6,0,1,18,6,0,1,16,4,0,1
UNRAVELED_60_pair_full_OR,UNRAVELED,60,pair,full_OR,17843,1991,15852,1682,1433,249,125,0,1312,1625554800.0,C:\w\px094_soc_workload_20261001\UNRAVELED_60_pair_full_OR_cases.npz,42ff5a9b051d887ddfcf5ae606d25799d42cb3eb9833800c78ec07edda138327,4,15,420.5,868,814,105.75,153.0,149.0,C:\w\px094_soc_workload_20261001\UNRAVELED_60_pair_full_OR_a4_m15.npz,e590f90d7c9d8a9d21bf7041a939f10f491c0ee7560091e3090ed0bb4e50b6ae,18,1,0,1,18,1,0,1,16,1,0,1
UNRAVELED_60_pair_full_OR,UNRAVELED,60,pair,full_OR,17843,1991,15852,1682,1433,249,125,0,1312,1625554800.0,C:\w\px094_soc_workload_20261001\UNRAVELED_60_pair_full_OR_cases.npz,42ff5a9b051d887ddfcf5ae606d25799d42cb3eb9833800c78ec07edda138327,4,30,841.0,468,1214,247.5,432.0,442.0,C:\w\px094_soc_workload_20261001\UNRAVELED_60_pair_full_OR_a4_m30.npz,631b1b07a8cb5d5970cb3be1092175c9bf307c3f871abf1358d0c0e0532401ea,18,1,0,1,18,1,0,1,16,1,0,1
UNRAVELED_60_source_base_mean,UNRAVELED,60,source,base_mean,14941,182,14759,194,43,151,45,0,-84,1625554800.0,C:\w\px094_soc_workload_20261001\UNRAVELED_60_source_base_mean_cases.npz,9b54546a0f4f08183493dd0b16e19752f4599aa09b6228588d8f0fa5f575915c,1,5,16.166666666666668,194,0,9.375,15.333333333333334,0.0,C:\w\px094_soc_workload_20261001\UNRAVELED_60_source_base_mean_a1_m5.npz,de608e1b2d07293fe27d7be30c422f9fb5a789f86dce4342fed80a4e6b1f9dac,18,4,0,1,18,4,0,1,16,3,0,1
UNRAVELED_60_source_base_mean,UNRAVELED,60,source,base_mean,14941,182,14759,194,43,151,45,0,-84,1625554800.0,C:\w\px094_soc_workload_20261001\UNRAVELED_60_source_base_mean_cases.npz,9b54546a0f4f08183493dd0b16e19752f4599aa09b6228588d8f0fa5f575915c,1,15,48.5,194,0,28.625,39.75,0.0,C:\w\px094_soc_workload_20261001\UNRAVELED_60_source_base_mean_a1_m15.npz,9f7b0c6a96b21fb28e2c176b33bb63a7faa49d97558b3c36593cb9e6c6627b18,18,4,0,1,18,4,0,1,16,3,0,1
UNRAVELED_60_source_base_mean,UNRAVELED,60,source,base_mean,14941,182,14759,194,43,151,45,0,-84,1625554800.0,C:\w\px094_soc_workload_20261001\UNRAVELED_60_source_base_mean_cases.npz,9b54546a0f4f08183493dd0b16e19752f4599aa09b6228588d8f0fa5f575915c,1,30,97.0,128,66,95.25,158.5,99.0,C:\w\px094_soc_workload_20261001\UNRAVELED_60_source_base_mean_a1_m30.npz,69e34186880c439a58d2f8b9a4a77fedf6fa7597d48bac59525d15fc65b16667,18,1,0,1,18,1,0,1,16,1,0,1
UNRAVELED_60_source_base_mean,UNRAVELED,60,source,base_mean,14941,182,14759,194,43,151,45,0,-84,1625554800.0,C:\w\px094_soc_workload_20261001\UNRAVELED_60_source_base_mean_cases.npz,9b54546a0f4f08183493dd0b16e19752f4599aa09b6228588d8f0fa5f575915c,2,5,16.166666666666668,194,0,8.666666666666666,15.166666666666666,0.0,C:\w\px094_soc_workload_20261001\UNRAVELED_60_source_base_mean_a2_m5.npz,64338cedb001cb9c80074496cfa80f07e92e1e5ee4be86ddd2949d89f0c0a00e,18,4,0,1,18,4,0,1,16,3,0,1
UNRAVELED_60_source_base_mean,UNRAVELED,60,source,base_mean,14941,182,14759,194,43,151,45,0,-84,1625554800.0,C:\w\px094_soc_workload_20261001\UNRAVELED_60_source_base_mean_cases.npz,9b54546a0f4f08183493dd0b16e19752f4599aa09b6228588d8f0fa5f575915c,2,15,48.5,194,0,10.0,15.5,0.0,C:\w\px094_soc_workload_20261001\UNRAVELED_60_source_base_mean_a2_m15.npz,952d6149c62b9a456d31633bdbbc2bbbcd200149ff20d3d5184c3797aba7abdd,18,4,0,1,18,4,0,1,16,3,0,1
UNRAVELED_60_source_base_mean,UNRAVELED,60,source,base_mean,14941,182,14759,194,43,151,45,0,-84,1625554800.0,C:\w\px094_soc_workload_20261001\UNRAVELED_60_source_base_mean_cases.npz,9b54546a0f4f08183493dd0b16e19752f4599aa09b6228588d8f0fa5f575915c,2,30,97.0,194,0,28.5,39.5,0.0,C:\w\px094_soc_workload_20261001\UNRAVELED_60_source_base_mean_a2_m30.npz,dfd6eb9749895a88f8a91877e7bdd95fd5145f329112823f11db0ea0c3d367e9,18,4,0,1,18,4,0,1,16,3,0,1
UNRAVELED_60_source_base_mean,UNRAVELED,60,source,base_mean,14941,182,14759,194,43,151,45,0,-84,1625554800.0,C:\w\px094_soc_workload_20261001\UNRAVELED_60_source_base_mean_cases.npz,9b54546a0f4f08183493dd0b16e19752f4599aa09b6228588d8f0fa5f575915c,4,5,16.166666666666668,194,0,8.333333333333334,15.083333333333334,0.0,C:\w\px094_soc_workload_20261001\UNRAVELED_60_source_base_mean_a4_m5.npz,07bd2800ba9886c3caa777bf8dae91136bfe9ddff1831c9d7a8c2ee1b381e4b1,18,4,0,1,18,4,0,1,16,3,0,1
UNRAVELED_60_source_base_mean,UNRAVELED,60,source,base_mean,14941,182,14759,194,43,151,45,0,-84,1625554800.0,C:\w\px094_soc_workload_20261001\UNRAVELED_60_source_base_mean_cases.npz,9b54546a0f4f08183493dd0b16e19752f4599aa09b6228588d8f0fa5f575915c,4,15,48.5,194,0,9.0,15.25,0.0,C:\w\px094_soc_workload_20261001\UNRAVELED_60_source_base_mean_a4_m15.npz,7a0ca7c38fbdbfca59e856611f0fdadfc481e65b5b04277bebc93799b1645fca,18,4,0,1,18,4,0,1,16,3,0,1
UNRAVELED_60_source_base_mean,UNRAVELED,60,source,base_mean,14941,182,14759,194,43,151,45,0,-84,1625554800.0,C:\w\px094_soc_workload_20261001\UNRAVELED_60_source_base_mean_cases.npz,9b54546a0f4f08183493dd0b16e19752f4599aa09b6228588d8f0fa5f575915c,4,30,97.0,194,0,10.0,15.5,0.0,C:\w\px094_soc_workload_20261001\UNRAVELED_60_source_base_mean_a4_m30.npz,6c13e6ec089e9fb8c68e5cbde4ac541695f32bc52ec3b4903c0abe387a5bd29f,18,4,0,1,18,4,0,1,16,3,0,1
UNRAVELED_60_source_base_OR,UNRAVELED,60,source,base_OR,16022,196,15826,278,48,230,124,0,0,1625554800.0,C:\w\px094_soc_workload_20261001\UNRAVELED_60_source_base_OR_cases.npz,a723538854061a95bcb44787fb14d1b6b89aff5b33a4ff2015a1193ea5bca05c,1,5,23.166666666666668,263,15,8.333333333333334,15.333333333333334,3.25,C:\w\px094_soc_workload_20261001\UNRAVELED_60_source_base_OR_a1_m5.npz,d5abc6914d827c1c091972272cfc47587438771d2ede9343235b6c3ceb3873f3,18,6,0,1,18,6,0,1,16,4,0,1
UNRAVELED_60_source_base_OR,UNRAVELED,60,source,base_OR,16022,196,15826,278,48,230,124,0,0,1625554800.0,C:\w\px094_soc_workload_20261001\UNRAVELED_60_source_base_OR_cases.npz,a723538854061a95bcb44787fb14d1b6b89aff5b33a4ff2015a1193ea5bca05c,1,15,69.5,242,36,30.875,50.61249999999998,27.0,C:\w\px094_soc_workload_20261001\UNRAVELED_60_source_base_OR_a1_m15.npz,25f96cc8c3c962b86ef521dfa9acfba1ba36625e97d8a1f3972ef91530fd0a3a,18,6,0,1,18,6,0,1,16,4,0,1
UNRAVELED_60_source_base_OR,UNRAVELED,60,source,base_OR,16022,196,15826,278,48,230,124,0,0,1625554800.0,C:\w\px094_soc_workload_20261001\UNRAVELED_60_source_base_OR_cases.npz,a723538854061a95bcb44787fb14d1b6b89aff5b33a4ff2015a1193ea5bca05c,1,30,139.0,128,150,129.5,211.075,221.0,C:\w\px094_soc_workload_20261001\UNRAVELED_60_source_base_OR_a1_m30.npz,54019beb0d4a3ccbddd55041118d7915ce0415e95fd9033def2d9109645a8e6e,18,1,0,1,18,1,0,1,16,1,0,1
UNRAVELED_60_source_base_OR,UNRAVELED,60,source,base_OR,16022,196,15826,278,48,230,124,0,0,1625554800.0,C:\w\px094_soc_workload_20261001\UNRAVELED_60_source_base_OR_cases.npz,a723538854061a95bcb44787fb14d1b6b89aff5b33a4ff2015a1193ea5bca05c,2,5,23.166666666666668,263,15,7.666666666666667,15.166666666666666,2.6666666666666665,C:\w\px094_soc_workload_20261001\UNRAVELED_60_source_base_OR_a2_m5.npz,9569bab7fb3f005454ac702eaef5acb3b50ee35ec754e20541f30d11767eba87,18,6,0,1,18,6,0,1,16,4,0,1
UNRAVELED_60_source_base_OR,UNRAVELED,60,source,base_OR,16022,196,15826,278,48,230,124,0,0,1625554800.0,C:\w\px094_soc_workload_20261001\UNRAVELED_60_source_base_OR_cases.npz,a723538854061a95bcb44787fb14d1b6b89aff5b33a4ff2015a1193ea5bca05c,2,15,69.5,263,15,9.0,15.5,4.0,C:\w\px094_soc_workload_20261001\UNRAVELED_60_source_base_OR_a2_m15.npz,f006a4a88ec31c5f85eba00097387dd7d37570d4a7b0671db5ecc82109609505,18,6,0,1,18,6,0,1,16,4,0,1
UNRAVELED_60_source_base_OR,UNRAVELED,60,source,base_OR,16022,196,15826,278,48,230,124,0,0,1625554800.0,C:\w\px094_soc_workload_20261001\UNRAVELED_60_source_base_OR_cases.npz,a723538854061a95bcb44787fb14d1b6b89aff5b33a4ff2015a1193ea5bca05c,2,30,139.0,242,36,30.75,50.57499999999999,27.0,C:\w\px094_soc_workload_20261001\UNRAVELED_60_source_base_OR_a2_m30.npz,4bde65b83a4353feee847aae93d8aa89901a0d2153ddc08bc1d3826f6040298d,18,6,0,1,18,6,0,1,16,4,0,1
UNRAVELED_60_source_base_OR,UNRAVELED,60,source,base_OR,16022,196,15826,278,48,230,124,0,0,1625554800.0,C:\w\px094_soc_workload_20261001\UNRAVELED_60_source_base_OR_cases.npz,a723538854061a95bcb44787fb14d1b6b89aff5b33a4ff2015a1193ea5bca05c,4,5,23.166666666666668,263,15,7.333333333333333,15.083333333333334,2.3333333333333335,C:\w\px094_soc_workload_20261001\UNRAVELED_60_source_base_OR_a4_m5.npz,7ca409fa35a26dd73a469530e57d34e8521fb1273569baf64f4bc83aaca8c71b,18,6,0,1,18,6,0,1,16,4,0,1
UNRAVELED_60_source_base_OR,UNRAVELED,60,source,base_OR,16022,196,15826,278,48,230,124,0,0,1625554800.0,C:\w\px094_soc_workload_20261001\UNRAVELED_60_source_base_OR_cases.npz,a723538854061a95bcb44787fb14d1b6b89aff5b33a4ff2015a1193ea5bca05c,4,15,69.5,263,15,8.0,15.25,3.0,C:\w\px094_soc_workload_20261001\UNRAVELED_60_source_base_OR_a4_m15.npz,2de783211bcf923e11570df23763ca6f91881e14a372a7cbf7baf4a2b8cd6222,18,6,0,1,18,6,0,1,16,4,0,1
UNRAVELED_60_source_base_OR,UNRAVELED,60,source,base_OR,16022,196,15826,278,48,230,124,0,0,1625554800.0,C:\w\px094_soc_workload_20261001\UNRAVELED_60_source_base_OR_cases.npz,a723538854061a95bcb44787fb14d1b6b89aff5b33a4ff2015a1193ea5bca05c,4,30,139.0,263,15,9.0,15.5,4.0,C:\w\px094_soc_workload_20261001\UNRAVELED_60_source_base_OR_a4_m30.npz,89d937f4a71d590dbaac9cbc2a5a1e089b30e79d9053e13118b290678f44a365,18,6,0,1,18,6,0,1,16,4,0,1
UNRAVELED_60_source_plus_current_OR,UNRAVELED,60,source,plus_current_OR,16022,196,15826,278,48,230,124,0,0,1625554800.0,C:\w\px094_soc_workload_20261001\UNRAVELED_60_source_plus_current_OR_cases.npz,a723538854061a95bcb44787fb14d1b6b89aff5b33a4ff2015a1193ea5bca05c,1,5,23.166666666666668,263,15,8.333333333333334,15.333333333333334,3.25,C:\w\px094_soc_workload_20261001\UNRAVELED_60_source_plus_current_OR_a1_m5.npz,d5abc6914d827c1c091972272cfc47587438771d2ede9343235b6c3ceb3873f3,18,6,0,1,18,6,0,1,16,4,0,1
UNRAVELED_60_source_plus_current_OR,UNRAVELED,60,source,plus_current_OR,16022,196,15826,278,48,230,124,0,0,1625554800.0,C:\w\px094_soc_workload_20261001\UNRAVELED_60_source_plus_current_OR_cases.npz,a723538854061a95bcb44787fb14d1b6b89aff5b33a4ff2015a1193ea5bca05c,1,15,69.5,242,36,30.875,50.61249999999998,27.0,C:\w\px094_soc_workload_20261001\UNRAVELED_60_source_plus_current_OR_a1_m15.npz,25f96cc8c3c962b86ef521dfa9acfba1ba36625e97d8a1f3972ef91530fd0a3a,18,6,0,1,18,6,0,1,16,4,0,1
UNRAVELED_60_source_plus_current_OR,UNRAVELED,60,source,plus_current_OR,16022,196,15826,278,48,230,124,0,0,1625554800.0,C:\w\px094_soc_workload_20261001\UNRAVELED_60_source_plus_current_OR_cases.npz,a723538854061a95bcb44787fb14d1b6b89aff5b33a4ff2015a1193ea5bca05c,1,30,139.0,128,150,129.5,211.075,221.0,C:\w\px094_soc_workload_20261001\UNRAVELED_60_source_plus_current_OR_a1_m30.npz,54019beb0d4a3ccbddd55041118d7915ce0415e95fd9033def2d9109645a8e6e,18,1,0,1,18,1,0,1,16,1,0,1
UNRAVELED_60_source_plus_current_OR,UNRAVELED,60,source,plus_current_OR,16022,196,15826,278,48,230,124,0,0,1625554800.0,C:\w\px094_soc_workload_20261001\UNRAVELED_60_source_plus_current_OR_cases.npz,a723538854061a95bcb44787fb14d1b6b89aff5b33a4ff2015a1193ea5bca05c,2,5,23.166666666666668,263,15,7.666666666666667,15.166666666666666,2.6666666666666665,C:\w\px094_soc_workload_20261001\UNRAVELED_60_source_plus_current_OR_a2_m5.npz,9569bab7fb3f005454ac702eaef5acb3b50ee35ec754e20541f30d11767eba87,18,6,0,1,18,6,0,1,16,4,0,1
UNRAVELED_60_source_plus_current_OR,UNRAVELED,60,source,plus_current_OR,16022,196,15826,278,48,230,124,0,0,1625554800.0,C:\w\px094_soc_workload_20261001\UNRAVELED_60_source_plus_current_OR_cases.npz,a723538854061a95bcb44787fb14d1b6b89aff5b33a4ff2015a1193ea5bca05c,2,15,69.5,263,15,9.0,15.5,4.0,C:\w\px094_soc_workload_20261001\UNRAVELED_60_source_plus_current_OR_a2_m15.npz,f006a4a88ec31c5f85eba00097387dd7d37570d4a7b0671db5ecc82109609505,18,6,0,1,18,6,0,1,16,4,0,1
UNRAVELED_60_source_plus_current_OR,UNRAVELED,60,source,plus_current_OR,16022,196,15826,278,48,230,124,0,0,1625554800.0,C:\w\px094_soc_workload_20261001\UNRAVELED_60_source_plus_current_OR_cases.npz,a723538854061a95bcb44787fb14d1b6b89aff5b33a4ff2015a1193ea5bca05c,2,30,139.0,242,36,30.75,50.57499999999999,27.0,C:\w\px094_soc_workload_20261001\UNRAVELED_60_source_plus_current_OR_a2_m30.npz,4bde65b83a4353feee847aae93d8aa89901a0d2153ddc08bc1d3826f6040298d,18,6,0,1,18,6,0,1,16,4,0,1
UNRAVELED_60_source_plus_current_OR,UNRAVELED,60,source,plus_current_OR,16022,196,15826,278,48,230,124,0,0,1625554800.0,C:\w\px094_soc_workload_20261001\UNRAVELED_60_source_plus_current_OR_cases.npz,a723538854061a95bcb44787fb14d1b6b89aff5b33a4ff2015a1193ea5bca05c,4,5,23.166666666666668,263,15,7.333333333333333,15.083333333333334,2.3333333333333335,C:\w\px094_soc_workload_20261001\UNRAVELED_60_source_plus_current_OR_a4_m5.npz,7ca409fa35a26dd73a469530e57d34e8521fb1273569baf64f4bc83aaca8c71b,18,6,0,1,18,6,0,1,16,4,0,1
UNRAVELED_60_source_plus_current_OR,UNRAVELED,60,source,plus_current_OR,16022,196,15826,278,48,230,124,0,0,1625554800.0,C:\w\px094_soc_workload_20261001\UNRAVELED_60_source_plus_current_OR_cases.npz,a723538854061a95bcb44787fb14d1b6b89aff5b33a4ff2015a1193ea5bca05c,4,15,69.5,263,15,8.0,15.25,3.0,C:\w\px094_soc_workload_20261001\UNRAVELED_60_source_plus_current_OR_a4_m15.npz,2de783211bcf923e11570df23763ca6f91881e14a372a7cbf7baf4a2b8cd6222,18,6,0,1,18,6,0,1,16,4,0,1
UNRAVELED_60_source_plus_current_OR,UNRAVELED,60,source,plus_current_OR,16022,196,15826,278,48,230,124,0,0,1625554800.0,C:\w\px094_soc_workload_20261001\UNRAVELED_60_source_plus_current_OR_cases.npz,a723538854061a95bcb44787fb14d1b6b89aff5b33a4ff2015a1193ea5bca05c,4,30,139.0,263,15,9.0,15.5,4.0,C:\w\px094_soc_workload_20261001\UNRAVELED_60_source_plus_current_OR_a4_m30.npz,89d937f4a71d590dbaac9cbc2a5a1e089b30e79d9053e13118b290678f44a365,18,6,0,1,18,6,0,1,16,4,0,1
UNRAVELED_60_source_full_OR,UNRAVELED,60,source,full_OR,17843,1991,15852,416,186,230,124,10,138,1625554800.0,C:\w\px094_soc_workload_20261001\UNRAVELED_60_source_full_OR_cases.npz,9423ca8e6620f16619eecc3d734b1074f54358a43f2228e32a8387206196ea47,1,5,34.666666666666664,397,19,9.916666666666666,15.666666666666666,3.5833333333333335,C:\w\px094_soc_workload_20261001\UNRAVELED_60_source_full_OR_a1_m5.npz,005e54e05b73a87d0d67f4d575f7f00cc386fb7a6046929be2c16ef68bc40c25,18,6,0,1,18,6,0,1,16,4,0,1
UNRAVELED_60_source_full_OR,UNRAVELED,60,source,full_OR,17843,1991,15852,416,186,230,124,10,138,1625554800.0,C:\w\px094_soc_workload_20261001\UNRAVELED_60_source_full_OR_cases.npz,9423ca8e6620f16619eecc3d734b1074f54358a43f2228e32a8387206196ea47,1,15,104.0,243,173,83.875,128.25,125.25,C:\w\px094_soc_workload_20261001\UNRAVELED_60_source_full_OR_a1_m15.npz,1a01087ae5a0de658f02c15da4571ba8dbb6ea34c6374ea097de5f0a33dc7382,18,1,0,1,18,1,0,1,16,1,0,1
UNRAVELED_60_source_full_OR,UNRAVELED,60,source,full_OR,17843,1991,15852,416,186,230,124,10,138,1625554800.0,C:\w\px094_soc_workload_20261001\UNRAVELED_60_source_full_OR_cases.npz,9423ca8e6620f16619eecc3d734b1074f54358a43f2228e32a8387206196ea47,1,30,208.0,128,288,234.75,408.0,418.0,C:\w\px094_soc_workload_20261001\UNRAVELED_60_source_full_OR_a1_m30.npz,057f4bb58e0359017df6f94694402fa3599026657a208ace4bf15383a6bb1191,18,1,0,1,18,1,0,1,16,1,0,1
UNRAVELED_60_source_full_OR,UNRAVELED,60,source,full_OR,17843,1991,15852,416,186,230,124,10,138,1625554800.0,C:\w\px094_soc_workload_20261001\UNRAVELED_60_source_full_OR_cases.npz,9423ca8e6620f16619eecc3d734b1074f54358a43f2228e32a8387206196ea47,2,5,34.666666666666664,397,19,8.833333333333334,15.333333333333334,2.8333333333333335,C:\w\px094_soc_workload_20261001\UNRAVELED_60_source_full_OR_a2_m5.npz,32424ead5c65ae1eb5bf41275a17b2bd9d5509b56296a500e03bb942ef72ba0e,18,6,0,1,18,6,0,1,16,4,0,1
UNRAVELED_60_source_full_OR,UNRAVELED,60,source,full_OR,17843,1991,15852,416,186,230,124,10,138,1625554800.0,C:\w\px094_soc_workload_20261001\UNRAVELED_60_source_full_OR_cases.npz,9423ca8e6620f16619eecc3d734b1074f54358a43f2228e32a8387206196ea47,2,15,104.0,397,19,14.5,29.75,4.5,C:\w\px094_soc_workload_20261001\UNRAVELED_60_source_full_OR_a2_m15.npz,648272a1eae4ee6c7e5220f2f7a148bff256e6405ae87a512140234173924450,18,6,0,1,18,6,0,1,16,4,0,1
UNRAVELED_60_source_full_OR,UNRAVELED,60,source,full_OR,17843,1991,15852,416,186,230,124,10,138,1625554800.0,C:\w\px094_soc_workload_20261001\UNRAVELED_60_source_full_OR_cases.npz,9423ca8e6620f16619eecc3d734b1074f54358a43f2228e32a8387206196ea47,2,30,208.0,243,173,83.75,128.0,125.5,C:\w\px094_soc_workload_20261001\UNRAVELED_60_source_full_OR_a2_m30.npz,3058592a87649113798d53e42dc7b460d676084ec6876d41da68d964771f8bca,18,1,0,1,18,1,0,1,16,1,0,1
UNRAVELED_60_source_full_OR,UNRAVELED,60,source,full_OR,17843,1991,15852,416,186,230,124,10,138,1625554800.0,C:\w\px094_soc_workload_20261001\UNRAVELED_60_source_full_OR_cases.npz,9423ca8e6620f16619eecc3d734b1074f54358a43f2228e32a8387206196ea47,4,5,34.666666666666664,397,19,7.958333333333333,15.166666666666666,2.4166666666666665,C:\w\px094_soc_workload_20261001\UNRAVELED_60_source_full_OR_a4_m5.npz,4c8ab9388dca7d5eb655af6ab6fb79217a44af2b1758ecddf2485a7814a3d3a4,18,6,0,1,18,6,0,1,16,4,0,1
UNRAVELED_60_source_full_OR,UNRAVELED,60,source,full_OR,17843,1991,15852,416,186,230,124,10,138,1625554800.0,C:\w\px094_soc_workload_20261001\UNRAVELED_60_source_full_OR_cases.npz,9423ca8e6620f16619eecc3d734b1074f54358a43f2228e32a8387206196ea47,4,15,104.0,397,19,9.25,15.5,3.25,C:\w\px094_soc_workload_20261001\UNRAVELED_60_source_full_OR_a4_m15.npz,d1f87ae76e8714d5128de905ad68770de56b531982c35cdbe517fa6b4fabc280,18,6,0,1,18,6,0,1,16,4,0,1
UNRAVELED_60_source_full_OR,UNRAVELED,60,source,full_OR,17843,1991,15852,416,186,230,124,10,138,1625554800.0,C:\w\px094_soc_workload_20261001\UNRAVELED_60_source_full_OR_cases.npz,9423ca8e6620f16619eecc3d734b1074f54358a43f2228e32a8387206196ea47,4,30,208.0,397,19,14.5,29.5,4.5,C:\w\px094_soc_workload_20261001\UNRAVELED_60_source_full_OR_a4_m30.npz,6796defdd7def2da78de3be4e3a7bd62235109bb2ef1b5802465c323d753a0e7,18,6,0,1,18,6,0,1,16,4,0,1
wilson_5_pair_base_mean,wilson,5,pair,base_mean,60510,53,60457,5130,20,5110,994,0,-3,1644365100.0,C:\w\px094_soc_workload_20261001\wilson_5_pair_base_mean_cases.npz,4a5b0aa64f551519d71a3745e1c140ef68186b821c29753bbabfb44d54a64f7b,1,5,427.5,576,4554,531.7083333333334,1108.0458333333333,1140.4166666666667,C:\w\px094_soc_workload_20261001\wilson_5_pair_base_mean_a1_m5.npz,30bc3ef07232af3bc7227cb366fae94290aa141a6f32a477c2fc0a9aef925b98,1,1,0,0,1,1,0,0,1,1,0,0
wilson_5_pair_base_mean,wilson,5,pair,base_mean,60510,53,60457,5130,20,5110,994,0,-3,1644365100.0,C:\w\px094_soc_workload_20261001\wilson_5_pair_base_mean_cases.npz,4a5b0aa64f551519d71a3745e1c140ef68186b821c29753bbabfb44d54a64f7b,1,15,1282.5,192,4938,1823.125,3552.1375,3707.4166666666665,C:\w\px094_soc_workload_20261001\wilson_5_pair_base_mean_a1_m15.npz,8bdd8c50edb0277c97da7228e5e24bb79aa451e79279754c9c00f33eb94d1de5,1,1,0,0,1,1,0,0,1,1,0,0
wilson_5_pair_base_mean,wilson,5,pair,base_mean,60510,53,60457,5130,20,5110,994,0,-3,1644365100.0,C:\w\px094_soc_workload_20261001\wilson_5_pair_base_mean_cases.npz,4a5b0aa64f551519d71a3745e1c140ef68186b821c29753bbabfb44d54a64f7b,1,30,2565.0,96,5034,3744.25,7202.275,7549.916666666667,C:\w\px094_soc_workload_20261001\wilson_5_pair_base_mean_a1_m30.npz,73f6d817fbbef26a34a20c9da28dec65812134c158624b05f9ab163f6c156c78,1,1,0,0,1,1,0,0,1,1,0,0
wilson_5_pair_base_mean,wilson,5,pair,base_mean,60510,53,60457,5130,20,5110,994,0,-3,1644365100.0,C:\w\px094_soc_workload_20261001\wilson_5_pair_base_mean_cases.npz,4a5b0aa64f551519d71a3745e1c140ef68186b821c29753bbabfb44d54a64f7b,2,5,427.5,1152,3978,216.83333333333334,505.0,494.6666666666667,C:\w\px094_soc_workload_20261001\wilson_5_pair_base_mean_a2_m5.npz,75106f7467bf2c063b1905a028eed77b0889b800ffe2e307d72c3c02202dfa38,1,1,0,0,1,1,0,0,1,1,0,0
wilson_5_pair_base_mean,wilson,5,pair,base_mean,60510,53,60457,5130,20,5110,994,0,-3,1644365100.0,C:\w\px094_soc_workload_20261001\wilson_5_pair_base_mean_cases.npz,4a5b0aa64f551519d71a3745e1c140ef68186b821c29753bbabfb44d54a64f7b,2,15,1282.5,384,4746,862.5,1727.0,1786.1666666666667,C:\w\px094_soc_workload_20261001\wilson_5_pair_base_mean_a2_m15.npz,00c7def22c9afb3b0541450770cd0cfc7ab5ae316957ee133065c60d78b62c57,1,1,0,0,1,1,0,0,1,1,0,0
wilson_5_pair_base_mean,wilson,5,pair,base_mean,60510,53,60457,5130,20,5110,994,0,-3,1644365100.0,C:\w\px094_soc_workload_20261001\wilson_5_pair_base_mean_cases.npz,4a5b0aa64f551519d71a3745e1c140ef68186b821c29753bbabfb44d54a64f7b,2,30,2565.0,192,4938,1823.0,3552.0,3707.4166666666665,C:\w\px094_soc_workload_20261001\wilson_5_pair_base_mean_a2_m30.npz,0aa4942922a83726238e754fe97a53bf7e80bfc1a13633db7abc21026bd76f93,1,1,0,0,1,1,0,0,1,1,0,0
wilson_5_pair_base_mean,wilson,5,pair,base_mean,60510,53,60457,5130,20,5110,994,0,-3,1644365100.0,C:\w\px094_soc_workload_20261001\wilson_5_pair_base_mean_cases.npz,4a5b0aa64f551519d71a3745e1c140ef68186b821c29753bbabfb44d54a64f7b,4,5,427.5,1667,3463,96.66666666666667,240.75,225.08333333333334,C:\w\px094_soc_workload_20261001\wilson_5_pair_base_mean_a4_m5.npz,7590f5947c505af3f8b426a7197417659d6a3d1186adff8dd3a781f81e39a456,1,1,0,0,1,1,0,0,1,1,0,0
wilson_5_pair_base_mean,wilson,5,pair,base_mean,60510,53,60457,5130,20,5110,994,0,-3,1644365100.0,C:\w\px094_soc_workload_20261001\wilson_5_pair_base_mean_cases.npz,4a5b0aa64f551519d71a3745e1c140ef68186b821c29753bbabfb44d54a64f7b,4,15,1282.5,768,4362,382.25,814.5,825.6666666666666,C:\w\px094_soc_workload_20261001\wilson_5_pair_base_mean_a4_m15.npz,e261e14c53bd96e0b4a56468de3ea5be6ab2d33db2a2a55f9b0e0ec509eefe40,1,1,0,0,1,1,0,0,1,1,0,0
wilson_5_pair_base_mean,wilson,5,pair,base_mean,60510,53,60457,5130,20,5110,994,0,-3,1644365100.0,C:\w\px094_soc_workload_20261001\wilson_5_pair_base_mean_cases.npz,4a5b0aa64f551519d71a3745e1c140ef68186b821c29753bbabfb44d54a64f7b,4,30,2565.0,384,4746,862.5,1727.0,1786.4166666666667,C:\w\px094_soc_workload_20261001\wilson_5_pair_base_mean_a4_m30.npz,fdf61a1d0100e489117b9a2a60beebf0a1ed889bee58fcb50ed6cecf601a2d05,1,1,0,0,1,1,0,0,1,1,0,0
wilson_5_pair_base_OR,wilson,5,pair,base_OR,60535,54,60481,5133,21,5112,994,0,0,1644365100.0,C:\w\px094_soc_workload_20261001\wilson_5_pair_base_OR_cases.npz,05e28e768316e789c19e97ddefb6e7df74a8ff8d600aaae8d5ecb1edd2f3047f,1,5,427.75,576,4557,531.8333333333334,1108.2833333333333,1140.6666666666667,C:\w\px094_soc_workload_20261001\wilson_5_pair_base_OR_a1_m5.npz,455847cf5b6bfafc2896cb2465e5670ac3160c65f8d5ac4958322fb114b0eb33,1,1,0,0,1,1,0,0,1,1,0,0
wilson_5_pair_base_OR,wilson,5,pair,base_OR,60535,54,60481,5133,21,5112,994,0,0,1644365100.0,C:\w\px094_soc_workload_20261001\wilson_5_pair_base_OR_cases.npz,05e28e768316e789c19e97ddefb6e7df74a8ff8d600aaae8d5ecb1edd2f3047f,1,15,1283.25,192,4941,1823.5,3552.85,3708.1666666666665,C:\w\px094_soc_workload_20261001\wilson_5_pair_base_OR_a1_m15.npz,d52ccb12180e6107b25fda5e700ce65e668d828ea073ed4125a1a84d5d0e2c13,1,1,0,0,1,1,0,0,1,1,0,0
wilson_5_pair_base_OR,wilson,5,pair,base_OR,60535,54,60481,5133,21,5112,994,0,0,1644365100.0,C:\w\px094_soc_workload_20261001\wilson_5_pair_base_OR_cases.npz,05e28e768316e789c19e97ddefb6e7df74a8ff8d600aaae8d5ecb1edd2f3047f,1,30,2566.5,96,5037,3745.0,7203.7,7551.416666666667,C:\w\px094_soc_workload_20261001\wilson_5_pair_base_OR_a1_m30.npz,f2a7142db8309bbee0b971baaf4093c3fa4e934d28ce87be96b10da2e51425bd,1,1,0,0,1,1,0,0,1,1,0,0
wilson_5_pair_base_OR,wilson,5,pair,base_OR,60535,54,60481,5133,21,5112,994,0,0,1644365100.0,C:\w\px094_soc_workload_20261001\wilson_5_pair_base_OR_cases.npz,05e28e768316e789c19e97ddefb6e7df74a8ff8d600aaae8d5ecb1edd2f3047f,2,5,427.75,1152,3981,216.91666666666666,505.1166666666667,494.8333333333333,C:\w\px094_soc_workload_20261001\wilson_5_pair_base_OR_a2_m5.npz,001968b18ac48de89f6657cb0920e14b7162a9475b1ab796b34dc8e877ebdff0,1,1,0,0,1,1,0,0,1,1,0,0
wilson_5_pair_base_OR,wilson,5,pair,base_OR,60535,54,60481,5133,21,5112,994,0,0,1644365100.0,C:\w\px094_soc_workload_20261001\wilson_5_pair_base_OR_cases.npz,05e28e768316e789c19e97ddefb6e7df74a8ff8d600aaae8d5ecb1edd2f3047f,2,15,1283.25,384,4749,862.75,1727.35,1786.6666666666667,C:\w\px094_soc_workload_20261001\wilson_5_pair_base_OR_a2_m15.npz,4bfcc0092e842e94c332ed8d80940b5b3de43afcb9523e6b2d5c103e508e99c1,1,1,0,0,1,1,0,0,1,1,0,0
wilson_5_pair_base_OR,wilson,5,pair,base_OR,60535,54,60481,5133,21,5112,994,0,0,1644365100.0,C:\w\px094_soc_workload_20261001\wilson_5_pair_base_OR_cases.npz,05e28e768316e789c19e97ddefb6e7df74a8ff8d600aaae8d5ecb1edd2f3047f,2,30,2566.5,192,4941,1823.5,3552.7,3708.4166666666665,C:\w\px094_soc_workload_20261001\wilson_5_pair_base_OR_a2_m30.npz,8f8d51790c3af88be28ed5ba227b0bd8b38df110c53dad785098606b8148db3d,1,1,0,0,1,1,0,0,1,1,0,0
wilson_5_pair_base_OR,wilson,5,pair,base_OR,60535,54,60481,5133,21,5112,994,0,0,1644365100.0,C:\w\px094_soc_workload_20261001\wilson_5_pair_base_OR_cases.npz,05e28e768316e789c19e97ddefb6e7df74a8ff8d600aaae8d5ecb1edd2f3047f,4,5,427.75,1668,3465,96.66666666666667,240.7833333333333,225.16666666666666,C:\w\px094_soc_workload_20261001\wilson_5_pair_base_OR_a4_m5.npz,b8df1ed7e43e21e2cb00a563d94892ce859417b2f3208924dab231d430a9290e,1,1,0,0,1,1,0,0,1,1,0,0
wilson_5_pair_base_OR,wilson,5,pair,base_OR,60535,54,60481,5133,21,5112,994,0,0,1644365100.0,C:\w\px094_soc_workload_20261001\wilson_5_pair_base_OR_cases.npz,05e28e768316e789c19e97ddefb6e7df74a8ff8d600aaae8d5ecb1edd2f3047f,4,15,1283.25,768,4365,382.25,814.5999999999999,825.9166666666666,C:\w\px094_soc_workload_20261001\wilson_5_pair_base_OR_a4_m15.npz,b5fe29f7107681fbad5de7c0e7a52c1f84c7cce26591b4b47fed762fbf3d1aab,1,1,0,0,1,1,0,0,1,1,0,0
wilson_5_pair_base_OR,wilson,5,pair,base_OR,60535,54,60481,5133,21,5112,994,0,0,1644365100.0,C:\w\px094_soc_workload_20261001\wilson_5_pair_base_OR_cases.npz,05e28e768316e789c19e97ddefb6e7df74a8ff8d600aaae8d5ecb1edd2f3047f,4,30,2566.5,384,4749,862.5,1727.1999999999998,1786.9166666666667,C:\w\px094_soc_workload_20261001\wilson_5_pair_base_OR_a4_m30.npz,30099175abf68c37b7ac04f399e74c0d14b253d3fbfb416a8a7fde014cb905e3,1,1,0,0,1,1,0,0,1,1,0,0
wilson_5_pair_plus_current_OR,wilson,5,pair,plus_current_OR,60636,104,60532,5182,67,5115,994,0,49,1644365100.0,C:\w\px094_soc_workload_20261001\wilson_5_pair_plus_current_OR_cases.npz,54d8664b25312b1e896d2a48285986b91b02dd50aa010b27253931c4eec61dbe,1,5,431.8333333333333,576,4606,533.875,1128.1625,1144.75,C:\w\px094_soc_workload_20261001\wilson_5_pair_plus_current_OR_a1_m5.npz,a8bbbc0df3298978107c61b96d4487696ea4c3ce43991fdfe9015be86f2969af,1,1,0,0,1,1,0,0,1,1,0,0
wilson_5_pair_plus_current_OR,wilson,5,pair,plus_current_OR,60636,104,60532,5182,67,5115,994,0,49,1644365100.0,C:\w\px094_soc_workload_20261001\wilson_5_pair_plus_current_OR_cases.npz,54d8664b25312b1e896d2a48285986b91b02dd50aa010b27253931c4eec61dbe,1,15,1295.5,192,4990,1829.625,3580.4875,3736.4166666666665,C:\w\px094_soc_workload_20261001\wilson_5_pair_plus_current_OR_a1_m15.npz,e805d8ff25310fc0715e1770719462235d0530191d22f40d753822a830306e75,1,1,0,0,1,1,0,0,1,1,0,0
wilson_5_pair_plus_current_OR,wilson,5,pair,plus_current_OR,60636,104,60532,5182,67,5115,994,0,49,1644365100.0,C:\w\px094_soc_workload_20261001\wilson_5_pair_plus_current_OR_cases.npz,54d8664b25312b1e896d2a48285986b91b02dd50aa010b27253931c4eec61dbe,1,30,2591.0,96,5086,3773.25,7274.975,7623.916666666667,C:\w\px094_soc_workload_20261001\wilson_5_pair_plus_current_OR_a1_m30.npz,a2bd7bc74cf85be97180f687236f089f2e16804b4f289196e6d592971907ae04,1,1,0,0,1,1,0,0,1,1,0,0
wilson_5_pair_plus_current_OR,wilson,5,pair,plus_current_OR,60636,104,60532,5182,67,5115,994,0,49,1644365100.0,C:\w\px094_soc_workload_20261001\wilson_5_pair_plus_current_OR_cases.npz,54d8664b25312b1e896d2a48285986b91b02dd50aa010b27253931c4eec61dbe,2,5,431.8333333333333,1152,4030,217.91666666666666,506.9125,496.8333333333333,C:\w\px094_soc_workload_20261001\wilson_5_pair_plus_current_OR_a2_m5.npz,c38c31b5f13f8c38ba6753e1de855d8ef10dfd165e06e6ddf8c154be613f6810,1,1,0,0,1,1,0,0,1,1,0,0
wilson_5_pair_plus_current_OR,wilson,5,pair,plus_current_OR,60636,104,60532,5182,67,5115,994,0,49,1644365100.0,C:\w\px094_soc_workload_20261001\wilson_5_pair_plus_current_OR_cases.npz,54d8664b25312b1e896d2a48285986b91b02dd50aa010b27253931c4eec61dbe,2,15,1295.5,384,4798,865.75,1733.2375,1792.6666666666667,C:\w\px094_soc_workload_20261001\wilson_5_pair_plus_current_OR_a2_m15.npz,1969d5c37bf135c82227d4152781d6ee768fbe22ce50a5aa8ce3d567098f719e,1,1,0,0,1,1,0,0,1,1,0,0
wilson_5_pair_plus_current_OR,wilson,5,pair,plus_current_OR,60636,104,60532,5182,67,5115,994,0,49,1644365100.0,C:\w\px094_soc_workload_20261001\wilson_5_pair_plus_current_OR_cases.npz,54d8664b25312b1e896d2a48285986b91b02dd50aa010b27253931c4eec61dbe,2,30,2591.0,192,4990,1829.5,3580.475,3736.4166666666665,C:\w\px094_soc_workload_20261001\wilson_5_pair_plus_current_OR_a2_m30.npz,954eb2fe1012f5bf3df2a7e848c71590ced29c8089befed1d431b5d53bc17c91,1,1,0,0,1,1,0,0,1,1,0,0
wilson_5_pair_plus_current_OR,wilson,5,pair,plus_current_OR,60636,104,60532,5182,67,5115,994,0,49,1644365100.0,C:\w\px094_soc_workload_20261001\wilson_5_pair_plus_current_OR_cases.npz,54d8664b25312b1e896d2a48285986b91b02dd50aa010b27253931c4eec61dbe,4,5,431.8333333333333,1705,3477,96.41666666666667,240.83333333333334,225.41666666666666,C:\w\px094_soc_workload_20261001\wilson_5_pair_plus_current_OR_a4_m5.npz,fd852634abce1a96ad56d327f4e2b431dea797ed3a10b738dce5a3557731790b,1,1,0,0,1,1,0,0,1,1,0,0
wilson_5_pair_plus_current_OR,wilson,5,pair,plus_current_OR,60636,104,60532,5182,67,5115,994,0,49,1644365100.0,C:\w\px094_soc_workload_20261001\wilson_5_pair_plus_current_OR_cases.npz,54d8664b25312b1e896d2a48285986b91b02dd50aa010b27253931c4eec61dbe,4,15,1295.5,768,4414,383.75,817.5,828.9166666666666,C:\w\px094_soc_workload_20261001\wilson_5_pair_plus_current_OR_a4_m15.npz,2680b56b55205561ac09791be098545ca70c938101e4dc02520647f696b9e185,1,1,0,0,1,1,0,0,1,1,0,0
wilson_5_pair_plus_current_OR,wilson,5,pair,plus_current_OR,60636,104,60532,5182,67,5115,994,0,49,1644365100.0,C:\w\px094_soc_workload_20261001\wilson_5_pair_plus_current_OR_cases.npz,54d8664b25312b1e896d2a48285986b91b02dd50aa010b27253931c4eec61dbe,4,30,2591.0,384,4798,865.5,1733.0,1792.9166666666667,C:\w\px094_soc_workload_20261001\wilson_5_pair_plus_current_OR_a4_m30.npz,ea79127dd405c1ebd1f2bb210c770d82c75ec7aaa580f234c75f6662e55af206,1,1,0,0,1,1,0,0,1,1,0,0
wilson_5_pair_full_OR,wilson,5,pair,full_OR,62851,1751,61100,5367,243,5124,994,0,234,1644365100.0,C:\w\px094_soc_workload_20261001\wilson_5_pair_full_OR_cases.npz,ea90406c5cbfa95723ac4ccbd01dc93918f4a16448cce6bf71760531c89825d4,1,5,447.25,576,4791,557.5833333333334,1174.8083333333334,1192.1666666666667,C:\w\px094_soc_workload_20261001\wilson_5_pair_full_OR_a1_m5.npz,3b7d8fd8e691979b4b5ea2e19b964a545d30104182c5691e98c563bc82a04b76,1,1,0,0,1,1,0,0,1,1,0,0
wilson_5_pair_full_OR,wilson,5,pair,full_OR,62851,1751,61100,5367,243,5124,994,0,234,1644365100.0,C:\w\px094_soc_workload_20261001\wilson_5_pair_full_OR_cases.npz,ea90406c5cbfa95723ac4ccbd01dc93918f4a16448cce6bf71760531c89825d4,1,15,1341.75,192,5175,1900.75,3720.425,3878.6666666666665,C:\w\px094_soc_workload_20261001\wilson_5_pair_full_OR_a1_m15.npz,7c41f422cfb6c00dfffb2efb9ec904d928e18398287652773799d7651d077709,1,1,0,0,1,1,0,0,1,1,0,0
wilson_5_pair_full_OR,wilson,5,pair,full_OR,62851,1751,61100,5367,243,5124,994,0,234,1644365100.0,C:\w\px094_soc_workload_20261001\wilson_5_pair_full_OR_cases.npz,ea90406c5cbfa95723ac4ccbd01dc93918f4a16448cce6bf71760531c89825d4,1,30,2683.5,96,5271,3915.5,7538.85,7908.416666666667,C:\w\px094_soc_workload_20261001\wilson_5_pair_full_OR_a1_m30.npz,c4b8ef5b50463b7b65737093bddf072e6ee22b0e16370ed29c2dababfcaba661,1,1,0,0,1,1,0,0,1,1,0,0
wilson_5_pair_full_OR,wilson,5,pair,full_OR,62851,1751,61100,5367,243,5124,994,0,234,1644365100.0,C:\w\px094_soc_workload_20261001\wilson_5_pair_full_OR_cases.npz,ea90406c5cbfa95723ac4ccbd01dc93918f4a16448cce6bf71760531c89825d4,2,5,447.25,1152,4215,221.75,530.225,520.5833333333334,C:\w\px094_soc_workload_20261001\wilson_5_pair_full_OR_a2_m5.npz,046b13e8f03ad4bc6d6eb424e3744c1f38823d2d86a64a4f75f20672897ffe19,1,1,0,0,1,1,0,0,1,1,0,0
wilson_5_pair_full_OR,wilson,5,pair,full_OR,62851,1751,61100,5367,243,5124,994,0,234,1644365100.0,C:\w\px094_soc_workload_20261001\wilson_5_pair_full_OR_cases.npz,ea90406c5cbfa95723ac4ccbd01dc93918f4a16448cce6bf71760531c89825d4,2,15,1341.75,384,4983,893.25,1803.175,1863.9166666666667,C:\w\px094_soc_workload_20261001\wilson_5_pair_full_OR_a2_m15.npz,c4cd108ba53f5bc381cea79c684a1a9c8f26915c3dc73bd92c5c785739c611f2,1,1,0,0,1,1,0,0,1,1,0,0
wilson_5_pair_full_OR,wilson,5,pair,full_OR,62851,1751,61100,5367,243,5124,994,0,234,1644365100.0,C:\w\px094_soc_workload_20261001\wilson_5_pair_full_OR_cases.npz,ea90406c5cbfa95723ac4ccbd01dc93918f4a16448cce6bf71760531c89825d4,2,30,2683.5,192,5175,1900.5,3720.35,3878.9166666666665,C:\w\px094_soc_workload_20261001\wilson_5_pair_full_OR_a2_m30.npz,2bc2bee39465162514d77c790c3b2a8be434f781f3389e06f524ef373e69b77a,1,1,0,0,1,1,0,0,1,1,0,0
wilson_5_pair_full_OR,wilson,5,pair,full_OR,62851,1751,61100,5367,243,5124,994,0,234,1644365100.0,C:\w\px094_soc_workload_20261001\wilson_5_pair_full_OR_cases.npz,ea90406c5cbfa95723ac4ccbd01dc93918f4a16448cce6bf71760531c89825d4,4,5,447.25,1830,3537,95.75,241.75,226.66666666666666,C:\w\px094_soc_workload_20261001\wilson_5_pair_full_OR_a4_m5.npz,1965ea607e9904c93f107222aea3263b833092f9d3b89d4c21d29b2acf8e4bce,1,1,0,0,1,1,0,0,1,1,0,0
wilson_5_pair_full_OR,wilson,5,pair,full_OR,62851,1751,61100,5367,243,5124,994,0,234,1644365100.0,C:\w\px094_soc_workload_20261001\wilson_5_pair_full_OR_cases.npz,ea90406c5cbfa95723ac4ccbd01dc93918f4a16448cce6bf71760531c89825d4,4,15,1341.75,768,4599,389.5,844.5,856.4166666666666,C:\w\px094_soc_workload_20261001\wilson_5_pair_full_OR_a4_m15.npz,41865070cb517fd34a5a691d5350f1382e83335838324807c96d98daa67f3311,1,1,0,0,1,1,0,0,1,1,0,0
wilson_5_pair_full_OR,wilson,5,pair,full_OR,62851,1751,61100,5367,243,5124,994,0,234,1644365100.0,C:\w\px094_soc_workload_20261001\wilson_5_pair_full_OR_cases.npz,ea90406c5cbfa95723ac4ccbd01dc93918f4a16448cce6bf71760531c89825d4,4,30,2683.5,384,4983,893.0,1803.0,1863.9166666666667,C:\w\px094_soc_workload_20261001\wilson_5_pair_full_OR_a4_m30.npz,18ab2b0ac6cdb84d428fb4d5d7d576e411b6d1c810e013b5e2ee1139e77be4d7,1,1,0,0,1,1,0,0,1,1,0,0
wilson_5_source_base_mean,wilson,5,source,base_mean,60510,53,60457,1006,3,1003,994,0,-3,1644365100.0,C:\w\px094_soc_workload_20261001\wilson_5_source_base_mean_cases.npz,ecf8ffe90b8a90f4f64934747f5243f0af1164876bff05add0e05159ccf1cd29,1,5,83.83333333333333,576,430,88.91666666666667,152.91666666666666,108.75,C:\w\px094_soc_workload_20261001\wilson_5_source_base_mean_a1_m5.npz,fc81190ad069ea5cad5224d98b6f50841e0024075a1202f2da979150157c94cc,1,1,0,0,1,1,0,0,1,1,0,0
wilson_5_source_base_mean,wilson,5,source,base_mean,60510,53,60457,1006,3,1003,994,0,-3,1644365100.0,C:\w\px094_soc_workload_20261001\wilson_5_source_base_mean_cases.npz,ecf8ffe90b8a90f4f64934747f5243f0af1164876bff05add0e05159ccf1cd29,1,15,251.5,192,814,332.6666666666667,632.0416666666666,612.4166666666666,C:\w\px094_soc_workload_20261001\wilson_5_source_base_mean_a1_m15.npz,40c9862bfdc6c53e91af33dea59c0821015b0f02654039f30b78a3aa1daf88d6,1,1,0,0,1,1,0,0,1,1,0,0
wilson_5_source_base_mean,wilson,5,source,base_mean,60510,53,60457,1006,3,1003,994,0,-3,1644365100.0,C:\w\px094_soc_workload_20261001\wilson_5_source_base_mean_cases.npz,ecf8ffe90b8a90f4f64934747f5243f0af1164876bff05add0e05159ccf1cd29,1,30,503.0,96,910,714.2916666666666,1350.7291666666667,1359.9166666666667,C:\w\px094_soc_workload_20261001\wilson_5_source_base_mean_a1_m30.npz,e787c8b5a8f31d469c8da7a4356b8998c64ed5ab821f59190f44a25022e28b88,1,1,0,0,1,1,0,0,1,1,0,0
wilson_5_source_base_mean,wilson,5,source,base_mean,60510,53,60457,1006,3,1003,994,0,-3,1644365100.0,C:\w\px094_soc_workload_20261001\wilson_5_source_base_mean_cases.npz,ecf8ffe90b8a90f4f64934747f5243f0af1164876bff05add0e05159ccf1cd29,2,5,83.83333333333333,1006,0,21.875,40.25,0.0,C:\w\px094_soc_workload_20261001\wilson_5_source_base_mean_a2_m5.npz,abe9e62b7ff3c25fb78d106261311cc4dead470e06752fb41b2a53204d4f0508,1,1,0,0,1,1,0,0,1,1,0,0
wilson_5_source_base_mean,wilson,5,source,base_mean,60510,53,60457,1006,3,1003,994,0,-3,1644365100.0,C:\w\px094_soc_workload_20261001\wilson_5_source_base_mean_cases.npz,ecf8ffe90b8a90f4f64934747f5243f0af1164876bff05add0e05159ccf1cd29,2,15,251.5,384,622,141.79166666666666,272.1666666666667,230.66666666666666,C:\w\px094_soc_workload_20261001\wilson_5_source_base_mean_a2_m15.npz,3a773b56b73fac26f5bdbf8d0d85c12adbd27db31834d6bd7902b87814a34cf4,1,1,0,0,1,1,0,0,1,1,0,0
wilson_5_source_base_mean,wilson,5,source,base_mean,60510,53,60457,1006,3,1003,994,0,-3,1644365100.0,C:\w\px094_soc_workload_20261001\wilson_5_source_base_mean_cases.npz,ecf8ffe90b8a90f4f64934747f5243f0af1164876bff05add0e05159ccf1cd29,2,30,503.0,192,814,332.5416666666667,631.8958333333334,612.4166666666666,C:\w\px094_soc_workload_20261001\wilson_5_source_base_mean_a2_m30.npz,1998f39e4c2d97d0da58220241a4547e75fd39575677dd086fe7313598c68bb5,1,1,0,0,1,1,0,0,1,1,0,0
wilson_5_source_base_mean,wilson,5,source,base_mean,60510,53,60457,1006,3,1003,994,0,-3,1644365100.0,C:\w\px094_soc_workload_20261001\wilson_5_source_base_mean_cases.npz,ecf8ffe90b8a90f4f64934747f5243f0af1164876bff05add0e05159ccf1cd29,4,5,83.83333333333333,1006,0,6.375,14.979166666666666,0.0,C:\w\px094_soc_workload_20261001\wilson_5_source_base_mean_a4_m5.npz,705c13074523e355416ba929c7b0d8b2e14fe618876f6f851135bf5f31e4bddf,1,1,0,0,1,1,0,0,1,1,0,0
wilson_5_source_base_mean,wilson,5,source,base_mean,60510,53,60457,1006,3,1003,994,0,-3,1644365100.0,C:\w\px094_soc_workload_20261001\wilson_5_source_base_mean_cases.npz,ecf8ffe90b8a90f4f64934747f5243f0af1164876bff05add0e05159ccf1cd29,4,15,251.5,768,238,48.666666666666664,101.08333333333333,39.916666666666664,C:\w\px094_soc_workload_20261001\wilson_5_source_base_mean_a4_m15.npz,65290a7358f72ffbd4103f28bcd91d011941131e7823114d31a0849f9a087e15,1,1,0,0,1,1,0,0,1,1,0,0
wilson_5_source_base_mean,wilson,5,source,base_mean,60510,53,60457,1006,3,1003,994,0,-3,1644365100.0,C:\w\px094_soc_workload_20261001\wilson_5_source_base_mean_cases.npz,ecf8ffe90b8a90f4f64934747f5243f0af1164876bff05add0e05159ccf1cd29,4,30,503.0,384,622,141.66666666666666,272.0625,230.91666666666666,C:\w\px094_soc_workload_20261001\wilson_5_source_base_mean_a4_m30.npz,e3300796857636cc944284ed73fffda4e00ba118495c368d17dd03f95b665d31,1,1,0,0,1,1,0,0,1,1,0,0
wilson_5_source_base_OR,wilson,5,source,base_OR,60535,54,60481,1009,4,1005,994,0,0,1644365100.0,C:\w\px094_soc_workload_20261001\wilson_5_source_base_OR_cases.npz,f0317e2550c0f420d4347e4a87b2c8b19d72b7458db8fab3fec6ca3fd10db5b1,1,5,84.08333333333333,576,433,89.0,153.0,109.0,C:\w\px094_soc_workload_20261001\wilson_5_source_base_OR_a1_m5.npz,d7b61bf93f26cdbf4e839a57c1027edc698532e1f862a538740256eafb5457bc,1,1,0,0,1,1,0,0,1,1,0,0
wilson_5_source_base_OR,wilson,5,source,base_OR,60535,54,60481,1009,4,1005,994,0,0,1644365100.0,C:\w\px094_soc_workload_20261001\wilson_5_source_base_OR_cases.npz,f0317e2550c0f420d4347e4a87b2c8b19d72b7458db8fab3fec6ca3fd10db5b1,1,15,252.25,192,817,333.0,632.6,613.1666666666666,C:\w\px094_soc_workload_20261001\wilson_5_source_base_OR_a1_m15.npz,c744de9bfb7ba8ac63264f4917eb04e65c2c08d5805535f6d8f891bde2f7d0d9,1,1,0,0,1,1,0,0,1,1,0,0
wilson_5_source_base_OR,wilson,5,source,base_OR,60535,54,60481,1009,4,1005,994,0,0,1644365100.0,C:\w\px094_soc_workload_20261001\wilson_5_source_base_OR_cases.npz,f0317e2550c0f420d4347e4a87b2c8b19d72b7458db8fab3fec6ca3fd10db5b1,1,30,504.5,96,913,715.0,1352.0,1377.4166666666667,C:\w\px094_soc_workload_20261001\wilson_5_source_base_OR_a1_m30.npz,f3f73d3da102ea404543f60b7be7344f254c5e3f8398f50df9d9a6f6505f8d6d,1,1,0,0,1,1,0,0,1,1,0,0
wilson_5_source_base_OR,wilson,5,source,base_OR,60535,54,60481,1009,4,1005,994,0,0,1644365100.0,C:\w\px094_soc_workload_20261001\wilson_5_source_base_OR_cases.npz,f0317e2550c0f420d4347e4a87b2c8b19d72b7458db8fab3fec6ca3fd10db5b1,2,5,84.08333333333333,1009,0,22.0,40.383333333333326,0.0,C:\w\px094_soc_workload_20261001\wilson_5_source_base_OR_a2_m5.npz,a2adb2548a404aa1e0cd937c0a26eaf104b9a91486f87e78aa1b33851d65c605,1,1,0,0,1,1,0,0,1,1,0,0
wilson_5_source_base_OR,wilson,5,source,base_OR,60535,54,60481,1009,4,1005,994,0,0,1644365100.0,C:\w\px094_soc_workload_20261001\wilson_5_source_base_OR_cases.npz,f0317e2550c0f420d4347e4a87b2c8b19d72b7458db8fab3fec6ca3fd10db5b1,2,15,252.25,384,625,141.91666666666666,272.3,231.16666666666666,C:\w\px094_soc_workload_20261001\wilson_5_source_base_OR_a2_m15.npz,10ef212b18925c101d57c68eed2598539a8119219ae82f257446d9e4ebacbbff,1,1,0,0,1,1,0,0,1,1,0,0
wilson_5_source_base_OR,wilson,5,source,base_OR,60535,54,60481,1009,4,1005,994,0,0,1644365100.0,C:\w\px094_soc_workload_20261001\wilson_5_source_base_OR_cases.npz,f0317e2550c0f420d4347e4a87b2c8b19d72b7458db8fab3fec6ca3fd10db5b1,2,30,504.5,192,817,332.9166666666667,632.4833333333333,613.4166666666666,C:\w\px094_soc_workload_20261001\wilson_5_source_base_OR_a2_m30.npz,da32cd39970e60b76e212b472d3764d3a64d1e9b44764a7acaf73db357eca8cb,1,1,0,0,1,1,0,0,1,1,0,0
wilson_5_source_base_OR,wilson,5,source,base_OR,60535,54,60481,1009,4,1005,994,0,0,1644365100.0,C:\w\px094_soc_workload_20261001\wilson_5_source_base_OR_cases.npz,f0317e2550c0f420d4347e4a87b2c8b19d72b7458db8fab3fec6ca3fd10db5b1,4,5,84.08333333333333,1009,0,6.333333333333333,14.966666666666658,0.0,C:\w\px094_soc_workload_20261001\wilson_5_source_base_OR_a4_m5.npz,0e46d9f95daf2b5a57e7b80d6e4c2df0afa02231aaf300e7299c9262a04b6ba0,1,1,0,0,1,1,0,0,1,1,0,0
wilson_5_source_base_OR,wilson,5,source,base_OR,60535,54,60481,1009,4,1005,994,0,0,1644365100.0,C:\w\px094_soc_workload_20261001\wilson_5_source_base_OR_cases.npz,f0317e2550c0f420d4347e4a87b2c8b19d72b7458db8fab3fec6ca3fd10db5b1,4,15,252.25,768,241,48.75,101.16666666666667,40.166666666666664,C:\w\px094_soc_workload_20261001\wilson_5_source_base_OR_a4_m15.npz,6809ed26abfa8cbe54c6ac49a8eba990f3b03668e7fd6b25b4ba05ea52efe3d7,1,1,0,0,1,1,0,0,1,1,0,0
wilson_5_source_base_OR,wilson,5,source,base_OR,60535,54,60481,1009,4,1005,994,0,0,1644365100.0,C:\w\px094_soc_workload_20261001\wilson_5_source_base_OR_cases.npz,f0317e2550c0f420d4347e4a87b2c8b19d72b7458db8fab3fec6ca3fd10db5b1,4,30,504.5,384,625,141.83333333333334,272.1666666666667,231.41666666666666,C:\w\px094_soc_workload_20261001\wilson_5_source_base_OR_a4_m30.npz,6f8b680122780ad2445d7dfba4a6c85a20b72a4d5e6044c11541391e65f9be76,1,1,0,0,1,1,0,0,1,1,0,0
wilson_5_source_plus_current_OR,wilson,5,source,plus_current_OR,60636,104,60532,1049,42,1007,994,0,40,1644365100.0,C:\w\px094_soc_workload_20261001\wilson_5_source_plus_current_OR_cases.npz,08c1b88a17cc6d7ae9c6e5903b87c302cf466674a6724e803da207c2a041cdd6,1,5,87.41666666666667,576,473,90.75,170.91666666666666,112.33333333333333,C:\w\px094_soc_workload_20261001\wilson_5_source_plus_current_OR_a1_m5.npz,0d659439f2821f1c51fa8397efe7b2f423227fc510b41115ec950d1af88d19cc,1,1,0,0,1,1,0,0,1,1,0,0
wilson_5_source_plus_current_OR,wilson,5,source,plus_current_OR,60636,104,60532,1049,42,1007,994,0,40,1644365100.0,C:\w\px094_soc_workload_20261001\wilson_5_source_plus_current_OR_cases.npz,08c1b88a17cc6d7ae9c6e5903b87c302cf466674a6724e803da207c2a041cdd6,1,15,262.25,192,857,354.0833333333333,655.9333333333333,639.1666666666666,C:\w\px094_soc_workload_20261001\wilson_5_source_plus_current_OR_a1_m15.npz,3fb94a40875e9b8923316e849727398deac650de27cfe5dc079fb990140988a1,1,1,0,0,1,1,0,0,1,1,0,0
wilson_5_source_plus_current_OR,wilson,5,source,plus_current_OR,60636,104,60532,1049,42,1007,994,0,40,1644365100.0,C:\w\px094_soc_workload_20261001\wilson_5_source_plus_current_OR_cases.npz,08c1b88a17cc6d7ae9c6e5903b87c302cf466674a6724e803da207c2a041cdd6,1,30,524.5,96,953,741.0833333333334,1417.9166666666667,1429.4166666666667,C:\w\px094_soc_workload_20261001\wilson_5_source_plus_current_OR_a1_m30.npz,8b27641e176f0037ce6fc7d176e2993a83ce8efdc0bac274a4dee206bad22fa9,1,1,0,0,1,1,0,0,1,1,0,0
wilson_5_source_plus_current_OR,wilson,5,source,plus_current_OR,60636,104,60532,1049,42,1007,994,0,40,1644365100.0,C:\w\px094_soc_workload_20261001\wilson_5_source_plus_current_OR_cases.npz,08c1b88a17cc6d7ae9c6e5903b87c302cf466674a6724e803da207c2a041cdd6,2,5,87.41666666666667,1046,3,24.0,49.04999999999999,9.083333333333334,C:\w\px094_soc_workload_20261001\wilson_5_source_plus_current_OR_a2_m5.npz,8d123a19489ec9712080dda6d604253f72331d663729570fd1398aea41d5ffc5,1,1,0,0,1,1,0,0,1,1,0,0
wilson_5_source_plus_current_OR,wilson,5,source,plus_current_OR,60636,104,60532,1049,42,1007,994,0,40,1644365100.0,C:\w\px094_soc_workload_20261001\wilson_5_source_plus_current_OR_cases.npz,08c1b88a17cc6d7ae9c6e5903b87c302cf466674a6724e803da207c2a041cdd6,2,15,262.25,384,665,160.5,291.21666666666664,252.16666666666666,C:\w\px094_soc_workload_20261001\wilson_5_source_plus_current_OR_a2_m15.npz,50125a05896773648a8c7aacb390953375738c61495ad2acfd3c8a90caa22bdb,1,1,0,0,1,1,0,0,1,1,0,0
wilson_5_source_plus_current_OR,wilson,5,source,plus_current_OR,60636,104,60532,1049,42,1007,994,0,40,1644365100.0,C:\w\px094_soc_workload_20261001\wilson_5_source_plus_current_OR_cases.npz,08c1b88a17cc6d7ae9c6e5903b87c302cf466674a6724e803da207c2a041cdd6,2,30,524.5,192,857,354.0,655.8166666666667,639.4166666666666,C:\w\px094_soc_workload_20261001\wilson_5_source_plus_current_OR_a2_m30.npz,7b9bdc8a92acbdd22844740dd1caaa2bee829e1110f34d1a0e75a32bba25d0bf,1,1,0,0,1,1,0,0,1,1,0,0
wilson_5_source_plus_current_OR,wilson,5,source,plus_current_OR,60636,104,60532,1049,42,1007,994,0,40,1644365100.0,C:\w\px094_soc_workload_20261001\wilson_5_source_plus_current_OR_cases.npz,08c1b88a17cc6d7ae9c6e5903b87c302cf466674a6724e803da207c2a041cdd6,4,5,87.41666666666667,1046,3,6.25,14.916666666666666,9.0,C:\w\px094_soc_workload_20261001\wilson_5_source_plus_current_OR_a4_m5.npz,ca8ead8854671f23867aaede15f7d94f8fb38d72183c7b62481c63a2e1d607f9,1,1,0,0,1,1,0,0,1,1,0,0
wilson_5_source_plus_current_OR,wilson,5,source,plus_current_OR,60636,104,60532,1049,42,1007,994,0,40,1644365100.0,C:\w\px094_soc_workload_20261001\wilson_5_source_plus_current_OR_cases.npz,08c1b88a17cc6d7ae9c6e5903b87c302cf466674a6724e803da207c2a041cdd6,4,15,262.25,768,281,61.583333333333336,103.08333333333333,58.666666666666664,C:\w\px094_soc_workload_20261001\wilson_5_source_plus_current_OR_a4_m15.npz,383fb01e17bfbd4177fca794700847cb81ba3a7e0d50f4232ec8a77c9f063a06,1,1,0,0,1,1,0,0,1,1,0,0
wilson_5_source_plus_current_OR,wilson,5,source,plus_current_OR,60636,104,60532,1049,42,1007,994,0,40,1644365100.0,C:\w\px094_soc_workload_20261001\wilson_5_source_plus_current_OR_cases.npz,08c1b88a17cc6d7ae9c6e5903b87c302cf466674a6724e803da207c2a041cdd6,4,30,524.5,384,665,160.41666666666666,291.0833333333333,252.41666666666666,C:\w\px094_soc_workload_20261001\wilson_5_source_plus_current_OR_a4_m30.npz,74a279803d1d11ba661c15ccaa085087c97b06f6b8322362ea1668918aa99109,1,1,0,0,1,1,0,0,1,1,0,0
wilson_5_source_full_OR,wilson,5,source,full_OR,62851,1751,61100,1181,172,1009,994,0,172,1644365100.0,C:\w\px094_soc_workload_20261001\wilson_5_source_full_OR_cases.npz,92c8263e2a47a3870490689d31af973908a0cd9db404baba772547bb3fdbd6ce,1,5,98.41666666666667,576,605,109.25,197.25,155.33333333333334,C:\w\px094_soc_workload_20261001\wilson_5_source_full_OR_a1_m5.npz,ca443a81beedd1540e8f30b9ffe9d906e7ff901934037601ff55eed6638c130d,1,1,0,0,1,1,0,0,1,1,0,0
wilson_5_source_full_OR,wilson,5,source,full_OR,62851,1751,61100,1181,172,1009,994,0,172,1644365100.0,C:\w\px094_soc_workload_20261001\wilson_5_source_full_OR_cases.npz,92c8263e2a47a3870490689d31af973908a0cd9db404baba772547bb3fdbd6ce,1,15,295.25,192,989,399.5833333333333,750.1666666666666,736.1666666666666,C:\w\px094_soc_workload_20261001\wilson_5_source_full_OR_a1_m15.npz,f70149aa1fed48b1bf27c7963498d8a0c3e8c153439decce11b56e2fb16c203b,1,1,0,0,1,1,0,0,1,1,0,0
wilson_5_source_full_OR,wilson,5,source,full_OR,62851,1751,61100,1181,172,1009,994,0,172,1644365100.0,C:\w\px094_soc_workload_20261001\wilson_5_source_full_OR_cases.npz,92c8263e2a47a3870490689d31af973908a0cd9db404baba772547bb3fdbd6ce,1,30,590.5,96,1085,835.0833333333334,1608.5833333333333,1623.4166666666667,C:\w\px094_soc_workload_20261001\wilson_5_source_full_OR_a1_m30.npz,f8269abb32539909edf9a94917c1b3b98cccfa6c8676dae5dae67151ad729bfb,1,1,0,0,1,1,0,0,1,1,0,0
wilson_5_source_full_OR,wilson,5,source,full_OR,62851,1751,61100,1181,172,1009,994,0,172,1644365100.0,C:\w\px094_soc_workload_20261001\wilson_5_source_full_OR_cases.npz,92c8263e2a47a3870490689d31af973908a0cd9db404baba772547bb3fdbd6ce,2,5,98.41666666666667,1152,29,30.833333333333332,55.833333333333336,10.166666666666666,C:\w\px094_soc_workload_20261001\wilson_5_source_full_OR_a2_m5.npz,73935496c79bbebed82a4b33d0d04526d635c46b820a7ecb0aef46cb33e544e3,1,1,0,0,1,1,0,0,1,1,0,0
wilson_5_source_full_OR,wilson,5,source,full_OR,62851,1751,61100,1181,172,1009,994,0,172,1644365100.0,C:\w\px094_soc_workload_20261001\wilson_5_source_full_OR_cases.npz,92c8263e2a47a3870490689d31af973908a0cd9db404baba772547bb3fdbd6ce,2,15,295.25,384,797,181.75,335.4166666666667,300.6666666666667,C:\w\px094_soc_workload_20261001\wilson_5_source_full_OR_a2_m15.npz,164e680bc47927b905379a1600f8f97745571488427cce87482e595d854cf703,1,1,0,0,1,1,0,0,1,1,0,0
wilson_5_source_full_OR,wilson,5,source,full_OR,62851,1751,61100,1181,172,1009,994,0,172,1644365100.0,C:\w\px094_soc_workload_20261001\wilson_5_source_full_OR_cases.npz,92c8263e2a47a3870490689d31af973908a0cd9db404baba772547bb3fdbd6ce,2,30,590.5,192,989,399.5,750.0,736.4166666666666,C:\w\px094_soc_workload_20261001\wilson_5_source_full_OR_a2_m30.npz,e5f870a501c378bba6ab3e8e88b5f391fd2b2bb8e3bad2c50fd099633483bf77,1,1,0,0,1,1,0,0,1,1,0,0
wilson_5_source_full_OR,wilson,5,source,full_OR,62851,1751,61100,1181,172,1009,994,0,172,1644365100.0,C:\w\px094_soc_workload_20261001\wilson_5_source_full_OR_cases.npz,92c8263e2a47a3870490689d31af973908a0cd9db404baba772547bb3fdbd6ce,4,5,98.41666666666667,1178,3,7.5,15.0,9.0,C:\w\px094_soc_workload_20261001\wilson_5_source_full_OR_a4_m5.npz,dba265ab1dea0330d70750a0fa7b4a1eb1dede96e31109db815aef42ccab7bb0,1,1,0,0,1,1,0,0,1,1,0,0
wilson_5_source_full_OR,wilson,5,source,full_OR,62851,1751,61100,1181,172,1009,994,0,172,1644365100.0,C:\w\px094_soc_workload_20261001\wilson_5_source_full_OR_cases.npz,92c8263e2a47a3870490689d31af973908a0cd9db404baba772547bb3fdbd6ce,4,15,295.25,768,413,65.41666666666667,126.0,82.91666666666667,C:\w\px094_soc_workload_20261001\wilson_5_source_full_OR_a4_m15.npz,c7a28d78ef76fe9bc63daf9dc84ca730c2efcdfcffe8a605261ec74baaa0dc04,1,1,0,0,1,1,0,0,1,1,0,0
wilson_5_source_full_OR,wilson,5,source,full_OR,62851,1751,61100,1181,172,1009,994,0,172,1644365100.0,C:\w\px094_soc_workload_20261001\wilson_5_source_full_OR_cases.npz,92c8263e2a47a3870490689d31af973908a0cd9db404baba772547bb3fdbd6ce,4,30,590.5,384,797,181.66666666666666,335.1666666666667,300.9166666666667,C:\w\px094_soc_workload_20261001\wilson_5_source_full_OR_a4_m30.npz,6b9982875794354db6549c26fec1639348116b97523bb1d1350f936f61b5a1cd,1,1,0,0,1,1,0,0,1,1,0,0
wilson_15_pair_base_mean,wilson,15,pair,base_mean,60510,53,60457,4457,15,4442,332,0,-3,1644365700.0,C:\w\px094_soc_workload_20261001\wilson_15_pair_base_mean_cases.npz,db6c920fcfbf5467ee27523d12d2ad8743a8c74b32cb87b728cb60a15c01744e,1,5,371.4166666666667,501,3956,461.9166666666667,965.0166666666667,994.4166666666666,C:\w\px094_soc_workload_20261001\wilson_15_pair_base_mean_a1_m5.npz,05a77aca15c6fe2e633751d70534cb370314348c393d5833008961762333ac39,1,1,0,0,1,1,0,0,1,1,0,0
wilson_15_pair_base_mean,wilson,15,pair,base_mean,60510,53,60457,4457,15,4442,332,0,-3,1644365700.0,C:\w\px094_soc_workload_20261001\wilson_15_pair_base_mean_cases.npz,db6c920fcfbf5467ee27523d12d2ad8743a8c74b32cb87b728cb60a15c01744e,1,15,1114.25,192,4265,1563.0,3072.3,3203.0,C:\w\px094_soc_workload_20261001\wilson_15_pair_base_mean_a1_m15.npz,34a0027ea2dce4ced25e8452a8b5e48e51c3dfb93df79498aace8291fa5e9eb4,1,1,0,0,1,1,0,0,1,1,0,0
wilson_15_pair_base_mean,wilson,15,pair,base_mean,60510,53,60457,4457,15,4442,332,0,-3,1644365700.0,C:\w\px094_soc_workload_20261001\wilson_15_pair_base_mean_cases.npz,db6c920fcfbf5467ee27523d12d2ad8743a8c74b32cb87b728cb60a15c01744e,1,30,2228.5,96,4361,3240.0,6242.6,6541.25,C:\w\px094_soc_workload_20261001\wilson_15_pair_base_mean_a1_m30.npz,e52529e123b3a809532319b045bdda3c4faa2a6bc2478ab78abcde00cc1999ae,1,1,0,0,1,1,0,0,1,1,0,0
wilson_15_pair_base_mean,wilson,15,pair,base_mean,60510,53,60457,4457,15,4442,332,0,-3,1644365700.0,C:\w\px094_soc_workload_20261001\wilson_15_pair_base_mean_cases.npz,db6c920fcfbf5467ee27523d12d2ad8743a8c74b32cb87b728cb60a15c01744e,2,5,371.4166666666667,669,3788,238.91666666666666,482.5,470.5833333333333,C:\w\px094_soc_workload_20261001\wilson_15_pair_base_mean_a2_m5.npz,849bdf540a87d68da8d8d67f4a823e280bcd91c498848a6d6f64c4dddb599a41,1,1,0,0,1,1,0,0,1,1,0,0
wilson_15_pair_base_mean,wilson,15,pair,base_mean,60510,53,60457,4457,15,4442,332,0,-3,1644365700.0,C:\w\px094_soc_workload_20261001\wilson_15_pair_base_mean_cases.npz,db6c920fcfbf5467ee27523d12d2ad8743a8c74b32cb87b728cb60a15c01744e,2,15,1114.25,384,4073,724.5,1487.05,1526.0,C:\w\px094_soc_workload_20261001\wilson_15_pair_base_mean_a2_m15.npz,895e486aab2ff03b829593e35d992ca2a70e870af24cf62be0d434c6724397d1,1,1,0,0,1,1,0,0,1,1,0,0
wilson_15_pair_base_mean,wilson,15,pair,base_mean,60510,53,60457,4457,15,4442,332,0,-3,1644365700.0,C:\w\px094_soc_workload_20261001\wilson_15_pair_base_mean_cases.npz,db6c920fcfbf5467ee27523d12d2ad8743a8c74b32cb87b728cb60a15c01744e,2,30,2228.5,192,4265,1563.0,3072.1,3203.25,C:\w\px094_soc_workload_20261001\wilson_15_pair_base_mean_a2_m30.npz,0afbb804f134245a5ec6539991ea4a76331e73307b495b87a0aa53604b0ba58e,1,1,0,0,1,1,0,0,1,1,0,0
wilson_15_pair_base_mean,wilson,15,pair,base_mean,60510,53,60457,4457,15,4442,332,0,-3,1644365700.0,C:\w\px094_soc_workload_20261001\wilson_15_pair_base_mean_cases.npz,db6c920fcfbf5467ee27523d12d2ad8743a8c74b32cb87b728cb60a15c01744e,4,5,371.4166666666667,1005,3452,119.41666666666667,241.25,208.66666666666666,C:\w\px094_soc_workload_20261001\wilson_15_pair_base_mean_a4_m5.npz,51a572fe318eee70b675cec599481a7aed8b45baaee8b10b1b7e35f6510c163f,1,1,0,0,1,1,0,0,1,1,0,0
wilson_15_pair_base_mean,wilson,15,pair,base_mean,60510,53,60457,4457,15,4442,332,0,-3,1644365700.0,C:\w\px094_soc_workload_20261001\wilson_15_pair_base_mean_cases.npz,db6c920fcfbf5467ee27523d12d2ad8743a8c74b32cb87b728cb60a15c01744e,4,15,1114.25,557,3900,358.25,723.75,732.5,C:\w\px094_soc_workload_20261001\wilson_15_pair_base_mean_a4_m15.npz,2d883f38e806586936b9162f8e88c43a02d4739886683d1587604d1c26f203a3,1,1,0,0,1,1,0,0,1,1,0,0
wilson_15_pair_base_mean,wilson,15,pair,base_mean,60510,53,60457,4457,15,4442,332,0,-3,1644365700.0,C:\w\px094_soc_workload_20261001\wilson_15_pair_base_mean_cases.npz,db6c920fcfbf5467ee27523d12d2ad8743a8c74b32cb87b728cb60a15c01744e,4,30,2228.5,384,4073,724.5,1487.0,1526.25,C:\w\px094_soc_workload_20261001\wilson_15_pair_base_mean_a4_m30.npz,036cd1934ab4d2f78fc2fd5813933d33844410daad87799fb7ccd0bfffeb36c2,1,1,0,0,1,1,0,0,1,1,0,0
wilson_15_pair_base_OR,wilson,15,pair,base_OR,60535,54,60481,4460,16,4444,332,0,0,1644365700.0,C:\w\px094_soc_workload_20261001\wilson_15_pair_base_OR_cases.npz,a32ec3f589d94ea409c298c21fe72f74b19d105041f96a3d65a8236575bdd889,1,5,371.6666666666667,502,3958,469.9583333333333,965.1708333333333,994.5833333333334,C:\w\px094_soc_workload_20261001\wilson_15_pair_base_OR_a1_m5.npz,907d962286b3c11850995c93418852e5b61edde90b331f7656d2970b464baa89,1,1,0,0,1,1,0,0,1,1,0,0
wilson_15_pair_base_OR,wilson,15,pair,base_OR,60535,54,60481,4460,16,4444,332,0,0,1644365700.0,C:\w\px094_soc_workload_20261001\wilson_15_pair_base_OR_cases.npz,a32ec3f589d94ea409c298c21fe72f74b19d105041f96a3d65a8236575bdd889,1,15,1115.0,192,4268,1563.375,3073.0125,3203.75,C:\w\px094_soc_workload_20261001\wilson_15_pair_base_OR_a1_m15.npz,f0b94491ae978769749382cec5fb1d887250e112503a9a9de72017e2f0186cb7,1,1,0,0,1,1,0,0,1,1,0,0
wilson_15_pair_base_OR,wilson,15,pair,base_OR,60535,54,60481,4460,16,4444,332,0,0,1644365700.0,C:\w\px094_soc_workload_20261001\wilson_15_pair_base_OR_cases.npz,a32ec3f589d94ea409c298c21fe72f74b19d105041f96a3d65a8236575bdd889,1,30,2230.0,96,4364,3240.75,6244.025,6542.75,C:\w\px094_soc_workload_20261001\wilson_15_pair_base_OR_a1_m30.npz,84ae686369d523485952748c1fb819b62d91234e1ea57a4fac476fe0e7cdd3d3,1,1,0,0,1,1,0,0,1,1,0,0
wilson_15_pair_base_OR,wilson,15,pair,base_OR,60535,54,60481,4460,16,4444,332,0,0,1644365700.0,C:\w\px094_soc_workload_20261001\wilson_15_pair_base_OR_cases.npz,a32ec3f589d94ea409c298c21fe72f74b19d105041f96a3d65a8236575bdd889,2,5,371.6666666666667,670,3790,238.95833333333334,482.5833333333333,470.6666666666667,C:\w\px094_soc_workload_20261001\wilson_15_pair_base_OR_a2_m5.npz,0f4b80ab5f5c227810ca99dac309c01150a4cb71a908cc1e25a5d6cdd2539310,1,1,0,0,1,1,0,0,1,1,0,0
wilson_15_pair_base_OR,wilson,15,pair,base_OR,60535,54,60481,4460,16,4444,332,0,0,1644365700.0,C:\w\px094_soc_workload_20261001\wilson_15_pair_base_OR_cases.npz,a32ec3f589d94ea409c298c21fe72f74b19d105041f96a3d65a8236575bdd889,2,15,1115.0,384,4076,724.625,1487.5,1526.25,C:\w\px094_soc_workload_20261001\wilson_15_pair_base_OR_a2_m15.npz,7aecf723c91e6b7539cf6af92d733d37789dfefc1f0e2ea6995a8f3f8cc2f582,1,1,0,0,1,1,0,0,1,1,0,0
wilson_15_pair_base_OR,wilson,15,pair,base_OR,60535,54,60481,4460,16,4444,332,0,0,1644365700.0,C:\w\px094_soc_workload_20261001\wilson_15_pair_base_OR_cases.npz,a32ec3f589d94ea409c298c21fe72f74b19d105041f96a3d65a8236575bdd889,2,30,2230.0,192,4268,1563.25,3073.0,3203.75,C:\w\px094_soc_workload_20261001\wilson_15_pair_base_OR_a2_m30.npz,d16844d01238cece71844fd350e2d334fe7952d5de7f45b148e24330a43cf50a,1,1,0,0,1,1,0,0,1,1,0,0
wilson_15_pair_base_OR,wilson,15,pair,base_OR,60535,54,60481,4460,16,4444,332,0,0,1644365700.0,C:\w\px094_soc_workload_20261001\wilson_15_pair_base_OR_cases.npz,a32ec3f589d94ea409c298c21fe72f74b19d105041f96a3d65a8236575bdd889,4,5,371.6666666666667,1006,3454,119.45833333333333,241.25,208.75,C:\w\px094_soc_workload_20261001\wilson_15_pair_base_OR_a4_m5.npz,f539ad2cd44e97cd2424458fa124f3965d7a35e89ada98eac47b7deff1a7b561,1,1,0,0,1,1,0,0,1,1,0,0
wilson_15_pair_base_OR,wilson,15,pair,base_OR,60535,54,60481,4460,16,4444,332,0,0,1644365700.0,C:\w\px094_soc_workload_20261001\wilson_15_pair_base_OR_cases.npz,a32ec3f589d94ea409c298c21fe72f74b19d105041f96a3d65a8236575bdd889,4,15,1115.0,558,3902,358.375,723.75,732.75,C:\w\px094_soc_workload_20261001\wilson_15_pair_base_OR_a4_m15.npz,c900292eff7ae00a6ed924d79b3eb62aee831ca79a52df998b08a103bac01e18,1,1,0,0,1,1,0,0,1,1,0,0
wilson_15_pair_base_OR,wilson,15,pair,base_OR,60535,54,60481,4460,16,4444,332,0,0,1644365700.0,C:\w\px094_soc_workload_20261001\wilson_15_pair_base_OR_cases.npz,a32ec3f589d94ea409c298c21fe72f74b19d105041f96a3d65a8236575bdd889,4,30,2230.0,384,4076,724.5,1487.5,1526.25,C:\w\px094_soc_workload_20261001\wilson_15_pair_base_OR_a4_m30.npz,1aa6be42631f0478618e81f4db5f317d7b4845c4d3ba9b170cd7cbfd017e85ad,1,1,0,0,1,1,0,0,1,1,0,0
wilson_15_pair_plus_current_OR,wilson,15,pair,plus_current_OR,60636,104,60532,4509,62,4447,332,0,49,1644365700.0,C:\w\px094_soc_workload_20261001\wilson_15_pair_plus_current_OR_cases.npz,3587ad6c2401b1c7e2d785dd3acdd28334a126b929c70937c654b369f2da62ec,1,5,375.75,539,3970,460.9166666666667,975.5666666666579,995.5833333333334,C:\w\px094_soc_workload_20261001\wilson_15_pair_plus_current_OR_a1_m5.npz,43bceb7591c04225d49663617fd3927d9d9fc4638cf804d2e11ad68613dc559a,1,1,0,0,1,1,0,0,1,1,0,0
wilson_15_pair_plus_current_OR,wilson,15,pair,plus_current_OR,60636,104,60532,4509,62,4447,332,0,49,1644365700.0,C:\w\px094_soc_workload_20261001\wilson_15_pair_plus_current_OR_cases.npz,3587ad6c2401b1c7e2d785dd3acdd28334a126b929c70937c654b369f2da62ec,1,15,1127.25,192,4317,1585.5,3100.65,3232.0,C:\w\px094_soc_workload_20261001\wilson_15_pair_plus_current_OR_a1_m15.npz,a1585e9033abc3db9dc8cae41def1ad51259ff4c8a3a08cf4d844930656aad6f,1,1,0,0,1,1,0,0,1,1,0,0
wilson_15_pair_plus_current_OR,wilson,15,pair,plus_current_OR,60636,104,60532,4509,62,4447,332,0,49,1644365700.0,C:\w\px094_soc_workload_20261001\wilson_15_pair_plus_current_OR_cases.npz,3587ad6c2401b1c7e2d785dd3acdd28334a126b929c70937c654b369f2da62ec,1,30,2254.5,96,4413,3269.0,6315.3,6615.25,C:\w\px094_soc_workload_20261001\wilson_15_pair_plus_current_OR_a1_m30.npz,af7cdea4bd8b4978b5dd0e87e2041330495f82c37124c58873f95244b40167ca,1,1,0,0,1,1,0,0,1,1,0,0
wilson_15_pair_plus_current_OR,wilson,15,pair,plus_current_OR,60636,104,60532,4509,62,4447,332,0,49,1644365700.0,C:\w\px094_soc_workload_20261001\wilson_15_pair_plus_current_OR_cases.npz,3587ad6c2401b1c7e2d785dd3acdd28334a126b929c70937c654b369f2da62ec,2,5,375.75,707,3802,238.41666666666666,482.75,471.1666666666667,C:\w\px094_soc_workload_20261001\wilson_15_pair_plus_current_OR_a2_m5.npz,b9cd47a30db582118e4c3058a3220dce5f4939369663245d1584bbf1e3dcaba0,1,1,0,0,1,1,0,0,1,1,0,0
wilson_15_pair_plus_current_OR,wilson,15,pair,plus_current_OR,60636,104,60532,4509,62,4447,332,0,49,1644365700.0,C:\w\px094_soc_workload_20261001\wilson_15_pair_plus_current_OR_cases.npz,3587ad6c2401b1c7e2d785dd3acdd28334a126b929c70937c654b369f2da62ec,2,15,1127.25,384,4125,743.75,1493.25,1548.5,C:\w\px094_soc_workload_20261001\wilson_15_pair_plus_current_OR_a2_m15.npz,1707462f9c31ae4244b5f4a2252a1cc16640f3a133cfd251491b63687d9c0233,1,1,0,0,1,1,0,0,1,1,0,0
wilson_15_pair_plus_current_OR,wilson,15,pair,plus_current_OR,60636,104,60532,4509,62,4447,332,0,49,1644365700.0,C:\w\px094_soc_workload_20261001\wilson_15_pair_plus_current_OR_cases.npz,3587ad6c2401b1c7e2d785dd3acdd28334a126b929c70937c654b369f2da62ec,2,30,2254.5,192,4317,1585.5,3100.5,3232.25,C:\w\px094_soc_workload_20261001\wilson_15_pair_plus_current_OR_a2_m30.npz,aabb0ff2ce5ab977b5ca35ca20f1079c628f1c2db81d76157f3b8355f7754489,1,1,0,0,1,1,0,0,1,1,0,0
wilson_15_pair_plus_current_OR,wilson,15,pair,plus_current_OR,60636,104,60532,4509,62,4447,332,0,49,1644365700.0,C:\w\px094_soc_workload_20261001\wilson_15_pair_plus_current_OR_cases.npz,3587ad6c2401b1c7e2d785dd3acdd28334a126b929c70937c654b369f2da62ec,4,5,375.75,1043,3466,119.16666666666667,241.33333333333334,225.0,C:\w\px094_soc_workload_20261001\wilson_15_pair_plus_current_OR_a4_m5.npz,0bb774191b929f78b9df636844533b6fadef5828537e5cbf44fc5e010a386ed1,1,1,0,0,1,1,0,0,1,1,0,0
wilson_15_pair_plus_current_OR,wilson,15,pair,plus_current_OR,60636,104,60532,4509,62,4447,332,0,49,1644365700.0,C:\w\px094_soc_workload_20261001\wilson_15_pair_plus_current_OR_cases.npz,3587ad6c2401b1c7e2d785dd3acdd28334a126b929c70937c654b369f2da62ec,4,15,1127.25,595,3914,341.5,724.3999999999999,733.5,C:\w\px094_soc_workload_20261001\wilson_15_pair_plus_current_OR_a4_m15.npz,abb4a093c20da53784a14114011d397bea62e240f3354bbaa01719c0cf267743,1,1,0,0,1,1,0,0,1,1,0,0
wilson_15_pair_plus_current_OR,wilson,15,pair,plus_current_OR,60636,104,60532,4509,62,4447,332,0,49,1644365700.0,C:\w\px094_soc_workload_20261001\wilson_15_pair_plus_current_OR_cases.npz,3587ad6c2401b1c7e2d785dd3acdd28334a126b929c70937c654b369f2da62ec,4,30,2254.5,384,4125,743.5,1493.0,1548.75,C:\w\px094_soc_workload_20261001\wilson_15_pair_plus_current_OR_a4_m30.npz,50ab5b2113554c0ce894a15ce158f5d257399192d0e6a6211702658405766e49,1,1,0,0,1,1,0,0,1,1,0,0
wilson_15_pair_full_OR,wilson,15,pair,full_OR,62851,1751,61100,4611,161,4450,332,0,151,1644365700.0,C:\w\px094_soc_workload_20261001\wilson_15_pair_full_OR_cases.npz,74b280e3be56dc669ca4fc10b20921f6c9a9406294448a488923b4f22a1c8a19,1,5,384.25,561,4050,479.3333333333333,988.2083333333334,1018.25,C:\w\px094_soc_workload_20261001\wilson_15_pair_full_OR_a1_m5.npz,5291a3b5f7eb9759cde7d05df8c7ff4112e48e45c6d3dcc68c37f5bdceced077,1,1,0,0,1,1,0,0,1,1,0,0
wilson_15_pair_full_OR,wilson,15,pair,full_OR,62851,1751,61100,4611,161,4450,332,0,151,1644365700.0,C:\w\px094_soc_workload_20261001\wilson_15_pair_full_OR_cases.npz,74b280e3be56dc669ca4fc10b20921f6c9a9406294448a488923b4f22a1c8a19,1,15,1152.75,192,4419,1630.25,3172.875,3321.5,C:\w\px094_soc_workload_20261001\wilson_15_pair_full_OR_a1_m15.npz,257c9b762c0bc3e125aebd195fc29ddce641d7d41f40eb3781b4dfd20324ab36,1,1,0,0,1,1,0,0,1,1,0,0
wilson_15_pair_full_OR,wilson,15,pair,full_OR,62851,1751,61100,4611,161,4450,332,0,151,1644365700.0,C:\w\px094_soc_workload_20261001\wilson_15_pair_full_OR_cases.npz,74b280e3be56dc669ca4fc10b20921f6c9a9406294448a488923b4f22a1c8a19,1,30,2305.5,96,4515,3358.5,6459.75,6778.25,C:\w\px094_soc_workload_20261001\wilson_15_pair_full_OR_a1_m30.npz,1ba99a65292788dbf70620778c4b1c3f828bcec178e46712d61bdaae89696ee3,1,1,0,0,1,1,0,0,1,1,0,0
wilson_15_pair_full_OR,wilson,15,pair,full_OR,62851,1751,61100,4611,161,4450,332,0,151,1644365700.0,C:\w\px094_soc_workload_20261001\wilson_15_pair_full_OR_cases.npz,74b280e3be56dc669ca4fc10b20921f6c9a9406294448a488923b4f22a1c8a19,2,5,384.25,770,3841,221.91666666666666,484.1666666666667,488.8333333333333,C:\w\px094_soc_workload_20261001\wilson_15_pair_full_OR_a2_m5.npz,22d1dff14b5ef3295354f6f8288902ce1ace157ebe259d5c619c2841df780d76,1,1,0,0,1,1,0,0,1,1,0,0
wilson_15_pair_full_OR,wilson,15,pair,full_OR,62851,1751,61100,4611,161,4450,332,0,151,1644365700.0,C:\w\px094_soc_workload_20261001\wilson_15_pair_full_OR_cases.npz,74b280e3be56dc669ca4fc10b20921f6c9a9406294448a488923b4f22a1c8a19,2,15,1152.75,384,4227,766.0,1537.375,1593.25,C:\w\px094_soc_workload_20261001\wilson_15_pair_full_OR_a2_m15.npz,ed4c17dacd90dd5b236a8d6091c3c87dd16f008555f8acb7b89b1de83171bb70,1,1,0,0,1,1,0,0,1,1,0,0
wilson_15_pair_full_OR,wilson,15,pair,full_OR,62851,1751,61100,4611,161,4450,332,0,151,1644365700.0,C:\w\px094_soc_workload_20261001\wilson_15_pair_full_OR_cases.npz,74b280e3be56dc669ca4fc10b20921f6c9a9406294448a488923b4f22a1c8a19,2,30,2305.5,192,4419,1630.0,3172.75,3321.75,C:\w\px094_soc_workload_20261001\wilson_15_pair_full_OR_a2_m30.npz,7a8cf517e15c95962c6f032fa4020312e65563320227d9657fa800ce9f397696,1,1,0,0,1,1,0,0,1,1,0,0
wilson_15_pair_full_OR,wilson,15,pair,full_OR,62851,1751,61100,4611,161,4450,332,0,151,1644365700.0,C:\w\px094_soc_workload_20261001\wilson_15_pair_full_OR_cases.npz,74b280e3be56dc669ca4fc10b20921f6c9a9406294448a488923b4f22a1c8a19,4,5,384.25,1106,3505,118.91666666666667,241.91666666666666,225.83333333333334,C:\w\px094_soc_workload_20261001\wilson_15_pair_full_OR_a4_m5.npz,ef3389f280c4aba7eccddcbac440ab1e58770f8491b850f7a071ada74e41443c,1,1,0,0,1,1,0,0,1,1,0,0
wilson_15_pair_full_OR,wilson,15,pair,full_OR,62851,1751,61100,4611,161,4450,332,0,151,1644365700.0,C:\w\px094_soc_workload_20261001\wilson_15_pair_full_OR_cases.npz,74b280e3be56dc669ca4fc10b20921f6c9a9406294448a488923b4f22a1c8a19,4,15,1152.75,658,3953,340.75,742.25,736.0,C:\w\px094_soc_workload_20261001\wilson_15_pair_full_OR_a4_m15.npz,0882489fba1e1fcbc669163c1d3d1b57f7d09ae15f19c86fd9b32f16c2baa626,1,1,0,0,1,1,0,0,1,1,0,0
wilson_15_pair_full_OR,wilson,15,pair,full_OR,62851,1751,61100,4611,161,4450,332,0,151,1644365700.0,C:\w\px094_soc_workload_20261001\wilson_15_pair_full_OR_cases.npz,74b280e3be56dc669ca4fc10b20921f6c9a9406294448a488923b4f22a1c8a19,4,30,2305.5,384,4227,766.0,1537.25,1593.25,C:\w\px094_soc_workload_20261001\wilson_15_pair_full_OR_a4_m30.npz,5633b9a7309aad5852a5de77922c6bee3b77518e0d189617566a2ebdd03a8d62,1,1,0,0,1,1,0,0,1,1,0,0
wilson_15_source_base_mean,wilson,15,source,base_mean,60510,53,60457,339,2,337,332,0,-2,1644365700.0,C:\w\px094_soc_workload_20261001\wilson_15_source_base_mean_cases.npz,b47c49385e511e8a82cfb92035934fa1e17624c28ecbd972c963d84eed12e56b,1,5,28.25,339,0,7.166666666666667,15.166666666666666,0.0,C:\w\px094_soc_workload_20261001\wilson_15_source_base_mean_a1_m5.npz,cf3b8b356f866757b97552cbeb14289d50334a006c99974284ab9a3be28e6369,1,1,0,0,1,1,0,0,1,1,0,0
wilson_15_source_base_mean,wilson,15,source,base_mean,60510,53,60457,339,2,337,332,0,-2,1644365700.0,C:\w\px094_soc_workload_20261001\wilson_15_source_base_mean_cases.npz,b47c49385e511e8a82cfb92035934fa1e17624c28ecbd972c963d84eed12e56b,1,15,84.75,192,147,88.75,152.75,109.5,C:\w\px094_soc_workload_20261001\wilson_15_source_base_mean_a1_m15.npz,8c853adc12fcf5cca84a5fa0c97053c501cf36d51740cb56b68cec0a9ddda8f0,1,1,0,0,1,1,0,0,1,1,0,0
wilson_15_source_base_mean,wilson,15,source,base_mean,60510,53,60457,339,2,337,332,0,-2,1644365700.0,C:\w\px094_soc_workload_20261001\wilson_15_source_base_mean_cases.npz,b47c49385e511e8a82cfb92035934fa1e17624c28ecbd972c963d84eed12e56b,1,30,169.5,96,243,211.0,392.275,370.25,C:\w\px094_soc_workload_20261001\wilson_15_source_base_mean_a1_m30.npz,4ea55df5f944000631ce03fe4bbe5d076abb4511bcefaf44551ce414e3fe942c,1,1,0,0,1,1,0,0,1,1,0,0
wilson_15_source_base_mean,wilson,15,source,base_mean,60510,53,60457,339,2,337,332,0,-2,1644365700.0,C:\w\px094_soc_workload_20261001\wilson_15_source_base_mean_cases.npz,b47c49385e511e8a82cfb92035934fa1e17624c28ecbd972c963d84eed12e56b,2,5,28.25,339,0,5.416666666666667,14.916666666666666,0.0,C:\w\px094_soc_workload_20261001\wilson_15_source_base_mean_a2_m5.npz,801940a995c3363b428e32881116cb39acf5454b5a102c0e48b17ccc42d9a219,1,1,0,0,1,1,0,0,1,1,0,0
wilson_15_source_base_mean,wilson,15,source,base_mean,60510,53,60457,339,2,337,332,0,-2,1644365700.0,C:\w\px094_soc_workload_20261001\wilson_15_source_base_mean_cases.npz,b47c49385e511e8a82cfb92035934fa1e17624c28ecbd972c963d84eed12e56b,2,15,84.75,339,0,22.0,40.25,0.0,C:\w\px094_soc_workload_20261001\wilson_15_source_base_mean_a2_m15.npz,65d1afd440ad313a00826c0690d401147b3072a7e03c8312659fba012594bd5a,1,1,0,0,1,1,0,0,1,1,0,0
wilson_15_source_base_mean,wilson,15,source,base_mean,60510,53,60457,339,2,337,332,0,-2,1644365700.0,C:\w\px094_soc_workload_20261001\wilson_15_source_base_mean_cases.npz,b47c49385e511e8a82cfb92035934fa1e17624c28ecbd972c963d84eed12e56b,2,30,169.5,192,147,88.5,152.75,109.75,C:\w\px094_soc_workload_20261001\wilson_15_source_base_mean_a2_m30.npz,721cb04febb2c59cd5e29098c61099db01bc9274643c1d62f89139862e487002,1,1,0,0,1,1,0,0,1,1,0,0
wilson_15_source_base_mean,wilson,15,source,base_mean,60510,53,60457,339,2,337,332,0,-2,1644365700.0,C:\w\px094_soc_workload_20261001\wilson_15_source_base_mean_cases.npz,b47c49385e511e8a82cfb92035934fa1e17624c28ecbd972c963d84eed12e56b,4,5,28.25,339,0,4.5,14.833333333333334,0.0,C:\w\px094_soc_workload_20261001\wilson_15_source_base_mean_a4_m5.npz,d8c40b789714e7c9b8ea8acb6cf4b039fcb245c3f9490ec7edd878445e3c7a3d,1,1,0,0,1,1,0,0,1,1,0,0
wilson_15_source_base_mean,wilson,15,source,base_mean,60510,53,60457,339,2,337,332,0,-2,1644365700.0,C:\w\px094_soc_workload_20261001\wilson_15_source_base_mean_cases.npz,b47c49385e511e8a82cfb92035934fa1e17624c28ecbd972c963d84eed12e56b,4,15,84.75,339,0,6.25,15.0,0.0,C:\w\px094_soc_workload_20261001\wilson_15_source_base_mean_a4_m15.npz,3ac51870901f23dd3130f2238195cc620eb3d52ce171f2a3b6596fcf454df200,1,1,0,0,1,1,0,0,1,1,0,0
wilson_15_source_base_mean,wilson,15,source,base_mean,60510,53,60457,339,2,337,332,0,-2,1644365700.0,C:\w\px094_soc_workload_20261001\wilson_15_source_base_mean_cases.npz,b47c49385e511e8a82cfb92035934fa1e17624c28ecbd972c963d84eed12e56b,4,30,169.5,339,0,21.75,40.02499999999999,0.0,C:\w\px094_soc_workload_20261001\wilson_15_source_base_mean_a4_m30.npz,dfca0bb1be64a19e7ac343697cff579aa4e29d106a3cb97afc2de5f235d24d12,1,1,0,0,1,1,0,0,1,1,0,0
wilson_15_source_base_OR,wilson,15,source,base_OR,60535,54,60481,341,3,338,332,0,0,1644365700.0,C:\w\px094_soc_workload_20261001\wilson_15_source_base_OR_cases.npz,73dfc049cd2bf69e883fddd22daa8ad4f9fada916ba41f5052a71416873d19d2,1,5,28.416666666666668,341,0,7.166666666666667,15.166666666666666,0.0,C:\w\px094_soc_workload_20261001\wilson_15_source_base_OR_a1_m5.npz,35516041ad37193a238ab025755147e8729d607a22203ee7dd502109a6ac2a46,1,1,0,0,1,1,0,0,1,1,0,0
wilson_15_source_base_OR,wilson,15,source,base_OR,60535,54,60481,341,3,338,332,0,0,1644365700.0,C:\w\px094_soc_workload_20261001\wilson_15_source_base_OR_cases.npz,73dfc049cd2bf69e883fddd22daa8ad4f9fada916ba41f5052a71416873d19d2,1,15,85.25,192,149,89.0,153.0,110.0,C:\w\px094_soc_workload_20261001\wilson_15_source_base_OR_a1_m15.npz,86f4952db933762d30ad3fa01f2afe3832de8fef7e4b87b6e4a60eb825ddbf61,1,1,0,0,1,1,0,0,1,1,0,0
wilson_15_source_base_OR,wilson,15,source,base_OR,60535,54,60481,341,3,338,332,0,0,1644365700.0,C:\w\px094_soc_workload_20261001\wilson_15_source_base_OR_cases.npz,73dfc049cd2bf69e883fddd22daa8ad4f9fada916ba41f5052a71416873d19d2,1,30,170.5,96,245,211.5,406.0,371.25,C:\w\px094_soc_workload_20261001\wilson_15_source_base_OR_a1_m30.npz,5fd9510b14ce7360c519007b2ebb11e0664e08ade12b49e4ff271715caafa01d,1,1,0,0,1,1,0,0,1,1,0,0
wilson_15_source_base_OR,wilson,15,source,base_OR,60535,54,60481,341,3,338,332,0,0,1644365700.0,C:\w\px094_soc_workload_20261001\wilson_15_source_base_OR_cases.npz,73dfc049cd2bf69e883fddd22daa8ad4f9fada916ba41f5052a71416873d19d2,2,5,28.416666666666668,341,0,5.333333333333333,14.916666666666666,0.0,C:\w\px094_soc_workload_20261001\wilson_15_source_base_OR_a2_m5.npz,6e91acb7f762588f841eade9b9ef9513120febfda8f58c226f2ccf88dba26cac,1,1,0,0,1,1,0,0,1,1,0,0
wilson_15_source_base_OR,wilson,15,source,base_OR,60535,54,60481,341,3,338,332,0,0,1644365700.0,C:\w\px094_soc_workload_20261001\wilson_15_source_base_OR_cases.npz,73dfc049cd2bf69e883fddd22daa8ad4f9fada916ba41f5052a71416873d19d2,2,15,85.25,341,0,22.25,40.5,0.0,C:\w\px094_soc_workload_20261001\wilson_15_source_base_OR_a2_m15.npz,4327673dda2a192981aefbc0ae2d5f22c4e4624891726947bb2239a2c53b423c,1,1,0,0,1,1,0,0,1,1,0,0
wilson_15_source_base_OR,wilson,15,source,base_OR,60535,54,60481,341,3,338,332,0,0,1644365700.0,C:\w\px094_soc_workload_20261001\wilson_15_source_base_OR_cases.npz,73dfc049cd2bf69e883fddd22daa8ad4f9fada916ba41f5052a71416873d19d2,2,30,170.5,192,149,88.75,153.0,110.25,C:\w\px094_soc_workload_20261001\wilson_15_source_base_OR_a2_m30.npz,e771aa24936c36314e2493d0f96bfb268ed94f6ef4eeba2c95c923df2f33daf5,1,1,0,0,1,1,0,0,1,1,0,0
wilson_15_source_base_OR,wilson,15,source,base_OR,60535,54,60481,341,3,338,332,0,0,1644365700.0,C:\w\px094_soc_workload_20261001\wilson_15_source_base_OR_cases.npz,73dfc049cd2bf69e883fddd22daa8ad4f9fada916ba41f5052a71416873d19d2,4,5,28.416666666666668,341,0,4.5,14.833333333333334,0.0,C:\w\px094_soc_workload_20261001\wilson_15_source_base_OR_a4_m5.npz,68f3ee3d9924bb799a7a873b7cf5ea42dad15c269c2b6af1005aac3972a8f8f2,1,1,0,0,1,1,0,0,1,1,0,0
wilson_15_source_base_OR,wilson,15,source,base_OR,60535,54,60481,341,3,338,332,0,0,1644365700.0,C:\w\px094_soc_workload_20261001\wilson_15_source_base_OR_cases.npz,73dfc049cd2bf69e883fddd22daa8ad4f9fada916ba41f5052a71416873d19d2,4,15,85.25,341,0,6.25,15.0,0.0,C:\w\px094_soc_workload_20261001\wilson_15_source_base_OR_a4_m15.npz,182c897e300bf070772560f8d5f44e8df613266046f46304af4b1e010813b2dc,1,1,0,0,1,1,0,0,1,1,0,0
wilson_15_source_base_OR,wilson,15,source,base_OR,60535,54,60481,341,3,338,332,0,0,1644365700.0,C:\w\px094_soc_workload_20261001\wilson_15_source_base_OR_cases.npz,73dfc049cd2bf69e883fddd22daa8ad4f9fada916ba41f5052a71416873d19d2,4,30,170.5,341,0,22.25,40.5,0.0,C:\w\px094_soc_workload_20261001\wilson_15_source_base_OR_a4_m30.npz,caadb89b553cb0fc218d3535faec642830875d80914efb95b39b5d99ca3a1768,1,1,0,0,1,1,0,0,1,1,0,0
wilson_15_source_plus_current_OR,wilson,15,source,plus_current_OR,60636,104,60532,381,41,340,332,0,40,1644365700.0,C:\w\px094_soc_workload_20261001\wilson_15_source_plus_current_OR_cases.npz,2c4a7b85d5a07ee550c8e699f01bc8c3d3a7cc2ec027a23d6104f15e99457e75,1,5,31.75,378,3,8.833333333333334,18.083333333333332,9.0,C:\w\px094_soc_workload_20261001\wilson_15_source_plus_current_OR_a1_m5.npz,29b58cbce41b4aab8a7e336e466bd882354b048f4bc1740211e0ccd01385e41b,1,1,0,0,1,1,0,0,1,1,0,0
wilson_15_source_plus_current_OR,wilson,15,source,plus_current_OR,60636,104,60532,381,41,340,332,0,40,1644365700.0,C:\w\px094_soc_workload_20261001\wilson_15_source_plus_current_OR_cases.npz,2c4a7b85d5a07ee550c8e699f01bc8c3d3a7cc2ec027a23d6104f15e99457e75,1,15,95.25,192,189,94.25,174.75,136.0,C:\w\px094_soc_workload_20261001\wilson_15_source_plus_current_OR_a1_m15.npz,b7822fe227a18af3150f6bbc073cf13378e3d030ccf84ad52eb5adb3c5314487,1,1,0,0,1,1,0,0,1,1,0,0
wilson_15_source_plus_current_OR,wilson,15,source,plus_current_OR,60636,104,60532,381,41,340,332,0,40,1644365700.0,C:\w\px094_soc_workload_20261001\wilson_15_source_plus_current_OR_cases.npz,2c4a7b85d5a07ee550c8e699f01bc8c3d3a7cc2ec027a23d6104f15e99457e75,1,30,190.5,96,285,237.75,438.5,423.25,C:\w\px094_soc_workload_20261001\wilson_15_source_plus_current_OR_a1_m30.npz,5a4ec3b0181a527145ee328c0ac1272af4e3f51975a606cca75a2c8d8562894a,1,1,0,0,1,1,0,0,1,1,0,0
wilson_15_source_plus_current_OR,wilson,15,source,plus_current_OR,60636,104,60532,381,41,340,332,0,40,1644365700.0,C:\w\px094_soc_workload_20261001\wilson_15_source_plus_current_OR_cases.npz,2c4a7b85d5a07ee550c8e699f01bc8c3d3a7cc2ec027a23d6104f15e99457e75,2,5,31.75,378,3,5.166666666666667,14.916666666666666,8.916666666666666,C:\w\px094_soc_workload_20261001\wilson_15_source_plus_current_OR_a2_m5.npz,630595a4535a7c2c32dd931ccf2be98d4834a052a65d4f8fbf08539772f59267,1,1,0,0,1,1,0,0,1,1,0,0
wilson_15_source_plus_current_OR,wilson,15,source,plus_current_OR,60636,104,60532,381,41,340,332,0,40,1644365700.0,C:\w\px094_soc_workload_20261001\wilson_15_source_plus_current_OR_cases.npz,2c4a7b85d5a07ee550c8e699f01bc8c3d3a7cc2ec027a23d6104f15e99457e75,2,15,95.25,378,3,27.25,52.25,9.25,C:\w\px094_soc_workload_20261001\wilson_15_source_plus_current_OR_a2_m15.npz,3867d5617842b815beae81a2c9b4b550a225946a4996c24a5bfdf0397fa62c26,1,1,0,0,1,1,0,0,1,1,0,0
wilson_15_source_plus_current_OR,wilson,15,source,plus_current_OR,60636,104,60532,381,41,340,332,0,40,1644365700.0,C:\w\px094_soc_workload_20261001\wilson_15_source_plus_current_OR_cases.npz,2c4a7b85d5a07ee550c8e699f01bc8c3d3a7cc2ec027a23d6104f15e99457e75,2,30,190.5,192,189,94.25,174.75,136.25,C:\w\px094_soc_workload_20261001\wilson_15_source_plus_current_OR_a2_m30.npz,c7ecfce33ce973280c2a77fa67536ecb1c7a22b2a3c5eecd132312b75ba11d3a,1,1,0,0,1,1,0,0,1,1,0,0
wilson_15_source_plus_current_OR,wilson,15,source,plus_current_OR,60636,104,60532,381,41,340,332,0,40,1644365700.0,C:\w\px094_soc_workload_20261001\wilson_15_source_plus_current_OR_cases.npz,2c4a7b85d5a07ee550c8e699f01bc8c3d3a7cc2ec027a23d6104f15e99457e75,4,5,31.75,378,3,4.166666666666667,14.833333333333334,8.833333333333334,C:\w\px094_soc_workload_20261001\wilson_15_source_plus_current_OR_a4_m5.npz,380fd2d4267c5a41e0a9f58a1373afd8eda53980458b865c0c8b32e0cec39e1c,1,1,0,0,1,1,0,0,1,1,0,0
wilson_15_source_plus_current_OR,wilson,15,source,plus_current_OR,60636,104,60532,381,41,340,332,0,40,1644365700.0,C:\w\px094_soc_workload_20261001\wilson_15_source_plus_current_OR_cases.npz,2c4a7b85d5a07ee550c8e699f01bc8c3d3a7cc2ec027a23d6104f15e99457e75,4,15,95.25,378,3,6.0,15.0,9.0,C:\w\px094_soc_workload_20261001\wilson_15_source_plus_current_OR_a4_m15.npz,f622f53f57868a8b1220324b1994973d9ef05be8101d00826bcd043e6a0efea9,1,1,0,0,1,1,0,0,1,1,0,0
wilson_15_source_plus_current_OR,wilson,15,source,plus_current_OR,60636,104,60532,381,41,340,332,0,40,1644365700.0,C:\w\px094_soc_workload_20261001\wilson_15_source_plus_current_OR_cases.npz,2c4a7b85d5a07ee550c8e699f01bc8c3d3a7cc2ec027a23d6104f15e99457e75,4,30,190.5,378,3,27.0,52.25,9.25,C:\w\px094_soc_workload_20261001\wilson_15_source_plus_current_OR_a4_m30.npz,a4dada10b388631130b043b1f37aca2c173b00e52b03b6cde85b9e6c7f8242b4,1,1,0,0,1,1,0,0,1,1,0,0
wilson_15_source_full_OR,wilson,15,source,full_OR,62851,1751,61100,447,106,341,332,0,106,1644365700.0,C:\w\px094_soc_workload_20261001\wilson_15_source_full_OR_cases.npz,08e6156417e47e9ee1a1563b33fc738a378a9a3b2883e4807ea4d67d8be9ed92,1,5,37.25,444,3,13.916666666666666,29.166666666666668,9.0,C:\w\px094_soc_workload_20261001\wilson_15_source_full_OR_a1_m5.npz,19942d6df9aafa2e8f2e7ed71c591352c101e09a98a2e70c8f3f7695f3034e5f,1,1,0,0,1,1,0,0,1,1,0,0
wilson_15_source_full_OR,wilson,15,source,full_OR,62851,1751,61100,447,106,341,332,0,106,1644365700.0,C:\w\px094_soc_workload_20261001\wilson_15_source_full_OR_cases.npz,08e6156417e47e9ee1a1563b33fc738a378a9a3b2883e4807ea4d67d8be9ed92,1,15,111.75,192,255,115.0,222.25,184.5,C:\w\px094_soc_workload_20261001\wilson_15_source_full_OR_a1_m15.npz,52f912cf9ed00265ddabda99ffaa1fcb30c41d5da34727b74c97d77725466c87,1,1,0,0,1,1,0,0,1,1,0,0
wilson_15_source_full_OR,wilson,15,source,full_OR,62851,1751,61100,447,106,341,332,0,106,1644365700.0,C:\w\px094_soc_workload_20261001\wilson_15_source_full_OR_cases.npz,08e6156417e47e9ee1a1563b33fc738a378a9a3b2883e4807ea4d67d8be9ed92,1,30,223.5,96,351,282.75,532.675,520.25,C:\w\px094_soc_workload_20261001\wilson_15_source_full_OR_a1_m30.npz,51df9d3dc39688c04df85e334835f6adb303913507676a1431b0143c900ec8e9,1,1,0,0,1,1,0,0,1,1,0,0
wilson_15_source_full_OR,wilson,15,source,full_OR,62851,1751,61100,447,106,341,332,0,106,1644365700.0,C:\w\px094_soc_workload_20261001\wilson_15_source_full_OR_cases.npz,08e6156417e47e9ee1a1563b33fc738a378a9a3b2883e4807ea4d67d8be9ed92,2,5,37.25,444,3,6.583333333333333,15.141666666666667,8.916666666666666,C:\w\px094_soc_workload_20261001\wilson_15_source_full_OR_a2_m5.npz,2d2512c188e4df2d46e5338fabba2f8b237ea8c8c48dfe6f3d9c30147a229a3e,1,1,0,0,1,1,0,0,1,1,0,0
wilson_15_source_full_OR,wilson,15,source,full_OR,62851,1751,61100,447,106,341,332,0,106,1644365700.0,C:\w\px094_soc_workload_20261001\wilson_15_source_full_OR_cases.npz,08e6156417e47e9ee1a1563b33fc738a378a9a3b2883e4807ea4d67d8be9ed92,2,15,111.75,384,63,37.75,75.5,16.75,C:\w\px094_soc_workload_20261001\wilson_15_source_full_OR_a2_m15.npz,89aacb5de088f6af684811df0f34037bd823bf0b0038c3074e106b381a8c0140,1,1,0,0,1,1,0,0,1,1,0,0
wilson_15_source_full_OR,wilson,15,source,full_OR,62851,1751,61100,447,106,341,332,0,106,1644365700.0,C:\w\px094_soc_workload_20261001\wilson_15_source_full_OR_cases.npz,08e6156417e47e9ee1a1563b33fc738a378a9a3b2883e4807ea4d67d8be9ed92,2,30,223.5,192,255,115.0,222.0,184.75,C:\w\px094_soc_workload_20261001\wilson_15_source_full_OR_a2_m30.npz,c7df778360c08d70394010faba31f2815f201bd0167a5fa047f19206457b2e0d,1,1,0,0,1,1,0,0,1,1,0,0
wilson_15_source_full_OR,wilson,15,source,full_OR,62851,1751,61100,447,106,341,332,0,106,1644365700.0,C:\w\px094_soc_workload_20261001\wilson_15_source_full_OR_cases.npz,08e6156417e47e9ee1a1563b33fc738a378a9a3b2883e4807ea4d67d8be9ed92,4,5,37.25,444,3,5.166666666666667,15.033333333333331,8.833333333333334,C:\w\px094_soc_workload_20261001\wilson_15_source_full_OR_a4_m5.npz,d85c9b47af9e53f811030b6fe52ba1217a4c61bd529beefb6a269979a5662a9f,1,1,0,0,1,1,0,0,1,1,0,0
wilson_15_source_full_OR,wilson,15,source,full_OR,62851,1751,61100,447,106,341,332,0,106,1644365700.0,C:\w\px094_soc_workload_20261001\wilson_15_source_full_OR_cases.npz,08e6156417e47e9ee1a1563b33fc738a378a9a3b2883e4807ea4d67d8be9ed92,4,15,111.75,444,3,7.75,15.25,9.0,C:\w\px094_soc_workload_20261001\wilson_15_source_full_OR_a4_m15.npz,c5e9288a6a867b11b7afc382ad4d76e8361d5ba2223d5001f4c8b695c57d11c3,1,1,0,0,1,1,0,0,1,1,0,0
wilson_15_source_full_OR,wilson,15,source,full_OR,62851,1751,61100,447,106,341,332,0,106,1644365700.0,C:\w\px094_soc_workload_20261001\wilson_15_source_full_OR_cases.npz,08e6156417e47e9ee1a1563b33fc738a378a9a3b2883e4807ea4d67d8be9ed92,4,30,223.5,384,63,37.75,75.5,16.75,C:\w\px094_soc_workload_20261001\wilson_15_source_full_OR_a4_m30.npz,e9a4dbac619f95d2ecc956274b47614f038116f6f6e1bc1c3daa9882ff6136ea,1,1,0,0,1,1,0,0,1,1,0,0
wilson_60_pair_base_mean,wilson,60,pair,base_mean,60510,53,60457,4205,14,4191,83,0,-2,1644368400.0,C:\w\px094_soc_workload_20261001\wilson_60_pair_base_mean_cases.npz,241adffcc70a69835ff7e7363167fdafa8a407d89cf7fc96c2b95a8991b5588a,1,5,350.4166666666667,252,3953,504.1666666666667,965.8166666666667,993.4166666666666,C:\w\px094_soc_workload_20261001\wilson_60_pair_base_mean_a1_m5.npz,8c630e1724c2fb600cc760f7e5b6242d7f1d8491f87b23c3a09385c810ac7558,1,1,0,0,1,1,0,0,1,1,0,0
wilson_60_pair_base_mean,wilson,60,pair,base_mean,60510,53,60457,4205,14,4191,83,0,-2,1644368400.0,C:\w\px094_soc_workload_20261001\wilson_60_pair_base_mean_cases.npz,241adffcc70a69835ff7e7363167fdafa8a407d89cf7fc96c2b95a8991b5588a,1,15,1051.25,140,4065,1512.5,2929.45,3056.25,C:\w\px094_soc_workload_20261001\wilson_60_pair_base_mean_a1_m15.npz,e6891b0d8ad6ebbcceb0965d1371d4d2f860b64ac2597e5a8eae36a761f67e98,1,1,0,0,1,1,0,0,1,1,0,0
wilson_60_pair_base_mean,wilson,60,pair,base_mean,60510,53,60457,4205,14,4191,83,0,-2,1644368400.0,C:\w\px094_soc_workload_20261001\wilson_60_pair_base_mean_cases.npz,241adffcc70a69835ff7e7363167fdafa8a407d89cf7fc96c2b95a8991b5588a,1,30,2102.5,96,4109,3049.0,5882.9,6158.5,C:\w\px094_soc_workload_20261001\wilson_60_pair_base_mean_a1_m30.npz,21269e373d91a50e9e293acdd40e93835ed61e922d36b806002723623ff3f12a,1,1,0,0,1,1,0,0,1,1,0,0
wilson_60_pair_base_mean,wilson,60,pair,base_mean,60510,53,60457,4205,14,4191,83,0,-2,1644368400.0,C:\w\px094_soc_workload_20261001\wilson_60_pair_base_mean_cases.npz,241adffcc70a69835ff7e7363167fdafa8a407d89cf7fc96c2b95a8991b5588a,2,5,350.4166666666667,420,3785,244.08333333333334,482.9,469.75,C:\w\px094_soc_workload_20261001\wilson_60_pair_base_mean_a2_m5.npz,7c536029b4811faacf2ddcef4477d93798674af05ac3113959caf7c0231734d8,1,1,0,0,1,1,0,0,1,1,0,0
wilson_60_pair_base_mean,wilson,60,pair,base_mean,60510,53,60457,4205,14,4191,83,0,-2,1644368400.0,C:\w\px094_soc_workload_20261001\wilson_60_pair_base_mean_cases.npz,241adffcc70a69835ff7e7363167fdafa8a407d89cf7fc96c2b95a8991b5588a,2,15,1051.25,196,4009,748.25,1464.7,1501.25,C:\w\px094_soc_workload_20261001\wilson_60_pair_base_mean_a2_m15.npz,ccd6b9fa5d6e007e8d049f678cc3558e2220cbf42cd513824083f1c82366d1dd,1,1,0,0,1,1,0,0,1,1,0,0
wilson_60_pair_base_mean,wilson,60,pair,base_mean,60510,53,60457,4205,14,4191,83,0,-2,1644368400.0,C:\w\px094_soc_workload_20261001\wilson_60_pair_base_mean_cases.npz,241adffcc70a69835ff7e7363167fdafa8a407d89cf7fc96c2b95a8991b5588a,2,30,2102.5,140,4065,1512.5,2929.4,3056.5,C:\w\px094_soc_workload_20261001\wilson_60_pair_base_mean_a2_m30.npz,e39954469060a0115f7b78165091005c99c509301d0ac97fd69a73034d24b30f,1,1,0,0,1,1,0,0,1,1,0,0
wilson_60_pair_base_mean,wilson,60,pair,base_mean,60510,53,60457,4205,14,4191,83,0,-2,1644368400.0,C:\w\px094_soc_workload_20261001\wilson_60_pair_base_mean_cases.npz,241adffcc70a69835ff7e7363167fdafa8a407d89cf7fc96c2b95a8991b5588a,4,5,350.4166666666667,756,3449,122.0,241.41666666666666,207.91666666666666,C:\w\px094_soc_workload_20261001\wilson_60_pair_base_mean_a4_m5.npz,fb08aa32e5aa8decccd2ffddb830ad13ad5a7f3f91a8a5e84987551c851eb567,1,1,0,0,1,1,0,0,1,1,0,0
wilson_60_pair_base_mean,wilson,60,pair,base_mean,60510,53,60457,4205,14,4191,83,0,-2,1644368400.0,C:\w\px094_soc_workload_20261001\wilson_60_pair_base_mean_cases.npz,241adffcc70a69835ff7e7363167fdafa8a407d89cf7fc96c2b95a8991b5588a,4,15,1051.25,308,3897,382.0,724.25,731.75,C:\w\px094_soc_workload_20261001\wilson_60_pair_base_mean_a4_m15.npz,6133c57ce7153d6be24c828aa5c89350435b4e7009148d9a7e480aad7355f25a,1,1,0,0,1,1,0,0,1,1,0,0
wilson_60_pair_base_mean,wilson,60,pair,base_mean,60510,53,60457,4205,14,4191,83,0,-2,1644368400.0,C:\w\px094_soc_workload_20261001\wilson_60_pair_base_mean_cases.npz,241adffcc70a69835ff7e7363167fdafa8a407d89cf7fc96c2b95a8991b5588a,4,30,2102.5,196,4009,748.0,1464.5,1501.5,C:\w\px094_soc_workload_20261001\wilson_60_pair_base_mean_a4_m30.npz,95e3a52871505c4ae6cbd81bfa1698348a80ddc3cca483c1e298b944436c9bb1,1,1,0,0,1,1,0,0,1,1,0,0
wilson_60_pair_base_OR,wilson,60,pair,base_OR,60535,54,60481,4207,15,4192,83,0,0,1644368400.0,C:\w\px094_soc_workload_20261001\wilson_60_pair_base_OR_cases.npz,1c40d7eae1ab149541b75fb9a796ce781122cb7cd5256d02ea19dca8372af895,1,5,350.5833333333333,253,3954,504.1666666666667,965.8916666666667,993.5,C:\w\px094_soc_workload_20261001\wilson_60_pair_base_OR_a1_m5.npz,13a26d8b482ffc160eae1d353a51a3a8fee2e2a1fd2f039a12d441c18d5d2c61,1,1,0,0,1,1,0,0,1,1,0,0
wilson_60_pair_base_OR,wilson,60,pair,base_OR,60535,54,60481,4207,15,4192,83,0,0,1644368400.0,C:\w\px094_soc_workload_20261001\wilson_60_pair_base_OR_cases.npz,1c40d7eae1ab149541b75fb9a796ce781122cb7cd5256d02ea19dca8372af895,1,15,1051.75,141,4066,1512.5,2929.675,3056.5,C:\w\px094_soc_workload_20261001\wilson_60_pair_base_OR_a1_m15.npz,016332bf47d3384aefcbe49358783fa7acbe368bf59e938ec27b2a74d3cb96a6,1,1,0,0,1,1,0,0,1,1,0,0
wilson_60_pair_base_OR,wilson,60,pair,base_OR,60535,54,60481,4207,15,4192,83,0,0,1644368400.0,C:\w\px094_soc_workload_20261001\wilson_60_pair_base_OR_cases.npz,1c40d7eae1ab149541b75fb9a796ce781122cb7cd5256d02ea19dca8372af895,1,30,2103.5,96,4111,3049.5,5883.85,6159.5,C:\w\px094_soc_workload_20261001\wilson_60_pair_base_OR_a1_m30.npz,320fe129031af00591c3b58c7eb7af1419bc76744a61573bc97b91729bed24f1,1,1,0,0,1,1,0,0,1,1,0,0
wilson_60_pair_base_OR,wilson,60,pair,base_OR,60535,54,60481,4207,15,4192,83,0,0,1644368400.0,C:\w\px094_soc_workload_20261001\wilson_60_pair_base_OR_cases.npz,1c40d7eae1ab149541b75fb9a796ce781122cb7cd5256d02ea19dca8372af895,2,5,350.5833333333333,421,3786,244.08333333333334,482.9166666666667,469.75,C:\w\px094_soc_workload_20261001\wilson_60_pair_base_OR_a2_m5.npz,59aa69fd7db2fcca668ee59ea3f288c8ff67abe07199b78855fdf02ae66661f8,1,1,0,0,1,1,0,0,1,1,0,0
wilson_60_pair_base_OR,wilson,60,pair,base_OR,60535,54,60481,4207,15,4192,83,0,0,1644368400.0,C:\w\px094_soc_workload_20261001\wilson_60_pair_base_OR_cases.npz,1c40d7eae1ab149541b75fb9a796ce781122cb7cd5256d02ea19dca8372af895,2,15,1051.75,197,4010,748.25,1464.75,1501.25,C:\w\px094_soc_workload_20261001\wilson_60_pair_base_OR_a2_m15.npz,32c177b5a8c7d68f9cbf05b39db5d08144c92f5ca489f565ff3ad10f32f162e8,1,1,0,0,1,1,0,0,1,1,0,0
wilson_60_pair_base_OR,wilson,60,pair,base_OR,60535,54,60481,4207,15,4192,83,0,0,1644368400.0,C:\w\px094_soc_workload_20261001\wilson_60_pair_base_OR_cases.npz,1c40d7eae1ab149541b75fb9a796ce781122cb7cd5256d02ea19dca8372af895,2,30,2103.5,141,4066,1512.5,2929.5,3056.5,C:\w\px094_soc_workload_20261001\wilson_60_pair_base_OR_a2_m30.npz,7e43ce6fb77d8e694ff4202a7fac2695c8154da17495def40f2007c04d657d1f,1,1,0,0,1,1,0,0,1,1,0,0
wilson_60_pair_base_OR,wilson,60,pair,base_OR,60535,54,60481,4207,15,4192,83,0,0,1644368400.0,C:\w\px094_soc_workload_20261001\wilson_60_pair_base_OR_cases.npz,1c40d7eae1ab149541b75fb9a796ce781122cb7cd5256d02ea19dca8372af895,4,5,350.5833333333333,757,3450,122.0,241.41666666666666,207.91666666666666,C:\w\px094_soc_workload_20261001\wilson_60_pair_base_OR_a4_m5.npz,35373f0ff4ca2ae31522a33e7cc06869a0ccc8de620379e1bae39160db037883,1,1,0,0,1,1,0,0,1,1,0,0
wilson_60_pair_base_OR,wilson,60,pair,base_OR,60535,54,60481,4207,15,4192,83,0,0,1644368400.0,C:\w\px094_soc_workload_20261001\wilson_60_pair_base_OR_cases.npz,1c40d7eae1ab149541b75fb9a796ce781122cb7cd5256d02ea19dca8372af895,4,15,1051.75,309,3898,382.0,724.25,731.75,C:\w\px094_soc_workload_20261001\wilson_60_pair_base_OR_a4_m15.npz,40ed4d58fe9758669aa488138d1ef44aaf1f9a10e5b460cb72cb911010e85510,1,1,0,0,1,1,0,0,1,1,0,0
wilson_60_pair_base_OR,wilson,60,pair,base_OR,60535,54,60481,4207,15,4192,83,0,0,1644368400.0,C:\w\px094_soc_workload_20261001\wilson_60_pair_base_OR_cases.npz,1c40d7eae1ab149541b75fb9a796ce781122cb7cd5256d02ea19dca8372af895,4,30,2103.5,197,4010,748.0,1464.5,1501.5,C:\w\px094_soc_workload_20261001\wilson_60_pair_base_OR_a4_m30.npz,8707d8aa8d3a852293654104aa86f018f50452b90c38bc23ef412c6af6894aaa,1,1,0,0,1,1,0,0,1,1,0,0
wilson_60_pair_plus_current_OR,wilson,60,pair,plus_current_OR,60636,104,60532,4254,59,4195,83,0,47,1644368400.0,C:\w\px094_soc_workload_20261001\wilson_60_pair_plus_current_OR_cases.npz,a34caed05aa25f4509c8664ae1ac5195839a56e51074f781254f22b95dd3c029,1,5,354.5,290,3964,503.0416666666667,982.5291666666667,994.3333333333334,C:\w\px094_soc_workload_20261001\wilson_60_pair_plus_current_OR_a1_m5.npz,ac131e07146ba78735b03e5c4b5430f5252471e93f5f8a36c9269252e7d75a5b,1,1,0,0,1,1,0,0,1,1,0,0
wilson_60_pair_plus_current_OR,wilson,60,pair,plus_current_OR,60636,104,60532,4254,59,4195,83,0,47,1644368400.0,C:\w\px094_soc_workload_20261001\wilson_60_pair_plus_current_OR_cases.npz,a34caed05aa25f4509c8664ae1ac5195839a56e51074f781254f22b95dd3c029,1,15,1063.5,178,4076,1493.125,2931.5875,3059.0,C:\w\px094_soc_workload_20261001\wilson_60_pair_plus_current_OR_a1_m15.npz,352b2ebccad7ac7af09c30cd00060579adc45fe36a3f37aa75237e4d10def82a,1,1,0,0,1,1,0,0,1,1,0,0
wilson_60_pair_plus_current_OR,wilson,60,pair,plus_current_OR,60636,104,60532,4254,59,4195,83,0,47,1644368400.0,C:\w\px094_soc_workload_20261001\wilson_60_pair_plus_current_OR_cases.npz,a34caed05aa25f4509c8664ae1ac5195839a56e51074f781254f22b95dd3c029,1,30,2127.0,96,4158,3077.25,5954.175,6231.0,C:\w\px094_soc_workload_20261001\wilson_60_pair_plus_current_OR_a1_m30.npz,fcd076a6d6daa7e6318d852e0365ea01f352554ea0cb6357b97622f3cbcab1b7,1,1,0,0,1,1,0,0,1,1,0,0
wilson_60_pair_plus_current_OR,wilson,60,pair,plus_current_OR,60636,104,60532,4254,59,4195,83,0,47,1644368400.0,C:\w\px094_soc_workload_20261001\wilson_60_pair_plus_current_OR_cases.npz,a34caed05aa25f4509c8664ae1ac5195839a56e51074f781254f22b95dd3c029,2,5,354.5,458,3796,243.5,483.0,470.1666666666667,C:\w\px094_soc_workload_20261001\wilson_60_pair_plus_current_OR_a2_m5.npz,c23fdb5a495c19b79d1f2d8f1257241d6dd0ba861ae858f5208867b6fffbac6c,1,1,0,0,1,1,0,0,1,1,0,0
wilson_60_pair_plus_current_OR,wilson,60,pair,plus_current_OR,60636,104,60532,4254,59,4195,83,0,47,1644368400.0,C:\w\px094_soc_workload_20261001\wilson_60_pair_plus_current_OR_cases.npz,a34caed05aa25f4509c8664ae1ac5195839a56e51074f781254f22b95dd3c029,2,15,1063.5,234,4020,746.5,1465.75,1502.5,C:\w\px094_soc_workload_20261001\wilson_60_pair_plus_current_OR_a2_m15.npz,40e3ee863b07128c9ce2fa2584aecf351bcd46cda67e00ee6d2a391163dd24a3,1,1,0,0,1,1,0,0,1,1,0,0
wilson_60_pair_plus_current_OR,wilson,60,pair,plus_current_OR,60636,104,60532,4254,59,4195,83,0,47,1644368400.0,C:\w\px094_soc_workload_20261001\wilson_60_pair_plus_current_OR_cases.npz,a34caed05aa25f4509c8664ae1ac5195839a56e51074f781254f22b95dd3c029,2,30,2127.0,178,4076,1493.0,2931.5,3059.0,C:\w\px094_soc_workload_20261001\wilson_60_pair_plus_current_OR_a2_m30.npz,df0e07c30e50ceb2cdf9e4fbad3c0010d8a2d9c8f30d203c979f7d4fdd72677b,1,1,0,0,1,1,0,0,1,1,0,0
wilson_60_pair_plus_current_OR,wilson,60,pair,plus_current_OR,60636,104,60532,4254,59,4195,83,0,47,1644368400.0,C:\w\px094_soc_workload_20261001\wilson_60_pair_plus_current_OR_cases.npz,a34caed05aa25f4509c8664ae1ac5195839a56e51074f781254f22b95dd3c029,4,5,354.5,794,3460,121.75,241.44583333333333,224.08333333333334,C:\w\px094_soc_workload_20261001\wilson_60_pair_plus_current_OR_a4_m5.npz,a9956bb52105fb28d9ed9939562dfc5ce1e437855d0e7778121ec1d34e5ce848,1,1,0,0,1,1,0,0,1,1,0,0
wilson_60_pair_plus_current_OR,wilson,60,pair,plus_current_OR,60636,104,60532,4254,59,4195,83,0,47,1644368400.0,C:\w\px094_soc_workload_20261001\wilson_60_pair_plus_current_OR_cases.npz,a34caed05aa25f4509c8664ae1ac5195839a56e51074f781254f22b95dd3c029,4,15,1063.5,346,3908,365.25,724.75,732.25,C:\w\px094_soc_workload_20261001\wilson_60_pair_plus_current_OR_a4_m15.npz,7a41303c7db62879700472111c62c74aea1594e3f3acba8ccfdcb9ed103fdd04,1,1,0,0,1,1,0,0,1,1,0,0
wilson_60_pair_plus_current_OR,wilson,60,pair,plus_current_OR,60636,104,60532,4254,59,4195,83,0,47,1644368400.0,C:\w\px094_soc_workload_20261001\wilson_60_pair_plus_current_OR_cases.npz,a34caed05aa25f4509c8664ae1ac5195839a56e51074f781254f22b95dd3c029,4,30,2127.0,234,4020,746.5,1465.5,1502.5,C:\w\px094_soc_workload_20261001\wilson_60_pair_plus_current_OR_a4_m30.npz,fce36212c7e33bf90c901bbb0d52dcb7402172038f0bcd05ac1cff8a0fd69807,1,1,0,0,1,1,0,0,1,1,0,0
wilson_60_pair_full_OR,wilson,60,pair,full_OR,62851,1751,61100,4313,118,4195,83,0,106,1644368400.0,C:\w\px094_soc_workload_20261001\wilson_60_pair_full_OR_cases.npz,e1c43e24b7a2882f5fc1ed85a0c046533b3979260b6caf2dc489423ddf8810fb,1,5,359.4166666666667,322,3991,502.8333333333333,984.5333333333333,996.5833333333334,C:\w\px094_soc_workload_20261001\wilson_60_pair_full_OR_a1_m5.npz,962f0f82f8f54321bf1dc963ba9c89e8708ad6fbc43b92d9494c2b91536bd0a2,1,1,0,0,1,1,0,0,1,1,0,0
wilson_60_pair_full_OR,wilson,60,pair,full_OR,62851,1751,61100,4313,118,4195,83,0,106,1644368400.0,C:\w\px094_soc_workload_20261001\wilson_60_pair_full_OR_cases.npz,e1c43e24b7a2882f5fc1ed85a0c046533b3979260b6caf2dc489423ddf8810fb,1,15,1078.25,187,4126,1514.25,2975.35,3087.5,C:\w\px094_soc_workload_20261001\wilson_60_pair_full_OR_a1_m15.npz,6aaccc06dd02d4668039888fdea56fdb2909d84ec29dc64feb4e954ad1ce318a,1,1,0,0,1,1,0,0,1,1,0,0
wilson_60_pair_full_OR,wilson,60,pair,full_OR,62851,1751,61100,4313,118,4195,83,0,106,1644368400.0,C:\w\px094_soc_workload_20261001\wilson_60_pair_full_OR_cases.npz,e1c43e24b7a2882f5fc1ed85a0c046533b3979260b6caf2dc489423ddf8810fb,1,30,2156.5,96,4217,3124.0,6046.2,6324.5,C:\w\px094_soc_workload_20261001\wilson_60_pair_full_OR_a1_m30.npz,bd2231a077a7c8fadfe3bb89d1ad04ac8ced2cafb72b11c0b34ee1d7be4b3c63,1,1,0,0,1,1,0,0,1,1,0,0
wilson_60_pair_full_OR,wilson,60,pair,full_OR,62851,1751,61100,4313,118,4195,83,0,106,1644368400.0,C:\w\px094_soc_workload_20261001\wilson_60_pair_full_OR_cases.npz,e1c43e24b7a2882f5fc1ed85a0c046533b3979260b6caf2dc489423ddf8810fb,2,5,359.4166666666667,490,3823,243.41666666666666,483.95,471.3333333333333,C:\w\px094_soc_workload_20261001\wilson_60_pair_full_OR_a2_m5.npz,05cafa3a37c9244d43c40207f749e0a164ea0b8ed90b5aa66e549069368b08cc,1,1,0,0,1,1,0,0,1,1,0,0
wilson_60_pair_full_OR,wilson,60,pair,full_OR,62851,1751,61100,4313,118,4195,83,0,106,1644368400.0,C:\w\px094_soc_workload_20261001\wilson_60_pair_full_OR_cases.npz,e1c43e24b7a2882f5fc1ed85a0c046533b3979260b6caf2dc489423ddf8810fb,2,15,1078.25,266,4047,746.25,1468.75,1522.0,C:\w\px094_soc_workload_20261001\wilson_60_pair_full_OR_a2_m15.npz,b648bcbd14b52886e6bb7fd954201e90813f186b3ebca68a8b4225dfbd1cf41e,1,1,0,0,1,1,0,0,1,1,0,0
wilson_60_pair_full_OR,wilson,60,pair,full_OR,62851,1751,61100,4313,118,4195,83,0,106,1644368400.0,C:\w\px094_soc_workload_20261001\wilson_60_pair_full_OR_cases.npz,e1c43e24b7a2882f5fc1ed85a0c046533b3979260b6caf2dc489423ddf8810fb,2,30,2156.5,187,4126,1514.0,2975.2,3087.5,C:\w\px094_soc_workload_20261001\wilson_60_pair_full_OR_a2_m30.npz,61fbab458641874a0187cdba28ba7810faf152d10d78f08f71d9c2b5d4869ffc,1,1,0,0,1,1,0,0,1,1,0,0
wilson_60_pair_full_OR,wilson,60,pair,full_OR,62851,1751,61100,4313,118,4195,83,0,106,1644368400.0,C:\w\px094_soc_workload_20261001\wilson_60_pair_full_OR_cases.npz,e1c43e24b7a2882f5fc1ed85a0c046533b3979260b6caf2dc489423ddf8810fb,4,5,359.4166666666667,826,3487,121.66666666666667,241.83333333333334,224.66666666666666,C:\w\px094_soc_workload_20261001\wilson_60_pair_full_OR_a4_m5.npz,145b427f2b3a7f81c1a5ebe4ed7867ef6bc5223240568838f5b0763da9926f7b,1,1,0,0,1,1,0,0,1,1,0,0
wilson_60_pair_full_OR,wilson,60,pair,full_OR,62851,1751,61100,4313,118,4195,83,0,106,1644368400.0,C:\w\px094_soc_workload_20261001\wilson_60_pair_full_OR_cases.npz,e1c43e24b7a2882f5fc1ed85a0c046533b3979260b6caf2dc489423ddf8810fb,4,15,1078.25,378,3935,365.0,742.0999999999999,734.0,C:\w\px094_soc_workload_20261001\wilson_60_pair_full_OR_a4_m15.npz,9cb4ec4e693bdb71b3fea68c477d7ce9cf2f361e6ca0fa0baed2e192456d763e,1,1,0,0,1,1,0,0,1,1,0,0
wilson_60_pair_full_OR,wilson,60,pair,full_OR,62851,1751,61100,4313,118,4195,83,0,106,1644368400.0,C:\w\px094_soc_workload_20261001\wilson_60_pair_full_OR_cases.npz,e1c43e24b7a2882f5fc1ed85a0c046533b3979260b6caf2dc489423ddf8810fb,4,30,2156.5,266,4047,746.0,1468.5,1522.0,C:\w\px094_soc_workload_20261001\wilson_60_pair_full_OR_a4_m30.npz,1f52a4a0adb457d90ab2fe68e13e1dd7ba1e0be7244849884a0529ea282325bc,1,1,0,0,1,1,0,0,1,1,0,0
wilson_60_source_base_mean,wilson,60,source,base_mean,60510,53,60457,87,1,86,83,0,-2,1644368400.0,C:\w\px094_soc_workload_20261001\wilson_60_source_base_mean_cases.npz,e143c1f9996b2a278d0e14b124342b923f177c2efa08f49ec373a55f056edcda,1,5,7.25,87,0,4.333333333333333,15.083333333333334,0.0,C:\w\px094_soc_workload_20261001\wilson_60_source_base_mean_a1_m5.npz,f4da0372eafdc631e99c50178986159b67a86ca7c527b78efb981c6962be59b3,1,1,0,0,1,1,0,0,1,1,0,0
wilson_60_source_base_mean,wilson,60,source,base_mean,60510,53,60457,87,1,86,83,0,-2,1644368400.0,C:\w\px094_soc_workload_20261001\wilson_60_source_base_mean_cases.npz,e143c1f9996b2a278d0e14b124342b923f177c2efa08f49ec373a55f056edcda,1,15,21.75,87,0,6.25,15.25,0.0,C:\w\px094_soc_workload_20261001\wilson_60_source_base_mean_a1_m15.npz,536a66a839bf1cb5f4882bd0749019d67b473ae47dc397ae13602e7e57197d8a,1,1,0,0,1,1,0,0,1,1,0,0
wilson_60_source_base_mean,wilson,60,source,base_mean,60510,53,60457,87,1,86,83,0,-2,1644368400.0,C:\w\px094_soc_workload_20261001\wilson_60_source_base_mean_cases.npz,e143c1f9996b2a278d0e14b124342b923f177c2efa08f49ec373a55f056edcda,1,30,43.5,87,0,22.0,39.85,0.0,C:\w\px094_soc_workload_20261001\wilson_60_source_base_mean_a1_m30.npz,cffd57ec4d643f68f2b45b5f14e890ff445224b65f2d47afbcc4534f0e95e562,1,1,0,0,1,1,0,0,1,1,0,0
wilson_60_source_base_mean,wilson,60,source,base_mean,60510,53,60457,87,1,86,83,0,-2,1644368400.0,C:\w\px094_soc_workload_20261001\wilson_60_source_base_mean_cases.npz,e143c1f9996b2a278d0e14b124342b923f177c2efa08f49ec373a55f056edcda,2,5,7.25,87,0,4.166666666666667,15.0,0.0,C:\w\px094_soc_workload_20261001\wilson_60_source_base_mean_a2_m5.npz,91e5f89ef943332a8a438b6edcdbaf25be2de36d2d95feb396c04b7a697e7b94,1,1,0,0,1,1,0,0,1,1,0,0
wilson_60_source_base_mean,wilson,60,source,base_mean,60510,53,60457,87,1,86,83,0,-2,1644368400.0,C:\w\px094_soc_workload_20261001\wilson_60_source_base_mean_cases.npz,e143c1f9996b2a278d0e14b124342b923f177c2efa08f49ec373a55f056edcda,2,15,21.75,87,0,4.5,15.0,0.0,C:\w\px094_soc_workload_20261001\wilson_60_source_base_mean_a2_m15.npz,183835a96f24be6274ee86f125d3d2bdff48cf6bb213ddb8c0310024d1bab137,1,1,0,0,1,1,0,0,1,1,0,0
wilson_60_source_base_mean,wilson,60,source,base_mean,60510,53,60457,87,1,86,83,0,-2,1644368400.0,C:\w\px094_soc_workload_20261001\wilson_60_source_base_mean_cases.npz,e143c1f9996b2a278d0e14b124342b923f177c2efa08f49ec373a55f056edcda,2,30,43.5,87,0,6.0,15.0,0.0,C:\w\px094_soc_workload_20261001\wilson_60_source_base_mean_a2_m30.npz,b5333ef81d7461e459aa078f927894b78b1dc4191f18a79d273e3a74d2356120,1,1,0,0,1,1,0,0,1,1,0,0
wilson_60_source_base_mean,wilson,60,source,base_mean,60510,53,60457,87,1,86,83,0,-2,1644368400.0,C:\w\px094_soc_workload_20261001\wilson_60_source_base_mean_cases.npz,e143c1f9996b2a278d0e14b124342b923f177c2efa08f49ec373a55f056edcda,4,5,7.25,87,0,4.083333333333333,15.0,0.0,C:\w\px094_soc_workload_20261001\wilson_60_source_base_mean_a4_m5.npz,ef6dbffc79c572b21b0990453b48c0259cdfa9bf302988b33845885e802fefaf,1,1,0,0,1,1,0,0,1,1,0,0
wilson_60_source_base_mean,wilson,60,source,base_mean,60510,53,60457,87,1,86,83,0,-2,1644368400.0,C:\w\px094_soc_workload_20261001\wilson_60_source_base_mean_cases.npz,e143c1f9996b2a278d0e14b124342b923f177c2efa08f49ec373a55f056edcda,4,15,21.75,87,0,4.25,15.0,0.0,C:\w\px094_soc_workload_20261001\wilson_60_source_base_mean_a4_m15.npz,a6ff3ebb1d436f77986fbe01d7995616d1611ab0caad94bc240b610812cd500f,1,1,0,0,1,1,0,0,1,1,0,0
wilson_60_source_base_mean,wilson,60,source,base_mean,60510,53,60457,87,1,86,83,0,-2,1644368400.0,C:\w\px094_soc_workload_20261001\wilson_60_source_base_mean_cases.npz,e143c1f9996b2a278d0e14b124342b923f177c2efa08f49ec373a55f056edcda,4,30,43.5,87,0,4.5,15.0,0.0,C:\w\px094_soc_workload_20261001\wilson_60_source_base_mean_a4_m30.npz,69d37e519da038c96bd8531aa3c0544e3c384e935f48f54f22b195bd7a8c21d1,1,1,0,0,1,1,0,0,1,1,0,0
wilson_60_source_base_OR,wilson,60,source,base_OR,60535,54,60481,89,2,87,83,0,0,1644368400.0,C:\w\px094_soc_workload_20261001\wilson_60_source_base_OR_cases.npz,0bc9d9735f95ab556594b8d76f8c2a914b0cbd13fa51f68a4406f0f7640fa4ac,1,5,7.416666666666667,89,0,4.083333333333333,15.083333333333334,0.0,C:\w\px094_soc_workload_20261001\wilson_60_source_base_OR_a1_m5.npz,3a5151de1c4cf38e2734b830855ce2af1da34e241eb9a747bbe03281e4c07657,1,1,0,0,1,1,0,0,1,1,0,0
wilson_60_source_base_OR,wilson,60,source,base_OR,60535,54,60481,89,2,87,83,0,0,1644368400.0,C:\w\px094_soc_workload_20261001\wilson_60_source_base_OR_cases.npz,0bc9d9735f95ab556594b8d76f8c2a914b0cbd13fa51f68a4406f0f7640fa4ac,1,15,22.25,89,0,6.25,15.25,0.0,C:\w\px094_soc_workload_20261001\wilson_60_source_base_OR_a1_m15.npz,310a01930374f489396a3cdc5c564a330a8d0f7ea15d0af86646b4d14fb21f9f,1,1,0,0,1,1,0,0,1,1,0,0
wilson_60_source_base_OR,wilson,60,source,base_OR,60535,54,60481,89,2,87,83,0,0,1644368400.0,C:\w\px094_soc_workload_20261001\wilson_60_source_base_OR_cases.npz,0bc9d9735f95ab556594b8d76f8c2a914b0cbd13fa51f68a4406f0f7640fa4ac,1,30,44.5,89,0,23.5,45.19999999999996,0.0,C:\w\px094_soc_workload_20261001\wilson_60_source_base_OR_a1_m30.npz,ad986a0175b821723d96b420c7109d8ab6753c9a6950eecccfa716e468cc5776,1,1,0,0,1,1,0,0,1,1,0,0
wilson_60_source_base_OR,wilson,60,source,base_OR,60535,54,60481,89,2,87,83,0,0,1644368400.0,C:\w\px094_soc_workload_20261001\wilson_60_source_base_OR_cases.npz,0bc9d9735f95ab556594b8d76f8c2a914b0cbd13fa51f68a4406f0f7640fa4ac,2,5,7.416666666666667,89,0,3.5,15.0,0.0,C:\w\px094_soc_workload_20261001\wilson_60_source_base_OR_a2_m5.npz,9b269f7b1e821e0cd2f704f467da2cd378ef8d14d184ceb83006541b00a116b2,1,1,0,0,1,1,0,0,1,1,0,0
wilson_60_source_base_OR,wilson,60,source,base_OR,60535,54,60481,89,2,87,83,0,0,1644368400.0,C:\w\px094_soc_workload_20261001\wilson_60_source_base_OR_cases.npz,0bc9d9735f95ab556594b8d76f8c2a914b0cbd13fa51f68a4406f0f7640fa4ac,2,15,22.25,89,0,4.5,15.0,0.0,C:\w\px094_soc_workload_20261001\wilson_60_source_base_OR_a2_m15.npz,dfc0ea87cb32280d5176da5135b010727830c5dd709282e7d9e887c955a35c5c,1,1,0,0,1,1,0,0,1,1,0,0
wilson_60_source_base_OR,wilson,60,source,base_OR,60535,54,60481,89,2,87,83,0,0,1644368400.0,C:\w\px094_soc_workload_20261001\wilson_60_source_base_OR_cases.npz,0bc9d9735f95ab556594b8d76f8c2a914b0cbd13fa51f68a4406f0f7640fa4ac,2,30,44.5,89,0,6.0,15.0,0.0,C:\w\px094_soc_workload_20261001\wilson_60_source_base_OR_a2_m30.npz,f9d8c60ea9d9e87e6ca6a9354814a172326517f3008b1e6dad816590b8853abd,1,1,0,0,1,1,0,0,1,1,0,0
wilson_60_source_base_OR,wilson,60,source,base_OR,60535,54,60481,89,2,87,83,0,0,1644368400.0,C:\w\px094_soc_workload_20261001\wilson_60_source_base_OR_cases.npz,0bc9d9735f95ab556594b8d76f8c2a914b0cbd13fa51f68a4406f0f7640fa4ac,4,5,7.416666666666667,89,0,3.25,15.0,0.0,C:\w\px094_soc_workload_20261001\wilson_60_source_base_OR_a4_m5.npz,9e06b955a14afe920d98da40d3a1a8185602ce573f9716235b5d41cc579fdc3c,1,1,0,0,1,1,0,0,1,1,0,0
wilson_60_source_base_OR,wilson,60,source,base_OR,60535,54,60481,89,2,87,83,0,0,1644368400.0,C:\w\px094_soc_workload_20261001\wilson_60_source_base_OR_cases.npz,0bc9d9735f95ab556594b8d76f8c2a914b0cbd13fa51f68a4406f0f7640fa4ac,4,15,22.25,89,0,3.75,15.0,0.0,C:\w\px094_soc_workload_20261001\wilson_60_source_base_OR_a4_m15.npz,888045415bed783fed60e8fba1e44b30adb9d04359d123388b85445e63f417df,1,1,0,0,1,1,0,0,1,1,0,0
wilson_60_source_base_OR,wilson,60,source,base_OR,60535,54,60481,89,2,87,83,0,0,1644368400.0,C:\w\px094_soc_workload_20261001\wilson_60_source_base_OR_cases.npz,0bc9d9735f95ab556594b8d76f8c2a914b0cbd13fa51f68a4406f0f7640fa4ac,4,30,44.5,89,0,4.5,15.0,0.0,C:\w\px094_soc_workload_20261001\wilson_60_source_base_OR_a4_m30.npz,859e14fb246245ae823b00b6c1dffbbcc3ccb20042fd5db534c0d94c3ab25e39,1,1,0,0,1,1,0,0,1,1,0,0
wilson_60_source_plus_current_OR,wilson,60,source,plus_current_OR,60636,104,60532,124,36,88,83,0,35,1644368400.0,C:\w\px094_soc_workload_20261001\wilson_60_source_plus_current_OR_cases.npz,562317a354e2ee1e90e8d8f82371c2374862182af95e74c857095ee506712e0c,1,5,10.333333333333334,121,3,3.375,15.083333333333334,8.25,C:\w\px094_soc_workload_20261001\wilson_60_source_plus_current_OR_a1_m5.npz,b895ee64c6c5b593909fe1bc8bc993d1dc1d0c62285c4d3de90208bd918dabf6,1,1,0,0,1,1,0,0,1,1,0,0
wilson_60_source_plus_current_OR,wilson,60,source,plus_current_OR,60636,104,60532,124,36,88,83,0,35,1644368400.0,C:\w\px094_soc_workload_20261001\wilson_60_source_plus_current_OR_cases.npz,562317a354e2ee1e90e8d8f82371c2374862182af95e74c857095ee506712e0c,1,15,31.0,121,3,7.125,17.387499999999996,8.75,C:\w\px094_soc_workload_20261001\wilson_60_source_plus_current_OR_a1_m15.npz,4966b982fab9d95f3359651b75e635c69106d2fdcfad0428e1780b7c4f78b127,1,1,0,0,1,1,0,0,1,1,0,0
wilson_60_source_plus_current_OR,wilson,60,source,plus_current_OR,60636,104,60532,124,36,88,83,0,35,1644368400.0,C:\w\px094_soc_workload_20261001\wilson_60_source_plus_current_OR_cases.npz,562317a354e2ee1e90e8d8f82371c2374862182af95e74c857095ee506712e0c,1,30,62.0,96,28,47.0,76.5,38.0,C:\w\px094_soc_workload_20261001\wilson_60_source_plus_current_OR_a1_m30.npz,d66e5b58ddedb6fc17aafea42bd2a3f50504c27aac0448a1db1286d27bc84e68,1,1,0,0,1,1,0,0,1,1,0,0
wilson_60_source_plus_current_OR,wilson,60,source,plus_current_OR,60636,104,60532,124,36,88,83,0,35,1644368400.0,C:\w\px094_soc_workload_20261001\wilson_60_source_plus_current_OR_cases.npz,562317a354e2ee1e90e8d8f82371c2374862182af95e74c857095ee506712e0c,2,5,10.333333333333334,121,3,2.7083333333333335,15.0,8.166666666666666,C:\w\px094_soc_workload_20261001\wilson_60_source_plus_current_OR_a2_m5.npz,e25c43dd7bab2814ffec5a8137497f97d05d399b2709cd005375ffee505c2350,1,1,0,0,1,1,0,0,1,1,0,0
wilson_60_source_plus_current_OR,wilson,60,source,plus_current_OR,60636,104,60532,124,36,88,83,0,35,1644368400.0,C:\w\px094_soc_workload_20261001\wilson_60_source_plus_current_OR_cases.npz,562317a354e2ee1e90e8d8f82371c2374862182af95e74c857095ee506712e0c,2,15,31.0,121,3,3.75,15.0,8.5,C:\w\px094_soc_workload_20261001\wilson_60_source_plus_current_OR_a2_m15.npz,8d23e38fc4b388a443d2eec548e213433cad99332cf0a2ffb345af531fce84ca,1,1,0,0,1,1,0,0,1,1,0,0
wilson_60_source_plus_current_OR,wilson,60,source,plus_current_OR,60636,104,60532,124,36,88,83,0,35,1644368400.0,C:\w\px094_soc_workload_20261001\wilson_60_source_plus_current_OR_cases.npz,562317a354e2ee1e90e8d8f82371c2374862182af95e74c857095ee506712e0c,2,30,62.0,121,3,7.0,17.349999999999994,9.0,C:\w\px094_soc_workload_20261001\wilson_60_source_plus_current_OR_a2_m30.npz,211e961eac04e72ceb303d01683217ebf0437eca57d23bba0f04e9757e303d9f,1,1,0,0,1,1,0,0,1,1,0,0
wilson_60_source_plus_current_OR,wilson,60,source,plus_current_OR,60636,104,60532,124,36,88,83,0,35,1644368400.0,C:\w\px094_soc_workload_20261001\wilson_60_source_plus_current_OR_cases.npz,562317a354e2ee1e90e8d8f82371c2374862182af95e74c857095ee506712e0c,4,5,10.333333333333334,121,3,2.3333333333333335,15.0,8.083333333333334,C:\w\px094_soc_workload_20261001\wilson_60_source_plus_current_OR_a4_m5.npz,4503eb918278ae58be9d72146fa7879c8a5779f9767dcc2349d710915f1781f3,1,1,0,0,1,1,0,0,1,1,0,0
wilson_60_source_plus_current_OR,wilson,60,source,plus_current_OR,60636,104,60532,124,36,88,83,0,35,1644368400.0,C:\w\px094_soc_workload_20261001\wilson_60_source_plus_current_OR_cases.npz,562317a354e2ee1e90e8d8f82371c2374862182af95e74c857095ee506712e0c,4,15,31.0,121,3,3.0,15.0,8.25,C:\w\px094_soc_workload_20261001\wilson_60_source_plus_current_OR_a4_m15.npz,5369fd4427456609ee9bcd67a3e7904164675927d789a714956f4177c2131300,1,1,0,0,1,1,0,0,1,1,0,0
wilson_60_source_plus_current_OR,wilson,60,source,plus_current_OR,60636,104,60532,124,36,88,83,0,35,1644368400.0,C:\w\px094_soc_workload_20261001\wilson_60_source_plus_current_OR_cases.npz,562317a354e2ee1e90e8d8f82371c2374862182af95e74c857095ee506712e0c,4,30,62.0,121,3,3.5,15.0,8.5,C:\w\px094_soc_workload_20261001\wilson_60_source_plus_current_OR_a4_m30.npz,cd7e24402bc8e04701648456db7381a4d68347fab91ee37322519d608d501f63,1,1,0,0,1,1,0,0,1,1,0,0
wilson_60_source_full_OR,wilson,60,source,full_OR,62851,1751,61100,156,68,88,83,0,67,1644368400.0,C:\w\px094_soc_workload_20261001\wilson_60_source_full_OR_cases.npz,f0682e70489c77b23eda615e724cbc21ef840974884b0772a7b04987a8095540,1,5,13.0,153,3,5.125,15.166666666666666,8.25,C:\w\px094_soc_workload_20261001\wilson_60_source_full_OR_a1_m5.npz,5f1f8219f0df3efd068afcc03744cba53dc1b50f8c4a99f12c538b51ea0e514b,1,1,0,0,1,1,0,0,1,1,0,0
wilson_60_source_full_OR,wilson,60,source,full_OR,62851,1751,61100,156,68,88,83,0,67,1644368400.0,C:\w\px094_soc_workload_20261001\wilson_60_source_full_OR_cases.npz,f0682e70489c77b23eda615e724cbc21ef840974884b0772a7b04987a8095540,1,15,39.0,153,3,14.125,27.8125,8.75,C:\w\px094_soc_workload_20261001\wilson_60_source_full_OR_a1_m15.npz,c79c61a0eb4b9611481169ed21cd76e8663a199c934ec41a4a9545ad597f266a,1,1,0,0,1,1,0,0,1,1,0,0
wilson_60_source_full_OR,wilson,60,source,full_OR,62851,1751,61100,156,68,88,83,0,67,1644368400.0,C:\w\px094_soc_workload_20261001\wilson_60_source_full_OR_cases.npz,f0682e70489c77b23eda615e724cbc21ef840974884b0772a7b04987a8095540,1,30,78.0,96,60,68.0,122.5,86.0,C:\w\px094_soc_workload_20261001\wilson_60_source_full_OR_a1_m30.npz,a85e059cd85a551b712a09536f4760872b351ac738dd40393bd2f0b4ce4cd60e,1,1,0,0,1,1,0,0,1,1,0,0
wilson_60_source_full_OR,wilson,60,source,full_OR,62851,1751,61100,156,68,88,83,0,67,1644368400.0,C:\w\px094_soc_workload_20261001\wilson_60_source_full_OR_cases.npz,f0682e70489c77b23eda615e724cbc21ef840974884b0772a7b04987a8095540,2,5,13.0,153,3,4.166666666666667,15.083333333333334,8.166666666666666,C:\w\px094_soc_workload_20261001\wilson_60_source_full_OR_a2_m5.npz,beafc37e6548cab82045545deefb5cea2a9a15404be91777792640a8f903c2d3,1,1,0,0,1,1,0,0,1,1,0,0
wilson_60_source_full_OR,wilson,60,source,full_OR,62851,1751,61100,156,68,88,83,0,67,1644368400.0,C:\w\px094_soc_workload_20261001\wilson_60_source_full_OR_cases.npz,f0682e70489c77b23eda615e724cbc21ef840974884b0772a7b04987a8095540,2,15,39.0,153,3,6.0,15.25,8.5,C:\w\px094_soc_workload_20261001\wilson_60_source_full_OR_a2_m15.npz,2db8a6e5da83e7e08b5e12119e9279a9c906c1dde32b1259e6533fa4f10bbe44,1,1,0,0,1,1,0,0,1,1,0,0
wilson_60_source_full_OR,wilson,60,source,full_OR,62851,1751,61100,156,68,88,83,0,67,1644368400.0,C:\w\px094_soc_workload_20261001\wilson_60_source_full_OR_cases.npz,f0682e70489c77b23eda615e724cbc21ef840974884b0772a7b04987a8095540,2,30,78.0,153,3,14.0,27.625,9.0,C:\w\px094_soc_workload_20261001\wilson_60_source_full_OR_a2_m30.npz,244c86aaea50c8b76faae6121710416ca1f7093dcfe043175f633612ff8eef77,1,1,0,0,1,1,0,0,1,1,0,0
wilson_60_source_full_OR,wilson,60,source,full_OR,62851,1751,61100,156,68,88,83,0,67,1644368400.0,C:\w\px094_soc_workload_20261001\wilson_60_source_full_OR_cases.npz,f0682e70489c77b23eda615e724cbc21ef840974884b0772a7b04987a8095540,4,5,13.0,153,3,3.7916666666666665,15.0,8.083333333333334,C:\w\px094_soc_workload_20261001\wilson_60_source_full_OR_a4_m5.npz,2c6f15a6b0a19b2ab030e5e894a56b0e67d745cec23a54e1400afe50fda4fc28,1,1,0,0,1,1,0,0,1,1,0,0
wilson_60_source_full_OR,wilson,60,source,full_OR,62851,1751,61100,156,68,88,83,0,67,1644368400.0,C:\w\px094_soc_workload_20261001\wilson_60_source_full_OR_cases.npz,f0682e70489c77b23eda615e724cbc21ef840974884b0772a7b04987a8095540,4,15,39.0,153,3,4.5,15.0,8.25,C:\w\px094_soc_workload_20261001\wilson_60_source_full_OR_a4_m15.npz,4fc33e63c980abe34897a79e69bb7082928cf23f33ac021699ca1ddff1eee972,1,1,0,0,1,1,0,0,1,1,0,0
wilson_60_source_full_OR,wilson,60,source,full_OR,62851,1751,61100,156,68,88,83,0,67,1644368400.0,C:\w\px094_soc_workload_20261001\wilson_60_source_full_OR_cases.npz,f0682e70489c77b23eda615e724cbc21ef840974884b0772a7b04987a8095540,4,30,78.0,153,3,6.0,15.0,8.5,C:\w\px094_soc_workload_20261001\wilson_60_source_full_OR_a4_m30.npz,015b2acc383211797800facb5a947fbf912b90731d6fe421d8f805da32cd94e8,1,1,0,0,1,1,0,0,1,1,0,0
harrison_5_pair_base_mean,harrison,5,pair,base_mean,100668,857,99811,20769,385,20384,1256,0,-126,1644364800.0,C:\w\px094_soc_workload_20261001\harrison_5_pair_base_mean_cases.npz,b722f2468478de52ab45afe281d31c509074b0582c4e14bd937878734934e0bd,1,5,1730.75,480,20289,2499.0833333333335,4829.8,5075.75,C:\w\px094_soc_workload_20261001\harrison_5_pair_base_mean_a1_m5.npz,9181dd7b28a85a409b5051c310891e13a8b1d626d5890040a80f2b5e6915950d,1,1,0,0,1,1,0,0,1,1,0,0
harrison_5_pair_base_mean,harrison,5,pair,base_mean,100668,857,99811,20769,385,20384,1256,0,-126,1644364800.0,C:\w\px094_soc_workload_20261001\harrison_5_pair_base_mean_cases.npz,b722f2468478de52ab45afe281d31c509074b0582c4e14bd937878734934e0bd,1,15,5192.25,160,20609,7685.75,14694.066666666668,15465.25,C:\w\px094_soc_workload_20261001\harrison_5_pair_base_mean_a1_m15.npz,d22f4020c095d19a942c2184d40bac80816baa6000c239ec62c60cf9819c125d,1,1,0,0,1,1,0,0,1,1,0,0
harrison_5_pair_base_mean,harrison,5,pair,base_mean,100668,857,99811,20769,385,20384,1256,0,-126,1644364800.0,C:\w\px094_soc_workload_20261001\harrison_5_pair_base_mean_cases.npz,b722f2468478de52ab45afe281d31c509074b0582c4e14bd937878734934e0bd,1,30,10384.5,80,20689,15481.75,29498.466666666667,31041.5,C:\w\px094_soc_workload_20261001\harrison_5_pair_base_mean_a1_m30.npz,3121ba6bb4d68dc5df98a7b79741139518e26e875026adbcc5ee5e2039d6d85c,1,1,0,0,1,1,0,0,1,1,0,0
harrison_5_pair_base_mean,harrison,5,pair,base_mean,100668,857,99811,20769,385,20384,1256,0,-126,1644364800.0,C:\w\px094_soc_workload_20261001\harrison_5_pair_base_mean_cases.npz,b722f2468478de52ab45afe281d31c509074b0582c4e14bd937878734934e0bd,2,5,1730.75,960,19809,1202.4166666666667,2359.7166666666667,2482.4166666666665,C:\w\px094_soc_workload_20261001\harrison_5_pair_base_mean_a2_m5.npz,6705ad109c12063b89f4fa2e6b70d314a000f65b8beb38f5c05147fca15029d4,1,1,0,0,1,1,0,0,1,1,0,0
harrison_5_pair_base_mean,harrison,5,pair,base_mean,100668,857,99811,20769,385,20384,1256,0,-126,1644364800.0,C:\w\px094_soc_workload_20261001\harrison_5_pair_base_mean_cases.npz,b722f2468478de52ab45afe281d31c509074b0582c4e14bd937878734934e0bd,2,15,5192.25,320,20449,3795.75,7299.816666666667,7669.25,C:\w\px094_soc_workload_20261001\harrison_5_pair_base_mean_a2_m15.npz,65a71da08b7bac388bc41460a1801d2180f9593eff339ffd0e352b6b5a33ec41,1,1,0,0,1,1,0,0,1,1,0,0
harrison_5_pair_base_mean,harrison,5,pair,base_mean,100668,857,99811,20769,385,20384,1256,0,-126,1644364800.0,C:\w\px094_soc_workload_20261001\harrison_5_pair_base_mean_cases.npz,b722f2468478de52ab45afe281d31c509074b0582c4e14bd937878734934e0bd,2,30,10384.5,160,20609,7685.75,14693.966666666667,15465.5,C:\w\px094_soc_workload_20261001\harrison_5_pair_base_mean_a2_m30.npz,64fbfd12da6d56f5891df7a98a44a3268ceb74d7c6be892c499bced33cdd4907,1,1,0,0,1,1,0,0,1,1,0,0
harrison_5_pair_base_mean,harrison,5,pair,base_mean,100668,857,99811,20769,385,20384,1256,0,-126,1644364800.0,C:\w\px094_soc_workload_20261001\harrison_5_pair_base_mean_cases.npz,b722f2468478de52ab45afe281d31c509074b0582c4e14bd937878734934e0bd,4,5,1730.75,1738,19031,557.8333333333334,1136.4666666666665,1189.5,C:\w\px094_soc_workload_20261001\harrison_5_pair_base_mean_a4_m5.npz,d7428012eb067f642bb8db7ddfb2a849795a71f6e0550d0ede3fe254fc0e4309,1,1,0,0,1,1,0,0,1,1,0,0
harrison_5_pair_base_mean,harrison,5,pair,base_mean,100668,857,99811,20769,385,20384,1256,0,-126,1644364800.0,C:\w\px094_soc_workload_20261001\harrison_5_pair_base_mean_cases.npz,b722f2468478de52ab45afe281d31c509074b0582c4e14bd937878734934e0bd,4,15,5192.25,640,20129,1850.75,3602.6666666666665,3779.25,C:\w\px094_soc_workload_20261001\harrison_5_pair_base_mean_a4_m15.npz,ccaf2cca8f17a2ed134ca38f0cc3e34e68001a2e87667c4ec218ce05ee480b63,1,1,0,0,1,1,0,0,1,1,0,0
harrison_5_pair_base_mean,harrison,5,pair,base_mean,100668,857,99811,20769,385,20384,1256,0,-126,1644364800.0,C:\w\px094_soc_workload_20261001\harrison_5_pair_base_mean_cases.npz,b722f2468478de52ab45afe281d31c509074b0582c4e14bd937878734934e0bd,4,30,10384.5,320,20449,3795.75,7299.666666666667,7669.5,C:\w\px094_soc_workload_20261001\harrison_5_pair_base_mean_a4_m30.npz,e2d8908c0efdba71d3521a6914d403bf2f2a4115c129d09744f1ae7bfa91a393,1,1,0,0,1,1,0,0,1,1,0,0
harrison_5_pair_base_OR,harrison,5,pair,base_OR,101222,1404,99818,20895,511,20384,1256,0,0,1644364800.0,C:\w\px094_soc_workload_20261001\harrison_5_pair_base_OR_cases.npz,febd6ba3374c636fea4a3d470329fc07757626b829df5023fdca526db90489f5,1,5,1741.25,480,20415,2504.3333333333335,4855.775,5102.25,C:\w\px094_soc_workload_20261001\harrison_5_pair_base_OR_a1_m5.npz,0769f8e2535963023ded9f726e4876a56f386d17cbe6e42cad3d9cb6ce93384b,1,1,0,0,1,1,0,0,1,1,0,0
harrison_5_pair_base_OR,harrison,5,pair,base_OR,101222,1404,99818,20895,511,20384,1256,0,0,1644364800.0,C:\w\px094_soc_workload_20261001\harrison_5_pair_base_OR_cases.npz,febd6ba3374c636fea4a3d470329fc07757626b829df5023fdca526db90489f5,1,15,5223.75,160,20735,7733.5,14787.991666666667,15544.75,C:\w\px094_soc_workload_20261001\harrison_5_pair_base_OR_a1_m15.npz,70b00e97c1d58b9f8e7c0716b50c3a1267902e1cea81916668377ae633260420,1,1,0,0,1,1,0,0,1,1,0,0
harrison_5_pair_base_OR,harrison,5,pair,base_OR,101222,1404,99818,20895,511,20384,1256,0,0,1644364800.0,C:\w\px094_soc_workload_20261001\harrison_5_pair_base_OR_cases.npz,febd6ba3374c636fea4a3d470329fc07757626b829df5023fdca526db90489f5,1,30,10447.5,80,20815,15561.25,29670.316666666666,31216.5,C:\w\px094_soc_workload_20261001\harrison_5_pair_base_OR_a1_m30.npz,5890652f397f067b53b4febfbc5184583a68390fce0851d58416553a0655e208,1,1,0,0,1,1,0,0,1,1,0,0
harrison_5_pair_base_OR,harrison,5,pair,base_OR,101222,1404,99818,20895,511,20384,1256,0,0,1644364800.0,C:\w\px094_soc_workload_20261001\harrison_5_pair_base_OR_cases.npz,febd6ba3374c636fea4a3d470329fc07757626b829df5023fdca526db90489f5,2,5,1741.25,960,19935,1205.0,2380.6916666666666,2487.6666666666665,C:\w\px094_soc_workload_20261001\harrison_5_pair_base_OR_a2_m5.npz,bddc67efa25423ddb4a41b1dbcb2e4717f3fc11e0a31d7ba61979ecfab6a9ecb,1,1,0,0,1,1,0,0,1,1,0,0
harrison_5_pair_base_OR,harrison,5,pair,base_OR,101222,1404,99818,20895,511,20384,1256,0,0,1644364800.0,C:\w\px094_soc_workload_20261001\harrison_5_pair_base_OR_cases.npz,febd6ba3374c636fea4a3d470329fc07757626b829df5023fdca526db90489f5,2,15,5223.75,320,20575,3819.5,7346.741666666667,7717.0,C:\w\px094_soc_workload_20261001\harrison_5_pair_base_OR_a2_m15.npz,7a07e91c37dcc7f2f2d9b067f603e2ebab9e20177f55c37828fb2eafadfde218,1,1,0,0,1,1,0,0,1,1,0,0
harrison_5_pair_base_OR,harrison,5,pair,base_OR,101222,1404,99818,20895,511,20384,1256,0,0,1644364800.0,C:\w\px094_soc_workload_20261001\harrison_5_pair_base_OR_cases.npz,febd6ba3374c636fea4a3d470329fc07757626b829df5023fdca526db90489f5,2,30,10447.5,160,20735,7733.25,14787.816666666668,15545.0,C:\w\px094_soc_workload_20261001\harrison_5_pair_base_OR_a2_m30.npz,35b5d15d029615dff04742d8616dddab1c25cf73cb7e26159413c96ca96f4880,1,1,0,0,1,1,0,0,1,1,0,0
harrison_5_pair_base_OR,harrison,5,pair,base_OR,101222,1404,99818,20895,511,20384,1256,0,0,1644364800.0,C:\w\px094_soc_workload_20261001\harrison_5_pair_base_OR_cases.npz,febd6ba3374c636fea4a3d470329fc07757626b829df5023fdca526db90489f5,4,5,1741.25,1838,19057,557.0833333333334,1136.8583333333333,1190.0833333333333,C:\w\px094_soc_workload_20261001\harrison_5_pair_base_OR_a4_m5.npz,6a5c3c298c1635117c63bc684233e169c8f086bdc4defbea80a9e93ed95dec6a,1,1,0,0,1,1,0,0,1,1,0,0
harrison_5_pair_base_OR,harrison,5,pair,base_OR,101222,1404,99818,20895,511,20384,1256,0,0,1644364800.0,C:\w\px094_soc_workload_20261001\harrison_5_pair_base_OR_cases.npz,febd6ba3374c636fea4a3d470329fc07757626b829df5023fdca526db90489f5,4,15,5223.75,640,20255,1854.5,3626.1666666666665,3803.0,C:\w\px094_soc_workload_20261001\harrison_5_pair_base_OR_a4_m15.npz,948ca9d8c0217741cc1fd36a1179bac6ef8efb54a78c466b0ba0930c02245bf3,1,1,0,0,1,1,0,0,1,1,0,0
harrison_5_pair_base_OR,harrison,5,pair,base_OR,101222,1404,99818,20895,511,20384,1256,0,0,1644364800.0,C:\w\px094_soc_workload_20261001\harrison_5_pair_base_OR_cases.npz,febd6ba3374c636fea4a3d470329fc07757626b829df5023fdca526db90489f5,4,30,10447.5,320,20575,3819.25,7346.666666666667,7717.0,C:\w\px094_soc_workload_20261001\harrison_5_pair_base_OR_a4_m30.npz,f8df0e49377422b8a52b7e6283c352bddb3ec24fc5bb37c32dc947a09f765345,1,1,0,0,1,1,0,0,1,1,0,0
harrison_5_pair_plus_current_OR,harrison,5,pair,plus_current_OR,113799,13973,99826,22336,1949,20387,1256,0,1441,1644364800.0,C:\w\px094_soc_workload_20261001\harrison_5_pair_plus_current_OR_cases.npz,2d5d98ffc3f3dd797ddea96be3bc7f844eb91d5be9f150c34874285fde642bdf,1,5,1861.3333333333333,480,21856,2692.375,5209.854166666667,5462.333333333333,C:\w\px094_soc_workload_20261001\harrison_5_pair_plus_current_OR_a1_m5.npz,a6ec60558ce038df67b2849a096fd28d8693e5d2e46126fafb8abfd135ff4423,1,1,0,0,1,1,0,0,1,1,0,0
harrison_5_pair_plus_current_OR,harrison,5,pair,plus_current_OR,113799,13973,99826,22336,1949,20387,1256,0,1441,1644364800.0,C:\w\px094_soc_workload_20261001\harrison_5_pair_plus_current_OR_cases.npz,2d5d98ffc3f3dd797ddea96be3bc7f844eb91d5be9f150c34874285fde642bdf,1,15,5584.0,160,22176,8273.625,15818.229166666666,16625.0,C:\w\px094_soc_workload_20261001\harrison_5_pair_plus_current_OR_a1_m15.npz,22d63b1e6a71aa8e5bc5a5280ce481bc0abfe92799bcaf26d8d87a56879c8b52,1,1,0,0,1,1,0,0,1,1,0,0
harrison_5_pair_plus_current_OR,harrison,5,pair,plus_current_OR,113799,13973,99826,22336,1949,20387,1256,0,1441,1644364800.0,C:\w\px094_soc_workload_20261001\harrison_5_pair_plus_current_OR_cases.npz,2d5d98ffc3f3dd797ddea96be3bc7f844eb91d5be9f150c34874285fde642bdf,1,30,11168.0,80,22256,16649.5,31730.791666666668,33377.0,C:\w\px094_soc_workload_20261001\harrison_5_pair_plus_current_OR_a1_m30.npz,a92f3b83fb2e95dbb78bd77e601c10f0596c9baaa093fb3e04cfa13fef41690e,1,1,0,0,1,1,0,0,1,1,0,0
harrison_5_pair_plus_current_OR,harrison,5,pair,plus_current_OR,113799,13973,99826,22336,1949,20387,1256,0,1441,1644364800.0,C:\w\px094_soc_workload_20261001\harrison_5_pair_plus_current_OR_cases.npz,2d5d98ffc3f3dd797ddea96be3bc7f844eb91d5be9f150c34874285fde642bdf,2,5,1861.3333333333333,960,21376,1299.0416666666667,2549.75,2675.6666666666665,C:\w\px094_soc_workload_20261001\harrison_5_pair_plus_current_OR_a2_m5.npz,0cca02f14c01a26072f59f8e92930107926c9c69b4c3ca3b5749047a7c84ca56,1,1,0,0,1,1,0,0,1,1,0,0
harrison_5_pair_plus_current_OR,harrison,5,pair,plus_current_OR,113799,13973,99826,22336,1949,20387,1256,0,1441,1644364800.0,C:\w\px094_soc_workload_20261001\harrison_5_pair_plus_current_OR_cases.npz,2d5d98ffc3f3dd797ddea96be3bc7f844eb91d5be9f150c34874285fde642bdf,2,15,5584.0,320,22016,4085.625,7853.916666666667,8249.0,C:\w\px094_soc_workload_20261001\harrison_5_pair_plus_current_OR_a2_m15.npz,37427e88f77fe0bd4df1bc9744157295ee2de573be79db75c20f125966ae9e88,1,1,0,0,1,1,0,0,1,1,0,0
harrison_5_pair_plus_current_OR,harrison,5,pair,plus_current_OR,113799,13973,99826,22336,1949,20387,1256,0,1441,1644364800.0,C:\w\px094_soc_workload_20261001\harrison_5_pair_plus_current_OR_cases.npz,2d5d98ffc3f3dd797ddea96be3bc7f844eb91d5be9f150c34874285fde642bdf,2,30,11168.0,160,22176,8273.5,15818.166666666666,16625.0,C:\w\px094_soc_workload_20261001\harrison_5_pair_plus_current_OR_a2_m30.npz,9a3915643f3fe0205812ed22583882d417605550ccf1945ee09dcea3fe7db256,1,1,0,0,1,1,0,0,1,1,0,0
harrison_5_pair_plus_current_OR,harrison,5,pair,plus_current_OR,113799,13973,99826,22336,1949,20387,1256,0,1441,1644364800.0,C:\w\px094_soc_workload_20261001\harrison_5_pair_plus_current_OR_cases.npz,2d5d98ffc3f3dd797ddea96be3bc7f844eb91d5be9f150c34874285fde642bdf,4,5,1861.3333333333333,1920,20416,602.375,1227.6666666666667,1282.3333333333333,C:\w\px094_soc_workload_20261001\harrison_5_pair_plus_current_OR_a4_m5.npz,76829cfce2d33d7d366187d0bf366304bd957f32e83349511ba8a08f80077ed5,1,1,0,0,1,1,0,0,1,1,0,0
harrison_5_pair_plus_current_OR,harrison,5,pair,plus_current_OR,113799,13973,99826,22336,1949,20387,1256,0,1441,1644364800.0,C:\w\px094_soc_workload_20261001\harrison_5_pair_plus_current_OR_cases.npz,2d5d98ffc3f3dd797ddea96be3bc7f844eb91d5be9f150c34874285fde642bdf,4,15,5584.0,640,21696,1995.625,3871.6666666666665,4069.0,C:\w\px094_soc_workload_20261001\harrison_5_pair_plus_current_OR_a4_m15.npz,c8493a642f793126d868c9b4750a9a2e33b2d52ed520823dd12d02fb28b8159c,1,1,0,0,1,1,0,0,1,1,0,0
harrison_5_pair_plus_current_OR,harrison,5,pair,plus_current_OR,113799,13973,99826,22336,1949,20387,1256,0,1441,1644364800.0,C:\w\px094_soc_workload_20261001\harrison_5_pair_plus_current_OR_cases.npz,2d5d98ffc3f3dd797ddea96be3bc7f844eb91d5be9f150c34874285fde642bdf,4,30,11168.0,320,22016,4085.5,7853.666666666667,8249.0,C:\w\px094_soc_workload_20261001\harrison_5_pair_plus_current_OR_a4_m30.npz,b205dc82409afc6296aec4e0b754da62e02df5fe651c57e37c77c56155bdc90d,1,1,0,0,1,1,0,0,1,1,0,0
harrison_5_pair_full_OR,harrison,5,pair,full_OR,115395,15420,99975,22552,2157,20395,1256,0,1657,1644364800.0,C:\w\px094_soc_workload_20261001\harrison_5_pair_full_OR_cases.npz,c42b0f883d43e0f315c617f7135b5cc71d4779ce0bfbb80abf4ba488367f812c,1,5,1879.3333333333333,480,22072,2717.375,5258.954166666666,5512.333333333333,C:\w\px094_soc_workload_20261001\harrison_5_pair_full_OR_a1_m5.npz,ef6dce752fd360f0ebf46686d61dd81f8a2a7da274f872ab3ee873be6577f479,1,1,0,0,1,1,0,0,1,1,0,0
harrison_5_pair_full_OR,harrison,5,pair,full_OR,115395,15420,99975,22552,2157,20395,1256,0,1657,1644364800.0,C:\w\px094_soc_workload_20261001\harrison_5_pair_full_OR_cases.npz,c42b0f883d43e0f315c617f7135b5cc71d4779ce0bfbb80abf4ba488367f812c,1,15,5638.0,160,22392,8356.625,15965.529166666667,16791.0,C:\w\px094_soc_workload_20261001\harrison_5_pair_full_OR_a1_m15.npz,29df3e3e2bac27b9b6bce6e2ed581fa8c8ee231353d54fef0cda947b6045b1a0,1,1,0,0,1,1,0,0,1,1,0,0
harrison_5_pair_full_OR,harrison,5,pair,full_OR,115395,15420,99975,22552,2157,20395,1256,0,1657,1644364800.0,C:\w\px094_soc_workload_20261001\harrison_5_pair_full_OR_cases.npz,c42b0f883d43e0f315c617f7135b5cc71d4779ce0bfbb80abf4ba488367f812c,1,30,11276.0,80,22472,16807.5,32032.591666666678,33709.0,C:\w\px094_soc_workload_20261001\harrison_5_pair_full_OR_a1_m30.npz,a5a684b08716e3029338cc8f4005f90b5994ca11bbaafb1091759865269fa0b1,1,1,0,0,1,1,0,0,1,1,0,0
harrison_5_pair_full_OR,harrison,5,pair,full_OR,115395,15420,99975,22552,2157,20395,1256,0,1657,1644364800.0,C:\w\px094_soc_workload_20261001\harrison_5_pair_full_OR_cases.npz,c42b0f883d43e0f315c617f7135b5cc71d4779ce0bfbb80abf4ba488367f812c,2,5,1879.3333333333333,960,21592,1303.5416666666667,2574.2875,2700.6666666666665,C:\w\px094_soc_workload_20261001\harrison_5_pair_full_OR_a2_m5.npz,825dba2b6374be5b8d68729ead26834c3313ccd29050a966293cee978efc9e7a,1,1,0,0,1,1,0,0,1,1,0,0
harrison_5_pair_full_OR,harrison,5,pair,full_OR,115395,15420,99975,22552,2157,20395,1256,0,1657,1644364800.0,C:\w\px094_soc_workload_20261001\harrison_5_pair_full_OR_cases.npz,c42b0f883d43e0f315c617f7135b5cc71d4779ce0bfbb80abf4ba488367f812c,2,15,5638.0,320,22232,4131.125,7927.529166666666,8340.0,C:\w\px094_soc_workload_20261001\harrison_5_pair_full_OR_a2_m15.npz,c936815fe1b5685c053388f8795cc800c3a1262a9a5c1d357e1353b96c84bede,1,1,0,0,1,1,0,0,1,1,0,0
harrison_5_pair_full_OR,harrison,5,pair,full_OR,115395,15420,99975,22552,2157,20395,1256,0,1657,1644364800.0,C:\w\px094_soc_workload_20261001\harrison_5_pair_full_OR_cases.npz,c42b0f883d43e0f315c617f7135b5cc71d4779ce0bfbb80abf4ba488367f812c,2,30,11276.0,160,22392,8356.5,15965.391666666666,16791.0,C:\w\px094_soc_workload_20261001\harrison_5_pair_full_OR_a2_m30.npz,f7b7a79a4f9c2225c87c29bc345a5be9799a44fe8d3d56d4e7b19dfd91a26e1e,1,1,0,0,1,1,0,0,1,1,0,0
harrison_5_pair_full_OR,harrison,5,pair,full_OR,115395,15420,99975,22552,2157,20395,1256,0,1657,1644364800.0,C:\w\px094_soc_workload_20261001\harrison_5_pair_full_OR_cases.npz,c42b0f883d43e0f315c617f7135b5cc71d4779ce0bfbb80abf4ba488367f812c,4,5,1879.3333333333333,1920,20632,604.625,1231.9541666666667,1286.8333333333333,C:\w\px094_soc_workload_20261001\harrison_5_pair_full_OR_a4_m5.npz,95ba0318954700ad85f32af8d5eef922715dd33c720c506c8a098e01d60a92f3,1,1,0,0,1,1,0,0,1,1,0,0
harrison_5_pair_full_OR,harrison,5,pair,full_OR,115395,15420,99975,22552,2157,20395,1256,0,1657,1644364800.0,C:\w\px094_soc_workload_20261001\harrison_5_pair_full_OR_cases.npz,c42b0f883d43e0f315c617f7135b5cc71d4779ce0bfbb80abf4ba488367f812c,4,15,5638.0,640,21912,2018.375,3916.5291666666667,4114.5,C:\w\px094_soc_workload_20261001\harrison_5_pair_full_OR_a4_m15.npz,3e720bec50bdd3ed469b3d44b78575267dd23e539758af92d55e4d892a4b42f2,1,1,0,0,1,1,0,0,1,1,0,0
harrison_5_pair_full_OR,harrison,5,pair,full_OR,115395,15420,99975,22552,2157,20395,1256,0,1657,1644364800.0,C:\w\px094_soc_workload_20261001\harrison_5_pair_full_OR_cases.npz,c42b0f883d43e0f315c617f7135b5cc71d4779ce0bfbb80abf4ba488367f812c,4,30,11276.0,320,22232,4131.0,7927.391666666666,8340.0,C:\w\px094_soc_workload_20261001\harrison_5_pair_full_OR_a4_m30.npz,15362d84fba488cae0f69bd1aa2a3ed78b75916e5125870fbe75482befe02b46,1,1,0,0,1,1,0,0,1,1,0,0
harrison_5_source_base_mean,harrison,5,source,base_mean,100668,857,99811,1596,324,1272,1256,0,-124,1644364800.0,C:\w\px094_soc_workload_20261001\harrison_5_source_base_mean_cases.npz,3763828f3c22b4715bd8b9c4cd6bcd67b35c204dfac525471e691d5f5e245798,1,5,133.0,480,1116,152.41666666666666,274.4166666666667,278.0,C:\w\px094_soc_workload_20261001\harrison_5_source_base_mean_a1_m5.npz,65ccd9866eadbbc1bbed5a787e81d578593b8eb759db93e3b8c54ca64ad3b173,1,1,0,0,1,1,0,0,1,1,0,0
harrison_5_source_base_mean,harrison,5,source,base_mean,100668,857,99811,1596,324,1272,1256,0,-124,1644364800.0,C:\w\px094_soc_workload_20261001\harrison_5_source_base_mean_cases.npz,3763828f3c22b4715bd8b9c4cd6bcd67b35c204dfac525471e691d5f5e245798,1,15,399.0,160,1436,541.3333333333334,1038.9583333333333,1072.0,C:\w\px094_soc_workload_20261001\harrison_5_source_base_mean_a1_m15.npz,48156d50c8ad0b52f8b0d0dae84b168e21f8624efd6b24a94bb2bb38d6c01aba,1,1,0,0,1,1,0,0,1,1,0,0
harrison_5_source_base_mean,harrison,5,source,base_mean,100668,857,99811,1596,324,1272,1256,0,-124,1644364800.0,C:\w\px094_soc_workload_20261001\harrison_5_source_base_mean_cases.npz,3763828f3c22b4715bd8b9c4cd6bcd67b35c204dfac525471e691d5f5e245798,1,30,798.0,80,1516,1140.7083333333333,2169.7708333333335,2271.0,C:\w\px094_soc_workload_20261001\harrison_5_source_base_mean_a1_m30.npz,d85fd153bd7843fb3ee88c303b55c6d6b153412f74db7248c0d51182ef283cd1,1,1,0,0,1,1,0,0,1,1,0,0
harrison_5_source_base_mean,harrison,5,source,base_mean,100668,857,99811,1596,324,1272,1256,0,-124,1644364800.0,C:\w\px094_soc_workload_20261001\harrison_5_source_base_mean_cases.npz,3763828f3c22b4715bd8b9c4cd6bcd67b35c204dfac525471e691d5f5e245798,2,5,133.0,960,636,51.416666666666664,88.16666666666667,83.5,C:\w\px094_soc_workload_20261001\harrison_5_source_base_mean_a2_m5.npz,713dae55841bdedd5fe937191c391a4c8e545d49650482335ab0abd64fa393e1,1,1,0,0,1,1,0,0,1,1,0,0
harrison_5_source_base_mean,harrison,5,source,base_mean,100668,857,99811,1596,324,1272,1256,0,-124,1644364800.0,C:\w\px094_soc_workload_20261001\harrison_5_source_base_mean_cases.npz,3763828f3c22b4715bd8b9c4cd6bcd67b35c204dfac525471e691d5f5e245798,2,15,399.0,320,1276,249.58333333333334,465.5208333333333,472.5,C:\w\px094_soc_workload_20261001\harrison_5_source_base_mean_a2_m15.npz,5dcc0fd7e0db7de4af5d9de52a25092e9c44940c78a1afa81375838b592347bc,1,1,0,0,1,1,0,0,1,1,0,0
harrison_5_source_base_mean,harrison,5,source,base_mean,100668,857,99811,1596,324,1272,1256,0,-124,1644364800.0,C:\w\px094_soc_workload_20261001\harrison_5_source_base_mean_cases.npz,3763828f3c22b4715bd8b9c4cd6bcd67b35c204dfac525471e691d5f5e245798,2,30,798.0,160,1436,541.2083333333334,1038.8333333333333,1072.0,C:\w\px094_soc_workload_20261001\harrison_5_source_base_mean_a2_m30.npz,d12f56c20c4ee8d7f12e35d5cf6355015f83faf2f51b8189f839a02acd7784ad,1,1,0,0,1,1,0,0,1,1,0,0
harrison_5_source_base_mean,harrison,5,source,base_mean,100668,857,99811,1596,324,1272,1256,0,-124,1644364800.0,C:\w\px094_soc_workload_20261001\harrison_5_source_base_mean_cases.npz,3763828f3c22b4715bd8b9c4cd6bcd67b35c204dfac525471e691d5f5e245798,4,5,133.0,1596,0,6.5,15.25,0.0,C:\w\px094_soc_workload_20261001\harrison_5_source_base_mean_a4_m5.npz,e630ed9fa9b3c08e0444c702291d0a9fd9648020479f2223656fc146eb9d1c7d,1,1,0,0,1,1,0,0,1,1,0,0
harrison_5_source_base_mean,harrison,5,source,base_mean,100668,857,99811,1596,324,1272,1256,0,-124,1644364800.0,C:\w\px094_soc_workload_20261001\harrison_5_source_base_mean_cases.npz,3763828f3c22b4715bd8b9c4cd6bcd67b35c204dfac525471e691d5f5e245798,4,15,399.0,640,956,102.83333333333333,180.41666666666666,180.75,C:\w\px094_soc_workload_20261001\harrison_5_source_base_mean_a4_m15.npz,0098279cb730973922be84f48f04a293d9f6c159adba4f9b5cb5554f41e38517,1,1,0,0,1,1,0,0,1,1,0,0
harrison_5_source_base_mean,harrison,5,source,base_mean,100668,857,99811,1596,324,1272,1256,0,-124,1644364800.0,C:\w\px094_soc_workload_20261001\harrison_5_source_base_mean_cases.npz,3763828f3c22b4715bd8b9c4cd6bcd67b35c204dfac525471e691d5f5e245798,4,30,798.0,320,1276,249.45833333333334,465.4375,472.5,C:\w\px094_soc_workload_20261001\harrison_5_source_base_mean_a4_m30.npz,615eff52cfc9b728d7028e95c53cbef2a32acc92bbfb3c36680e5def0c5bf19a,1,1,0,0,1,1,0,0,1,1,0,0
harrison_5_source_base_OR,harrison,5,source,base_OR,101222,1404,99818,1720,448,1272,1256,0,0,1644364800.0,C:\w\px094_soc_workload_20261001\harrison_5_source_base_OR_cases.npz,3ef10e4a2f0f3a67c8ce8e4afaab5007c5106f75defe44adb48d0413e665b255,1,5,143.33333333333334,480,1240,157.66666666666666,316.1666666666667,304.3333333333333,C:\w\px094_soc_workload_20261001\harrison_5_source_base_OR_a1_m5.npz,9af82bb7f3368717aea8b26a9ee1d7ccb085342d0e90468a80c4d802540b4d7e,1,1,0,0,1,1,0,0,1,1,0,0
harrison_5_source_base_OR,harrison,5,source,base_OR,101222,1404,99818,1720,448,1272,1256,0,0,1644364800.0,C:\w\px094_soc_workload_20261001\harrison_5_source_base_OR_cases.npz,3ef10e4a2f0f3a67c8ce8e4afaab5007c5106f75defe44adb48d0413e665b255,1,15,430.0,160,1560,588.9166666666666,1132.3416666666667,1167.0,C:\w\px094_soc_workload_20261001\harrison_5_source_base_OR_a1_m15.npz,f6447fe1a2cac1f39e2998824da1ee63f1f91a65030a75b72866ff2474d6939a,1,1,0,0,1,1,0,0,1,1,0,0
harrison_5_source_base_OR,harrison,5,source,base_OR,101222,1404,99818,1720,448,1272,1256,0,0,1644364800.0,C:\w\px094_soc_workload_20261001\harrison_5_source_base_OR_cases.npz,3ef10e4a2f0f3a67c8ce8e4afaab5007c5106f75defe44adb48d0413e665b255,1,30,860.0,80,1640,1235.7916666666667,2356.6041666666665,2461.0,C:\w\px094_soc_workload_20261001\harrison_5_source_base_OR_a1_m30.npz,cbf9a236f478fe0e9a9d8e565479ca630cbfb6fddde8478a5ab1602f72eec342,1,1,0,0,1,1,0,0,1,1,0,0
harrison_5_source_base_OR,harrison,5,source,base_OR,101222,1404,99818,1720,448,1272,1256,0,0,1644364800.0,C:\w\px094_soc_workload_20261001\harrison_5_source_base_OR_cases.npz,3ef10e4a2f0f3a67c8ce8e4afaab5007c5106f75defe44adb48d0413e665b255,2,5,143.33333333333334,960,760,57.5,104.41666666666667,88.66666666666667,C:\w\px094_soc_workload_20261001\harrison_5_source_base_OR_a2_m5.npz,10a2a0ea6afd1e4bf224685af475fd9b030eac543f12a63cc981e2da18c108e1,1,1,0,0,1,1,0,0,1,1,0,0
harrison_5_source_base_OR,harrison,5,source,base_OR,101222,1404,99818,1720,448,1272,1256,0,0,1644364800.0,C:\w\px094_soc_workload_20261001\harrison_5_source_base_OR_cases.npz,3ef10e4a2f0f3a67c8ce8e4afaab5007c5106f75defe44adb48d0413e665b255,2,15,430.0,320,1400,273.4166666666667,512.0916666666667,520.0,C:\w\px094_soc_workload_20261001\harrison_5_source_base_OR_a2_m15.npz,b870c7a1ae47e507348de5983885b68384d5292f5ad0aa5142cbaf5770360bf2,1,1,0,0,1,1,0,0,1,1,0,0
harrison_5_source_base_OR,harrison,5,source,base_OR,101222,1404,99818,1720,448,1272,1256,0,0,1644364800.0,C:\w\px094_soc_workload_20261001\harrison_5_source_base_OR_cases.npz,3ef10e4a2f0f3a67c8ce8e4afaab5007c5106f75defe44adb48d0413e665b255,2,30,860.0,160,1560,588.7916666666666,1132.1041666666667,1167.0,C:\w\px094_soc_workload_20261001\harrison_5_source_base_OR_a2_m30.npz,2adab546c2cbfa6441abf2ee5b253b1dbf85df3f955163cd286aa243fb1a1e95,1,1,0,0,1,1,0,0,1,1,0,0
harrison_5_source_base_OR,harrison,5,source,base_OR,101222,1404,99818,1720,448,1272,1256,0,0,1644364800.0,C:\w\px094_soc_workload_20261001\harrison_5_source_base_OR_cases.npz,3ef10e4a2f0f3a67c8ce8e4afaab5007c5106f75defe44adb48d0413e665b255,4,5,143.33333333333334,1720,0,7.083333333333333,15.583333333333334,0.0,C:\w\px094_soc_workload_20261001\harrison_5_source_base_OR_a4_m5.npz,53482bf59c5c77ac614f9aba83ccc03e1feaed769be96dd13c44e371071a3fa2,1,1,0,0,1,1,0,0,1,1,0,0
harrison_5_source_base_OR,harrison,5,source,base_OR,101222,1404,99818,1720,448,1272,1256,0,0,1644364800.0,C:\w\px094_soc_workload_20261001\harrison_5_source_base_OR_cases.npz,3ef10e4a2f0f3a67c8ce8e4afaab5007c5106f75defe44adb48d0413e665b255,4,15,430.0,640,1080,107.91666666666667,203.00416666666666,204.5,C:\w\px094_soc_workload_20261001\harrison_5_source_base_OR_a4_m15.npz,4cdd3c84675322062d575dfe0c80d861e519ad1ba351d693daaa07176031d7b2,1,1,0,0,1,1,0,0,1,1,0,0
harrison_5_source_base_OR,harrison,5,source,base_OR,101222,1404,99818,1720,448,1272,1256,0,0,1644364800.0,C:\w\px094_soc_workload_20261001\harrison_5_source_base_OR_cases.npz,3ef10e4a2f0f3a67c8ce8e4afaab5007c5106f75defe44adb48d0413e665b255,4,30,860.0,320,1400,273.2916666666667,512.0041666666667,520.0,C:\w\px094_soc_workload_20261001\harrison_5_source_base_OR_a4_m30.npz,d9cf3555da2c39c1b33083fbe0a46d5a1305b1678b038f9719cf5fa5c615174d,1,1,0,0,1,1,0,0,1,1,0,0
harrison_5_source_plus_current_OR,harrison,5,source,plus_current_OR,113799,13973,99826,3137,1862,1275,1256,0,1417,1644364800.0,C:\w\px094_soc_workload_20261001\harrison_5_source_plus_current_OR_cases.npz,4171fc86e9f478082eb2db84aa4864404e1cf16335c50e789c392dbe2840f663,1,5,261.4166666666667,480,2657,343.5,652.4333333333333,662.4166666666666,C:\w\px094_soc_workload_20261001\harrison_5_source_plus_current_OR_a1_m5.npz,9fe5b18e733f106a6898a8dc79c9a5171ffa0c7012296781f9e31b3ec7929832,1,1,0,0,1,1,0,0,1,1,0,0
harrison_5_source_plus_current_OR,harrison,5,source,plus_current_OR,113799,13973,99826,3137,1862,1275,1256,0,1417,1644364800.0,C:\w\px094_soc_workload_20261001\harrison_5_source_plus_current_OR_cases.npz,4171fc86e9f478082eb2db84aa4864404e1cf16335c50e789c392dbe2840f663,1,15,784.25,160,2977,1132.8333333333333,2140.9666666666667,2241.25,C:\w\px094_soc_workload_20261001\harrison_5_source_plus_current_OR_a1_m15.npz,71482260f161d55e0ff6e677a676955b8298e5b7b16cbaaeca9b8ae410d5f1de,1,1,0,0,1,1,0,0,1,1,0,0
harrison_5_source_plus_current_OR,harrison,5,source,plus_current_OR,113799,13973,99826,3137,1862,1275,1256,0,1417,1644364800.0,C:\w\px094_soc_workload_20261001\harrison_5_source_plus_current_OR_cases.npz,4171fc86e9f478082eb2db84aa4864404e1cf16335c50e789c392dbe2840f663,1,30,1568.5,80,3057,2308.8333333333335,4373.766666666666,4593.5,C:\w\px094_soc_workload_20261001\harrison_5_source_plus_current_OR_a1_m30.npz,16d81a40b80f1b244f0066c53e0506d9d37695d97efa1637e1ead0511491cdec,1,1,0,0,1,1,0,0,1,1,0,0
harrison_5_source_plus_current_OR,harrison,5,source,plus_current_OR,113799,13973,99826,3137,1862,1275,1256,0,1417,1644364800.0,C:\w\px094_soc_workload_20261001\harrison_5_source_plus_current_OR_cases.npz,4171fc86e9f478082eb2db84aa4864404e1cf16335c50e789c392dbe2840f663,2,5,261.4166666666667,960,2177,150.16666666666666,272.3333333333333,275.75,C:\w\px094_soc_workload_20261001\harrison_5_source_plus_current_OR_a2_m5.npz,06c0aa4763da34c73ce8d011111cd20790436ae2d3d0524a0041da265c69e95c,1,1,0,0,1,1,0,0,1,1,0,0
harrison_5_source_plus_current_OR,harrison,5,source,plus_current_OR,113799,13973,99826,3137,1862,1275,1256,0,1417,1644364800.0,C:\w\px094_soc_workload_20261001\harrison_5_source_plus_current_OR_cases.npz,4171fc86e9f478082eb2db84aa4864404e1cf16335c50e789c392dbe2840f663,2,15,784.25,320,2817,536.8333333333334,1016.5166666666667,1065.25,C:\w\px094_soc_workload_20261001\harrison_5_source_plus_current_OR_a2_m15.npz,814ab042834adafdf482b9d55a53f57ddb54d3428beb4fd4980dc89235825f74,1,1,0,0,1,1,0,0,1,1,0,0
harrison_5_source_plus_current_OR,harrison,5,source,plus_current_OR,113799,13973,99826,3137,1862,1275,1256,0,1417,1644364800.0,C:\w\px094_soc_workload_20261001\harrison_5_source_plus_current_OR_cases.npz,4171fc86e9f478082eb2db84aa4864404e1cf16335c50e789c392dbe2840f663,2,30,1568.5,160,2977,1132.8333333333333,2140.8166666666666,2241.5,C:\w\px094_soc_workload_20261001\harrison_5_source_plus_current_OR_a2_m30.npz,621869d6f3e3553e8ef4065a22c37109323952ca6e80f162703d00ff8a851e87,1,1,0,0,1,1,0,0,1,1,0,0
harrison_5_source_plus_current_OR,harrison,5,source,plus_current_OR,113799,13973,99826,3137,1862,1275,1256,0,1417,1644364800.0,C:\w\px094_soc_workload_20261001\harrison_5_source_plus_current_OR_cases.npz,4171fc86e9f478082eb2db84aa4864404e1cf16335c50e789c392dbe2840f663,4,5,261.4166666666667,1920,1217,49.333333333333336,85.0,82.41666666666667,C:\w\px094_soc_workload_20261001\harrison_5_source_plus_current_OR_a4_m5.npz,1a699fae93e2fc139bf13f477d8a0a8692e6cf3082c8508025c8c591fa9c69ab,1,1,0,0,1,1,0,0,1,1,0,0
harrison_5_source_plus_current_OR,harrison,5,source,plus_current_OR,113799,13973,99826,3137,1862,1275,1256,0,1417,1644364800.0,C:\w\px094_soc_workload_20261001\harrison_5_source_plus_current_OR_cases.npz,4171fc86e9f478082eb2db84aa4864404e1cf16335c50e789c392dbe2840f663,4,15,784.25,640,2497,246.75,462.3333333333333,469.25,C:\w\px094_soc_workload_20261001\harrison_5_source_plus_current_OR_a4_m15.npz,9184e12c8209b3764a044b9c32c54aec6783d40127c0a9d0f16596a0058fcb66,1,1,0,0,1,1,0,0,1,1,0,0
harrison_5_source_plus_current_OR,harrison,5,source,plus_current_OR,113799,13973,99826,3137,1862,1275,1256,0,1417,1644364800.0,C:\w\px094_soc_workload_20261001\harrison_5_source_plus_current_OR_cases.npz,4171fc86e9f478082eb2db84aa4864404e1cf16335c50e789c392dbe2840f663,4,30,1568.5,320,2817,536.75,1016.3833333333333,1065.5,C:\w\px094_soc_workload_20261001\harrison_5_source_plus_current_OR_a4_m30.npz,069766568d471a22799507642dc0e68e91b018cddc9327bc0575225d3a4686da,1,1,0,0,1,1,0,0,1,1,0,0
harrison_5_source_full_OR,harrison,5,source,full_OR,115395,15420,99975,3155,1876,1279,1256,0,1435,1644364800.0,C:\w\px094_soc_workload_20261001\harrison_5_source_full_OR_cases.npz,2246147dc3e49f69ec9c92cd246b29da9e7a8224c84c6dbcbd03ed2fc4b1d832,1,5,262.9166666666667,480,2675,344.4166666666667,653.775,663.9166666666666,C:\w\px094_soc_workload_20261001\harrison_5_source_full_OR_a1_m5.npz,ccbbbf39915a5e0700ba43845ba6d7d2f7bfc99bcfa07f19abd73faa431817b9,1,1,0,0,1,1,0,0,1,1,0,0
harrison_5_source_full_OR,harrison,5,source,full_OR,115395,15420,99975,3155,1876,1279,1256,0,1435,1644364800.0,C:\w\px094_soc_workload_20261001\harrison_5_source_full_OR_cases.npz,2246147dc3e49f69ec9c92cd246b29da9e7a8224c84c6dbcbd03ed2fc4b1d832,1,15,788.75,160,2995,1135.25,2145.1583333333333,2245.75,C:\w\px094_soc_workload_20261001\harrison_5_source_full_OR_a1_m15.npz,8ece5c7bf4a2415c93cb79fbb2a6c4ae40d72a0ef8adef500456291945bc4077,1,1,0,0,1,1,0,0,1,1,0,0
harrison_5_source_full_OR,harrison,5,source,full_OR,115395,15420,99975,3155,1876,1279,1256,0,1435,1644364800.0,C:\w\px094_soc_workload_20261001\harrison_5_source_full_OR_cases.npz,2246147dc3e49f69ec9c92cd246b29da9e7a8224c84c6dbcbd03ed2fc4b1d832,1,30,1577.5,80,3075,2313.5,4398.233333333334,4618.5,C:\w\px094_soc_workload_20261001\harrison_5_source_full_OR_a1_m30.npz,df9cc21138b952d1355c538d1e0d96c8a00725433415c6d709bea1c00018128e,1,1,0,0,1,1,0,0,1,1,0,0
harrison_5_source_full_OR,harrison,5,source,full_OR,115395,15420,99975,3155,1876,1279,1256,0,1435,1644364800.0,C:\w\px094_soc_workload_20261001\harrison_5_source_full_OR_cases.npz,2246147dc3e49f69ec9c92cd246b29da9e7a8224c84c6dbcbd03ed2fc4b1d832,2,5,262.9166666666667,960,2195,150.66666666666666,273.0,276.5,C:\w\px094_soc_workload_20261001\harrison_5_source_full_OR_a2_m5.npz,4f6c51bf5c1a06c81e00d4de373d9bb494f36b3474ee62f9735c3c2f80710ee4,1,1,0,0,1,1,0,0,1,1,0,0
harrison_5_source_full_OR,harrison,5,source,full_OR,115395,15420,99975,3155,1876,1279,1256,0,1435,1644364800.0,C:\w\px094_soc_workload_20261001\harrison_5_source_full_OR_cases.npz,2246147dc3e49f69ec9c92cd246b29da9e7a8224c84c6dbcbd03ed2fc4b1d832,2,15,788.75,320,2835,538.0,1018.5833333333334,1067.5,C:\w\px094_soc_workload_20261001\harrison_5_source_full_OR_a2_m15.npz,1ae8a998bdad17e1643ca21de241cc89666f63b0ec60b63505ca52d1f30af907,1,1,0,0,1,1,0,0,1,1,0,0
harrison_5_source_full_OR,harrison,5,source,full_OR,115395,15420,99975,3155,1876,1279,1256,0,1435,1644364800.0,C:\w\px094_soc_workload_20261001\harrison_5_source_full_OR_cases.npz,2246147dc3e49f69ec9c92cd246b29da9e7a8224c84c6dbcbd03ed2fc4b1d832,2,30,1577.5,160,2995,1135.0,2145.0833333333335,2246.0,C:\w\px094_soc_workload_20261001\harrison_5_source_full_OR_a2_m30.npz,53c131160d6a1c4cd5f707752fa25639b2ac373a5011d8467553c07d4eb54f1d,1,1,0,0,1,1,0,0,1,1,0,0
harrison_5_source_full_OR,harrison,5,source,full_OR,115395,15420,99975,3155,1876,1279,1256,0,1435,1644364800.0,C:\w\px094_soc_workload_20261001\harrison_5_source_full_OR_cases.npz,2246147dc3e49f69ec9c92cd246b29da9e7a8224c84c6dbcbd03ed2fc4b1d832,4,5,262.9166666666667,1920,1235,49.833333333333336,85.66666666666667,82.75,C:\w\px094_soc_workload_20261001\harrison_5_source_full_OR_a4_m5.npz,4d76b5aaf2d07381401dd3a35089d4633bd94fd22020f2ca7d0ebe59998571d8,1,1,0,0,1,1,0,0,1,1,0,0
harrison_5_source_full_OR,harrison,5,source,full_OR,115395,15420,99975,3155,1876,1279,1256,0,1435,1644364800.0,C:\w\px094_soc_workload_20261001\harrison_5_source_full_OR_cases.npz,2246147dc3e49f69ec9c92cd246b29da9e7a8224c84c6dbcbd03ed2fc4b1d832,4,15,788.75,640,2515,247.41666666666666,463.275,470.25,C:\w\px094_soc_workload_20261001\harrison_5_source_full_OR_a4_m15.npz,8debad1884b04bda6ed242d2e792b69c0a48360a6284d865b70ea620fdf6b7d5,1,1,0,0,1,1,0,0,1,1,0,0
harrison_5_source_full_OR,harrison,5,source,full_OR,115395,15420,99975,3155,1876,1279,1256,0,1435,1644364800.0,C:\w\px094_soc_workload_20261001\harrison_5_source_full_OR_cases.npz,2246147dc3e49f69ec9c92cd246b29da9e7a8224c84c6dbcbd03ed2fc4b1d832,4,30,1577.5,320,2835,537.9166666666666,1018.525,1067.5,C:\w\px094_soc_workload_20261001\harrison_5_source_full_OR_a4_m30.npz,0221e71eb8e9df969734a254bb2ec0c433ac89d33c3f01df88d51c3fa5407dc8,1,1,0,0,1,1,0,0,1,1,0,0
harrison_15_pair_base_mean,harrison,15,pair,base_mean,100668,857,99811,18795,222,18573,419,0,-33,1644364800.0,C:\w\px094_soc_workload_20261001\harrison_15_pair_base_mean_cases.npz,fc3235543776323a818a2723d65e7ab1da939dc47f3297bb812df92d617b898b,1,5,1566.25,480,18315,2240.8333333333335,4353.358333333334,4575.25,C:\w\px094_soc_workload_20261001\harrison_15_pair_base_mean_a1_m5.npz,1dcf181b19c47e9a33cb5b66cc9e03052325c3bd91411032091a0174c8116672,1,1,0,0,1,1,0,0,1,1,0,0
harrison_15_pair_base_mean,harrison,15,pair,base_mean,100668,857,99811,18795,222,18573,419,0,-33,1644364800.0,C:\w\px094_soc_workload_20261001\harrison_15_pair_base_mean_cases.npz,fc3235543776323a818a2723d65e7ab1da939dc47f3297bb812df92d617b898b,1,15,4698.75,160,18635,6943.0,13281.075,13979.75,C:\w\px094_soc_workload_20261001\harrison_15_pair_base_mean_a1_m15.npz,81de168b5229be19e365dd7be4608c56be14d84174fba6babe7baaa0d17d43eb,1,1,0,0,1,1,0,0,1,1,0,0
harrison_15_pair_base_mean,harrison,15,pair,base_mean,100668,857,99811,18795,222,18573,419,0,-33,1644364800.0,C:\w\px094_soc_workload_20261001\harrison_15_pair_base_mean_cases.npz,fc3235543776323a818a2723d65e7ab1da939dc47f3297bb812df92d617b898b,1,30,9397.5,80,18715,13996.25,26672.65,28070.5,C:\w\px094_soc_workload_20261001\harrison_15_pair_base_mean_a1_m30.npz,3648334fc00d6fe10f63d305af295873ba3f36daace065478e2fa92e350044e6,1,1,0,0,1,1,0,0,1,1,0,0
harrison_15_pair_base_mean,harrison,15,pair,base_mean,100668,857,99811,18795,222,18573,419,0,-33,1644364800.0,C:\w\px094_soc_workload_20261001\harrison_15_pair_base_mean_cases.npz,fc3235543776323a818a2723d65e7ab1da939dc47f3297bb812df92d617b898b,2,5,1566.25,695,18100,1108.3333333333333,2164.4416666666666,2267.1666666666665,C:\w\px094_soc_workload_20261001\harrison_15_pair_base_mean_a2_m5.npz,0fa3b8b957151fea8d96dce1afe50edb0cb5f3a088403d35d6007505269ae294,1,1,0,0,1,1,0,0,1,1,0,0
harrison_15_pair_base_mean,harrison,15,pair,base_mean,100668,857,99811,18795,222,18573,419,0,-33,1644364800.0,C:\w\px094_soc_workload_20261001\harrison_15_pair_base_mean_cases.npz,fc3235543776323a818a2723d65e7ab1da939dc47f3297bb812df92d617b898b,2,15,4698.75,320,18475,3416.25,6585.25,6926.5,C:\w\px094_soc_workload_20261001\harrison_15_pair_base_mean_a2_m15.npz,417a9ca1ca96f538fd8f49768e91411f43b3e009a81b884afa208b418f79bd8b,1,1,0,0,1,1,0,0,1,1,0,0
harrison_15_pair_base_mean,harrison,15,pair,base_mean,100668,857,99811,18795,222,18573,419,0,-33,1644364800.0,C:\w\px094_soc_workload_20261001\harrison_15_pair_base_mean_cases.npz,fc3235543776323a818a2723d65e7ab1da939dc47f3297bb812df92d617b898b,2,30,9397.5,160,18635,6942.75,13281.0,13980.0,C:\w\px094_soc_workload_20261001\harrison_15_pair_base_mean_a2_m30.npz,708fb3250b82f83e22b4af3a73e847df9777af9a342291300dde6c803b94937e,1,1,0,0,1,1,0,0,1,1,0,0
harrison_15_pair_base_mean,harrison,15,pair,base_mean,100668,857,99811,18795,222,18573,419,0,-33,1644364800.0,C:\w\px094_soc_workload_20261001\harrison_15_pair_base_mean_cases.npz,fc3235543776323a818a2723d65e7ab1da939dc47f3297bb812df92d617b898b,4,5,1566.25,887,17908,555.0,1082.9416666666666,1118.0833333333333,C:\w\px094_soc_workload_20261001\harrison_15_pair_base_mean_a4_m5.npz,940bb3e7d785ec9c262cc2fed7b75b9daf76e1ae9d29b1bb51436a43d96b8637,1,1,0,0,1,1,0,0,1,1,0,0
harrison_15_pair_base_mean,harrison,15,pair,base_mean,100668,857,99811,18795,222,18573,419,0,-33,1644364800.0,C:\w\px094_soc_workload_20261001\harrison_15_pair_base_mean_cases.npz,fc3235543776323a818a2723d65e7ab1da939dc47f3297bb812df92d617b898b,4,15,4698.75,618,18177,1662.25,3246.75,3417.25,C:\w\px094_soc_workload_20261001\harrison_15_pair_base_mean_a4_m15.npz,4f57605c0496a628d727c63bab091f5ccd56a106331df024fc6daf63c6c8232f,1,1,0,0,1,1,0,0,1,1,0,0
harrison_15_pair_base_mean,harrison,15,pair,base_mean,100668,857,99811,18795,222,18573,419,0,-33,1644364800.0,C:\w\px094_soc_workload_20261001\harrison_15_pair_base_mean_cases.npz,fc3235543776323a818a2723d65e7ab1da939dc47f3297bb812df92d617b898b,4,30,9397.5,320,18475,3416.25,6585.0,6926.5,C:\w\px094_soc_workload_20261001\harrison_15_pair_base_mean_a4_m30.npz,e736a0aeaa2e7f7e225d379738a6d3b012f99fe703042c9b8af257b63d06cbba,1,1,0,0,1,1,0,0,1,1,0,0
harrison_15_pair_base_OR,harrison,15,pair,base_OR,101222,1404,99818,18828,255,18573,419,0,0,1644364800.0,C:\w\px094_soc_workload_20261001\harrison_15_pair_base_OR_cases.npz,b12467de54ae1d6f6f6b03e744a6eff9a47f6b2fb36e678bbbd6491a7bffe932,1,5,1569.0,480,18348,2258.2083333333335,4371.970833333334,4594.0,C:\w\px094_soc_workload_20261001\harrison_15_pair_base_OR_a1_m5.npz,a84a9e2ac6ba19ba365df8af62a172bfa7d763bd696d136617c8def611980354,1,1,0,0,1,1,0,0,1,1,0,0
harrison_15_pair_base_OR,harrison,15,pair,base_OR,101222,1404,99818,18828,255,18573,419,0,0,1644364800.0,C:\w\px094_soc_workload_20261001\harrison_15_pair_base_OR_cases.npz,b12467de54ae1d6f6f6b03e744a6eff9a47f6b2fb36e678bbbd6491a7bffe932,1,15,4707.0,160,18668,6963.125,13304.9125,14004.0,C:\w\px094_soc_workload_20261001\harrison_15_pair_base_OR_a1_m15.npz,33935a8653e714e35b6f545c1be664b248c6ab442e59b41aefc8c2f8a37a9bc9,1,1,0,0,1,1,0,0,1,1,0,0
harrison_15_pair_base_OR,harrison,15,pair,base_OR,101222,1404,99818,18828,255,18573,419,0,0,1644364800.0,C:\w\px094_soc_workload_20261001\harrison_15_pair_base_OR_cases.npz,b12467de54ae1d6f6f6b03e744a6eff9a47f6b2fb36e678bbbd6491a7bffe932,1,30,9414.0,80,18748,14020.5,26720.325,28119.0,C:\w\px094_soc_workload_20261001\harrison_15_pair_base_OR_a1_m30.npz,a0a52af150d9a61a47e86e8e1a99355715e67521e32ea24a91e87df60571d7b7,1,1,0,0,1,1,0,0,1,1,0,0
harrison_15_pair_base_OR,harrison,15,pair,base_OR,101222,1404,99818,18828,255,18573,419,0,0,1644364800.0,C:\w\px094_soc_workload_20261001\harrison_15_pair_base_OR_cases.npz,b12467de54ae1d6f6f6b03e744a6eff9a47f6b2fb36e678bbbd6491a7bffe932,2,5,1569.0,720,18108,1107.9583333333333,2164.720833333333,2267.5,C:\w\px094_soc_workload_20261001\harrison_15_pair_base_OR_a2_m5.npz,3d5f87a15280c8dff0e06312a1cbd1d0b038ba493c6da62464b5d8f9cffc162a,1,1,0,0,1,1,0,0,1,1,0,0
harrison_15_pair_base_OR,harrison,15,pair,base_OR,101222,1404,99818,18828,255,18573,419,0,0,1644364800.0,C:\w\px094_soc_workload_20261001\harrison_15_pair_base_OR_cases.npz,b12467de54ae1d6f6f6b03e744a6eff9a47f6b2fb36e678bbbd6491a7bffe932,2,15,4707.0,320,18508,3434.375,6605.1624999999985,6946.5,C:\w\px094_soc_workload_20261001\harrison_15_pair_base_OR_a2_m15.npz,692bb9c8fccbdca92d49715983e583a042aa2dd6a0144991ceb3ee12ae8467db,1,1,0,0,1,1,0,0,1,1,0,0
harrison_15_pair_base_OR,harrison,15,pair,base_OR,101222,1404,99818,18828,255,18573,419,0,0,1644364800.0,C:\w\px094_soc_workload_20261001\harrison_15_pair_base_OR_cases.npz,b12467de54ae1d6f6f6b03e744a6eff9a47f6b2fb36e678bbbd6491a7bffe932,2,30,9414.0,160,18668,6963.0,13304.824999999997,14004.0,C:\w\px094_soc_workload_20261001\harrison_15_pair_base_OR_a2_m30.npz,624dd4b798d9fd0735dd0361629794e131fd6877674ba1ed2b2867da3d6de67e,1,1,0,0,1,1,0,0,1,1,0,0
harrison_15_pair_base_OR,harrison,15,pair,base_OR,101222,1404,99818,18828,255,18573,419,0,0,1644364800.0,C:\w\px094_soc_workload_20261001\harrison_15_pair_base_OR_cases.npz,b12467de54ae1d6f6f6b03e744a6eff9a47f6b2fb36e678bbbd6491a7bffe932,4,5,1569.0,912,17916,554.8333333333334,1083.0833333333333,1118.25,C:\w\px094_soc_workload_20261001\harrison_15_pair_base_OR_a4_m5.npz,de3899dd8bdb328be711f64f1172745252e0473af2523b25d431c2305a731b56,1,1,0,0,1,1,0,0,1,1,0,0
harrison_15_pair_base_OR,harrison,15,pair,base_OR,101222,1404,99818,18828,255,18573,419,0,0,1644364800.0,C:\w\px094_soc_workload_20261001\harrison_15_pair_base_OR_cases.npz,b12467de54ae1d6f6f6b03e744a6eff9a47f6b2fb36e678bbbd6491a7bffe932,4,15,4707.0,622,18206,1663.125,3248.4124999999995,3419.0,C:\w\px094_soc_workload_20261001\harrison_15_pair_base_OR_a4_m15.npz,eb72dff9d597dd4a3c80ee1206c22150f324a60d51417a1d08b2eefa6d4fc580,1,1,0,0,1,1,0,0,1,1,0,0
harrison_15_pair_base_OR,harrison,15,pair,base_OR,101222,1404,99818,18828,255,18573,419,0,0,1644364800.0,C:\w\px094_soc_workload_20261001\harrison_15_pair_base_OR_cases.npz,b12467de54ae1d6f6f6b03e744a6eff9a47f6b2fb36e678bbbd6491a7bffe932,4,30,9414.0,320,18508,3434.25,6605.0,6946.5,C:\w\px094_soc_workload_20261001\harrison_15_pair_base_OR_a4_m30.npz,4deb8eed026c6770ab251797b8ced1f9f09a80d1d39b5922c24ee3925f285d09,1,1,0,0,1,1,0,0,1,1,0,0
harrison_15_pair_plus_current_OR,harrison,15,pair,plus_current_OR,113799,13973,99826,19443,867,18576,419,0,615,1644364800.0,C:\w\px094_soc_workload_20261001\harrison_15_pair_plus_current_OR_cases.npz,8a8591db36a1b9098ec40b82dac08fd6457c8da12ff259c834786731ccc0a31b,1,5,1620.25,480,18963,2331.8333333333335,4516.658333333334,4741.25,C:\w\px094_soc_workload_20261001\harrison_15_pair_plus_current_OR_a1_m5.npz,71da0b95bb1b4671c9de508341c1231090fcd2278158ba313971d41269273123,1,1,0,0,1,1,0,0,1,1,0,0
harrison_15_pair_plus_current_OR,harrison,15,pair,plus_current_OR,113799,13973,99826,19443,867,18576,419,0,615,1644364800.0,C:\w\px094_soc_workload_20261001\harrison_15_pair_plus_current_OR_cases.npz,8a8591db36a1b9098ec40b82dac08fd6457c8da12ff259c834786731ccc0a31b,1,15,4860.75,160,19283,7184.0,13754.975,14461.75,C:\w\px094_soc_workload_20261001\harrison_15_pair_plus_current_OR_a1_m15.npz,4edd188400e59863e3683aa8378b434facb669ec7bd44c690a018943a13dd1c7,1,1,0,0,1,1,0,0,1,1,0,0
harrison_15_pair_plus_current_OR,harrison,15,pair,plus_current_OR,113799,13973,99826,19443,867,18576,419,0,615,1644364800.0,C:\w\px094_soc_workload_20261001\harrison_15_pair_plus_current_OR_cases.npz,8a8591db36a1b9098ec40b82dac08fd6457c8da12ff259c834786731ccc0a31b,1,30,9721.5,80,19363,14478.25,27604.45,29050.5,C:\w\px094_soc_workload_20261001\harrison_15_pair_plus_current_OR_a1_m30.npz,5dd11defde8d4d1880631086e09353b502f9853eb992d4e24b68fce6cf5f8471,1,1,0,0,1,1,0,0,1,1,0,0
harrison_15_pair_plus_current_OR,harrison,15,pair,plus_current_OR,113799,13973,99826,19443,867,18576,419,0,615,1644364800.0,C:\w\px094_soc_workload_20261001\harrison_15_pair_plus_current_OR_cases.npz,8a8591db36a1b9098ec40b82dac08fd6457c8da12ff259c834786731ccc0a31b,2,5,1620.25,960,18483,1110.75,2211.075,2315.1666666666665,C:\w\px094_soc_workload_20261001\harrison_15_pair_plus_current_OR_a2_m5.npz,d3c67799990064c103d13dea2d909b3253c22eb39e29b97cb30e280b1fb01ab7,1,1,0,0,1,1,0,0,1,1,0,0
harrison_15_pair_plus_current_OR,harrison,15,pair,plus_current_OR,113799,13973,99826,19443,867,18576,419,0,615,1644364800.0,C:\w\px094_soc_workload_20261001\harrison_15_pair_plus_current_OR_cases.npz,8a8591db36a1b9098ec40b82dac08fd6457c8da12ff259c834786731ccc0a31b,2,15,4860.75,320,19123,3536.75,6822.2249999999985,7167.5,C:\w\px094_soc_workload_20261001\harrison_15_pair_plus_current_OR_a2_m15.npz,00e01531d0ae89c55fafb6963dd49234bc91f7f18c28fd3edd381618e751f8d3,1,1,0,0,1,1,0,0,1,1,0,0
harrison_15_pair_plus_current_OR,harrison,15,pair,plus_current_OR,113799,13973,99826,19443,867,18576,419,0,615,1644364800.0,C:\w\px094_soc_workload_20261001\harrison_15_pair_plus_current_OR_cases.npz,8a8591db36a1b9098ec40b82dac08fd6457c8da12ff259c834786731ccc0a31b,2,30,9721.5,160,19283,7183.75,13754.949999999997,14462.0,C:\w\px094_soc_workload_20261001\harrison_15_pair_plus_current_OR_a2_m30.npz,2f67f19c6cdc7a008968c38fe8e872640b8dcf7ba0ab45b2ccc23f664ed2f39d,1,1,0,0,1,1,0,0,1,1,0,0
harrison_15_pair_plus_current_OR,harrison,15,pair,plus_current_OR,113799,13973,99826,19443,867,18576,419,0,615,1644364800.0,C:\w\px094_soc_workload_20261001\harrison_15_pair_plus_current_OR_cases.npz,8a8591db36a1b9098ec40b82dac08fd6457c8da12ff259c834786731ccc0a31b,4,5,1620.25,1417,18026,534.75,1084.75,1120.5833333333333,C:\w\px094_soc_workload_20261001\harrison_15_pair_plus_current_OR_a4_m5.npz,108605f526490c05fb0532de92480518eb1f216b33f095254137395dc85efa31,1,1,0,0,1,1,0,0,1,1,0,0
harrison_15_pair_plus_current_OR,harrison,15,pair,plus_current_OR,113799,13973,99826,19443,867,18576,419,0,615,1644364800.0,C:\w\px094_soc_workload_20261001\harrison_15_pair_plus_current_OR_cases.npz,8a8591db36a1b9098ec40b82dac08fd6457c8da12ff259c834786731ccc0a31b,4,15,4860.75,640,18803,1713.25,3363.75,3520.25,C:\w\px094_soc_workload_20261001\harrison_15_pair_plus_current_OR_a4_m15.npz,6802d7117a82f4e58758a7de4f05681765994134e7e326607cf326f26694a221,1,1,0,0,1,1,0,0,1,1,0,0
harrison_15_pair_plus_current_OR,harrison,15,pair,plus_current_OR,113799,13973,99826,19443,867,18576,419,0,615,1644364800.0,C:\w\px094_soc_workload_20261001\harrison_15_pair_plus_current_OR_cases.npz,8a8591db36a1b9098ec40b82dac08fd6457c8da12ff259c834786731ccc0a31b,4,30,9721.5,320,19123,3536.75,6822.0,7167.5,C:\w\px094_soc_workload_20261001\harrison_15_pair_plus_current_OR_a4_m30.npz,9261322fa91a315d04df5651d741908988d4bf430e03eb49078e1f98c3e2bb0e,1,1,0,0,1,1,0,0,1,1,0,0
harrison_15_pair_full_OR,harrison,15,pair,full_OR,115395,15420,99975,19586,1007,18579,419,0,758,1644364800.0,C:\w\px094_soc_workload_20261001\harrison_15_pair_full_OR_cases.npz,26e8fe6b49fde7e99844d9a9e1a122623588e81c7cd71243e0e10edef59241ed,1,5,1632.1666666666667,480,19106,2353.7916666666665,4543.979166666667,4785.166666666667,C:\w\px094_soc_workload_20261001\harrison_15_pair_full_OR_a1_m5.npz,a3ed460306bb6396a3cb9bbd5a2c4e61125b78ba7ec28f00e9513b308f2f36a0,1,1,0,0,1,1,0,0,1,1,0,0
harrison_15_pair_full_OR,harrison,15,pair,full_OR,115395,15420,99975,19586,1007,18579,419,0,758,1644364800.0,C:\w\px094_soc_workload_20261001\harrison_15_pair_full_OR_cases.npz,26e8fe6b49fde7e99844d9a9e1a122623588e81c7cd71243e0e10edef59241ed,1,15,4896.5,160,19426,7249.875,13852.9375,14577.5,C:\w\px094_soc_workload_20261001\harrison_15_pair_full_OR_a1_m15.npz,2c24f0210897c746199e30c8e630d827b132c5d79147b6c506d6a9038d80e59c,1,1,0,0,1,1,0,0,1,1,0,0
harrison_15_pair_full_OR,harrison,15,pair,full_OR,115395,15420,99975,19586,1007,18579,419,0,758,1644364800.0,C:\w\px094_soc_workload_20261001\harrison_15_pair_full_OR_cases.npz,26e8fe6b49fde7e99844d9a9e1a122623588e81c7cd71243e0e10edef59241ed,1,30,9793.0,80,19506,14594.0,27800.375,29266.0,C:\w\px094_soc_workload_20261001\harrison_15_pair_full_OR_a1_m30.npz,d09ec730005b356f97f329ee2f8cc7b4b67720a8889b09f8def13b93c4f00105,1,1,0,0,1,1,0,0,1,1,0,0
harrison_15_pair_full_OR,harrison,15,pair,full_OR,115395,15420,99975,19586,1007,18579,419,0,758,1644364800.0,C:\w\px094_soc_workload_20261001\harrison_15_pair_full_OR_cases.npz,26e8fe6b49fde7e99844d9a9e1a122623588e81c7cd71243e0e10edef59241ed,2,5,1632.1666666666667,960,18626,1129.75,2216.7291666666665,2337.0833333333335,C:\w\px094_soc_workload_20261001\harrison_15_pair_full_OR_a2_m5.npz,d88c2499594f72ce2c9060decf03410946a0ca57fb13a39ca9a1a9ca240923be,1,1,0,0,1,1,0,0,1,1,0,0
harrison_15_pair_full_OR,harrison,15,pair,full_OR,115395,15420,99975,19586,1007,18579,419,0,758,1644364800.0,C:\w\px094_soc_workload_20261001\harrison_15_pair_full_OR_cases.npz,26e8fe6b49fde7e99844d9a9e1a122623588e81c7cd71243e0e10edef59241ed,2,15,4896.5,320,19266,3577.75,6871.1875,7233.25,C:\w\px094_soc_workload_20261001\harrison_15_pair_full_OR_a2_m15.npz,fc6b4701ba22eb82fcccb26781af722a8f2787799f5962bc62594b0b0e4bd8d9,1,1,0,0,1,1,0,0,1,1,0,0
harrison_15_pair_full_OR,harrison,15,pair,full_OR,115395,15420,99975,19586,1007,18579,419,0,758,1644364800.0,C:\w\px094_soc_workload_20261001\harrison_15_pair_full_OR_cases.npz,26e8fe6b49fde7e99844d9a9e1a122623588e81c7cd71243e0e10edef59241ed,2,30,9793.0,160,19426,7249.75,13852.875,14577.5,C:\w\px094_soc_workload_20261001\harrison_15_pair_full_OR_a2_m30.npz,caf7d7f52dc9600e993195c76355c91d86b4026ace97572f36391f142a785f0c,1,1,0,0,1,1,0,0,1,1,0,0
harrison_15_pair_full_OR,harrison,15,pair,full_OR,115395,15420,99975,19586,1007,18579,419,0,758,1644364800.0,C:\w\px094_soc_workload_20261001\harrison_15_pair_full_OR_cases.npz,26e8fe6b49fde7e99844d9a9e1a122623588e81c7cd71243e0e10edef59241ed,4,5,1632.1666666666667,1431,18155,535.9166666666666,1087.25,1139.25,C:\w\px094_soc_workload_20261001\harrison_15_pair_full_OR_a4_m5.npz,e87aa8a100d8b893ac7059036e36c224364d524d7289e2e2423c52ebbcf66994,1,1,0,0,1,1,0,0,1,1,0,0
harrison_15_pair_full_OR,harrison,15,pair,full_OR,115395,15420,99975,19586,1007,18579,419,0,758,1644364800.0,C:\w\px094_soc_workload_20261001\harrison_15_pair_full_OR_cases.npz,26e8fe6b49fde7e99844d9a9e1a122623588e81c7cd71243e0e10edef59241ed,4,15,4896.5,640,18946,1733.75,3388.25,3561.25,C:\w\px094_soc_workload_20261001\harrison_15_pair_full_OR_a4_m15.npz,047f63418953573f35964ecb21c069239198e012492059957d37d5faf7d8c0b1,1,1,0,0,1,1,0,0,1,1,0,0
harrison_15_pair_full_OR,harrison,15,pair,full_OR,115395,15420,99975,19586,1007,18579,419,0,758,1644364800.0,C:\w\px094_soc_workload_20261001\harrison_15_pair_full_OR_cases.npz,26e8fe6b49fde7e99844d9a9e1a122623588e81c7cd71243e0e10edef59241ed,4,30,9793.0,320,19266,3577.75,6871.0,7233.5,C:\w\px094_soc_workload_20261001\harrison_15_pair_full_OR_a4_m30.npz,19a7818f8482ea257ff8e63386d79b0da35522686d5abf5230433117e23e11a8,1,1,0,0,1,1,0,0,1,1,0,0
harrison_15_source_base_mean,harrison,15,source,base_mean,100668,857,99811,595,169,426,419,0,-30,1644364800.0,C:\w\px094_soc_workload_20261001\harrison_15_source_base_mean_cases.npz,3ab6ef2fd183e4413145c9c928f21142d771d3e23afaae538fe8bd7ca6933042,1,5,49.583333333333336,480,115,22.666666666666668,42.75,34.583333333333336,C:\w\px094_soc_workload_20261001\harrison_15_source_base_mean_a1_m5.npz,3d937c30282981bee1cc6011015453ed464a475cc68b88ee3e18f75182b46b42,1,1,0,0,1,1,0,0,1,1,0,0
harrison_15_source_base_mean,harrison,15,source,base_mean,100668,857,99811,595,169,426,419,0,-30,1644364800.0,C:\w\px094_soc_workload_20261001\harrison_15_source_base_mean_cases.npz,3ab6ef2fd183e4413145c9c928f21142d771d3e23afaae538fe8bd7ca6933042,1,15,148.75,160,435,175.5,320.825,325.75,C:\w\px094_soc_workload_20261001\harrison_15_source_base_mean_a1_m15.npz,672c1c9e2c697e85c6e10f5bedf12ee46a725d3392ff54093887d41a23d77888,1,1,0,0,1,1,0,0,1,1,0,0
harrison_15_source_base_mean,harrison,15,source,base_mean,100668,857,99811,595,169,426,419,0,-30,1644364800.0,C:\w\px094_soc_workload_20261001\harrison_15_source_base_mean_cases.npz,3ab6ef2fd183e4413145c9c928f21142d771d3e23afaae538fe8bd7ca6933042,1,30,297.5,80,515,393.75,749.9,778.5,C:\w\px094_soc_workload_20261001\harrison_15_source_base_mean_a1_m30.npz,51e41075eebac1c24bb8bf30d8819c3377f4a812d4537f57a927f740650965e6,1,1,0,0,1,1,0,0,1,1,0,0
harrison_15_source_base_mean,harrison,15,source,base_mean,100668,857,99811,595,169,426,419,0,-30,1644364800.0,C:\w\px094_soc_workload_20261001\harrison_15_source_base_mean_cases.npz,3ab6ef2fd183e4413145c9c928f21142d771d3e23afaae538fe8bd7ca6933042,2,5,49.583333333333336,595,0,5.416666666666667,15.25,0.0,C:\w\px094_soc_workload_20261001\harrison_15_source_base_mean_a2_m5.npz,729c7e8f273f9763e4958031dc3086b8c4f3b771b82a1ea086a0a185d5f17ffd,1,1,0,0,1,1,0,0,1,1,0,0
harrison_15_source_base_mean,harrison,15,source,base_mean,100668,857,99811,595,169,426,419,0,-30,1644364800.0,C:\w\px094_soc_workload_20261001\harrison_15_source_base_mean_cases.npz,3ab6ef2fd183e4413145c9c928f21142d771d3e23afaae538fe8bd7ca6933042,2,15,148.75,320,275,59.5,109.75,107.5,C:\w\px094_soc_workload_20261001\harrison_15_source_base_mean_a2_m15.npz,b653b029ed991db4ac431da2de7ab74026010f80f48b0f199457b162f48bb1ed,1,1,0,0,1,1,0,0,1,1,0,0
harrison_15_source_base_mean,harrison,15,source,base_mean,100668,857,99811,595,169,426,419,0,-30,1644364800.0,C:\w\px094_soc_workload_20261001\harrison_15_source_base_mean_cases.npz,3ab6ef2fd183e4413145c9c928f21142d771d3e23afaae538fe8bd7ca6933042,2,30,297.5,160,435,175.25,320.75,326.0,C:\w\px094_soc_workload_20261001\harrison_15_source_base_mean_a2_m30.npz,919b22999fae8362f595efc38da89f9712301e6ac7e500e2cfc6ac8e6c64872b,1,1,0,0,1,1,0,0,1,1,0,0
harrison_15_source_base_mean,harrison,15,source,base_mean,100668,857,99811,595,169,426,419,0,-30,1644364800.0,C:\w\px094_soc_workload_20261001\harrison_15_source_base_mean_cases.npz,3ab6ef2fd183e4413145c9c928f21142d771d3e23afaae538fe8bd7ca6933042,4,5,49.583333333333336,595,0,4.166666666666667,15.083333333333334,0.0,C:\w\px094_soc_workload_20261001\harrison_15_source_base_mean_a4_m5.npz,b969932d11ec650672c93d80c3076e595baf14aeb02a5315c6b1a0883d762f8f,1,1,0,0,1,1,0,0,1,1,0,0
harrison_15_source_base_mean,harrison,15,source,base_mean,100668,857,99811,595,169,426,419,0,-30,1644364800.0,C:\w\px094_soc_workload_20261001\harrison_15_source_base_mean_cases.npz,3ab6ef2fd183e4413145c9c928f21142d771d3e23afaae538fe8bd7ca6933042,4,15,148.75,595,0,7.75,16.25,0.0,C:\w\px094_soc_workload_20261001\harrison_15_source_base_mean_a4_m15.npz,9e6ce448ce81ff356e32423220dcf170be0e7dabd33f219ea4ffec4d9a27fd2f,1,1,0,0,1,1,0,0,1,1,0,0
harrison_15_source_base_mean,harrison,15,source,base_mean,100668,857,99811,595,169,426,419,0,-30,1644364800.0,C:\w\px094_soc_workload_20261001\harrison_15_source_base_mean_cases.npz,3ab6ef2fd183e4413145c9c928f21142d771d3e23afaae538fe8bd7ca6933042,4,30,297.5,320,275,59.25,109.75,107.5,C:\w\px094_soc_workload_20261001\harrison_15_source_base_mean_a4_m30.npz,8cc6f33328d02503347890fd275acba27ad53e4ea5f988c2da371175742bba47,1,1,0,0,1,1,0,0,1,1,0,0
harrison_15_source_base_OR,harrison,15,source,base_OR,101222,1404,99818,625,199,426,419,0,0,1644364800.0,C:\w\px094_soc_workload_20261001\harrison_15_source_base_OR_cases.npz,2ffe8aa78322f61ab0209bb3cee3757ce14ec2a5f7436a5054bad4755c2552f2,1,5,52.083333333333336,480,145,26.666666666666668,52.5,37.083333333333336,C:\w\px094_soc_workload_20261001\harrison_15_source_base_OR_a1_m5.npz,0b80411f5103158d04b8d818b282ff8c3ba38e39e4c0a5c65d474dcc38152928,1,1,0,0,1,1,0,0,1,1,0,0
harrison_15_source_base_OR,harrison,15,source,base_OR,101222,1404,99818,625,199,426,419,0,0,1644364800.0,C:\w\px094_soc_workload_20261001\harrison_15_source_base_OR_cases.npz,2ffe8aa78322f61ab0209bb3cee3757ce14ec2a5f7436a5054bad4755c2552f2,1,15,156.25,160,465,179.25,343.75,349.25,C:\w\px094_soc_workload_20261001\harrison_15_source_base_OR_a1_m15.npz,124527b9e2f84d711002b1b69504872059b5cde4626ce4cf10f5cc18864f9ee8,1,1,0,0,1,1,0,0,1,1,0,0
harrison_15_source_base_OR,harrison,15,source,base_OR,101222,1404,99818,625,199,426,419,0,0,1644364800.0,C:\w\px094_soc_workload_20261001\harrison_15_source_base_OR_cases.npz,2ffe8aa78322f61ab0209bb3cee3757ce14ec2a5f7436a5054bad4755c2552f2,1,30,312.5,80,545,417.25,795.95,825.5,C:\w\px094_soc_workload_20261001\harrison_15_source_base_OR_a1_m30.npz,6592045f35485093d0bf103a1d585cd8fdc7d479843970bd405b26694c3272e2,1,1,0,0,1,1,0,0,1,1,0,0
harrison_15_source_base_OR,harrison,15,source,base_OR,101222,1404,99818,625,199,426,419,0,0,1644364800.0,C:\w\px094_soc_workload_20261001\harrison_15_source_base_OR_cases.npz,2ffe8aa78322f61ab0209bb3cee3757ce14ec2a5f7436a5054bad4755c2552f2,2,5,52.083333333333336,625,0,5.666666666666667,15.25,0.0,C:\w\px094_soc_workload_20261001\harrison_15_source_base_OR_a2_m5.npz,92f762cb2a1cd3165b706920b2b7b1ce1accad14f193b402c0984b35131a621c,1,1,0,0,1,1,0,0,1,1,0,0
harrison_15_source_base_OR,harrison,15,source,base_OR,101222,1404,99818,625,199,426,419,0,0,1644364800.0,C:\w\px094_soc_workload_20261001\harrison_15_source_base_OR_cases.npz,2ffe8aa78322f61ab0209bb3cee3757ce14ec2a5f7436a5054bad4755c2552f2,2,15,156.25,320,305,63.0,125.75,111.25,C:\w\px094_soc_workload_20261001\harrison_15_source_base_OR_a2_m15.npz,84b0160104d5c6ead15bc7c2f89e3cd10ae1b6f38e403e776c92c29b14b4184e,1,1,0,0,1,1,0,0,1,1,0,0
harrison_15_source_base_OR,harrison,15,source,base_OR,101222,1404,99818,625,199,426,419,0,0,1644364800.0,C:\w\px094_soc_workload_20261001\harrison_15_source_base_OR_cases.npz,2ffe8aa78322f61ab0209bb3cee3757ce14ec2a5f7436a5054bad4755c2552f2,2,30,312.5,160,465,179.0,343.7,349.5,C:\w\px094_soc_workload_20261001\harrison_15_source_base_OR_a2_m30.npz,7f7eb73968f006e196fd5f4aadffeb292ee57003849d4163febb246f85c1f970,1,1,0,0,1,1,0,0,1,1,0,0
harrison_15_source_base_OR,harrison,15,source,base_OR,101222,1404,99818,625,199,426,419,0,0,1644364800.0,C:\w\px094_soc_workload_20261001\harrison_15_source_base_OR_cases.npz,2ffe8aa78322f61ab0209bb3cee3757ce14ec2a5f7436a5054bad4755c2552f2,4,5,52.083333333333336,625,0,4.333333333333333,15.083333333333334,0.0,C:\w\px094_soc_workload_20261001\harrison_15_source_base_OR_a4_m5.npz,730d48bb285370c27fce1f22d0b0fc4c06db19d465488b186e17b7714fbf7ed0,1,1,0,0,1,1,0,0,1,1,0,0
harrison_15_source_base_OR,harrison,15,source,base_OR,101222,1404,99818,625,199,426,419,0,0,1644364800.0,C:\w\px094_soc_workload_20261001\harrison_15_source_base_OR_cases.npz,2ffe8aa78322f61ab0209bb3cee3757ce14ec2a5f7436a5054bad4755c2552f2,4,15,156.25,621,4,9.75,19.0,9.25,C:\w\px094_soc_workload_20261001\harrison_15_source_base_OR_a4_m15.npz,39c7c3d72b801d40270b0c56e91e60fe922a43bf1a1c65f91ad00ae8e346be63,1,1,0,0,1,1,0,0,1,1,0,0
harrison_15_source_base_OR,harrison,15,source,base_OR,101222,1404,99818,625,199,426,419,0,0,1644364800.0,C:\w\px094_soc_workload_20261001\harrison_15_source_base_OR_cases.npz,2ffe8aa78322f61ab0209bb3cee3757ce14ec2a5f7436a5054bad4755c2552f2,4,30,312.5,320,305,62.75,125.69999999999999,111.5,C:\w\px094_soc_workload_20261001\harrison_15_source_base_OR_a4_m30.npz,46450b79ea44dc591f9ab4769d88b469d3ce4872ab38d2f9d4e538421fc2b29c,1,1,0,0,1,1,0,0,1,1,0,0
harrison_15_source_plus_current_OR,harrison,15,source,plus_current_OR,113799,13973,99826,1216,787,429,419,0,591,1644364800.0,C:\w\px094_soc_workload_20261001\harrison_15_source_plus_current_OR_cases.npz,f73063b755fdccd556268f1fbd78f5ffc5c2dee6834d670da7c716c090c0599d,1,5,101.33333333333333,480,736,102.33333333333333,193.77083333333334,182.33333333333334,C:\w\px094_soc_workload_20261001\harrison_15_source_plus_current_OR_a1_m5.npz,64436e9c31e100e4e75e511ca816f3e112795f98a3648e24c34f76a2fd38f627,1,1,0,0,1,1,0,0,1,1,0,0
harrison_15_source_plus_current_OR,harrison,15,source,plus_current_OR,113799,13973,99826,1216,787,429,419,0,591,1644364800.0,C:\w\px094_soc_workload_20261001\harrison_15_source_plus_current_OR_cases.npz,f73063b755fdccd556268f1fbd78f5ffc5c2dee6834d670da7c716c090c0599d,1,15,304.0,160,1056,403.75,772.0625,785.0,C:\w\px094_soc_workload_20261001\harrison_15_source_plus_current_OR_a1_m15.npz,371f93cd2daa422df481823f4a0965175fe45461c20cd6feece39b5453ec53b0,1,1,0,0,1,1,0,0,1,1,0,0
harrison_15_source_plus_current_OR,harrison,15,source,plus_current_OR,113799,13973,99826,1216,787,429,419,0,591,1644364800.0,C:\w\px094_soc_workload_20261001\harrison_15_source_plus_current_OR_cases.npz,f73063b755fdccd556268f1fbd78f5ffc5c2dee6834d670da7c716c090c0599d,1,30,608.0,80,1136,859.625,1636.625,1697.0,C:\w\px094_soc_workload_20261001\harrison_15_source_plus_current_OR_a1_m30.npz,81746fa10759a0f33d0a13e8792156e8f506d81fb372fcf595a4d874bd3df42a,1,1,0,0,1,1,0,0,1,1,0,0
harrison_15_source_plus_current_OR,harrison,15,source,plus_current_OR,113799,13973,99826,1216,787,429,419,0,591,1644364800.0,C:\w\px094_soc_workload_20261001\harrison_15_source_plus_current_OR_cases.npz,f73063b755fdccd556268f1fbd78f5ffc5c2dee6834d670da7c716c090c0599d,2,5,101.33333333333333,960,256,23.333333333333332,47.25,35.666666666666664,C:\w\px094_soc_workload_20261001\harrison_15_source_plus_current_OR_a2_m5.npz,197c47a6e944711646c5865e4d2ec52390593514d9cde4baead390911baf3678,1,1,0,0,1,1,0,0,1,1,0,0
harrison_15_source_plus_current_OR,harrison,15,source,plus_current_OR,113799,13973,99826,1216,787,429,419,0,591,1644364800.0,C:\w\px094_soc_workload_20261001\harrison_15_source_plus_current_OR_cases.npz,f73063b755fdccd556268f1fbd78f5ffc5c2dee6834d670da7c716c090c0599d,2,15,304.0,320,896,175.75,339.75,329.0,C:\w\px094_soc_workload_20261001\harrison_15_source_plus_current_OR_a2_m15.npz,2a3d82252812ec23b870e4f82944497d075c8829b1463d559496f4ed2c645339,1,1,0,0,1,1,0,0,1,1,0,0
harrison_15_source_plus_current_OR,harrison,15,source,plus_current_OR,113799,13973,99826,1216,787,429,419,0,591,1644364800.0,C:\w\px094_soc_workload_20261001\harrison_15_source_plus_current_OR_cases.npz,f73063b755fdccd556268f1fbd78f5ffc5c2dee6834d670da7c716c090c0599d,2,30,608.0,160,1056,403.625,772.0,785.0,C:\w\px094_soc_workload_20261001\harrison_15_source_plus_current_OR_a2_m30.npz,4d8a9501f2556d91de92be3a7f7676d227c8c7de5eb6893640c875fdac006938,1,1,0,0,1,1,0,0,1,1,0,0
harrison_15_source_plus_current_OR,harrison,15,source,plus_current_OR,113799,13973,99826,1216,787,429,419,0,591,1644364800.0,C:\w\px094_soc_workload_20261001\harrison_15_source_plus_current_OR_cases.npz,f73063b755fdccd556268f1fbd78f5ffc5c2dee6834d670da7c716c090c0599d,4,5,101.33333333333333,1215,1,6.458333333333333,15.083333333333334,9.083333333333334,C:\w\px094_soc_workload_20261001\harrison_15_source_plus_current_OR_a4_m5.npz,a1b9cc002516c6f31c6e3cbc3b58b8fda86698009a6cf49fb2221bf41ed956ba,1,1,0,0,1,1,0,0,1,1,0,0
harrison_15_source_plus_current_OR,harrison,15,source,plus_current_OR,113799,13973,99826,1216,787,429,419,0,591,1644364800.0,C:\w\px094_soc_workload_20261001\harrison_15_source_plus_current_OR_cases.npz,f73063b755fdccd556268f1fbd78f5ffc5c2dee6834d670da7c716c090c0599d,4,15,304.0,640,576,59.25,120.5,109.0,C:\w\px094_soc_workload_20261001\harrison_15_source_plus_current_OR_a4_m15.npz,82778fdab3873369822fb673f1983f8517734b62b08aac8014e93eda37218888,1,1,0,0,1,1,0,0,1,1,0,0
harrison_15_source_plus_current_OR,harrison,15,source,plus_current_OR,113799,13973,99826,1216,787,429,419,0,591,1644364800.0,C:\w\px094_soc_workload_20261001\harrison_15_source_plus_current_OR_cases.npz,f73063b755fdccd556268f1fbd78f5ffc5c2dee6834d670da7c716c090c0599d,4,30,608.0,320,896,175.625,339.5,329.0,C:\w\px094_soc_workload_20261001\harrison_15_source_plus_current_OR_a4_m30.npz,6c80f0e3be70bbede9729791a8d5ed2c180398626924a846369b7885dedbd2c7,1,1,0,0,1,1,0,0,1,1,0,0
harrison_15_source_full_OR,harrison,15,source,full_OR,115395,15420,99975,1218,788,430,419,0,593,1644364800.0,C:\w\px094_soc_workload_20261001\harrison_15_source_full_OR_cases.npz,881cd659bf8bbcfae6339b9b2bfc04f515c287ed4bb030edcb06624c9d23f4c9,1,5,101.5,480,738,102.33333333333333,195.75,182.5,C:\w\px094_soc_workload_20261001\harrison_15_source_full_OR_a1_m5.npz,cd271e555592c0121945462b148d5313d4f5ea110e7b3443f12b5e058a14d68d,1,1,0,0,1,1,0,0,1,1,0,0
harrison_15_source_full_OR,harrison,15,source,full_OR,115395,15420,99975,1218,788,430,419,0,593,1644364800.0,C:\w\px094_soc_workload_20261001\harrison_15_source_full_OR_cases.npz,881cd659bf8bbcfae6339b9b2bfc04f515c287ed4bb030edcb06624c9d23f4c9,1,15,304.5,160,1058,411.875,772.5375,801.5,C:\w\px094_soc_workload_20261001\harrison_15_source_full_OR_a1_m15.npz,971d74aff8844353aa5c06bf777e7ea943a4a33154519604f77a6baa02e66408,1,1,0,0,1,1,0,0,1,1,0,0
harrison_15_source_full_OR,harrison,15,source,full_OR,115395,15420,99975,1218,788,430,419,0,593,1644364800.0,C:\w\px094_soc_workload_20261001\harrison_15_source_full_OR_cases.npz,881cd659bf8bbcfae6339b9b2bfc04f515c287ed4bb030edcb06624c9d23f4c9,1,30,609.0,80,1138,868.0,1637.575,1714.0,C:\w\px094_soc_workload_20261001\harrison_15_source_full_OR_a1_m30.npz,d9f5a2739d73fefc61b2432271baf3d763e3721264793a4b97a573fa71163b2d,1,1,0,0,1,1,0,0,1,1,0,0
harrison_15_source_full_OR,harrison,15,source,full_OR,115395,15420,99975,1218,788,430,419,0,593,1644364800.0,C:\w\px094_soc_workload_20261001\harrison_15_source_full_OR_cases.npz,881cd659bf8bbcfae6339b9b2bfc04f515c287ed4bb030edcb06624c9d23f4c9,2,5,101.5,960,258,23.333333333333332,49.81249999999994,35.75,C:\w\px094_soc_workload_20261001\harrison_15_source_full_OR_a2_m5.npz,283555c51e40e9b81a3536b2ea10f06f3416e52054e51899e1bc113990d93003,1,1,0,0,1,1,0,0,1,1,0,0
harrison_15_source_full_OR,harrison,15,source,full_OR,115395,15420,99975,1218,788,430,419,0,593,1644364800.0,C:\w\px094_soc_workload_20261001\harrison_15_source_full_OR_cases.npz,881cd659bf8bbcfae6339b9b2bfc04f515c287ed4bb030edcb06624c9d23f4c9,2,15,304.5,320,898,175.75,340.0,345.25,C:\w\px094_soc_workload_20261001\harrison_15_source_full_OR_a2_m15.npz,07fb96ed27f0fa64989196dbd090fd0a97af7373376436d9a0996f2109e85bd2,1,1,0,0,1,1,0,0,1,1,0,0
harrison_15_source_full_OR,harrison,15,source,full_OR,115395,15420,99975,1218,788,430,419,0,593,1644364800.0,C:\w\px094_soc_workload_20261001\harrison_15_source_full_OR_cases.npz,881cd659bf8bbcfae6339b9b2bfc04f515c287ed4bb030edcb06624c9d23f4c9,2,30,609.0,160,1058,411.75,772.5,801.5,C:\w\px094_soc_workload_20261001\harrison_15_source_full_OR_a2_m30.npz,27fd6c009e0732a9c8987e6ed115d01ba02116190306a7193c2645555f8c28e1,1,1,0,0,1,1,0,0,1,1,0,0
harrison_15_source_full_OR,harrison,15,source,full_OR,115395,15420,99975,1218,788,430,419,0,593,1644364800.0,C:\w\px094_soc_workload_20261001\harrison_15_source_full_OR_cases.npz,881cd659bf8bbcfae6339b9b2bfc04f515c287ed4bb030edcb06624c9d23f4c9,4,5,101.5,1217,1,6.5,15.083333333333334,9.083333333333334,C:\w\px094_soc_workload_20261001\harrison_15_source_full_OR_a4_m5.npz,407e06370a94d3ec13b296cd83893a95f47a18ffca800ba0105ae043893904a4,1,1,0,0,1,1,0,0,1,1,0,0
harrison_15_source_full_OR,harrison,15,source,full_OR,115395,15420,99975,1218,788,430,419,0,593,1644364800.0,C:\w\px094_soc_workload_20261001\harrison_15_source_full_OR_cases.npz,881cd659bf8bbcfae6339b9b2bfc04f515c287ed4bb030edcb06624c9d23f4c9,4,15,304.5,640,578,59.25,123.03749999999997,109.25,C:\w\px094_soc_workload_20261001\harrison_15_source_full_OR_a4_m15.npz,8cf990177b1b9adedb7dc241aba6c52e6b35383d0e52778b4ed40ac610e9ebb2,1,1,0,0,1,1,0,0,1,1,0,0
harrison_15_source_full_OR,harrison,15,source,full_OR,115395,15420,99975,1218,788,430,419,0,593,1644364800.0,C:\w\px094_soc_workload_20261001\harrison_15_source_full_OR_cases.npz,881cd659bf8bbcfae6339b9b2bfc04f515c287ed4bb030edcb06624c9d23f4c9,4,30,609.0,320,898,175.75,339.75,345.5,C:\w\px094_soc_workload_20261001\harrison_15_source_full_OR_a4_m30.npz,e8c137ceb280b26d68f24b1687ccf18bc6c59821f1e9aa88c2557edd123ac827,1,1,0,0,1,1,0,0,1,1,0,0
harrison_60_pair_base_mean,harrison,60,pair,base_mean,100668,857,99811,16619,118,16501,105,0,-11,1644364800.0,C:\w\px094_soc_workload_20261001\harrison_60_pair_base_mean_cases.npz,ff23fcf7f806f3a8d808740c3681ec56332cedccd20e1a5959ca20c642cf9bb4,1,5,1384.9166666666667,244,16375,2041.0833333333333,3896.258333333333,4093.5833333333335,C:\w\px094_soc_workload_20261001\harrison_60_pair_base_mean_a1_m5.npz,c491601413b3a7ddf1f23f4610a4a89680a547631611609db59679a7b9be5a49,1,1,0,0,1,1,0,0,1,1,0,0
harrison_60_pair_base_mean,harrison,60,pair,base_mean,100668,857,99811,16619,118,16501,105,0,-11,1644364800.0,C:\w\px094_soc_workload_20261001\harrison_60_pair_base_mean_cases.npz,ff23fcf7f806f3a8d808740c3681ec56332cedccd20e1a5959ca20c642cf9bb4,1,15,4154.75,158,16461,6126.75,11740.275,12348.25,C:\w\px094_soc_workload_20261001\harrison_60_pair_base_mean_a1_m15.npz,072401d0e78a4c3daad266fc1043a7794fa1f12dac7b7430d65abd419dc65df4,1,1,0,0,1,1,0,0,1,1,0,0
harrison_60_pair_base_mean,harrison,60,pair,base_mean,100668,857,99811,16619,118,16501,105,0,-11,1644364800.0,C:\w\px094_soc_workload_20261001\harrison_60_pair_base_mean_cases.npz,ff23fcf7f806f3a8d808740c3681ec56332cedccd20e1a5959ca20c642cf9bb4,1,30,8309.5,80,16539,12363.5,23574.55,24806.5,C:\w\px094_soc_workload_20261001\harrison_60_pair_base_mean_a1_m30.npz,efe1f80d2b5626bab3861ea6288d5d31265784c70b39ac386246ae983e44d515,1,1,0,0,1,1,0,0,1,1,0,0
harrison_60_pair_base_mean,harrison,60,pair,base_mean,100668,857,99811,16619,118,16501,105,0,-11,1644364800.0,C:\w\px094_soc_workload_20261001\harrison_60_pair_base_mean_cases.npz,ff23fcf7f806f3a8d808740c3681ec56332cedccd20e1a5959ca20c642cf9bb4,2,5,1384.9166666666667,340,16279,1013.0,1948.5916666666667,2031.3333333333333,C:\w\px094_soc_workload_20261001\harrison_60_pair_base_mean_a2_m5.npz,0d6fa15bda8c7161d138ada6b3b99ed506f6be4eb691d03acd3414a29e8d0e9d,1,1,0,0,1,1,0,0,1,1,0,0
harrison_60_pair_base_mean,harrison,60,pair,base_mean,100668,857,99811,16619,118,16501,105,0,-11,1644364800.0,C:\w\px094_soc_workload_20261001\harrison_60_pair_base_mean_cases.npz,ff23fcf7f806f3a8d808740c3681ec56332cedccd20e1a5959ca20c642cf9bb4,2,15,4154.75,212,16407,3053.0,5859.775,6156.0,C:\w\px094_soc_workload_20261001\harrison_60_pair_base_mean_a2_m15.npz,12bf31af40b69179e594c56d55860efb454e4b86d59f5cceeb7c9dc84d85d0a8,1,1,0,0,1,1,0,0,1,1,0,0
harrison_60_pair_base_mean,harrison,60,pair,base_mean,100668,857,99811,16619,118,16501,105,0,-11,1644364800.0,C:\w\px094_soc_workload_20261001\harrison_60_pair_base_mean_cases.npz,ff23fcf7f806f3a8d808740c3681ec56332cedccd20e1a5959ca20c642cf9bb4,2,30,8309.5,158,16461,6126.5,11740.05,12348.5,C:\w\px094_soc_workload_20261001\harrison_60_pair_base_mean_a2_m30.npz,515c57ba8addb7a699fc6306286d750e4cdfab8762c6ba741eb49faf016579f9,1,1,0,0,1,1,0,0,1,1,0,0
harrison_60_pair_base_mean,harrison,60,pair,base_mean,100668,857,99811,16619,118,16501,105,0,-11,1644364800.0,C:\w\px094_soc_workload_20261001\harrison_60_pair_base_mean_cases.npz,ff23fcf7f806f3a8d808740c3681ec56332cedccd20e1a5959ca20c642cf9bb4,4,5,1384.9166666666667,532,16087,507.0,966.7583333333332,1000.1666666666666,C:\w\px094_soc_workload_20261001\harrison_60_pair_base_mean_a4_m5.npz,6418b812b0b2d76ae21f1b6b9375b4832efa21a2a1615c4347835f5221bde3dc,1,1,0,0,1,1,0,0,1,1,0,0
harrison_60_pair_base_mean,harrison,60,pair,base_mean,100668,857,99811,16619,118,16501,105,0,-11,1644364800.0,C:\w\px094_soc_workload_20261001\harrison_60_pair_base_mean_cases.npz,ff23fcf7f806f3a8d808740c3681ec56332cedccd20e1a5959ca20c642cf9bb4,4,15,4154.75,276,16343,1519.0,2930.2749999999996,3062.5,C:\w\px094_soc_workload_20261001\harrison_60_pair_base_mean_a4_m15.npz,10b1d18e28b002b77a8eb33aa35a7388c714f257177f867f11e5b9bfcbc1c7f8,1,1,0,0,1,1,0,0,1,1,0,0
harrison_60_pair_base_mean,harrison,60,pair,base_mean,100668,857,99811,16619,118,16501,105,0,-11,1644364800.0,C:\w\px094_soc_workload_20261001\harrison_60_pair_base_mean_cases.npz,ff23fcf7f806f3a8d808740c3681ec56332cedccd20e1a5959ca20c642cf9bb4,4,30,8309.5,212,16407,3053.0,5859.549999999999,6156.0,C:\w\px094_soc_workload_20261001\harrison_60_pair_base_mean_a4_m30.npz,782799dafe6f44ecfbc63a91b7e42d2b64f21a920b468e506be4ed304be39d04,1,1,0,0,1,1,0,0,1,1,0,0
harrison_60_pair_base_OR,harrison,60,pair,base_OR,101222,1404,99818,16630,129,16501,105,0,0,1644364800.0,C:\w\px094_soc_workload_20261001\harrison_60_pair_base_OR_cases.npz,f5de107ec83671db4b492860a3d33f6941b9ef799f28f993c4a7d98721e0d0b6,1,5,1385.8333333333333,252,16378,2024.875,3896.4625,4093.8333333333335,C:\w\px094_soc_workload_20261001\harrison_60_pair_base_OR_a1_m5.npz,0fd7e67028179f46562063921ddacd25dc93368ccf3067d5d2a85601af119b01,1,1,0,0,1,1,0,0,1,1,0,0
harrison_60_pair_base_OR,harrison,60,pair,base_OR,101222,1404,99818,16630,129,16501,105,0,0,1644364800.0,C:\w\px094_soc_workload_20261001\harrison_60_pair_base_OR_cases.npz,f5de107ec83671db4b492860a3d33f6941b9ef799f28f993c4a7d98721e0d0b6,1,15,4157.5,158,16472,6128.125,11742.8875,12351.0,C:\w\px094_soc_workload_20261001\harrison_60_pair_base_OR_a1_m15.npz,e3866f66785bab8f5f2ad55f52f80a2beb7f23d1376304431584ef4cfb296b69,1,1,0,0,1,1,0,0,1,1,0,0
harrison_60_pair_base_OR,harrison,60,pair,base_OR,101222,1404,99818,16630,129,16501,105,0,0,1644364800.0,C:\w\px094_soc_workload_20261001\harrison_60_pair_base_OR_cases.npz,f5de107ec83671db4b492860a3d33f6941b9ef799f28f993c4a7d98721e0d0b6,1,30,8315.0,80,16550,12366.25,23595.775,24828.0,C:\w\px094_soc_workload_20261001\harrison_60_pair_base_OR_a1_m30.npz,2055a24be2aa9d27e67a0614890d77444289b93e69196dc8aa95ae6c10fdee95,1,1,0,0,1,1,0,0,1,1,0,0
harrison_60_pair_base_OR,harrison,60,pair,base_OR,101222,1404,99818,16630,129,16501,105,0,0,1644364800.0,C:\w\px094_soc_workload_20261001\harrison_60_pair_base_OR_cases.npz,f5de107ec83671db4b492860a3d33f6941b9ef799f28f993c4a7d98721e0d0b6,2,5,1385.8333333333333,348,16282,1012.9166666666666,1948.7125,2031.4166666666667,C:\w\px094_soc_workload_20261001\harrison_60_pair_base_OR_a2_m5.npz,4615c874bde330ada4cefd94d7fd81329948702e6804b76ddf9c29b8a1e2cca0,1,1,0,0,1,1,0,0,1,1,0,0
harrison_60_pair_base_OR,harrison,60,pair,base_OR,101222,1404,99818,16630,129,16501,105,0,0,1644364800.0,C:\w\px094_soc_workload_20261001\harrison_60_pair_base_OR_cases.npz,f5de107ec83671db4b492860a3d33f6941b9ef799f28f993c4a7d98721e0d0b6,2,15,4157.5,220,16410,3052.75,5860.1375,6156.25,C:\w\px094_soc_workload_20261001\harrison_60_pair_base_OR_a2_m15.npz,4781b1da45a7d6451a39753db2c1711ec7d475874002631dca07e6496b1472c9,1,1,0,0,1,1,0,0,1,1,0,0
harrison_60_pair_base_OR,harrison,60,pair,base_OR,101222,1404,99818,16630,129,16501,105,0,0,1644364800.0,C:\w\px094_soc_workload_20261001\harrison_60_pair_base_OR_cases.npz,f5de107ec83671db4b492860a3d33f6941b9ef799f28f993c4a7d98721e0d0b6,2,30,8315.0,158,16472,6128.0,11742.775,12351.0,C:\w\px094_soc_workload_20261001\harrison_60_pair_base_OR_a2_m30.npz,02f165c113fc976d85c8083d533fd1502d0e016271ce4138f895cb0acb8eedc2,1,1,0,0,1,1,0,0,1,1,0,0
harrison_60_pair_base_OR,harrison,60,pair,base_OR,101222,1404,99818,16630,129,16501,105,0,0,1644364800.0,C:\w\px094_soc_workload_20261001\harrison_60_pair_base_OR_cases.npz,f5de107ec83671db4b492860a3d33f6941b9ef799f28f993c4a7d98721e0d0b6,4,5,1385.8333333333333,540,16090,506.9166666666667,966.8333333333334,1000.25,C:\w\px094_soc_workload_20261001\harrison_60_pair_base_OR_a4_m5.npz,83a7115cb530c82e76ff311783e4b76b685275bdfa8418c0b494829d77f5dcfb,1,1,0,0,1,1,0,0,1,1,0,0
harrison_60_pair_base_OR,harrison,60,pair,base_OR,101222,1404,99818,16630,129,16501,105,0,0,1644364800.0,C:\w\px094_soc_workload_20261001\harrison_60_pair_base_OR_cases.npz,f5de107ec83671db4b492860a3d33f6941b9ef799f28f993c4a7d98721e0d0b6,4,15,4157.5,284,16346,1518.75,2930.5,3062.75,C:\w\px094_soc_workload_20261001\harrison_60_pair_base_OR_a4_m15.npz,6d0b1085524889fffd20e82aadedf5e0501e56e5509baa2538163021245101f3,1,1,0,0,1,1,0,0,1,1,0,0
harrison_60_pair_base_OR,harrison,60,pair,base_OR,101222,1404,99818,16630,129,16501,105,0,0,1644364800.0,C:\w\px094_soc_workload_20261001\harrison_60_pair_base_OR_cases.npz,f5de107ec83671db4b492860a3d33f6941b9ef799f28f993c4a7d98721e0d0b6,4,30,8315.0,220,16410,3052.5,5860.0,6156.5,C:\w\px094_soc_workload_20261001\harrison_60_pair_base_OR_a4_m30.npz,a264969d3e181e0584211cf20f4fcf43978bc471e768db4831f13dac2b97a850,1,1,0,0,1,1,0,0,1,1,0,0
harrison_60_pair_plus_current_OR,harrison,60,pair,plus_current_OR,113799,13973,99826,16797,293,16504,105,0,167,1644364800.0,C:\w\px094_soc_workload_20261001\harrison_60_pair_plus_current_OR_cases.npz,4cf9354d9459c656ceae3b4b8438e69663fd48884dffad524ebacf9eb5785e34,1,5,1399.75,384,16413,2020.8333333333333,3914.6833333333334,4096.75,C:\w\px094_soc_workload_20261001\harrison_60_pair_plus_current_OR_a1_m5.npz,e5a342c198771165b5d7bab530842de37dbe9b503d1a79ed16eff5834ccd788f,1,1,0,0,1,1,0,0,1,1,0,0
harrison_60_pair_plus_current_OR,harrison,60,pair,plus_current_OR,113799,13973,99826,16797,293,16504,105,0,167,1644364800.0,C:\w\px094_soc_workload_20261001\harrison_60_pair_plus_current_OR_cases.npz,4cf9354d9459c656ceae3b4b8438e69663fd48884dffad524ebacf9eb5785e34,1,15,4199.25,160,16637,6196.5,11862.05,12472.25,C:\w\px094_soc_workload_20261001\harrison_60_pair_plus_current_OR_a1_m15.npz,2a71e9fd809ddb6cd501694adb9121b6e51c44a71c6508be47ba6ca9dfb6f3c8,1,1,0,0,1,1,0,0,1,1,0,0
harrison_60_pair_plus_current_OR,harrison,60,pair,plus_current_OR,113799,13973,99826,16797,293,16504,105,0,167,1644364800.0,C:\w\px094_soc_workload_20261001\harrison_60_pair_plus_current_OR_cases.npz,4cf9354d9459c656ceae3b4b8438e69663fd48884dffad524ebacf9eb5785e34,1,30,8398.5,80,16717,12488.0,23835.1,25071.5,C:\w\px094_soc_workload_20261001\harrison_60_pair_plus_current_OR_a1_m30.npz,35e86c5db06fe537a26027aaebb26900f03d8299aeb11c4a640cb05e78f5ec1d,1,1,0,0,1,1,0,0,1,1,0,0
harrison_60_pair_plus_current_OR,harrison,60,pair,plus_current_OR,113799,13973,99826,16797,293,16504,105,0,167,1644364800.0,C:\w\px094_soc_workload_20261001\harrison_60_pair_plus_current_OR_cases.npz,4cf9354d9459c656ceae3b4b8438e69663fd48884dffad524ebacf9eb5785e34,2,5,1399.75,480,16317,1010.9166666666666,1949.8333333333333,2032.9166666666667,C:\w\px094_soc_workload_20261001\harrison_60_pair_plus_current_OR_a2_m5.npz,5ecf582696cc33dea821bc73b709a0469ea3bb766c89760db9cea91508221258,1,1,0,0,1,1,0,0,1,1,0,0
harrison_60_pair_plus_current_OR,harrison,60,pair,plus_current_OR,113799,13973,99826,16797,293,16504,105,0,167,1644364800.0,C:\w\px094_soc_workload_20261001\harrison_60_pair_plus_current_OR_cases.npz,4cf9354d9459c656ceae3b4b8438e69663fd48884dffad524ebacf9eb5785e34,2,15,4199.25,310,16487,3052.0,5884.75,6182.0,C:\w\px094_soc_workload_20261001\harrison_60_pair_plus_current_OR_a2_m15.npz,7a01b52385db918d79008c15bf5ae0919a22224338f609cb448e562c2c122dbe,1,1,0,0,1,1,0,0,1,1,0,0
harrison_60_pair_plus_current_OR,harrison,60,pair,plus_current_OR,113799,13973,99826,16797,293,16504,105,0,167,1644364800.0,C:\w\px094_soc_workload_20261001\harrison_60_pair_plus_current_OR_cases.npz,4cf9354d9459c656ceae3b4b8438e69663fd48884dffad524ebacf9eb5785e34,2,30,8398.5,160,16637,6196.5,11862.0,12472.5,C:\w\px094_soc_workload_20261001\harrison_60_pair_plus_current_OR_a2_m30.npz,3e957102fe274bcfad83f887275547623abfe7ce3584f1f9797f825568c1cb5c,1,1,0,0,1,1,0,0,1,1,0,0
harrison_60_pair_plus_current_OR,harrison,60,pair,plus_current_OR,113799,13973,99826,16797,293,16504,105,0,167,1644364800.0,C:\w\px094_soc_workload_20261001\harrison_60_pair_plus_current_OR_cases.npz,4cf9354d9459c656ceae3b4b8438e69663fd48884dffad524ebacf9eb5785e34,4,5,1399.75,672,16125,505.9166666666667,967.4166666666666,1001.0,C:\w\px094_soc_workload_20261001\harrison_60_pair_plus_current_OR_a4_m5.npz,18ba549b552049d90ab8d182d52ab2076b8cb4fd48355636b8d688366fafb838,1,1,0,0,1,1,0,0,1,1,0,0
harrison_60_pair_plus_current_OR,harrison,60,pair,plus_current_OR,113799,13973,99826,16797,293,16504,105,0,167,1644364800.0,C:\w\px094_soc_workload_20261001\harrison_60_pair_plus_current_OR_cases.npz,4cf9354d9459c656ceae3b4b8438e69663fd48884dffad524ebacf9eb5785e34,4,15,4199.25,416,16381,1515.75,2932.25,3065.0,C:\w\px094_soc_workload_20261001\harrison_60_pair_plus_current_OR_a4_m15.npz,fbfa5fa1c61d43f01485a153fc35489335b94bf155874dd371725c1388c661c4,1,1,0,0,1,1,0,0,1,1,0,0
harrison_60_pair_plus_current_OR,harrison,60,pair,plus_current_OR,113799,13973,99826,16797,293,16504,105,0,167,1644364800.0,C:\w\px094_soc_workload_20261001\harrison_60_pair_plus_current_OR_cases.npz,4cf9354d9459c656ceae3b4b8438e69663fd48884dffad524ebacf9eb5785e34,4,30,8398.5,310,16487,3052.0,5884.5,6182.0,C:\w\px094_soc_workload_20261001\harrison_60_pair_plus_current_OR_a4_m30.npz,08079d50239c2b8a2c306cf4f7ef6083da856e88484ea15f379a9b82f0e97d27,1,1,0,0,1,1,0,0,1,1,0,0
harrison_60_pair_full_OR,harrison,60,pair,full_OR,115395,15420,99975,16898,393,16505,105,0,268,1644364800.0,C:\w\px094_soc_workload_20261001\harrison_60_pair_full_OR_cases.npz,31ce71f13684999378c03b75ada4908c6db67bafa9ce97fbb50b247421342043,1,5,1408.1666666666667,398,16500,2023.875,3937.5125,4120.0,C:\w\px094_soc_workload_20261001\harrison_60_pair_full_OR_a1_m5.npz,6098c2786ff1734dfff445006aa1c576da8b46793119ff43551da621c88aaf99,1,1,0,0,1,1,0,0,1,1,0,0
harrison_60_pair_full_OR,harrison,60,pair,full_OR,115395,15420,99975,16898,393,16505,105,0,268,1644364800.0,C:\w\px094_soc_workload_20261001\harrison_60_pair_full_OR_cases.npz,31ce71f13684999378c03b75ada4908c6db67bafa9ce97fbb50b247421342043,1,15,4224.5,160,16738,6241.125,11934.0375,12561.5,C:\w\px094_soc_workload_20261001\harrison_60_pair_full_OR_a1_m15.npz,3df13d94057ee4eeaea60edf96422dd094782258f837412313781fc101df4137,1,1,0,0,1,1,0,0,1,1,0,0
harrison_60_pair_full_OR,harrison,60,pair,full_OR,115395,15420,99975,16898,393,16505,105,0,268,1644364800.0,C:\w\px094_soc_workload_20261001\harrison_60_pair_full_OR_cases.npz,31ce71f13684999378c03b75ada4908c6db67bafa9ce97fbb50b247421342043,1,30,8449.0,80,16818,12577.25,23979.075,25234.0,C:\w\px094_soc_workload_20261001\harrison_60_pair_full_OR_a1_m30.npz,dd627f6c2ef08f3f31a6c615516ea5639fb2ac4db706f58132d5e7e207f38949,1,1,0,0,1,1,0,0,1,1,0,0
harrison_60_pair_full_OR,harrison,60,pair,full_OR,115395,15420,99975,16898,393,16505,105,0,268,1644364800.0,C:\w\px094_soc_workload_20261001\harrison_60_pair_full_OR_cases.npz,31ce71f13684999378c03b75ada4908c6db67bafa9ce97fbb50b247421342043,2,5,1408.1666666666667,494,16404,1012.4166666666666,1969.25,2052.5,C:\w\px094_soc_workload_20261001\harrison_60_pair_full_OR_a2_m5.npz,e030e3c4fa9a2634bd266258ade00ce3c77f557d5db39c7c6bbfb6df00bab731,1,1,0,0,1,1,0,0,1,1,0,0
harrison_60_pair_full_OR,harrison,60,pair,full_OR,115395,15420,99975,16898,393,16505,105,0,268,1644364800.0,C:\w\px094_soc_workload_20261001\harrison_60_pair_full_OR_cases.npz,31ce71f13684999378c03b75ada4908c6db67bafa9ce97fbb50b247421342043,2,15,4224.5,310,16588,3074.25,5912.75,6226.5,C:\w\px094_soc_workload_20261001\harrison_60_pair_full_OR_a2_m15.npz,774254574d1f741694bf2a71d6c797baa402b0c59c3687521b704f8c3035256d,1,1,0,0,1,1,0,0,1,1,0,0
harrison_60_pair_full_OR,harrison,60,pair,full_OR,115395,15420,99975,16898,393,16505,105,0,268,1644364800.0,C:\w\px094_soc_workload_20261001\harrison_60_pair_full_OR_cases.npz,31ce71f13684999378c03b75ada4908c6db67bafa9ce97fbb50b247421342043,2,30,8449.0,160,16738,6241.0,11934.0,12561.5,C:\w\px094_soc_workload_20261001\harrison_60_pair_full_OR_a2_m30.npz,cdca1b9f8704f513f753b2dd9075f5ce22a2f14827b3b0b7c20ddbd45e4ec8e8,1,1,0,0,1,1,0,0,1,1,0,0
harrison_60_pair_full_OR,harrison,60,pair,full_OR,115395,15420,99975,16898,393,16505,105,0,268,1644364800.0,C:\w\px094_soc_workload_20261001\harrison_60_pair_full_OR_cases.npz,31ce71f13684999378c03b75ada4908c6db67bafa9ce97fbb50b247421342043,4,5,1408.1666666666667,686,16212,506.6666666666667,985.0833333333334,1018.75,C:\w\px094_soc_workload_20261001\harrison_60_pair_full_OR_a4_m5.npz,ae1a9862c925b3318a55758136503307fc97527d6adc8ffe344ff43356014939,1,1,0,0,1,1,0,0,1,1,0,0
harrison_60_pair_full_OR,harrison,60,pair,full_OR,115395,15420,99975,16898,393,16505,105,0,268,1644364800.0,C:\w\px094_soc_workload_20261001\harrison_60_pair_full_OR_cases.npz,31ce71f13684999378c03b75ada4908c6db67bafa9ce97fbb50b247421342043,4,15,4224.5,430,16468,1518.0,2953.25,3086.25,C:\w\px094_soc_workload_20261001\harrison_60_pair_full_OR_a4_m15.npz,8d140d840042baa92a2c85f1086c08de8adc0a18dddd14184e54f23526f4ffe0,1,1,0,0,1,1,0,0,1,1,0,0
harrison_60_pair_full_OR,harrison,60,pair,full_OR,115395,15420,99975,16898,393,16505,105,0,268,1644364800.0,C:\w\px094_soc_workload_20261001\harrison_60_pair_full_OR_cases.npz,31ce71f13684999378c03b75ada4908c6db67bafa9ce97fbb50b247421342043,4,30,8449.0,310,16588,3074.0,5912.5,6226.5,C:\w\px094_soc_workload_20261001\harrison_60_pair_full_OR_a4_m30.npz,ba3f7b1ad3b16d846de8ef4e09a55e64a3d004f3d634e263520c76cb4a39df5a,1,1,0,0,1,1,0,0,1,1,0,0
harrison_60_source_base_mean,harrison,60,source,base_mean,100668,857,99811,180,72,108,105,0,-8,1644364800.0,C:\w\px094_soc_workload_20261001\harrison_60_source_base_mean_cases.npz,e2742fc2249efde9cd6be5d5817ca9cb0bb77ab3b1565ec0c30ac8f54317c0cb,1,5,15.0,180,0,4.666666666666667,15.25,0.0,C:\w\px094_soc_workload_20261001\harrison_60_source_base_mean_a1_m5.npz,f80445dafc6f9edf42a040166010c464b75261278ad0ee30f730bf282e0476d5,1,1,0,0,1,1,0,0,1,1,0,0
harrison_60_source_base_mean,harrison,60,source,base_mean,100668,857,99811,180,72,108,105,0,-8,1644364800.0,C:\w\px094_soc_workload_20261001\harrison_60_source_base_mean_cases.npz,e2742fc2249efde9cd6be5d5817ca9cb0bb77ab3b1565ec0c30ac8f54317c0cb,1,15,45.0,157,23,17.125,30.262499999999996,14.75,C:\w\px094_soc_workload_20261001\harrison_60_source_base_mean_a1_m15.npz,8b14b608b25e268c159c7914e37e20427c63d257b3f290eea780dfa5ce048ce0,1,1,0,0,1,1,0,0,1,1,0,0
harrison_60_source_base_mean,harrison,60,source,base_mean,100668,857,99811,180,72,108,105,0,-8,1644364800.0,C:\w\px094_soc_workload_20261001\harrison_60_source_base_mean_cases.npz,e2742fc2249efde9cd6be5d5817ca9cb0bb77ab3b1565ec0c30ac8f54317c0cb,1,30,90.0,80,100,80.0,152.0,155.0,C:\w\px094_soc_workload_20261001\harrison_60_source_base_mean_a1_m30.npz,bad31fb0540d0e0c0a6972aef2794ec4c53d61d1bc4b53d45fbf5a46779c1883,1,1,0,0,1,1,0,0,1,1,0,0
harrison_60_source_base_mean,harrison,60,source,base_mean,100668,857,99811,180,72,108,105,0,-8,1644364800.0,C:\w\px094_soc_workload_20261001\harrison_60_source_base_mean_cases.npz,e2742fc2249efde9cd6be5d5817ca9cb0bb77ab3b1565ec0c30ac8f54317c0cb,2,5,15.0,180,0,3.8333333333333335,15.083333333333334,0.0,C:\w\px094_soc_workload_20261001\harrison_60_source_base_mean_a2_m5.npz,3e258a33887ec3a05e3b26cea1da0b2e2616ed0da5a3e57ffd94999a4941ac23,1,1,0,0,1,1,0,0,1,1,0,0
harrison_60_source_base_mean,harrison,60,source,base_mean,100668,857,99811,180,72,108,105,0,-8,1644364800.0,C:\w\px094_soc_workload_20261001\harrison_60_source_base_mean_cases.npz,e2742fc2249efde9cd6be5d5817ca9cb0bb77ab3b1565ec0c30ac8f54317c0cb,2,15,45.0,180,0,5.375,15.25,0.0,C:\w\px094_soc_workload_20261001\harrison_60_source_base_mean_a2_m15.npz,785f14f2f84dc00d37ed303daefbd6fb54a9321274eb9f7fab97d2a605d4f965,1,1,0,0,1,1,0,0,1,1,0,0
harrison_60_source_base_mean,harrison,60,source,base_mean,100668,857,99811,180,72,108,105,0,-8,1644364800.0,C:\w\px094_soc_workload_20261001\harrison_60_source_base_mean_cases.npz,e2742fc2249efde9cd6be5d5817ca9cb0bb77ab3b1565ec0c30ac8f54317c0cb,2,30,90.0,157,23,17.0,30.02499999999999,15.0,C:\w\px094_soc_workload_20261001\harrison_60_source_base_mean_a2_m30.npz,e162796e025cb51dbb51f190c077322969c07e33b93042554f58383b551c2b66,1,1,0,0,1,1,0,0,1,1,0,0
harrison_60_source_base_mean,harrison,60,source,base_mean,100668,857,99811,180,72,108,105,0,-8,1644364800.0,C:\w\px094_soc_workload_20261001\harrison_60_source_base_mean_cases.npz,e2742fc2249efde9cd6be5d5817ca9cb0bb77ab3b1565ec0c30ac8f54317c0cb,4,5,15.0,180,0,3.4166666666666665,15.0,0.0,C:\w\px094_soc_workload_20261001\harrison_60_source_base_mean_a4_m5.npz,dc224b4e28e5aec77879d16a39ee319c80e968e5d18a6b57df12bebd3abf94e3,1,1,0,0,1,1,0,0,1,1,0,0
harrison_60_source_base_mean,harrison,60,source,base_mean,100668,857,99811,180,72,108,105,0,-8,1644364800.0,C:\w\px094_soc_workload_20261001\harrison_60_source_base_mean_cases.npz,e2742fc2249efde9cd6be5d5817ca9cb0bb77ab3b1565ec0c30ac8f54317c0cb,4,15,45.0,180,0,4.25,15.0,0.0,C:\w\px094_soc_workload_20261001\harrison_60_source_base_mean_a4_m15.npz,839608fd74a71879159950432562d68dbf547a8ef444df208bb3accedde4ee4b,1,1,0,0,1,1,0,0,1,1,0,0
harrison_60_source_base_mean,harrison,60,source,base_mean,100668,857,99811,180,72,108,105,0,-8,1644364800.0,C:\w\px094_soc_workload_20261001\harrison_60_source_base_mean_cases.npz,e2742fc2249efde9cd6be5d5817ca9cb0bb77ab3b1565ec0c30ac8f54317c0cb,4,30,90.0,180,0,5.25,15.0,0.0,C:\w\px094_soc_workload_20261001\harrison_60_source_base_mean_a4_m30.npz,88d2b7e568b823d342c82cc8f4012d966993fa01c12b329ccd48f9b70d347bc6,1,1,0,0,1,1,0,0,1,1,0,0
harrison_60_source_base_OR,harrison,60,source,base_OR,101222,1404,99818,188,80,108,105,0,0,1644364800.0,C:\w\px094_soc_workload_20261001\harrison_60_source_base_OR_cases.npz,c14bd418f86319d727b4cec861d8a3dea43524d7f6971febc530e11012de5e7b,1,5,15.666666666666666,188,0,4.791666666666667,15.25,0.0,C:\w\px094_soc_workload_20261001\harrison_60_source_base_OR_a1_m5.npz,39b5307bd04b69b62ab890e56c90145e9a26ce143cba7e70a2ad22affe1c4d0d,1,1,0,0,1,1,0,0,1,1,0,0
harrison_60_source_base_OR,harrison,60,source,base_OR,101222,1404,99818,188,80,108,105,0,0,1644364800.0,C:\w\px094_soc_workload_20261001\harrison_60_source_base_OR_cases.npz,c14bd418f86319d727b4cec861d8a3dea43524d7f6971febc530e11012de5e7b,1,15,47.0,157,31,20.875,34.987500000000004,16.75,C:\w\px094_soc_workload_20261001\harrison_60_source_base_OR_a1_m15.npz,475d1e6d7b017f69c62bda256d503ec6931df613bd17fc4d61241a965c10f732,1,1,0,0,1,1,0,0,1,1,0,0
harrison_60_source_base_OR,harrison,60,source,base_OR,101222,1404,99818,188,80,108,105,0,0,1644364800.0,C:\w\px094_soc_workload_20261001\harrison_60_source_base_OR_cases.npz,c14bd418f86319d727b4cec861d8a3dea43524d7f6971febc530e11012de5e7b,1,30,94.0,80,108,85.25,171.325,159.0,C:\w\px094_soc_workload_20261001\harrison_60_source_base_OR_a1_m30.npz,760cdfad51c5fd50bb182ee92be6949b0ae90d272377c03f9dbab60a29455dfd,1,1,0,0,1,1,0,0,1,1,0,0
harrison_60_source_base_OR,harrison,60,source,base_OR,101222,1404,99818,188,80,108,105,0,0,1644364800.0,C:\w\px094_soc_workload_20261001\harrison_60_source_base_OR_cases.npz,c14bd418f86319d727b4cec861d8a3dea43524d7f6971febc530e11012de5e7b,2,5,15.666666666666666,188,0,3.9166666666666665,15.083333333333334,0.0,C:\w\px094_soc_workload_20261001\harrison_60_source_base_OR_a2_m5.npz,a52548bde2c0f73064d68350179b46e9e1e850af5a25fb9de39b32ab705cb70b,1,1,0,0,1,1,0,0,1,1,0,0
harrison_60_source_base_OR,harrison,60,source,base_OR,101222,1404,99818,188,80,108,105,0,0,1644364800.0,C:\w\px094_soc_workload_20261001\harrison_60_source_base_OR_cases.npz,c14bd418f86319d727b4cec861d8a3dea43524d7f6971febc530e11012de5e7b,2,15,47.0,188,0,5.5,15.25,0.0,C:\w\px094_soc_workload_20261001\harrison_60_source_base_OR_a2_m15.npz,8865334b278e6279ba010a050e8a63119a8cc269e8aa903897370f8bf6902d03,1,1,0,0,1,1,0,0,1,1,0,0
harrison_60_source_base_OR,harrison,60,source,base_OR,101222,1404,99818,188,80,108,105,0,0,1644364800.0,C:\w\px094_soc_workload_20261001\harrison_60_source_base_OR_cases.npz,c14bd418f86319d727b4cec861d8a3dea43524d7f6971febc530e11012de5e7b,2,30,94.0,157,31,20.75,34.825,17.0,C:\w\px094_soc_workload_20261001\harrison_60_source_base_OR_a2_m30.npz,7e9fa663312618d66487f864f8365ed35eacc5918ca26638fc52fe4cc190d61c,1,1,0,0,1,1,0,0,1,1,0,0
harrison_60_source_base_OR,harrison,60,source,base_OR,101222,1404,99818,188,80,108,105,0,0,1644364800.0,C:\w\px094_soc_workload_20261001\harrison_60_source_base_OR_cases.npz,c14bd418f86319d727b4cec861d8a3dea43524d7f6971febc530e11012de5e7b,4,5,15.666666666666666,188,0,3.4166666666666665,15.0,0.0,C:\w\px094_soc_workload_20261001\harrison_60_source_base_OR_a4_m5.npz,3999f93ac49a177726485fb7e59955dafe375c6de5edc6b0974052c65a75057f,1,1,0,0,1,1,0,0,1,1,0,0
harrison_60_source_base_OR,harrison,60,source,base_OR,101222,1404,99818,188,80,108,105,0,0,1644364800.0,C:\w\px094_soc_workload_20261001\harrison_60_source_base_OR_cases.npz,c14bd418f86319d727b4cec861d8a3dea43524d7f6971febc530e11012de5e7b,4,15,47.0,188,0,4.25,15.0,0.0,C:\w\px094_soc_workload_20261001\harrison_60_source_base_OR_a4_m15.npz,58d93a66000d703eddb496db6849ac4195b826ce8bbd217ecb440243b3bdfc7d,1,1,0,0,1,1,0,0,1,1,0,0
harrison_60_source_base_OR,harrison,60,source,base_OR,101222,1404,99818,188,80,108,105,0,0,1644364800.0,C:\w\px094_soc_workload_20261001\harrison_60_source_base_OR_cases.npz,c14bd418f86319d727b4cec861d8a3dea43524d7f6971febc530e11012de5e7b,4,30,94.0,188,0,5.5,15.0,0.0,C:\w\px094_soc_workload_20261001\harrison_60_source_base_OR_a4_m30.npz,00c05bd717f4c74ee97d7f4813fab65ca6d5788b056107857ab47f7b9d75ee0d,1,1,0,0,1,1,0,0,1,1,0,0
harrison_60_source_plus_current_OR,harrison,60,source,plus_current_OR,113799,13973,99826,332,222,110,105,0,144,1644364800.0,C:\w\px094_soc_workload_20261001\harrison_60_source_plus_current_OR_cases.npz,1a2fc61390daca4ad6e50475d2f52814a324d70206765c45fecb2870b87afa4b,1,5,27.666666666666668,331,1,6.5,15.416666666666666,9.083333333333334,C:\w\px094_soc_workload_20261001\harrison_60_source_plus_current_OR_a1_m5.npz,6f4682e0102999d8aa861de629aa3e644a86dc00c0e2bf5d1053525423b52c82,1,1,0,0,1,1,0,0,1,1,0,0
harrison_60_source_plus_current_OR,harrison,60,source,plus_current_OR,113799,13973,99826,332,222,110,105,0,144,1644364800.0,C:\w\px094_soc_workload_20261001\harrison_60_source_plus_current_OR_cases.npz,1a2fc61390daca4ad6e50475d2f52814a324d70206765c45fecb2870b87afa4b,1,15,83.0,160,172,73.625,129.5,132.0,C:\w\px094_soc_workload_20261001\harrison_60_source_plus_current_OR_a1_m15.npz,f37032685a6d383c20b464e14129c6c6b5b7606ad8dc99ca069e6b8c5060edb4,1,1,0,0,1,1,0,0,1,1,0,0
harrison_60_source_plus_current_OR,harrison,60,source,plus_current_OR,113799,13973,99826,332,222,110,105,0,144,1644364800.0,C:\w\px094_soc_workload_20261001\harrison_60_source_plus_current_OR_cases.npz,1a2fc61390daca4ad6e50475d2f52814a324d70206765c45fecb2870b87afa4b,1,30,166.0,80,252,196.5,366.5,375.0,C:\w\px094_soc_workload_20261001\harrison_60_source_plus_current_OR_a1_m30.npz,d94f32a3d1cd1b511ac30cf4eac7e051eaf02b4f81cb90546c001364b6678563,1,1,0,0,1,1,0,0,1,1,0,0
harrison_60_source_plus_current_OR,harrison,60,source,plus_current_OR,113799,13973,99826,332,222,110,105,0,144,1644364800.0,C:\w\px094_soc_workload_20261001\harrison_60_source_plus_current_OR_cases.npz,1a2fc61390daca4ad6e50475d2f52814a324d70206765c45fecb2870b87afa4b,2,5,27.666666666666668,331,1,5.416666666666667,15.166666666666666,9.083333333333334,C:\w\px094_soc_workload_20261001\harrison_60_source_plus_current_OR_a2_m5.npz,9cfbfd93bb99a650c111574ed109e711775657557c6761d54ac9911d53702cf9,1,1,0,0,1,1,0,0,1,1,0,0
harrison_60_source_plus_current_OR,harrison,60,source,plus_current_OR,113799,13973,99826,332,222,110,105,0,144,1644364800.0,C:\w\px094_soc_workload_20261001\harrison_60_source_plus_current_OR_cases.npz,1a2fc61390daca4ad6e50475d2f52814a324d70206765c45fecb2870b87afa4b,2,15,83.0,305,27,13.75,26.0,12.5,C:\w\px094_soc_workload_20261001\harrison_60_source_plus_current_OR_a2_m15.npz,40b30aadcbcf20c1ab383607d909982416657b8167e8b40f9b450777781cd108,1,1,0,0,1,1,0,0,1,1,0,0
harrison_60_source_plus_current_OR,harrison,60,source,plus_current_OR,113799,13973,99826,332,222,110,105,0,144,1644364800.0,C:\w\px094_soc_workload_20261001\harrison_60_source_plus_current_OR_cases.npz,1a2fc61390daca4ad6e50475d2f52814a324d70206765c45fecb2870b87afa4b,2,30,166.0,160,172,73.5,129.5,132.0,C:\w\px094_soc_workload_20261001\harrison_60_source_plus_current_OR_a2_m30.npz,f92b32a6ba904d06987ac49c35ae297266ecfe9f006ff8950bee24e7c7c98abf,1,1,0,0,1,1,0,0,1,1,0,0
harrison_60_source_plus_current_OR,harrison,60,source,plus_current_OR,113799,13973,99826,332,222,110,105,0,144,1644364800.0,C:\w\px094_soc_workload_20261001\harrison_60_source_plus_current_OR_cases.npz,1a2fc61390daca4ad6e50475d2f52814a324d70206765c45fecb2870b87afa4b,4,5,27.666666666666668,331,1,4.75,15.083333333333334,9.083333333333334,C:\w\px094_soc_workload_20261001\harrison_60_source_plus_current_OR_a4_m5.npz,ba81690d08d77810de299d4551c5f42a06f214a10c3a89a6e3ea3d1759f1f096,1,1,0,0,1,1,0,0,1,1,0,0
harrison_60_source_plus_current_OR,harrison,60,source,plus_current_OR,113799,13973,99826,332,222,110,105,0,144,1644364800.0,C:\w\px094_soc_workload_20261001\harrison_60_source_plus_current_OR_cases.npz,1a2fc61390daca4ad6e50475d2f52814a324d70206765c45fecb2870b87afa4b,4,15,83.0,331,1,5.75,15.25,9.25,C:\w\px094_soc_workload_20261001\harrison_60_source_plus_current_OR_a4_m15.npz,bf93492efb396be93b3f94f2cb6a6fa6a78978e50a229ba7b6aa960f89373907,1,1,0,0,1,1,0,0,1,1,0,0
harrison_60_source_plus_current_OR,harrison,60,source,plus_current_OR,113799,13973,99826,332,222,110,105,0,144,1644364800.0,C:\w\px094_soc_workload_20261001\harrison_60_source_plus_current_OR_cases.npz,1a2fc61390daca4ad6e50475d2f52814a324d70206765c45fecb2870b87afa4b,4,30,166.0,305,27,13.5,26.0,12.5,C:\w\px094_soc_workload_20261001\harrison_60_source_plus_current_OR_a4_m30.npz,bc59f0d34316bf7edeaf33c3fbd6c44b45c000c2ea80463a412c91ef2e308975,1,1,0,0,1,1,0,0,1,1,0,0
harrison_60_source_full_OR,harrison,60,source,full_OR,115395,15420,99975,333,223,110,105,0,145,1644364800.0,C:\w\px094_soc_workload_20261001\harrison_60_source_full_OR_cases.npz,02c964f646c03704de9873638f506bef5d6f9854d0057107c4ccd5c41b0c533c,1,5,27.75,332,1,6.5,15.416666666666666,9.083333333333334,C:\w\px094_soc_workload_20261001\harrison_60_source_full_OR_a1_m5.npz,d7acc45e188d4498de163f644f7cc2172c3dbefa2e873c32d6de7e5b68ba26da,1,1,0,0,1,1,0,0,1,1,0,0
harrison_60_source_full_OR,harrison,60,source,full_OR,115395,15420,99975,333,223,110,105,0,145,1644364800.0,C:\w\px094_soc_workload_20261001\harrison_60_source_full_OR_cases.npz,02c964f646c03704de9873638f506bef5d6f9854d0057107c4ccd5c41b0c533c,1,15,83.25,160,173,73.75,130.0,132.25,C:\w\px094_soc_workload_20261001\harrison_60_source_full_OR_a1_m15.npz,2cd0d61e3f644a84cc5b6508d0aab53dfee00a066e2964a5313772d226acc561,1,1,0,0,1,1,0,0,1,1,0,0
harrison_60_source_full_OR,harrison,60,source,full_OR,115395,15420,99975,333,223,110,105,0,145,1644364800.0,C:\w\px094_soc_workload_20261001\harrison_60_source_full_OR_cases.npz,02c964f646c03704de9873638f506bef5d6f9854d0057107c4ccd5c41b0c533c,1,30,166.5,80,253,196.5,367.0,375.5,C:\w\px094_soc_workload_20261001\harrison_60_source_full_OR_a1_m30.npz,4475053e213c8917818301184ce020034f81bb9815fc60438af4e65ae87268b0,1,1,0,0,1,1,0,0,1,1,0,0
harrison_60_source_full_OR,harrison,60,source,full_OR,115395,15420,99975,333,223,110,105,0,145,1644364800.0,C:\w\px094_soc_workload_20261001\harrison_60_source_full_OR_cases.npz,02c964f646c03704de9873638f506bef5d6f9854d0057107c4ccd5c41b0c533c,2,5,27.75,332,1,5.5,15.166666666666666,9.083333333333334,C:\w\px094_soc_workload_20261001\harrison_60_source_full_OR_a2_m5.npz,f75e85f80a4bb92a905dca6603d0bb5558b7190454cec198a94805a2cdff5d4a,1,1,0,0,1,1,0,0,1,1,0,0
harrison_60_source_full_OR,harrison,60,source,full_OR,115395,15420,99975,333,223,110,105,0,145,1644364800.0,C:\w\px094_soc_workload_20261001\harrison_60_source_full_OR_cases.npz,02c964f646c03704de9873638f506bef5d6f9854d0057107c4ccd5c41b0c533c,2,15,83.25,305,28,14.0,26.25,12.5,C:\w\px094_soc_workload_20261001\harrison_60_source_full_OR_a2_m15.npz,b53fc782d54ca63d3a9142565d033c8def5f9df577086c57a6cdf0a66adb89b0,1,1,0,0,1,1,0,0,1,1,0,0
harrison_60_source_full_OR,harrison,60,source,full_OR,115395,15420,99975,333,223,110,105,0,145,1644364800.0,C:\w\px094_soc_workload_20261001\harrison_60_source_full_OR_cases.npz,02c964f646c03704de9873638f506bef5d6f9854d0057107c4ccd5c41b0c533c,2,30,166.5,160,173,73.5,130.0,132.5,C:\w\px094_soc_workload_20261001\harrison_60_source_full_OR_a2_m30.npz,52721f27f07a8fe3c4a01740694e64aa54e20ac7326be1a54db9a53667c5f686,1,1,0,0,1,1,0,0,1,1,0,0
harrison_60_source_full_OR,harrison,60,source,full_OR,115395,15420,99975,333,223,110,105,0,145,1644364800.0,C:\w\px094_soc_workload_20261001\harrison_60_source_full_OR_cases.npz,02c964f646c03704de9873638f506bef5d6f9854d0057107c4ccd5c41b0c533c,4,5,27.75,332,1,4.75,15.083333333333334,9.083333333333334,C:\w\px094_soc_workload_20261001\harrison_60_source_full_OR_a4_m5.npz,d3a13dc8a94b4be393ac8afa77057839c913301da0304c5ed1bd7460dd906117,1,1,0,0,1,1,0,0,1,1,0,0
harrison_60_source_full_OR,harrison,60,source,full_OR,115395,15420,99975,333,223,110,105,0,145,1644364800.0,C:\w\px094_soc_workload_20261001\harrison_60_source_full_OR_cases.npz,02c964f646c03704de9873638f506bef5d6f9854d0057107c4ccd5c41b0c533c,4,15,83.25,332,1,6.25,15.25,9.25,C:\w\px094_soc_workload_20261001\harrison_60_source_full_OR_a4_m15.npz,ab3b8c31e5cc7878faed7fb2bd2d32413317a6c51a39c493cccaf5fed7d73c56,1,1,0,0,1,1,0,0,1,1,0,0
harrison_60_source_full_OR,harrison,60,source,full_OR,115395,15420,99975,333,223,110,105,0,145,1644364800.0,C:\w\px094_soc_workload_20261001\harrison_60_source_full_OR_cases.npz,02c964f646c03704de9873638f506bef5d6f9854d0057107c4ccd5c41b0c533c,4,30,166.5,305,28,14.0,26.0,12.5,C:\w\px094_soc_workload_20261001\harrison_60_source_full_OR_a4_m30.npz,a82a7811b29a435d641e3aa87f589fac0ed28db549bef208b4a7ce94ccbf0ba0,1,1,0,0,1,1,0,0,1,1,0,0
